SummitCode,SummitName,Lat,Lon,AltM,DEM_AltM,abs_diff,dem_source
JA/AC-001,Chausuyama,35.2276,137.6555,1415.0,1414.65,0.34999999999990905,5a
JA/AC-002,Tengudana,35.1902,137.5808,1240.0,1231.91,8.089999999999918,5a
JA/AC-003,Takanosuyama,35.1526,137.495,1152.0,1153.36,1.3599999999999,5a
JA/AC-004,JA/AC-004,35.1361,137.4436,1130.0,1128.01,1.990000000000009,5a
JA/AC-005,JA/AC-005,35.1531,137.76691,1109.0,1108.68,0.31999999999993634,5a
JA/AC-006,Myoujinyama,35.0497,137.6626,1016.0,1010.39,5.610000000000014,5a
JA/AC-007,Oosuzuyama,35.1052,137.60629,1012.0,1008.91,3.090000000000032,5a
JA/AC-008,Koiwadake,35.1235,137.7372,985.0,983.76,1.240000000000009,5a
JA/AC-009,Shiratoriyama,35.1602,137.6514,968.0,964.55,3.4500000000000455,5a
JA/AC-010,Ootouge,35.1391,137.6554,954.0,953.31,0.6900000000000546,5a
JA/AC-011,Ureyama,35.0228,137.5979,929.0,925.78,3.2200000000000273,5a
JA/AC-012,Hanareyama,35.1127,137.77699,917.0,916.18,0.82000000000005,5a
JA/AC-013,Near Kurakakeyama,35.0579,137.5799,888.0,888.95,0.9500000000000455,5a
JA/AC-014,Mizunashiyama,35.1409,137.6266,866.0,864.18,1.82000000000005,5a
JA/AC-015,JA/AC-015,35.2246,137.4794,865.0,861.05,3.9500000000000455,5a
JA/AC-016,Gotenyama,35.0867,137.6611,789.0,789.22,0.22000000000002728,5a
JA/AC-017,Honguusan,34.9098,137.4205,789.0,788.07,0.92999999999995,5a
JA/AC-018,Uzu,35.085,137.63161,757.0,757.4,0.39999999999997726,5a
JA/AC-019,Nokiyama,35.0946,137.7151,717.0,715.89,1.1100000000000136,5a
JA/AC-020,Nishiyama(soneyama),35.2809,137.26041,712.0,711.75,0.25,5a
JA/AC-021,Mikuniyama,35.2549,137.1902,701.0,700.61,0.38999999999998636,5a
JA/AC-022,Houraijisan,34.984,137.58279,695.0,679.17,15.830000000000041,5a
JA/AC-023,Sunagaganpou,34.9407,137.4931,688.0,684.54,3.4600000000000364,5a
JA/AC-024,Hourokusan,35.0603,137.3029,684.0,683.1,0.8999999999999773,5a
JA/AC-025,JA/AC-025,35.2018,137.17239,632.0,631.19,0.8099999999999454,5a
JA/AC-026,Rokusyosan,35.0549,137.28419,611.0,603.72,7.279999999999973,5a
JA/AC-027,Koudosan,34.9848,137.65041,583.0,582.22,0.7799999999999727,5a
JA/AC-028,JA/AC-028,35.0158,137.53889,524.0,519.35,4.649999999999977,5a
JA/AC-029,Tokosabuyama,34.8984,137.57471,482.0,478.56,3.4399999999999977,5a
JA/AC-031,Goisan,34.8471,137.25909,454.0,453.79,0.20999999999997954,5a
JA/AC-032,Kyougamine,34.9007,137.3226,442.0,441.15,0.8500000000000227,5a
JA/AC-033,JA/AC-033,34.9567,137.5609,410.0,418.96,8.95999999999998,5a
JA/AC-034,Kichijyozan,34.8577,137.4783,383.0,380.22,2.7799999999999727,5a
JA/AC-035,Hiyoshimura1,34.887,137.5246,356.0,355.78,0.22000000000002728,5a
JA/AC-037,Ooyama,34.6021,137.14639,328.0,327.01,0.9900000000000091,5a
JA/AC-038,Ooshima,35.1192,137.2686,326.0,325.26,0.7400000000000091,5a
JA/AC-039,Kinugasayama,34.6756,137.2399,278.0,278.16,0.160000000000025,5a
JA/AC-040,Ooboratouge,35.2173,137.46291,868.0,867.04,0.9600000000000364,5a
JA/AC-041,Ebi,35.0375,137.57671,762.0,758.48,3.519999999999982,5a
JA/AC-042,Near Tomoeyama,34.976,137.4019,732.0,731.95,0.049999999999954525,5a
JA/AC-043,Takatsuka,35.067,137.71471,581.0,578.74,2.259999999999991,5a
JA/AC-044,Takanogozenyama,34.9101,137.3549,480.0,471.09,8.910000000000025,5a
JA/AC-045,Sanganesan,34.8138,137.15089,348.0,348.51,0.5099999999999909,5a
JA/AC-046,Motomiyayama,35.3338,136.97971,293.0,290.85,2.1499999999999773,5a
JA/AC-047,Nishiochausuyama,34.8436,137.123,291.0,289.33,1.670000000000016,5a
JA/AC-048,Zaousan,34.685,137.2621,250.0,249.95,0.05000000000001137,5a
JA/AC-049,Nikouyama(Kiotoshiyama),34.6685,137.20889,223.0,222.81,0.18999999999999773,5a
JA/AC-050,Ootogisu,34.6476,137.1877,215.0,214.63,0.37000000000000455,5a
JA/AC-051,Toboneyama,34.8565,137.20599,443.0,438.6,4.399999999999977,5a
JA/AC-052,Owarifuji,35.3445,136.9839,275.0,273.25,1.75,5a
JA/AC-053,Omurayama,34.6235,137.218,189.0,187.95,1.0500000000000114,5a
JA/AM-001,Iwakisan,40.6559,140.30299,1625.0,1622.87,2.130000000000109,5a
JA/AM-002,Hakkoudasan (Oodake),40.6589,140.8773,1585.0,1583.69,1.3099999999999454,5a
JA/AM-003,Kushigamine (Kamidake),40.6032,140.84261,1517.0,1514.96,2.0399999999999636,10b
JA/AM-004,Mukaishirakamidake,40.5239,140.04539,1250.0,1242.47,7.529999999999973,5a
JA/AM-005,Heraidake (Mitsudake),40.4529,141.0015,1159.0,1158.88,0.11999999999989086,5a
JA/AM-006,Jinbadake,40.4814,140.3273,1050.0,1048.57,1.4300000000000637,5a
JA/AM-007,Kuromori,40.6472,140.9552,1023.0,1021.05,1.9500000000000455,5a
JA/AM-008,Hachimandake,40.7032,140.99879,1020.0,1020.08,0.08000000000004093,10b
JA/AM-009,Masugadake,40.4828,140.09959,1012.0,1010.88,1.1200000000000045,5a
JA/AM-010,Aogadake,40.4517,140.1841,1000.0,998.7,1.2999999999999545,10b
JA/AM-011,Near Kenashiyama,40.5637,140.7579,985.0,984.48,0.5199999999999818,10b
JA/AM-012,Futase,40.596,140.0426,958.0,956.81,1.1900000000000546,5a
JA/AM-013,Tengudake,40.5271,140.0843,958.0,956.31,1.6900000000000546,5a
JA/AM-014,JA/AM-014,40.4779,140.4485,956.0,950.53,5.470000000000027,5a
JA/AM-015,Shimotozawa,40.5712,140.09869,930.0,929.0,1.0,5a
JA/AM-016,Origamiyama,40.7616,140.91969,921.0,919.64,1.3600000000000136,5c
JA/AM-017,Aogayama,40.6549,140.09869,891.0,888.77,2.230000000000018,5a
JA/AM-018,Rangannomori,40.5796,140.1555,885.0,884.43,0.57000000000005,5a
JA/AM-019,Oonaruki,40.6059,140.1476,879.0,877.76,1.240000000000009,5a
JA/AM-020,Kamafuseyama,41.2785,141.12,878.0,877.67,0.3300000000000409,5a
JA/AM-021,Asahinadake,41.3277,141.0249,874.0,872.3,1.7000000000000455,5a
JA/AM-022,Raibachimori,40.3285,140.9949,874.0,871.5,2.5,5a
JA/AM-023,Yosukedoumori,40.3083,140.9572,841.0,839.73,1.2699999999999818,5a
JA/AM-024,Takakuramori,40.5407,140.164,829.0,826.91,2.090000000000032,10b
JA/AM-025,Daijinyama,41.293,141.06841,827.0,826.94,0.05999999999994543,5a
JA/AM-026,Masugatayama,40.6761,140.04829,820.0,819.58,0.4199999999999591,5a
JA/AM-027,Dokonomori,40.3851,141.0246,804.0,801.61,2.3899999999999864,5a
JA/AM-028,Kuromoriyama,40.2727,141.0025,803.0,802.37,0.6299999999999955,5a
JA/AM-029,Serizawa,40.501,140.2484,789.0,783.59,5.409999999999968,10b
JA/AM-030,Hiuchidake,41.4391,141.0529,781.0,781.1,0.10000000000002274,5a
JA/AM-031,Daisakuyama,41.3245,140.86,776.0,775.25,0.75,5a
JA/AM-032,Tashiroyama,40.5991,140.71581,768.0,766.79,1.2100000000000364,10b
JA/AM-033,Sankakudake,40.8062,140.98039,753.0,751.7,1.2999999999999545,5a
JA/AM-034,JA/AM-034,40.4505,139.9902,748.0,758.78,10.779999999999973,5a
JA/AM-035,Sasanagareyama,40.6966,140.0459,732.0,734.61,2.6100000000000136,5a
JA/AM-036,Shikarigadake,40.664,140.16389,731.0,729.43,1.57000000000005,5a
JA/AM-037,Eboshidake,40.8404,141.03951,720.0,716.48,3.519999999999982,5a
JA/AM-038,Ookuromori,40.3621,141.0528,719.0,718.02,0.9800000000000182,5a
JA/AM-039,Maruyagatadake,41.1528,140.58659,718.0,708.45,9.549999999999955,10b
JA/AM-040,Masukawadake,41.1418,140.40199,714.0,713.92,0.08000000000004093,10b
JA/AM-041,Ajarayama,40.4936,140.5932,710.0,713.03,3.0299999999999727,10b
JA/AM-042,Hakamagoshidake,41.168,140.5793,708.0,702.0,6.0,10b
JA/AM-043,Mikurayama,40.4595,140.9099,690.0,689.95,0.049999999999954525,5a
JA/AM-044,Higashidake,40.8369,140.89169,684.0,683.65,0.35000000000002274,5a
JA/AM-045,Ookuradake,40.9701,140.54849,677.0,676.13,0.8700000000000045,5a
JA/AM-046,Yotsudakiyama,41.1217,140.4005,670.0,662.06,7.940000000000055,10b
JA/AM-047,Kudojiyama,40.5273,140.4238,663.0,662.76,0.2400000000000091,5a
JA/AM-048,Andoyama,41.2388,140.81641,646.0,645.04,0.9600000000000364,5a
JA/AM-049,Akiyama,41.2367,140.87891,631.0,629.84,1.1599999999999682,10b
JA/AM-050,Hakamagoshidake,40.9956,140.52161,628.0,627.55,0.4500000000000455,5a
JA/AM-051,Metakiyama,41.4391,140.9752,618.0,612.57,5.42999999999995,10b
JA/AM-052,Nakuidake,40.388,141.3084,615.0,614.0,1.0,5a
JA/AM-053,Toyamori,40.4634,140.5629,612.0,612.04,0.03999999999996362,5a
JA/AM-054,Hamanadake,41.1448,140.4389,603.0,603.99,0.9900000000000091,10b
JA/AM-055,Ganmori,40.5286,140.3947,588.0,584.7,3.2999999999999545,5a
JA/AM-056,Yagataishiyama,41.1737,140.37109,587.0,582.37,4.6299999999999955,10b
JA/AM-057,Yasuteyama,40.5511,140.649,564.0,561.57,2.42999999999995,10b
JA/AM-058,Kamanosawa,41.2122,140.3688,556.0,552.65,3.3500000000000227,10b
JA/AM-059,JA/AM-059,41.0888,141.3446,551.0,548.94,2.0599999999999454,5a
JA/AM-060,Ohoudake,41.2629,140.9574,550.0,538.69,11.309999999999945,5a
JA/AM-061,Umanokamiyama,40.8289,140.5771,549.0,546.15,2.8500000000000227,5a
JA/AM-062,Takadouyama,40.3964,141.1326,539.0,538.75,0.25,5a
JA/AM-063,JA/AM-063,41.3132,140.8222,516.0,504.97,11.029999999999973,5a
JA/AM-064,Obirakiyama,40.5247,140.52499,510.0,510.77,0.7699999999999818,10b
JA/AM-065,Mukounoyama,41.281,140.9604,505.0,501.65,3.3500000000000227,10b
JA/AM-066,Tanazawa,41.0237,141.3403,469.0,467.61,1.3899999999999864,5c
JA/AM-067,Kuwahatayama,41.3876,141.4407,400.0,398.8,1.1999999999999886,5a
JA/AM-068,Takamoriyama,40.8961,140.8914,386.0,384.91,1.089999999999975,5a
JA/AM-069,Kouchiyama,40.8812,140.9201,366.0,365.03,0.9700000000000273,5a
JA/AM-070,JA/AM-070,41.2013,140.78169,338.0,319.44,18.560000000000002,5a
JA/AM-071,Mizugasawayama,40.9527,140.9158,323.0,322.91,0.08999999999997499,5a
JA/AM-072,Katazakiyama,41.3273,141.4059,301.0,299.91,1.089999999999975,5a
JA/AM-073,Takadaoodake,40.6527,140.9084,1552.0,1548.52,3.480000000000018,5a
JA/AM-074,Norikuradake,40.5979,140.88969,1449.0,1449.78,0.7799999999999727,5a
JA/AM-075,Hinadake,40.6606,140.9249,1240.0,1240.5,0.5,5a
JA/AM-076,Shirakamidake,40.5074,140.0182,1235.0,1233.52,1.4800000000000182,5a
JA/AM-077,Towadayama,40.4625,140.97099,1054.0,1051.43,2.5699999999999363,5a
JA/AM-078,Chausuyama,40.6085,140.0312,896.0,891.46,4.539999999999964,5a
JA/AM-079,Nanajyumoriyama,40.729,140.9165,886.0,883.68,2.32000000000005,10b
JA/AM-080,Takamoriyama,40.7317,140.97701,834.0,833.04,0.9600000000000364,5c
JA/AM-081,Kinashidake,41.1516,140.5728,686.0,684.53,1.4700000000000273,10b
JA/AM-082,Maruyama,41.2992,140.82809,511.0,509.79,1.2099999999999795,5a
JA/AM-083,JA/AM-083,41.1127,140.472,447.0,444.28,2.7200000000000273,10b
JA/AM-084,Gankeyama,41.1583,140.78329,304.0,303.14,0.8600000000000136,5a
JA/AM-085,Hikinokoshiyama,40.8941,140.9649,267.0,246.97,20.03,5a
JA/AM-086,Namiuchiyama,40.9317,140.8759,232.0,229.52,2.4799999999999898,5a
JA/AM-087,Ozakiyama,41.1266,140.2531,230.0,229.37,0.6299999999999955,5a
JA/AT-001,Komagatake (Onamedake),39.7611,140.79939,1637.0,1636.02,0.9800000000000182,5a
JA/AT-002,Moriyoshizan,39.9768,140.5442,1454.0,1451.96,2.0399999999999636,10b
JA/AT-003,Toragesan,38.9046,140.6188,1433.0,1432.35,0.650000000000091,5a
JA/AT-004,Asahidake,39.6102,140.7728,1376.0,1368.6,7.400000000000091,5a
JA/AT-005,Yakeyama,39.9638,140.757,1366.0,1365.66,0.33999999999991815,5a
JA/AT-006,Kamurosan,38.9023,140.49229,1365.0,1362.39,2.6099999999999,10b
JA/AT-007,Takamatsudake,38.9677,140.60629,1348.0,1346.15,1.849999999999909,10b
JA/AT-008,Kurasawayama,39.9002,140.7774,1300.0,1299.79,0.21000000000003638,5a
JA/AT-009,Kayoudake,39.8064,140.7308,1254.0,1252.98,1.0199999999999818,5a
JA/AT-010,Sanboukou,40.0204,140.7605,1222.0,1221.76,0.2400000000000091,5a
JA/AT-011,Ikusazawadake,38.8928,140.5452,1193.0,1191.85,1.150000000000091,10b
JA/AT-012,Maemoriyama,38.9221,140.6188,1189.0,1184.87,4.130000000000109,10b
JA/AT-013,Shirakomori,39.8358,140.40131,1179.0,1172.27,6.730000000000018,10b
JA/AT-014,Tashirodake,40.4285,140.40891,1178.0,1175.67,2.3299999999999272,10b
JA/AT-015,Shiroiwadake,39.589,140.6951,1177.0,1175.39,1.6099999999999,10b
JA/AT-016,Taiheizan,39.797,140.3107,1170.0,1170.17,0.17000000000007276,10b
JA/AT-017,Hiranomatsuyama,39.0387,140.77789,1169.0,1168.93,0.06999999999993634,5a
JA/AT-018,Daibutsudake,39.8136,140.51559,1167.0,1164.07,2.9300000000000637,10b
JA/AT-019,Arisuyama,39.1948,140.7787,1162.0,1160.92,1.0799999999999272,10b
JA/AT-020,Komagatake,40.4129,140.2511,1158.0,1152.21,5.789999999999964,10b
JA/AT-021,Gonomiyadake,40.1458,140.8459,1115.0,1111.43,3.5699999999999363,10b
JA/AT-022,Tachimata,40.4415,140.2534,1098.0,1097.59,0.41000000000008185,5a
JA/AT-023,Futatsumori,40.4351,140.1179,1087.0,1082.56,4.440000000000055,5a
JA/AT-024,Ashikurayama,39.0265,140.7036,1083.0,1083.19,0.19000000000005457,5a
JA/AT-025,JA/AT-025,39.8255,140.35519,1067.0,1064.64,2.3599999999999,10b
JA/AT-026,Ooishidake,39.7294,140.5071,1059.0,1057.66,1.3399999999999181,10b
JA/AT-027,Ryuugamori,40.1039,140.59959,1050.0,1044.9,5.099999999999909,10b
JA/AT-028,Kodake,40.4328,140.1978,1043.0,1040.21,2.7899999999999636,10b
JA/AT-029,Maruyama,40.4161,140.1075,1039.0,1036.8,2.2000000000000455,10b
JA/AT-030,Shirojiyama,40.4472,140.78819,1034.0,1033.58,0.42000000000007276,5a
JA/AT-031,Bandorimori,39.7872,140.4675,1033.0,1031.59,1.4100000000000819,10b
JA/AT-032,JA/AT-032,39.6909,140.8157,1026.0,1023.66,2.340000000000032,5a
JA/AT-033,Bunamori,39.9308,140.63409,1016.0,1014.82,1.17999999999995,5a
JA/AT-034,Korogeyama,39.0205,140.7402,1015.0,1015.1,0.10000000000002274,5a
JA/AT-035,Tokamisan,39.0816,140.19189,1008.0,1008.45,0.4500000000000455,5a
JA/AT-036,Kobinaiyama,39.0209,140.5208,1004.0,1001.57,2.42999999999995,10b
JA/AT-037,Masedake,40.4623,140.0835,988.0,986.48,1.5199999999999818,5a
JA/AT-038,Yakeyama,40.3741,140.1562,963.0,961.15,1.8500000000000227,10b
JA/AT-039,Mikasayama,40.4233,140.2823,961.0,958.69,2.3099999999999454,10b
JA/AT-040,JA/AT-040,40.4765,140.3779,961.0,960.85,0.14999999999997726,5a
JA/AT-041,Eboshiyama,39.0038,140.4055,954.0,951.23,2.769999999999982,10b
JA/AT-042,Osabanaidake,40.3716,140.1907,946.0,940.46,5.539999999999964,10b
JA/AT-043,Ubaidoyama,39.0839,140.3419,927.0,923.76,3.240000000000009,10b
JA/AT-044,Daisenyama,39.0456,140.3427,920.0,920.07,0.07000000000005002,10b
JA/AT-045,Aizawayama,39.6832,140.76871,920.0,918.73,1.2699999999999818,5a
JA/AT-046,Hachimori,40.1092,140.81799,905.0,902.25,2.75,5a
JA/AT-047,Magozaemonyama,40.4393,140.47929,891.0,889.59,1.4099999999999682,5a
JA/AT-048,Ogamiyama,39.8657,140.66141,859.0,855.53,3.4700000000000273,5a
JA/AT-049,Oomori,39.8831,140.52071,857.0,851.87,5.1299999999999955,10b
JA/AT-050,Arasawa,39.7686,140.40739,857.0,855.79,1.2100000000000364,10b
JA/AT-051,Monomiyama,40.3811,140.29269,853.0,850.01,2.990000000000009,10b
JA/AT-052,Ogarasawa,40.1304,140.5778,837.0,832.42,4.580000000000041,10b
JA/AT-053,Neretsudake,39.9364,140.3616,835.0,833.68,1.32000000000005,10b
JA/AT-054,Oohikageyama,40.4271,140.5621,820.0,816.56,3.4400000000000546,10b
JA/AT-055,Nanamaizawa,40.4024,140.3335,818.0,814.7,3.2999999999999545,10b
JA/AT-056,Waseyama,40.1013,140.7164,811.0,811.02,0.01999999999998181,10b
JA/AT-057,Takamori,39.8093,140.6347,796.0,795.01,0.9900000000000091,5a
JA/AT-058,Oohinatayama,39.209,140.6657,780.0,778.19,1.8099999999999454,5a
JA/AT-059,Morosukeyama,40.2803,140.89259,780.0,779.44,0.5599999999999454,5a
JA/AT-060,Higashichokaizan,39.0987,140.5172,777.0,771.81,5.190000000000055,10b
JA/AT-061,Kuromoriyama,39.3784,140.632,766.0,765.38,0.6200000000000045,10b
JA/AT-062,Tsubakigawa,39.1404,140.687,766.0,765.38,0.6200000000000045,5a
JA/AT-063,JA/AT-063,40.3246,140.8934,764.0,763.33,0.6699999999999591,10b
JA/AT-064,Kuromori,39.8607,140.64481,762.0,764.46,2.4600000000000364,5a
JA/AT-065,Okumiyayama,39.0371,140.5916,762.0,760.18,1.82000000000005,10b
JA/AT-066,Nishinomori,40.361,140.9738,756.0,755.11,0.8899999999999864,5a
JA/AT-067,Innaidake,39.6935,140.6356,751.0,750.83,0.16999999999995907,10b
JA/AT-068,Okuyama,39.664,140.4886,751.0,750.73,0.2699999999999818,10b
JA/AT-069,Manaitayama,39.8637,140.2094,723.0,722.61,0.38999999999998636,5c
JA/AT-070,Ookurayama,40.342,140.1591,722.0,720.87,1.1299999999999955,10b
JA/AT-071,Ookawamae,39.6804,140.4586,721.0,721.6,0.6000000000000227,10b
JA/AT-072,Honzan,39.9068,139.7538,715.0,713.99,1.009999999999991,5a
JA/AT-073,Yashioyama,39.2366,140.22771,713.0,712.97,0.029999999999972715,5a
JA/AT-074,Shibamori,39.9687,140.4478,710.0,710.39,0.38999999999998636,10b
JA/AT-075,Houzukiyama,39.9455,140.4583,706.0,701.24,4.759999999999991,10b
JA/AT-076,Oomoriyama,39.1019,140.60451,704.0,702.92,1.080000000000041,10b
JA/AT-077,Aikubo,40.1521,140.6964,702.0,700.16,1.8400000000000318,5a
JA/AT-078,Marumoriyama,39.0665,140.55881,699.0,697.12,1.8799999999999955,10b
JA/AT-079,Minamisawayama,39.0258,140.3624,697.0,695.35,1.6499999999999773,5a
JA/AT-080,Tsukinokiyama,40.3636,140.51109,692.0,689.82,2.17999999999995,10b
JA/AT-081,JA/AT-081,40.4176,140.4841,682.0,682.63,0.6299999999999955,5a
JA/AT-082,Daisakusawa,39.8346,140.21359,680.0,674.28,5.720000000000027,5c
JA/AT-083,Oono,40.3666,140.3564,669.0,662.36,6.639999999999986,10b
JA/AT-084,Tonosesan,40.3337,140.43761,664.0,659.93,4.07000000000005,10b
JA/AT-085,Oomori,39.9869,140.4491,651.0,651.74,0.7400000000000091,10b
JA/AT-086,Dosyazawa,40.3967,140.49229,638.0,635.86,2.1399999999999864,10b
JA/AT-087,Ookageyama,39.6444,140.69659,637.0,636.12,0.8799999999999955,5a
JA/AT-088,JA/AT-088,39.0997,140.43291,630.0,632.7,2.7000000000000455,10b
JA/AT-089,Kagikakemori,39.8775,140.4593,624.0,621.4,2.6000000000000227,10b
JA/AT-090,Kurosawagashira,40.1513,140.74429,623.0,622.23,0.7699999999999818,5a
JA/AT-091,Sugitouge,39.1274,140.1741,620.0,619.29,0.7100000000000364,5a
JA/AT-092,Nagasawa,39.3641,140.1906,614.0,612.66,1.3400000000000318,10b
JA/AT-093,JA/AT-093,39.7826,140.5706,610.0,612.01,2.009999999999991,10b
JA/AT-094,JA/AT-094,39.158,140.2805,604.0,603.85,0.14999999999997726,5a
JA/AT-095,Karasumori,39.9271,140.29269,601.0,601.27,0.2699999999999818,10b
JA/AT-096,Takamori,40.2565,140.64639,593.0,592.0,1.0,10b
JA/AT-097,Menkurasan,40.3589,140.64481,590.0,589.75,0.25,10b
JA/AT-098,Higashimatayama,40.3798,140.6703,586.0,584.25,1.75,10b
JA/AT-099,Nise,39.7261,140.6185,585.0,583.05,1.9500000000000455,10b
JA/AT-100,JA/AT-100,39.9403,140.4328,570.0,570.05,0.049999999999954525,10b
JA/AT-101,JA/AT-101,40.1742,140.6678,566.0,561.43,4.57000000000005,5a
JA/AT-102,Kokageyama,39.6171,140.6647,557.0,555.34,1.6599999999999682,5a
JA/AT-103,JA/AT-103,40.2716,140.66409,556.0,552.69,3.3099999999999454,10b
JA/AT-104,Kuromoriyama,40.3163,140.81841,546.0,545.54,0.4600000000000364,5a
JA/AT-105,JA/AT-105,40.3852,140.5006,542.0,540.3,1.7000000000000455,10b
JA/AT-106,Takazawa,39.7119,140.57249,537.0,531.99,5.009999999999991,10b
JA/AT-107,Hououzan,40.2765,140.62131,521.0,520.37,0.6299999999999955,5a
JA/AT-108,Komatsuzakiyama,40.3229,140.1442,520.0,519.91,0.09000000000003183,5c
JA/AT-109,Nagasetateyama,39.1756,140.6055,497.0,496.25,0.75,5a
JA/AT-110,Sanbonyariyama,39.1384,140.52541,496.0,490.31,5.689999999999998,10b
JA/AT-111,Kuromoriyama,40.1171,140.474,490.0,488.75,1.25,5a
JA/AT-112,Takamori,40.3216,140.7076,482.0,480.85,1.1499999999999773,10b
JA/AT-113,Eboshiyama,39.2267,140.5891,479.0,478.34,0.660000000000025,5a
JA/AT-115,Metonoseyama,40.3594,140.4473,467.0,465.42,1.579999999999984,5a
JA/AT-116,Suwayama,39.5984,140.4751,456.0,455.35,0.6499999999999773,5c
JA/AT-117,Moyayama,40.3282,140.24409,450.0,450.08,0.07999999999998408,5c
JA/AT-118,Matouyama,40.2208,140.47079,444.0,442.11,1.8899999999999864,5b
JA/AT-119,Nibuna,40.1426,140.2496,443.0,443.96,0.9599999999999795,5c
JA/AT-120,Asadayama,39.3264,140.31441,442.0,441.36,0.6399999999999864,5a
JA/AT-121,Horowasan,39.3718,140.3087,438.0,430.17,7.829999999999984,10b
JA/AT-122,Kayakariyama,40.3312,140.5162,428.0,426.94,1.0600000000000023,5a
JA/AT-123,Oohirayakushi,39.5365,140.18761,424.0,421.26,2.740000000000009,5a
JA/AT-124,Mitsumoriyama,39.2969,140.3553,412.0,411.34,0.660000000000025,5a
JA/AT-125,Warisawamori,40.1504,140.4859,411.0,410.39,0.6100000000000136,10b
JA/AT-126,Boujyuzan,40.0527,140.2254,410.0,415.84,5.839999999999975,5c
JA/AT-127,Ipponsugi,39.2707,140.5905,402.0,401.31,0.6899999999999977,5a
JA/AT-128,Oomoriyama,40.0878,140.3757,401.0,400.34,0.660000000000025,5a
JA/AT-129,Akakurayama,39.992,140.2206,398.0,397.36,0.6399999999999864,5c
JA/AT-130,Yakushiyama,39.9252,140.1973,395.0,390.93,4.069999999999993,5c
JA/AT-131,Santetsusan,40.2203,140.69209,394.0,393.04,0.9599999999999795,5a
JA/AT-132,Nakayama,40.1669,140.6299,392.0,392.53,0.5299999999999727,5a
JA/AT-133,Oohirayama,39.4673,140.4339,387.0,383.03,3.9700000000000273,10b
JA/AT-135,Kanpuuzan,39.9337,139.87531,355.0,353.18,1.8199999999999932,5a
JA/AT-136,Numazawayama,39.6013,140.38271,346.0,345.06,0.9399999999999977,5c
JA/AT-137,Shogunzan,39.386,140.383,339.0,336.33,2.670000000000016,10b
JA/AT-138,Oosawa,40.2434,140.2773,334.0,332.23,1.7699999999999818,10b
JA/AT-139,Moriyama,39.96,140.1096,326.0,323.43,2.569999999999993,5a
JA/AT-140,Kannondake,39.6378,140.5257,322.0,322.18,0.18000000000000682,5c
JA/AT-141,Futtsukidake,38.9658,140.6544,1221.0,1220.27,0.7300000000000182,10b
JA/AT-142,Kanaikemori,39.8669,140.4095,967.0,962.03,4.970000000000027,10b
JA/AT-143,Usugadake,38.9331,140.703,958.0,956.61,1.3899999999999864,5a
JA/AT-144,Yuse,40.091,140.8551,917.0,914.16,2.840000000000032,10b
JA/AT-145,Toushiromori,39.7308,140.46201,905.0,900.92,4.080000000000041,10b
JA/AT-146,Boukui,40.1953,140.8537,895.0,894.33,0.6699999999999591,10b
JA/AT-147,Takashibamori,39.8944,140.573,870.0,871.69,1.6900000000000546,10b
JA/AT-148,Nokura,39.9062,140.5638,797.0,790.55,6.4500000000000455,10b
JA/AT-149,Sauchidake,39.9277,140.3421,797.0,792.49,4.509999999999991,10b
JA/AT-150,Makigaimori,39.7848,140.519,784.0,782.04,1.9600000000000364,10b
JA/AT-151,JA/AT-151,39.8812,140.4272,778.0,773.09,4.909999999999968,10b
JA/AT-152,Akakuramori,39.8514,140.504,772.0,770.23,1.7699999999999818,10b
JA/AT-153,Nangoudake,39.2334,140.67349,681.0,680.78,0.22000000000002728,5a
JA/AT-154,Himegatake,40.0002,140.3721,651.0,649.22,1.7799999999999727,10b
JA/AT-155,Hahoyasan,40.3404,140.6752,593.0,591.4,1.6000000000000227,10b
JA/AT-156,Near Nakayama,39.6824,140.6739,586.0,584.31,1.6900000000000546,5a
JA/AT-157,Ishikurayama,40.0814,140.50281,571.0,571.37,0.37000000000000455,10b
JA/AT-158,Ichinosawa,39.7423,140.3604,532.0,529.72,2.2799999999999727,5a
JA/AT-159,Ooanatouge,39.2721,140.679,483.0,481.59,1.410000000000025,10b
JA/AT-160,Near Oohirayama,39.2037,140.3488,481.0,481.19,0.18999999999999773,5a
JA/AT-161,JA/AT-161,39.8954,140.22569,436.0,426.23,9.769999999999982,5c
JA/AT-162,Higureyama,40.2796,140.7189,424.0,421.63,2.3700000000000045,5a
JA/AT-163,Tenjikumori,39.2743,140.6405,367.0,365.72,1.2799999999999727,10b
JA/AT-164,Iwayayama,39.7426,140.32671,366.0,364.53,1.4700000000000273,5a
JA/AT-165,JA/AT-165,39.484,140.1423,365.0,361.43,3.569999999999993,5a
JA/AT-166,Kokuzoyama,39.3288,140.15891,358.0,357.32,0.6800000000000068,5a
JA/AT-167,Chojyamori,39.6172,140.3894,323.0,321.34,1.660000000000025,5c
JA/AT-168,Yonegamori,39.6253,140.36549,314.0,311.49,2.509999999999991,5c
JA/AT-169,Naganoyama,39.551,140.5154,292.0,291.65,0.35000000000002274,10b
JA/AT-170,Jingujidake,39.4804,140.4364,277.0,275.93,1.0699999999999932,5a
JA/AT-171,Oohirayama,39.572,140.3781,273.0,272.16,0.839999999999975,5c
JA/AT-172,JA/AT-172,39.541,140.4846,248.0,240.15,7.849999999999994,5c
JA/CB-001,Atagoyama,35.1149,139.9868,408.0,406.76,1.240000000000009,5a
JA/CB-002,Kanouzan (Shiratorimine),35.2556,139.97189,379.0,378.19,0.8100000000000023,5a
JA/CB-003,Kiyosumiyama (Myokensan),35.1623,140.1523,377.0,382.31,5.310000000000002,5a
JA/CB-004,Gotenyama,35.0887,139.94769,364.0,361.88,2.1200000000000045,5a
JA/CB-005,Tomisan,35.0988,139.8815,350.0,348.7,1.3000000000000114,5a
JA/CB-006,Nokogiriyama,35.1604,139.8409,330.0,325.68,4.319999999999993,5a
JA/CB-007,Ueno,35.2629,140.0246,313.0,311.44,1.5600000000000023,10b
JA/CB-008,Awatakayama,35.1575,140.0202,365.0,363.07,1.9300000000000068,5a
JA/CB-009,Iyogatake,35.1073,139.914,336.0,332.8,3.1999999999999886,5a
JA/CB-010,Goshozukayama,35.3139,140.1136,271.0,270.02,0.9800000000000182,5b
JA/CB-011,Tsubenoyama,35.1123,139.8647,259.0,258.54,0.45999999999997954,5a
JA/CB-012,Takatsukayama,34.9375,139.9404,216.0,212.76,3.240000000000009,5a
JA/CB-013,Mineokasengen,35.1094,140.0184,340.0,339.81,0.18999999999999773,5a
JA/FI-001,Akausagiyama,36.0676,136.6619,1629.0,1627.6,1.400000000000091,5a
JA/FI-002,Kyougadake,36.0464,136.6219,1625.0,1625.28,0.2799999999999727,5a
JA/FI-003,Itoshiro,35.9928,136.7222,1609.0,1605.62,3.380000000000109,5a
JA/FI-004,Hachibuseyama,36.0983,136.63741,1549.0,1549.35,0.34999999999990905,5a
JA/FI-005,Arashimadake,35.9343,136.6013,1523.0,1521.7,1.2999999999999545,5a
JA/FI-006,Hekosan,35.8861,136.43919,1464.0,1463.54,0.4600000000000364,5a
JA/FI-007,Ubagatake,35.8095,136.50591,1454.0,1451.42,2.5799999999999272,5a
JA/FI-008,Heikegadake,35.8099,136.7189,1442.0,1440.82,1.1800000000000637,5c
JA/FI-009,Genanpo,35.8866,136.4649,1441.0,1439.43,1.5699999999999363,5a
JA/FI-010,Asahimaezaka,35.9569,136.6685,1328.0,1327.65,0.34999999999990905,5a
JA/FI-011,Yarigahara,35.9032,136.58681,1317.0,1315.34,1.6600000000000819,5a
JA/FI-012,Oise,35.8472,136.62531,1286.0,1285.5,0.5,5a
JA/FI-013,Sugitani,35.7768,136.48511,1282.0,1280.98,1.0199999999999818,5a
JA/FI-014,JA/FI-014,35.8908,136.8111,1270.0,1271.21,1.2100000000000364,5c
JA/FI-015,Omouyakami,35.8394,136.74631,1246.0,1245.87,0.13000000000010914,5a
JA/FI-016,Horagadaira,35.8498,136.43649,1218.0,1217.82,0.18000000000006366,5a
JA/FI-017,Dougatsujiyama,35.8664,136.5657,1205.0,1205.13,0.13000000000010914,5a
JA/FI-018,Shimohige,35.8168,136.60201,1201.0,1198.94,2.0599999999999454,5a
JA/FI-019,Higashiichinuno,35.8536,136.7995,1193.0,1192.59,0.41000000000008185,5a
JA/FI-020,Himoyamata,35.8656,136.65269,1190.0,1188.86,1.1400000000001,5c
JA/FI-021,Dousaisan,35.8784,136.53661,1188.0,1187.57,0.43000000000006366,5a
JA/FI-022,JA/FI-022,35.8214,136.6301,1180.0,1172.41,7.589999999999918,5a
JA/FI-023,Ootani1,35.897,136.7298,1161.0,1160.4,0.599999999999909,5c
JA/FI-024,JA/FI-024,36.1311,136.4156,1091.0,1088.01,2.990000000000009,5a
JA/FI-025,Washikuradake,35.8905,136.66701,1010.0,1009.99,0.009999999999990905,5c
JA/FI-026,Oomikageyama,35.5005,135.97211,950.0,948.14,1.8600000000000136,5a
JA/FI-027,Amagaya,35.8406,136.53481,929.0,928.06,0.9400000000000546,5a
JA/FI-028,Nosakadake,35.5897,136.02451,913.0,911.91,1.0900000000000318,5a
JA/FI-029,Ogurataniyama,36.166,136.36571,911.0,908.91,2.090000000000032,5a
JA/FI-030,Iifuriyama,35.9669,136.4572,884.0,883.4,0.6000000000000227,5a
JA/FI-031,Ashitaniyama,35.5638,136.0253,866.0,863.37,2.6299999999999955,5c
JA/FI-032,Sennooyama,36.047,136.39461,826.0,820.58,5.419999999999959,5a
JA/FI-033,Hachigamine,35.3572,135.668,800.0,799.15,0.8500000000000227,5a
JA/FI-034,Hinosan,35.8592,136.2074,794.0,794.22,0.22000000000002728,5b
JA/FI-035,JA/FI-035,35.5522,135.9451,789.0,770.96,18.039999999999964,5b
JA/FI-036,JA/FI-036,35.8238,136.2729,775.0,770.06,4.940000000000055,5a
JA/FI-037,HotaKyogatake,36.0502,136.4357,765.0,764.37,0.6299999999999955,5a
JA/FI-038,Saifougatake,35.7099,136.01019,764.0,763.4,0.6000000000000227,5c
JA/FI-039,JA/FI-039,35.7614,136.2516,762.0,760.22,1.7799999999999727,5a
JA/FI-040,Hachibuseyama,35.7213,136.134,762.0,760.89,1.1100000000000136,10b
JA/FI-041,Takatsumuriyama,35.7946,136.1489,746.0,740.27,5.730000000000018,5a
JA/FI-042,Ichijyosan,35.9739,136.33299,741.0,740.24,0.7599999999999909,5a
JA/FI-043,Karakidake,35.8572,136.2726,738.0,737.66,0.34000000000003183,5a
JA/FI-044,JA/FI-044,35.8239,136.32539,735.0,732.05,2.9500000000000455,5a
JA/FI-045,Dannodake,35.8305,136.3019,728.0,727.95,0.049999999999954525,5a
JA/FI-046,Tadagatake,35.4511,135.7626,712.0,710.18,1.82000000000005,5a
JA/FI-047,Yamada,35.9053,136.3206,701.0,700.21,0.7899999999999636,5a
JA/FI-048,Minamihatadake,36.0165,136.4579,700.0,696.62,3.3799999999999955,5a
JA/FI-049,Rokusyosan,35.9878,136.0088,698.0,697.31,0.6900000000000546,5a
JA/FI-050,Aobasan,35.5052,135.4838,693.0,688.89,4.110000000000014,5a
JA/FI-051,Kurakakeyama,35.9995,136.0047,690.0,689.92,0.08000000000004093,5a
JA/FI-052,Shirataki,35.4077,135.5697,671.0,667.47,3.5299999999999727,5a
JA/FI-053,Okuasoumura,35.5882,136.1601,662.0,661.06,0.9400000000000546,5a
JA/FI-054,Kunimidake,36.0793,136.084,656.0,654.7,1.2999999999999545,5a
JA/FI-055,Toishimura,35.8662,136.34689,652.0,648.27,3.730000000000018,5a
JA/FI-056,Kusamadake,35.9742,136.3997,652.0,650.88,1.1200000000000045,5a
JA/FI-057,Nyogobou,35.6397,136.1337,647.0,645.85,1.1499999999999773,5a
JA/FI-058,Konpirasan,36.057,136.05791,624.0,623.26,0.7400000000000091,5a
JA/FI-059,Nanatsudake,35.8738,136.30499,620.0,619.75,0.25,5a
JA/FI-060,Kusuyagadake,35.5574,135.7337,619.0,617.43,1.57000000000005,10b
JA/FI-061,Hanseizan,35.4519,135.6601,584.0,583.61,0.38999999999998636,5a
JA/FI-062,Wakasudake,35.9027,136.0256,564.0,563.47,0.5299999999999727,5c
JA/FI-063,Otakesan,35.5985,135.9747,548.0,551.5,3.5,5a
JA/FI-064,Yoshinogatake,36.0509,136.31641,547.0,546.36,0.6399999999999864,5a
JA/FI-065,Onigatake,35.9001,136.10091,533.0,531.78,1.2200000000000273,10b
JA/FI-066,Miuchiyama,35.6674,136.0134,521.0,517.98,3.019999999999982,10b
JA/FI-067,JA/FI-067,35.4172,135.61031,520.0,522.01,2.009999999999991,5a
JA/FI-068,Amasakamura,35.5224,135.832,512.0,506.93,5.069999999999993,5a
JA/FI-069,Somayama,35.8022,136.2196,492.0,491.75,0.25,5a
JA/FI-070,Ooyama,35.5439,135.4604,489.0,487.54,1.4599999999999795,5a
JA/FI-071,Wadayama,35.5065,135.6109,478.0,477.08,0.9200000000000159,5a
JA/FI-072,Hotokedani,35.9942,136.3988,464.0,463.75,0.25,5a
JA/FI-073,Kagamiyama,35.5351,135.8643,451.0,450.08,0.9200000000000159,5a
JA/FI-074,Terayama,35.6671,135.9875,418.0,416.55,1.4499999999999886,10b
JA/FI-075,Amagozeyama,35.808,136.0872,400.0,397.86,2.1399999999999864,5a
JA/FI-076,Baijyodake,35.6012,135.86861,400.0,396.82,3.180000000000007,5a
JA/FI-077,Tai,35.6838,136.10381,360.0,356.95,3.0500000000000114,5a
JA/FI-078,Konpirayama,36.0149,136.0784,347.0,344.92,2.079999999999984,10b
JA/FI-079,Sanriyama,35.9384,136.2256,346.0,340.56,5.439999999999998,5a
JA/FI-080,JA/FI-080,35.5446,135.5116,340.0,335.87,4.1299999999999955,5a
JA/FI-081,Tennouzan,35.6208,135.9525,331.0,329.6,1.3999999999999773,5a
JA/FI-082,JA/FI-082,35.7235,135.96609,308.0,307.3,0.6999999999999886,5a
JA/FI-083,Ootani,35.9986,136.2836,297.0,296.55,0.44999999999998863,5a
JA/FI-084,Ossakayama,35.9967,136.1353,290.0,288.26,1.740000000000009,5a
JA/FI-085,Mitokoyama,35.9488,136.12939,280.0,277.36,2.6399999999999864,10b
JA/FI-086,Near Karasugatake,35.9788,136.09599,270.0,279.88,9.879999999999995,5b
JA/FI-087,Takenoya,35.8374,136.4234,1182.0,1181.45,0.5499999999999545,5a
JA/FI-088,Suhara,35.8511,136.4892,1143.0,1141.62,1.3800000000001091,5a
JA/FI-089,Near Oobayashi,35.9829,136.6187,1000.0,997.31,2.6900000000000546,5a
JA/FI-090,JA/FI-090,35.9228,136.4463,810.0,798.46,11.539999999999964,5a
JA/FI-091,Mizunashiyama,36.1011,136.4511,784.0,783.51,0.4900000000000091,5a
JA/FI-092,Ooyama,35.8496,136.2347,717.0,711.75,5.25,10b
JA/FI-093,Hirao,35.9161,136.39709,705.0,704.92,0.08000000000004093,5a
JA/FI-094,Yarasudake,35.8424,136.0849,480.0,470.15,9.850000000000023,5a
JA/FI-095,Near Amagi,35.8786,136.02209,470.0,471.04,1.0400000000000205,10b
JA/FI-096,JA/FI-096,35.8996,136.2664,386.0,382.24,3.759999999999991,10b
JA/FI-097,Monjyusan,35.9905,136.224,366.0,357.53,8.470000000000027,5a
JA/FI-098,Shiroya,35.4997,135.88499,340.0,339.37,0.6299999999999955,5a
JA/FI-099,Ooshima,35.5348,135.647,247.0,245.75,1.25,5a
JA/FI-100,Murakuniyama,35.8992,136.18111,239.0,238.11,0.8899999999999864,5a
JA/FI-101,Tsunekamiura,35.6371,135.8167,238.0,238.59,0.5900000000000034,5a
JA/FI-102,Myohoujiyama,35.8806,136.15421,235.0,233.79,1.210000000000008,5a
JA/FI-103,Shiroyama,36.0151,136.186,202.0,200.61,1.3899999999999864,5a
JA/FI-104,JA/FI-104,35.5255,135.50999,195.0,192.07,2.930000000000007,5a
JA/FI-105,Okamijima,35.638,135.8056,195.0,189.82,5.180000000000007,5a
JA/FI-106,Dakeyama,35.6207,135.9001,190.0,195.9,5.900000000000006,5a
JA/FI-107,Dannohana,35.5276,135.4915,161.0,155.44,5.560000000000002,5a
JA/FS-001,Hiuchigatake (Shibayasugura),36.9551,139.28529,2356.0,2351.7,4.300000000000182,5a
JA/FS-002,Aizukomagatake,37.0475,139.35361,2133.0,2130.86,2.1399999999998727,5a
JA/FS-003,Nishiadumayama,37.7382,140.14079,2035.0,2032.86,2.1400000000001,5a
JA/FS-004,Higashiadumayama,37.7117,140.2303,1975.0,1974.6,0.40000000000009095,5a
JA/FS-006,Mikurayama,37.1578,139.9026,1888.0,1873.39,14.6099999999999,5a
JA/FS-007,Asahidake,37.1804,139.9599,1830.0,1834.68,4.680000000000064,5a
JA/FS-008,Maruyamadake,37.1727,139.3349,1820.0,1819.18,0.8199999999999363,5a
JA/FS-009,Bandaisan,37.601,140.0723,1816.0,1813.06,2.9400000000000546,5a
JA/FS-010,Takayama,37.7006,140.25751,1805.0,1804.21,0.7899999999999636,5a
JA/FS-011,Karekiyama,36.9979,139.5464,1756.0,1753.89,2.1099999999999,5a
JA/FS-012,Minowayama,37.6471,140.2809,1728.0,1728.43,0.43000000000006366,5a
JA/FS-013,Ooshiromoriyama,37.2019,139.98331,1642.0,1641.72,0.2799999999999727,5a
JA/FS-014,Takakurayama,37.1245,139.64931,1638.0,1634.9,3.099999999999909,5a
JA/FS-015,Ooarashiyama,37.047,139.5507,1635.0,1633.11,1.8900000000001,5a
JA/FS-016,Asahidake,37.2211,139.3396,1624.0,1618.53,5.470000000000027,5a
JA/FS-017,Inakoyama,37.1385,139.4081,1607.0,1604.74,2.259999999999991,5a
JA/FS-018,Iimorisan,37.8138,139.9256,1595.0,1593.55,1.4500000000000455,10b
JA/FS-019,Asakusadake,37.3436,139.2336,1586.0,1583.6,2.400000000000091,5a
JA/FS-020,Tsuchikurayama,37.0491,139.5881,1550.0,1556.56,6.559999999999945,5a
JA/FS-021,Futamatayama,37.2464,139.9673,1544.0,1543.31,0.6900000000000546,5a
JA/FS-022,Murasugidake,37.2136,139.2545,1535.0,1532.4,2.599999999999909,5a
JA/FS-023,JA/FS-023,37.1563,139.4458,1526.0,1522.02,3.980000000000018,5a
JA/FS-024,Kemouyama,37.2567,139.17509,1517.0,1515.43,1.5699999999999363,5a
JA/FS-025,Maruyama,37.1809,139.4688,1488.0,1487.41,0.5899999999999181,5a
JA/FS-026,Hakaseyama,37.3632,139.71471,1482.0,1479.63,2.369999999999891,5a
JA/FS-027,Oosawasarukurayama,37.2426,139.2545,1455.0,1448.02,6.980000000000018,5a
JA/FS-028,Kouzoneyama,37.7223,139.9973,1440.0,1441.55,1.5499999999999545,5a
JA/FS-029,Hakamagoshiyama,37.048,139.44949,1424.0,1422.17,1.8299999999999272,5a
JA/FS-030,Ootodake,37.3367,139.95329,1416.0,1415.35,0.650000000000091,5a
JA/FS-031,Karoudake,37.1107,139.75639,1414.0,1413.45,0.5499999999999545,5a
JA/FS-032,Kawagetayama,37.5581,140.17709,1413.0,1409.33,3.6700000000000728,5a
JA/FS-033,Nekomagatake,37.6116,140.02831,1404.0,1401.59,2.410000000000082,5a
JA/FS-034,Onodake,37.3259,139.8866,1383.0,1382.37,0.6300000000001091,10b
JA/FS-036,Ootakiyama,37.5574,140.2012,1370.0,1367.5,2.5,5a
JA/FS-037,JA/FS-037,37.0921,139.2812,1365.0,1369.24,4.240000000000009,5a
JA/FS-038,Manaitakurayama,37.1105,139.5414,1339.0,1337.42,1.5799999999999272,5a
JA/FS-039,Daihadayama,37.2225,139.4933,1315.0,1313.3,1.7000000000000455,5a
JA/FS-040,Mujinagamoriyama,37.4665,139.4062,1315.0,1309.19,5.809999999999945,5a
JA/FS-041,Sabuzawayama,37.1159,139.4765,1314.0,1312.95,1.0499999999999545,5a
JA/FS-042,Takahatayama,37.0908,139.46581,1294.0,1292.85,1.150000000000091,5a
JA/FS-043,Maekemouyama,37.2848,139.20959,1234.0,1231.37,2.630000000000109,5a
JA/FS-044,JA/FS-044,37.3681,139.6277,1234.0,1230.66,3.339999999999918,5a
JA/FS-045,Kainariyama,37.0884,139.7386,1222.0,1221.03,0.9700000000000273,5a
JA/FS-046,Shirabuyama,37.6462,140.1344,1221.0,1219.51,1.490000000000009,5a
JA/FS-047,Nanatsumori,37.9012,140.29829,1220.0,1215.98,4.019999999999982,10b
JA/FS-048,Ootakineyama,37.3549,140.7016,1193.0,1191.66,1.3399999999999181,5a
JA/FS-049,Marukurayama,37.4183,139.2076,1191.0,1189.54,1.4600000000000364,5a
JA/FS-050,Nunomoriyama,37.5987,140.1942,1178.0,1173.98,4.019999999999982,5a
JA/FS-051,Miakashiyama,37.2482,139.82201,1161.0,1157.73,3.269999999999982,5a
JA/FS-052,Sakurayama,37.1062,139.50459,1157.0,1155.85,1.150000000000091,5a
JA/FS-053,Near Ushikubiyama,37.1271,139.5345,1154.0,1150.17,3.8299999999999272,5a
JA/FS-054,Takamoriyama,37.7462,139.6586,1151.0,1150.2,0.7999999999999545,5a
JA/FS-055,Hachimoriyama,37.6915,140.02409,1150.0,1145.6,4.400000000000091,5a
JA/FS-056,Minowayama,37.3279,140.00681,1146.0,1145.37,0.6300000000001091,5a
JA/FS-057,Nabekurayama,37.5126,139.4964,1137.0,1136.79,0.21000000000003638,5a
JA/FS-058,Hachimandake,37.3384,140.1669,1102.0,1099.16,2.839999999999918,5a
JA/FS-059,Takamoriyama,37.4223,139.5864,1100.0,1091.82,8.180000000000064,10b
JA/FS-060,Hikageyama,37.6005,140.22009,1076.0,1073.8,2.2000000000000455,5a
JA/FS-061,Myoujingatake,37.428,139.7599,1074.0,1073.11,0.8900000000001,5a
JA/FS-062,Nakanomatayama,37.4525,139.2511,1070.0,1067.37,2.630000000000109,5a
JA/FS-063,Hiyama (Tennouzan),37.5429,140.6835,1057.0,1051.79,5.210000000000036,5a
JA/FS-064,Kuroiwayama,37.2952,139.5802,1056.0,1054.95,1.0499999999999545,5a
JA/FS-065,Taishouhatayama,37.4418,140.2038,1056.0,1054.96,1.0399999999999636,5a
JA/FS-066,Oomukaiyama,37.4065,139.7493,1044.0,1040.85,3.150000000000091,5a
JA/FS-067,Akakuzureyama,37.4247,139.25861,1034.0,1019.15,14.850000000000023,5a
JA/FS-068,Maeyama,37.4309,139.2364,1033.0,1030.89,2.1099999999999,5a
JA/FS-069,Hiraishiyama,37.4125,139.2598,1031.0,1027.25,3.75,5a
JA/FS-070,Near Ushiroyama,37.2247,139.7215,1020.0,1018.66,1.3400000000000318,5a
JA/FS-071,JA/FS-071,37.3049,139.86459,1001.0,1000.43,0.57000000000005,10b
JA/FS-072,Ryugatake,37.9785,140.2787,994.0,992.46,1.5399999999999636,5a
JA/FS-073,Utsurigatake,37.4835,140.6163,994.0,988.31,5.690000000000055,5a
JA/FS-074,Hiyama,37.404,140.73351,993.0,990.88,2.1200000000000045,5a
JA/FS-075,Shinzawayama,37.8536,140.3063,989.0,987.93,1.07000000000005,10b
JA/FS-076,Konbogiyama,37.2719,140.1156,987.0,989.75,2.75,5a
JA/FS-077,Ookurayama,37.4045,139.28461,985.0,982.78,2.2200000000000273,5a
JA/FS-078,Sugamayama,37.1658,139.7822,984.0,983.48,0.5199999999999818,5a
JA/FS-079,Takaiharayama,37.3388,140.09579,981.0,977.56,3.4400000000000546,5a
JA/FS-080,Kurootokoyama,37.5096,139.6032,980.0,978.51,1.490000000000009,5a
JA/FS-081,Near Ichinosawayama,37.3279,139.55589,970.0,970.88,0.8799999999999955,10b
JA/FS-082,Hayama,37.3164,140.6913,970.0,967.46,2.5399999999999636,5a
JA/FS-083,Kaneishigatoyasan,37.3333,139.4297,970.0,968.14,1.8600000000000136,5a
JA/FS-084,Takahatayama,37.374,140.20419,968.0,966.33,1.669999999999959,5a
JA/FS-086,Kamakuradake,37.467,140.6889,967.0,964.81,2.1900000000000546,5a
JA/FS-087,Yadaijinyama,37.287,140.68919,965.0,962.13,2.8700000000000045,5a
JA/FS-088,Myouousan,37.2937,139.6698,964.0,961.66,2.340000000000032,5a
JA/FS-089,JA/FS-089,37.8645,140.29041,964.0,960.83,3.169999999999959,5a
JA/FS-090,JA/FS-090,37.1753,139.77991,962.0,953.33,8.669999999999959,5a
JA/FS-092,Yomogidadake,37.2658,140.5347,952.0,950.84,1.1599999999999682,5a
JA/FS-093,Ookurayama,37.5447,139.56889,950.0,949.5,0.5,5a
JA/FS-094,Toyamorisan,37.7364,139.7271,950.0,948.94,1.0599999999999454,5a
JA/FS-095,Ootsumayama,37.3922,139.5367,943.0,941.41,1.5900000000000318,5a
JA/FS-096,Maeyama,37.2969,139.9214,941.0,937.24,3.759999999999991,5a
JA/FS-097,Mimatsuyama,37.3836,139.5753,927.0,924.03,2.9700000000000273,5a
JA/FS-098,Takazasayama,36.9133,140.3176,922.0,920.59,1.4099999999999682,5a
JA/FS-099,Kuramaeyama,37.4758,139.46449,922.0,921.11,0.8899999999999864,5a
JA/FS-100,Tatsugoyama,37.5015,140.696,921.0,919.75,1.25,5a
JA/FS-101,Hanazukayama,37.6533,140.6682,919.0,917.51,1.490000000000009,5a
JA/FS-102,Ishikuiyama,37.4025,139.6866,915.0,909.86,5.139999999999986,5a
JA/FS-103,Near Nanjikurayama,37.3568,139.3941,910.0,910.91,0.9099999999999682,10b
JA/FS-104,Omakidake,37.3873,139.3033,910.0,907.74,2.259999999999991,5a
JA/FS-105,Manzairakusan,37.9058,140.47929,910.0,910.93,0.92999999999995,5a
JA/FS-107,Fukairiyama,37.4079,139.5002,898.0,897.58,0.4199999999999591,5a
JA/FS-108,Hayama,37.5628,140.6241,897.0,894.13,2.8700000000000045,5a
JA/FS-109,Mitsumori,37.8864,140.3821,897.0,896.19,0.8099999999999454,5a
JA/FS-110,Onigajyouyama,37.2812,140.73399,892.0,891.41,0.5900000000000318,5a
JA/FS-111,Takashibayama,37.3545,140.5818,884.0,883.41,0.5900000000000318,5a
JA/FS-112,Gojyuninyama,37.4842,140.7455,883.0,882.46,0.5399999999999636,5a
JA/FS-113,Hikageyama,37.3181,140.5724,879.0,876.91,2.090000000000032,5a
JA/FS-114,Kittoyasan,37.2106,140.8674,875.0,873.56,1.4400000000000546,5a
JA/FS-115,Oosasayama,36.9469,140.34129,875.0,874.97,0.029999999999972715,5a
JA/FS-116,Shiandake,37.3765,139.9733,874.0,873.31,0.6900000000000546,5a
JA/FS-117,Shibakurayama,37.3619,139.33521,871.0,869.63,1.3700000000000045,5a
JA/FS-118,Near Hyugayama,37.9603,140.4209,865.0,860.25,4.75,5a
JA/FS-119,Tatakaiyama,37.6223,140.7222,863.0,862.27,0.7300000000000182,5a
JA/FS-120,Near Ippaisan,37.3253,140.5432,860.0,861.16,1.1599999999999682,5a
JA/FS-121,Kuchibutoyama,37.6113,140.6096,843.0,842.07,0.92999999999995,5a
JA/FS-122,Mikabuyama,37.0176,140.59261,842.0,839.59,2.409999999999968,5a
JA/FS-123,Maeyama,37.4446,139.56619,835.0,834.64,0.36000000000001364,5a
JA/FS-124,Misakayama,37.4716,139.61549,832.0,831.58,0.4199999999999591,10b
JA/FS-125,Near Denjyoyama,37.4758,140.6658,830.0,832.93,2.92999999999995,5a
JA/FS-126,Ryouzen,37.7687,140.68719,825.0,818.72,6.279999999999973,5a
JA/FS-127,Shiramaishiyama,37.5726,140.713,821.0,820.07,0.92999999999995,5a
JA/FS-128,Fukiyayama,37.4386,139.9554,820.0,819.17,0.8300000000000409,5a
JA/FS-129,Shibayama,37.158,140.6127,819.0,818.39,0.6100000000000136,5a
JA/FS-130,Souyama,37.4605,139.558,816.0,814.44,1.5599999999999454,5a
JA/FS-131,Kagurayama,37.2235,140.8112,808.0,803.91,4.090000000000032,5a
JA/FS-132,Near Asahiyama,36.9614,140.5831,800.0,800.35,0.35000000000002274,5a
JA/FS-133,Moriyayama,37.539,140.2989,795.0,794.04,0.9600000000000364,5a
JA/FS-134,Ootakadoya,37.3714,140.8499,794.0,793.12,0.8799999999999955,5a
JA/FS-135,Iitaniyama,37.529,139.68581,783.0,774.7,8.299999999999955,5a
JA/FS-136,Nihongawa,37.1003,140.7137,781.0,779.96,1.0399999999999636,5a
JA/FS-137,Myoukenyama,37.3503,140.2186,777.0,776.33,0.6699999999999591,5a
JA/FS-138,Uguisudan,37.5229,140.28481,760.0,762.65,2.6499999999999773,5a
JA/FS-139,Kitarouyama,37.3013,140.8719,750.0,750.47,0.4700000000000273,5a
JA/FS-140,Mizuishiyama,37.1095,140.79781,735.0,734.26,0.7400000000000091,5a
JA/FS-141,Yunotake,37.4574,139.68381,729.0,728.67,0.3300000000000409,5a
JA/FS-142,Kotayuuyama,37.5958,140.8031,722.0,720.72,1.2799999999999727,5a
JA/FS-143,Katasoneyama,37.4265,140.56841,719.0,717.94,1.0599999999999454,5a
JA/FS-144,Jikkokuyama,37.2558,140.5923,718.0,717.53,0.4700000000000273,5a
JA/FS-145,Shirainomori,37.5895,140.6003,714.0,713.75,0.25,5a
JA/FS-146,Omaru,37.4912,140.8362,713.0,711.3,1.7000000000000455,5a
JA/FS-147,Yadakeyama,37.6636,140.7538,707.0,705.13,1.8700000000000045,5a
JA/FS-148,Toratoriyama,37.742,140.6938,706.0,704.54,1.4600000000000364,5a
JA/FS-149,Tsuchiuzumiyama,37.6259,139.5466,697.0,695.35,1.6499999999999773,5a
JA/FS-150,Myoujindake,37.7124,140.70509,679.0,677.47,1.5299999999999727,5a
JA/FS-151,Utsuminesan,37.297,140.46919,677.0,673.89,3.1100000000000136,5a
JA/FS-152,Tekurayama,37.8005,140.7932,672.0,670.49,1.509999999999991,5a
JA/FS-153,Kuromoriyama,37.8219,140.3656,667.0,657.24,9.759999999999991,5a
JA/FS-154,Ooashiyama,37.6601,140.832,656.0,653.94,2.0599999999999454,5a
JA/FS-155,Takamatsuyama,37.5225,140.3177,641.0,640.19,0.8099999999999454,5a
JA/FS-156,Notegamiyama,37.6413,140.8064,629.0,627.86,1.1399999999999864,5a
JA/FS-157,Sekiyama,37.0783,140.24831,619.0,617.42,1.580000000000041,5a
JA/FS-158,Umanose,37.4843,140.88631,616.0,614.44,1.5599999999999454,5a
JA/FS-160,Megamiyama,37.7086,140.5672,599.0,599.05,0.049999999999954525,5a
JA/FS-161,Murohara,37.6451,140.8652,597.0,595.18,1.82000000000005,5a
JA/FS-162,Toyasan,37.5845,139.7097,581.0,579.65,1.3500000000000227,5a
JA/FS-163,Oonagurayama,37.5157,140.3551,570.0,571.34,1.3400000000000318,5a
JA/FS-164,Daisakuyama,37.8552,140.42191,568.0,566.26,1.740000000000009,5a
JA/FS-165,Hinokiyama(Hiyama),36.8385,140.40469,510.0,509.14,0.8600000000000136,5a
JA/FS-166,Karousan,37.8616,140.8615,430.0,429.32,0.6800000000000068,5a
JA/FS-167,Kuziraishi,37.6828,140.87469,423.0,421.34,1.660000000000025,5a
JA/FS-168,Atagoyama,36.9549,140.7124,366.0,364.29,1.7099999999999795,5a
JA/FS-169,Jizoumori,37.8887,140.8598,348.0,345.39,2.6100000000000136,5a
JA/FS-170,Takifuji,36.966,140.73599,306.0,305.24,0.7599999999999909,5a
JA/FS-171,Tokugamori,37.8005,140.6095,290.0,290.17,0.17000000000001592,5a
JA/FS-172,Shinobuyama,37.7706,140.46159,275.0,266.66,8.339999999999975,5a
JA/FS-173,Near Mitsuiwadake,37.0809,139.37711,2070.0,2070.37,0.36999999999989086,5a
JA/FS-174,Issaikyozan,37.7354,140.24429,1949.0,1948.24,0.7599999999999909,5a
JA/FS-175,Azumayama,37.7246,140.18719,1933.0,1929.12,3.880000000000109,5a
JA/FS-176,Oosugidake,36.9984,139.30389,1922.0,1921.12,0.8800000000001091,5a
JA/FS-177,Oonakagoyama,36.9872,139.4129,1844.0,1842.17,1.8299999999999272,5a
JA/FS-178,Tsuboiriyama,37.1181,139.3744,1774.0,1772.91,1.0899999999999181,5a
JA/FS-179,Takayuyama,37.133,139.3394,1747.0,1746.0,1.0,5a
JA/FS-180,Kushigamine,37.6097,140.08549,1636.0,1638.4,2.400000000000091,5a
JA/FS-181,Akaiwatakayama,37.03,139.27541,1497.0,1496.47,0.5299999999999727,5a
JA/FS-182,Sarukurayama,37.2529,139.26511,1455.0,1453.6,1.400000000000091,5a
JA/FS-183,Ooshirabuyama,37.3181,139.832,1381.0,1375.18,5.819999999999936,5a
JA/FS-184,Akashibayama,37.2038,139.19479,1352.0,1363.93,11.930000000000064,5a
JA/FS-185,Hakeyama,37.0502,139.4176,1347.0,1346.31,0.6900000000000546,5a
JA/FS-186,Daidukayama,37.8205,139.847,1322.0,1320.32,1.6800000000000637,10b
JA/FS-187,Sagurayama(Warisagurayama),37.0718,139.5683,1304.0,1303.28,0.7200000000000273,5a
JA/FS-188,Kosugouyama,37.0701,139.433,1296.0,1294.94,1.0599999999999454,5a
JA/FS-189,Takakurayama,37.2228,139.9295,1284.0,1283.59,0.41000000000008185,5a
JA/FS-190,Takamoriyama,37.6578,140.22701,1249.0,1247.68,1.3199999999999363,5a
JA/FS-191,Gozengatake,37.2611,139.675,1233.0,1232.21,0.7899999999999636,5a
JA/FS-192,Kurikoyama,37.8743,140.27,1217.0,1216.25,0.75,10b
JA/FS-193,Nakanomori,37.173,139.6801,1216.0,1214.23,1.7699999999999818,5a
JA/FS-194,Takizawayama,37.1298,139.7859,1211.0,1211.12,0.11999999999989086,5a
JA/FS-195,Toukurayama,37.1899,139.57091,1175.0,1171.69,3.3099999999999454,5a
JA/FS-196,JA/FS-196,37.0744,139.7155,1140.0,1138.53,1.4700000000000273,5a
JA/FS-197,Akahaneyama,37.2297,139.4435,1127.0,1124.15,2.849999999999909,5a
JA/FS-198,Eboshidake,37.3471,139.83839,1095.0,1093.38,1.6199999999998909,5a
JA/FS-199,Sakurayama,37.0878,139.5847,1073.0,1066.15,6.849999999999909,5a
JA/FS-200,Takamatsuyama,37.2523,139.3073,1069.0,1056.97,12.029999999999973,5a
JA/FS-201,Takenoyama,37.3903,139.728,1037.0,1036.53,0.4700000000000273,5a
JA/FS-203,Tokurayama,37.2815,140.03391,1021.0,1020.69,0.30999999999994543,5a
JA/FS-204,Kimenyama,37.3057,140.1172,1021.0,1020.75,0.25,5a
JA/FS-205,Toyayama(Toriyadoyama),37.2486,139.754,1011.0,1010.62,0.37999999999999545,5a
JA/FS-206,Denjyosan,37.2563,139.5701,999.0,999.16,0.15999999999996817,5a
JA/FS-207,Mochikurayama,37.3019,139.9698,997.0,995.95,1.0499999999999545,10b
JA/FS-208,Sekinoyama,37.1947,139.5062,993.0,991.43,1.57000000000005,5a
JA/FS-209,Kasakurayama,37.4299,139.3598,993.0,990.68,2.32000000000005,10b
JA/FS-210,Gontagurayama,37.257,140.1286,976.0,972.91,3.090000000000032,10b
JA/FS-211,Toitayama,37.3746,139.4855,960.0,950.55,9.450000000000045,5a
JA/FS-212,Washigakurayama,37.3815,139.3615,918.0,912.53,5.470000000000027,10b
JA/FS-213,Sarukuragatake,37.4172,139.71339,906.0,906.32,0.32000000000005,5a
JA/FS-214,JA/FS-214,37.8739,140.3399,901.0,900.32,0.67999999999995,10b
JA/FS-215,JA/FS-215,37.7675,139.7753,894.0,890.12,3.8799999999999955,5a
JA/FS-216,Kurateyama,37.501,140.1895,864.0,858.24,5.759999999999991,5a
JA/FS-217,Koutaishiyama,37.5937,140.7262,863.0,862.1,0.8999999999999773,5a
JA/FS-218,Nakayama(Kanatsukayama),37.2856,139.8959,855.0,852.2,2.7999999999999545,5a
JA/FS-219,Sugamayama,37.4968,140.173,855.0,854.57,0.42999999999995,5a
JA/FS-220,Tokurayama,37.3012,139.3251,846.0,845.62,0.37999999999999545,5a
JA/FS-221,Gamoudake,37.3885,139.33549,828.0,827.58,0.4199999999999591,5a
JA/FS-222,Ishitoriyama,37.3085,139.6333,810.0,809.48,0.5199999999999818,5a
JA/FS-223,Nakanomoriyama,37.5413,140.76241,802.0,800.62,1.3799999999999955,5a
JA/FS-224,Kanayama,37.427,140.0618,802.0,802.05,0.049999999999954525,5a
JA/FS-225,Tennouzan,37.4385,140.7312,798.0,798.61,0.6100000000000136,5a
JA/FS-226,Kuriyagawayama,37.0001,140.2675,792.0,791.77,0.2300000000000182,5a
JA/FS-227,Oodairayama,37.3872,139.9465,771.0,770.26,0.7400000000000091,5a
JA/FS-228,Tenkichouyama,37.1437,140.6442,770.0,770.52,0.5199999999999818,5a
JA/FS-229,Futaedaira,37.4099,139.9491,760.0,760.49,0.4900000000000091,5a
JA/FS-230,Oohidoyama,37.3502,139.30029,760.0,759.92,0.08000000000004093,10b
JA/FS-231,Takamoriyama,37.3912,140.1125,756.0,754.76,1.240000000000009,5a
JA/FS-232,Futatsuishiyama,37.3314,140.5219,742.0,741.94,0.05999999999994543,5a
JA/FS-233,Yakikura,36.9857,140.63789,740.0,739.78,0.22000000000002728,5a
JA/FS-234,JA/FS-234,37.426,140.85159,727.0,726.65,0.35000000000002274,5a
JA/FS-235,Katagishiyama,37.4021,140.078,711.0,710.95,0.049999999999954525,5a
JA/FS-236,Tsubanadairayama,37.3409,140.63651,710.0,708.91,1.0900000000000318,5a
JA/FS-237,Daibutsuyama,37.6936,139.9281,710.0,707.67,2.330000000000041,5a
JA/FS-238,Kenbunyama,37.502,140.23061,706.0,703.16,2.840000000000032,5a
JA/FS-239,Takatoribayama,37.6179,140.5817,672.0,666.04,5.960000000000036,5a
JA/FS-240,Near Butsuguyama,36.9155,140.6792,670.0,669.95,0.049999999999954525,5a
JA/FS-241,Mitsumoriyama,37.1934,140.91029,655.0,652.26,2.740000000000009,5a
JA/FS-242,JA/FS-242,37.3864,139.8073,640.0,641.28,1.2799999999999727,5a
JA/FS-243,Tenjyoyama,37.7124,140.5425,532.0,531.5,0.5,5a
JA/FS-244,Amidayama,36.9991,140.3528,528.0,526.93,1.07000000000005,5a
JA/FS-245,Karasutouge,37.1419,140.2948,484.0,480.16,3.839999999999975,5a
JA/FS-246,Jyumankou,37.6552,140.87711,407.0,404.51,2.490000000000009,5a
JA/FS-247,Tendoutsuka,36.8553,140.39059,400.0,403.02,3.019999999999982,5a
JA/FS-248,Gosyadan,37.8798,140.86189,383.0,381.5,1.5,5a
JA/FS-249,JA/FS-249,37.7053,140.8844,350.0,349.15,0.8500000000000227,5a
JA/FS-250,Jinnoyama,36.9814,140.72639,269.0,263.35,5.649999999999977,5a
JA/FS-251,JA/FS-251,37.0827,139.71049,1139.0,1137.78,1.2200000000000273,5a
JA/FS-252,Ooginomayama,37.102,139.70061,1095.0,1093.54,1.4600000000000364,5a
JA/FS-253,Wakakuriyama,37.447,140.1796,1030.0,1029.5,0.5,5a
JA/GF-001,Norikuradake (Kengamine),36.1065,137.5536,3026.0,3025.08,0.9200000000000728,5a
JA/GF-003,Kasagatake,36.3155,137.5504,2898.0,2896.72,1.2800000000002,5a
JA/GF-004,Sugorokudake,36.3719,137.58701,2860.0,2856.84,3.1599999999998545,5a
JA/GF-005,Kurobegoroudake (Nakanomatadake),36.3925,137.53999,2840.0,2836.96,3.0399999999999636,5a
JA/GF-006,Yotsudake,36.1477,137.55251,2745.0,2741.09,3.9099999999998545,5a
JA/GF-007,Hakusan (Gozengamine),36.1551,136.7713,2702.0,2698.34,3.6599999999998545,5a
JA/GF-008,Bessan,36.1054,136.7657,2399.0,2398.54,0.4600000000000364,5a
JA/GF-009,Ookibanotsuji,36.2726,137.5421,2232.0,2230.42,1.5799999999999272,5a
JA/GF-010,Okusanboudake,36.1797,136.8463,2150.0,2148.57,1.4299999999998363,10b
JA/GF-011,Terashiyama,36.1941,137.52209,2063.0,2062.31,0.6900000000000546,5a
JA/GF-012,Sawarabora,36.3387,137.47749,2007.0,2005.01,1.990000000000009,5a
JA/GF-013,Sarugababayama,36.2259,136.9429,1875.0,1874.6,0.40000000000009095,5a
JA/GF-014,Oizurugadake,36.2985,136.79221,1841.0,1840.02,0.9800000000000182,5a
JA/GF-015,Tengudake,35.7267,137.4789,1824.0,1823.65,0.34999999999990905,5a
JA/GF-016,Okusangaidake,35.6816,137.5072,1811.0,1810.04,0.9600000000000364,5a
JA/GF-017,Hondani,36.3981,137.4563,1794.0,1790.45,3.5499999999999545,5a
JA/GF-018,Maruyama,36.0497,136.79691,1786.0,1786.17,0.17000000000007276,5a
JA/GF-019,Mitsugatsujiyama,36.338,136.94991,1764.0,1763.52,0.4800000000000182,5a
JA/GF-020,Wasafu zekko,36.42,137.427,1731.0,1729.9,1.099999999999909,5a
JA/GF-021,Kuwasakiyama,36.3511,137.4184,1728.0,1727.02,0.9800000000000182,5a
JA/GF-022,Yakeyama,35.4039,137.56419,1710.0,1708.93,1.0699999999999363,5a
JA/GF-023,Dainichigatake,36.0014,136.8378,1709.0,1708.25,0.75,5a
JA/GF-024,Nobusegadake,36.0129,136.73241,1674.0,1672.26,1.740000000000009,5a
JA/GF-025,Washigatake,35.9404,136.9715,1672.0,1666.66,5.339999999999918,5a
JA/GF-026,JA/GF-026,36.0412,136.7354,1669.0,1669.98,0.9800000000000182,5a
JA/GF-027,JA/GF-027,35.8833,137.26849,1650.0,1647.44,2.5599999999999454,5a
JA/GF-028,Nigorigoyama,35.9612,137.3992,1634.0,1633.47,0.5299999999999727,5a
JA/GF-029,Yamanakayama,35.9571,137.00439,1631.0,1631.36,0.35999999999989996,5a
JA/GF-030,Kaoredake,36.0082,137.1496,1626.0,1624.36,1.6400000000001,5a
JA/GF-031,Nougouhakusan (Gongensan),35.7624,136.51401,1617.0,1616.88,0.11999999999989086,5a
JA/GF-032,Shirakimine,36.4155,137.11211,1596.0,1594.15,1.849999999999909,10b
JA/GF-033,Sekibutsu,36.0365,137.5099,1594.0,1593.69,0.30999999999994543,5a
JA/GF-034,Takatokiyama,35.7329,137.407,1564.0,1563.2,0.7999999999999545,5a
JA/GF-035,Kitasoureyama,36.28,136.95711,1555.0,1553.67,1.3299999999999272,5a
JA/GF-036,Ootani,36.137,137.00369,1536.0,1533.72,2.2799999999999727,5a
JA/GF-037,Tengaisan,36.3503,137.3623,1527.0,1526.09,0.9100000000000819,5a
JA/GF-038,Ibuseyama,36.1899,137.11259,1519.0,1516.9,2.099999999999909,5a
JA/GF-039,Kamiodani,35.9564,137.16229,1511.0,1510.31,0.6900000000000546,5a
JA/GF-040,JA/GF-040,36.0196,137.35049,1485.0,1482.93,2.0699999999999363,5a
JA/GF-041,Nishinodaira,36.0904,136.9908,1481.0,1479.82,1.1800000000000637,5a
JA/GF-042,Funayama,36.0242,137.2395,1479.0,1479.1,0.09999999999990905,5a
JA/GF-043,Koshigaya,36.097,137.045,1465.0,1464.41,0.5899999999999181,5a
JA/GF-044,Minoheikedake,35.8011,136.74071,1450.0,1448.6,1.400000000000091,10b
JA/GF-045,Higashimata,36.3346,137.05209,1444.0,1443.39,0.6099999999999,5a
JA/GF-046,Ootani,36.3032,137.42261,1440.0,1438.83,1.1700000000000728,5a
JA/GF-047,JA/GF-047,36.3513,137.08,1439.0,1438.84,0.16000000000008185,5c
JA/GF-048,Oohiro,36.0442,137.3526,1434.0,1433.05,0.9500000000000455,5a
JA/GF-049,Nagarehayama,36.3232,137.23579,1423.0,1421.86,1.1400000000001,5a
JA/GF-050,Takinamiyama,35.7978,136.77431,1412.0,1411.37,0.6300000000001091,5a
JA/GF-051,Karataniyama,35.8375,137.2775,1412.0,1409.82,2.1800000000000637,5a
JA/GF-052,Suzugahora,36.0118,137.1944,1402.0,1399.92,2.0799999999999272,5a
JA/GF-053,Rokutanyama,36.4637,137.3087,1398.0,1397.21,0.7899999999999636,5a
JA/GF-054,Urushiyamadake,36.4014,137.258,1393.0,1392.43,0.5699999999999363,5a
JA/GF-055,Numatabora,36.0174,137.1272,1388.0,1386.78,1.2200000000000273,5a
JA/GF-056,Bisyamondake,35.9391,136.7923,1385.0,1384.19,0.8099999999999454,5a
JA/GF-057,Manoya,36.218,137.04939,1381.0,1379.19,1.8099999999999454,5a
JA/GF-058,Hiyama,36.0442,137.0488,1379.0,1378.21,0.7899999999999636,5a
JA/GF-059,Ikenoyama,36.427,137.311,1369.0,1367.33,1.6700000000000728,5a
JA/GF-061,Ozakiyama,36.2197,137.1006,1368.0,1366.89,1.1099999999999,5a
JA/GF-062,Takoudo,36.056,136.8896,1362.0,1361.39,0.6099999999999,5a
JA/GF-063,Nishiyama,35.9276,136.7838,1359.0,1355.6,3.400000000000091,5a
JA/GF-064,Byoubuzan,35.7969,136.6266,1354.0,1353.6,0.40000000000009095,5a
JA/GF-065,Odaruyama,35.5336,137.6071,1342.0,1339.73,2.269999999999982,5a
JA/GF-066,Motaieboshidake,35.8829,136.9697,1341.0,1340.04,0.9600000000000364,5a
JA/GF-067,Kouyama,36.3082,137.17551,1337.0,1334.42,2.5799999999999272,10b
JA/GF-068,Ooamamiyama,36.2534,137.29849,1336.0,1336.02,0.01999999999998181,5a
JA/GF-069,Dounotenjyo,35.752,136.69569,1333.0,1329.49,3.509999999999991,5a
JA/GF-070,Takahatayama,36.4332,137.34019,1332.0,1330.25,1.75,5a
JA/GF-071,Kunimiyama,36.2514,137.3627,1318.0,1315.14,2.8599999999999,5a
JA/GF-072,Kanakusodake,35.5502,136.3371,1317.0,1315.0,2.0,5a
JA/GF-073,Takamaru,35.6723,136.3168,1316.0,1315.75,0.25,5a
JA/GF-074,Takatoyama,36.2711,137.0631,1297.0,1295.08,1.9200000000000728,10b
JA/GF-075,Somugiyama,35.6482,136.4028,1296.0,1293.11,2.8900000000001,5a
JA/GF-076,JA/GF-076,35.7274,136.32471,1294.0,1291.63,2.369999999999891,5a
JA/GF-077,Sanshyuugatake,35.6836,136.30009,1292.0,1291.68,0.31999999999993634,5a
JA/GF-078,Higashigahora,35.9228,137.1024,1287.0,1286.01,0.9900000000000091,5a
JA/GF-079,Kasura,36.3048,136.86659,1279.0,1277.63,1.3699999999998909,5a
JA/GF-080,Nonomata,36.0443,136.9169,1265.0,1263.43,1.5699999999999363,5a
JA/GF-081,Bungen,35.5071,136.3967,1259.0,1257.32,1.6800000000000637,5a
JA/GF-082,JA/GF-082,35.7741,136.68719,1251.0,1249.75,1.25,5a
JA/GF-083,Senkaizawayama,35.7237,136.3718,1246.0,1245.03,0.9700000000000273,5a
JA/GF-084,Kaitsukiyama,35.5179,136.4221,1234.0,1233.33,0.6700000000000728,5a
JA/GF-085,Ojirogiyama,35.7068,136.63409,1234.0,1233.09,0.9100000000000819,5a
JA/GF-086,Kanakusadake,35.787,136.36011,1227.0,1226.63,0.36999999999989086,5a
JA/GF-087,Kougasan,35.6718,136.8593,1224.0,1222.28,1.7200000000000273,5a
JA/GF-088,Futatsumoriyama,35.5719,137.40041,1224.0,1218.31,5.690000000000055,5a
JA/GF-089,Nagao,36.3689,137.2234,1222.0,1221.43,0.5699999999999363,10b
JA/GF-090,Ninagadake,35.7202,136.7028,1216.0,1214.13,1.8699999999998909,5a
JA/GF-091,Yanadaniyama,35.8367,137.1234,1214.0,1212.76,1.240000000000009,5a
JA/GF-092,Ushio,36.4217,137.16409,1206.0,1206.03,0.029999999999972715,5c
JA/GF-093,Kuroduyama,35.6359,136.42661,1193.0,1191.72,1.2799999999999727,5a
JA/GF-094,Hanabusayama,35.6202,136.5193,1189.0,1187.75,1.25,5a
JA/GF-095,Torasuyama,35.4738,136.40199,1183.0,1182.38,0.6199999999998909,5a
JA/GF-096,Syakamine,35.7568,136.3537,1175.0,1173.93,1.0699999999999363,5a
JA/GF-097,Kaminarikura,35.6366,136.54691,1169.0,1167.88,1.1199999999998909,5a
JA/GF-098,Gongendake,35.5975,136.4944,1157.0,1156.92,0.07999999999992724,5a
JA/GF-099,JA/GF-099,35.6029,137.3867,1156.0,1151.81,4.190000000000055,5a
JA/GF-100,Tonobora,35.832,137.0466,1154.0,1151.54,2.4600000000000364,5a
JA/GF-101,Oonagi,35.7074,137.3378,1145.0,1142.13,2.869999999999891,5a
JA/GF-102,Genjidake,36.1024,137.2037,1143.0,1140.86,2.1400000000001,5b
JA/GF-103,Hotokegaoyama,35.9033,137.1785,1139.0,1136.75,2.25,5a
JA/GF-104,Sannotani,36.2739,137.20531,1137.0,1132.64,4.3599999999999,5a
JA/GF-105,JA/GF-105,35.7505,136.8606,1132.0,1129.27,2.730000000000018,5a
JA/GF-106,Miyabora,36.0862,137.2139,1131.0,1130.44,0.5599999999999454,5b
JA/GF-107,Kasagiyama,35.5106,137.34779,1128.0,1127.82,0.18000000000006366,5a
JA/GF-108,Kunimidake,35.4617,136.4211,1126.0,1117.37,8.63000000000011,5a
JA/GF-109,Mitsuoyama,35.679,136.7695,1107.0,1105.02,1.9800000000000182,5a
JA/GF-110,Asaya,35.8656,137.1506,1103.0,1102.16,0.8399999999999181,5a
JA/GF-111,Hachioyama,35.7927,137.21181,1101.0,1100.21,0.7899999999999636,5a
JA/GF-112,Ozouzoyama,36.3396,136.8606,1085.0,1084.04,0.9600000000000364,5a
JA/GF-113,Wakidaniyama,35.6147,136.38361,1080.0,1077.82,2.1800000000000637,5a
JA/GF-114,Shikaasobiyama,35.5652,137.3427,1080.0,1080.17,0.17000000000007276,5a
JA/GF-115,Kaburayama,35.7367,136.79961,1069.0,1067.48,1.5199999999999818,5a
JA/GF-116,Oodawa,35.6248,136.33771,1068.0,1067.18,0.8199999999999363,5a
JA/GF-117,Hassyakudani,36.0968,137.2782,1053.0,1052.57,0.43000000000006366,5a
JA/GF-118,Nishikawayama,35.7953,136.8653,1052.0,1049.65,2.349999999999909,5a
JA/GF-120,Takane,35.6684,136.8418,1050.0,1043.64,6.3599999999999,5a
JA/GF-121,Near Iwadake,35.6749,136.61861,1050.0,1046.41,3.589999999999918,5a
JA/GF-122,Imabuchigatake,35.632,136.8779,1048.0,1047.4,0.599999999999909,5a
JA/GF-123,Funabuseyama,35.6583,136.6815,1040.0,1039.66,0.33999999999991815,5a
JA/GF-124,JA/GF-124,35.6983,136.74319,1030.0,1027.64,2.3599999999999,5a
JA/GF-125,Takaiwa,35.6394,137.36971,1004.0,1001.33,2.669999999999959,5a
JA/GF-126,Kasanoo,35.6174,137.3446,1002.0,1003.09,1.0900000000000318,5a
JA/GF-127,Hondouzan,36.2713,137.1154,995.0,994.6,0.39999999999997726,5a
JA/GF-128,Midagahorayama,36.071,137.28011,994.0,991.67,2.330000000000041,5a
JA/GF-129,Shinsuzan,35.6465,137.3999,974.0,972.69,1.3099999999999454,5a
JA/GF-130,JA/GF-130,36.1318,137.33859,962.0,955.05,6.9500000000000455,5a
JA/GF-131,Zekkou,35.8191,137.0112,960.0,958.57,1.42999999999995,5a
JA/GF-132,Zouzouyama,36.284,136.8903,952.0,950.92,1.080000000000041,5a
JA/GF-133,JA/GF-133,35.7313,136.756,950.0,941.93,8.07000000000005,5a
JA/GF-134,Fujishimayama,35.6502,137.2827,945.0,944.48,0.5199999999999818,5a
JA/GF-135,Takamineyama,35.5505,137.50591,945.0,944.83,0.16999999999995907,5a
JA/GF-136,Ikedayama,35.441,136.517,924.0,923.11,0.8899999999999864,5a
JA/GF-137,JA/GF-137,35.4364,136.4653,919.0,917.57,1.42999999999995,5a
JA/GF-138,Mukouyama,35.9293,136.8549,918.0,917.22,0.7799999999999727,5a
JA/GF-139,JA/GF-139,35.5017,136.49921,910.0,908.58,1.419999999999959,5a
JA/GF-140,Natsuyake,35.76,137.24249,909.0,907.68,1.32000000000005,5a
JA/GF-141,Takaterayama,35.6817,137.2184,908.0,907.05,0.9500000000000455,5a
JA/GF-142,Shougadake,35.2837,136.5112,908.0,907.27,0.7300000000000182,5a
JA/GF-143,Kengyouzan,35.527,137.269,905.0,904.26,0.7400000000000091,5a
JA/GF-144,Atsutani,35.7693,137.1945,898.0,896.43,1.57000000000005,5a
JA/GF-145,Muzoreyama,35.5978,137.2834,889.0,887.62,1.3799999999999955,5a
JA/GF-146,Iwagoke,35.7223,137.2608,887.0,886.17,0.8300000000000409,5a
JA/GF-147,Mineyama,35.6456,136.7574,881.0,874.72,6.279999999999973,5a
JA/GF-148,Iwaya,35.7458,137.17439,873.0,871.66,1.3400000000000318,5a
JA/GF-149,JA/GF-149,35.7351,136.5894,870.0,874.77,4.769999999999982,5a
JA/GF-150,Gongenyama,35.5311,137.28931,867.0,864.73,2.269999999999982,5a
JA/GF-151,Hakusan,35.6198,137.2287,863.0,861.39,1.6100000000000136,5a
JA/GF-152,Jyouganesan,35.608,137.51379,837.0,836.29,0.7100000000000364,5a
JA/GF-153,Hinokio,35.5712,136.43629,827.0,825.68,1.32000000000005,5a
JA/GF-154,Fukabora,36.1805,137.23039,825.0,821.99,3.009999999999991,10b
JA/GF-155,Tashiroyama,35.3527,137.3273,820.0,819.17,0.8300000000000409,5a
JA/GF-156,Chigosan,35.7515,136.9938,818.0,814.89,3.1100000000000136,5a
JA/GF-157,Kurodake,35.7015,137.0676,795.0,793.15,1.8500000000000227,5a
JA/GF-158,Takatoyama,35.2431,137.4306,795.0,794.41,0.5900000000000318,5a
JA/GF-159,JA/GF-159,35.4136,136.46001,790.0,795.01,5.009999999999991,5a
JA/GF-160,Takeyama,35.7115,137.00751,775.0,773.49,1.509999999999991,5a
JA/GF-161,Tairangi,35.706,137.1559,773.0,772.56,0.44000000000005457,5a
JA/GF-162,Nabeyama,35.4144,137.40109,771.0,770.36,0.6399999999999864,5a
JA/GF-163,Mitsuko,35.7337,137.02341,760.0,759.25,0.75,5a
JA/GF-164,JA/GF-164,35.7308,137.0004,750.0,750.82,0.82000000000005,5a
JA/GF-165,Kokashibora,35.6025,136.66341,745.0,738.47,6.529999999999973,5a
JA/GF-166,Ooizumimura,35.3219,137.36659,740.0,727.07,12.92999999999995,5a
JA/GF-167,Sasagatawa,35.575,137.16701,740.0,733.93,6.07000000000005,5a
JA/GF-168,Muryojyuzan,35.5446,137.2065,730.0,732.65,2.6499999999999773,5a
JA/GF-169,Oohira,35.589,137.241,724.0,722.2,1.7999999999999545,5a
JA/GF-170,Tounokura,35.5509,136.53619,720.0,716.55,3.4500000000000455,5a
JA/GF-171,JA/GF-171,35.2554,136.42821,711.0,706.94,4.059999999999945,5a
JA/GF-172,JA/GF-172,35.6809,137.1095,704.0,700.03,3.9700000000000273,5a
JA/GF-173,Hananashiyama,35.4283,137.4453,702.0,701.48,0.5199999999999818,5a
JA/GF-174,Suisyouyama,35.6216,137.1389,688.0,687.19,0.8099999999999454,5a
JA/GF-175,Toyama,35.5218,137.162,686.0,685.26,0.7400000000000091,5a
JA/GF-176,Myouhougatake,35.545,136.59621,667.0,666.2,0.7999999999999545,5a
JA/GF-177,Tashiroyama,35.6016,137.18629,666.0,661.92,4.080000000000041,5a
JA/GF-178,Gozengatake,35.6601,137.1095,664.0,662.58,1.419999999999959,5a
JA/GF-179,Miyama,35.4534,137.2991,660.0,661.59,1.5900000000000318,5a
JA/GF-180,Tsurugi,35.8403,136.8951,640.0,639.21,0.7899999999999636,5a
JA/GF-181,Noukoyama,35.5451,137.0941,633.0,631.83,1.169999999999959,5a
JA/GF-182,Takaokayama,35.6406,137.0956,603.0,594.26,8.740000000000009,5a
JA/GF-183,Takeyama,35.6044,137.0562,599.0,597.75,1.25,5a
JA/GF-184,Funayamadake,35.653,137.0114,591.0,589.0,2.0,5a
JA/GF-185,Kusumi,35.4565,137.34821,580.0,579.54,0.4600000000000364,5a
JA/GF-186,Nakazako,35.6189,136.9866,569.0,567.6,1.3999999999999773,5a
JA/GF-187,Near Gotenzan,35.5481,137.0477,554.0,554.42,0.4199999999999591,5a
JA/GF-188,Tennouzan,35.5611,136.86681,538.0,535.72,2.2799999999999727,5a
JA/GF-189,Funnyoujisan,35.5692,136.82381,520.0,518.76,1.240000000000009,5a
JA/GF-190,Gongenyama,35.5636,136.839,516.0,508.5,7.5,5a
JA/GF-191,Oomoyama,35.5439,136.6597,453.0,452.59,0.410000000000025,5a
JA/GF-192,JA/GF-192,35.6911,136.95399,448.0,443.07,4.930000000000007,5a
JA/GF-193,JA/GF-193,35.6041,136.8013,444.0,436.37,7.6299999999999955,5a
JA/GF-194,Matoyama,35.5243,136.53799,443.0,443.0,0.0,5a
JA/GF-195,Mirokuyama,35.3146,137.06531,437.0,435.11,1.8899999999999864,5a
JA/GF-196,Kojyouzan,35.5585,136.9317,437.0,436.59,0.410000000000025,5a
JA/GF-197,Oobotoke,35.5497,136.9593,435.0,433.89,1.1100000000000136,5a
JA/GF-198,Ganmatayama,35.5055,136.63609,430.0,429.71,0.29000000000002046,5a
JA/GF-199,Near Nanguusan,35.3498,136.50661,420.0,418.98,1.0199999999999818,5a
JA/GF-200,Todogamine,35.4631,136.80009,418.0,417.1,0.8999999999999773,5a
JA/GF-201,Unumamura,35.4281,136.9455,383.0,382.35,0.6499999999999773,5a
JA/GF-202,Yukouyama,35.5145,136.6853,374.0,373.94,0.060000000000002274,5a
JA/GF-203,Nishiyama,35.4175,136.9848,340.0,339.2,0.8000000000000114,5a
JA/GF-204,Kinkazan,35.4334,136.78149,329.0,327.99,1.009999999999991,5a
JA/GF-205,Gongenyama,35.4445,136.8683,317.0,315.86,1.1399999999999864,5a
JA/GF-206,Oobora,35.5057,136.7133,317.0,316.36,0.6399999999999864,5a
JA/GF-207,Nyoraigatake,35.4994,136.7636,276.0,275.08,0.9200000000000159,5a
JA/GF-208,Momisawadake,36.3666,137.60789,2755.0,2750.21,4.789999999999964,5a
JA/GF-209,Sangenyama,35.9367,137.4214,1800.0,1798.54,1.4600000000000364,5a
JA/GF-210,JA/GF-210,36.1778,136.9442,1760.0,1759.83,0.17000000000007276,5a
JA/GF-211,Nijyudaki,36.2773,136.8517,1441.0,1442.12,1.1199999999998909,5a
JA/GF-212,Soureyama,36.2657,136.9496,1433.0,1431.15,1.849999999999909,5a
JA/GF-213,Akigamigongensan,36.0637,137.41611,1415.0,1414.71,0.2899999999999636,5a
JA/GF-214,Roppouzan,36.1117,137.3996,1403.0,1401.99,1.009999999999991,10b
JA/GF-215,Oozoreyama,35.9414,137.3123,1367.0,1366.73,0.2699999999999818,5a
JA/GF-216,Kentouzan,35.9813,136.9601,1352.0,1351.57,0.43000000000006366,5a
JA/GF-217,Near Ooborayama,36.3379,137.26801,1351.0,1349.87,1.1300000000001091,5a
JA/GF-218,Oofurui,36.0371,137.4646,1349.0,1348.12,0.8800000000001091,5a
JA/GF-219,Tanaborayama,36.0495,137.4086,1320.0,1317.55,2.4500000000000455,5a
JA/GF-220,Kuroteyama,36.0645,137.33659,1316.0,1314.86,1.1400000000001,5a
JA/GF-221,Oomukai,36.1129,137.3764,1316.0,1315.61,0.39000000000010004,5a
JA/GF-222,Wakamaruyama,35.7726,136.4458,1286.0,1284.75,1.25,5a
JA/GF-223,Kobokura,35.7315,136.6864,1182.0,1178.91,3.089999999999918,5a
JA/GF-224,Near Toya,36.2832,137.2748,1140.0,1133.24,6.759999999999991,5a
JA/GF-225,Orihora,35.8252,137.0761,1110.0,1107.01,2.990000000000009,5a
JA/GF-226,JA/GF-226,35.6495,136.3586,1090.0,1093.17,3.1700000000000728,5a
JA/GF-227,Horayama,36.0664,137.248,1089.0,1087.35,1.650000000000091,5a
JA/GF-228,Oobora,35.6685,136.7793,1089.0,1086.78,2.2200000000000273,5a
JA/GF-229,Near Mitsumata,35.6249,136.3174,1070.0,1071.18,1.1800000000000637,5a
JA/GF-230,Gyozuibora,35.8483,137.2002,1069.0,1068.04,0.9600000000000364,5a
JA/GF-231,Tsukiyodaniyama,35.5993,136.5619,1066.0,1065.1,0.900000000000091,5a
JA/GF-232,JA/GF-232,35.521,136.47169,1050.0,1047.58,2.4200000000000728,5a
JA/GF-233,Near Umase,35.7678,136.8447,990.0,986.79,3.2100000000000364,5a
JA/GF-234,Tsugadate,35.6624,137.3967,984.0,982.68,1.32000000000005,5a
JA/GF-235,Iwasaki,36.193,137.28439,946.0,945.78,0.22000000000002728,5b
JA/GF-236,Youkinyama,35.5967,136.5986,940.0,934.1,5.899999999999977,5a
JA/GF-237,Kurami,35.6796,136.59489,927.0,925.66,1.3400000000000318,5a
JA/GF-238,Hiraiwa,36.231,137.1563,910.0,909.47,0.5299999999999727,5a
JA/GF-239,Notakiyama,35.7606,137.2767,881.0,881.5,0.5,5a
JA/GF-240,Eboshidake,35.2282,136.4334,870.0,868.6,1.3999999999999773,5a
JA/GF-241,Near Arisaka,35.7541,136.91229,830.0,828.08,1.919999999999959,5a
JA/GF-242,JA/GF-242,35.7227,136.8148,790.0,797.58,7.580000000000041,5a
JA/GF-243,Togeppou,35.7322,137.2213,775.0,771.46,3.5399999999999636,5a
JA/GF-244,Uchigato,36.2998,136.8866,765.0,763.88,1.1200000000000045,5a
JA/GF-245,Nishinohara,35.7074,136.92661,733.0,732.56,0.44000000000005457,5a
JA/GF-246,Kawamata,35.5639,137.1971,716.0,715.31,0.6900000000000546,5a
JA/GF-247,Tougebora,35.6957,137.1992,700.0,697.41,2.590000000000032,5a
JA/GF-248,JA/GF-248,35.6862,137.0723,700.0,701.83,1.830000000000041,5a
JA/GF-249,Aidodake,35.6159,136.7886,671.0,670.25,0.75,5a
JA/GF-250,JA/GF-250,35.6145,137.1557,663.0,664.09,1.0900000000000318,5a
JA/GF-251,JA/GF-251,35.6203,137.1196,650.0,659.32,9.32000000000005,5a
JA/GF-252,Honjinyama,35.4359,137.2924,633.0,632.14,0.8600000000000136,5a
JA/GF-253,Hakusan2,35.7287,136.9626,618.0,617.92,0.08000000000004093,5a
JA/GF-254,Near Takiba,35.6531,137.2261,610.0,600.14,9.860000000000014,5a
JA/GF-255,Nagahora,35.6567,137.1385,565.0,565.18,0.17999999999994998,5a
JA/GF-256,Near Shoaitouge,35.6313,137.09081,550.0,548.73,1.2699999999999818,5a
JA/GF-257,Tanjyoyama,35.5574,136.88831,501.0,499.24,1.759999999999991,5a
JA/GF-258,JA/GF-258,35.65,137.1611,420.0,411.31,8.689999999999998,5a
JA/GF-259,Takayashiroyama,35.3467,137.06911,416.0,415.4,0.6000000000000227,5a
JA/GF-260,Oohirayama,35.5158,137.0199,380.0,378.08,1.920000000000016,5a
JA/GF-261,Ookayama,35.5763,137.02071,359.0,358.67,0.3299999999999841,5a
JA/GF-262,Fujiyama,35.509,137.0354,357.0,356.7,0.30000000000001137,5a
JA/GF-263,Takagiyama,35.5036,137.0229,344.0,341.87,2.1299999999999955,5a
JA/GF-264,Near Kinbara,35.5695,136.6427,320.0,313.34,6.660000000000025,5a
JA/GF-265,Matsukurayama,35.5335,136.9187,316.0,315.35,0.6499999999999773,5a
JA/GF-266,Kitayama,35.4261,136.92149,289.0,288.53,0.4700000000000273,5a
JA/GF-267,Jyogamine,35.4763,136.7515,288.0,286.54,1.4599999999999795,5a
JA/GF-268,Iwatayama,35.4386,136.82471,270.0,265.37,4.6299999999999955,5a
JA/GF-269,Gobouyama,35.4301,136.9104,262.0,262.78,0.7799999999999727,5a
JA/GF-270,Near Mitsuminesan,35.4298,136.82941,245.0,244.31,0.6899999999999977,5a
JA/GF-271,Mayuyama,35.4775,136.7692,231.0,230.2,0.8000000000000114,5a
JA/GF-272,Gomoyama,35.4791,136.7117,225.0,224.1,0.9000000000000057,5a
JA/GF-273,Katsurabata,35.8025,137.17171,888.0,883.42,4.580000000000041,5a
JA/GF-274,Yukiai,35.6437,137.0562,522.0,520.21,1.7899999999999636,5a
JA/GF-275,Yamaguchi,35.5126,136.66431,297.0,296.03,0.9700000000000273,5a
JA/GM-001,Azumayasan,36.5418,138.41299,2354.0,2343.97,10.0300000000002,5a
JA/GM-002,Shibutsusan,36.9034,139.1732,2228.0,2226.56,1.4400000000000546,5a
JA/GM-003,Tsubakurosuyama,36.8527,139.3486,2222.0,2215.35,6.650000000000091,5a
JA/GM-004,Omeshidake,36.6288,138.4586,2160.0,2160.69,0.6900000000000546,5a
JA/GM-005,Hotakayama,36.8052,139.1326,2158.0,2157.51,0.4899999999997817,5a
JA/GM-006,Shiroudake,36.8441,139.3299,2156.0,2156.22,0.2199999999997999,5a
JA/GM-007,Shirasunayama,36.7381,138.6935,2140.0,2139.4,0.599999999999909,5a
JA/GM-008,Uenokurayama,36.7604,138.7225,2120.0,2118.35,1.650000000000091,5a
JA/GM-009,Akaishiyama,36.7038,138.5435,2109.0,2106.8,2.199999999999818,5a
JA/GM-010,Sennokurayama,36.8175,138.83949,2026.0,2025.72,0.2799999999999727,5a
JA/GM-011,Nikurayama,36.8864,139.2717,2024.0,2019.96,4.039999999999964,5a
JA/GM-012,Keiduruyama,36.9569,139.2106,2004.0,2002.33,1.6700000000000728,5a
JA/GM-013,Donabeyama,36.6011,138.4407,2000.0,2001.05,1.0499999999999545,5a
JA/GM-014,Kakumayama,36.4529,138.40829,1981.0,1973.04,7.960000000000036,5a
JA/GM-015,Mitsukabeyama,36.719,138.6208,1970.0,1970.22,0.22000000000002728,5a
JA/GM-016,Makihatayama,36.9786,138.96429,1967.0,1960.67,6.329999999999927,5a
JA/GM-017,Mantarousan,36.8242,138.8792,1954.0,1950.47,3.5299999999999727,5a
JA/GM-018,Ozawadake,36.9873,139.0472,1946.0,1942.0,4.0,5a
JA/GM-019,Asahidake,36.8807,138.9726,1945.0,1943.9,1.099999999999909,5a
JA/GM-020,Sajikiyama,36.4424,138.427,1931.0,1931.96,0.9600000000000364,5a
JA/GM-021,Karasawayama,36.9357,138.96671,1900.0,1899.62,0.38000000000010914,5a
JA/GM-022,Nishiyama,36.8413,139.1982,1898.0,1897.22,0.7799999999999727,5a
JA/GM-023,Akagisan (Kurobisan),36.5604,139.1933,1828.0,1827.24,0.7599999999999909,5a
JA/GM-024,Asamakakushiyama,36.4537,138.6525,1757.0,1755.87,1.1300000000001091,5a
JA/GM-025,Oizumatasan,36.7973,138.8894,1749.0,1746.56,2.4400000000000546,5a
JA/GM-026,Akagisan (Jizoudake),36.541,139.17731,1674.0,1673.1,0.900000000000091,5a
JA/GM-027,Hanamagariyama,36.4108,138.6452,1655.0,1642.34,12.660000000000082,5a
JA/GM-028,Nishimae,36.9614,139.0768,1594.0,1593.43,0.5699999999999363,5a
JA/GM-029,Tomebuyama,36.3961,138.65199,1591.0,1589.91,1.0899999999999181,5a
JA/GM-030,Akagunayama,36.1437,138.84331,1522.0,1522.61,0.6099999999999,5a
JA/GM-031,Matsuiwayama,36.6384,138.6904,1512.0,1510.49,1.509999999999991,5a
JA/GM-032,Amagahageyama,36.7827,139.04401,1466.0,1464.53,1.4700000000000273,5a
JA/GM-033,Harunasan (Kamongatake),36.4774,138.85091,1449.0,1446.4,2.599999999999909,5a
JA/GM-034,JA/GM-034,36.6934,139.2661,1447.0,1449.89,2.8900000000001,5a
JA/GM-035,Arafuneyama,36.204,138.6371,1423.0,1421.41,1.5899999999999181,5a
JA/GM-036,Soumayama,36.4745,138.9008,1411.0,1407.88,3.119999999999891,5a
JA/GM-037,Ryugadake,36.4655,138.6819,1411.0,1409.85,1.150000000000091,5a
JA/GM-039,Eboshigatake,36.4875,138.8748,1363.0,1364.24,1.240000000000009,5a
JA/GM-040,Tashiroyama,36.7076,139.17059,1351.0,1345.46,5.539999999999964,5a
JA/GM-041,Futatsudake(Odake),36.4821,138.9054,1343.0,1334.4,8.599999999999909,5a
JA/GM-042,Takamayama,36.5751,138.6815,1342.0,1341.5,0.5,5a
JA/GM-043,Adumayasan,36.7465,138.92731,1341.0,1339.75,1.25,5a
JA/GM-044,Mukouyama,36.7831,139.0208,1324.0,1322.15,1.849999999999909,5a
JA/GM-045,Mitsumineyama,36.4617,138.88229,1315.0,1313.74,1.259999999999991,5a
JA/GM-046,Komochiyama,36.592,138.9977,1296.0,1295.54,0.4600000000000364,5a
JA/GM-047,Mikaboyama (Nishimikaboyama),36.1523,138.9183,1286.0,1284.48,1.5199999999999818,5a
JA/GM-049,Hatayagatake,36.4576,138.8651,1271.0,1265.37,5.630000000000109,5a
JA/GM-050,Mizunashiyama,36.633,139.2112,1271.0,1270.78,0.22000000000002728,5a
JA/GM-051,Takadayama,36.651,138.7776,1212.0,1211.59,0.41000000000008185,5a
JA/GM-053,Onokoyama,36.5808,138.937,1208.0,1207.34,0.6600000000000819,5a
JA/GM-054,Nikkureyama,36.2845,138.63271,1207.0,1205.03,1.9700000000000273,5a
JA/GM-055,Atagoyama,36.3003,138.65849,1192.0,1189.86,2.1400000000001,5a
JA/GM-056,Ooyama,36.2901,138.65759,1183.0,1180.42,2.5799999999999272,5a
JA/GM-057,Kazumayama,36.5848,138.7612,1182.0,1180.6,1.400000000000091,5a
JA/GM-058,Yakyusan,36.304,138.6989,1162.0,1157.42,4.579999999999927,5a
JA/GM-059,Nikaiyama,36.6583,138.9034,1158.0,1156.8,1.2000000000000455,5a
JA/GM-060,Takahatayama,36.708,138.8754,1143.0,1142.34,0.6600000000000819,5a
JA/GM-061,JA/GM-061,36.817,138.9977,1123.0,1114.42,8.579999999999927,5a
JA/GM-062,Mitsuminesan,36.7196,139.01801,1123.0,1120.63,2.369999999999891,5a
JA/GM-063,Zanmayama,36.5238,139.4016,1107.0,1106.55,0.4500000000000455,5a
JA/GM-064,Myougisan (Soumadake),36.2986,138.74879,1104.0,1098.83,5.170000000000073,5a
JA/GM-065,Ozawadake,36.1633,138.7621,1089.0,1087.16,1.8399999999999181,5a
JA/GM-066,Midouyama,36.2568,138.73109,878.0,872.56,5.440000000000055,5a
JA/GM-067,Arikawadake,36.6339,138.8512,853.0,849.0,4.0,5a
JA/GM-068,Oogetayama,36.245,138.77229,836.0,833.28,2.7200000000000273,5a
JA/GM-069,Motoshiranesan,36.6229,138.53169,2171.0,2171.33,0.32999999999992724,5a
JA/GM-070,Hakamakoshiyama,36.913,139.3492,2042.0,2038.37,3.630000000000109,5a
JA/GM-071,Akakuradake,36.9605,139.1454,1958.0,1957.62,0.38000000000010914,5a
JA/GM-072,Sarabuseyama,36.9146,139.278,1917.0,1916.28,0.7200000000000273,5a
JA/GM-073,Bunoudake,36.867,138.9196,1759.0,1757.92,1.0799999999999272,5a
JA/GM-074,Murakamiyama,36.455,138.44859,1746.0,1745.82,0.18000000000006366,5a
JA/GM-075,Arayama,36.5259,139.1655,1572.0,1571.1,0.900000000000091,5a
JA/GM-076,Nikurazawa,36.7376,139.31799,1558.0,1557.48,0.5199999999999818,5a
JA/GM-077,Kanpou,36.5152,138.64461,1474.0,1473.32,0.6800000000000637,5a
JA/GM-078,Kennomine,36.4157,138.6814,1429.0,1426.44,2.5599999999999454,5a
JA/GM-079,Tsunoochiyama,36.4218,138.6882,1393.0,1390.91,2.089999999999918,5a
JA/GM-080,Harunafuji,36.4769,138.8783,1390.0,1389.8,0.20000000000004547,5a
JA/GM-081,Inafukumiyama,36.1695,138.8252,1370.0,1369.46,0.5399999999999636,5a
JA/GM-082,Bingushiyama,36.4869,138.86391,1350.0,1346.04,3.9600000000000364,5a
JA/GM-083,JA/GM-083,36.666,138.81551,1293.0,1287.56,5.440000000000055,5a
JA/GM-084,Higashimikaboyama,36.1492,138.9415,1246.0,1245.4,0.599999999999909,5a
JA/GM-085,Jyunigatake,36.587,138.923,1201.0,1199.54,1.4600000000000364,5a
JA/GM-086,Yagasakiyama,36.3342,138.65041,1184.0,1181.78,2.2200000000000273,5a
JA/GM-087,Takasoriyama,36.0948,138.7834,1130.0,1129.45,0.5499999999999545,5a
JA/GM-088,Eboshiiwa,36.3136,138.7149,1117.0,1102.71,14.289999999999964,5a
JA/GM-089,Shiraishiyama,36.1289,138.8593,1102.0,1097.97,4.029999999999973,5a
JA/GM-090,Kondouzan,36.2883,138.7383,1094.0,1090.17,3.8299999999999272,5a
JA/GM-091,JA/GM-091,36.5444,138.73,1080.0,1081.2,1.2000000000000455,5a
JA/GM-092,JA/GM-092,36.1464,138.61909,1032.0,1027.8,4.2000000000000455,5a
JA/GM-093,Amefuriyama,36.1437,138.9801,1012.0,1011.04,0.9600000000000364,5a
JA/GM-094,Kanatake,36.2064,138.72459,1010.0,1007.62,2.3799999999999955,5a
JA/GM-095,Takashiba,36.6477,139.1937,994.0,993.53,0.4700000000000273,5a
JA/GM-096,Sankyusan,36.3388,138.6969,991.0,987.8,3.2000000000000455,5a
JA/GM-097,Sansekisonyama,36.7658,138.946,956.0,955.68,0.32000000000005,5a
JA/GM-098,Inamurayama,36.3232,138.6778,952.0,949.88,2.1200000000000045,5a
JA/GM-099,Yotsumatayama,36.1995,138.7375,899.0,895.34,3.659999999999968,5a
JA/GM-100,Fujisengenyama,36.1731,138.7065,898.0,897.2,0.7999999999999545,5a
JA/GM-101,Takeyama,36.6139,138.83099,789.0,786.35,2.6499999999999773,5a
JA/GM-102,Kongounokaya,36.1804,138.7793,788.0,786.24,1.759999999999991,5a
JA/GM-103,Togamiyama,36.6821,139.0553,771.0,770.86,0.13999999999998636,5a
JA/GM-104,Chausuyama,36.3783,139.32629,294.0,293.76,0.2400000000000091,5a
JA/GM-105,Kanayama,36.3176,139.3777,239.0,235.22,3.780000000000001,5a
JA/GM-106,Kashouzan,36.759,139.0623,1322.0,1317.96,4.039999999999964,5a
JA/GM-107,Takajyokki,36.5228,138.6718,1237.0,1236.85,0.15000000000009095,5a
JA/GM-108,Ookaneharagatake,36.4492,138.8609,1252.0,1253.16,1.1600000000000819,5a
JA/HG-001,Hyonosen (Suganosen),35.354,134.51379,1510.0,1508.8,1.2000000000000455,5a
JA/HG-002,Mimuroyama,35.2367,134.4628,1358.0,1357.28,0.7200000000000273,5a
JA/HG-003,Ushiroyama,35.1868,134.41119,1344.0,1341.84,2.160000000000082,5a
JA/HG-004,Tengoyasan,35.2373,134.42039,1245.0,1243.51,1.490000000000009,5a
JA/HG-005,Aogamaru,35.4236,134.47591,1239.0,1238.74,0.2599999999999909,5a
JA/HG-006,Hachibuseyama,35.3954,134.5363,1222.0,1220.95,1.0499999999999545,5a
JA/HG-007,Akataniyama,35.2801,134.5134,1217.0,1214.72,2.2799999999999727,5a
JA/HG-008,Uematsuyama,35.1759,134.4847,1191.0,1190.26,0.7400000000000091,5a
JA/HG-009,Senchougamine,35.1834,134.6976,1141.0,1139.83,1.1700000000000728,5a
JA/HG-010,Fujinashiyama,35.2667,134.60049,1139.0,1138.91,0.08999999999991815,5a
JA/HG-011,Myoukenyama,35.4106,134.6438,1139.0,1136.06,2.9400000000000546,5a
JA/HG-012,Sankyuanzan,35.2471,134.5721,1123.0,1121.9,1.099999999999909,5a
JA/HG-013,Dangamine,35.1916,134.7274,1103.0,1102.01,0.9900000000000091,5a
JA/HG-014,Ajyariyama,35.2212,134.56059,1087.0,1086.31,0.6900000000000546,5a
JA/HG-015,Gyouseizan,35.1323,134.65669,1077.0,1076.41,0.5899999999999181,5a
JA/HG-016,Sobugatake,35.4708,134.638,1074.0,1073.66,0.33999999999991815,5a
JA/HG-017,Hitotsuyama,35.207,134.5808,1065.0,1063.64,1.3599999999999,5a
JA/HG-018,Surugamine,35.286,134.696,1054.0,1052.1,1.900000000000091,5a
JA/HG-019,Hinakurasan,35.1479,134.4086,1047.0,1046.15,0.849999999999909,5a
JA/HG-020,Kuroozan,35.1056,134.5396,1025.0,1023.83,1.169999999999959,5a
JA/HG-021,Higashiyama,35.1704,134.5844,1016.0,1015.3,0.7000000000000455,5a
JA/HG-022,Sengamine,35.1447,134.8839,1005.0,1004.32,0.67999999999995,5a
JA/HG-023,Takahatayama,35.1441,134.81709,984.0,980.82,3.17999999999995,5a
JA/HG-024,JA/HG-024,35.254,134.702,980.0,983.87,3.8700000000000045,5a
JA/HG-025,Kurotaki,35.0897,134.6622,977.0,975.78,1.2200000000000273,5a
JA/HG-026,Oodanyama,35.1985,134.6787,966.0,965.34,0.6599999999999682,5a
JA/HG-027,Awagayama,35.2728,134.91541,962.0,961.67,0.3300000000000409,5a
JA/HG-028,Kasagatayama,35.0642,134.8347,939.0,938.15,0.8500000000000227,5a
JA/HG-029,Rokkousan,34.778,135.2637,931.0,931.55,0.5499999999999545,5a
JA/HG-030,Mataniyama,35.1649,134.9025,928.0,927.45,0.5499999999999545,5a
JA/HG-031,JA/HG-031,35.1242,134.52879,920.0,918.43,1.57000000000005,5a
JA/HG-032,JA/HG-032,35.5372,134.63699,917.0,908.09,8.909999999999968,5a
JA/HG-033,JA/HG-033,35.1093,134.80859,882.0,880.96,1.0399999999999636,5a
JA/HG-034,Kumosuyama,35.242,134.89951,876.0,875.49,0.5099999999999909,5a
JA/HG-035,Suikenzan(Northeast  Peak),35.0741,134.524,880.0,875.45,4.5499999999999545,5a
JA/HG-036,Takinoyasan,35.3235,134.7674,856.0,855.08,0.9199999999999591,5a
JA/HG-037,Takamine,35.1782,134.647,845.0,843.22,1.7799999999999727,5a
JA/HG-038,Nishitokonoozan,35.4074,134.90289,843.0,845.38,2.3799999999999955,5a
JA/HG-039,Sasagamine,35.1477,134.96111,827.0,794.1,32.89999999999998,5a
JA/HG-040,Soukengyousan,35.1517,134.3821,824.0,822.15,1.8500000000000227,5a
JA/HG-041,Naoya,35.2254,134.867,823.0,821.64,1.3600000000000136,5a
JA/HG-042,JA/HG-042,35.108,134.7606,820.0,818.8,1.2000000000000455,5a
JA/HG-043,Ryugatake,35.1724,134.9467,817.0,814.9,2.1000000000000227,5a
JA/HG-044,Wadayama,35.3027,134.6443,809.0,808.48,0.5199999999999818,5a
JA/HG-045,Kamiikuno,35.2038,134.82739,806.0,805.43,0.57000000000005,5a
JA/HG-046,Houbikiyama,35.3799,134.61571,804.0,803.04,0.9600000000000364,5a
JA/HG-047,Oomiyasan,35.2571,134.7448,798.0,796.8,1.2000000000000455,5a
JA/HG-048,Mitake,35.1273,135.2449,793.0,792.42,0.5800000000000409,5a
JA/HG-049,Gozouyama,35.1486,134.57561,791.0,789.22,1.7799999999999727,5a
JA/HG-050,Miharaisan,35.3239,134.701,773.0,772.12,0.8799999999999955,5a
JA/HG-051,Asagoyama,35.2766,134.84489,756.0,755.76,0.2400000000000091,5a
JA/HG-052,Ooyasan,35.0102,135.3127,754.0,752.19,1.8099999999999454,5a
JA/HG-053,Kayamachisan,35.2192,134.9698,748.0,747.8,0.20000000000004547,5a
JA/HG-054,Babayama,35.2571,134.7742,743.0,741.71,1.2899999999999636,5a
JA/HG-055,Oonariyama,35.1287,134.452,743.0,742.1,0.8999999999999773,5a
JA/HG-056,Koganegadake,35.1267,135.2662,725.0,722.92,2.080000000000041,5a
JA/HG-057,Jyousenkitamine,35.0516,135.32719,723.0,722.31,0.6900000000000546,5a
JA/HG-058,Shiragadake,35.046,135.1348,722.0,720.18,1.82000000000005,5a
JA/HG-059,Kaneo,35.555,134.4346,715.0,714.12,0.8799999999999955,5a
JA/HG-060,Saikoujiyama,35.017,135.06551,713.0,711.36,1.6399999999999864,5a
JA/HG-061,Monobeyama,35.2846,134.7943,708.0,706.39,1.6100000000000136,5a
JA/HG-062,Fuchi,35.1456,134.76669,699.0,697.47,1.5299999999999727,5a
JA/HG-063,Mikunigatake,35.0113,135.25819,698.0,696.83,1.169999999999959,5a
JA/HG-064,Kouryujigadake,35.523,134.9711,697.0,695.97,1.0299999999999727,5a
JA/HG-065,Myoukousan,35.0921,134.9146,692.0,688.49,3.509999999999991,5a
JA/HG-066,Okurabeyama,35.3274,134.81281,692.0,689.34,2.659999999999968,5a
JA/HG-067,Nagusayama,35.0159,134.7036,683.0,679.63,3.3700000000000045,5a
JA/HG-068,Hachigaoyama,35.1341,135.319,678.0,676.97,1.0299999999999727,5a
JA/HG-069,Kutosan,35.619,134.57159,671.0,670.27,0.7300000000000182,5a
JA/HG-070,Myoujinsan,35.0012,134.65311,668.0,666.25,1.75,5a
JA/HG-071,Tourigadake,35.4753,134.9783,664.0,660.64,3.3600000000000136,5a
JA/HG-072,Takayama,35.0518,135.08099,660.0,658.57,1.42999999999995,5a
JA/HG-073,Ookayama,35.5118,134.71449,660.0,656.8,3.2000000000000455,5a
JA/HG-074,JA/HG-074,35.0176,135.19231,659.0,658.16,0.8400000000000318,10b
JA/HG-075,Godaisan,35.2232,135.0687,655.0,652.68,2.32000000000005,5a
JA/HG-076,Oofunayama,34.9578,135.2822,653.0,652.41,0.5900000000000318,5a
JA/HG-077,Nishiterayama,35.0176,135.1123,646.0,643.95,2.0499999999999545,5a
JA/HG-078,Miyayama,35.0514,134.5538,646.0,644.56,1.4400000000000546,5a
JA/HG-079,Houtakuyama,35.5125,134.9269,643.0,641.78,1.2200000000000273,5a
JA/HG-080,Iwaomine,35.1357,135.3432,630.0,624.28,5.720000000000027,5a
JA/HG-081,Near Myokenzan,35.0538,135.0368,630.0,626.93,3.07000000000005,5a
JA/HG-082,Kurozuhou,35.1226,135.14281,620.0,619.86,0.13999999999998636,5a
JA/HG-083,Yuzuruhasan,34.2349,134.81419,608.0,607.35,0.6499999999999773,5a
JA/HG-084,Oyashirazu,35.258,135.0912,605.0,603.02,1.9800000000000182,5a
JA/HG-085,JA/HG-085,35.5674,134.5677,600.0,598.7,1.2999999999999545,5a
JA/HG-086,Chigogahakayama,34.7836,135.14011,596.0,595.78,0.22000000000002728,5a
JA/HG-087,Yuzurihayama,35.134,135.104,594.0,588.78,5.220000000000027,5a
JA/HG-088,Kokuzousan,34.985,135.13921,592.0,591.47,0.5299999999999727,5a
JA/HG-089,Wadenjiyama,34.9923,135.11349,591.0,589.02,1.9800000000000182,5a
JA/HG-090,Senjyoujisan,34.9674,135.22189,590.0,589.01,0.9900000000000091,5a
JA/HG-091,Nakamukase,34.2455,134.8381,586.0,584.82,1.17999999999995,5a
JA/HG-092,Chouzuisan,35.0442,134.5282,584.0,580.8,3.2000000000000455,5a
JA/HG-093,Nagusayari,35.013,134.7211,577.0,574.49,2.509999999999991,5a
JA/HG-094,Oozorayama,35.5461,134.5276,576.0,574.35,1.6499999999999773,5a
JA/HG-095,Kamimikawa,35.0854,134.41879,574.0,573.64,0.36000000000001364,10b
JA/HG-096,Kashiwarayama,34.2838,134.8968,569.0,568.24,0.7599999999999909,5a
JA/HG-097,Yatsugiyama,35.5509,134.739,568.0,567.24,0.7599999999999909,5a
JA/HG-098,Kuruhidake,35.612,134.7854,567.0,564.38,2.6200000000000045,5a
JA/HG-099,Myoukousan,35.1727,135.1608,565.0,563.59,1.4099999999999682,5a
JA/HG-100,Jyougayama,35.5252,134.54089,563.0,562.23,0.7699999999999818,5a
JA/HG-101,Daitokuzan,35.3751,134.75301,556.0,554.54,1.4600000000000364,5a
JA/HG-102,Kamonbashi,35.2054,134.6422,555.0,550.32,4.67999999999995,5a
JA/HG-103,Oominesan,34.8553,135.332,552.0,551.8,0.20000000000004547,5a
JA/HG-104,Kitayama,34.9933,135.07249,552.0,549.76,2.240000000000009,5a
JA/HG-105,Toishiba,35.6446,134.52541,551.0,550.0,1.0,5a
JA/HG-106,Ishidoyama,35.1079,135.0323,549.0,547.06,1.9400000000000546,5a
JA/HG-107,JA/HG-107,35.0332,134.4579,540.0,543.02,3.019999999999982,5a
JA/HG-108,Shimizudera,34.9745,135.0827,540.0,536.65,3.3500000000000227,5a
JA/HG-109,Enmeijiyama,35.0923,134.94791,540.0,538.29,1.7100000000000364,5a
JA/HG-110,JA/HG-110,34.9516,135.259,539.0,531.53,7.470000000000027,5a
JA/HG-111,Ueno,35.3526,134.7963,538.0,537.31,0.6900000000000546,5a
JA/HG-112,Minarusan,35.5888,134.4501,536.0,535.65,0.35000000000002274,5a
JA/HG-113,Kurotani,35.3766,134.8521,536.0,534.85,1.1499999999999773,5a
JA/HG-114,Hiedani,35.0689,134.8833,532.0,531.68,0.32000000000005,5a
JA/HG-115,JA/HG-115,34.2759,134.8661,530.0,537.76,7.759999999999991,5a
JA/HG-116,JA/HG-116,35.4198,134.84109,530.0,535.89,5.889999999999986,5a
JA/HG-117,Hatsukayama,34.9186,135.2679,524.0,523.48,0.5199999999999818,5a
JA/HG-118,Myoukenyama,34.4972,134.9435,522.0,521.8,0.20000000000004547,5a
JA/HG-119,Kourousan,35.1621,135.01669,520.0,518.85,1.1499999999999773,5a
JA/HG-120,Ookurayama,34.8927,134.5098,520.0,518.45,1.5499999999999545,5a
JA/HG-121,Kuzuosan,35.246,135.03439,519.0,517.3,1.7000000000000455,5a
JA/HG-122,Kusabutoyama,35.536,134.4798,516.0,514.96,1.0399999999999636,5a
JA/HG-123,JA/HG-123,35.2929,134.9855,513.0,501.89,11.110000000000014,5a
JA/HG-124,JA/HG-124,35.0044,134.6105,511.0,509.63,1.3700000000000045,5a
JA/HG-125,Minousan,34.909,134.4485,508.0,507.85,0.14999999999997726,5a
JA/HG-126,Ishiganesan,35.0707,134.97701,508.0,508.07,0.06999999999999318,5a
JA/HG-127,Funaiwa,34.9288,134.3259,507.0,506.22,0.7799999999999727,5a
JA/HG-128,JA/HG-128,35.3349,134.8924,501.0,494.91,6.089999999999975,5a
JA/HG-129,Kifune,34.9898,134.89931,497.0,496.15,0.8500000000000227,5a
JA/HG-130,Kurotani,34.9706,134.59869,494.0,492.63,1.3700000000000045,5a
JA/HG-131,Toyofuku,35.0675,134.3212,493.0,491.9,1.1000000000000227,10b
JA/HG-132,Fudousan,34.9466,134.60001,479.0,477.01,1.990000000000009,5a
JA/HG-133,Kusuyama,34.9367,134.3746,478.0,476.13,1.8700000000000045,5a
JA/HG-135,Higashiyama,35.0101,135.1384,471.0,470.25,0.75,5a
JA/HG-136,Makigamine,35.052,135.19,467.0,466.12,0.8799999999999955,5a
JA/HG-137,Kanashiyama,35.2978,134.8494,464.0,459.62,4.3799999999999955,5a
JA/HG-138,JA/HG-138,34.967,135.0278,459.0,454.71,4.2900000000000205,5a
JA/HG-139,Furubousan,34.8832,135.3176,459.0,458.78,0.22000000000002728,5a
JA/HG-140,Urushino,35.0415,134.4162,458.0,457.13,0.8700000000000045,5a
JA/HG-141,Kinoyama,34.8966,134.52631,458.0,457.4,0.6000000000000227,5a
JA/HG-142,Ashida,34.9527,134.6474,457.0,456.61,0.38999999999998636,5a
JA/HG-143,Kamihiei,35.0214,135.0119,457.0,455.51,1.490000000000009,5a
JA/HG-144,Hiramatsu,35.0228,134.43069,453.0,451.53,1.4700000000000273,5a
JA/HG-145,Near Zenjiyama,34.9708,134.5654,450.0,449.51,0.4900000000000091,5a
JA/HG-146,JA/HG-146,35.5853,134.8479,450.0,449.93,0.06999999999999318,5a
JA/HG-147,Surugisan,35.4509,134.8055,449.0,448.85,0.14999999999997726,5a
JA/HG-148,Senzan,34.3577,134.83881,448.0,447.52,0.4800000000000182,5a
JA/HG-149,Koudaniyama,35.2258,135.151,443.0,441.67,1.329999999999984,5a
JA/HG-150,Taniyama,34.9235,134.68919,440.0,438.15,1.8500000000000227,5a
JA/HG-151,Shirahatayama,34.9082,134.3808,440.0,439.59,0.410000000000025,5a
JA/HG-152,Tenjindake,34.9787,135.18941,440.0,432.25,7.75,5a
JA/HG-153,Oonadesan,35.0256,134.33549,436.0,433.79,2.2099999999999795,5a
JA/HG-154,Hyakkendake,34.7919,134.3434,435.0,435.82,0.8199999999999932,5a
JA/HG-155,JA/HG-155,35.6164,134.7142,435.0,434.42,0.5799999999999841,5a
JA/HG-156,Minamiyama,34.9541,134.5694,431.0,430.32,0.6800000000000068,5a
JA/HG-157,Yokawa Royal GC (6th hole),34.9524,135.0773,430.0,430.0,0.0,5a
JA/HG-158,Takakurayama(Oragayama),34.945,134.5177,427.0,424.61,2.3899999999999864,5a
JA/HG-159,Takubi,35.6528,134.8055,427.0,425.62,1.3799999999999955,5a
JA/HG-160,JA/HG-160,34.9306,135.4032,427.0,422.33,4.670000000000016,5a
JA/HG-161,Mikusayama,34.9454,135.0363,424.0,422.25,1.75,5a
JA/HG-162,Shiono,34.9857,134.5703,422.0,421.96,0.040000000000020464,5a
JA/HG-164,JA/HG-164,35.0248,134.8802,410.0,411.19,1.1899999999999977,5a
JA/HG-165,Kanashiroyama,34.9719,134.9986,399.0,398.61,0.38999999999998636,5a
JA/HG-166,Soubagaurayama,34.7909,134.31709,395.0,394.18,0.8199999999999932,5a
JA/HG-167,Hirayama,35.4808,134.9397,391.0,389.85,1.1499999999999773,5a
JA/HG-168,Houdaisan,34.8509,134.4142,379.0,378.57,0.4300000000000068,5a
JA/HG-169,Ookiyama,35.0366,134.9738,375.0,373.07,1.9300000000000068,5a
JA/HG-170,Ookamidani,34.8988,134.69479,372.0,369.73,2.269999999999982,5a
JA/HG-171,Horihatayama,35.3774,134.80251,372.0,371.4,0.6000000000000227,5a
JA/HG-172,Shoshazan,34.8925,134.6564,371.0,362.24,8.759999999999991,5a
JA/HG-173,Kannourayama,35.6425,134.6743,365.0,364.25,0.75,5a
JA/HG-174,Yahazuyama,34.9916,134.95061,363.0,362.39,0.6100000000000136,5a
JA/HG-175,Takakurayama,34.9789,134.3555,357.0,353.83,3.170000000000016,5a
JA/HG-176,Takanaga,34.9539,134.664,355.0,352.83,2.170000000000016,5a
JA/HG-177,Iseyama,34.9184,134.6243,353.0,350.85,2.1499999999999773,5a
JA/HG-178,Hijisan,35.3192,134.871,352.0,350.72,1.2799999999999727,5a
JA/HG-179,Teradani,35.3483,134.8582,345.0,344.11,0.8899999999999864,5a
JA/HG-180,Kurosawayama,34.8419,134.3644,335.0,333.84,1.160000000000025,5a
JA/HG-181,Ooishi,34.8533,134.2966,333.0,333.62,0.6200000000000045,5a
JA/HG-182,kutaya,35.4802,134.744,333.0,332.07,0.9300000000000068,5a
JA/HG-183,Noseokuyama,34.7919,134.4994,328.0,325.14,2.8600000000000136,5a
JA/HG-184,Shiroyama,34.9854,134.78191,323.0,322.52,0.4800000000000182,5a
JA/HG-185,Arayama,34.8242,134.4093,316.0,316.46,0.45999999999997954,5a
JA/HG-186,hatayama,34.8888,134.76311,312.0,311.06,0.9399999999999977,5a
JA/HG-187,Takamikurayama,34.8131,134.79289,300.0,300.14,0.13999999999998636,5a
JA/HG-188,Takayama,34.8391,134.7816,298.0,296.45,1.5500000000000114,5a
JA/HG-189,Toyofu,34.8591,134.7482,287.0,285.97,1.0299999999999727,5a
JA/HG-190,Kawamukouyama,34.8133,134.3941,287.0,285.81,1.1899999999999977,5a
JA/HG-191,JA/HG-191,35.6358,134.49229,284.0,283.44,0.5600000000000023,5a
JA/HG-192,Takafuseyama,34.7794,134.44051,280.0,279.79,0.20999999999997954,5a
JA/HG-193,Shiroyama,34.8318,134.8551,271.0,270.6,0.39999999999997726,5a
JA/HG-194,Koumyousan,34.8489,134.4724,261.0,261.06,0.060000000000002274,5a
JA/HG-195,Itadakinoiwa,34.6489,134.46651,250.0,238.55,11.449999999999989,5a
JA/HG-196,Tangashima,34.6667,134.576,193.0,191.43,1.5699999999999932,5a
JA/HG-197,Torokawayama,35.4188,134.5562,1039.0,1038.55,0.4500000000000455,5a
JA/HG-198,Hirano,35.1132,134.6563,1002.0,1001.7,0.2999999999999545,5a
JA/HG-199,Iimoriyama,35.1144,134.8607,900.0,900.09,0.09000000000003183,5a
JA/HG-200,Sumikawa,35.1203,134.5004,880.0,879.0,1.0,5a
JA/HG-201,Mikunidake,35.2121,134.91859,855.0,853.85,1.1499999999999773,5a
JA/HG-202,JA/HG-202,35.2941,134.6105,848.0,846.87,1.1299999999999955,5a
JA/HG-203,Aokurayama,35.2536,134.8705,810.0,809.66,0.34000000000003183,5a
JA/HG-204,Oosugi,35.347,134.6346,794.0,793.86,0.13999999999998636,5a
JA/HG-205,Tanimura,35.1569,134.5592,769.0,769.34,0.34000000000003183,5a
JA/HG-206,Mikata,35.1906,134.9577,753.0,752.29,0.7100000000000364,5a
JA/HG-207,Near Matsuo,35.2222,134.9431,680.0,678.58,1.419999999999959,5a
JA/HG-208,Nishiyama,35.2244,134.76961,667.0,665.92,1.080000000000041,5a
JA/HG-209,Moriuchiyama,35.1253,134.9048,651.0,650.37,0.6299999999999955,5a
JA/HG-210,Mikunigatake,35.0287,135.23531,648.0,646.87,1.1299999999999955,5a
JA/HG-211,JA/HG-211,35.0092,135.216,637.0,636.34,0.6599999999999682,5a
JA/HG-212,Oominoyama,35.2621,134.983,626.0,625.62,0.37999999999999545,5a
JA/HG-213,Tenrokusan,35.0537,135.0593,619.0,617.43,1.57000000000005,5a
JA/HG-214,JA/HG-214,35.5342,135.00121,610.0,604.23,5.769999999999982,5a
JA/HG-215,Nokogiriyama,35.1275,135.1778,605.0,604.68,0.32000000000005,5a
JA/HG-216,Hirugatake,34.9758,135.298,595.0,591.63,3.3700000000000045,5a
JA/HG-217,Okuyama,35.0374,134.7942,574.0,572.97,1.0299999999999727,5a
JA/HG-218,Kawachi,35.0331,134.8069,562.0,560.0,2.0,5a
JA/HG-219,Near Kawami,35.4049,134.8564,560.0,558.8,1.2000000000000455,5a
JA/HG-220,Koumyouzan,35.3995,134.82069,551.0,550.7,0.2999999999999545,5a
JA/HG-221,Shikakurayama,35.178,135.2308,547.0,546.47,0.5299999999999727,5a
JA/HG-222,Takaouzan,35.1462,135.23309,543.0,542.33,0.6699999999999591,5a
JA/HG-223,Kanayama,35.114,135.11391,540.0,536.56,3.4400000000000546,5a
JA/HG-225,Near Kabutoyama,34.2722,134.83569,535.0,538.6,3.6000000000000227,5a
JA/HG-226,Yasushi,35.0043,134.58389,517.0,515.47,1.5299999999999727,5a
JA/HG-227,Atagoyama,34.9665,135.3324,514.0,504.9,9.100000000000023,5a
JA/HG-228,Sasanomaru,35.0343,134.5034,512.0,511.81,0.18999999999999773,5a
JA/HG-229,JA/HG-229,34.9861,134.51019,510.0,508.56,1.4399999999999977,5a
JA/HG-230,Fugizaka,35.0216,135.1387,501.0,495.55,5.449999999999989,5a
JA/HG-231,Near Chino,35.0205,134.84711,490.0,489.83,0.17000000000001592,5a
JA/HG-232,Gongenyama,35.4796,134.9041,475.0,471.12,3.8799999999999955,5a
JA/HG-233,JA/HG-233,35.067,134.39639,460.0,456.99,3.009999999999991,5a
JA/HG-234,Shinsyu,35.037,134.43291,441.0,439.73,1.2699999999999818,5a
JA/HG-235,JA/HG-235,34.9997,134.9278,423.0,419.99,3.009999999999991,5a
JA/HG-236,Miyama,34.9708,134.8093,420.0,415.35,4.649999999999977,5a
JA/HG-237,JA/HG-237,35.052,134.8876,416.0,414.43,1.5699999999999932,5a
JA/HG-238,Mikurayama,34.9328,135.32899,411.0,411.08,0.07999999999998408,5a
JA/HG-239,JA/HG-239,35.5908,134.5249,410.0,407.88,2.1200000000000045,5a
JA/HG-240,JA/HG-240,35.0186,135.15981,406.0,404.52,1.4800000000000182,5a
JA/HG-241,Nishiyama,34.9544,135.06149,405.0,404.88,0.12000000000000455,5a
JA/HG-242,Kitayama,34.9236,134.5696,396.0,395.29,0.7099999999999795,5a
JA/HG-243,Ooiwadake,34.8858,135.2803,384.0,381.54,2.4599999999999795,5a
JA/HG-244,Ookurayama,34.9647,134.7175,384.0,384.59,0.589999999999975,5a
JA/HG-245,Arimafuji,34.924,135.2305,373.0,372.65,0.35000000000002274,5a
JA/HG-246,Kiriyama,35.1721,135.05209,371.0,370.81,0.18999999999999773,5a
JA/HG-247,JA/HG-247,35.1775,135.25771,370.0,367.67,2.329999999999984,5a
JA/HG-248,Rokudouyama,34.8159,134.33189,354.0,353.21,0.7900000000000205,5a
JA/HG-249,Yada,34.981,134.8492,350.0,340.22,9.779999999999973,5a
JA/HG-250,Tsunooyama,34.9635,134.9337,343.0,342.57,0.4300000000000068,5a
JA/HG-251,JA/HG-251,34.9778,134.7529,332.0,328.92,3.079999999999984,5a
JA/HG-252,Takatoriyama,34.6766,135.1302,328.0,328.39,0.38999999999998636,5a
JA/HG-253,Ootaki,35.39,134.77879,327.0,326.31,0.6899999999999977,5a
JA/HG-254,Shiroyama,35.4555,134.87801,321.0,320.69,0.3100000000000023,5a
JA/HG-255,Yokooyama,34.6656,135.10831,312.0,310.49,1.509999999999991,5a
JA/HG-256,Segawa,34.9599,134.5907,311.0,310.59,0.410000000000025,5a
JA/HG-257,Kurakakeyama,34.9162,134.6664,311.0,312.14,1.1399999999999864,5a
JA/HG-258,JA/HG-258,34.9353,134.6189,300.0,303.2,3.1999999999999886,5a
JA/HG-259,Deai,35.4571,134.9503,292.0,292.13,0.12999999999999545,5a
JA/HG-260,JA/HG-260,35.5145,134.7626,290.0,278.86,11.139999999999986,5a
JA/HG-261,Tsukamoto,34.9319,134.6335,285.0,284.77,0.2300000000000182,5a
JA/HG-262,Niuno,35.6459,134.57091,284.0,283.45,0.5500000000000114,5a
JA/HG-263,Nanhenjiyama,34.2767,134.72591,274.0,273.08,0.9200000000000159,5a
JA/HG-264,Jyougayama,34.7768,134.5119,265.0,264.77,0.2300000000000182,5a
JA/HG-265,JA/HG-265,35.6231,134.8317,262.0,260.01,1.990000000000009,5a
JA/HG-266,Yachigusayama,34.9415,134.7991,260.0,263.17,3.170000000000016,5a
JA/HG-267,Tennouzan,34.8523,134.3358,260.0,259.77,0.2300000000000182,5a
JA/HG-268,JA/HG-268,34.8782,134.5959,260.0,256.29,3.7099999999999795,5a
JA/HG-269,Zenbouyama,34.8785,134.83121,251.0,251.16,0.1599999999999966,5a
JA/HG-270,JA/HG-270,34.3023,134.7177,250.0,249.89,0.11000000000001364,5a
JA/HG-271,JA/HG-271,34.8621,134.80701,250.0,254.21,4.210000000000008,5a
JA/HG-272,Shiroyama,34.8402,134.61169,250.0,248.43,1.5699999999999932,5a
JA/HG-273,Anaga,34.3005,134.67641,249.0,248.24,0.7599999999999909,5a
JA/HG-274,Kannonyama,35.6333,134.4622,245.0,244.52,0.47999999999998977,5a
JA/HG-275,Nobuka,34.8544,134.7982,243.0,242.61,0.38999999999998636,5a
JA/HG-276,JA/HG-276,34.3182,134.8078,233.0,222.55,10.449999999999989,5a
JA/HG-277,Uyama,34.3643,134.884,233.0,233.41,0.4099999999999966,5a
JA/HG-278,Idani,34.8691,134.3235,231.0,229.6,1.4000000000000057,5a
JA/HG-279,Kawaragaichi,34.8975,134.59531,228.0,226.69,1.3100000000000023,5a
JA/HG-280,Katayama,34.8727,134.56059,227.0,223.23,3.7700000000000102,5a
JA/HG-281,Shibayama,35.6627,134.6909,223.0,220.93,2.069999999999993,5a
JA/HG-282,Kyonou,34.8489,134.8667,220.0,219.87,0.12999999999999545,5a
JA/HG-283,Iimoriyama,34.8053,134.84891,216.0,212.93,3.069999999999993,5a
JA/HG-284,Kyoumiyama,34.8174,134.6167,215.0,215.33,0.3300000000000125,5a
JA/HG-285,Touyama,34.8561,134.63499,213.0,212.75,0.25,5a
JA/HG-286,Ozaki,34.7479,134.42191,209.0,209.29,0.28999999999999204,5a
JA/HG-287,Momitori,34.8352,134.6516,200.0,198.93,1.0699999999999932,5a
JA/HG-288,JA/HG-288,35.6314,134.4373,190.0,183.39,6.610000000000014,5a
JA/HG-289,Jinjyuzan,34.8063,134.71069,174.0,173.55,0.44999999999998863,5a
JA/HG-290,Minamiyama,34.8053,134.7397,166.0,165.71,0.28999999999999204,5a
JA/HG-291,Tsuiyama,35.6535,134.83411,159.0,158.13,0.8700000000000045,5a
JA/HG-292,Umayama,34.851,134.59869,174.0,172.57,1.4300000000000068,5a
JA/HS-001,Osorakanzan,34.5955,132.1297,1346.0,1345.54,0.4600000000000364,5a
JA/HS-002,Kanmuriyama,34.4687,132.0761,1339.0,1337.74,1.259999999999991,5a
JA/HS-003,Jippouzan,34.565,132.1422,1328.0,1327.08,0.9200000000000728,5a
JA/HS-004,Hibayama (Tateeboshiyama),35.0519,133.06551,1299.0,1291.9,7.099999999999909,5a
JA/HS-005,Dougoyama,35.0695,133.23289,1271.0,1268.67,2.3299999999999272,5a
JA/HS-006,Sarumasayama,35.0813,132.9678,1268.0,1267.08,0.9200000000000728,5a
JA/HS-007,Kenashiyama (Fukudagashira),35.0133,133.04781,1253.0,1252.2,0.7999999999999545,5a
JA/HS-008,Azumayama,35.0683,133.0331,1238.0,1237.47,0.5299999999999727,5a
JA/HS-009,Garyuuzan,34.6901,132.19679,1223.0,1222.73,0.2699999999999818,5a
JA/HS-010,Ooyorogiyama,35.0876,132.85451,1218.0,1217.8,0.20000000000004547,5a
JA/HS-011,Asayama,34.7859,132.38139,1218.0,1217.65,0.34999999999990905,5a
JA/HS-012,Nekoyama,35.0292,133.19611,1195.0,1193.06,1.9400000000000546,5a
JA/HS-013,JA/HS-013,34.6192,132.1232,1190.0,1175.94,14.059999999999945,5a
JA/HS-014,Shinnyuuzan,34.6499,132.2068,1153.0,1152.13,0.8699999999998909,5a
JA/HS-015,Iradaniyama,35.0808,133.0806,1149.0,1148.46,0.5399999999999636,5a
JA/HS-016,Kannon,34.5328,132.1761,1135.0,1131.97,3.0299999999999727,5a
JA/HS-017,Hijiriyama,34.6395,132.1465,1113.0,1112.81,0.19000000000005457,5a
JA/HS-018,Obara,34.9917,133.08929,1076.0,1073.91,2.089999999999918,5a
JA/HS-019,Near Shiratakiyama,34.9835,133.18781,1073.0,1070.51,2.490000000000009,5a
JA/HS-020,Komuroi,34.4967,132.1835,1072.0,1071.7,0.2999999999999545,5a
JA/HS-021,Itajikimine,34.4404,132.1454,1071.0,1070.25,0.75,5a
JA/HS-022,Oosayama,34.7477,132.20129,1069.0,1068.66,0.33999999999991815,5a
JA/HS-023,Shibaki,34.628,132.20779,1066.0,1065.13,0.8699999999998909,5a
JA/HS-024,Oomineyama,34.4157,132.2169,1050.0,1031.71,18.289999999999964,5a
JA/HS-025,Yubitanioku,35.0469,132.83569,1048.0,1047.68,0.31999999999993634,5a
JA/HS-026,Ooigatsujiyama,34.9734,133.2652,1040.0,1038.3,1.7000000000000455,5a
JA/HS-027,Onigajyoyama,34.4098,132.0715,1031.0,1030.19,0.8099999999999454,5a
JA/HS-028,Kuroishiyama,35.0604,132.99561,1022.0,1021.18,0.82000000000005,5a
JA/HS-029,Kumayama,34.982,132.923,1019.0,1018.62,0.37999999999999545,5a
JA/HS-030,Oohirasan,34.6261,132.24969,1015.0,1014.49,0.5099999999999909,5a
JA/HS-031,Kanmuriyama,34.4767,132.21339,1004.0,1003.45,0.5499999999999545,5a
JA/HS-032,Kanmuriyama,34.777,132.29871,1003.0,1002.17,0.8300000000000409,5a
JA/HS-033,JA/HS-033,34.7207,132.40559,1002.0,997.86,4.139999999999986,5a
JA/HS-034,Oozueyama,34.7643,132.2261,997.0,996.19,0.8099999999999454,5a
JA/HS-035,Tougouzan,34.4758,132.3075,977.0,975.96,1.0399999999999636,5a
JA/HS-036,Tenjyouzan,34.5405,132.2814,972.0,971.53,0.4700000000000273,5a
JA/HS-037,Yokoyama,34.7498,132.3999,966.0,965.71,0.2899999999999636,5a
JA/HS-038,Shiidaniyama,34.6914,132.40421,954.0,953.38,0.6200000000000045,5a
JA/HS-039,Himizuyama,34.4376,132.1729,948.0,947.92,0.08000000000004093,5a
JA/HS-040,Katsukouzan,34.9498,133.0233,947.0,946.47,0.5299999999999727,5a
JA/HS-041,Imagushiyama,34.9602,133.0598,947.0,945.95,1.0499999999999545,5a
JA/HS-042,Funayama,35.0045,132.8365,940.0,935.97,4.029999999999973,5a
JA/HS-043,Ryuzuyama,34.6653,132.4328,928.0,926.59,1.4099999999999682,5a
JA/HS-044,Sougahaka,34.6817,132.35339,924.0,924.01,0.009999999999990905,5a
JA/HS-045,Takanosuzan,34.566,132.746,922.0,921.13,0.8700000000000045,5a
JA/HS-046,Ikenokusa,34.4567,132.2547,907.0,907.29,0.2899999999999636,5a
JA/HS-047,JA/HS-047,34.508,132.24091,906.0,903.86,2.1399999999999864,5a
JA/HS-048,Tsuchiuchi,35.0224,132.80051,905.0,903.34,1.6599999999999682,5a
JA/HS-049,Kijinomeyama,34.7795,132.53709,897.0,895.98,1.0199999999999818,5a
JA/HS-050,Obara,34.7247,132.36349,890.0,889.66,0.34000000000003183,5a
JA/HS-051,Ongamiyama,34.8495,133.15089,889.0,886.76,2.240000000000009,5a
JA/HS-052,Shirakiyama,34.5213,132.57539,889.0,887.71,1.2899999999999636,5a
JA/HS-053,Kaikenzan,34.6136,132.4838,870.0,869.44,0.5599999999999454,5a
JA/HS-054,Doutokoyama,34.5783,132.4951,860.0,859.07,0.92999999999995,5a
JA/HS-055,Takagure,34.9913,132.767,858.0,856.7,1.2999999999999545,5a
JA/HS-056,Ishibotoke,34.7344,132.25729,849.0,848.02,0.9800000000000182,5a
JA/HS-057,Kanmuriyama,34.9125,132.798,844.0,843.07,0.92999999999995,5a
JA/HS-058,Tubakurodake,34.6923,132.4379,843.0,841.19,1.8099999999999454,5a
JA/HS-059,JA/HS-059,34.6705,132.47079,840.0,838.24,1.759999999999991,5a
JA/HS-060,Norosan (Zendanayama),34.2623,132.6662,839.0,838.89,0.11000000000001364,5a
JA/HS-061,Hoshinokoyama,34.7482,133.22169,834.0,833.65,0.35000000000002274,5a
JA/HS-062,Mengameyama,34.9481,132.7205,830.0,828.49,1.509999999999991,5a
JA/HS-063,Kanbikizan,34.7935,132.4565,826.0,825.27,0.7300000000000182,5a
JA/HS-064,JA/HS-064,34.6609,132.4548,820.0,820.54,0.5399999999999636,5a
JA/HS-065,Oogureyama,34.9395,132.7935,820.0,814.91,5.090000000000032,5a
JA/HS-066,Oohina,34.9212,133.1981,818.0,818.06,0.05999999999994543,5a
JA/HS-067,Shoukyouzan,34.5954,132.2668,817.0,816.66,0.34000000000003183,5a
JA/HS-069,Karashiroyama,34.796,132.50481,814.0,812.76,1.240000000000009,5a
JA/HS-070,Ichinotani,35.0095,133.16789,813.0,812.07,0.92999999999995,5a
JA/HS-071,Ooguromeyama,34.8664,133.09351,802.0,799.49,2.509999999999991,5a
JA/HS-072,Ooduchiyama,34.6393,132.7809,800.0,799.21,0.7899999999999636,5a
JA/HS-073,Sarumamiyama,34.6524,132.4908,796.0,794.78,1.2200000000000273,5a
JA/HS-074,Minamihimizu,34.4082,132.166,794.0,790.26,3.740000000000009,5a
JA/HS-075,Inubushiyama,34.8061,132.61459,791.0,790.66,0.34000000000003183,5a
JA/HS-076,Bizenbouzan,34.5818,132.53751,789.0,788.53,0.4700000000000273,5a
JA/HS-078,Oomarumine,34.6122,132.3718,778.0,777.42,0.5800000000000409,5a
JA/HS-079,Kanazaka,34.9567,132.9731,775.0,773.6,1.3999999999999773,5a
JA/HS-080,Toribukuroyama,34.9408,132.89059,771.0,769.73,1.2699999999999818,5a
JA/HS-081,JA/HS-081,34.9199,133.21809,770.0,769.91,0.09000000000003183,5a
JA/HS-082,Ryuuouzan,34.7526,133.1658,768.0,767.27,0.7300000000000182,5a
JA/HS-083,JA/HS-083,34.4909,132.61211,763.0,762.33,0.6699999999999591,5a
JA/HS-084,Itanabeyama,34.5487,132.8257,757.0,755.48,1.5199999999999818,5a
JA/HS-085,Tenjindake,34.5853,132.8578,757.0,756.98,0.01999999999998181,5a
JA/HS-086,Kakeisan,34.7465,132.4668,752.0,749.9,2.1000000000000227,5a
JA/HS-087,Senyouzan,34.7426,133.3042,742.0,741.68,0.32000000000005,5a
JA/HS-088,Dakeyama,34.6489,133.1568,741.0,735.27,5.730000000000018,5a
JA/HS-089,Doutokoyama,34.6235,132.5751,740.0,739.02,0.9800000000000182,5a
JA/HS-090,Kinmyouzan,34.5234,132.6853,740.0,737.57,2.42999999999995,5a
JA/HS-091,Haigamine,34.27,132.5934,737.0,736.94,0.05999999999994543,5a
JA/HS-092,Nishigahara,34.5666,132.7845,734.0,732.94,1.0599999999999454,5a
JA/HS-093,Azumayama,34.9281,132.8573,731.0,730.81,0.19000000000005457,5a
JA/HS-094,Norosan (Danharayama),34.5088,132.71851,731.0,729.99,1.009999999999991,5a
JA/HS-096,JA/HS-096,34.6832,133.17261,729.0,718.0,11.0,5a
JA/HS-097,Saruhikoyama,34.5761,132.30969,721.0,719.97,1.0299999999999727,5a
JA/HS-098,Kotasan,34.3518,132.6413,719.0,718.56,0.44000000000005457,5a
JA/HS-099,Kashiragatsukoyama,34.7215,132.5932,717.0,716.02,0.9800000000000182,5a
JA/HS-100,JA/HS-100,34.505,132.3418,712.0,711.52,0.4800000000000182,5a
JA/HS-101,Madogayama,34.4396,132.3363,711.0,707.72,3.2799999999999727,5a
JA/HS-102,Hokotoriyama,34.3915,132.5985,711.0,710.79,0.21000000000003638,5a
JA/HS-103,Near Hanganyama,34.9109,132.8221,708.0,707.32,0.67999999999995,5a
JA/HS-104,Near Tsuzurayama,34.6928,132.60899,708.0,703.91,4.090000000000032,5a
JA/HS-105,Hinoyama,34.7353,132.487,702.0,704.93,2.92999999999995,5a
JA/HS-106,Mikuradake,34.3171,132.14799,702.0,700.33,1.669999999999959,5a
JA/HS-107,Uneyama,34.5513,133.0735,699.0,698.02,0.9800000000000182,5a
JA/HS-108,Gongenyama,34.3427,132.23779,699.0,699.24,0.2400000000000091,5a
JA/HS-109,JA/HS-109,34.502,132.32629,695.0,694.23,0.7699999999999818,5a
JA/HS-110,Takiyama,34.5822,132.3965,692.0,691.59,0.40999999999996817,5a
JA/HS-111,Ryuuouzan,34.7971,133.1873,692.0,691.17,0.8300000000000409,5a
JA/HS-112,Ushizuyama,34.5702,132.42329,689.0,684.28,4.720000000000027,5a
JA/HS-113,Kamikatsunariyama,34.3483,132.186,684.0,675.95,8.049999999999955,5a
JA/HS-114,Gosasouzan,34.4229,132.54781,682.0,680.42,1.580000000000041,5a
JA/HS-115,JA/HS-115,34.5793,132.87781,666.0,663.68,2.32000000000005,5a
JA/HS-116,Ryuuousan,34.4558,133.0834,665.0,664.24,0.7599999999999909,5a
JA/HS-117,JA/HS-117,34.5283,132.3692,663.0,661.88,1.1200000000000045,5a
JA/HS-118,Yonamiyama,34.776,133.3302,661.0,660.7,0.2999999999999545,5a
JA/HS-119,Mizumaruyama,34.4138,132.6468,660.0,657.78,2.2200000000000273,5a
JA/HS-120,Bunzouyama,34.7557,132.5188,656.0,655.39,0.6100000000000136,5a
JA/HS-121,Soumori,34.7253,132.54179,654.0,653.17,0.8300000000000409,5a
JA/HS-122,Kasayama,34.2824,132.20731,650.0,649.14,0.8600000000000136,5a
JA/HS-123,Zushiyama,34.6686,133.03371,648.0,647.36,0.6399999999999864,5a
JA/HS-124,Takanosuyama,34.4149,132.2693,647.0,646.34,0.6599999999999682,5a
JA/HS-125,Okadayama,34.6997,132.9323,640.0,636.75,3.25,5a
JA/HS-126,JA/HS-126,34.4684,132.3644,640.0,640.51,0.5099999999999909,5a
JA/HS-127,Niiyama,34.6021,133.0609,635.0,634.56,0.44000000000005457,5a
JA/HS-128,Ojikayama,34.6575,133.08389,634.0,633.38,0.6200000000000045,5a
JA/HS-129,Arataniyama,34.4938,132.4232,631.0,630.53,0.4700000000000273,5a
JA/HS-130,JA/HS-130,34.474,132.71069,630.0,626.24,3.759999999999991,5a
JA/HS-131,Ichikawamura,34.5665,132.6342,629.0,628.04,0.9600000000000364,5a
JA/HS-132,Kawanishi,34.9049,133.0573,621.0,620.21,0.7899999999999636,5a
JA/HS-133,Arataniyama,34.5996,132.66679,620.0,615.99,4.009999999999991,5a
JA/HS-134,Iwakurayama,34.8786,132.7618,617.0,616.19,0.8099999999999454,5a
JA/HS-135,Kakogawa,34.456,132.5985,612.0,610.61,1.3899999999999864,5a
JA/HS-136,Oominesan (Takahaneyama),34.4534,133.04939,610.0,609.58,0.4199999999999591,5a
JA/HS-137,Hayakaze,34.8536,133.27699,606.0,605.6,0.39999999999997726,5a
JA/HS-139,Kyoukoyasan,34.2871,132.24361,596.0,595.66,0.34000000000003183,5a
JA/HS-140,Tokitoritouge,34.7492,132.6366,596.0,595.15,0.8500000000000227,5a
JA/HS-141,Egezan,34.3191,132.5397,593.0,582.38,10.620000000000005,5a
JA/HS-142,Abusan,34.4929,132.48711,586.0,584.22,1.7799999999999727,5a
JA/HS-143,Hatayama,34.6956,132.8839,583.0,582.5,0.5,5a
JA/HS-144,Asakurayama,34.5839,133.11099,578.0,577.48,0.5199999999999818,5a
JA/HS-145,Uga,34.7166,133.0374,575.0,574.52,0.4800000000000182,5a
JA/HS-146,Ryuuouzan,34.4572,132.7417,575.0,574.36,0.6399999999999864,5a
JA/HS-147,Nihongamine,34.4874,132.88429,574.0,572.81,1.1900000000000546,5a
JA/HS-148,JA/HS-148,34.5526,132.99271,571.0,567.88,3.1200000000000045,5a
JA/HS-149,JA/HS-149,34.5839,132.5936,565.0,562.08,2.919999999999959,5a
JA/HS-150,Kaminokurayama,34.5749,132.6886,561.0,558.81,2.1900000000000546,5a
JA/HS-151,JA/HS-151,34.7918,132.65559,560.0,568.14,8.139999999999986,5a
JA/HS-152,JA/HS-152,34.5786,133.14751,560.0,553.18,6.82000000000005,5a
JA/HS-153,Ishidakeyama,34.327,132.6131,559.0,556.99,2.009999999999991,5a
JA/HS-154,Yokokabura,34.3096,132.209,555.0,553.28,1.7200000000000273,5a
JA/HS-155,Kazakoshiyama,34.7002,132.6825,555.0,555.01,0.009999999999990905,5a
JA/HS-156,Horayama,34.3736,132.786,544.0,543.83,0.16999999999995907,5a
JA/HS-157,Notoroyama,34.2162,132.4176,542.0,541.4,0.6000000000000227,5a
JA/HS-158,JA/HS-158,34.6026,133.1019,541.0,539.08,1.919999999999959,5a
JA/HS-159,Togiishiyama,34.659,132.56059,540.0,539.76,0.2400000000000091,5a
JA/HS-160,Misen,34.2796,132.3196,535.0,528.26,6.740000000000009,5a
JA/HS-161,JA/HS-161,34.4741,132.77271,530.0,525.32,4.67999999999995,5a
JA/HS-162,Wagi,34.4938,132.92261,526.0,525.06,0.9400000000000546,5a
JA/HS-163,Mizukoshiyama,34.5299,132.45621,526.0,525.08,0.9199999999999591,5a
JA/HS-164,Matsukoyama,34.4274,132.78461,524.0,522.97,1.0299999999999727,5a
JA/HS-165,Kurubi,34.72,132.8705,522.0,521.2,0.7999999999999545,5a
JA/HS-166,Takamurayama,34.46,132.8744,522.0,514.18,7.82000000000005,5a
JA/HS-167,JA/HS-167,34.4483,132.61259,514.0,499.32,14.680000000000007,5a
JA/HS-168,JA/HS-168,34.8849,132.72391,511.0,510.7,0.30000000000001137,5a
JA/HS-169,Kitsunedukayama,34.8894,132.8616,507.0,506.52,0.4800000000000182,5a
JA/HS-170,JA/HS-170,34.2707,132.3116,502.0,463.83,38.170000000000016,5a
JA/HS-171,Fukuoujiyama,34.5423,132.4913,500.0,505.14,5.139999999999986,5a
JA/HS-172,Yasumiyama,34.2273,132.57629,497.0,495.69,1.3100000000000023,5a
JA/HS-173,Gakeurayama,34.1031,132.47099,491.0,489.98,1.0199999999999818,5a
JA/HS-174,Takataniyama,34.7943,132.8204,491.0,489.65,1.3500000000000227,5a
JA/HS-175,Hiyama,34.4541,132.4337,488.0,486.43,1.5699999999999932,5a
JA/HS-176,Gongensan,34.5141,132.4463,488.0,485.84,2.160000000000025,5a
JA/HS-177,Menzan,34.7972,132.72729,486.0,486.0,0.0,5a
JA/HS-178,Ougiyama,34.4888,132.66409,485.0,484.82,0.18000000000000682,5a
JA/HS-179,Futatsugajyouzan,34.4471,132.52049,483.0,481.51,1.490000000000009,5a
JA/HS-180,Nishiyama,34.5213,132.4789,475.0,473.5,1.5,5a
JA/HS-181,Kannonyama,34.2677,133.0802,472.0,470.7,1.3000000000000114,5a
JA/HS-182,Takanosu,34.8243,132.89771,461.0,460.63,0.37000000000000455,5a
JA/HS-183,Kushinoune,34.1563,132.396,460.0,458.83,1.170000000000016,5a
JA/HS-184,Near Ushirohiyama,34.1164,132.51849,460.0,453.91,6.089999999999975,5a
JA/HS-185,Iwafunedake,34.2525,132.29201,460.0,450.55,9.449999999999989,5a
JA/HS-186,Nanakunimiyama,34.1816,132.72771,457.0,455.94,1.0600000000000023,5a
JA/HS-187,Kifuneyama,34.8714,132.9234,454.0,453.49,0.5099999999999909,5a
JA/HS-188,Asahiyama,34.3538,132.8882,454.0,453.49,0.5099999999999909,5a
JA/HS-189,Notoroyama,34.4953,132.4521,453.0,451.95,1.0500000000000114,5a
JA/HS-190,Kannomineyama,34.2264,132.9059,452.0,452.19,0.18999999999999773,5a
JA/HS-191,Ippoujisan,34.172,132.8486,449.0,448.08,0.9200000000000159,5a
JA/HS-192,Tsunami,34.5804,132.32961,446.0,444.81,1.1899999999999977,5a
JA/HS-193,Ryuuouyama,34.3683,133.0726,445.0,444.6,0.39999999999997726,5a
JA/HS-195,Kumagamine,34.4334,133.36819,438.0,437.38,0.6200000000000045,5a
JA/HS-196,Dabouzan,34.1511,132.46851,438.0,430.11,7.889999999999986,5a
JA/HS-197,Matahira,34.8351,132.8131,435.0,434.75,0.25,5a
JA/HS-198,Kokuzousan,34.3122,132.7101,431.0,430.7,0.30000000000001137,5a
JA/HS-199,JA/HS-199,34.5418,132.4397,430.0,429.15,0.8500000000000227,5a
JA/HS-200,Takahachiyama,34.5154,132.41229,429.0,428.42,0.5799999999999841,5a
JA/HS-201,Hachigamine,34.3927,133.12801,429.0,428.45,0.5500000000000114,5a
JA/HS-202,Tado,34.1934,132.70911,421.0,420.02,0.9800000000000182,5a
JA/HS-203,Iwayama,34.3112,132.63631,419.0,417.84,1.160000000000025,5a
JA/HS-204,Kinomuneyama,34.463,132.5471,413.0,412.0,1.0,5a
JA/HS-205,Kakiyama,34.2941,133.1313,408.0,404.7,3.3000000000000114,5a
JA/HS-206,Ootaniyama,34.5009,133.2738,401.0,399.84,1.160000000000025,5a
JA/HS-207,Kumandake,34.2695,132.4678,400.0,398.61,1.3899999999999864,5a
JA/HS-208,Takamasuyama,34.5063,133.30119,400.0,397.76,2.240000000000009,5a
JA/HS-209,Hachimakiyama,34.2637,132.5477,400.0,399.2,0.8000000000000114,5a
JA/HS-210,Okuyama (Kannonyama),34.3098,133.1908,390.0,389.56,0.4399999999999977,5a
JA/HS-211,Ryumokuzan,34.3026,132.76469,386.0,385.97,0.029999999999972715,5a
JA/HS-212,Heikeyama,34.3526,132.9687,383.0,381.45,1.5500000000000114,5a
JA/HS-213,Mizujiri,34.2653,132.7433,369.0,367.61,1.3899999999999864,5a
JA/HS-214,Shiratakeyama,34.215,132.6458,358.0,357.3,0.6999999999999886,5a
JA/HS-215,Setoshimayama,34.1759,132.5121,339.0,338.39,0.6100000000000136,5a
JA/HS-216,Takayama,34.3488,133.30409,328.0,327.91,0.08999999999997499,5a
JA/HS-217,JA/HS-217,34.3175,133.0712,322.0,310.84,11.160000000000025,5a
JA/HS-218,Takaosan,34.1776,132.78799,317.0,309.38,7.6200000000000045,5a
JA/HS-219,JA/HS-219,34.2915,132.7435,302.0,301.94,0.060000000000002274,5a
JA/HS-220,Umanoseyama,34.4453,133.3132,298.0,297.77,0.2300000000000182,5a
JA/HS-221,Shindouyama,34.207,132.4537,286.0,284.5,1.5,5a
JA/HS-222,Takamiyama,34.3683,133.20711,283.0,282.83,0.17000000000001592,5a
JA/HS-223,Akikofuji,34.3192,132.4399,278.0,276.21,1.7900000000000205,5a
JA/HS-224,Oohirayama,34.1826,132.66341,275.0,275.97,0.9700000000000273,5a
JA/HS-225,Tsukumo,34.2515,132.44119,263.0,262.18,0.8199999999999932,5a
JA/HS-226,Oujyou,34.3435,133.27679,256.0,257.15,1.1499999999999773,5a
JA/HS-227,Kashima,34.0605,132.5329,229.0,228.34,0.6599999999999966,5a
JA/HS-229,Atadajima,34.193,132.3083,204.0,202.91,1.0900000000000034,5a
JA/HS-230,Shimotakayama,34.3016,132.43201,203.0,201.5,1.5,5a
JA/HS-231,Jyumonjiyama,34.3697,133.26559,184.0,182.73,1.2700000000000102,5a
JA/HS-232,Hashirijima,34.3395,133.44341,179.0,175.46,3.539999999999992,5a
JA/HS-233,Futatsugashira,34.2871,132.9189,159.0,158.48,0.5200000000000102,5a
JA/HS-234,Kanawafuji,34.3351,132.4826,158.0,157.33,0.6699999999999875,5a
JA/HS-235,Megahirayama,34.4971,132.1254,1082.0,1080.43,1.5699999999999363,5a
JA/HS-236,JA/HS-236,35.0689,133.099,1055.0,1050.8,4.2000000000000455,5a
JA/HS-237,Oooniyama,35.0087,132.9346,1004.0,1002.49,1.509999999999991,5a
JA/HS-238,JA/HS-238,35.0166,133.3035,956.0,953.37,2.6299999999999955,5a
JA/HS-239,Chidori,35.0019,133.28799,953.0,952.75,0.25,5a
JA/HS-240,Mukaiya,34.4433,132.1097,944.0,943.72,0.2799999999999727,5a
JA/HS-241,JA/HS-241,34.9443,133.15669,918.0,910.08,7.919999999999959,5a
JA/HS-242,Daizen,34.7613,132.29491,910.0,910.09,0.09000000000003183,5a
JA/HS-244,Kannokiyama,34.5744,132.75841,891.0,890.28,0.7200000000000273,5a
JA/HS-245,JA/HS-245,35.0322,133.13519,879.0,874.81,4.190000000000055,5a
JA/HS-246,JA/HS-246,35.0138,133.1156,874.0,870.9,3.1000000000000227,5a
JA/HS-247,Samuyama,34.4571,132.3098,869.0,867.54,1.4600000000000364,5a
JA/HS-248,Himuroyama,35.0015,132.8812,864.0,868.29,4.289999999999964,5a
JA/HS-249,JA/HS-249,34.9613,132.8822,844.0,833.11,10.889999999999986,5a
JA/HS-250,Oogakeyama,34.6184,132.5191,818.0,816.4,1.6000000000000227,5a
JA/HS-251,Kamamineyama,34.9377,132.938,788.0,786.4,1.6000000000000227,5a
JA/HS-252,Nagao,34.498,132.26669,781.0,779.03,1.9700000000000273,5a
JA/HS-253,JA/HS-253,34.605,132.351,775.0,774.0,1.0,5a
JA/HS-254,Takakayama,34.6274,132.2896,751.0,749.65,1.3500000000000227,5a
JA/HS-255,Konsumidera,34.7277,133.24969,746.0,746.87,0.8700000000000045,5a
JA/HS-256,Shitengaiyama,34.9036,133.1115,737.0,735.69,1.3099999999999454,5a
JA/HS-257,Andayama,34.5071,132.63361,734.0,734.01,0.009999999999990905,5a
JA/HS-258,Near Nogaiyama,34.372,132.2751,730.0,718.73,11.269999999999982,5a
JA/HS-259,JA/HS-259,34.7535,133.29111,710.0,720.22,10.220000000000027,5a
JA/HS-260,Gongenyama,34.7688,133.2773,678.0,676.9,1.1000000000000227,5a
JA/HS-261,JA/HS-261,34.6397,133.142,638.0,634.28,3.7200000000000273,5a
JA/HS-262,JA/HS-262,34.7461,132.5903,634.0,632.87,1.1299999999999955,5a
JA/HS-263,Ryuou,34.5169,132.8707,619.0,618.99,0.009999999999990905,5a
JA/HS-264,Ooyama,34.8422,132.7556,612.0,611.66,0.34000000000003183,5a
JA/HS-265,Myojinyama,34.6739,132.9137,592.0,592.28,0.2799999999999727,5a
JA/HS-266,Motokushiyama,34.5475,132.41789,572.0,570.72,1.2799999999999727,5a
JA/HS-267,Takoudayama,34.8908,132.7655,564.0,562.98,1.0199999999999818,5a
JA/HS-268,Near Takagi Shrine,34.6213,133.21629,564.0,551.28,12.720000000000027,5a
JA/HS-269,JA/HS-269,34.912,133.24561,558.0,554.87,3.1299999999999955,5a
JA/HS-270,Kamuokuyama,34.3438,132.763,541.0,540.95,0.049999999999954525,5a
JA/HS-271,Near Iwatanikannon,34.4803,132.845,519.0,511.53,7.470000000000027,5a
JA/HS-272,Uedayama,34.3263,132.7377,510.0,502.81,7.189999999999998,5a
JA/HS-273,Hinomiyama,34.5553,132.4628,503.0,502.78,0.22000000000002728,5a
JA/HS-274,JA/HS-274,34.3513,132.8707,480.0,478.15,1.8500000000000227,5a
JA/HS-275,JA/HS-275,34.3311,132.20441,471.0,459.73,11.269999999999982,5a
JA/HS-276,Mitsuishiyama,34.3159,132.5807,450.0,442.93,7.069999999999993,5a
JA/HS-277,Terayashiki,34.8663,132.9402,441.0,440.78,0.22000000000002728,5a
JA/HS-278,Near Nakakura,34.3248,132.556,430.0,413.37,16.629999999999995,5a
JA/HS-279,JA/HS-279,34.5048,132.46381,422.0,419.67,2.329999999999984,5a
JA/HS-280,Eboshiiwa,34.2799,132.53059,410.0,406.98,3.019999999999982,5a
JA/HS-281,Houdaisan,34.2444,132.3981,401.0,399.04,1.9599999999999795,5a
JA/HS-282,JA/HS-282,34.553,133.2198,400.0,388.59,11.410000000000025,5a
JA/HS-283,Makaenzan,34.4916,133.1964,382.0,382.25,0.25,5a
JA/HS-284,Shiratakiyama,34.3544,132.996,350.0,339.07,10.930000000000007,5a
JA/HS-285,Hiurayama,34.3828,132.5421,345.0,344.72,0.2799999999999727,5a
JA/HS-286,Takamatsuyama,34.5256,132.5213,338.0,338.09,0.08999999999997499,5a
JA/HS-287,Ryuoudaira,34.4065,132.93311,327.0,327.05,0.05000000000001137,5a
JA/HS-288,JA/HS-288,34.1024,132.56,272.0,263.84,8.160000000000025,5a
JA/HS-289,JA/HS-289,34.2611,132.9277,263.0,270.76,7.759999999999991,5a
JA/HS-290,Ushidayama,34.4228,132.4855,260.0,259.79,0.20999999999997954,5a
JA/HS-291,Taiheizan,34.3363,133.1104,268.0,266.73,1.2699999999999818,5a
JA/HS-292,JA/HS-292,34.403,133.0507,257.0,254.37,2.6299999999999955,5a
JA/HS-293,Mermaid Fukuyama GC,34.5337,133.4008,257.0,254.88,2.1200000000000045,5a
JA/HS-294,JA/HS-294,34.2189,132.2074,251.0,250.36,0.6399999999999864,5a
JA/HS-295,Ryuouzan,34.3332,133.1449,243.0,239.94,3.0600000000000023,5a
JA/HS-296,Toba,34.3399,133.0201,228.0,227.6,0.4000000000000057,5a
JA/HS-297,Shiratakiyama,34.3446,133.158,226.0,226.72,0.7199999999999989,5a
JA/HS-298,Zaouyama,34.513,133.384,225.0,224.71,0.28999999999999204,5a
JA/HS-299,Okiura,34.1712,132.7494,224.0,223.23,0.7700000000000102,5a
JA/HS-300,Ougonzan,34.3672,132.4906,221.0,210.64,10.360000000000014,5a
JA/HS-301,Tenguyama,34.2876,133.18671,207.0,206.29,0.710000000000008,5a
JA/HS-302,Hotokenotou,34.2094,132.4834,204.0,203.63,0.37000000000000455,5a
JA/HS-303,Uchiurayama,34.3593,133.33121,202.0,201.41,0.5900000000000034,5a
JA/HS-304,Kagarayama,34.3926,133.2533,164.0,162.46,1.539999999999992,5a
JA/HS-305,Oomisen,34.3842,133.39639,158.0,158.24,0.2400000000000091,5a
JA/HS-306,Iwami,34.3764,132.9106,403.0,400.54,2.4599999999999795,5a
JA/IB-001,Yamizosan,36.9302,140.2728,1022.0,1018.47,3.5299999999999727,5a
JA/IB-002,Eizoumuro,36.8741,140.6031,882.0,880.7,1.2999999999999545,5a
JA/IB-003,Tsukubasan,36.2254,140.1068,878.0,865.03,12.970000000000027,5a
JA/IB-004,Kabasan,36.2988,140.14349,709.0,696.04,12.960000000000036,5a
JA/IB-005,Nantaisan,36.7242,140.41969,654.0,652.53,1.4700000000000273,5a
JA/IB-006,Ashiosan,36.2797,140.14771,628.0,627.21,0.7899999999999636,5a
JA/IB-007,Takasuzuyama,36.621,140.5878,623.0,622.57,0.42999999999995,5a
JA/IB-008,Nandaisan,36.3046,140.22231,553.0,550.93,2.07000000000005,5a
JA/IB-009,Nabeashiyama,36.7484,140.4698,552.0,543.19,8.809999999999945,5a
JA/IB-010,Takamine,36.4003,140.16541,520.0,519.22,0.7799999999999727,5a
JA/IB-011,Wagakunisan,36.3219,140.2011,518.0,517.73,0.2699999999999818,5a
JA/IB-012,Kogurayama,36.7164,140.3141,512.0,512.17,0.16999999999995907,5a
JA/IB-013,Choufukuzan,36.7275,140.4059,496.0,502.91,6.910000000000025,5a
JA/IB-014,Higashikanasayama,36.6803,140.49899,490.0,491.04,1.0400000000000205,5a
JA/IB-015,Keisokusan,36.457,140.2075,431.0,429.41,1.589999999999975,5a
JA/IB-016,Kunimiyama,36.4269,140.22701,392.0,388.24,3.759999999999991,5a
JA/IB-017,Tomiyasan,36.38851,140.1068,360.0,359.5,0.5,5a
JA/IB-018,JA/IB-018,36.368,140.1803,300.0,300.39,0.38999999999998636,5a
JA/IB-019,Kaminesan,36.6348,140.6088,599.0,593.74,5.259999999999991,5a
JA/IB-020,Minamiyama,36.7488,140.3026,511.0,511.15,0.14999999999997726,5a
JA/IB-021,Shimodoudaira,36.7059,140.3468,468.0,467.17,0.8299999999999841,5a
JA/IB-022,Houkyosan(Odayama),36.1675,140.1301,461.0,459.97,1.0299999999999727,5a
JA/IB-023,Kagadayama,36.3241,140.2476,410.0,409.14,0.8600000000000136,5a
JA/IB-024,Takatoriyama,36.5057,140.2854,356.0,354.73,1.2699999999999818,5a
JA/IB-025,Daisyozan,36.38,140.0607,283.0,283.09,0.08999999999997499,5a
JA/IK-001,Oochousan,36.0905,136.6514,1671.0,1671.07,0.06999999999993634,5a
JA/IK-002,Shougasan,36.2205,136.685,1624.0,1620.94,3.0599999999999454,5a
JA/IK-003,JA/IK-003,36.2042,136.68629,1609.0,1608.55,0.4500000000000455,5a
JA/IK-004,Dainichizan,36.1621,136.4933,1368.0,1367.33,0.6700000000000728,5a
JA/IK-005,Bunaoyama,36.2703,136.74181,1365.0,1364.07,0.9300000000000637,5a
JA/IK-006,Shirakiyama,36.1778,136.5562,1317.0,1316.32,0.6800000000000637,5a
JA/IK-007,Kuchisanboudake,36.3732,136.7155,1269.0,1267.99,1.009999999999991,5a
JA/IK-008,Wassougatake,36.2658,136.61549,1097.0,1095.22,1.7799999999999727,5a
JA/IK-009,Fujishagadake,36.1886,136.36391,942.0,938.94,3.0599999999999454,5a
JA/IK-010,JA/IK-010,36.3663,136.64371,691.0,685.99,5.009999999999991,5a
JA/IK-011,Oomizonoue,36.2215,136.41811,689.0,686.53,2.4700000000000273,5a
JA/IK-013,Ookuradake,36.2843,136.54849,651.0,649.54,1.4600000000000364,5a
JA/IK-014,Houdatsusan,36.7819,136.8131,637.0,636.23,0.7699999999999818,5a
JA/IK-015,Mizutsuboyama,36.2014,136.33009,630.0,620.37,9.629999999999995,5a
JA/IK-016,Yurugiyama,36.2763,136.49719,604.0,603.46,0.5399999999999636,5a
JA/IK-017,Myoujinyama,37.3863,136.9608,570.0,572.73,2.730000000000018,5a
JA/IK-018,Sekidousan,36.9655,136.9709,564.0,555.14,8.860000000000014,5a
JA/IK-019,Myoujinyama,36.3907,136.5945,513.0,510.46,2.5400000000000205,5a
JA/IK-020,Houryuuzan,37.4285,137.16251,471.0,477.46,6.4599999999999795,5a
JA/IK-021,Nekogadake,37.4733,137.1329,412.0,414.35,2.3500000000000227,5a
JA/IK-022,Kuwatsukayama,37.228,136.79939,409.0,405.64,3.3600000000000136,5a
JA/IK-023,Kawachidake,37.21,136.82001,399.0,398.54,0.45999999999997954,5a
JA/IK-024,Sahinoyama,37.3535,136.8291,388.0,388.97,0.9700000000000273,5a
JA/IK-025,JA/IK-025,36.1611,136.7326,2080.0,2079.94,0.05999999999994543,5a
JA/IK-026,Kanbayama,36.2239,136.7989,1774.0,1773.22,0.7799999999999727,5a
JA/IK-027,Narugamine,36.3889,136.7399,1056.0,1055.18,0.8199999999999363,5c
JA/IK-028,Kazuse,36.3114,136.5909,684.0,683.24,0.7599999999999909,5a
JA/IK-029,Tomuroyama,36.5312,136.7469,548.0,547.32,0.67999999999995,5a
JA/IK-030,Kekachiyama,37.362,136.8911,343.0,343.6,0.6000000000000227,5a
JA/IK-031,Sabiyayama,37.3254,136.77451,342.0,343.38,1.3799999999999955,5a
JA/IK-032,Bijyougaokakyukeijyo,37.00613,136.8512,224.0,224.13,0.12999999999999545,5a
JA/IK-033,Yomuradukayama,37.119,136.9747,197.0,196.43,0.5699999999999932,5a
JA/IT-001,Iwatesan,39.8526,141.00101,2038.0,2036.83,1.1700000000000728,5a
JA/IT-002,Hayachinesan,39.5584,141.489,1917.0,1913.15,3.849999999999909,5a
JA/IT-003,Yakushidake,39.5299,141.4957,1645.0,1643.01,1.990000000000009,10b
JA/IT-004,Gentagatake,39.8808,140.89059,1545.0,1538.63,6.369999999999891,5a
JA/IT-005,Hachimantai,39.9578,140.8541,1613.0,1613.29,0.2899999999999636,5a
JA/IT-006,Yakeishidake,39.1637,140.8288,1547.0,1546.79,0.21000000000003638,5a
JA/IT-007,Zarumoriyama,39.7915,140.8454,1541.0,1540.11,0.8900000000001,5a
JA/IT-008,Wagadake,39.5704,140.7542,1440.0,1440.0,0.0,10b
JA/IT-009,Kyouzukayama,39.1809,140.8887,1372.0,1371.05,0.9500000000000455,5a
JA/IT-010,Aomatsubayama,39.6975,141.48351,1365.0,1364.45,0.5499999999999545,5a
JA/IT-011,Goyouzan(Hinodeiwa),39.2054,141.7321,1351.0,1344.3,6.7000000000000455,5a
JA/IT-012,Magarisakiyama,39.8816,140.7998,1334.0,1332.95,1.0499999999999545,5a
JA/IT-013,Sakainokamidake,39.7503,141.6264,1319.0,1315.63,3.369999999999891,5a
JA/IT-014,Odake,39.3256,141.7093,1312.0,1311.2,0.7999999999999545,10b
JA/IT-015,Gaitakamori,39.7118,141.60451,1304.0,1302.91,1.0899999999999181,5a
JA/IT-016,Rokkoushisan,39.3183,141.65021,1293.0,1292.51,0.4900000000000091,10b
JA/IT-017,Toojimayama,40.0207,141.6443,1262.0,1260.47,1.5299999999999727,5a
JA/IT-018,Hitsutoriyama,39.7108,141.4243,1261.0,1260.6,0.40000000000009095,5a
JA/IT-019,Yabukawazawakashira,39.7576,141.42529,1259.0,1258.39,0.6099999999999,5a
JA/IT-020,Akkamori,40.038,141.541,1239.0,1235.91,3.089999999999918,10b
JA/IT-021,Tougenokamiyama,39.7269,141.7811,1229.0,1228.51,0.4900000000000091,5a
JA/IT-022,Aizensan,39.2185,141.7032,1228.0,1226.26,1.740000000000009,10b
JA/IT-023,Ooshiromori,39.842,140.7851,1216.0,1215.56,0.44000000000005457,5a
JA/IT-024,JA/IT-024,39.6036,141.403,1216.0,1214.24,1.759999999999991,5a
JA/IT-025,JA/IT-025,39.2943,141.6805,1184.0,1183.07,0.9300000000000637,10b
JA/IT-026,Misugodake,39.9001,141.4854,1182.0,1180.76,1.240000000000009,5a
JA/IT-027,Yomogimori,40.023,141.60699,1174.0,1172.14,1.8599999999999,10b
JA/IT-028,Shiramiyama,39.4464,141.72079,1172.0,1170.9,1.099999999999909,5a
JA/IT-029,Anamegatake,39.9385,141.6279,1168.0,1162.52,5.480000000000018,10b
JA/IT-030,Ooazamiyama,39.0215,140.78571,1166.0,1164.44,1.5599999999999454,5a
JA/IT-031,Yomogidaira,39.5293,141.7484,1160.0,1159.22,0.7799999999999727,5a
JA/IT-032,Himekamisan,39.844,141.2469,1124.0,1121.03,2.9700000000000273,5b
JA/IT-033,Kawanagedake,40.1684,140.8609,1122.0,1120.29,1.7100000000000364,5a
JA/IT-034,Hakoishi,39.646,141.67821,1117.0,1115.8,1.2000000000000455,5a
JA/IT-036,Kuromoriyama,39.9108,141.72279,1106.0,1105.97,0.029999999999972715,5a
JA/IT-037,JA/IT-037,39.2092,140.7674,1106.0,1107.33,1.3299999999999272,5a
JA/IT-038,Katchi,39.7536,141.7041,1105.0,1104.44,0.5599999999999454,5a
JA/IT-039,Sasamoriyama,39.124,140.79919,1090.0,1091.75,1.75,5a
JA/IT-040,Inaniwadake,40.1986,141.0462,1078.0,1077.27,0.7300000000000182,5a
JA/IT-041,Yakikurayama,39.8293,141.5881,1068.0,1066.7,1.2999999999999545,5a
JA/IT-042,Nanashigureyama,40.0693,141.10561,1063.0,1062.54,0.4600000000000364,5a
JA/IT-043,Mahirudake,39.4479,140.6765,1059.0,1057.25,1.75,10b
JA/IT-044,Takakurayama,40.0682,140.923,1051.0,1049.68,1.3199999999999363,5a
JA/IT-045,Ishikamiyama,39.3741,141.45641,1037.0,1034.9,2.099999999999909,10b
JA/IT-046,Nakadake,40.246,140.9444,1024.0,1023.27,0.7300000000000182,5a
JA/IT-047,Mousennagare,39.4254,141.74471,1021.0,1020.34,0.6599999999999682,5a
JA/IT-048,Nishidake,40.0856,141.172,1018.0,1015.98,2.019999999999982,10b
JA/IT-049,Senbagatake,39.321,141.78329,1015.0,1014.46,0.5399999999999636,5a
JA/IT-050,Takasuzuyama,39.2639,141.6886,1013.0,1012.35,0.6499999999999773,10b
JA/IT-051,Takaeyama,39.4096,141.4313,993.0,992.53,0.4700000000000273,10b
JA/IT-052,Matsurubeyama,39.0203,140.84309,990.0,989.63,0.37000000000000455,5a
JA/IT-053,JA/IT-053,39.2457,141.7057,990.0,991.97,1.9700000000000273,10b
JA/IT-054,Iwadakinohana,39.6201,141.6702,984.0,983.76,0.2400000000000091,5a
JA/IT-055,Gongenyama,39.3516,141.6608,970.0,969.48,0.5199999999999818,5a
JA/IT-057,Matsukurayama,39.4495,140.9332,967.0,962.67,4.330000000000041,10b
JA/IT-058,Daisyakuyama,39.8028,141.3096,965.0,963.77,1.2300000000000182,5a
JA/IT-059,Otsukiyama,40.0266,141.041,954.0,953.34,0.6599999999999682,5a
JA/IT-060,Kuromoriyama,40.0497,141.3692,947.0,945.41,1.5900000000000318,5a
JA/IT-061,Kuromori,39.3483,140.86839,944.0,941.52,2.480000000000018,10b
JA/IT-062,Sugakurayama,39.5794,140.9735,940.0,940.74,0.7400000000000091,10b
JA/IT-063,Shikakonoyama,39.4814,140.7278,937.0,934.68,2.32000000000005,10b
JA/IT-064,Azumanesan,39.5874,141.0598,928.0,926.43,1.57000000000005,5b
JA/IT-065,Takahinousan,39.0613,140.90469,927.0,926.11,0.8899999999999864,5a
JA/IT-066,Oomori,39.8481,141.358,925.0,924.46,0.5399999999999636,5a
JA/IT-067,Monomiyama,39.2943,141.5106,917.0,915.32,1.67999999999995,10b
JA/IT-068,Arasawamori,39.3632,140.8631,916.0,914.27,1.7300000000000182,10b
JA/IT-069,Nobeyama,39.9185,141.77921,916.0,914.94,1.0599999999999454,5a
JA/IT-070,Maetsukamiyama,39.2502,140.9315,915.0,910.27,4.730000000000018,10b
JA/IT-071,Kyuzouzaka,40.0145,141.4196,914.0,912.62,1.3799999999999955,5a
JA/IT-072,Aomatsubayama,39.6469,141.62531,913.0,912.0,1.0,5a
JA/IT-073,Maegariyama,39.6248,141.73711,913.0,911.67,1.330000000000041,5a
JA/IT-074,Kosugisawayama,39.5179,140.8824,912.0,909.78,2.2200000000000273,10b
JA/IT-075,Muronesan,38.9752,141.4473,895.0,894.37,0.6299999999999955,5a
JA/IT-076,Harataisan,39.0689,141.47839,894.0,893.78,0.22000000000002728,5a
JA/IT-077,Tsukasemori,39.5119,140.9868,892.0,891.53,0.4700000000000273,10b
JA/IT-078,Chougamori,39.3787,140.91029,892.0,891.87,0.12999999999999545,10b
JA/IT-079,Near Kasatsumeyama,39.1551,141.7397,888.0,887.93,0.07000000000005002,5a
JA/IT-080,Sadatouyama,39.2364,141.4866,884.0,882.12,1.8799999999999955,5a
JA/IT-081,Aodaira,40.1949,140.93671,878.0,874.17,3.830000000000041,5a
JA/IT-082,Hikamisan,39.0589,141.66051,874.0,872.56,1.4400000000000546,5a
JA/IT-083,Monomiyama,39.2011,141.4017,870.0,870.38,0.37999999999999545,10b
JA/IT-084,Tateyamori,39.41,140.8701,869.0,865.44,3.5599999999999454,10b
JA/IT-085,Kasanokayouyama,39.3349,141.4142,869.0,861.22,7.779999999999973,10b
JA/IT-086,Takateyama,39.0295,140.8981,867.0,867.09,0.09000000000003183,5a
JA/IT-087,Hakogamori,39.6482,141.0468,865.0,865.17,0.16999999999995907,10b
JA/IT-088,Oritsumedake,40.2688,141.3745,852.0,851.25,0.75,5a
JA/IT-089,Nansyouzan,39.6226,141.05701,848.0,845.56,2.4400000000000546,5b
JA/IT-090,Togusazawa,39.472,141.67931,844.0,843.2,0.7999999999999545,5a
JA/IT-091,Takashimizu,39.3729,141.5011,842.0,841.48,0.5199999999999818,5a
JA/IT-092,Kuromoriyama,39.6037,141.27769,837.0,835.44,1.5599999999999454,5a
JA/IT-093,Tadami,39.9716,141.3528,820.0,818.79,1.2100000000000364,5a
JA/IT-094,Owasarabiyama,40.0497,141.7585,814.0,811.67,2.330000000000041,5a
JA/IT-095,Asahiyama,40.1123,140.92439,791.0,790.73,0.2699999999999818,5a
JA/IT-096,Kunimiyama,39.0486,140.94991,788.0,785.95,2.0499999999999545,5a
JA/IT-097,Houraisan,39.0862,141.3134,787.0,786.65,0.35000000000002274,5a
JA/IT-098,Oonoyama,39.5372,141.28841,786.0,780.9,5.100000000000023,10b
JA/IT-099,Kamisunako,40.0653,141.43179,783.0,782.61,0.38999999999998636,10b
JA/IT-100,Abarayama,39.1369,141.33279,782.0,780.91,1.0900000000000318,5a
JA/IT-102,Kounesan,39.9778,141.7641,770.0,769.06,0.9400000000000546,5a
JA/IT-103,Warikurayama,39.3295,140.7103,770.0,771.45,1.4500000000000455,10b
JA/IT-104,Kotakimori,39.0474,140.86031,766.0,764.88,1.1200000000000045,5a
JA/IT-105,Oomoriyama,38.862,141.45219,759.0,757.89,1.1100000000000136,5a
JA/IT-106,Hachimoriyama,39.4348,141.3663,757.0,756.13,0.8700000000000045,10b
JA/IT-107,Osukeyama,39.6167,140.9292,756.0,755.21,0.7899999999999636,10b
JA/IT-108,Imadeyama,39.1076,141.75439,755.0,754.77,0.2300000000000182,5a
JA/IT-109,Menzukumeyama,39.7796,141.8362,744.0,744.47,0.4700000000000273,5a
JA/IT-110,Fuyube,40.1292,141.34579,744.0,744.08,0.08000000000004093,5a
JA/IT-111,Kuromori,40.1111,140.97501,741.0,741.15,0.14999999999997726,5a
JA/IT-112,Hashikamidake (Taneichidake),40.4007,141.5844,739.0,738.61,0.38999999999998636,5a
JA/IT-113,Nakazawa,39.9002,141.64371,734.0,731.31,2.6900000000000546,10b
JA/IT-114,Ookubonagane,40.0728,141.6499,733.0,732.24,0.7599999999999909,5a
JA/IT-115,Jyuunishinzan,39.5386,141.9749,731.0,727.78,3.2200000000000273,5a
JA/IT-116,Hikime,39.6757,141.8503,730.0,728.91,1.0900000000000318,5a
JA/IT-117,Kanokurayama,39.1213,141.5206,728.0,727.84,0.15999999999996817,5a
JA/IT-118,Onigaseyama,39.6449,141.2605,724.0,721.76,2.240000000000009,5a
JA/IT-119,Takahirayama,39.5069,140.7843,722.0,719.64,2.3600000000000136,10b
JA/IT-120,Yakata,39.794,141.5993,721.0,719.99,1.009999999999991,5a
JA/IT-121,Near Samunaganeyama (Kihata),40.117,141.6239,720.0,719.79,0.21000000000003638,5a
JA/IT-122,Takamoriyama,39.1805,141.6478,717.0,712.94,4.059999999999945,10b
JA/IT-123,Kujihiradake,40.3581,141.61279,706.0,702.16,3.840000000000032,10b
JA/IT-124,Oohirayama,39.1081,141.55881,691.0,690.54,0.4600000000000364,5a
JA/IT-125,Nagaiwamori,39.5357,141.8577,690.0,688.54,1.4600000000000364,5a
JA/IT-126,Chounamori,39.6273,140.86861,689.0,687.57,1.42999999999995,5a
JA/IT-127,Sanbotojikashira,39.5965,141.8156,687.0,686.31,0.6900000000000546,5a
JA/IT-128,Kobiyama,39.097,140.9046,684.0,681.28,2.7200000000000273,5a
JA/IT-129,Oomori,39.8147,141.83121,680.0,679.37,0.6299999999999955,5a
JA/IT-131,Oinegamori,39.3701,141.7896,664.0,663.63,0.37000000000000455,5a
JA/IT-132,Natsugayo,39.1654,141.6326,653.0,651.32,1.67999999999995,10b
JA/IT-133,Kuromoriyama,39.5582,141.06171,647.0,645.67,1.330000000000041,5b
JA/IT-134,Futagouyama,39.3015,141.44749,634.0,632.92,1.080000000000041,5a
JA/IT-135,Oohachimoriyama,39.074,141.2495,633.0,632.32,0.67999999999995,5a
JA/IT-136,Mesukeyama,39.6146,140.9597,620.0,621.71,1.7100000000000364,10b
JA/IT-137,Atsumanesan,39.1757,141.5771,619.0,616.74,2.259999999999991,10b
JA/IT-138,JA/IT-138,39.5628,141.8748,619.0,617.32,1.67999999999995,5a
JA/IT-139,Matsukurayama,39.235,141.82001,615.0,613.55,1.4500000000000455,5a
JA/IT-140,Oomatayama,39.0768,141.77609,613.0,611.57,1.42999999999995,5a
JA/IT-141,Kujirayama,39.4013,141.92281,609.0,608.19,0.8099999999999454,5a
JA/IT-142,Asashimayama,39.6324,141.2272,607.0,605.96,1.0399999999999636,5a
JA/IT-143,JA/IT-143,39.2751,140.9299,603.0,602.07,0.92999999999995,10b
JA/IT-144,Hayama,39.2885,140.93629,600.0,598.79,1.2100000000000364,10b
JA/IT-145,Hiryuzan,39.3946,141.31441,598.0,597.65,0.35000000000002274,5a
JA/IT-146,Tabashineyama,39.0129,141.18401,595.0,594.71,0.2899999999999636,5a
JA/IT-147,Budoumori,39.3569,141.85539,587.0,585.38,1.6200000000000045,5a
JA/IT-148,Moridake,39.1653,141.5594,575.0,572.02,2.980000000000018,5a
JA/IT-149,Ishizakamori,39.4048,141.8869,573.0,571.47,1.5299999999999727,5a
JA/IT-150,Isakozawa,39.5258,141.03169,570.0,569.87,0.12999999999999545,5b
JA/IT-151,Nagamine,39.3009,141.55009,551.0,550.76,0.2400000000000091,10b
JA/IT-152,Kanedamori,39.5131,141.8801,548.0,538.59,9.409999999999968,5a
JA/IT-153,JA/IT-153,39.4074,141.826,547.0,537.26,9.740000000000009,5a
JA/IT-154,Kanenariyama,39.3123,141.29849,540.0,539.28,0.7200000000000273,5a
JA/IT-155,JA/IT-155,39.8086,141.8909,538.0,536.0,2.0,5a
JA/IT-156,Hodohirazawa,39.8896,141.89,521.0,519.96,1.0399999999999636,5a
JA/IT-157,Kasaneyama,39.2722,141.30409,520.0,521.59,1.5900000000000318,10b
JA/IT-158,Dairokusan,39.1204,141.84599,514.0,512.75,1.25,5a
JA/IT-159,Kameyama,39.8592,141.89191,498.0,496.53,1.4700000000000273,5a
JA/IT-160,Hachikabuyama,39.3632,141.37219,496.0,493.74,2.259999999999991,5a
JA/IT-161,Ougonzan,38.8626,141.3974,482.0,481.58,0.4200000000000159,5a
JA/IT-162,Itakiyama,39.2234,141.89951,477.0,475.84,1.160000000000025,5a
JA/IT-163,Okurisenyama,39.9303,141.1649,472.0,471.2,0.8000000000000114,10b
JA/IT-164,Nagahatayama,39.1139,141.65581,461.0,460.53,0.4700000000000273,5a
JA/IT-165,Hakoneyama,39.0165,141.6911,446.0,445.32,0.6800000000000068,5a
JA/IT-166,Sakihama,39.1021,141.8877,444.0,443.06,0.9399999999999977,5a
JA/IT-167,Terasawa,40.2631,141.26151,440.0,438.19,1.8100000000000023,10b
JA/IT-168,Takekurabeyama,38.9623,141.2733,435.0,432.23,2.769999999999982,10b
JA/IT-169,Jinnaimine,39.3065,141.2374,430.0,429.27,0.7300000000000182,5a
JA/IT-170,Nanatsumori,39.9803,141.93159,429.0,428.17,0.8299999999999841,5a
JA/IT-171,Tatarayama,39.671,141.1859,390.0,388.57,1.4300000000000068,5a
JA/IT-172,Oowatari,39.2865,141.87579,380.0,381.42,1.420000000000016,5a
JA/IT-173,Choushiyama,39.1827,141.2793,365.0,359.63,5.3700000000000045,5a
JA/IT-174,Tateishiyama,39.036,141.8199,358.0,357.56,0.4399999999999977,5a
JA/IT-175,Iiokayama,39.6685,141.09219,358.0,357.54,0.45999999999997954,5a
JA/IT-177,Ishikurayama,38.9387,141.23061,355.0,354.46,0.5400000000000205,5a
JA/IT-178,Udogamori,38.9633,141.2036,350.0,350.15,0.14999999999997726,5a
JA/IT-179,Kamomemoriyama,39.3251,141.96249,325.0,324.63,0.37000000000000455,5a
JA/IT-180,Takaudoyama,38.8733,141.3076,313.0,312.87,0.12999999999999545,5a
JA/IT-181,Nagasakiyama,39.0288,141.75349,290.0,289.78,0.22000000000002728,5a
JA/IT-182,Takakurayama,39.7868,140.89,1408.0,1406.87,1.1300000000001091,5a
JA/IT-183,Shiromoriyama,39.5104,141.446,1338.0,1336.19,1.8099999999999454,10b
JA/IT-184,Maemoriyama,39.9777,140.9583,1303.0,1302.72,0.2799999999999727,10b
JA/IT-185,JA/IT-185,39.6814,141.39619,1174.0,1170.45,3.5499999999999545,5a
JA/IT-186,Nishiyama,39.6765,141.6581,1170.0,1169.25,0.75,5a
JA/IT-187,Near Myozawayama,39.5075,141.7274,1139.0,1128.89,10.1099999999999,5a
JA/IT-188,JA/IT-188,39.0854,140.75861,1120.0,1123.7,3.7000000000000455,5a
JA/IT-189,Yokodake,39.2299,140.8819,1099.0,1097.13,1.8699999999998909,10b
JA/IT-191,Oomabuyama,39.4422,141.4539,1043.0,1040.0,3.0,10b
JA/IT-192,Oozudake,39.4568,141.6595,1028.0,1027.04,0.9600000000000364,5a
JA/IT-193,Near Goishitouge,39.8982,141.7112,1000.0,1001.31,1.3099999999999454,10b
JA/IT-194,Hanagurodake,40.0827,141.4962,970.0,973.52,3.519999999999982,10b
JA/IT-195,JA/IT-195,39.4548,140.9128,960.0,964.31,4.309999999999945,10b
JA/IT-196,Near Hinokizawa,39.2358,140.8512,940.0,940.73,0.7300000000000182,10b
JA/IT-197,Nekoyama,39.4795,141.38921,920.0,920.08,0.08000000000004093,10b
JA/IT-198,Ogaramoriyama,39.2474,140.9151,914.0,912.7,1.2999999999999545,10b
JA/IT-199,Tougeyama,39.5744,141.31821,907.0,907.2,0.20000000000004547,5a
JA/IT-200,Takanohashi,39.2603,140.82359,841.0,842.53,1.5299999999999727,10b
JA/IT-201,Aonokimori,39.5314,140.961,830.0,830.56,0.5599999999999454,10b
JA/IT-202,Iwagami,40.1237,141.4043,787.0,785.99,1.009999999999991,5a
JA/IT-203,Dokugamori,39.6356,141.04179,782.0,757.91,24.090000000000032,5b
JA/IT-204,Gongenmori,39.5393,140.98959,773.0,771.81,1.1900000000000546,10b
JA/IT-205,JA/IT-205,39.3963,140.93671,756.0,753.39,2.6100000000000136,10b
JA/IT-206,Sano,39.251,141.6209,743.0,741.43,1.57000000000005,10b
JA/IT-208,Takamori,39.6547,141.2961,700.0,697.27,2.730000000000018,5a
JA/IT-209,Ootsukitouge,40.0163,141.7392,698.0,697.96,0.03999999999996362,10b
JA/IT-210,Jisayama,39.5469,141.353,681.0,680.84,0.15999999999996817,5a
JA/IT-211,Yagamidake,40.1272,140.9442,666.0,666.03,0.029999999999972715,5a
JA/IT-212,Aizawamori,39.7684,141.9003,613.0,612.86,0.13999999999998636,5a
JA/IT-213,JA/IT-213,39.5517,141.83929,612.0,608.68,3.32000000000005,5a
JA/IT-214,Hyuugayama,39.4582,141.3595,573.0,573.18,0.17999999999994998,5a
JA/IT-215,JA/IT-215,39.5224,141.07449,570.0,571.93,1.92999999999995,5b
JA/IT-216,Shigakiyama,39.4005,140.7782,562.0,561.12,0.8799999999999955,5a
JA/IT-217,Oomoriyama,39.4665,141.0036,543.0,543.05,0.049999999999954525,10b
JA/IT-218,Hinataorikiyama,39.377,141.2885,530.0,529.13,0.8700000000000045,5a
JA/IT-219,Yagoshiyama,38.9128,141.4388,518.0,516.52,1.4800000000000182,10b
JA/IT-220,Tougeyama,39.2932,140.8576,515.0,511.68,3.319999999999993,5a
JA/IT-221,Karogatake,39.4681,142.0361,507.0,505.74,1.259999999999991,5a
JA/IT-222,JA/IT-222,39.3069,141.86279,469.0,468.51,0.4900000000000091,5a
JA/IT-223,Todoyama,39.5478,142.05611,464.0,461.75,2.25,5a
JA/IT-224,Sotoyama,39.3253,141.84419,461.0,456.71,4.2900000000000205,5a
JA/IT-225,Kokujirayama,39.3839,141.91251,460.0,456.48,3.519999999999982,5a
JA/IT-226,Tsukiyama,39.6208,142.00529,455.0,455.0,0.0,5a
JA/IT-227,Nishiyamatouge,39.276,141.18961,358.0,357.27,0.7300000000000182,5a
JA/IT-228,Takasuyama,39.2303,141.9337,341.0,334.77,6.230000000000018,5a
JA/IT-229,JA/IT-229,39.4339,141.99651,320.0,319.4,0.6000000000000227,5a
JA/IT-230,Maeda,39.3211,141.93581,286.0,284.63,1.3700000000000045,5a
JA/IT-231,Nitayama,38.9815,141.6776,252.0,251.69,0.3100000000000023,5a
JA/IT-232,Tomorisan,39.3136,141.3466,679.0,678.72,0.2799999999999727,5a
JA/KN-001,Hirugatake,35.4863,139.1389,1673.0,1672.17,0.8299999999999272,5a
JA/KN-002,Hinokiboramaru,35.4789,139.10271,1602.0,1599.47,2.5299999999999727,5a
JA/KN-003,Oomuroyama,35.511,139.0686,1588.0,1586.71,1.2899999999999636,5a
JA/KN-004,Kamiyama,35.2334,139.0209,1438.0,1437.29,0.7100000000000364,5a
JA/KN-005,Komotsurushiyama,35.4637,138.9785,1379.0,1376.09,2.910000000000082,5a
JA/KN-006,Ooyama,35.4408,139.2312,1252.0,1250.81,1.1900000000000546,5a
JA/KN-007,Kintokizan,35.2897,139.0049,1213.0,1211.72,1.2799999999999727,5a
JA/KN-009,Myoujingatake,35.2795,139.05251,1169.0,1167.63,1.3699999999998909,5a
JA/KN-010,Mikuniyama,35.2159,138.9841,1102.0,1101.51,0.4900000000000091,5a
JA/KN-011,Kamifutagoyama,35.2147,139.0419,1099.0,1098.08,0.9200000000000728,5a
JA/KN-012,Gongenyama,35.4306,139.0253,1019.0,1018.16,0.8400000000000318,5a
JA/KN-013,Kayamaru,35.6723,139.13631,1019.0,1011.98,7.019999999999982,5a
JA/KN-014,Taikanzan,35.1831,139.0461,1012.0,1013.23,1.2300000000000182,5a
JA/KN-015,Furouzan,35.3997,139.0031,928.0,928.68,0.67999999999995,5a
JA/KN-016,Yaguradake,35.3286,139.0354,870.0,867.6,2.3999999999999773,5a
JA/KN-017,Bukkasan,35.5206,139.2581,747.0,744.6,2.3999999999999773,5a
JA/KN-018,Sekirouzan,35.5852,139.1906,702.0,696.7,5.2999999999999545,5a
JA/KN-019,Sendoujiyama,35.5616,139.2254,583.0,576.51,6.490000000000009,5a
JA/KN-020,Gongendaira,35.5457,139.2357,569.0,568.17,0.8300000000000409,5a
JA/KN-021,Amagoiyama,35.5566,139.27409,429.0,428.35,0.6499999999999773,5a
JA/KN-022,Shiroyama,35.5831,139.2787,375.0,374.54,0.45999999999997954,5a
JA/KN-023,Fudouyama,35.3164,139.1978,328.0,326.93,1.0699999999999932,5a
JA/KN-024,Doukakunoatama,35.4659,139.1046,1491.0,1487.34,3.660000000000082,5a
JA/KN-025,Isezawanoatama,35.4259,139.1057,1177.0,1171.59,5.410000000000082,5a
JA/KN-026,Marudake,35.2704,138.98219,1156.0,1152.16,3.839999999999918,5a
JA/KN-027,Byoubuyama,35.1971,139.03841,948.0,948.02,0.01999999999998181,5a
JA/KN-028,Jinbasan,35.6521,139.1666,855.0,854.21,0.7899999999999636,5a
JA/KN-029,Nabewarashi,35.4854,139.23621,817.0,813.51,3.490000000000009,5a
JA/KN-030,Ishizareyama,35.5726,139.1694,578.0,577.2,0.7999999999999545,5a
JA/KN-031,Takatoriyama,35.6343,139.13181,473.0,471.28,1.7200000000000273,5a
JA/KN-032,Arashiyama,35.6116,139.1987,406.0,405.4,0.6000000000000227,5a
JA/KN-033,Oogusuyama,35.2501,139.6281,241.0,240.61,0.38999999999998636,5a
JA/KN-034,Kayazuka,35.27519,139.62297,212.0,212.73,0.7299999999999898,5a
JA/KT-001,Minetokoyama,35.2374,135.8237,970.0,969.0,1.0,5a
JA/KT-002,Mikunidake,35.3207,135.7939,959.0,957.46,1.5399999999999636,5a
JA/KT-003,Jizouyama,35.0754,135.6235,947.0,946.81,0.19000000000005457,5a
JA/KT-004,Bunanokitouge,35.3249,135.743,939.0,938.3,0.7000000000000455,5a
JA/KT-005,Kuwataniyama,35.2541,135.7943,930.0,928.23,1.7699999999999818,5a
JA/KT-006,Chyourougadake,35.3032,135.474,917.0,916.1,0.8999999999999773,5a
JA/KT-007,Kumotoriyama,35.1784,135.76469,911.0,910.02,0.9800000000000182,5a
JA/KT-008,Jizousugi,35.3252,135.5027,899.0,897.99,1.009999999999991,5a
JA/KT-009,Sajikigadake,35.1592,135.71719,896.0,895.21,0.7899999999999636,5a
JA/KT-010,Toukinzan,35.3774,135.53439,871.0,868.74,2.259999999999991,5a
JA/KT-011,Mitakesan,35.3941,135.05769,839.0,838.32,0.67999999999995,5a
JA/KT-012,Ooeyama (Senjyougatake),35.4535,135.1066,832.0,831.76,0.2400000000000091,5a
JA/KT-013,Ishizareyama,35.3021,135.6787,826.0,825.93,0.07000000000005002,5a
JA/KT-014,Miyama,35.0418,135.3773,791.0,790.07,0.92999999999995,5a
JA/KT-015,Miyama,35.3998,134.96339,780.0,779.45,0.5499999999999545,5a
JA/KT-016,Hachigamine,35.3335,135.6071,779.0,777.04,1.9600000000000364,5a
JA/KT-017,Hangokusan,35.03,135.45151,774.0,773.33,0.6699999999999591,5a
JA/KT-018,Yubunezan(Katanamiyama),35.2254,135.76131,763.0,762.55,0.4500000000000455,5a
JA/KT-019,Ooiwayama,35.2479,135.51939,758.0,754.01,3.990000000000009,5a
JA/KT-020,Akaishigatake,35.4444,135.08549,736.0,733.99,2.009999999999991,5a
JA/KT-021,Iboyama,35.3736,134.99229,731.0,729.8,1.2000000000000455,5a
JA/KT-022,Egasayama,35.451,135.05,728.0,726.17,1.830000000000041,5a
JA/KT-023,Yakisugiyama,35.1365,135.8177,717.0,714.83,2.169999999999959,5a
JA/KT-024,Sorayama,35.4479,135.12981,717.0,708.94,8.059999999999945,5a
JA/KT-025,Bukumiyama,35.3843,135.02499,710.0,708.89,1.1100000000000136,5a
JA/KT-026,Takayama,35.6262,135.1694,702.0,701.67,0.3300000000000409,5a
JA/KT-027,Sugiyama,35.4896,135.19659,697.0,694.63,2.3700000000000045,5a
JA/KT-028,JA/KT-028,34.8333,135.92439,684.0,679.44,4.559999999999945,5a
JA/KT-029,Taikoyama,35.6953,135.20419,683.0,682.48,0.5199999999999818,5a
JA/KT-030,Mitokeyama,35.2482,135.3667,668.0,667.01,0.9900000000000091,5a
JA/KT-031,Yourouyama,35.4365,135.4519,665.0,664.42,0.5800000000000409,5a
JA/KT-032,Misensan,35.3911,135.3781,664.0,664.84,0.8400000000000318,5a
JA/KT-033,Isanagosan,35.5485,135.0381,661.0,660.35,0.6499999999999773,5a
JA/KT-034,Tatsugajyo,35.3558,135.02969,646.0,644.36,1.6399999999999864,5a
JA/KT-035,Oshioyama,34.9617,135.6342,642.0,641.67,0.3300000000000409,5a
JA/KT-036,Yuragatake,35.5075,135.2567,640.0,639.37,0.6299999999999955,5a
JA/KT-037,Tengamine,35.4111,135.1033,632.0,631.86,0.13999999999998636,5a
JA/KT-038,Shinohara,35.2798,135.4209,629.0,627.39,1.6100000000000136,5a
JA/KT-039,Chitoseyama,35.1174,135.5795,627.0,624.72,2.2799999999999727,5a
JA/KT-040,JA/KT-040,35.0762,135.5907,625.0,626.81,1.8099999999999454,5a
JA/KT-041,Yuuyagatake,34.9357,135.5285,622.0,621.68,0.32000000000005,5a
JA/KT-042,Nishisenzudake,34.9586,135.85921,602.0,600.94,1.0599999999999454,5a
JA/KT-043,Gongenyama,35.7417,135.22,601.0,600.03,0.9700000000000273,5a
JA/KT-044,JA/KT-044,35.4091,135.4492,592.0,584.96,7.039999999999964,5a
JA/KT-045,JA/KT-045,35.0858,135.69901,570.0,567.02,2.980000000000018,5a
JA/KT-046,Kurooyama,35.1611,135.5681,569.0,567.08,1.919999999999959,5a
JA/KT-047,Gojyoyama,35.2145,135.3242,568.0,567.68,0.32000000000005,5a
JA/KT-048,JA/KT-048,35.2313,135.3237,568.0,565.48,2.519999999999982,5a
JA/KT-049,Nishiyama,35.1496,135.3447,560.0,559.89,0.11000000000001364,5a
JA/KT-050,Near Sorayama,35.5483,135.42551,560.0,560.79,0.7899999999999636,5a
JA/KT-051,JA/KT-051,35.058,135.40981,557.0,549.03,7.970000000000027,5a
JA/KT-052,Tashojiyama,35.5389,135.381,556.0,556.01,0.009999999999990905,5a
JA/KT-053,Reisen Golf Course (Nr 4th green),34.9852,135.51649,550.0,538.46,11.539999999999964,5a
JA/KT-054,JA/KT-054,35.1475,135.36861,550.0,538.7,11.299999999999955,5a
JA/KT-055,Funatsuyama,35.7415,135.2332,548.0,549.01,1.009999999999991,5a
JA/KT-056,Hisatsugidake,35.5921,135.007,541.0,540.55,0.4500000000000455,5a
JA/KT-057,Ichigaosan,35.7341,135.1375,540.0,539.01,0.9900000000000091,5a
JA/KT-058,Onigajyo,35.3415,135.1423,540.0,545.07,5.07000000000005,5a
JA/KT-059,Oyama,35.1246,135.61369,539.0,536.88,2.1200000000000045,5a
JA/KT-060,Hyoutankuzureyama,35.0922,135.8098,532.0,531.36,0.6399999999999864,5a
JA/KT-061,Gongenyama,35.4921,135.0502,527.0,524.12,2.8799999999999955,5a
JA/KT-062,JA/KT-062,35.0593,135.6913,520.0,519.67,0.3300000000000409,5a
JA/KT-063,Oominesan,34.8724,135.8568,510.0,504.31,5.689999999999998,5a
JA/KT-065,Ichinomuro,35.3705,135.0627,486.0,485.42,0.5799999999999841,5a
JA/KT-066,Makiyama,35.5047,135.31,483.0,479.51,3.490000000000009,5a
JA/KT-067,Bijyozan,35.1537,135.4406,482.0,481.86,0.13999999999998636,5a
JA/KT-068,Sanjyogamine,35.0174,135.64799,482.0,481.84,0.160000000000025,5a
JA/KT-069,Ubara,35.2241,135.2652,480.0,479.07,0.9300000000000068,5a
JA/KT-070,JA/KT-070,35.3043,135.0506,472.0,471.01,0.9900000000000091,5a
JA/KT-071,JA/KT-071,35.1648,135.28909,469.0,461.78,7.220000000000027,5a
JA/KT-072,Oouchi,35.069,135.48399,466.0,464.81,1.1899999999999977,5a
JA/KT-073,JA/KT-073,35.0393,135.50591,461.0,458.69,2.3100000000000023,5a
JA/KT-074,Asahiyama,35.0112,135.5106,460.0,457.54,2.4599999999999795,5a
JA/KT-075,Kamikawagou,35.266,135.2625,453.0,452.21,0.7900000000000205,5a
JA/KT-076,Ooishi,35.7079,135.14079,447.0,445.09,1.910000000000025,5a
JA/KT-077,JA/KT-077,35.622,135.00169,441.0,435.37,5.6299999999999955,5a
JA/KT-078,Minouragatake,35.0987,135.78191,432.0,432.02,0.01999999999998181,5a
JA/KT-079,JA/KT-079,35.0778,135.42239,431.0,430.46,0.5400000000000205,5a
JA/KT-080,Jyouyama,35.4324,135.142,429.0,426.58,2.420000000000016,5a
JA/KT-081,Takahara2,35.1918,135.44749,424.0,422.18,1.8199999999999932,5a
JA/KT-082,Takadake,35.2841,135.2045,416.0,415.51,0.4900000000000091,5a
JA/KT-083,Toishidake,35.4482,135.19321,408.0,407.35,0.6499999999999773,5a
JA/KT-084,Himekamiyama,35.3156,135.0782,406.0,405.22,0.7799999999999727,5a
JA/KT-085,Okuyama,35.3849,135.28169,403.0,402.49,0.5099999999999909,5a
JA/KT-086,JA/KT-086,35.6405,135.11259,403.0,399.56,3.4399999999999977,5a
JA/KT-087,Tendai,35.4431,135.3719,402.0,400.97,1.0299999999999727,5a
JA/KT-088,Kawabehara,35.5151,135.43111,396.0,394.7,1.3000000000000114,5a
JA/KT-089,Yutanisan,34.7815,135.899,381.0,381.45,0.44999999999998863,5a
JA/KT-090,Shimotenzu,35.3491,135.0994,375.0,372.3,2.6999999999999886,5a
JA/KT-091,Rokkokuyama,34.8649,135.8293,366.0,365.91,0.08999999999997499,5a
JA/KT-092,Sorayama,35.3391,135.18919,352.0,351.24,0.7599999999999909,5a
JA/KT-093,Aratayama,35.5487,135.0937,344.0,342.44,1.5600000000000023,5a
JA/KT-094,Minato,35.6321,134.8705,334.0,333.82,0.18000000000000682,5a
JA/KT-095,Takasu,35.3051,135.3069,331.0,331.03,0.029999999999972715,5a
JA/KT-096,Miemura,35.5555,135.1275,330.0,328.84,1.160000000000025,5a
JA/KT-097,JA/KT-097,35.3174,134.97391,329.0,329.25,0.25,5a
JA/KT-098,Iwasaki,35.2651,135.2041,321.0,320.35,0.6499999999999773,5a
JA/KT-099,Koumoridake,35.6924,135.2957,320.0,321.18,1.1800000000000068,5a
JA/KT-100,Asakura,35.1237,135.49249,320.0,317.78,2.2200000000000273,5a
JA/KT-101,JA/KT-101,35.679,134.9933,316.0,302.55,13.449999999999989,5a
JA/KT-102,Maizurufuji,35.4572,135.29781,316.0,314.67,1.329999999999984,5a
JA/KT-103,Hataya,35.6934,135.26469,314.0,312.95,1.0500000000000114,5a
JA/KT-104,JA/KT-104,35.4931,135.42239,310.0,304.63,5.3700000000000045,5a
JA/KT-105,Yabesan,35.409,135.1604,310.0,309.08,0.9200000000000159,5a
JA/KT-106,Goroudake,35.4649,135.34351,301.0,300.79,0.20999999999997954,5a
JA/KT-107,Takashiroyama,35.3488,135.3019,300.0,302.75,2.75,5a
JA/KT-108,Takanamiyama,35.3454,135.2513,296.0,295.5,0.5,5a
JA/KT-109,JA/KT-109,35.7156,135.2753,292.0,290.46,1.5400000000000205,5a
JA/KT-110,Hatchoyama,35.2555,135.73351,892.0,890.28,1.7200000000000273,5a
JA/KT-111,Nacho (Amagamori),35.1647,135.82561,812.0,811.55,0.4500000000000455,5a
JA/KT-112,Ashio,35.3187,135.7037,811.0,810.15,0.8500000000000227,5a
JA/KT-113,Hosabiyama,35.2848,135.6273,750.0,749.48,0.5199999999999818,5a
JA/KT-114,Oninoiwaya,35.4813,135.13721,740.0,734.06,5.940000000000055,5a
JA/KT-115,Near Mitsuzukoyama,35.1004,135.6185,730.0,726.17,3.830000000000041,5a
JA/KT-116,JA/KT-116,35.2452,135.62891,677.0,681.76,4.759999999999991,5a
JA/KT-117,JA/KT-117,35.302,135.3786,626.0,623.12,2.8799999999999955,5a
JA/KT-118,Kamagatake,35.11,135.5975,623.0,612.68,10.32000000000005,5a
JA/KT-119,Kongoudoujiyama,35.6595,135.142,613.0,612.17,0.8300000000000409,5a
JA/KT-120,Meotoiwa,35.3091,134.9408,597.0,596.57,0.42999999999995,5a
JA/KT-121,Hitsugadake,35.1321,135.36909,582.0,580.96,1.0399999999999636,5a
JA/KT-122,Kawakami,35.425,135.4958,574.0,572.98,1.0199999999999818,5a
JA/KT-123,Shirokiya,35.107,135.7121,565.0,564.4,0.6000000000000227,5a
JA/KT-124,Uno,35.1801,135.57851,555.0,553.82,1.17999999999995,5a
JA/KT-125,JA/KT-125,35.7351,135.20239,555.0,554.94,0.05999999999994543,5a
JA/KT-126,JA/KT-126,35.1363,135.56841,551.0,541.6,9.399999999999977,5a
JA/KT-127,Shiroiwayama,35.1602,135.5784,540.0,533.26,6.740000000000009,5a
JA/KT-128,Okugantaniyama,34.812,135.8802,521.0,520.82,0.17999999999994998,5a
JA/KT-129,JA/KT-129,35.1339,135.5804,510.0,492.77,17.230000000000018,5a
JA/KT-130,Near Morokiyama,35.1132,135.53729,510.0,502.56,7.439999999999998,5a
JA/KT-131,Near Kurooyama,35.1532,135.6102,510.0,510.52,0.5199999999999818,5a
JA/KT-132,Near Sakuratouge,34.968,135.5528,470.0,464.54,5.4599999999999795,5a
JA/KT-133,JA/KT-133,35.7522,135.2011,450.0,464.63,14.629999999999995,5a
JA/KT-134,Aojidake,35.5507,134.9538,445.0,443.97,1.0299999999999727,5a
JA/KT-135,JA/KT-135,35.5091,135.0466,424.0,416.62,7.3799999999999955,5a
JA/KT-136,Miyatani,35.075,135.46249,401.0,400.68,0.3199999999999932,5a
JA/KT-137,Oohinata,35.1664,135.4688,395.0,395.04,0.040000000000020464,5a
JA/KT-138,Yoshioyama,35.2072,135.41769,392.0,392.52,0.5199999999999818,5a
JA/KT-139,Takayama,35.1718,135.5076,381.0,378.14,2.8600000000000136,5a
JA/KT-140,Odani,35.4328,135.38519,379.0,378.38,0.6200000000000045,5a
JA/KT-141,JA/KT-141,35.4302,135.16901,374.0,368.36,5.639999999999986,5a
JA/KT-142,Jyouganji,35.3444,135.05521,344.0,341.95,2.0500000000000114,5a
JA/KT-143,Atagoyama,35.3523,135.0498,338.0,337.64,0.36000000000001364,5a
JA/KT-144,Ichibandani,35.3325,135.3588,320.0,319.55,0.44999999999998863,5a
JA/KT-145,Ikadamoriyama,35.0887,135.5253,294.0,293.52,0.4800000000000182,5a
JA/KT-146,JA/KT-146,35.3146,135.0186,288.0,284.11,3.8899999999999864,5a
JA/KT-147,Nishizaka,35.3719,135.2058,287.0,287.53,0.5299999999999727,5a
JA/KT-148,Yotsuoyama,35.2948,135.2453,287.0,286.55,0.44999999999998863,5a
JA/KT-149,JA/KT-149,35.2966,135.285,270.0,264.16,5.839999999999975,5a
JA/KT-150,Kurahasayama,35.4541,135.4128,260.0,261.95,1.9499999999999886,5a
JA/KT-151,Ootani,35.6932,135.08121,258.0,256.89,1.1100000000000136,5a
JA/KT-152,Washigasaki,35.6653,135.2977,221.0,220.64,0.36000000000001364,5a
JA/KT-153,Tokura,35.7143,135.07809,220.0,215.53,4.469999999999999,5a
JA/KT-154,JA/KT-154,35.4337,135.2402,218.0,203.26,14.740000000000009,5a
JA/KT-155,Atagoyama,35.4438,135.315,213.0,212.48,0.5200000000000102,5a
JA/KT-156,Horagaya,35.5672,135.2422,210.0,209.86,0.13999999999998636,5a
JA/KT-157,Kurosaki,35.5916,135.2522,205.0,203.71,1.289999999999992,5a
JA/KT-158,Miyataniyama,35.4696,135.418,200.0,199.86,0.13999999999998636,5a
JA/KT-159,Uraake,35.6196,134.9335,193.0,192.82,0.18000000000000682,5a
JA/KT-160,Kabutoyama,35.6129,134.91119,191.0,191.23,0.22999999999998977,5a
JA/KT-161,JA/KT-161,35.4301,135.21851,190.0,186.67,3.3300000000000125,5a
JA/KT-162,Kejima,35.5969,135.4785,187.0,180.08,6.9199999999999875,10b
JA/KT-163,Musoumisaki,35.5631,135.2606,180.0,186.69,6.689999999999998,5a
JA/KT-164,Kanmurijima,35.6812,135.4252,169.0,163.29,5.710000000000008,10b
JA/ME-001,Oodaigaharazan (Hinodegatake),34.1853,136.10921,1695.0,1693.63,1.3699999999998909,5a
JA/ME-002,Hotakamyoujin,34.361,136.0948,1432.0,1431.4,0.599999999999909,5a
JA/ME-003,Kamosukedaninokashira,34.1864,136.1534,1380.0,1377.67,2.3299999999999272,5a
JA/ME-004,Nanatsugama,34.2096,136.13609,1355.0,1354.52,0.4800000000000182,5a
JA/ME-005,Mayoidake,34.3501,136.2075,1309.0,1308.1,0.900000000000091,5a
JA/ME-006,Kunimiyama,34.2809,136.1463,1283.0,1280.15,2.849999999999909,5a
JA/ME-008,Ematanokashira,34.3222,136.16299,1270.0,1268.68,1.3199999999999363,5a
JA/ME-009,Takamiyama,34.4287,136.0885,1248.0,1246.37,1.6300000000001091,5a
JA/ME-010,Miuneyama,34.4487,136.2063,1235.0,1234.69,0.30999999999994543,5a
JA/ME-011,Gozaishoyama,35.0204,136.418,1212.0,1202.35,9.650000000000091,5a
JA/ME-012,Kamagatake,35.0013,136.4212,1161.0,1157.79,3.2100000000000364,5a
JA/ME-013,Senchiyogamine,34.2461,136.2177,1100.0,1099.12,0.8800000000001091,5a
JA/ME-014,Ryuugadake,35.1193,136.44521,1099.0,1098.86,0.14000000000010004,5a
JA/ME-015,Syugengyouyama,34.4502,136.2562,1094.0,1092.67,1.3299999999999272,5a
JA/ME-016,Syakagatake,35.0657,136.44141,1092.0,1091.17,0.8299999999999272,5a
JA/ME-017,Kasugarei,34.2891,136.2692,1038.0,1032.05,5.9500000000000455,5a
JA/ME-018,Kurosoyama,34.5309,136.1703,1037.0,1036.57,0.43000000000006366,5a
JA/ME-019,Hoirosan,34.0035,136.095,1030.0,1027.15,2.849999999999909,5a
JA/ME-020,Tsubonegadake,34.4605,136.327,1029.0,1027.51,1.490000000000009,5a
JA/ME-021,Gakunodouyama,34.492,136.2298,1021.0,1020.7,0.2999999999999545,5a
JA/ME-022,Ooborayama Odake,34.5387,136.2149,1013.0,1011.54,1.4600000000000364,5a
JA/ME-023,Nishiya,34.0358,136.0181,991.0,990.59,0.40999999999996817,5a
JA/ME-024,Amagadake,34.5576,136.2197,957.0,957.04,0.03999999999996362,5a
JA/ME-025,Masugatayama,34.4045,136.15649,956.0,955.37,0.6299999999999955,5a
JA/ME-026,JA/ME-026,34.321,136.32291,952.0,949.33,2.669999999999959,5a
JA/ME-027,JA/ME-027,33.9876,136.0835,944.0,947.19,3.1900000000000546,5a
JA/ME-028,Takashiroyama,34.0085,136.0632,938.0,934.27,3.730000000000018,5a
JA/ME-029,Nenotomariyama,33.7946,135.9305,907.0,904.86,2.1399999999999864,5a
JA/ME-030,JA/ME-030,34.2249,136.19051,889.0,882.33,6.669999999999959,5a
JA/ME-031,Kiraramine,34.9991,136.44881,888.0,887.62,0.37999999999999545,5a
JA/ME-032,Kunimiyama,34.5485,136.16209,880.0,875.24,4.759999999999991,5a
JA/ME-033,Maruoyama,33.9126,136.039,851.0,851.11,0.11000000000001364,5a
JA/ME-034,Kasatoriyama,34.734,136.2964,842.0,841.92,0.08000000000004093,5a
JA/ME-035,Shiraisan,34.5059,136.4075,819.0,818.56,0.44000000000005457,5a
JA/ME-036,Kyougamine,34.7665,136.3744,819.0,817.72,1.2799999999999727,5a
JA/ME-037,JA/ME-037,33.8236,135.9126,815.0,815.03,0.029999999999972715,5a
JA/ME-038,Hiyodoriyama,33.8795,135.98219,813.0,812.17,0.8300000000000409,5a
JA/ME-039,Ichizokusan,33.8566,135.9245,801.0,799.71,1.2899999999999636,5a
JA/ME-040,Nasugaharayama,34.8758,136.2979,800.0,799.61,0.38999999999998636,5a
JA/ME-041,Kogasanomine,34.8092,136.3013,790.0,785.87,4.1299999999999955,5a
JA/ME-042,Choraku,34.3381,136.5123,784.0,783.76,0.2400000000000091,5a
JA/ME-043,Mototoridake,34.6011,136.2498,779.0,778.23,0.7699999999999818,5a
JA/ME-044,Nanahoragatake,34.3731,136.5157,778.0,777.21,0.7899999999999636,5a
JA/ME-045,Hinokio,33.8357,135.935,776.0,773.23,2.769999999999982,5a
JA/ME-046,Nishimata,33.9608,136.1306,775.0,774.09,0.9099999999999682,5a
JA/ME-047,Near Takanshoyama,34.5543,136.2916,772.0,767.71,4.289999999999964,5a
JA/ME-048,JA/ME-048,34.5956,136.2299,770.0,759.41,10.590000000000032,5a
JA/ME-049,Reisan,34.8172,136.2605,766.0,764.65,1.3500000000000227,5a
JA/ME-050,Hossakasan,34.5465,136.43291,757.0,754.08,2.919999999999959,5a
JA/ME-051,Mitatani,34.0231,136.1994,752.0,750.99,1.009999999999991,5a
JA/ME-052,Takeharayama,34.5711,136.31371,745.0,745.25,0.25,5a
JA/ME-053,Ikenotanigoe,34.2631,136.3084,738.0,736.86,1.1399999999999864,5a
JA/ME-054,Kunimiiwa,34.329,136.4705,734.0,730.15,3.8500000000000227,5a
JA/ME-055,Sengenyama,34.3561,136.4532,733.0,732.26,0.7400000000000091,5a
JA/ME-056,Yazusan,34.574,136.3701,731.0,728.99,2.009999999999991,5a
JA/ME-057,JA/ME-057,34.4947,136.2834,727.0,724.84,2.159999999999968,5a
JA/ME-058,Higureyama,33.932,136.0063,723.0,722.86,0.13999999999998636,5a
JA/ME-059,JA/ME-059,33.8996,135.9063,704.0,702.45,1.5499999999999545,5a
JA/ME-060,Koihimeyama,35.1759,136.5869,694.0,693.26,0.7400000000000091,5a
JA/ME-061,Higeyama,34.5502,136.3605,688.0,686.34,1.6599999999999682,5a
JA/ME-062,Ojyamine(Daijyamine),33.9313,136.1158,687.0,686.18,0.82000000000005,5a
JA/ME-063,Shakujyougatake,34.8214,136.3557,676.0,670.14,5.860000000000014,5a
JA/ME-064,Takayama,34.4085,136.32961,675.0,673.71,1.2899999999999636,5a
JA/ME-065,Shiosoyama,34.9029,136.3595,667.0,663.29,3.7100000000000364,5a
JA/ME-066,Yagamine,34.2707,136.3419,637.0,636.14,0.8600000000000136,5a
JA/ME-067,Ashigaya,34.2673,136.3792,628.0,627.61,0.38999999999998636,5a
JA/ME-068,Ooseyama,33.8451,135.9595,627.0,626.54,0.4600000000000364,5a
JA/ME-069,Oojiyama,33.8202,135.9841,601.0,600.43,0.57000000000005,5a
JA/ME-070,Binshiyama,34.095,136.1837,599.0,598.87,0.12999999999999545,5a
JA/ME-071,Nakamine,33.9864,136.0155,593.0,592.09,0.9099999999999682,5a
JA/ME-072,Ookouchiyama,34.1796,136.244,570.0,574.91,4.909999999999968,5a
JA/ME-073,Goyou,34.5299,136.2587,569.0,569.15,0.14999999999997726,5a
JA/ME-074,Hotokegataira,34.8563,136.34911,568.0,565.18,2.82000000000005,5a
JA/ME-075,JA/ME-075,34.8896,136.38651,560.0,569.11,9.110000000000014,5a
JA/ME-076,Arujiyama,34.2663,136.4252,556.0,555.25,0.75,5a
JA/ME-077,Asamagatake,34.4611,136.7816,555.0,554.37,0.6299999999999955,5a
JA/ME-078,Karasudome,34.5814,136.35429,555.0,553.61,1.3899999999999864,5a
JA/ME-079,Ushikusayama,34.3869,136.6376,550.0,548.6,1.3999999999999773,5a
JA/ME-080,Washimine (Hakamagoshiyama),34.426,136.6917,548.0,544.29,3.7100000000000364,5a
JA/ME-081,Takamine,34.6013,136.33501,547.0,546.88,0.12000000000000455,5a
JA/ME-082,Karasudake,34.4604,136.42,545.0,544.12,0.8799999999999955,5a
JA/ME-083,JA/ME-083,34.3834,136.3246,543.0,541.05,1.9500000000000455,5a
JA/ME-084,Tengukurayama,34.0914,136.20889,522.0,519.11,2.8899999999999864,5a
JA/ME-085,Hiratani,33.9182,135.94299,513.0,512.27,0.7300000000000182,5a
JA/ME-086,Himegoyama,34.2341,136.41789,503.0,501.04,1.9599999999999795,5a
JA/ME-087,Kamidake,34.4164,136.64349,492.0,491.24,0.7599999999999909,5a
JA/ME-088,Tsuchiba,33.9975,136.0041,446.0,445.18,0.8199999999999932,5a
JA/ME-089,JA/ME-089,33.84,135.8735,430.0,428.46,1.5400000000000205,5a
JA/ME-090,Kuzukayama,34.4489,136.5817,411.0,404.04,6.9599999999999795,5a
JA/ME-091,JA/ME-091,34.7546,136.2003,409.0,397.39,11.610000000000014,5a
JA/ME-092,Ryusenzan,34.3636,136.6776,402.0,398.57,3.430000000000007,5a
JA/ME-093,Daimyojinyama,34.5077,136.47121,400.0,403.03,3.0299999999999727,5a
JA/ME-094,Koura,34.1262,136.2384,380.0,379.8,0.19999999999998863,5a
JA/ME-095,Naga,34.3987,136.4462,380.0,379.43,0.5699999999999932,5a
JA/ME-096,JA/ME-096,34.6589,136.0715,365.0,364.21,0.7900000000000205,5a
JA/ME-097,Ryuouzan,34.7414,136.0764,361.0,361.1,0.10000000000002274,5a
JA/ME-098,JA/ME-098,33.7501,135.9817,337.0,337.11,0.11000000000001364,5a
JA/ME-099,Aominesan,34.4089,136.8242,336.0,335.31,0.6899999999999977,5a
JA/ME-100,Haseyama,34.7337,136.4332,320.0,319.92,0.07999999999998408,5a
JA/ME-101,Tochihara,34.4548,136.52901,317.0,315.03,1.9700000000000273,5a
JA/ME-102,Tsubonegacho,34.2828,136.6219,311.0,309.79,1.2099999999999795,5a
JA/ME-104,Kakuroyama,34.3336,136.6465,292.0,289.88,2.1200000000000045,5a
JA/ME-105,Shiroyama,34.4849,136.5125,291.0,291.59,0.589999999999975,5a
JA/ME-106,JA/ME-106,33.9201,135.9294,290.0,297.77,7.769999999999982,5a
JA/ME-107,Ooyama,34.4918,136.8895,236.0,235.74,0.2599999999999909,5a
JA/ME-108,Toumyouyama,34.5484,136.9847,171.0,169.67,1.3300000000000125,5a
JA/ME-109,Momotoriyama,34.5106,136.8602,167.0,166.6,0.4000000000000057,5a
JA/ME-110,Uguidani,34.2491,136.15601,1291.0,1290.34,0.6600000000000819,5a
JA/ME-111,Takamineyama,34.032,136.1472,1045.0,1043.93,1.0699999999999363,5a
JA/ME-112,Sengadake,34.9519,136.3954,961.0,959.47,1.5299999999999727,5a
JA/ME-113,Gejyoyama,33.9856,136.1337,927.0,926.86,0.13999999999998636,5a
JA/ME-114,Mikunidake,35.2148,136.4162,911.0,911.1,0.10000000000002274,5a
JA/ME-115,Kiyomizudani,33.966,136.08749,903.0,902.35,0.6499999999999773,5a
JA/ME-116,JA/ME-116,33.9813,136.12061,854.0,850.29,3.7100000000000364,5a
JA/ME-118,Amagoiyama,34.5327,136.32671,698.0,698.05,0.049999999999954525,5a
JA/ME-119,JA/ME-119,34.4987,136.31619,692.0,687.98,4.019999999999982,5a
JA/ME-120,JA/ME-120,34.4019,136.3549,614.0,609.46,4.539999999999964,5a
JA/ME-121,Fukuouyama,35.0885,136.47121,598.0,587.57,10.42999999999995,5a
JA/ME-122,Nikijima,33.9566,136.1687,581.0,581.03,0.029999999999972715,5a
JA/ME-123,JA/ME-123,34.3643,136.5529,570.0,567.81,2.1900000000000546,5a
JA/ME-124,JA/ME-124,34.2127,136.2532,540.0,538.66,1.3400000000000318,5a
JA/ME-125,Kokumaiyama,34.5448,136.39079,540.0,537.14,2.8600000000000136,5a
JA/ME-126,Gunkaimine,34.2433,136.34081,535.0,532.95,2.0499999999999545,5a
JA/ME-127,JA/ME-127,34.4204,136.4248,510.0,512.81,2.8099999999999454,5a
JA/ME-128,Takayama,34.2993,136.5556,497.0,496.91,0.08999999999997499,5a
JA/ME-129,Kuchijimaji,34.4358,136.74071,405.0,402.78,2.2200000000000273,5a
JA/ME-130,Itadakiyama,34.0207,136.2612,397.0,396.93,0.06999999999999318,5a
JA/ME-131,Ooeboshiyama,33.771,136.008,362.0,360.61,1.3899999999999864,5a
JA/ME-132,Igakofuji(Nangusan),34.7851,136.17191,349.0,349.21,0.20999999999997954,5a
JA/ME-133,Hiyoriyama,34.0935,136.27431,301.0,300.2,0.8000000000000114,5a
JA/ME-134,Tenjinyama,34.241,136.47459,290.0,289.22,0.7799999999999727,5a
JA/ME-135,Taguchi,34.4279,136.5437,287.0,286.35,0.6499999999999773,5a
JA/ME-136,Idani,34.4227,136.5231,266.0,266.19,0.18999999999999773,5a
JA/ME-137,Jyonomine,34.4855,136.4632,265.0,263.42,1.579999999999984,5a
JA/ME-138,JA/ME-138,34.2741,136.5995,258.0,256.11,1.8899999999999864,5a
JA/ME-139,Nakakouchi,34.3474,136.7536,212.0,210.63,1.3700000000000045,5a
JA/ME-140,Yokoyama,34.3243,136.7881,203.0,203.07,0.06999999999999318,5a
JA/ME-141,Nachi,34.2694,136.5493,191.0,189.46,1.539999999999992,5a
JA/ME-142,JA/ME-142,34.0906,136.29601,175.0,175.61,0.6100000000000136,5a
JA/ME-143,Togajima,34.0598,136.261,167.0,161.87,5.1299999999999955,5a
JA/ME-144,JA/ME-144,34.2566,136.5455,165.0,161.6,3.4000000000000057,5a
JA/ME-145,Nishiyama,33.8992,135.9281,627.0,625.28,1.7200000000000273,5a
JA/MG-001,Zaouzan (Byoubudake),38.0957,140.476,1825.0,1822.29,2.7100000000000364,5a
JA/MG-002,Kurikomayama,38.9609,140.78841,1627.0,1626.13,0.8699999999998909,5a
JA/MG-003,Funagatayama (Goshozan),38.4555,140.6198,1500.0,1498.08,1.9200000000000728,5a
JA/MG-004,Minamigantosan,38.1946,140.47861,1486.0,1475.94,10.059999999999945,5a
JA/MG-005,Daitoudake,38.3021,140.5235,1366.0,1364.72,1.2799999999999727,5a
JA/MG-006,Kamurodake,38.2556,140.4854,1356.0,1348.72,7.279999999999973,5a
JA/MG-007,Banjyouyama,38.0576,140.375,1323.0,1322.17,0.8299999999999272,5a
JA/MG-008,Shirahigeyama,38.4347,140.5807,1294.0,1277.27,16.730000000000018,5a
JA/MG-009,Omoshiroyama,38.3487,140.52229,1264.0,1261.17,2.8299999999999272,5a
JA/MG-010,Kamurodake (Kokaburayama),38.8109,140.595,1262.0,1259.0,3.0,5a
JA/MG-011,Kitaizumigatake,38.4222,140.6973,1253.0,1250.83,2.1700000000000728,5a
JA/MG-012,Itodake,38.2833,140.4971,1228.0,1224.88,3.119999999999891,5a
JA/MG-013,Minamiomoshiroyama,38.3143,140.5041,1225.0,1224.68,0.31999999999993634,5a
JA/MG-014,JA/MG-014,38.767,140.6494,1100.0,1102.5,2.5,5a
JA/MG-015,Tougetadake,37.9945,140.38901,1082.0,1079.17,2.8299999999999272,5a
JA/MG-016,Okinasan,38.6508,140.5448,1075.0,1072.17,2.8299999999999272,5a
JA/MG-017,Katakuramori,38.8663,140.6049,1040.0,1038.94,1.0599999999999454,5a
JA/MG-018,Tsukushimori,38.8436,140.68739,989.0,984.94,4.059999999999945,5a
JA/MG-019,Shimizukuramori,38.8895,140.6981,950.0,952.91,2.909999999999968,5a
JA/MG-021,Gorouyama,37.9724,140.3719,905.0,903.97,1.0299999999999727,5a
JA/MG-022,Aguroshiyama,38.8991,140.80569,870.0,869.13,0.8700000000000045,5a
JA/MG-023,Mimizukuyama,38.6998,140.6237,862.0,857.55,4.4500000000000455,5a
JA/MG-024,Oosaku,37.9381,140.46741,829.0,827.4,1.6000000000000227,5a
JA/MG-025,JA/MG-025,38.6367,140.59399,820.0,814.7,5.2999999999999545,5a
JA/MG-026,Akerayama,38.0865,140.60159,820.0,823.55,3.5499999999999545,5a
JA/MG-027,Hanabusayama,38.0049,140.52631,819.0,818.1,0.8999999999999773,5a
JA/MG-028,Ookurayama,38.8344,140.76401,790.0,789.68,0.32000000000005,5a
JA/MG-029,JA/MG-029,38.3596,140.6268,781.0,777.16,3.840000000000032,5a
JA/MG-030,Taiheisan,38.8583,140.73219,779.0,778.82,0.17999999999994998,5a
JA/MG-031,Hiradake,38.8473,140.7337,770.0,759.02,10.980000000000018,5a
JA/MG-032,JA/MG-032,38.2225,140.56281,754.0,751.48,2.519999999999982,5a
JA/MG-033,Kirinomeyama,38.248,140.5773,711.0,719.7,8.700000000000045,5a
JA/MG-034,Tokusenjyouyama,38.8484,141.47,710.0,710.1,0.10000000000002274,5a
JA/MG-035,Amazukayama,37.9297,140.56799,710.0,710.04,0.03999999999996362,5a
JA/MG-036,Takanosuyama,38.2647,140.5939,705.0,704.35,0.6499999999999773,5a
JA/MG-037,Oonukiyama,38.2918,140.61031,644.0,643.68,0.32000000000005,5a
JA/MG-038,Akakuzureyama,38.4361,140.7653,621.0,620.34,0.6599999999999682,5a
JA/MG-039,Ootogamori,38.8273,140.87019,580.0,577.55,2.4500000000000455,5a
JA/MG-040,Hachimoridairayama,38.9923,141.5264,570.0,569.5,0.5,5a
JA/MG-041,Yakuraisan,38.5756,140.70531,553.0,551.77,1.2300000000000182,5a
JA/MG-042,Jirotaroyama,37.9112,140.7132,540.0,535.12,4.8799999999999955,5a
JA/MG-043,Okinagurayama,38.6039,141.3958,531.0,531.07,0.07000000000005002,5a
JA/MG-044,Sasanaganeyama,38.9869,141.58051,519.0,518.56,0.44000000000005457,5a
JA/MG-045,Kenjyozan,38.5026,141.431,519.0,518.89,0.11000000000001364,5a
JA/MG-046,Tatsuganesan,38.7499,141.467,511.0,512.64,1.6399999999999864,5a
JA/MG-047,Sasakurayama,38.4053,140.8121,506.0,505.42,0.5799999999999841,5a
JA/MG-048,JA/MG-048,38.3205,140.69521,500.0,500.5,0.5,5a
JA/MG-049,Naganomoriyama,38.8293,141.5201,486.0,486.2,0.19999999999998863,5a
JA/MG-050,Ogatake,38.729,140.73441,470.0,469.09,0.910000000000025,5a
JA/MG-051,Jyoubonsan,38.5006,141.3588,466.0,465.08,0.9200000000000159,5a
JA/MG-052,Kinkasan,38.2953,141.5668,444.0,443.79,0.20999999999997954,5a
JA/MG-053,Hikarisan,38.3402,141.50661,443.0,443.5,0.5,5a
JA/MG-054,Dairokutenzan,38.4103,141.44769,439.0,438.97,0.029999999999972715,5a
JA/MG-056,Kogaisan,38.8037,141.34419,417.0,416.44,0.5600000000000023,5a
JA/MG-057,Ootsukayama,38.675,141.3735,406.0,405.79,0.20999999999997954,5a
JA/MG-058,Takeyama(Oosakurayama),37.9283,140.62601,390.0,389.39,0.6100000000000136,5a
JA/MG-059,Kayagasakiyama,38.2488,140.7789,379.0,378.35,0.6499999999999773,5a
JA/MG-060,Horowasan (Otokohorowasan),38.6577,141.40739,372.0,370.51,1.490000000000009,5a
JA/MG-061,Nadekurayama,38.4274,140.84081,359.0,355.48,3.519999999999982,5a
JA/MG-062,Douzan,37.9469,140.66721,350.0,349.5,0.5,5a
JA/MG-063,Takaganeyama,38.8022,141.47321,333.0,333.0,0.0,5a
JA/MG-064,Komagamine,38.3127,141.5256,322.0,322.04,0.040000000000020464,5a
JA/MG-065,Gongenmori,38.287,140.8018,314.0,313.18,0.8199999999999932,5a
JA/MG-066,Kofujiyama,38.5139,141.5239,306.0,305.38,0.6200000000000045,5a
JA/MG-067,Mukaiyama,38.4066,141.3914,300.0,300.26,0.2599999999999909,5a
JA/MG-068,JA/MG-068,38.3509,141.47639,296.0,296.03,0.029999999999972715,5a
JA/MG-069,Ushiroeboshidake,38.1101,140.4897,1681.0,1674.01,6.990000000000009,5a
JA/MG-070,Kentou,38.0435,140.3268,1025.0,1023.91,1.0900000000000318,5a
JA/MG-071,Sanpoukurasan,38.2633,140.5397,971.0,970.32,0.67999999999995,5a
JA/MG-072,Oogasa,38.298,140.5851,864.0,863.9,0.10000000000002274,5a
JA/MG-073,JA/MG-073,37.9468,140.4749,837.0,834.58,2.419999999999959,5a
JA/MG-074,Hikamayama,38.0562,140.2771,806.0,805.32,0.67999999999995,5a
JA/MG-075,Near Araragiyama,38.4167,140.7422,790.0,787.24,2.759999999999991,5a
JA/MG-076,JA/MG-076,38.8513,140.74899,760.0,765.3,5.2999999999999545,5a
JA/MG-077,Mitsumoriyama,38.2376,140.593,685.0,685.34,0.34000000000003183,5a
JA/MG-078,Takaramori,38.6445,140.6248,676.0,670.48,5.519999999999982,5a
JA/MG-079,Ariyayama(Ariya),37.9895,140.4969,662.0,662.55,0.5499999999999545,5a
JA/MG-080,Bentensan,37.8896,140.70039,506.0,504.74,1.259999999999991,5a
JA/MG-081,Fudouyama,38.9591,141.601,474.0,473.69,0.3100000000000023,5a
JA/MG-082,Shingyodouzan,38.732,141.43179,458.0,457.84,0.160000000000025,5a
JA/MG-083,Ookurayama,38.237,140.69009,432.0,431.46,0.5400000000000205,5a
JA/MG-084,Takatsumori,38.586,141.3511,418.0,418.45,0.44999999999998863,5a
JA/MG-085,Kobuchiyama,38.5276,141.4473,370.0,369.0,1.0,5a
JA/MG-086,Ishiminesan,38.5233,141.5036,351.0,350.56,0.4399999999999977,5a
JA/MG-087,Oodake,38.8153,141.45911,347.0,346.31,0.6899999999999977,5a
JA/MG-088,Taihakusan,38.2349,140.8022,320.0,318.5,1.5,5a
JA/MG-089,Kagekurayama(Oomorizan),37.9289,140.8562,314.0,313.83,0.17000000000001592,5a
JA/MG-090,Kamakurayama,38.4371,140.8264,313.0,302.72,10.279999999999973,5a
JA/MG-091,Oohagiyama,38.0169,140.6517,263.0,263.4,0.39999999999997726,5a
JA/MG-092,Makiyama,38.4392,141.3418,247.0,246.81,0.18999999999999773,5a
JA/MG-093,Nonodakeyama,38.5657,141.1787,236.0,231.64,4.360000000000014,5a
JA/MG-094,Kameyama,38.8733,141.618,233.0,232.7,0.30000000000001137,5a
JA/MG-095,Haneyama,38.0813,140.7644,223.0,212.58,10.419999999999987,5a
JA/MG-096,Hayamasan,38.8956,141.6438,219.0,218.96,0.03999999999999204,5a
JA/MG-097,Bangamoriyama,38.3642,141.01379,216.0,215.01,0.9900000000000091,5a
JA/MG-098,Asahiyama,38.4903,141.181,173.0,173.11,0.11000000000001364,5a
JA/MG-099,Wabuchiyama,38.5281,141.2103,173.0,173.22,0.21999999999999886,5a
JA/MG-100,Toyakemoriyama,38.4679,141.3038,172.0,172.85,0.8499999999999943,5a
JA/MG-101,Konpirayama,38.5237,141.33121,164.0,164.34,0.3400000000000034,5a
JA/NI-001,Yukikuradake,36.7946,137.754,2611.0,2609.77,1.2300000000000182,5a
JA/NI-002,Hiuchiyama,36.9227,138.0681,2462.0,2461.3,0.6999999999998181,5a
JA/NI-003,Myoukousan,36.8913,138.11349,2454.0,2450.8,3.199999999999818,5a
JA/NI-004,Yakeyama,36.921,138.036,2400.0,2398.48,1.5199999999999818,5a
JA/NI-005,Naebasan,36.8459,138.69031,2145.0,2144.8,0.1999999999998181,5a
JA/NI-006,Hiragatake,37.0021,139.1709,2141.0,2139.41,1.5900000000001455,5a
JA/NI-007,Dainichidake,37.8332,139.66071,2128.0,2124.58,3.4200000000000728,5a
JA/NI-008,Iidesan,37.8549,139.70711,2105.0,2101.48,3.519999999999982,5a
JA/NI-009,Nakanodake,37.0852,139.07761,2085.0,2084.09,0.9099999999998545,5a
JA/NI-010,Narazuyama,36.7936,138.68941,2052.0,2051.37,0.6300000000001091,5a
JA/NI-011,Kitamatadake,37.88,139.6385,2025.0,2022.71,2.2899999999999636,5a
JA/NI-012,Komagatake,37.1236,139.0752,2003.0,2001.52,1.4800000000000182,5a
JA/NI-013,Tanigawadake (Shigekuradake),36.8491,138.9166,1978.0,1976.9,1.099999999999909,5a
JA/NI-014,Arasawadake,37.1005,139.14819,1969.0,1965.77,3.230000000000018,5a
JA/NI-015,Doutsudake,36.8281,138.0042,1927.0,1925.73,1.2699999999999818,5a
JA/NI-016,Usagidake,37.0662,139.0979,1926.0,1924.54,1.4600000000000364,5a
JA/NI-017,Hakkaisan (Nyuudoudake),37.104,139.024,1778.0,1775.21,2.7899999999999636,5a
JA/NI-018,Akayuyama,36.8049,138.73199,1655.0,1653.07,1.9300000000000637,5a
JA/NI-019,Eburisashidake,37.9426,139.6088,1636.0,1634.9,1.099999999999909,5a
JA/NI-020,Nokogiridake,36.9319,137.9689,1631.0,1627.53,3.4700000000000273,5a
JA/NI-021,Nihhakusan,36.8543,138.8159,1631.0,1629.34,1.6600000000000819,5a
JA/NI-022,Onigatsurayama,36.9388,137.9538,1591.0,1589.3,1.7000000000000455,5a
JA/NI-023,Mijyougatake,37.1833,139.1895,1553.0,1552.18,0.8199999999999363,5a
JA/NI-024,Sumondake,37.3977,139.13651,1537.0,1535.91,1.0899999999999181,5a
JA/NI-025,Daisawayama,37.0633,139.174,1523.0,1521.62,1.3800000000001091,5a
JA/NI-026,Amidayama,36.963,137.97479,1511.0,1504.22,6.779999999999973,5a
JA/NI-027,Yougasan,36.9523,138.1118,1499.0,1498.38,0.6199999999998909,5a
JA/NI-028,JA/NI-028,37.0088,138.9389,1475.0,1469.62,5.380000000000109,5a
JA/NI-029,Hinatagurayama,37.1476,139.1853,1431.0,1427.12,3.880000000000109,5a
JA/NI-030,Oogenashiyama,36.9894,138.13161,1430.0,1424.64,5.3599999999999,5a
JA/NI-031,Nihonngiyama,37.892,139.5043,1424.0,1420.25,3.75,5a
JA/NI-032,Akatsuyama,37.8635,139.55589,1408.0,1407.06,0.9400000000000546,5a
JA/NI-034,Hirubasan,37.7956,139.52789,1363.0,1360.69,2.3099999999999454,5a
JA/NI-035,Ookabutoyama,37.0125,138.98911,1341.0,1337.8,3.2000000000000455,5a
JA/NI-036,Hokogatake,37.0286,138.0264,1316.0,1316.59,0.5899999999999181,5a
JA/NI-037,Awagatake,37.5552,139.18871,1293.0,1290.86,2.1400000000001,10b
JA/NI-038,Shiratoriyama,36.9445,137.71111,1287.0,1284.38,2.619999999999891,10b
JA/NI-039,Yahazudake,37.5123,139.2661,1258.0,1252.09,5.910000000000082,10b
JA/NI-040,Kurohimeyama,36.9766,137.7901,1222.0,1219.72,2.2799999999999727,5c
JA/NI-041,Aoridake,37.5372,139.25639,1216.0,1211.62,4.380000000000109,10b
JA/NI-042,Nakanodake,37.0312,138.13609,1205.0,1202.23,2.769999999999982,5a
JA/NI-043,Takatsukurayama,36.9438,138.7695,1181.0,1179.81,1.1900000000000546,5a
JA/NI-044,Kinpokusan,38.1039,138.34979,1172.0,1170.84,1.1600000000000819,5a
JA/NI-045,Oomine,36.929,138.7832,1172.0,1167.21,4.789999999999964,5a
JA/NI-046,Kasakurayama,37.5213,139.4575,1140.0,1137.56,2.4400000000000546,5a
JA/NI-047,Iijisan,36.9564,138.83299,1112.0,1110.04,1.9600000000000364,5a
JA/NI-048,Nabekurayama,37.5999,139.36571,1107.0,1105.83,1.1700000000000728,5a
JA/NI-049,JA/NI-049,37.485,139.2984,1096.0,1088.88,7.119999999999891,5a
JA/NI-050,Washigasuyama,38.2219,139.66901,1093.0,1093.0,0.0,5a
JA/NI-051,Nihondairayama,37.6224,139.34531,1081.0,1080.44,0.5599999999999454,5a
JA/NI-052,Karamatsuyama,37.2613,139.07491,1079.0,1076.94,2.0599999999999454,5a
JA/NI-053,Fudedukayama,37.7763,139.5882,1068.0,1066.53,1.4700000000000273,5a
JA/NI-054,Kenashiyama,37.4751,139.2491,1044.0,1041.13,2.869999999999891,10b
JA/NI-055,JA/NI-055,37.5638,139.2431,1040.0,1041.71,1.7100000000000364,10b
JA/NI-056,Tsutsumigakurayama,37.1947,139.132,1037.0,1035.86,1.1400000000001,5a
JA/NI-057,Shigekurayama,37.044,138.15939,1029.0,1026.69,2.3099999999999454,5a
JA/NI-058,Bougakeyama,37.7457,139.50259,1025.0,1024.27,0.7300000000000182,5a
JA/NI-059,JA/NI-059,37.0103,138.7737,1020.0,1021.38,1.3799999999999955,5a
JA/NI-060,Zukinyama,38.1457,139.6626,1017.0,1015.72,1.2799999999999727,5a
JA/NI-061,Hakusan,37.6144,139.1951,1012.0,1011.58,0.4199999999999591,5a
JA/NI-062,Yukihatayama,38.1783,138.405,1003.0,998.94,4.059999999999945,5a
JA/NI-063,Kamigongendouyama,37.269,139.0426,998.0,997.16,0.8400000000000318,5a
JA/NI-064,Yoneyama,37.2896,138.4839,993.0,992.53,0.4700000000000273,5a
JA/NI-065,Hishigatake,37.7792,139.3289,981.0,979.92,1.080000000000041,10b
JA/NI-066,Ishiguroyama,38.3,139.6926,968.0,963.96,4.039999999999964,5a
JA/NI-067,Kousagisan,38.1491,139.6358,966.0,965.67,0.3300000000000409,5a
JA/NI-068,Sanpeiyama,38.3156,139.6562,954.0,951.64,2.3600000000000136,5a
JA/NI-069,Bunagahirayama,38.2159,138.4518,947.0,946.37,0.6299999999999955,5a
JA/NI-070,JA/NI-070,37.2136,139.1395,939.0,937.97,1.0299999999999727,5a
JA/NI-071,Tsuchikuzureyama,37.3006,139.0892,934.0,932.02,1.9800000000000182,5a
JA/NI-072,Kazekurasan,37.9611,139.51421,931.0,927.52,3.480000000000018,5a
JA/NI-073,Daiyama,37.5599,139.31931,918.0,916.08,1.919999999999959,10b
JA/NI-074,JA/NI-074,37.5418,139.3067,916.0,913.61,2.3899999999999864,10b
JA/NI-076,Kurohimesan,37.2261,138.5921,891.0,887.48,3.519999999999982,5a
JA/NI-077,Mandarokuyama,37.6646,139.32249,866.0,862.65,3.3500000000000227,5a
JA/NI-078,Manaitakurayama,37.7969,139.4816,857.0,855.8,1.2000000000000455,5a
JA/NI-079,JA/NI-079,38.3429,139.69749,853.0,848.55,4.4500000000000455,5a
JA/NI-080,Shinbodake,38.3611,139.5108,852.0,850.93,1.07000000000005,10b
JA/NI-081,Shikamoriyama,38.2734,139.651,836.0,835.02,0.9800000000000182,5a
JA/NI-082,Yokomatsu,38.1039,139.64549,824.0,820.65,3.3500000000000227,5a
JA/NI-083,Noboritateyama,38.3449,139.5029,820.0,805.86,14.139999999999986,5c
JA/NI-084,Near Budouhanayama,38.022,139.6075,800.0,796.14,3.8600000000000136,5a
JA/NI-085,Nokogiriyama,37.3986,138.9352,765.0,763.69,1.3099999999999454,5a
JA/NI-086,Ogamidake,37.2251,138.5015,757.0,756.87,0.12999999999999545,5a
JA/NI-087,Yuzousan,38.1147,139.6245,726.0,725.15,0.8500000000000227,5a
JA/NI-088,Kareiyama,38.3936,139.60471,709.0,708.02,0.9800000000000182,5a
JA/NI-089,Usangakurayama,37.6838,139.5435,698.0,696.86,1.1399999999999864,5a
JA/NI-090,Toyagamine,37.3198,138.98621,681.0,680.55,0.4500000000000455,5a
JA/NI-091,Tokinzan,37.2196,138.52499,676.0,674.24,1.759999999999991,5a
JA/NI-092,Shirahigeyama,37.716,139.4232,657.0,655.26,1.740000000000009,10b
JA/NI-093,Nametokoyama,37.195,139.0538,654.0,653.82,0.17999999999994998,5a
JA/NI-094,Oojiyama,37.9586,138.4796,646.0,644.78,1.2200000000000273,5a
JA/NI-095,JA/NI-095,37.4802,139.1297,645.0,642.19,2.8099999999999454,5a
JA/NI-096,Jyouyama,37.0823,138.6725,641.0,639.36,1.6399999999999864,10b
JA/NI-097,Kyoudukasan,37.9327,138.3987,636.0,635.15,0.8500000000000227,5a
JA/NI-098,Yahikoyama,37.7047,138.8089,634.0,632.73,1.2699999999999818,5a
JA/NI-099,Tengaisan,38.3755,139.6183,634.0,629.88,4.1200000000000045,5a
JA/NI-100,Ananzawa,38.4114,139.6364,633.0,632.15,0.8500000000000227,5a
JA/NI-101,Gongenyama,37.6503,139.26421,631.0,630.08,0.9199999999999591,5a
JA/NI-102,JA/NI-102,38.2604,139.7262,630.0,626.08,3.919999999999959,5a
JA/NI-103,Hotoramine,37.3324,139.06911,630.0,625.25,4.75,5a
JA/NI-104,Kasasugayama,37.7631,139.3884,615.0,612.11,2.8899999999999864,10b
JA/NI-105,Oosumiyama,38.0238,138.52139,610.0,604.68,5.32000000000005,5a
JA/NI-106,Sanbonbunayama,37.3788,138.96581,606.0,605.45,0.5499999999999545,5a
JA/NI-107,Mineyama,37.0913,138.0742,599.0,597.7,1.2999999999999545,5a
JA/NI-108,Kanagurayama,37.3482,138.8708,582.0,581.16,0.8400000000000318,5a
JA/NI-110,Takatsuboyama,38.0795,139.4792,571.0,570.26,0.7400000000000091,10b
JA/NI-111,Kushigatayama,38.0206,139.4276,568.0,567.42,0.5800000000000409,5a
JA/NI-112,Nihongoku,38.5251,139.59689,555.0,554.27,0.7300000000000182,5a
JA/NI-113,Nabetachiyama,37.1368,138.5271,541.0,538.41,2.590000000000032,5a
JA/NI-114,Ishiguroyama,38.1945,139.60451,539.0,532.35,6.649999999999977,5a
JA/NI-115,Higashiyama,37.714,139.3343,534.0,533.52,0.4800000000000182,5a
JA/NI-116,Takatokoyama,36.9758,138.2477,528.0,527.21,0.7899999999999636,5a
JA/NI-117,Kuroyama,37.7358,139.3515,528.0,525.79,2.2100000000000364,10b
JA/NI-118,Hakamagoshiyama,37.5537,139.12219,526.0,519.1,6.899999999999977,10b
JA/NI-119,Hachikokusan,37.3078,138.65919,518.0,505.96,12.04000000000002,5a
JA/NI-120,Takatoya,38.5086,139.6638,513.0,510.65,2.3500000000000227,5a
JA/NI-121,Gengayama,38.503,139.5856,510.0,511.41,1.410000000000025,5a
JA/NI-122,Kirigatake,37.1495,138.4749,507.0,506.49,0.5099999999999909,5a
JA/NI-123,JA/NI-123,38.2073,139.6154,504.0,499.45,4.550000000000011,5a
JA/NI-124,Kurosakiyama,37.715,139.48891,500.0,503.01,3.009999999999991,5a
JA/NI-125,Eboshidake,38.4583,139.53239,489.0,487.21,1.7900000000000205,5a
JA/NI-126,Yakushi,37.1605,138.631,484.0,482.68,1.3199999999999932,10b
JA/NI-127,Kakudayama,37.7805,138.8369,480.0,480.96,0.9599999999999795,5a
JA/NI-128,Near Tanne,37.3191,138.5191,460.0,460.95,0.9499999999999886,5a
JA/NI-129,JA/NI-129,38.4938,139.6263,453.0,448.51,4.490000000000009,5a
JA/NI-130,JA/NI-130,38.2728,139.4879,440.0,446.08,6.079999999999984,5a
JA/NI-131,Houzakayama,38.1278,139.5145,438.0,437.13,0.8700000000000045,5a
JA/NI-132,Hagetayama,38.4594,139.584,411.0,402.78,8.220000000000027,5a
JA/NI-133,Sekiguchi,38.3067,139.58479,411.0,409.71,1.2900000000000205,5a
JA/NI-134,Kogamoda,37.1774,138.46001,396.0,395.48,0.5199999999999818,5a
JA/NI-135,Jyouyama,37.3179,138.45151,367.0,365.55,1.4499999999999886,5a
JA/NI-136,Shibatouge,37.4907,138.72729,357.0,356.67,0.3299999999999841,5a
JA/NI-137,Sarugetake,37.6449,139.1057,327.0,321.83,5.170000000000016,10b
JA/NI-138,Kugamiyama,37.6704,138.8156,313.0,312.2,0.8000000000000114,5a
JA/NI-139,Doujyoyama,37.5599,138.98129,298.0,297.42,0.5799999999999841,5a
JA/NI-140,Mitaharayama,36.8926,138.1028,2360.0,2361.84,1.8400000000001455,5a
JA/NI-141,Kanayama,36.9042,138.01401,2245.0,2243.13,1.8699999999998909,5a
JA/NI-142,Jizouyama,36.833,138.0527,2073.0,2073.13,0.13000000000010914,5a
JA/NI-143,Echigozawayama,37.02,139.0912,1861.0,1858.7,2.2999999999999545,5a
JA/NI-144,Hainomatayama,37.0777,139.13789,1852.0,1851.96,0.03999999999996362,5a
JA/NI-145,Hirukurayama,36.9404,138.0076,1840.0,1838.96,1.0399999999999636,5a
JA/NI-146,Eboshiyama,37.8137,139.59731,1572.0,1571.74,0.2599999999999909,5a
JA/NI-147,Bakeanayama,38.3552,139.8044,1506.0,1505.45,0.5499999999999545,5a
JA/NI-148,Yagioyama,36.8605,138.74809,1500.0,1499.35,0.650000000000091,5a
JA/NI-149,Fudouyama,36.9713,138.1024,1430.0,1429.72,0.2799999999999727,5a
JA/NI-150,Mikaguradake,37.5219,139.4259,1386.0,1385.02,0.9800000000000182,5a
JA/NI-151,Masugatayama,38.361,139.7617,1331.0,1329.11,1.8900000000001,5a
JA/NI-152,Jikkiramatsu,37.8031,139.61819,1237.0,1236.42,0.5799999999999272,5a
JA/NI-153,Sutodoyama,38.2414,139.8158,1216.0,1215.48,0.5199999999999818,5a
JA/NI-154,Myoujyouyama,36.9409,137.82179,1188.0,1187.33,0.6700000000000728,5a
JA/NI-155,Near Deai,37.1361,139.2151,1183.0,1183.56,0.5599999999999454,5a
JA/NI-156,JA/NI-156,37.839,139.5072,1169.0,1167.02,1.9800000000000182,5a
JA/NI-157,Takakurayama,37.0723,138.9856,1143.0,1140.95,2.0499999999999545,5a
JA/NI-158,Near Uodomeyama,37.513,139.30299,1120.0,1119.96,0.03999999999996362,5a
JA/NI-159,Wariiwayama,37.5398,139.28239,1110.0,1110.19,0.19000000000005457,10b
JA/NI-160,Near Ichinowata,37.0333,139.00909,1081.0,1079.99,1.009999999999991,5a
JA/NI-161,Near Tossakamine,37.9554,139.56239,970.0,973.41,3.409999999999968,5a
JA/NI-162,Ubaminokashira,36.9742,138.85471,946.0,944.22,1.7799999999999727,5a
JA/NI-163,Sangoroyama,37.6947,139.2711,910.0,907.31,2.6900000000000546,5a
JA/NI-164,Koumyouzan,37.4775,139.21941,879.0,874.16,4.840000000000032,10b
JA/NI-166,Budouyama,38.3969,139.53329,795.0,792.82,2.17999999999995,5a
JA/NI-167,Takaitouge,37.7288,139.6001,788.0,785.95,2.0499999999999545,5a
JA/NI-168,Komagatake,38.3691,139.67081,776.0,775.9,0.10000000000002274,5a
JA/NI-169,Engoyama,38.278,139.6899,771.0,770.86,0.13999999999998636,5a
JA/NI-170,JA/NI-170,38.4291,139.6503,693.0,691.19,1.8099999999999454,5a
JA/NI-171,Wakabunayama,38.0513,139.64861,630.0,628.61,1.3899999999999864,5a
JA/NI-172,JA/NI-172,37.6922,139.5269,630.0,630.42,0.4199999999999591,5a
JA/NI-173,Itagamine,36.9959,137.7562,590.0,591.85,1.8500000000000227,5c
JA/NI-174,JA/NI-174,38.165,139.5795,580.0,578.11,1.8899999999999864,5a
JA/NI-175,JA/NI-175,38.2601,139.6765,556.0,555.39,0.6100000000000136,5a
JA/NI-176,JA/NI-176,38.3922,139.6328,545.0,542.79,2.2100000000000364,5a
JA/NI-177,JA/NI-177,38.4513,139.63429,542.0,536.7,5.2999999999999545,5a
JA/NI-178,Near Hirokura,38.3505,139.6219,500.0,501.27,1.2699999999999818,5a
JA/NI-179,Shiroyama,37.2603,138.4884,478.0,478.8,0.8000000000000114,5a
JA/NI-180,Mochikurayama,37.672,139.50929,466.0,464.92,1.079999999999984,5a
JA/NI-181,JA/NI-181,37.6542,139.23669,390.0,386.81,3.1899999999999977,5a
JA/NI-182,JA/NI-182,38.4741,139.5937,386.0,383.63,2.3700000000000045,5a
JA/NI-183,JA/NI-183,37.5636,139.1076,350.0,348.23,1.7699999999999818,10b
JA/NI-184,Shiroyama,37.1407,138.4509,343.0,343.02,0.01999999999998181,5a
JA/NI-185,Yamamotoyama,37.2776,138.8112,336.0,336.69,0.6899999999999977,5a
JA/NI-186,Iriyama,37.6311,139.13589,321.0,320.6,0.39999999999997726,10b
JA/NI-187,Narayamatouge,37.5234,139.0609,301.0,300.69,0.3100000000000023,5a
JA/NI-188,Toishiyama,37.7026,139.3746,291.0,287.16,3.839999999999975,5a
JA/NI-189,Toyanomine,37.9747,139.4001,276.0,266.37,9.629999999999995,5a
JA/NI-190,Koshibayama,38.4538,139.2386,265.0,264.94,0.060000000000002274,5a
JA/NI-191,Roukamine,37.7276,139.1105,281.0,277.4,3.6000000000000227,5a
JA/NN-001,Okuhotakadake,36.2892,137.64799,3190.0,3181.39,8.610000000000127,5a
JA/NN-002,Yarigatake,36.342,137.6476,3180.0,3174.81,5.190000000000055,5a
JA/NN-003,Kitahotakadake,36.3025,137.65199,3106.0,3102.7,3.300000000000182,5a
JA/NN-004,Maehotakadake,36.282,137.6606,3090.0,3089.33,0.6700000000000728,5a
JA/NN-005,Ontakesan (Kengamine),35.893,137.48039,3067.0,3063.22,3.7800000000002,5a
JA/NN-006,Komagatake,35.7896,137.8045,2956.0,2955.34,0.6599999999998545,5a
JA/NN-007,Shiroumadake,36.7585,137.75861,2932.0,2920.81,11.190000000000055,5a
JA/NN-009,Noguchigoroudake,36.4327,137.63789,2924.0,2923.97,0.03000000000020009,5a
JA/NN-010,Otenshodake,36.365,137.7011,2922.0,2920.53,1.4699999999998,5a
JA/NN-011,Yarigatake,36.7313,137.7552,2903.0,2895.27,7.730000000000018,5a
JA/NN-012,Kashimayarigatake,36.6245,137.7471,2889.0,2886.39,2.6100000000001273,5a
JA/NN-013,Utsugidake,35.719,137.81709,2864.0,2863.3,0.6999999999998181,5a
JA/NN-014,Jyounendake,36.3255,137.7276,2857.0,2848.55,8.449999999999818,5a
JA/NN-015,Usagidake,35.4286,138.1212,2818.0,2817.88,0.11999999999989086,5a
JA/NN-016,Goryuudake,36.6584,137.7527,2814.0,2812.17,1.8299999999999272,5a
JA/NN-017,Kumazawadake,35.7393,137.8033,2778.0,2777.34,0.6599999999998545,5a
JA/NN-018,Akaiwadake,36.3433,137.6841,2769.0,2764.33,4.670000000000073,5a
JA/NN-019,Tsubakurodake,36.4068,137.7128,2763.0,2758.35,4.650000000000091,5a
JA/NN-020,Akazawadake,36.562,137.68761,2678.0,2675.6,2.400000000000091,5a
JA/NN-021,Chyougatake,36.2874,137.7261,2677.0,2668.73,8.269999999999982,5a
JA/NN-022,Jiigatake,36.5883,137.7509,2670.0,2669.03,0.9699999999997999,5a
JA/NN-023,Gakidake,36.4473,137.73599,2647.0,2643.43,3.5700000000001637,10b
JA/NN-024,Tengudake,36.0192,138.3553,2646.0,2645.48,0.5199999999999818,5a
JA/NN-025,Kasumizawadake,36.2212,137.64059,2646.0,2645.33,0.6700000000000728,5a
JA/NN-026,Asamayama,36.4065,138.52299,2568.0,2564.35,3.650000000000091,5a
JA/NN-027,Byoubunoatama,36.2993,137.6783,2565.0,2570.53,5.5300000000002,5a
JA/NN-028,Ioudake,36.3806,137.6506,2554.0,2550.26,3.7399999999997817,10b
JA/NN-029,Kitakuzudake,36.5177,137.7056,2551.0,2545.37,5.630000000000109,5a
JA/NN-030,Jyukkokusan,36.16,137.5804,2532.0,2529.91,2.0900000000001455,5a
JA/NN-031,Tateshinayama,36.1037,138.2951,2530.0,2529.04,0.9600000000000364,5a
JA/NN-032,Kitayokodake,36.0875,138.3201,2480.0,2474.33,5.670000000000073,5a
JA/NN-033,Okuchausuyama,35.485,138.06911,2474.0,2473.48,0.5199999999999818,5a
JA/NN-034,Funakubodake,36.5146,137.67709,2459.0,2449.9,9.099999999999909,5a
JA/NN-035,Hachimoriyama,36.0866,137.7549,2446.0,2445.41,0.5900000000001455,5a
JA/NN-036,Ogawayama,35.9094,138.6123,2418.0,2418.59,0.5900000000001455,5a
JA/NN-037,Shimagareyama,36.0753,138.3315,2403.0,2400.82,2.1799999999998363,5a
JA/NN-038,Kotakezawayama,36.2078,137.7119,2387.0,2386.19,0.8099999999999454,5a
JA/NN-039,Oodanairiyama,35.8481,137.8101,2375.0,2375.09,0.09000000000014552,5a
JA/NN-040,Kohachimoriyama,36.0693,137.7356,2374.0,2373.26,0.7399999999997817,5a
JA/NN-041,Anpeijiyama,35.6304,137.7744,2363.0,2363.82,0.8200000000001637,5a
JA/NN-042,Takatsumayama,36.8001,138.052,2353.0,2349.68,3.3200000000001637,5a
JA/NN-043,Iwasugeyama (Uraiwasugeyama),36.7529,138.56779,2341.0,2337.47,3.5300000000002,5a
JA/NN-044,Ikenodairasan,35.6553,137.8271,2327.0,2324.48,2.519999999999982,5a
JA/NN-045,Yokoteyama,36.6689,138.52589,2307.0,2306.07,0.9299999999998363,5a
JA/NN-046,Kyougatake,35.9128,137.8627,2296.0,2295.8,0.1999999999998181,5a
JA/NN-047,Kosetoyama,35.6848,138.1629,2293.0,2293.08,0.07999999999992724,5a
JA/NN-048,Ariakeyama,36.3956,137.7625,2283.0,2283.18,0.1799999999998363,5a
JA/NN-049,Shiroiwadake,35.8144,138.1748,2267.0,2265.46,1.5399999999999636,5a
JA/NN-050,Futagoyama,35.6487,138.10249,2243.0,2241.65,1.349999999999909,5a
JA/NN-051,Kagonotoyama (Higashikagonotoyama),36.4193,138.4472,2227.0,2226.81,0.19000000000005457,5a
JA/NN-052,Saburyuuyama,36.7723,138.67059,2192.0,2191.16,0.8400000000001455,5a
JA/NN-053,Enasan,35.443,137.5979,2191.0,2186.01,4.989999999999782,5a
JA/NN-054,Shirataniyama,36.2107,137.5733,2188.0,2182.35,5.650000000000091,5a
JA/NN-055,Near Ootakayama,36.72,138.59801,2087.0,2086.9,0.09999999999990905,5a
JA/NN-056,Yokodake,35.7815,138.18781,2142.0,2142.48,0.4800000000000182,5a
JA/NN-057,Kamagamine,36.0266,137.599,2121.0,2120.46,0.5399999999999636,5a
JA/NN-058,Ogurasan,36.0341,138.6069,2112.0,2095.09,16.909999999999854,5a
JA/NN-059,Yunomaruyama,36.4348,138.40089,2101.0,2101.24,0.23999999999978172,5a
JA/NN-060,Kasagatake,36.6767,138.48151,2076.0,2071.59,4.4099999999998545,5a
JA/NN-061,Nishidake,36.7619,138.03011,2053.0,2032.97,20.029999999999973,5a
JA/NN-062,Kurohimeyama,36.8135,138.1272,2053.0,2052.09,0.9099999999998545,5a
JA/NN-063,Kurozawayama,36.2431,137.78799,2051.0,2051.9,0.900000000000091,10b
JA/NN-064,Osutakayama (Kokurohime),36.8174,138.1169,2046.0,2040.86,5.1400000000001,5a
JA/NN-065,Oosasazawayama,35.9761,137.6969,2040.0,2036.12,3.880000000000109,5a
JA/NN-066,Torikabutoyama,36.8392,138.584,2038.0,2037.79,0.21000000000003638,5a
JA/NN-067,Utsukushigahara (Ougatou),36.2258,138.10741,2034.0,2033.96,0.03999999999996362,5a
JA/NN-068,Tochibora,36.0149,137.6781,2033.0,2032.6,0.40000000000009095,5a
JA/NN-069,Yakebitaiyama,36.7619,138.5105,2010.0,2010.35,0.34999999999990905,5a
JA/NN-070,Kohideyama,35.7854,137.397,1982.0,1980.07,1.9300000000000637,5a
JA/NN-071,Takamagaharayama,35.9918,138.6888,1979.0,1975.26,3.740000000000009,5a
JA/NN-072,Amakazariyama,36.902,137.9626,1963.0,1961.65,1.349999999999909,5a
JA/NN-073,Bouzudake,35.9433,137.8298,1961.0,1957.97,3.0299999999999727,5a
JA/NN-074,JA/NN-074,35.3983,137.634,1940.0,1940.0,0.0,5a
JA/NN-075,Hachibuseyama,36.1616,138.0603,1936.0,1930.57,5.430000000000064,5a
JA/NN-076,Kirigamine (Kurumayama),36.1029,138.1967,1925.0,1924.19,0.8099999999999454,5a
JA/NN-077,Iidunayama,36.7394,138.1337,1917.0,1916.86,0.14000000000010004,5a
JA/NN-079,Kimenzan,35.492,137.9902,1889.0,1888.9,0.09999999999990905,5a
JA/NN-080,Mitsuminesan,36.1662,138.12849,1887.0,1886.33,0.6700000000000728,5a
JA/NN-081,Tenguyama,35.9917,138.569,1882.0,1880.91,1.0899999999999181,5a
JA/NN-082,Itoseyama,35.7083,137.7338,1867.0,1864.45,2.5499999999999545,5a
JA/NN-083,Daikurayama,36.8575,138.55099,1853.0,1852.13,0.8699999999998909,5a
JA/NN-084,Higashiyama,36.7705,137.96471,1849.0,1849.28,0.2799999999999727,5a
JA/NN-085,Idenokoujiyama,35.7134,137.4872,1840.0,1842.87,2.869999999999891,5a
JA/NN-086,Sadoyama,36.8136,138.0878,1828.0,1826.89,1.1099999999999,5a
JA/NN-087,Omihakayama,35.9918,138.60091,1822.0,1821.95,0.049999999999954525,5a
JA/NN-088,Ookubo,36.0586,137.66679,1814.0,1813.93,0.06999999999993634,5a
JA/NN-089,Washigamine,36.1301,138.1544,1798.0,1797.46,0.5399999999999636,5a
JA/NN-090,Misokawa,36.0161,137.78999,1785.0,1781.37,3.630000000000109,5a
JA/NN-091,Takappyouyama,36.8107,138.4951,1747.0,1746.05,0.9500000000000455,5a
JA/NN-092,Fujimidai,35.483,137.6297,1739.0,1733.57,5.430000000000064,5a
JA/NN-093,Kitagawa,35.6751,138.0437,1738.0,1737.93,0.06999999999993634,5a
JA/NN-094,Moraisan,36.1119,138.5477,1718.0,1715.13,2.869999999999891,5a
JA/NN-095,Nishimatayama,35.7547,137.53329,1717.0,1716.0,1.0,5a
JA/NN-096,Kanamoriyama,35.4091,137.9397,1703.0,1702.02,0.9800000000000182,5a
JA/NN-097,Okegasawa,35.7658,137.4348,1697.0,1694.13,2.869999999999891,5a
JA/NN-098,Tokurayama (Inafuji),35.745,138.052,1681.0,1680.11,0.8900000000001,5a
JA/NN-099,Nagisodake,35.5925,137.64439,1679.0,1673.39,5.6099999999999,5a
JA/NN-100,Hakkenzan,36.8548,138.49001,1676.0,1675.18,0.8199999999999363,5a
JA/NN-101,Takamatsu,36.1585,138.1937,1670.0,1666.39,3.6099999999999,5a
JA/NN-102,Hakoiwayama,35.8071,137.33141,1669.0,1667.02,1.9800000000000182,5a
JA/NN-103,Jatougeyama,35.3414,137.6882,1664.0,1663.97,0.029999999999972715,5a
JA/NN-104,Oomiyama,35.9618,138.5833,1664.0,1660.47,3.5299999999999727,5a
JA/NN-105,Warisawa,35.7943,137.4624,1659.0,1658.77,0.2300000000000182,5a
JA/NN-106,Kumabushiyama,35.2632,137.8949,1653.0,1652.6,0.40000000000009095,5a
JA/NN-107,Kenashiyama,36.8978,138.48669,1650.0,1648.53,1.4700000000000273,5a
JA/NN-108,Moriyasan,35.9675,138.09331,1650.0,1648.61,1.3900000000001,5a
JA/NN-109,Oomatsuyama,36.5124,138.3055,1649.0,1648.74,0.2599999999999909,5a
JA/NN-110,Kadoma,36.4646,138.3705,1644.0,1643.16,0.8399999999999181,5a
JA/NN-111,Hagetake,35.5528,137.7041,1636.0,1636.8,0.7999999999999545,5a
JA/NN-112,Mineosan,36.0128,138.5864,1631.0,1630.31,0.6900000000000546,5a
JA/NN-113,Iriyama,36.3332,138.0629,1626.0,1623.98,2.019999999999982,5a
JA/NN-114,Kuwanomine,36.4848,137.79491,1623.0,1622.34,0.6600000000000819,5a
JA/NN-115,Hokurayama,36.1303,137.6881,1570.0,1569.24,0.7599999999999909,5a
JA/NN-116,Oonagiyama,36.8623,137.9549,1570.0,1567.65,2.349999999999909,5a
JA/NN-117,Saburouzawa,35.8529,137.5726,1558.0,1557.14,0.8599999999999,5a
JA/NN-118,Aterayama,35.7161,137.5928,1558.0,1557.29,0.7100000000000364,5a
JA/NN-119,Kazakoshiyama (Gongenyama),35.5495,137.7838,1535.0,1535.02,0.01999999999998181,5a
JA/NN-120,Otomiyama,35.9133,138.0605,1528.0,1527.46,0.5399999999999636,5a
JA/NN-121,Daigamine,35.7919,137.6628,1502.0,1501.99,0.009999999999990905,5a
JA/NN-122,Oshinozawa,35.5422,137.7404,1499.0,1498.72,0.2799999999999727,5a
JA/NN-123,Ookubo,35.916,137.80569,1492.0,1491.29,0.7100000000000364,5a
JA/NN-124,Shiramizu,36.5462,138.3235,1485.0,1484.31,0.6900000000000546,5a
JA/NN-125,Hirokoyayama,36.1398,138.59331,1484.0,1482.18,1.8199999999999363,5a
JA/NN-126,Masu,35.7514,137.65421,1478.0,1476.79,1.2100000000000364,5a
JA/NN-127,Kamiseinaiji,35.5316,137.6741,1474.0,1474.47,0.4700000000000273,5a
JA/NN-128,Ichinokurasawa,35.7789,137.58051,1467.0,1463.01,3.990000000000009,5a
JA/NN-129,Senbondachi,35.315,137.6747,1466.0,1464.6,1.400000000000091,5a
JA/NN-130,Sangaimine,35.4159,137.6788,1464.0,1464.89,0.8900000000001,5a
JA/NN-131,Naruo,36.5042,138.2701,1459.0,1458.75,0.25,5a
JA/NN-132,Uematsu,35.8208,137.7204,1452.0,1451.27,0.7300000000000182,5a
JA/NN-133,Heizoubora,35.3926,137.7027,1450.0,1449.2,0.7999999999999545,5a
JA/NN-134,Hijiriyama,36.4842,138.02139,1447.0,1446.45,0.5499999999999545,5a
JA/NN-135,Jinbagatayama,35.6741,137.98351,1445.0,1445.05,0.049999999999954525,5a
JA/NN-136,Sunabachiyama,36.699,138.0399,1432.0,1430.97,1.0299999999999727,5a
JA/NN-137,Oosawayama,36.3986,138.06351,1440.0,1438.33,1.6700000000000728,5a
JA/NN-138,Takatoyasan,35.5017,137.7392,1398.0,1396.46,1.5399999999999636,5a
JA/NN-139,Kamanosawa,36.0345,137.9045,1393.0,1392.11,0.8900000000001,5a
JA/NN-140,JA/NN-140,36.6562,138.0141,1391.0,1388.08,2.9200000000000728,5a
JA/NN-141,Madaraoyama,36.8374,138.27431,1382.0,1381.03,0.9700000000000273,5a
JA/NN-142,Monomiyama,36.2474,138.60451,1375.0,1374.48,0.5199999999999818,5a
JA/NN-143,Iseyama,35.6134,137.5836,1373.0,1371.95,1.0499999999999545,5a
JA/NN-144,Iwatoya,36.7388,137.9057,1356.0,1354.21,1.7899999999999636,5a
JA/NN-145,Koushasan (Takaifuji),36.7993,138.40379,1352.0,1350.48,1.5199999999999818,5a
JA/NN-146,JA/NN-146,36.5929,137.8195,1337.0,1339.34,2.339999999999918,5a
JA/NN-147,Oobayashiyama,36.4368,138.1216,1333.0,1332.55,0.4500000000000455,5a
JA/NN-148,Takakurayama,36.9029,138.6106,1330.0,1328.5,1.5,5a
JA/NN-149,Kutsukatayama,36.8704,137.9189,1325.0,1323.82,1.1800000000000637,5a
JA/NN-150,Hatogamine,36.479,138.23061,1320.0,1320.54,0.5399999999999636,5a
JA/NN-151,Yogarasuyama,35.471,137.6803,1319.0,1319.14,0.14000000000010004,5a
JA/NN-152,Misawayama,35.9418,137.77119,1318.0,1318.45,0.4500000000000455,5a
JA/NN-153,Happuuzan,36.2797,138.5974,1315.0,1314.82,0.18000000000006366,5a
JA/NN-154,Oohorayama,36.3776,138.0397,1310.0,1312.44,2.4400000000000546,5a
JA/NN-155,Myoutokusan,36.5994,138.3055,1294.0,1292.65,1.349999999999909,5a
JA/NN-156,Tsurugamine,36.0187,137.9926,1291.0,1286.74,4.259999999999991,5a
JA/NN-157,Nabekurayama,36.9766,138.38229,1289.0,1287.88,1.1199999999998909,5a
JA/NN-158,Kyodaisan,36.501,138.2018,1269.0,1268.95,0.049999999999954525,5a
JA/NN-159,Tokkozan,36.3201,138.18739,1260.0,1263.81,3.8099999999999454,5a
JA/NN-160,Hiraya CC,35.3185,137.60921,1254.0,1254.97,0.9700000000000273,5a
JA/NN-161,Kamurikiyama (Obasuteyama),36.4688,138.1067,1252.0,1251.18,0.8199999999999363,5a
JA/NN-162,Ogamidake,36.3475,138.1295,1250.0,1248.94,1.0599999999999454,5a
JA/NN-163,Daimyoujindake,36.3223,138.1147,1232.0,1230.13,1.8699999999998909,5a
JA/NN-164,Gongenyama,36.5902,137.8661,1223.0,1221.3,1.7000000000000455,5a
JA/NN-165,Komayumidake,36.3923,138.1163,1223.0,1220.26,2.740000000000009,5a
JA/NN-166,Maeyama,36.0273,137.9613,1203.0,1201.59,1.4100000000000819,5a
JA/NN-167,JA/NN-167,37.0251,138.50121,1200.0,1155.48,44.51999999999998,10b
JA/NN-168,Tougeyama,35.2257,137.7879,1200.0,1205.23,5.230000000000018,5a
JA/NN-169,Gatsuzousan,35.8368,138.0824,1192.0,1190.65,1.349999999999909,5a
JA/NN-170,JA/NN-170,35.2854,137.6076,1180.0,1183.67,3.6700000000000728,5a
JA/NN-171,Takagariyama,36.5066,137.8869,1167.0,1162.05,4.9500000000000455,5a
JA/NN-172,Choujyayama,36.5413,137.92281,1160.0,1159.0,1.0,5a
JA/NN-173,Hakamadake,36.8653,138.25771,1135.0,1134.67,0.32999999999992724,5a
JA/NN-174,Toujiageyama,35.2716,137.77209,1132.0,1131.75,0.25,5a
JA/NN-175,Mitsuminesan,36.4854,138.073,1131.0,1130.26,0.7400000000000091,5a
JA/NN-176,Shiroyama,35.6548,137.6351,1100.0,1099.68,0.31999999999993634,5a
JA/NN-177,Gorigamine,36.4863,138.1758,1094.0,1093.58,0.42000000000007276,5a
JA/NN-178,Ooborayama,36.4427,137.81821,1093.0,1085.45,7.5499999999999545,5a
JA/NN-179,JA/NN-179,36.637,137.9222,1059.0,1057.59,1.4100000000000819,5a
JA/NN-180,Takatokiyama,35.5516,137.57159,1037.0,1036.18,0.8199999999999363,5a
JA/NN-181,Fujidakesan,36.3201,138.2227,1034.0,1033.92,0.07999999999992724,5a
JA/NN-182,Kenashiyama,36.8819,138.2959,1022.0,1021.71,0.2899999999999636,5a
JA/NN-183,Near Ooubayama,36.5181,137.9334,1006.0,1005.64,0.36000000000001364,5a
JA/NN-185,Kyougakura,36.433,137.9511,990.0,982.98,7.019999999999982,5a
JA/NN-186,Tokurayama,36.914,137.89349,976.0,974.21,1.7899999999999636,5a
JA/NN-187,Shiroyama,36.4932,137.92661,952.0,950.64,1.3600000000000136,5a
JA/NN-188,Shiroyama,36.4072,138.18221,933.0,931.02,1.9800000000000182,5a
JA/NN-189,Iidunayama,36.3921,138.1506,932.0,931.51,0.4900000000000091,5a
JA/NN-190,JA/NN-190,36.5403,138.0632,926.0,919.98,6.019999999999982,5a
JA/NN-191,Onoyama,36.3633,138.26131,800.0,795.53,4.470000000000027,5a
JA/NN-192,Suisyouzan,35.4513,137.7778,798.0,797.87,0.12999999999999545,5a
JA/NN-193,Moriyama,35.3231,137.9429,718.0,717.36,0.6399999999999864,5a
JA/NN-194,Sannosawadake,35.7667,137.79401,2846.0,2845.54,0.4600000000000364,5a
JA/NN-195,Amidadake,35.9724,138.3588,2805.0,2801.23,3.769999999999982,5a
JA/NN-196,Rengedake,36.5357,137.71049,2798.0,2794.52,3.480000000000018,5a
JA/NN-197,Karasawadake,36.4612,137.71671,2632.0,2632.08,0.07999999999992724,10b
JA/NN-198,Iwakoyasawadake,36.577,137.71339,2630.0,2629.12,0.8800000000001091,5a
JA/NN-199,Fudoudake,36.4955,137.6675,2601.0,2595.75,5.25,5a
JA/NN-200,Nanakuradake,36.5107,137.6945,2509.0,2492.71,16.289999999999964,5a
JA/NN-201,Nakayama,36.3253,137.70461,2492.0,2491.22,0.7800000000002001,5a
JA/NN-202,Yakedake,36.2269,137.5871,2455.0,2454.73,0.2699999999999818,5a
JA/NN-203,Junction peak,36.2227,137.6705,2428.0,2426.1,1.900000000000091,5a
JA/NN-204,Kurofuyama,36.4052,138.4886,2404.0,2397.65,6.349999999999909,5a
JA/NN-205,Kengamine,36.3929,138.5034,2281.0,2277.45,3.550000000000182,5a
JA/NN-206,Abousan,36.1906,137.59509,2220.0,2219.16,0.8400000000001455,5a
JA/NN-207,Nekodake,36.5491,138.39529,2207.0,2207.32,0.3200000000001637,5a
JA/NN-208,JA/NN-208,35.5633,138.0934,2082.0,2083.4,1.400000000000091,5a
JA/NN-209,Eboshidake,36.4334,138.3871,2066.0,2063.99,2.0100000000002183,5a
JA/NN-210,JA/NN-210,36.0731,137.7821,2022.0,2015.99,6.009999999999991,5a
JA/NN-211,Fuji,35.9956,137.6978,1984.0,1983.17,0.8299999999999272,5a
JA/NN-212,Ooidosawa,35.6161,138.13589,1981.0,1980.52,0.4800000000000182,5a
JA/NN-213,Motoyazu,36.0206,137.6517,1937.0,1937.07,0.06999999999993634,5a
JA/NN-214,Togakushiyama,36.7704,138.0551,1904.0,1902.61,1.3900000000001,5a
JA/NN-215,Karei Kogen,35.8129,138.1291,1887.0,1883.24,3.759999999999991,5a
JA/NN-216,Otokoyama,35.9938,138.54761,1851.0,1846.65,4.349999999999909,5a
JA/NN-217,Onnayama,35.9385,138.5244,1734.0,1732.07,1.9300000000000637,5a
JA/NN-218,Mayumizawa,35.772,137.47861,1704.0,1701.84,2.160000000000082,5a
JA/NN-219,Mushikurayama,36.1514,138.2193,1659.0,1658.48,0.5199999999999818,5a
JA/NN-220,Toyamine,36.2871,138.03999,1629.0,1628.65,0.34999999999990905,5a
JA/NN-222,Ichiyasan,36.7228,137.9894,1562.0,1562.37,0.36999999999989086,5a
JA/NN-223,Nunoiwayama,36.8697,138.6136,1495.0,1494.67,0.32999999999992724,5a
JA/NN-224,Kanbadaira,36.8783,137.96719,1485.0,1483.52,1.4800000000000182,5a
JA/NN-225,Near Minamimukai,35.6324,138.02029,1440.0,1440.68,0.6800000000000637,5a
JA/NN-226,Yabitsuyama,36.4917,137.76131,1350.0,1352.45,2.4500000000000455,10b
JA/NN-228,Oominesan,36.4509,138.2419,1327.0,1326.43,0.5699999999999363,5a
JA/NN-229,Yodate,35.2758,137.6256,1322.0,1320.26,1.740000000000009,5a
JA/NN-230,Kokarasawayama,36.1766,138.5932,1300.0,1299.86,0.14000000000010004,5a
JA/NN-231,Higashitarouyama,36.4405,138.26891,1300.0,1299.22,0.7799999999999727,5a
JA/NN-232,Hanareyama,36.3538,138.61189,1256.0,1255.0,1.0,5a
JA/NN-233,Hisanoi,36.0843,137.9422,1160.0,1157.64,2.3599999999999,5a
JA/NN-234,Kokuzousan,36.3681,138.01199,1139.0,1137.56,1.4400000000000546,5a
JA/NN-235,Motoyama,35.5217,137.9585,1133.0,1132.53,0.4700000000000273,5a
JA/NN-236,Nakasokura,35.7284,138.0159,1120.0,1115.7,4.2999999999999545,5a
JA/NN-237,Minamiura,36.6701,137.95711,1119.0,1119.35,0.34999999999990905,5a
JA/NN-238,Hinoiriyama,35.4229,137.72301,1072.0,1071.83,0.17000000000007276,5a
JA/NN-239,Iimoriyama,36.7908,138.42191,1064.0,1063.71,0.2899999999999636,5a
JA/NN-240,Wakahotaroyama,36.5972,138.2749,997.0,996.57,0.42999999999995,5a
JA/NN-241,Tateyama,36.8085,137.9183,938.0,938.11,0.11000000000001364,5a
JA/NN-242,Nagamineyama,36.3358,137.9407,933.0,933.01,0.009999999999990905,5a
JA/NN-243,Megamidake,36.3392,138.16251,930.0,937.34,7.340000000000032,5a
JA/NN-244,Tenkoumine,36.5398,137.95039,890.0,889.39,0.6100000000000136,5a
JA/NN-245,Kawanakajima CC,36.5775,138.08881,774.0,773.95,0.049999999999954525,5a
JA/NN-246,Minakamiyama,36.5526,138.22411,660.0,666.02,6.019999999999982,5a
JA/NN-247,Fujinotou,36.6474,138.1364,992.0,989.27,2.730000000000018,5a
JA/NN-248,Iwadonosan,36.4151,137.9691,1007.0,1004.44,2.5599999999999454,5a
JA/NR-001,Hakkyougadake,34.1736,135.9075,1915.0,1914.24,0.7599999999999909,5a
JA/NR-002,Busshougadake,34.1345,135.9131,1805.0,1804.43,0.5699999999999363,5a
JA/NR-003,Daifugendake,34.2279,135.9628,1780.0,1777.23,2.769999999999982,5a
JA/NR-004,Inamuragatake,34.2376,135.92371,1726.0,1721.45,4.5499999999999545,5a
JA/NR-005,Ryuugatake,34.2443,135.9552,1725.0,1724.3,0.7000000000000455,5a
JA/NR-006,Ootenjougadake,34.2846,135.9144,1439.0,1437.81,1.1900000000000546,5a
JA/NR-007,Minamihachininyama,34.0287,135.8607,1408.0,1406.86,1.1400000000001,5a
JA/NR-008,Senrimine,34.3271,136.11459,1400.0,1394.99,5.009999999999991,5a
JA/NR-009,Mitsuzuka,34.2545,135.894,1380.0,1386.19,6.190000000000055,5a
JA/NR-010,Shirahigedake,34.2929,136.04691,1378.0,1374.77,3.230000000000018,5a
JA/NR-011,Nehandake,34.0582,135.8969,1376.0,1374.92,1.0799999999999272,5a
JA/NR-012,Kasasuteyama,33.9828,135.8983,1353.0,1351.3,1.7000000000000455,5a
JA/NR-013,Kurotaninokashira,34.0842,135.92799,1334.0,1330.8,3.2000000000000455,5a
JA/NR-014,Hokozaidake,34.0072,135.62531,1320.0,1318.78,1.2200000000000273,5a
JA/NR-015,Shoubutsuyama Nanpou,34.3433,136.02699,1310.0,1315.5,5.5,5a
JA/NR-016,Tenhourindake,34.0246,135.90981,1282.0,1279.92,2.0799999999999272,5a
JA/NR-017,Arataniyama,34.1197,136.0553,1267.0,1266.27,0.7300000000000182,5a
JA/NR-018,Hiyamizuyama,33.8991,135.6528,1262.0,1261.67,0.32999999999992724,5a
JA/NR-019,Koujindake,34.1524,135.6545,1260.0,1257.8,2.2000000000000455,5a
JA/NR-020,Hadakadake,34.1092,135.6949,1259.0,1258.5,0.5,5a
JA/NR-021,Nonoharatsuji,34.0288,135.59579,1240.0,1234.09,5.910000000000082,5a
JA/NR-022,Shisuniwayama,34.3209,135.9099,1236.0,1235.49,0.5099999999999909,5a
JA/NR-023,Ootougeyama,33.9547,135.61819,1212.0,1210.06,1.9400000000000546,5a
JA/NR-024,Hiurayama,34.0263,135.73309,1194.0,1192.94,1.0599999999999454,5a
JA/NR-025,Hakurokusan,34.1645,135.7778,1189.0,1188.22,0.7799999999999727,5a
JA/NR-026,Mizugamine Nanpou,34.1556,135.61659,1184.0,1182.04,1.9600000000000364,5a
JA/NR-027,Kaminaritouge2,34.064,136.0726,1182.0,1180.51,1.490000000000009,5a
JA/NR-028,Jinomune,34.1617,135.7251,1178.0,1177.0,1.0,5a
JA/NR-029,Kongouzan,34.4194,135.6729,1125.0,1121.79,3.2100000000000364,5a
JA/NR-030,Shiraishiyama,34.211,135.78931,1120.0,1119.07,0.9300000000000637,5a
JA/NR-031,Togasayama,34.192,135.7585,1118.0,1117.52,0.4800000000000182,5a
JA/NR-032,Urumetaninokashira,34.0979,136.02361,1114.0,1112.58,1.4200000000000728,5a
JA/NR-033,Takashiroyama,34.2347,135.8051,1111.0,1110.51,0.4900000000000091,5a
JA/NR-034,Jingamine,34.2039,135.6347,1106.0,1105.89,0.10999999999989996,5a
JA/NR-035,Tamakiyama,33.9266,135.8316,1077.0,1076.4,0.599999999999909,5a
JA/NR-036,Kunimiyama,34.5165,136.0934,1016.0,1009.39,6.610000000000014,5a
JA/NR-037,Near Kogoyama,34.5026,136.1515,960.0,943.75,16.25,5a
JA/NR-038,Kabutodake,34.5258,136.12061,920.0,915.76,4.240000000000009,5a
JA/NR-039,Kumagadake,34.4671,135.89191,904.0,904.49,0.4900000000000091,5a
JA/NR-040,Saburoudake,34.5058,136.0273,879.0,877.05,1.9500000000000455,5a
JA/NR-041,Oharamine,33.9739,135.78419,863.0,860.62,2.3799999999999955,5a
JA/NR-042,Kaigahirayama,34.5603,135.9463,822.0,820.9,1.1000000000000227,5a
JA/NR-043,Nukaidake,34.5589,135.96899,812.0,811.72,0.2799999999999727,5a
JA/NR-044,JA/NR-044,34.494,136.1282,794.0,791.2,2.7999999999999545,5a
JA/NR-045,Hase,34.0201,135.9633,704.0,701.63,2.3700000000000045,5a
JA/NR-046,JA/NR-046,34.3174,135.8387,694.0,691.34,2.659999999999968,5a
JA/NR-048,Kunimiyama,34.6348,135.9012,680.0,673.99,6.009999999999991,5a
JA/NR-049,Ikomayama,34.6785,135.679,642.0,641.19,0.8099999999999454,5a
JA/NR-050,Inasayama,34.5049,135.9666,637.0,633.79,3.2100000000000364,5a
JA/NR-051,Kitamuke,34.3274,135.80521,636.0,635.61,0.38999999999998636,5a
JA/NR-052,Ryuuouzan,34.3034,135.7493,619.0,618.67,0.3300000000000409,5a
JA/NR-053,Oomoriyama,33.9137,135.8894,542.0,541.55,0.4500000000000455,5a
JA/NR-054,Kamakuradake,34.5188,135.9104,525.0,524.24,0.7599999999999909,5a
JA/NR-055,Fukuchidake,34.5342,135.9722,521.0,519.81,1.1900000000000546,5a
JA/NR-056,Nijyousan (Odake),34.5256,135.6776,517.0,515.7,1.2999999999999545,5a
JA/NR-057,Hatafuriyama,34.7808,135.70779,345.0,342.7,2.3000000000000114,5a
JA/NR-058,Yatayama,34.654,135.72861,340.0,335.11,4.889999999999986,5a
JA/NR-059,Matatsurugiyama,34.1464,136.06171,1377.0,1374.24,2.759999999999991,5a
JA/NR-060,Natsumushiyama,34.0876,135.63499,1348.0,1347.64,0.35999999999989996,5a
JA/NR-061,Shiroyadake,34.3488,135.97749,1177.0,1175.41,1.5899999999999181,5a
JA/NR-062,JA/NR-062,34.0977,136.08479,1167.0,1164.21,2.7899999999999636,5a
JA/NR-063,Setogoya,34.047,136.0946,1150.0,1144.6,5.400000000000091,5a
JA/NR-064,Gyousendake,33.9983,135.76691,1091.0,1088.65,2.349999999999909,5a
JA/NR-065,Takaoze,34.1128,135.5699,1079.0,1072.83,6.170000000000073,5a
JA/NR-066,JA/NR-066,34.0188,135.68159,1064.0,1059.69,4.309999999999945,5a
JA/NR-068,Ryumondake,34.4406,135.89771,904.0,903.4,0.6000000000000227,5a
JA/NR-069,Yoroidake,34.5288,136.1302,894.0,892.28,1.7200000000000273,5a
JA/NR-070,Doutokoyama,34.3325,135.84039,722.0,721.12,0.8799999999999955,5a
JA/NR-071,JA/NR-071,34.4078,135.98891,688.0,685.16,2.840000000000032,5a
JA/NR-072,JA/NR-072,34.5366,136.0249,679.0,677.96,1.0399999999999636,5a
JA/NR-073,Hainoyama,34.5805,136.00391,620.0,619.81,0.19000000000005457,5a
JA/NR-074,Shimokuwahara,34.0225,135.98959,540.0,539.54,0.4600000000000364,5a
JA/NR-075,JA/NR-075,34.0685,135.9727,490.0,488.63,1.3700000000000045,5a
JA/NR-076,Myoujinyama,34.5739,135.6758,273.0,273.37,0.37000000000000455,5a
JA/OS-001,Katsuragisan,34.4561,135.6823,959.0,958.05,0.9500000000000455,5a
JA/OS-002,Mikuniyama,34.3647,135.4877,886.0,883.71,2.2899999999999636,5a
JA/OS-003,Yokooyama,35.0094,135.3958,786.0,784.16,1.8400000000000318,5a
JA/OS-004,Kounoyama,34.9458,135.506,679.0,677.44,1.5599999999999454,5a
JA/OS-005,Ponponyama,34.9352,135.62379,679.0,678.1,0.8999999999999773,5a
JA/OS-007,Myoukensan,34.9289,135.4673,660.0,659.83,0.16999999999995907,5a
JA/OS-008,Akegataoyama,34.8884,135.478,620.0,619.4,0.6000000000000227,5a
JA/OS-009,Kowadayama,35.0016,135.4577,612.0,609.86,2.1399999999999864,5a
JA/OS-010,Doutokoyama,34.9708,135.34801,584.0,583.58,0.4199999999999591,5a
JA/OS-011,Konpirasan,34.9294,135.5871,561.0,559.49,1.509999999999991,5a
JA/OS-012,Ryuuouzan,34.8988,135.5491,510.0,509.72,0.2799999999999727,5a
JA/OS-013,Kodaijiyama,34.9168,135.43449,489.0,488.18,0.8199999999999932,5a
JA/OS-014,Ryuouzan,34.96,135.4209,462.0,461.22,0.7799999999999727,5a
JA/OS-015,Takadake,35.0018,135.3531,720.0,719.89,0.11000000000001364,5a
JA/OS-016,Sekidougaoka,34.8871,135.5007,680.0,679.84,0.15999999999996817,5a
JA/OS-017,Takiouzan,34.9615,135.36211,570.0,563.81,6.190000000000055,5a
JA/OS-018,Utagakiyama,34.974,135.47681,553.0,553.04,0.03999999999996362,5a
JA/OS-019,Yotsuishiyama,34.3179,135.28259,384.0,383.66,0.339999999999975,5a
JA/OS-020,Sakamadani,34.3761,135.3985,358.0,355.13,2.8700000000000045,5a
JA/OS-021,Terayama,34.5439,135.64861,293.0,293.35,0.35000000000002274,5a
JA/OS-022,Takamoriyama,34.2972,135.0968,284.0,282.27,1.7300000000000182,5a
JA/OY-001,Nagisan,35.1717,134.1803,1255.0,1252.9,2.099999999999909,5a
JA/OY-002,Hanachigasen,35.2595,133.97501,1247.0,1246.89,0.10999999999989996,5a
JA/OY-003,Kenashigasen,35.2357,133.51469,1219.0,1217.77,1.2300000000000182,5a
JA/OY-004,Izumigasen,35.2022,133.95959,1209.0,1208.5,0.5,5a
JA/OY-005,Fueizan,35.2054,133.8203,1205.0,1204.32,0.6800000000000637,5a
JA/OY-006,Hiruzen (Kamihiruzen),35.325,133.6636,1202.0,1197.94,4.059999999999945,5a
JA/OY-007,Hanamiyama,35.1524,133.4012,1188.0,1187.87,0.13000000000010914,5a
JA/OY-008,Oonamera,35.3409,133.6156,1164.0,1163.31,0.6900000000000546,5a
JA/OY-009,Kanagayasen,35.2459,133.5578,1164.0,1164.45,0.4500000000000455,5a
JA/OY-010,Onzen,35.121,133.4962,1152.0,1151.93,0.06999999999993634,5a
JA/OY-011,Tashiroyama,35.2635,133.85249,1120.0,1119.8,0.20000000000004547,5a
JA/OY-012,Tsugurosen,35.2518,133.815,1118.0,1117.37,0.6300000000001091,5a
JA/OY-013,Hirotosen (Tsumegajyoyama),35.162,134.1254,1115.0,1114.47,0.5299999999999727,5a
JA/OY-014,Miharayama,35.3016,134.0647,1115.0,1114.6,0.40000000000009095,5a
JA/OY-015,Akaishiyama,35.1209,133.4128,1111.0,1109.89,1.1099999999999,5a
JA/OY-016,Mimisueyama,35.223,133.5994,1103.0,1102.5,0.5,5a
JA/OY-017,Shimohiruzen,35.3251,133.7007,1100.0,1099.48,0.5199999999999818,5a
JA/OY-018,Kitakemine,35.2771,133.86349,1099.0,1100.9,1.900000000000091,5a
JA/OY-019,JA/OY-019,35.1705,133.4476,1080.0,1082.83,2.8299999999999272,5a
JA/OY-020,Futagoyama,35.18,133.48151,1075.0,1074.78,0.22000000000002728,5a
JA/OY-021,Araregasan,35.1899,133.78239,1074.0,1073.27,0.7300000000000182,5a
JA/OY-022,Yudake,35.2554,133.9073,1058.0,1053.17,4.829999999999927,5a
JA/OY-023,Ookurayama,35.198,134.2829,1055.0,1052.53,2.4700000000000273,5a
JA/OY-024,JA/OY-024,35.1372,133.46539,1042.0,1039.96,2.0399999999999636,5a
JA/OY-025,Nyudoyama,35.2226,133.7785,1040.0,1039.06,0.9400000000000546,5a
JA/OY-026,Shimofutagoyama,35.1751,133.4671,1035.0,1033.59,1.4100000000000819,5a
JA/OY-027,Kenmoriyama,35.0934,133.46381,1034.0,1033.34,0.6600000000000819,5a
JA/OY-028,Hoshiyama,35.1421,133.6774,1030.0,1029.22,0.7799999999999727,5a
JA/OY-029,Ooiwagasen,35.1514,133.5387,1013.0,1014.6,1.6000000000000227,5a
JA/OY-030,Mihirayama,35.2777,133.56889,1010.0,1009.41,0.5900000000000318,5a
JA/OY-031,Mikazukiyama,35.1845,133.4137,993.0,989.58,3.419999999999959,5a
JA/OY-032,Oosayama,35.0806,133.53909,989.0,983.51,5.490000000000009,5a
JA/OY-033,Tenginyama,35.0726,133.4218,980.0,978.38,1.6200000000000045,5a
JA/OY-034,Sasagayama,35.1954,133.6122,976.0,973.91,2.090000000000032,5a
JA/OY-035,Niiyama,35.0667,133.3989,949.0,947.2,1.7999999999999545,5a
JA/OY-036,Sanjyosan,35.1383,133.59061,929.0,927.63,1.3700000000000045,5a
JA/OY-037,JA/OY-037,35.0603,133.4433,924.0,919.6,4.399999999999977,5a
JA/OY-038,Maguwa,35.1775,134.224,909.0,908.7,0.2999999999999545,5a
JA/OY-039,Misakayama,35.1389,133.74409,903.0,901.46,1.5399999999999636,5a
JA/OY-040,JA/OY-040,35.1986,133.6445,862.0,857.08,4.919999999999959,5a
JA/OY-041,Nishinoo,35.143,133.5231,856.0,854.82,1.17999999999995,5a
JA/OY-042,Araune,35.202,133.99831,853.0,851.54,1.4600000000000364,5a
JA/OY-043,Tengujiyama,35.146,134.0507,832.0,828.24,3.759999999999991,5a
JA/OY-044,Sugo,35.0645,133.513,821.0,820.88,0.12000000000000455,5a
JA/OY-045,JA/OY-045,35.0704,133.34419,810.0,812.1,2.1000000000000227,5a
JA/OY-046,Yamagatasen,35.1396,134.103,791.0,790.6,0.39999999999997726,5a
JA/OY-047,Chuuka,35.2786,133.76289,785.0,783.16,1.8400000000000318,5a
JA/OY-048,Tenjinyama,34.8575,133.42889,777.0,777.04,0.03999999999996362,5a
JA/OY-049,Takahatayama,35.106,133.34019,776.0,774.35,1.6499999999999773,5a
JA/OY-050,Kobukiyama,34.8746,133.41251,773.0,772.57,0.42999999999995,5a
JA/OY-051,Awazumi,35.2615,133.69479,766.0,765.16,0.8400000000000318,5a
JA/OY-052,Amagasen,35.1383,133.83791,766.0,765.1,0.8999999999999773,5a
JA/OY-053,Aratoyama,34.933,133.3725,762.0,761.22,0.7799999999999727,5a
JA/OY-054,Inotsujiyama,34.8448,133.33549,731.0,730.38,0.6200000000000045,5a
JA/OY-055,Fukiya,34.8765,133.5002,724.0,723.11,0.8899999999999864,5a
JA/OY-056,Tamadayama,35.1932,133.6993,724.0,723.4,0.6000000000000227,5a
JA/OY-057,Tsuzurayama,35.1576,134.29649,724.0,722.91,1.0900000000000318,5a
JA/OY-058,JA/OY-058,35.0842,133.3535,711.0,710.66,0.34000000000003183,5a
JA/OY-059,Ootaki,35.1648,134.35339,709.0,705.87,3.1299999999999955,5a
JA/OY-060,Oohirayama,34.899,133.7068,698.0,697.29,0.7100000000000364,5a
JA/OY-061,Futakamisan,34.9765,133.8947,689.0,688.5,0.5,5a
JA/OY-062,Akouma,34.9826,133.5701,688.0,687.3,0.7000000000000455,5a
JA/OY-063,Kusunoki,35.1612,133.8165,688.0,686.92,1.080000000000041,5a
JA/OY-064,JA/OY-064,35.2241,133.6869,683.0,684.38,1.3799999999999955,5a
JA/OY-065,Terayama,35.2024,134.0544,681.0,680.35,0.6499999999999773,5a
JA/OY-066,Takazen,35.1012,133.8329,664.0,659.36,4.639999999999986,5a
JA/OY-067,Daisen,34.8492,133.47031,663.0,662.72,0.2799999999999727,5a
JA/OY-068,Niidono,34.8113,133.37579,656.0,655.01,0.9900000000000091,5a
JA/OY-069,Kurokamiyama,34.9965,133.4879,648.0,646.41,1.5900000000000318,5a
JA/OY-070,Oonoroyama,35.0056,133.6459,646.0,645.5,0.5,5a
JA/OY-072,Daiboyama,34.9218,133.48,622.0,620.66,1.3400000000000318,5a
JA/OY-073,Oowasan,34.8246,133.6929,608.0,608.0,0.0,5a
JA/OY-074,Jinyama,34.8312,133.5201,599.0,598.31,0.6900000000000546,5a
JA/OY-075,Akihayama,34.8867,133.59801,591.0,590.77,0.2300000000000182,5a
JA/OY-076,Mitsukuri,35.042,133.5853,586.0,585.02,0.9800000000000182,5a
JA/OY-077,Keisokusan,34.7633,133.6288,586.0,585.31,0.6900000000000546,5a
JA/OY-078,Takiyama,35.1064,134.2682,584.0,583.06,0.9400000000000546,5a
JA/OY-079,Honguzan,34.9036,133.8455,583.0,582.51,0.4900000000000091,5a
JA/OY-080,Hoshimatsuriyama,35.1163,134.3123,580.0,577.72,2.2799999999999727,5a
JA/OY-081,Kosenriyama,35.0203,133.6785,570.0,568.97,1.0299999999999727,5a
JA/OY-082,Yokoro,34.8889,133.30611,569.0,568.64,0.36000000000001364,5a
JA/OY-084,Tuishise,34.9455,133.88091,556.0,555.51,0.4900000000000091,5a
JA/OY-085,Takamaruyama,34.7601,133.5199,541.0,540.87,0.12999999999999545,5a
JA/OY-086,Hattoujisan,34.9232,134.2522,538.0,538.13,0.12999999999999545,5a
JA/OY-087,JA/OY-087,35.0181,133.5174,537.0,530.57,6.42999999999995,5a
JA/OY-088,Takanbouyama,34.9577,133.9257,527.0,526.35,0.6499999999999773,5a
JA/OY-089,Miyama,34.9097,133.55389,526.0,524.45,1.5499999999999545,5a
JA/OY-090,Myokensan,34.8897,134.13341,519.0,518.21,0.7899999999999636,5a
JA/OY-091,Kinoyama,34.8384,133.6145,518.0,517.39,0.6100000000000136,5a
JA/OY-092,Kounomine,34.9518,134.0246,517.0,515.52,1.4800000000000182,5a
JA/OY-093,Ushimarudaisen,34.973,133.4538,515.0,514.35,0.6499999999999773,5a
JA/OY-094,Saidojiyama,34.8917,133.5311,514.0,513.91,0.09000000000003183,5a
JA/OY-095,Takatakiyama,34.7035,133.6196,510.0,505.87,4.1299999999999955,5a
JA/OY-096,Kumayama,34.7564,134.12151,509.0,505.07,3.930000000000007,5a
JA/OY-097,JA/OY-097,34.7474,133.61481,500.0,476.76,23.24000000000001,5a
JA/OY-098,Kanayama,34.7448,133.9407,499.0,498.44,0.5600000000000023,5a
JA/OY-099,Ryutenzan,34.8891,134.0023,490.0,487.38,2.6200000000000045,5a
JA/OY-100,Jyakurinsan,35.0602,133.791,484.0,482.94,1.0600000000000023,5a
JA/OY-101,Tanemura,35.0291,133.9855,480.0,479.43,0.5699999999999932,5a
JA/OY-102,Nakadani,35.1262,133.87621,475.0,474.1,0.8999999999999773,5a
JA/OY-103,Minamiuneyama,34.9164,134.19569,471.0,469.74,1.259999999999991,5a
JA/OY-104,Jissoubouzan,34.7422,133.7534,471.0,465.05,5.949999999999989,5a
JA/OY-105,Amagoiyama,34.8999,134.1869,464.0,455.06,8.939999999999998,5a
JA/OY-106,Honmiyatakakurayama,34.7511,133.9715,458.0,456.66,1.339999999999975,5a
JA/OY-107,Takahoshiyama,34.8775,134.08009,447.0,443.7,3.3000000000000114,5a
JA/OY-108,Honjinyama,34.7931,133.8268,443.0,442.63,0.37000000000000455,5a
JA/OY-109,Murohara,34.8847,134.17821,432.0,431.09,0.910000000000025,5a
JA/OY-111,Ishidomaruyama,34.8282,134.27921,422.0,421.47,0.5299999999999727,5a
JA/OY-112,Jyunihongiyama,34.7829,133.85989,417.0,416.57,0.4300000000000068,5a
JA/OY-113,Yoshozan,34.5733,133.61011,405.0,404.4,0.6000000000000227,5a
JA/OY-114,Kinkozan,34.5591,133.9644,403.0,399.97,3.0299999999999727,5a
JA/OY-115,JA/OY-115,34.6352,133.6252,400.0,395.23,4.769999999999982,5a
JA/OY-116,JA/OY-116,34.7721,134.19031,399.0,399.33,0.3299999999999841,5a
JA/OY-117,Tenguyama,34.7613,134.2941,392.0,390.32,1.6800000000000068,5a
JA/OY-118,Kagiyama,34.705,133.6925,387.0,386.16,0.839999999999975,5a
JA/OY-119,Myokensan,34.8327,134.1062,384.0,382.86,1.1399999999999864,5a
JA/OY-120,Takayama,34.6454,133.6443,384.0,383.86,0.13999999999998636,5a
JA/OY-121,Kounoueyama,34.8242,134.1608,370.0,368.28,1.7200000000000273,5a
JA/OY-122,Ryusenzan,34.8204,134.2285,368.0,367.16,0.839999999999975,5a
JA/OY-123,Tane,35.0385,134.0015,365.0,364.16,0.839999999999975,5a
JA/OY-124,Kurakakeyama,34.7812,134.07941,351.0,350.66,0.339999999999975,5a
JA/OY-125,Takahinoyama,35.0072,134.08949,347.0,346.68,0.3199999999999932,5a
JA/OY-126,Ooyama,34.9774,134.1391,342.0,341.77,0.2300000000000182,5a
JA/OY-127,Myojinsan,34.7991,134.2437,341.0,337.18,3.819999999999993,5a
JA/OY-128,Takishiroyama,34.7762,133.967,341.0,338.82,2.180000000000007,5a
JA/OY-129,Uneyama,34.9483,134.1051,340.0,338.66,1.339999999999975,5a
JA/OY-130,Yatani,34.8236,133.92641,330.0,329.18,0.8199999999999932,5a
JA/OY-131,Nishioohirasan,34.7256,134.14819,327.0,326.62,0.37999999999999545,5a
JA/OY-132,Mitakesan,34.471,133.5473,320.0,320.94,0.9399999999999977,5a
JA/OY-133,Karasudomariyama,34.7428,134.24719,319.0,318.14,0.8600000000000136,5a
JA/OY-134,Tsuneyama,34.5249,133.8867,307.0,306.24,0.7599999999999909,5a
JA/OY-135,Tsuganomaruyama,34.4601,133.50661,306.0,299.23,6.769999999999982,5a
JA/OY-136,Fukuyama,34.6465,133.7596,302.0,301.24,0.7599999999999909,5a
JA/OY-137,Kanagoyama,34.8258,134.0724,300.0,299.37,0.6299999999999955,5a
JA/OY-138,Takiguchiyama,34.7238,133.9949,292.0,291.3,0.6999999999999886,5a
JA/OY-139,Shiooyama,35.0062,134.1651,292.0,291.53,0.4700000000000273,5a
JA/OY-140,Ryuouzan,34.501,133.5864,289.0,288.89,0.11000000000001364,5a
JA/OY-141,Kamogatsujiyama,34.5113,133.7827,284.0,282.13,1.8700000000000045,5a
JA/OY-142,JA/OY-142,34.5978,133.60831,270.0,266.13,3.8700000000000045,5a
JA/OY-143,Nishidomari,34.7253,134.3037,244.0,243.65,0.3499999999999943,5a
JA/OY-144,Bakkuriyama,34.3814,133.5349,225.0,224.93,0.06999999999999318,5a
JA/OY-145,Koujinyama,34.3402,133.5054,152.0,151.63,0.37000000000000455,5a
JA/OY-147,Tenguiwa,35.2676,134.01781,1196.0,1195.51,0.4900000000000091,5a
JA/OY-148,Giboshiyama,35.3409,133.5946,1110.0,1109.71,0.2899999999999636,5a
JA/OY-149,Oochiyama,35.2327,133.9577,1077.0,1077.23,0.2300000000000182,5a
JA/OY-150,Maruyama,35.2493,133.6042,1065.0,1064.35,0.650000000000091,5a
JA/OY-151,JA/OY-151,35.0709,133.2908,1064.0,1060.17,3.8299999999999272,5a
JA/OY-152,Daigasen,35.2401,134.0843,990.0,988.56,1.4400000000000546,5a
JA/OY-153,Kenzan,35.1751,133.4221,962.0,961.36,0.6399999999999864,5a
JA/OY-154,Hakamagasen,35.168,134.2617,930.0,929.44,0.5599999999999454,5a
JA/OY-155,Nagahisahankaisan,35.064,133.32179,904.0,903.7,0.2999999999999545,5a
JA/OY-156,Amagoiyama,35.198,133.74541,889.0,885.94,3.0599999999999454,5a
JA/OY-157,Nokohanosen,35.1452,133.7612,880.0,882.54,2.5399999999999636,5a
JA/OY-158,Kyoumiyama,35.1139,133.5827,854.0,853.58,0.4199999999999591,5a
JA/OY-159,JA/OY-159,35.061,133.4884,852.0,847.22,4.779999999999973,5a
JA/OY-160,Toutaki,35.1687,133.79401,848.0,847.6,0.39999999999997726,5a
JA/OY-161,Fukumi,35.2058,133.9216,752.0,750.78,1.2200000000000273,5a
JA/OY-162,JA/OY-162,35.2975,133.7529,751.0,749.3,1.7000000000000455,5a
JA/OY-163,Futakawamura,35.2469,133.7153,735.0,734.83,0.16999999999995907,5a
JA/OY-164,Shingoutakase,35.0882,133.3261,733.0,726.14,6.860000000000014,5a
JA/OY-165,Myoukenzan,35.1039,133.2989,724.0,723.75,0.25,5a
JA/OY-166,Kusakayama,35.0838,133.3833,709.0,708.79,0.21000000000003638,5a
JA/OY-167,Kunishimaru,34.9971,133.5307,656.0,655.78,0.22000000000002728,5a
JA/OY-168,Nakayama,35.1492,133.78751,645.0,645.08,0.08000000000004093,5a
JA/OY-169,Shiroganeyama,35.2018,134.0703,591.0,589.54,1.4600000000000364,5a
JA/OY-170,Daisen,35.0017,133.4223,574.0,573.92,0.08000000000004093,5a
JA/OY-171,Fuka,34.7862,133.4364,568.0,567.31,0.6900000000000546,5a
JA/OY-172,Morigamiyama,35.0221,133.8459,560.0,567.28,7.279999999999973,5a
JA/OY-173,Gionyama,34.9009,133.61079,550.0,537.09,12.909999999999968,5a
JA/OY-174,Miyama,35.0404,133.728,526.0,524.8,1.2000000000000455,5a
JA/OY-175,Ookuraryuouyama,34.6803,133.57091,520.0,509.69,10.310000000000002,5a
JA/OY-176,Near Arata,35.0759,133.6523,490.0,483.21,6.7900000000000205,5a
JA/OY-177,Tsutsunomiyayama,34.9762,133.9379,476.0,473.68,2.319999999999993,5a
JA/OY-178,JA/OY-178,35.1049,134.3407,455.0,454.82,0.18000000000000682,5a
JA/OY-179,Near Makiyama,34.9326,134.17,430.0,432.83,2.829999999999984,5a
JA/OY-180,Sasamukouyama,35.0643,133.7742,419.0,410.42,8.579999999999984,5a
JA/OY-181,Toishiyama,35.0923,133.7762,418.0,417.37,0.6299999999999955,5a
JA/OY-182,JA/OY-182,34.9134,133.567,400.0,381.63,18.370000000000005,5a
JA/OY-183,Matsumurayama,34.8585,134.1675,394.0,393.88,0.12000000000000455,5a
JA/OY-184,JA/OY-184,34.7739,134.2812,390.0,390.48,0.4800000000000182,5a
JA/OY-185,Tennouzan,34.8113,134.2645,354.0,353.52,0.4800000000000182,5a
JA/OY-186,Koujinyama,35.0308,134.0153,351.0,351.27,0.2699999999999818,5a
JA/OY-187,Enokidani,34.9611,134.15199,340.0,340.04,0.040000000000020464,5a
JA/OY-188,Shiroyama,35.0262,134.04649,332.0,331.81,0.18999999999999773,5a
JA/OY-189,Shimeyama,35.0205,133.74471,320.0,319.19,0.8100000000000023,5a
JA/OY-190,JA/OY-190,34.5452,133.5457,303.0,294.13,8.870000000000005,5a
JA/OY-191,Kojimachi,34.5185,133.86639,300.0,298.28,1.7200000000000273,5a
JA/OY-192,Maeyama,34.7378,134.21069,292.0,291.69,0.3100000000000023,5a
JA/OY-193,Kaigarayama,34.5769,133.9994,288.0,287.75,0.25,5a
JA/OY-194,Fukadani,34.742,134.30659,281.0,280.56,0.4399999999999977,5a
JA/OY-195,Oohirayama,34.7031,134.226,270.0,267.32,2.680000000000007,5a
JA/OY-196,Tamakazurayama,34.6926,134.19209,267.0,266.53,0.4700000000000273,5a
JA/OY-197,Mukaiyama,34.5215,133.54671,261.0,261.36,0.36000000000001364,5a
JA/OY-198,Tanematsuyama,34.5483,133.79021,257.0,257.44,0.4399999999999977,5a
JA/OY-199,Tatsunokuchiyama,34.7059,133.9722,256.0,256.37,0.37000000000000455,5a
JA/OY-200,Inariyama,34.6257,133.5565,253.0,249.31,3.6899999999999977,5a
JA/OY-201,Aosayama,34.4709,133.57159,249.0,248.93,0.06999999999999318,5a
JA/OY-202,Katsurayama,34.6856,134.1259,245.0,241.95,3.0500000000000114,5a
JA/OY-203,Hachiyama,34.4831,133.5686,242.0,242.24,0.2400000000000091,5a
JA/OY-204,Jyuzenjiyama,34.527,133.9496,239.0,235.29,3.710000000000008,5a
JA/OY-205,Tenbounooka,34.7405,134.07899,237.0,237.15,0.15000000000000568,5a
JA/OY-206,Mugiisan,34.5251,133.912,232.0,231.56,0.4399999999999977,5a
JA/OY-207,Keshigoyama,34.6713,134.0155,232.0,231.32,0.6800000000000068,5a
JA/OY-208,Edayama,34.6607,133.80141,227.0,223.17,3.8300000000000125,5a
JA/OY-209,JA/OY-209,34.7225,134.2523,224.0,221.41,2.5900000000000034,5a
JA/OY-210,Oujinyama,34.5066,133.5231,218.0,218.56,0.5600000000000023,5a
JA/OY-211,Houguyama,34.6121,133.69839,210.0,205.29,4.710000000000008,5a
JA/OY-212,Miyazakiyama,34.5231,133.507,208.0,207.58,0.4199999999999875,5a
JA/OY-213,Near Imoriiwa,34.8021,134.13361,190.0,200.06,10.060000000000002,5a
JA/OY-214,Ooishiyama,34.3036,133.53149,185.0,184.46,0.539999999999992,5a
JA/OY-215,Mujyouyama,34.6325,134.0802,184.0,183.93,0.06999999999999318,5a
JA/OY-216,Near Kibinakayama,34.6744,133.8582,170.0,172.67,2.6699999999999875,5a
JA/OY-217,Oomiyama,34.4993,133.46941,169.0,168.75,0.25,5a
JA/OY-218,Tateishiyama,34.3954,133.5134,169.0,159.82,9.180000000000007,5a
JA/OY-219,Misaoyama,34.6611,133.95551,168.0,167.44,0.5600000000000023,5a
JA/OY-220,Oohirayama,34.5624,133.7234,162.0,159.74,2.259999999999991,5a
JA/SI-001,Ibukiyama,35.4178,136.4063,1377.0,1376.3,0.7000000000000455,5a
JA/SI-002,Oikedake,35.1785,136.4147,1247.0,1242.51,4.490000000000009,5a
JA/SI-003,Amagoidake,35.0211,136.38409,1238.0,1237.18,0.8199999999999363,5a
JA/SI-004,Bunagadake,35.2646,135.897,1214.0,1212.88,1.1199999999998909,5a
JA/SI-005,Uetaniyama,35.6735,136.24471,1197.0,1195.99,1.009999999999991,5a
JA/SI-006,Houraisan,35.2095,135.8857,1174.0,1173.26,0.7400000000000091,5a
JA/SI-007,Tenguiwa,35.1662,136.44521,1171.0,1171.43,0.43000000000006366,5a
JA/SI-008,Yokoyamadake,35.6016,136.2616,1132.0,1130.91,1.0899999999999181,5a
JA/SI-009,Watamukiyama,35.0137,136.34171,1110.0,1109.28,0.7200000000000273,5a
JA/SI-010,Ryouzenzan,35.2791,136.3812,1094.0,1093.01,0.9900000000000091,5a
JA/SI-011,Tengudou,35.1516,136.3914,988.0,981.4,6.600000000000023,5a
JA/SI-012,Sanjyudake,35.4822,135.9559,974.0,971.93,2.07000000000005,5a
JA/SI-013,Minagoyama,35.2023,135.8351,971.0,970.54,0.4600000000000364,5a
JA/SI-014,Shirakurayama,35.3006,135.8643,950.0,949.15,0.8500000000000227,5a
JA/SI-015,Nihonkoba,35.1021,136.34241,934.0,933.28,0.7200000000000273,5a
JA/SI-016,Hyakurigadake,35.3918,135.8101,931.0,930.89,0.11000000000001364,5a
JA/SI-017,Karatakiyama,35.2916,135.8204,909.0,902.13,6.8700000000000045,5a
JA/SI-018,Shimoya,35.6173,136.19389,902.0,900.46,1.5399999999999636,5a
JA/SI-019,Jyatanigamine,35.3204,135.9287,902.0,899.89,2.1100000000000136,5a
JA/SI-020,Daikokuzan,35.6435,136.17261,892.0,890.78,1.2200000000000273,5a
JA/SI-021,Mikuniyama,35.5297,136.0264,876.0,874.94,1.0599999999999454,5a
JA/SI-022,Bunagadake,35.4533,135.93829,865.0,864.18,0.82000000000005,5a
JA/SI-023,Norikuradake,35.5325,136.07739,865.0,863.95,1.0499999999999545,5a
JA/SI-024,JA/SI-024,35.4461,136.38721,861.0,857.01,3.990000000000009,5a
JA/SI-025,Hieizan (Ohie),35.0658,135.8344,848.0,846.52,1.4800000000000182,5a
JA/SI-026,Sanjyusangenzan,35.4921,135.9301,842.0,841.21,0.7899999999999636,5a
JA/SI-027,Nabesiriyama,35.2456,136.35941,838.0,838.15,0.14999999999997726,5a
JA/SI-028,Sakuradaniyama,35.4132,135.8143,825.0,823.2,1.7999999999999545,5a
JA/SI-029,Takamuroyama,35.2202,136.3535,818.0,814.72,3.2799999999999727,5a
JA/SI-030,JA/SI-030,35.1788,135.8434,812.0,810.33,1.669999999999959,5a
JA/SI-031,JA/SI-031,35.3717,135.78081,803.0,801.65,1.3500000000000227,5a
JA/SI-032,Kuratani,35.3652,135.83971,792.0,790.1,1.8999999999999773,5a
JA/SI-033,Oshitateyama,35.1384,136.3029,772.0,770.42,1.580000000000041,5a
JA/SI-034,JA/SI-034,35.1463,136.3343,762.0,756.96,5.039999999999964,5a
JA/SI-035,Near Sasagatake,34.8403,136.0862,740.0,742.01,2.009999999999991,5a
JA/SI-036,Hakataniyama,35.5787,136.2477,738.0,735.82,2.17999999999995,5a
JA/SI-037,Nishiyama,34.9746,136.32179,722.0,721.72,0.2799999999999727,5a
JA/SI-038,Aboshiyama,34.9665,136.061,693.0,691.94,1.0599999999999454,5a
JA/SI-039,Nanaoyama,35.4237,136.35741,691.0,688.32,2.67999999999995,5a
JA/SI-040,JA/SI-040,35.2793,136.32381,683.0,681.75,1.25,5a
JA/SI-041,Near Arataniyama,35.4428,135.9639,670.0,672.12,2.1200000000000045,5a
JA/SI-042,Handouzan,34.9442,136.10989,664.0,663.93,0.07000000000005002,5a
JA/SI-043,Soumisan,35.5531,136.1069,657.0,656.3,0.7000000000000455,5a
JA/SI-044,Koumorigatake,34.8878,135.99541,616.0,615.58,0.4199999999999591,5a
JA/SI-045,Ninotaniyama,35.4155,135.925,611.0,605.38,5.6200000000000045,5a
JA/SI-046,Ryuuouzann,34.9632,136.0228,605.0,601.38,3.6200000000000045,5a
JA/SI-047,JA/SI-047,35.2964,136.3266,601.0,598.01,2.990000000000009,5a
JA/SI-048,Higasiyama,35.4626,136.0932,595.0,593.11,1.8899999999999864,5a
JA/SI-050,Kurekonomine,35.5242,136.23061,532.0,531.4,0.6000000000000227,5a
JA/SI-051,Nisinomineyama,35.3847,135.93401,511.0,512.37,1.3700000000000045,5a
JA/SI-053,Odaniyama,35.4657,136.2735,495.0,493.36,1.6399999999999864,5a
JA/SI-054,Shimoniyu,35.557,136.21519,484.0,483.4,0.6000000000000227,5a
JA/SI-055,Ooura,35.467,136.1356,470.0,469.33,0.6700000000000159,5a
JA/SI-056,Yamadayama,35.483,136.1451,451.0,450.58,0.4200000000000159,5a
JA/SI-057,Umegatani,35.4777,136.0658,444.0,443.75,0.25,5a
JA/SI-058,Kannonjiyama,35.1474,136.1595,441.0,432.11,8.889999999999986,5a
JA/SI-059,Oohira,35.3488,136.3835,439.0,437.96,1.0400000000000205,5a
JA/SI-060,Mikamiyama(Oumifuji),35.0505,136.03751,432.0,427.35,4.649999999999977,5a
JA/SI-061,Tsudayama(Okushimayama),35.1707,136.0687,425.0,423.94,1.0600000000000023,5a
JA/SI-062,Tachiki,35.514,136.1387,416.0,415.36,0.6399999999999864,5a
JA/SI-063,Hibakariyama,35.5429,136.136,411.0,410.3,0.6999999999999886,5a
JA/SI-064,Jyunibou,35.0188,136.104,405.0,403.2,1.8000000000000114,5a
JA/SI-065,Hakamagoshiyama,34.9271,135.8965,391.0,388.43,2.569999999999993,5a
JA/SI-066,Kagamiyama,35.067,136.08031,385.0,382.93,2.069999999999993,5a
JA/SI-068,Bodaijiyama(Kouseifuji),35.0316,136.05119,353.0,352.74,0.2599999999999909,5a
JA/SI-069,Yokoyama,35.3798,136.33749,320.0,314.06,5.939999999999998,5a
JA/SI-070,Yukinoyama,35.0765,136.14571,308.0,307.9,0.10000000000002274,5a
JA/SI-072,Shizugatake,35.1309,136.43469,1089.0,1087.62,1.3800000000001091,5a
JA/SI-073,Near Kiwada2,35.0887,136.4073,930.0,920.47,9.529999999999973,5a
JA/SI-074,Sakuraguchi,34.9763,136.36909,919.0,917.63,1.3700000000000045,5a
JA/SI-075,Mizunashi,35.1053,136.4155,754.0,753.47,0.5299999999999727,5a
JA/SI-076,Momigatake,35.6944,136.1501,752.0,737.64,14.360000000000014,5a
JA/SI-077,Hakodateyama Ski park,35.4421,135.9866,690.0,690.05,0.049999999999954525,5a
JA/SI-078,JA/SI-078,35.2652,136.3399,688.0,683.31,4.690000000000055,5a
JA/SI-079,JA/SI-079,35.164,136.3029,640.0,638.89,1.1100000000000136,5a
JA/SI-080,Shihyakuyama,34.9228,136.04111,568.0,567.64,0.36000000000001364,5a
JA/SI-081,Naganohigashiyama,34.8725,136.073,559.0,559.57,0.57000000000005,5a
JA/SI-082,Inoseyama,34.8907,135.96741,553.0,552.72,0.2799999999999727,5a
JA/SI-083,Oomi,35.541,136.24471,506.0,505.49,0.5099999999999909,5a
JA/SI-085,Nozeyama,35.3522,136.4129,391.0,390.17,0.8299999999999841,5a
JA/SI-086,Minosakuyama,35.1247,136.1803,372.0,371.0,1.0,5a
JA/SI-087,JA/SI-087,35.2567,136.2917,364.0,354.61,9.389999999999986,5a
JA/SI-088,Seiryuzan,35.2111,136.29179,333.0,331.0,2.0,5a
JA/SI-089,Yamamotoyama,35.4503,136.2063,324.0,323.21,0.7900000000000205,5a
JA/SI-090,Koujinyama,35.2336,136.1978,284.0,283.3,0.6999999999999886,5a
JA/SI-091,Kakuyokusan,35.1441,136.0825,280.0,284.11,4.110000000000014,5a
JA/SN-001,Azoujiyama,34.4771,131.96719,1263.0,1261.18,1.8199999999999363,10b
JA/SN-002,Hiromiyama,34.5899,132.09151,1187.0,1185.37,1.6300000000001091,10b
JA/SN-003,Akataniyama,34.5157,132.0284,1181.0,1179.42,1.5799999999999272,10b
JA/SN-004,Sanbesan (Osanbesan),35.1405,132.6216,1126.0,1123.47,2.5299999999999727,5a
JA/SN-005,JA/SN-005,34.4243,131.97099,1109.0,1106.91,2.089999999999918,5a
JA/SN-006,Ototomiyama,34.3534,131.778,1085.0,1084.66,0.33999999999991815,5a
JA/SN-007,JA/SN-007,35.1174,133.1348,1080.0,1082.54,2.5399999999999636,5a
JA/SN-008,Tsubamedake,34.5156,131.95821,1079.0,1077.73,1.2699999999999818,5a
JA/SN-009,JA/SN-009,34.7115,132.11639,1060.0,1056.64,3.3599999999999,5a
JA/SN-010,Hotokeyama,35.1022,133.0865,1048.0,1047.71,0.2899999999999636,5a
JA/SN-011,Takadakeyama,34.3999,131.7847,1041.0,1039.75,1.25,5a
JA/SN-012,Suzunoootaniyama,34.3766,131.8392,1036.0,1034.95,1.0499999999999545,5a
JA/SN-013,Kotobikisan (Misen),35.0482,132.7825,1013.0,1002.34,10.659999999999968,10b
JA/SN-014,JA/SN-014,34.6747,132.1234,1010.0,1015.67,5.669999999999959,5a
JA/SN-015,Tokusagamine,34.4383,131.6953,989.0,987.86,1.1399999999999864,5a
JA/SN-016,Kasugayama,34.6223,132.0547,989.0,987.28,1.7200000000000273,10b
JA/SN-018,Okinogoyama,35.1048,132.81371,957.0,955.66,1.3400000000000318,5a
JA/SN-019,Yahazuyama,35.0982,133.0394,937.0,932.59,4.409999999999968,5a
JA/SN-020,Karasugayama,34.6969,132.09599,920.0,914.28,5.720000000000027,5a
JA/SN-021,Ungetsuyama,34.8021,132.23869,911.0,911.32,0.32000000000005,5a
JA/SN-022,Aonoyama,34.4622,131.7981,908.0,906.43,1.57000000000005,5a
JA/SN-023,Mottagatake,34.3711,131.8607,891.0,890.6,0.39999999999997726,5b
JA/SN-024,Harayama,34.8624,132.41071,888.0,886.82,1.17999999999995,5a
JA/SN-025,Kanzan,34.9175,132.5018,863.0,860.75,2.25,10b
JA/SN-026,Kabutoyama,35.1326,132.80949,844.0,842.85,1.1499999999999773,5a
JA/SN-027,Hatooka,35.2089,133.13,835.0,833.09,1.9099999999999682,5a
JA/SN-028,Kyotaroyama,34.9069,132.4137,827.0,823.65,3.3500000000000227,10b
JA/SN-029,JA/SN-029,34.4701,131.9077,826.0,825.59,0.40999999999996817,5a
JA/SN-030,Ooetakayama,35.0639,132.4287,808.0,807.04,0.9600000000000364,5a
JA/SN-031,Sangunsan,35.2493,133.07249,806.0,799.95,6.0499999999999545,5a
JA/SN-032,Tochiyama,34.86,132.37421,804.0,801.52,2.480000000000018,5a
JA/SN-033,Mitsugoyama,34.5512,131.9101,800.0,799.05,0.9500000000000455,5a
JA/SN-034,JA/SN-034,34.4756,131.8399,799.0,793.76,5.240000000000009,5a
JA/SN-035,Jyousaigama,35.1243,132.7874,783.0,781.67,1.330000000000041,5a
JA/SN-037,Higurashiyama,34.6346,131.9649,743.0,743.02,0.01999999999998181,5a
JA/SN-038,JA/SN-038,35.0256,132.6879,742.0,735.82,6.17999999999995,5a
JA/SN-039,JA/SN-039,35.264,133.20621,740.0,738.64,1.3600000000000136,5a
JA/SN-040,Hakoudaisen,35.1827,132.7495,727.0,726.1,0.8999999999999773,5a
JA/SN-041,Nodayama,35.1281,132.7238,723.0,721.97,1.0299999999999727,5a
JA/SN-042,Azumaya,35.137,132.758,721.0,719.2,1.7999999999999545,5a
JA/SN-043,Kanagiyama,34.8321,132.19099,720.0,716.96,3.0399999999999636,5a
JA/SN-044,Takaboriyama,34.9563,132.52,718.0,717.18,0.82000000000005,5a
JA/SN-045,JA/SN-045,35.1365,133.06821,718.0,716.74,1.259999999999991,5a
JA/SN-046,Matsubarayama,34.903,132.3546,717.0,712.75,4.25,10b
JA/SN-047,Isariyama,34.7968,132.0813,714.0,712.84,1.1599999999999682,5a
JA/SN-048,Takitani,35.1877,132.78391,711.0,710.2,0.7999999999999545,5a
JA/SN-049,Gitsutate,34.8347,132.2766,707.0,705.71,1.2899999999999636,5a
JA/SN-050,Nanatsugai,35.0726,132.6869,682.0,680.88,1.1200000000000045,10b
JA/SN-051,Kumogiyama,34.8309,132.1472,667.0,666.7,0.2999999999999545,5a
JA/SN-052,Oharayama,34.8483,132.5816,665.0,663.44,1.5599999999999454,5a
JA/SN-053,Tochiyama,35.1763,132.8495,664.0,663.15,0.8500000000000227,5a
JA/SN-054,JA/SN-054,35.3056,133.06149,660.0,665.41,5.409999999999968,5a
JA/SN-055,Manjyuyama,35.1615,132.71001,659.0,657.77,1.2300000000000182,5a
JA/SN-056,Karataniyama,34.9662,132.5775,658.0,656.16,1.8400000000000318,5a
JA/SN-057,Tanoharakanzan,34.9194,132.5829,646.0,644.35,1.6499999999999773,5a
JA/SN-058,Hozan,34.9964,132.5511,636.0,631.32,4.67999999999995,10b
JA/SN-059,Yatakishiroyama,35.085,132.41679,634.0,633.83,0.16999999999995907,5a
JA/SN-060,Ijimiyama,35.015,132.6013,629.0,628.1,0.8999999999999773,5a
JA/SN-061,JA/SN-061,35.1472,132.74229,620.0,618.12,1.8799999999999955,5a
JA/SN-062,Daimanjisan,36.2568,133.33051,608.0,607.38,0.6200000000000045,5a
JA/SN-063,Takaminesan,34.4535,131.7352,606.0,604.57,1.42999999999995,5a
JA/SN-064,Taimasan,34.8217,132.0069,599.0,589.62,9.379999999999995,5a
JA/SN-065,Tsuzuraosan,36.2792,133.3154,598.0,597.23,0.7699999999999818,5a
JA/SN-066,Kawaoku,35.2671,133.1633,596.0,594.12,1.8799999999999955,5a
JA/SN-067,Hobashirayama,34.9273,132.3587,593.0,590.64,2.3600000000000136,10b
JA/SN-068,Nishiyama,35.0075,132.3685,593.0,592.19,0.8099999999999454,5a
JA/SN-069,Akaishiyama,34.5877,131.8858,587.0,585.95,1.0499999999999545,5a
JA/SN-070,Mitsugoyama,35.0676,132.3913,586.0,585.52,0.4800000000000182,5a
JA/SN-071,Tobinokoyama,34.9356,132.3851,584.0,579.16,4.840000000000032,10b
JA/SN-072,Shiroyama,35.2182,133.02319,578.0,576.55,1.4500000000000455,5a
JA/SN-073,Takigami,35.2894,133.11011,575.0,573.9,1.1000000000000227,5a
JA/SN-074,Sugodayama,34.5174,131.73331,574.0,572.56,1.4400000000000546,5a
JA/SN-075,Yokooyama,36.2487,133.2395,573.0,572.17,0.8300000000000409,5a
JA/SN-076,JA/SN-076,35.2437,132.7845,570.0,566.53,3.4700000000000273,5a
JA/SN-077,Near Ouinzan,35.2605,132.754,570.0,574.72,4.720000000000027,5a
JA/SN-078,Tachikakeyama,34.9835,132.57201,565.0,561.66,3.340000000000032,5a
JA/SN-079,Gomagatake,34.5289,131.758,561.0,559.91,1.0900000000000318,5a
JA/SN-080,Nakayama,34.5631,131.7325,557.0,555.93,1.07000000000005,5a
JA/SN-081,Kanmuriyama,34.9982,132.6342,556.0,555.52,0.4800000000000182,5a
JA/SN-082,Hiranoyama,34.6116,131.9136,554.0,553.69,0.30999999999994543,5a
JA/SN-083,Nirakusayama,34.6226,131.8898,544.0,542.3,1.7000000000000455,5a
JA/SN-084,Misakayama,35.5415,133.1031,536.0,535.2,0.7999999999999545,5a
JA/SN-085,Hanatakasen,35.4126,132.75259,536.0,535.08,0.9199999999999591,5a
JA/SN-086,Yagaigajyoyama,35.0219,132.571,527.0,522.48,4.519999999999982,10b
JA/SN-087,Takamaruyama,34.9928,132.33521,526.0,524.53,1.4700000000000273,10b
JA/SN-088,Kuroyama,35.2497,132.73199,525.0,523.46,1.5399999999999636,5a
JA/SN-089,Kannamijiyama,34.9644,132.4166,522.0,520.96,1.0399999999999636,5a
JA/SN-090,Tokiharisan,36.2722,133.28439,522.0,520.95,1.0499999999999545,5a
JA/SN-091,JA/SN-091,34.8805,132.54581,520.0,520.58,0.5800000000000409,10b
JA/SN-092,Karakurayama,34.8377,132.0818,514.0,512.76,1.240000000000009,5a
JA/SN-093,Oomineyama,36.3084,133.278,508.0,507.25,0.75,5a
JA/SN-094,Sorajyo,34.96,132.2774,505.0,503.69,1.3100000000000023,5a
JA/SN-095,Yojiroyama,34.8782,132.6405,498.0,498.01,0.009999999999990905,5a
JA/SN-096,Near Hishiki,34.9486,132.62711,490.0,486.96,3.0400000000000205,5a
JA/SN-097,Notouge,34.5653,131.7038,483.0,482.27,0.7300000000000182,5a
JA/SN-098,Maruyama,34.9808,132.4064,480.0,479.22,0.7799999999999727,10b
JA/SN-099,JA/SN-099,34.9195,132.2509,475.0,475.02,0.01999999999998181,5a
JA/SN-100,Kyoragisan,35.3872,133.1642,473.0,471.93,1.0699999999999932,5a
JA/SN-101,JA/SN-101,35.3682,133.0087,470.0,472.01,2.009999999999991,5a
JA/SN-102,Shimanohoshiyama,34.9842,132.2375,470.0,469.49,0.5099999999999909,5a
JA/SN-103,Fukaseyama,34.4967,131.7988,465.0,463.55,1.4499999999999886,5a
JA/SN-104,Borokuyama,34.8739,132.2877,463.0,460.75,2.25,10b
JA/SN-105,Daisobayama,34.9166,132.30659,458.0,457.15,0.8500000000000227,5a
JA/SN-106,Takuhiyama,36.0747,133.03191,452.0,449.34,2.660000000000025,5a
JA/SN-107,Mikuniyama,34.8507,132.69389,449.0,448.41,0.589999999999975,5a
JA/SN-108,Obeshiyama,34.9558,132.47729,447.0,445.44,1.5600000000000023,5a
JA/SN-109,JA/SN-109,35.0322,132.36839,446.0,444.0,2.0,5a
JA/SN-110,Matsuoyama,35.0595,132.54401,438.0,436.23,1.7699999999999818,10b
JA/SN-111,Koyajiriyama,34.9528,132.35789,436.0,435.13,0.8700000000000045,5a
JA/SN-112,Takasakiyama,36.1307,133.0264,435.0,433.51,1.490000000000009,5a
JA/SN-113,Oodouyama,34.6414,131.7446,420.0,419.2,0.8000000000000114,5a
JA/SN-114,Takahirayama,34.8786,132.13721,420.0,419.21,0.7900000000000205,5a
JA/SN-115,Oogane,34.921,132.19701,418.0,415.91,2.089999999999975,5a
JA/SN-116,Surikisan,35.4719,132.7874,415.0,414.56,0.4399999999999977,5a
JA/SN-117,Ohirayama,35.3716,132.959,410.0,409.12,0.8799999999999955,5a
JA/SN-118,Hobashirayama,34.9757,132.4523,404.0,398.69,5.310000000000002,10b
JA/SN-119,JA/SN-119,36.2077,133.27699,372.0,367.33,4.670000000000016,5a
JA/SN-120,Bukkyozan,35.358,132.8302,366.0,364.4,1.6000000000000227,5a
JA/SN-121,Takashiroyama,34.7763,131.9814,362.0,361.03,0.9700000000000273,5a
JA/SN-122,Oobukuroyama,35.3025,132.7802,360.0,359.13,0.8700000000000045,5a
JA/SN-123,JA/SN-123,35.3207,133.2886,360.0,355.29,4.7099999999999795,5a
JA/SN-124,Hirehuriyama,34.6796,131.8981,359.0,357.97,1.0299999999999727,5a
JA/SN-126,Asahiyama,35.5079,132.97639,344.0,342.56,1.4399999999999977,5a
JA/SN-127,Eboshiyama,34.7315,131.89709,338.0,336.92,1.079999999999984,5a
JA/SN-128,Dakesan,35.4866,133.1076,331.0,323.76,7.240000000000009,5a
JA/SN-129,Takaosan,35.5601,133.23981,328.0,323.6,4.399999999999977,5a
JA/SN-130,Akahageyama,36.0208,133.01469,325.0,324.04,0.9599999999999795,5a
JA/SN-131,Soramineyama,36.3244,133.25079,322.0,322.17,0.17000000000001592,5a
JA/SN-132,Kakigibata,36.1988,133.29111,276.0,275.45,0.5500000000000114,5a
JA/SN-134,Yokotani,35.0955,132.9812,1180.0,1180.3,0.2999999999999545,5a
JA/SN-135,Takabachiyama,34.5141,131.98219,1034.0,1032.27,1.7300000000000182,10b
JA/SN-136,JA/SN-136,34.4414,132.00819,944.0,941.53,2.4700000000000273,10b
JA/SN-137,Gorouzu,34.3665,131.8002,940.0,939.33,0.6699999999999591,5a
JA/SN-138,JA/SN-138,34.5545,131.98511,847.0,844.36,2.6399999999999864,10b
JA/SN-139,Hirose,34.6105,131.99789,813.0,811.07,1.92999999999995,5a
JA/SN-140,Kyoraseyama,34.3862,131.8004,793.0,792.84,0.15999999999996817,5a
JA/SN-141,Kadotani,34.9186,132.4305,791.0,787.95,3.0499999999999545,10b
JA/SN-142,Tokaga,35.1101,132.77679,785.0,782.74,2.259999999999991,5a
JA/SN-143,JA/SN-143,34.5124,131.9213,760.0,766.89,6.889999999999986,5a
JA/SN-144,JA/SN-144,34.4235,131.90581,726.0,725.69,0.30999999999994543,5a
JA/SN-145,Nomayama,34.5848,131.95129,724.0,723.76,0.2400000000000091,5a
JA/SN-146,JA/SN-146,35.0684,132.42149,722.0,721.88,0.12000000000000455,5a
JA/SN-147,Kagarimaruyama,34.9948,132.6933,688.0,684.45,3.5499999999999545,10b
JA/SN-148,Komoguchi,35.0682,132.40759,637.0,637.07,0.07000000000005002,5a
JA/SN-149,Yokoutsuyama,34.8636,132.3387,621.0,619.97,1.0299999999999727,5a
JA/SN-150,Near Iguchibara,34.8197,132.1713,620.0,620.73,0.7300000000000182,5a
JA/SN-151,Haneshita,34.8643,132.49541,620.0,619.28,0.7200000000000273,5a
JA/SN-152,JA/SN-152,35.2755,133.00571,608.0,605.41,2.590000000000032,10b
JA/SN-153,Gongenyama,34.9289,132.459,591.0,590.82,0.17999999999994998,5a
JA/SN-154,Near Kaneda,35.1484,132.9178,573.0,570.47,2.5299999999999727,5a
JA/SN-155,Imayama,35.1666,132.9445,552.0,550.12,1.8799999999999955,5a
JA/SN-156,Gongenyama,35.1996,133.05721,551.0,551.3,0.2999999999999545,5a
JA/SN-157,Toyagamaru,35.0378,132.63741,549.0,548.93,0.07000000000005002,5a
JA/SN-158,Keisan,35.0797,132.3911,544.0,543.96,0.03999999999996362,5a
JA/SN-159,JA/SN-159,35.2874,133.2886,541.0,539.03,1.9700000000000273,5a
JA/SN-160,Shihandayama,34.9323,132.5601,540.0,539.66,0.34000000000003183,10b
JA/SN-161,Senyama,35.0962,132.4377,537.0,537.2,0.20000000000004547,5a
JA/SN-162,Futatsuyama,34.866,132.5181,530.0,530.67,0.6699999999999591,5a
JA/SN-163,JA/SN-163,34.8783,132.4734,527.0,521.62,5.3799999999999955,10b
JA/SN-164,Tabirayama,34.9511,132.286,501.0,500.87,0.12999999999999545,5a
JA/SN-165,Sakatsujiyama,34.9774,132.3873,491.0,489.41,1.589999999999975,5a
JA/SN-167,JA/SN-167,34.3676,131.9035,490.0,486.98,3.019999999999982,5a
JA/SN-168,Mitsugoyama,35.234,132.6983,489.0,489.07,0.06999999999999318,5a
JA/SN-169,Oominesan,36.2243,133.25011,473.0,471.47,1.5299999999999727,5a
JA/SN-170,Tsujiyama,35.0668,132.37421,446.0,446.34,0.339999999999975,5a
JA/SN-171,Nagaseyama,34.8455,132.6655,442.0,441.15,0.8500000000000227,5a
JA/SN-172,Ozudera,34.9883,132.3744,442.0,437.8,4.199999999999989,5a
JA/SN-173,Yakumosan,35.3648,133.04961,424.0,423.4,0.6000000000000227,5a
JA/SN-174,Okuyama,35.0638,132.57291,420.0,416.93,3.069999999999993,5a
JA/SN-175,Motoyama,35.053,132.5365,420.0,418.72,1.2799999999999727,10b
JA/SN-176,JA/SN-176,34.5519,131.85539,416.0,410.85,5.149999999999977,5a
JA/SN-177,Kyougatani,35.3244,133.1848,396.0,395.55,0.44999999999998863,5a
JA/SN-178,Mukouyama,34.923,132.2903,373.0,372.51,0.4900000000000091,5a
JA/SN-179,Ootsujiyama,35.3447,133.18291,365.0,364.64,0.36000000000001364,5a
JA/SN-180,JA/SN-180,34.5944,131.82471,358.0,356.09,1.910000000000025,5a
JA/SN-181,Nabeikeyama,35.4845,132.85651,358.0,346.28,11.720000000000027,5a
JA/SN-182,Takamaruyama,34.9823,132.2877,353.0,352.89,0.11000000000001364,5a
JA/SN-183,Tochiyamadake,34.7725,132.0049,345.0,344.62,0.37999999999999545,5a
JA/SN-184,Kiyomizu,35.0897,132.3779,337.0,335.6,1.3999999999999773,5a
JA/SN-185,Jyouhirasan,35.3517,132.86279,316.0,313.5,2.5,5a
JA/SN-186,Wagarisho,36.0556,132.9839,289.0,288.43,0.5699999999999932,5a
JA/SN-187,Tashiroyama,34.6099,131.776,282.0,282.49,0.4900000000000091,5a
JA/SN-188,Kouyasan,34.9628,132.19881,281.0,280.26,0.7400000000000091,5a
JA/SN-189,Gendayamanishimine,34.7604,131.9039,270.0,273.73,3.730000000000018,5a
JA/SN-190,JA/SN-190,35.5662,133.2718,260.0,261.55,1.5500000000000114,10b
JA/SN-191,Washizuyama,35.3879,133.3038,258.0,256.8,1.1999999999999886,5a
JA/SN-192,Matengai,36.1066,132.9725,257.0,256.69,0.3100000000000023,5a
JA/SN-193,Koguwashiyama,36.1875,133.2963,252.0,245.05,6.949999999999989,5a
JA/SN-194,Yagami,35.0098,132.26759,251.0,250.45,0.5500000000000114,5a
JA/SN-195,Murogamiyama,35.0262,132.2628,246.0,246.01,0.009999999999990905,5a
JA/SN-196,Atodoyama,36.0959,133.0722,246.0,243.2,2.8000000000000114,5a
JA/SN-197,Higashiyougai,35.3315,132.78419,237.0,236.77,0.22999999999998977,5a
JA/SN-198,Iinoyama,36.192,133.3165,236.0,235.89,0.11000000000001364,5a
JA/SN-199,Tadayama,36.0928,133.11391,226.0,225.94,0.060000000000002274,5a
JA/SN-200,Kinbusen,36.2001,133.34731,199.0,198.46,0.539999999999992,5a
JA/SN-201,Maniso,35.566,133.1631,172.0,170.36,1.6399999999999864,10b
JA/SN-202,Chausuyama,35.4361,133.09399,171.0,170.5,0.5,5a
JA/SN-203,Oomorijima,36.138,133.1749,155.0,154.14,0.8600000000000136,5a
JA/SO-001,Fujisan Kengamine,35.3606,138.7274,3776.0,3771.31,4.690000000000055,5a
JA/SO-002,Warusawadake,35.5007,138.1823,3141.0,3142.35,1.349999999999909,5a
JA/SO-003,Akaishidake,35.4612,138.15739,3121.0,3119.82,1.1799999999998363,5a
JA/SO-004,Arakawadake (Nakadake),35.4966,138.1671,3083.0,3082.74,0.2600000000002183,5a
JA/SO-005,Noutoridake (Nishinoutoridake),35.6247,138.2303,3051.0,3048.12,2.880000000000109,5a
JA/SO-006,Shiomidake,35.5738,138.18311,3047.0,3046.99,0.010000000000218279,5a
JA/SO-007,Hijiridake (Maehijiridake),35.4225,138.13969,3013.0,3010.44,2.5599999999999454,5a
JA/SO-008,Kamikouchidake,35.3896,138.1528,2803.0,2803.32,0.3200000000001637,5a
JA/SO-009,Kogouchidake,35.5378,138.15289,2802.0,2792.15,9.849999999999909,5a
JA/SO-010,Tekaridake,35.3382,138.0838,2591.0,2590.8,0.1999999999998181,5a
JA/SO-011,Ikeguchidake,35.3302,138.0383,2392.0,2379.5,12.5,5a
JA/SO-012,Shinanomata,35.307,138.0983,2332.0,2323.75,8.25,5a
JA/SO-013,Daimugenzan,35.256,138.16161,2329.0,2331.51,2.5100000000002183,5a
JA/SO-014,Nakanooneyama,35.2942,138.0181,2296.0,2296.74,0.7399999999997817,5a
JA/SO-015,Oonezawayama,35.2833,138.13741,2240.0,2243.45,3.449999999999818,5a
JA/SO-016,Fudougatake,35.2354,138.04111,2171.0,2171.95,0.9499999999998181,5a
JA/SO-017,Kuroboushigatake,35.1962,138.0294,2067.0,2069.57,2.5700000000001637,5a
JA/SO-018,Yanbushi,35.3043,138.28529,2010.0,2012.28,2.2799999999999727,5a
JA/SO-019,Kenashiyama,35.4158,138.5439,1964.0,1962.04,1.9600000000000364,5a
JA/SO-020,Maekuroboushidake,35.1873,138.0701,1943.0,1943.2,0.20000000000004547,5a
JA/SO-021,Asahidake,35.2069,138.13229,1827.0,1827.6,0.599999999999909,5a
JA/SO-022,Maekuroboushiyama,35.1947,137.9856,1782.0,1781.36,0.6400000000001,5a
JA/SO-023,Sasayama,35.2682,138.2764,1763.0,1761.95,1.0499999999999545,5a
JA/SO-024,Syonosawayama,35.2586,138.07899,1750.0,1750.33,0.32999999999992724,5a
JA/SO-025,Sobatsubuyama,35.1261,138.0354,1627.0,1627.1,0.09999999999990905,5a
JA/SO-026,Nanatsumine,35.1566,138.2189,1533.0,1532.47,0.5299999999999727,5a
JA/SO-027,Ashitakayama (Echizendake),35.2381,138.79401,1504.0,1503.41,0.5899999999999181,5a
JA/SO-028,Ryuumagatake,35.1,138.0105,1501.0,1500.25,0.75,5a
JA/SO-029,Ihaidake,35.2238,138.80991,1458.0,1456.45,1.5499999999999545,5a
JA/SO-030,Amagisan (Banzaburoudake),34.8629,139.0018,1405.0,1404.47,0.5299999999999727,5a
JA/SO-031,Oohorayama,35.3896,138.89191,1384.0,1382.89,1.1099999999999,5a
JA/SO-032,Aokuzuretougehigashi,35.2546,137.91879,1368.0,1361.37,6.630000000000109,5a
JA/SO-033,Tenguishidake,35.1368,138.1841,1366.0,1366.19,0.19000000000005457,5a
JA/SO-034,Ryuutouzan,35.0693,137.88229,1352.0,1351.72,0.2799999999999727,5a
JA/SO-035,Idoguchiyama,35.1211,137.8968,1335.0,1334.82,0.18000000000006366,5a
JA/SO-036,Mitsumine,35.1778,138.16721,1294.0,1292.81,1.1900000000000546,5a
JA/SO-037,Niouyama,35.22,138.3231,1208.0,1207.61,0.39000000000010004,5a
JA/SO-038,Tougasayama,34.8789,139.0325,1197.0,1195.41,1.5899999999999181,5a
JA/SO-040,Takadokkyou,35.1785,138.438,1134.0,1133.48,0.5199999999999818,5a
JA/SO-041,JA/SO-041,35.0613,138.1499,1110.0,1111.15,1.150000000000091,5a
JA/SO-042,Kashiyama,35.0435,137.8134,1059.0,1057.8,1.2000000000000455,5a
JA/SO-043,Ryuusouzan,35.0883,138.4035,1051.0,1049.89,1.1099999999999,5a
JA/SO-044,JA/SO-044,35.0132,137.7722,1050.0,1048.22,1.7799999999999727,5a
JA/SO-045,Mitsukiyama,35.1598,138.3485,1047.0,1046.39,0.6099999999999,5a
JA/SO-046,Ootanayama,35.091,138.30611,1035.0,1022.64,12.360000000000014,5a
JA/SO-047,Nekkodake,34.8578,138.86369,1035.0,1033.46,1.5399999999999636,5a
JA/SO-048,Tossakiyama,35.0784,138.2766,1022.0,1019.54,2.4600000000000364,5a
JA/SO-049,JA/SO-049,34.9959,138.0316,1009.0,1006.91,2.090000000000032,5a
JA/SO-050,Chyoukurouyama,34.7884,138.868,996.0,995.72,0.2799999999999727,5a
JA/SO-051,Darumayama,34.955,138.8391,982.0,975.98,6.019999999999982,5a
JA/SO-052,JA/SO-052,35.1331,137.8269,956.0,952.74,3.259999999999991,5a
JA/SO-053,Heijinodan,35.1775,138.478,940.0,945.18,5.17999999999995,5a
JA/SO-054,Dainichisan,34.9383,138.006,881.0,880.09,0.9099999999999682,5a
JA/SO-055,Takanesan,34.9798,138.183,871.0,862.89,8.110000000000014,5a
JA/SO-056,Kashiyama,35.0226,138.1875,869.0,864.93,4.07000000000005,5a
JA/SO-057,Houkigiyama,34.9816,137.74969,841.0,839.82,1.17999999999995,5a
JA/SO-058,JA/SO-058,35.0094,138.2009,834.0,835.16,1.1599999999999682,5a
JA/SO-059,Hakkousan,34.9074,138.05659,832.0,829.41,2.590000000000032,5a
JA/SO-060,JA/SO-060,35.1183,137.8394,810.0,812.47,2.4700000000000273,5a
JA/SO-061,Kurotake,35.0817,139.02811,798.0,798.4,0.39999999999997726,5a
JA/SO-063,Tenshiko,35.2933,138.5172,731.0,730.06,0.9400000000000546,5a
JA/SO-064,JA/SO-064,34.9646,138.11659,720.0,728.28,8.279999999999973,5a
JA/SO-065,Takayama,35.0511,138.31779,717.0,716.04,0.9600000000000364,5a
JA/SO-066,Wotoyama,34.9561,137.7648,714.0,713.85,0.14999999999997726,5a
JA/SO-067,JA/SO-067,35.0035,137.7009,710.0,710.6,0.6000000000000227,5a
JA/SO-068,Hamaishidake,35.1201,138.53349,707.0,706.22,0.7799999999999727,5a
JA/SO-069,Kasabutayama,34.8173,138.7943,703.0,701.82,1.17999999999995,5a
JA/SO-070,Bodaisan,34.9415,138.1602,691.0,690.19,0.8099999999999454,5a
JA/SO-071,Kasahariyama,34.9539,138.183,690.0,688.23,1.7699999999999818,5a
JA/SO-072,Yumiharisan,34.9329,137.6508,679.0,678.16,0.8400000000000318,5a
JA/SO-073,Oohira,35.0672,137.8553,679.0,677.9,1.1000000000000227,5a
JA/SO-074,Kyoudukayama,34.8819,138.078,670.0,668.87,1.1299999999999955,5a
JA/SO-075,Takatsukayama,34.9781,137.94591,660.0,654.61,5.389999999999986,5a
JA/SO-076,Shinmeiyama,34.9472,137.7466,658.0,656.08,1.919999999999959,5a
JA/SO-077,Komohariyama,34.9157,137.97771,629.0,611.05,17.950000000000045,5a
JA/SO-078,Tenshiyama (Tensyuyama),34.9279,138.96449,608.0,607.71,0.2899999999999636,5a
JA/SO-079,Basarayama,34.7378,138.8593,608.0,606.76,1.240000000000009,5a
JA/SO-080,Near Oohirayama,35.1446,138.58929,598.0,594.9,3.1000000000000227,5a
JA/SO-081,Dakeyama,34.8577,138.0679,585.0,584.27,0.7300000000000182,5a
JA/SO-082,Oomuroyama,34.9031,139.0946,580.0,579.65,0.35000000000002274,5a
JA/SO-083,JA/SO-083,34.8973,137.92081,580.0,570.52,9.480000000000018,5a
JA/SO-084,Kannonyama,34.9,137.74451,575.0,572.99,2.009999999999991,5a
JA/SO-085,JA/SO-085,35.0047,138.2583,570.0,571.98,1.9800000000000182,5a
JA/SO-086,Takayama,34.8938,138.1299,569.0,567.38,1.6200000000000045,5a
JA/SO-087,Shiratoriyama,35.2077,138.5331,567.0,567.17,0.16999999999995907,5a
JA/SO-088,Uchiboson5,35.1614,138.5538,564.0,554.53,9.470000000000027,5a
JA/SO-089,Tonmakuyama,34.8496,137.5872,563.0,563.07,0.07000000000005002,5a
JA/SO-090,Dairabou,34.9922,138.27251,561.0,560.3,0.7000000000000455,5a
JA/SO-091,JA/SO-091,34.927,137.85831,552.0,542.2,9.799999999999955,5a
JA/SO-092,Mabuishi,34.7035,138.85519,545.0,543.15,1.8500000000000227,5a
JA/SO-093,Daisyouyama,34.7966,138.81709,545.0,544.67,0.3300000000000409,5a
JA/SO-094,JA/SO-094,35.0598,137.74541,544.0,539.24,4.759999999999991,5a
JA/SO-095,Kurasawayama,34.7134,138.7832,520.0,518.74,1.259999999999991,5a
JA/SO-096,Sengenyama,34.8813,137.6241,519.0,516.22,2.7799999999999727,5a
JA/SO-097,Takatoriyama,34.707,138.75191,519.0,517.58,1.419999999999959,5a
JA/SO-098,Oowadamura,34.8642,138.0052,508.0,507.29,0.7099999999999795,5a
JA/SO-099,Takaneyama,35.093,138.5034,504.0,502.18,1.8199999999999932,5a
JA/SO-100,Takakusayama,34.9053,138.31931,503.0,502.56,0.4399999999999977,5a
JA/SO-101,Chibasan,34.8924,138.15891,496.0,479.18,16.819999999999993,5a
JA/SO-102,Tadamasawayama,35.0173,138.298,494.0,493.23,0.7699999999999818,5a
JA/SO-103,Uzutanimura,34.9532,138.30099,482.0,480.83,1.170000000000016,5a
JA/SO-104,Manganhou,34.9227,138.3262,470.0,468.17,1.829999999999984,5a
JA/SO-105,Mitakeyama,34.8528,137.69099,467.0,466.7,0.30000000000001137,5a
JA/SO-106,Hiraoyama,34.8268,137.49789,464.0,462.36,1.6399999999999864,5a
JA/SO-107,Yatsuyama,34.7457,138.9592,459.0,458.92,0.07999999999998408,5a
JA/SO-108,Katsuragiyama,35.0118,138.9203,452.0,451.39,0.6100000000000136,5a
JA/SO-109,Near Kawashimo,34.9469,137.87289,450.0,440.03,9.970000000000027,5a
JA/SO-110,Hatorimura,35.0062,138.3387,435.0,434.71,0.29000000000002046,5a
JA/SO-111,Jyougamine,34.8228,137.6087,433.0,426.58,6.420000000000016,5a
JA/SO-112,Kiriyama,34.8777,137.69141,430.0,427.92,2.079999999999984,5a
JA/SO-113,Kanayama,34.8474,137.54691,424.0,423.2,0.8000000000000114,5a
JA/SO-114,Eboshigatayama,34.9114,138.2128,393.0,390.58,2.420000000000016,5a
JA/SO-115,Washizusan,35.0594,138.89391,392.0,393.38,1.3799999999999955,5a
JA/SO-116,Bontenyama,34.962,138.34081,370.0,374.86,4.860000000000014,5a
JA/SO-117,Ryugashisan,34.8495,137.6548,360.0,359.21,0.7900000000000205,5a
JA/SO-118,Takanesan,34.7027,138.9552,344.0,341.44,2.5600000000000023,5a
JA/SO-119,JA/SO-119,34.6351,138.838,309.0,304.23,4.769999999999982,5a
JA/SO-120,Udoyama,34.9731,138.4697,307.0,306.47,0.5299999999999727,5a
JA/SO-121,Imayama,34.819,138.75909,303.0,301.92,1.079999999999984,5a
JA/SO-122,Oozutsumiyama,35.0361,138.9122,273.0,273.41,0.410000000000025,5a
JA/SO-123,Oosawadake,35.4494,138.1203,2820.0,2805.6,14.400000000000091,5a
JA/SO-124,Near Kakamoryama,35.3472,138.06129,2430.0,2429.25,0.75,5a
JA/SO-125,JA/SO-125,35.3837,138.1745,2423.0,2422.75,0.25,5a
JA/SO-126,Aonagiyama,35.3698,138.2287,2406.0,2406.18,0.1799999999998363,5a
JA/SO-127,Gachiyama,35.2849,138.04269,2149.0,2148.14,0.8600000000001273,5a
JA/SO-128,Kudarijyumai,35.2435,138.3858,1732.0,1731.47,0.5299999999999727,5a
JA/SO-129,Near Hagetouge,35.2407,138.21741,1712.0,1719.91,7.910000000000082,5a
JA/SO-130,Torimoriyama,35.4205,138.20711,1571.0,1570.11,0.8900000000001,5a
JA/SO-131,Hachonodan,35.1374,138.0573,1562.0,1560.95,1.0499999999999545,5a
JA/SO-132,Kyomaruyama,35.096,137.9659,1469.0,1469.23,0.2300000000000182,5a
JA/SO-133,Jyokoujiyama,35.1581,137.9146,1438.0,1437.91,0.08999999999991815,5a
JA/SO-134,Mitsumori,35.1059,137.9425,1436.0,1436.25,0.25,5a
JA/SO-135,Sawaguchiyama,35.1564,138.1075,1425.0,1424.67,0.32999999999992724,5a
JA/SO-136,Near Oofudayama,35.1051,138.05901,1380.0,1378.57,1.4300000000000637,5a
JA/SO-137,Aonagi,35.2017,137.9061,1169.0,1169.17,0.17000000000007276,5a
JA/SO-138,JA/SO-138,35.0918,138.28979,1036.0,1028.47,7.529999999999973,5a
JA/SO-139,Konnoyama,34.8845,138.8403,933.0,932.54,0.4600000000000364,5a
JA/SO-140,Yadakeyama,35.1212,137.8139,926.0,926.8,0.7999999999999545,5a
JA/SO-141,Hasakayama,34.9909,137.8157,775.0,774.01,0.9900000000000091,5a
JA/SO-142,Kokawachimura1,35.1459,138.506,618.0,618.0,0.0,5a
JA/SO-143,Near oobirayama,34.9717,139.0602,592.0,585.55,6.4500000000000455,5a
JA/SO-144,Kawachimura3,35.1309,138.4254,563.0,562.54,0.4600000000000364,5a
JA/SO-145,Sanmaruyama,34.928,137.92461,548.0,540.4,7.600000000000023,5a
JA/SO-146,Sengenyama,35.08,137.8479,540.0,541.15,1.1499999999999773,5a
JA/SO-147,JA/SO-147,35.1293,138.4894,531.0,532.24,1.240000000000009,5a
JA/SO-148,JA/SO-148,35.1379,138.14999,520.0,527.97,7.970000000000027,5a
JA/SO-149,Shigehatamura,35.0919,138.4799,415.0,414.58,0.4200000000000159,5a
JA/SO-150,JA/SO-150,34.9245,137.8233,399.0,398.8,0.19999999999998863,5a
JA/SO-151,Iwachimura,34.7321,138.76961,358.0,357.79,0.20999999999997954,5a
JA/SO-152,Ichinosemura,34.6773,138.8103,352.0,352.04,0.040000000000020464,5a
JA/SO-153,Komuroyama,34.9396,139.13139,321.0,321.19,0.18999999999999773,5a
JA/SO-154,JA/SO-154,34.7333,138.00549,265.0,263.07,1.9300000000000068,5a
JA/SO-155,Kyozukayama,34.8858,138.22279,245.0,244.14,0.8600000000000136,5a
JA/SO-156,Otokoyama,35.0464,138.9258,207.0,198.04,8.960000000000008,5a
JA/SO-157,Ushioyama,34.8965,138.2679,204.0,200.42,3.5800000000000125,5a
JA/SO-158,Kisaneyama,34.6553,138.8976,200.0,200.21,0.21000000000000796,5a
JA/SO-159,Kanukiyama,35.0923,138.87759,193.0,188.88,4.1200000000000045,5a
JA/SO-160,Koumoridake,35.5569,138.20731,2865.0,2863.94,1.0599999999999454,5a
JA/SO-161,Yahazuyama,34.8948,139.0573,816.0,811.69,4.309999999999945,5a
JA/SO-162,Tenreizan,34.7372,138.99001,350.0,349.23,0.7699999999999818,5a
JA/SO-163,Ainoyama,34.6735,138.9267,253.0,252.15,0.8499999999999943,5a
JA/ST-001,Sanpouzan,35.9176,138.72771,2483.0,2481.34,1.6599999999998545,5a
JA/ST-002,Ryoukamisan,36.0234,138.84129,1723.0,1721.84,1.1600000000000819,5a
JA/ST-003,JA/ST-003,36.0168,138.74921,1659.0,1660.67,1.6700000000000728,5a
JA/ST-004,Bukousan,35.9516,139.0976,1304.0,1292.18,11.819999999999936,5a
JA/ST-005,Oomochiyama,35.9285,139.10049,1294.0,1292.3,1.7000000000000455,5a
JA/ST-006,Futagoyama,36.0696,138.86369,1166.0,1154.4,11.599999999999909,5a
JA/ST-007,Ootsuka(Nagakubonoatama),36.0916,138.9124,1066.0,1065.14,0.8599999999999,5a
JA/ST-008,Takegawadake,35.9369,139.1302,1052.0,1051.56,0.44000000000005457,5a
JA/ST-009,Jominesan,36.0976,139.00771,1038.0,1036.68,1.3199999999999363,5a
JA/ST-010,Shiroishiyama,36.0494,138.91701,997.0,992.35,4.649999999999977,5a
JA/ST-011,Takenokayayama,36.1019,138.9505,978.0,975.22,2.7799999999999727,5a
JA/ST-012,Maruyama,35.9886,139.15961,960.0,960.1,0.10000000000002274,5a
JA/ST-013,Izugatake,35.9269,139.16071,851.0,849.05,1.9500000000000455,5a
JA/ST-014,Oogiriyama,36.0345,139.1562,767.0,764.75,2.25,5a
JA/ST-015,Atagoyama (Nenogongen),35.9071,139.1852,660.0,653.52,6.480000000000018,5a
JA/ST-016,Shibaharayama,35.9761,138.9931,644.0,644.76,0.7599999999999909,5a
JA/ST-017,Minoyama,36.0578,139.1127,590.0,582.98,7.019999999999982,5a
JA/ST-018,Fudousan,36.1378,139.0955,549.0,546.85,2.1499999999999773,10b
JA/ST-019,Hodosan,36.0931,139.09151,497.0,495.65,1.3500000000000227,5a
JA/ST-020,Raidenyama,36.017,139.25,418.0,418.02,0.01999999999998181,5a
JA/ST-021,Sengenyama,36.0417,139.2711,299.0,298.53,0.4700000000000273,5a
JA/ST-022,Ryuubamiyama,35.8549,138.8723,2012.0,2010.59,1.4100000000000819,5a
JA/ST-023,Akazawayama,35.9606,138.77451,1819.0,1815.4,3.599999999999909,5a
JA/ST-024,Kannonyama,36.044,138.9566,698.0,695.81,2.1900000000000546,5a
JA/ST-026,Tenguyama,36.07385,139.0432,657.0,657.62,0.6200000000000045,5a
JA/TG-001,Shiranesan,36.7986,139.3759,2578.0,2569.87,8.13000000000011,5a
JA/TG-002,Nantaisan,36.7651,139.4908,2486.0,2484.64,1.3600000000001273,5a
JA/TG-003,Nyohousan,36.8115,139.5365,2483.0,2480.3,2.699999999999818,5a
JA/TG-004,Suzugatake,36.7736,139.353,2388.0,2385.99,2.0100000000002183,5a
JA/TG-005,Nyohousan (Oomanagosan),36.7953,139.5071,2375.0,2372.65,2.349999999999909,5a
JA/TG-006,Tarousan,36.8179,139.4828,2368.0,2366.81,1.1900000000000546,5a
JA/TG-007,Yusengatake,36.8245,139.40379,2333.0,2331.29,1.7100000000000364,5a
JA/TG-008,Kuroiwayama,36.9087,139.39349,2163.0,2150.22,12.7800000000002,5a
JA/TG-009,Sukaisan,36.6899,139.33701,2144.0,2141.49,2.5100000000002183,5a
JA/TG-010,Daikuratakayama,36.945,139.44099,2067.0,2065.67,1.3299999999999272,5a
JA/TG-011,Taishakuzan,36.9698,139.46001,2060.0,2058.37,1.6300000000001091,5a
JA/TG-012,Mitsumatayama,36.7246,139.3669,1980.0,1979.39,0.6099999999999,5a
JA/TG-013,Kurobidake,36.7243,139.4117,1976.0,1966.67,9.329999999999927,5a
JA/TG-014,Mitake,36.8112,139.44,1945.0,1943.79,1.2100000000000364,5a
JA/TG-015,Sanbonyaridake,37.1502,139.9613,1917.0,1914.56,2.4400000000000546,5a
JA/TG-016,Nasudake (Chausudake),37.1248,139.9631,1915.0,1911.91,3.089999999999918,5a
JA/TG-017,Oosabiyama,37.0635,139.8445,1908.0,1906.49,1.509999999999991,5a
JA/TG-018,Hirugatake,37.0388,139.79289,1849.0,1840.89,8.1099999999999,5a
JA/TG-019,Takaharayama (Shakagadake),36.9,139.7767,1795.0,1793.81,1.1900000000000546,5a
JA/TG-020,Hangetsusan,36.7107,139.4758,1753.0,1749.7,3.2999999999999545,5a
JA/TG-021,JA/TG-021,36.9274,139.7876,1700.0,1699.75,0.25,5a
JA/TG-022,Takayama,36.7604,139.4304,1668.0,1667.41,0.5899999999999181,5a
JA/TG-023,Myoujingatake,36.9294,139.5999,1595.0,1592.61,2.3900000000001,5a
JA/TG-024,Arakaizan (Taroudake),37.036,139.6438,1581.0,1577.8,3.2000000000000455,5a
JA/TG-025,Yuuhidake,36.6898,139.533,1526.0,1523.37,2.630000000000109,5a
JA/TG-026,Utsumidake(Uemidake),37.1179,139.81599,1501.0,1499.11,1.8900000000001,5a
JA/TG-027,Kenzaki,37.1129,139.84019,1487.0,1486.71,0.2899999999999636,5a
JA/TG-028,JA/TG-028,37.0241,139.7556,1463.0,1457.49,5.509999999999991,5a
JA/TG-029,Takakurayamahonpou,36.9197,139.5766,1460.0,1443.77,16.230000000000018,5a
JA/TG-030,Gakeyu,37.0148,139.5817,1399.0,1393.98,5.019999999999982,5a
JA/TG-031,Yatarouyama,36.995,139.83211,1392.0,1390.66,1.3399999999999181,5a
JA/TG-032,Housaisan,36.6312,139.50841,1388.0,1390.25,2.25,5a
JA/TG-033,Mochimaruyama,36.9731,139.6423,1366.0,1365.04,0.9600000000000364,5a
JA/TG-034,Shibakusayama,37.0205,139.6797,1342.0,1340.63,1.3699999999998909,5a
JA/TG-035,Meotoyama,36.8572,139.64059,1342.0,1341.4,0.599999999999909,5a
JA/TG-036,Miyoriyama,36.986,139.72881,1305.0,1304.25,0.75,5a
JA/TG-037,Oozasayama,36.8527,139.6187,1297.0,1295.82,1.1800000000000637,5a
JA/TG-038,Gassan,36.8459,139.65939,1287.0,1282.53,4.470000000000027,5a
JA/TG-039,Ookidoyama,36.7119,139.5545,1287.0,1285.32,1.6800000000000637,5a
JA/TG-040,Bizentateyama,36.6558,139.4272,1272.0,1270.5,1.5,5a
JA/TG-041,Tazou,36.923,139.64529,1220.0,1218.9,1.099999999999909,5a
JA/TG-042,Ooami,36.9829,139.8553,1213.0,1210.74,2.259999999999991,5a
JA/TG-043,Nemotoyama,36.5497,139.451,1199.0,1195.36,3.6400000000001,5a
JA/TG-044,Toriya,36.9034,139.66051,1178.0,1175.0,3.0,5a
JA/TG-045,Daihyuugasan,36.8724,139.6611,1177.0,1174.57,2.4300000000000637,5a
JA/TG-046,Koyasudo,36.83,139.6331,1134.0,1132.71,1.2899999999999636,5a
JA/TG-047,Katsurousan,36.9211,139.67529,1124.0,1123.15,0.849999999999909,5a
JA/TG-048,Nakimushiyama,36.7304,139.59641,1104.0,1102.23,1.7699999999999818,5a
JA/TG-049,JA/TG-049,36.7025,139.5741,1101.0,1091.61,9.3900000000001,5a
JA/TG-050,Near Keimeizan,36.6813,139.6441,970.0,963.8,6.2000000000000455,5a
JA/TG-051,Oozasa,36.8332,139.6929,964.0,963.23,0.7699999999999818,5a
JA/TG-052,Odeyama,36.5551,139.52029,933.0,931.32,1.67999999999995,5a
JA/TG-053,JA/TG-053,36.7194,139.61681,892.0,882.68,9.32000000000005,5a
JA/TG-054,Kamiterashima,36.8393,139.7934,892.0,891.04,0.9600000000000364,5a
JA/TG-055,Ootoyasan(Ooshio),36.6247,139.5947,811.0,811.19,0.19000000000005457,5a
JA/TG-056,Sasamekurayama,36.6561,139.6412,800.0,792.37,7.6299999999999955,5a
JA/TG-058,Yagurasan,36.5575,139.5448,747.0,746.91,0.09000000000003183,5a
JA/TG-059,Nakimushiyama,36.6117,139.6239,725.0,721.94,3.0599999999999454,5a
JA/TG-060,Takenoyama,36.4875,139.5126,704.0,698.75,5.25,5a
JA/TG-061,Hanantoyama,36.5518,139.5936,672.0,671.29,0.7100000000000364,5a
JA/TG-062,Niwatoridake,36.798,139.7637,668.0,666.86,1.1399999999999864,5a
JA/TG-063,Senningatake,36.4367,139.40089,663.0,662.41,0.5900000000000318,5a
JA/TG-064,Mitsuminesan,36.4612,139.62109,605.0,604.9,0.10000000000002274,5a
JA/TG-065,Yagurasan,36.4862,139.64281,599.0,599.6,0.6000000000000227,5a
JA/TG-066,Near Matsutake,36.7897,139.82401,599.0,595.99,3.009999999999991,5a
JA/TG-067,Kogashiyama,36.6217,139.7715,583.0,581.74,1.259999999999991,5a
JA/TG-068,Futamatayama,36.584,139.6825,570.0,567.3,2.7000000000000455,5a
JA/TG-069,Motoyama,36.6892,139.8354,562.0,560.01,1.990000000000009,5a
JA/TG-070,Kamadokurayama,36.6083,139.6871,557.0,556.42,0.5800000000000409,5a
JA/TG-071,Amamakisan,36.4172,140.14281,533.0,532.23,0.7699999999999818,5a
JA/TG-072,Shinkouzan,36.4085,139.4127,506.0,503.09,2.910000000000025,5a
JA/TG-073,Takakurayama,36.8047,140.1958,502.0,501.03,0.9700000000000273,5a
JA/TG-074,Kurakakesan,36.6407,139.7899,492.0,492.19,0.18999999999999773,5a
JA/TG-075,Sekisonsan,36.7564,139.8362,481.0,479.44,1.5600000000000023,5a
JA/TG-076,Tugeshiyama,36.6175,139.7168,473.0,472.36,0.6399999999999864,5a
JA/TG-077,Hagurosan,36.7083,139.8806,470.0,461.05,8.949999999999989,5a
JA/TG-078,Houraisan,36.4459,139.6317,467.0,456.9,10.100000000000023,5a
JA/TG-079,Shiroyama,36.6705,139.72771,443.0,443.05,0.05000000000001137,5a
JA/TG-080,Gyoudouzan,36.3775,139.4373,443.0,438.06,4.939999999999998,5a
JA/TG-081,JA/TG-081,36.4103,139.457,438.0,434.18,3.819999999999993,5a
JA/TG-082,Teruishisan,36.3603,139.6754,419.0,417.64,1.3600000000000136,5a
JA/TG-083,JA/TG-083,36.4092,139.6425,390.0,380.81,9.189999999999998,5a
JA/TG-084,Komanakosan,36.8073,139.51089,2323.0,2321.98,1.0199999999999818,5a
JA/TG-085,Sannouboushisan,36.818,139.463,2077.0,2075.82,1.1799999999998363,5a
JA/TG-086,Orokurayama,36.827,139.44769,2020.0,2018.64,1.3599999999999,5a
JA/TG-087,Kesamaruyama,36.6494,139.3275,1961.0,1963.68,2.6800000000000637,5a
JA/TG-088,Kumanosawayama,36.8446,139.4767,1798.0,1797.38,0.6199999999998909,5a
JA/TG-089,Chojyadake,37.0313,139.8253,1640.0,1638.89,1.1099999999999,5a
JA/TG-090,Nishibotchi,37.1101,139.91879,1410.0,1407.57,2.4300000000000637,5a
JA/TG-091,Horanokai,37.084,139.8746,1407.0,1407.6,0.599999999999909,5a
JA/TG-092,JA/TG-092,37.1075,139.88721,1357.0,1355.59,1.4100000000000819,5a
JA/TG-093,Hinatakurayama,37.0037,139.64841,1342.0,1340.89,1.1099999999999,5a
JA/TG-094,Jizoudake,36.6088,139.4653,1274.0,1273.82,0.18000000000006366,5a
JA/TG-095,Hizurayama,37.0083,139.7923,1201.0,1193.49,7.509999999999991,5a
JA/TG-096,Fujiyama,36.9533,139.7886,1184.0,1183.1,0.900000000000091,5a
JA/TG-097,Wakamiyama,37.0012,139.7739,1126.0,1120.95,5.0499999999999545,5a
JA/TG-098,Tokuriyama,36.9821,139.6089,1107.0,1106.3,0.7000000000000455,5a
JA/TG-099,Ootakiyama,36.6234,139.55321,1070.0,1067.93,2.0699999999999363,5a
JA/TG-100,Nimaibashi,36.8739,139.7132,951.0,950.07,0.92999999999995,5a
JA/TG-101,Kasamatsu,36.8469,139.75639,903.0,900.37,2.6299999999999955,5a
JA/TG-102,Gassan,36.6009,139.5804,890.0,899.98,9.980000000000018,5a
JA/TG-103,JA/TG-103,36.823,139.7496,770.0,769.31,0.6900000000000546,5a
JA/TG-104,Takayasan,36.526,139.5743,602.0,600.96,1.0399999999999636,5a
JA/TG-105,Bisyamonyama,36.753,139.69009,586.0,584.56,1.4400000000000546,5a
JA/TG-106,Tokanoyama,36.4827,139.55321,530.0,535.11,5.110000000000014,5a
JA/TG-107,Koteyasan,36.8462,140.1622,512.0,511.95,0.05000000000001137,5a
JA/TG-108,Hanzouyama,36.6572,139.81779,502.0,501.66,0.339999999999975,5a
JA/TG-109,Toramiyama,36.6918,139.7858,445.0,444.91,0.08999999999997499,5a
JA/TG-110,Tagesan,36.6051,139.8038,376.0,374.61,1.3899999999999864,5a
JA/TG-111,Sannousan,36.3874,139.5034,363.0,360.24,2.759999999999991,5a
JA/TG-112,Ishiyama,36.7634,140.21021,350.0,351.08,1.079999999999984,5a
JA/TG-113,Suwadake,36.3741,139.6174,324.0,322.53,1.4700000000000273,5a
JA/TG-114,Mikamoyama(Seiryugatake),36.316,139.6292,229.0,227.11,1.8899999999999864,5a
JA/TG-115,Takaseyama,36.9554,139.66541,1277.0,1275.74,1.259999999999991,5a
JA/TG-116,JA/TG-116,36.664,139.58791,954.0,957.96,3.9600000000000364,5a
JA/TG-117,Tenkyuyama(Tenkiyama),36.6347,139.6429,786.0,786.06,0.05999999999994543,5a
JA/TG-118,Takousan,36.4547,139.44411,608.0,606.95,1.0499999999999545,5a
JA/TG-119,Oosawayama,36.5347,139.70821,328.0,326.54,1.4599999999999795,5a
JA/TG-120,Daisyouyama(Myougisan),36.3335,139.51711,314.0,310.28,3.7200000000000273,5a
JA/TK-001,Kumotoriyama,35.8555,138.9438,2017.0,2013.37,3.630000000000109,5a
JA/TK-002,Imokinodokke,35.8741,138.9543,1946.0,1945.45,0.5499999999999545,5a
JA/TK-003,Takanosuyama,35.8299,139.0123,1737.0,1735.72,1.2799999999999727,5a
JA/TK-004,Toridaniyama,35.8971,139.01019,1718.0,1715.81,2.1900000000000546,5a
JA/TK-005,Mitousan,35.739,139.0137,1531.0,1523.99,7.009999999999991,5a
JA/TK-006,Gozenyama,35.7701,139.0807,1405.0,1403.9,1.099999999999909,5a
JA/TK-007,Oodakesan,35.7652,139.1304,1267.0,1265.77,1.2300000000000182,5a
JA/TK-008,Honitayama,35.83,139.1019,1225.0,1222.58,2.4200000000000728,5a
JA/TK-009,South Iwo Jima,24.2339,141.46359,916.0,913.26,2.740000000000009,10b
JA/TK-010,Nishiyama  (Hachijoufuji),33.137,139.7661,854.0,851.32,2.67999999999995,5a
JA/TK-011,Oyama,33.8744,139.60181,851.0,846.22,4.779999999999973,5a
JA/TK-012,Usugiyama,35.7065,139.16541,842.0,841.33,0.6699999999999591,5a
JA/TK-013,Sakakigamine  (North Iwo Jima),25.4277,141.2812,792.0,789.83,2.169999999999959,10b
JA/TK-014,Oyama,34.0935,139.526,775.0,722.74,52.25999999999999,5a
JA/TK-015,Miharashinsan,34.7244,139.3945,758.0,755.6,2.3999999999999773,5a
JA/TK-016,Miharayama,33.0921,139.81219,701.0,699.44,1.5599999999999454,5a
JA/TK-017,Taiheizan,33.1256,139.68829,617.0,615.54,1.4600000000000364,5a
JA/TK-018,Tenjosan,34.2195,139.1532,572.0,571.02,0.9800000000000182,5a
JA/TK-019,Miyatsukayama,34.5204,139.2793,508.0,506.64,1.3600000000000136,5a
JA/TK-020,Chibusayama,26.6596,142.1615,463.0,450.63,12.370000000000005,10b
JA/TK-021,Miyatsukayama(Niijima),34.3969,139.2702,432.0,421.66,10.339999999999975,5a
JA/TK-022,Otonbu,32.4585,139.75929,423.0,419.95,3.0500000000000114,5a
JA/TK-023,Iozan,30.4838,140.30299,394.0,391.6,2.3999999999999773,10b
JA/TK-024,Chuouzan  (Chichijima),27.0733,142.2187,320.0,314.66,5.339999999999975,10b
JA/TK-025,Omine,34.3496,139.2693,301.0,297.47,3.5299999999999727,5a
JA/TK-026,Mikaeyama,27.1124,142.2131,254.0,249.65,4.349999999999994,10b
JA/TK-027,Sokuryougatake,27.1566,142.1902,235.0,226.97,8.030000000000001,10b
JA/TK-028,Imotojima,26.5587,142.2092,216.0,212.83,3.1699999999999875,10b
JA/TK-029,Udoneshima,34.4728,139.2937,209.0,206.54,2.460000000000008,5a
JA/TK-030,(Ogasawara Is.),27.0988,142.188,204.0,201.75,2.25,10b
JA/TK-031,Suribachiyama (Paipuyama),24.7505,141.2892,169.0,168.27,0.7299999999999898,10b
JA/TK-032,Tensosan,35.8645,138.9899,1723.0,1723.38,0.38000000000010914,5a
JA/TK-033,Kawanoriyama,35.8508,139.1069,1363.0,1362.82,0.18000000000006366,5a
JA/TK-034,Toyama,35.7424,139.03481,1302.0,1298.0,4.0,5a
JA/TK-035,Raidenyama,35.8155,139.21519,494.0,493.62,0.37999999999999545,5a
JA/TK-036,Niijimayama,34.4167,139.28371,231.0,225.33,5.6699999999999875,5a
JA/TK-037,Hikagehondayama,35.7125,139.1906,629.0,624.97,4.029999999999973,5a
JA/TT-001,Daisen (Kengamine),35.3712,133.5463,1729.0,1729.06,0.05999999999994543,5a
JA/TT-002,Tousen,35.2923,134.383,1388.0,1387.5,0.5,5a
JA/TT-003,Yahazugasen,35.3867,133.5809,1358.0,1357.16,0.8399999999999181,5a
JA/TT-004,Okinoyama,35.2481,134.3568,1318.0,1316.31,1.6900000000000546,5a
JA/TT-005,Ouginosen,35.4398,134.4409,1310.0,1309.42,0.5799999999999272,5a
JA/TT-006,Kuramasu,35.2597,134.4355,1282.0,1282.22,0.22000000000002728,5a
JA/TT-007,Mikunigasen Hokurei,35.357,134.0195,1252.0,1251.22,0.7799999999999727,5a
JA/TT-008,Jinpachiyama,35.3754,134.4577,1207.0,1204.21,2.7899999999999636,5a
JA/TT-009,Takahachiyama,35.3603,134.0511,1203.0,1201.7,1.2999999999999545,10b
JA/TT-010,Inazumiyama,35.1035,133.228,1143.0,1141.54,1.4600000000000364,5a
JA/TT-011,Sentsuuzan,35.1559,133.1786,1142.0,1141.97,0.029999999999972715,5a
JA/TT-012,Ookurayama,35.1337,133.35519,1112.0,1111.62,0.38000000000010914,5a
JA/TT-013,Madoyama,35.1168,133.1624,1076.0,1075.21,0.7899999999999636,5a
JA/TT-014,Kirinzan,35.132,133.2805,1031.0,1029.88,1.1199999999998909,5a
JA/TT-015,Houbutsuzan,35.2298,133.47009,1005.0,1005.65,0.6499999999999773,5a
JA/TT-016,Mikuniyama,35.0737,133.1366,1004.0,1002.05,1.9500000000000455,5a
JA/TT-017,Amagoyama,35.3919,133.9888,990.0,987.8,2.2000000000000455,5a
JA/TT-018,Honomisen,35.2392,134.26669,976.0,975.39,0.6100000000000136,5a
JA/TT-019,Jubouzan,35.4223,134.0443,921.0,920.08,0.9199999999999591,5a
JA/TT-020,Kagoyama,35.2794,134.18919,905.0,904.22,0.7799999999999727,5a
JA/TT-021,Kijiyama,35.3277,133.8886,875.0,867.96,7.039999999999964,5a
JA/TT-022,Hitamura,35.2273,133.17239,847.0,847.12,0.12000000000000455,5a
JA/TT-023,Oosato,35.1304,133.19949,828.0,825.94,2.0599999999999454,5a
JA/TT-024,Fukuchi,35.4172,134.3602,801.0,799.31,1.6900000000000546,5a
JA/TT-025,Kaijyosantenboudai,35.2788,134.2612,790.0,797.45,7.4500000000000455,5a
JA/TT-026,Kofujiyama,35.4223,133.9727,769.0,768.13,0.8700000000000045,5a
JA/TT-027,Furutougeyama,35.2707,133.4446,767.0,766.03,0.9700000000000273,5a
JA/TT-028,Koreizan,35.4377,133.47929,751.0,750.4,0.6000000000000227,5a
JA/TT-029,Akinawa,35.2043,133.4594,750.0,750.25,0.25,5a
JA/TT-030,Senzokusan,35.3143,134.2182,743.0,745.44,2.4400000000000546,5a
JA/TT-032,JA/TT-032,35.24,133.3997,728.0,725.36,2.6399999999999864,5a
JA/TT-033,Kurosakamura,35.2194,133.3602,715.0,713.7,1.2999999999999545,5a
JA/TT-034,Takairiyama,35.2582,133.2731,706.0,705.47,0.5299999999999727,5a
JA/TT-036,Oogayasan,35.4918,134.3732,664.0,663.66,0.34000000000003183,5a
JA/TT-037,Rokuroudani,35.3895,134.3407,660.0,658.68,1.32000000000005,5a
JA/TT-038,Nabeyama,35.4258,133.48779,604.0,603.13,0.8700000000000045,5a
JA/TT-039,Matano,35.2697,133.4976,551.0,548.39,2.6100000000000136,5a
JA/TT-040,JA/TT-040,35.4779,134.35049,535.0,534.22,0.7799999999999727,5a
JA/TT-041,Bessyo,35.4286,133.90891,518.0,517.58,0.4199999999999591,5a
JA/TT-042,Hachibuseyama,35.456,133.948,514.0,511.79,2.2099999999999795,5a
JA/TT-043,Matsukami,35.4202,134.1225,507.0,506.85,0.14999999999997726,5a
JA/TT-044,Higashinagatamura,35.3083,133.3808,480.0,479.5,0.5,5a
JA/TT-045,JA/TT-045,35.3468,134.1851,400.0,394.92,5.079999999999984,5a
JA/TT-046,Tateiwayama,35.5447,134.3069,394.0,392.74,1.259999999999991,5a
JA/TT-047,Manisan,35.5325,134.2701,357.0,354.61,2.3899999999999864,5a
JA/TT-048,Sorayama,35.4285,134.2428,340.0,339.53,0.4700000000000273,5a
JA/TT-049,Yougaisan,35.3548,133.3483,332.0,331.16,0.839999999999975,5a
JA/TT-050,Shichiyama,35.567,134.2827,314.0,311.0,3.0,5a
JA/TT-051,Yougaisan,35.3819,133.3194,281.0,280.78,0.22000000000002728,10b
JA/TT-052,Karasugasen,35.3558,133.5704,1448.0,1447.11,0.8900000000001,5a
JA/TT-053,Wakasugiyama,35.2817,133.8376,1021.0,1019.77,1.2300000000000182,5a
JA/TT-054,Dakedan,35.3983,134.3756,818.0,817.28,0.7200000000000273,5a
JA/TT-055,Nodayama,35.1501,133.2334,811.0,809.68,1.32000000000005,5a
JA/TT-056,Kamishiroyama,35.2449,133.37489,734.0,731.99,2.009999999999991,5a
JA/TT-057,JA/TT-057,35.3338,133.81979,705.0,706.89,1.8899999999999864,5a
JA/TT-058,JA/TT-058,35.2557,133.3224,674.0,672.79,1.2100000000000364,5a
JA/TT-059,JA/TT-059,35.2599,133.42461,670.0,666.07,3.92999999999995,5a
JA/TT-060,Arimitsu,35.3039,134.23891,666.0,664.34,1.6599999999999682,5a
JA/TT-061,Oonaruyama,35.329,134.22031,648.0,646.27,1.7300000000000182,5a
JA/TT-062,Sasutoyama,35.3313,133.4577,512.0,511.06,0.9399999999999977,5a
JA/TT-063,Motoyasan,35.5432,134.35699,328.0,326.75,1.25,5a
JA/TT-064,JA/TT-064,35.5261,134.2934,240.0,244.08,4.0800000000000125,5a
JA/TT-065,Kiriyama,35.5859,134.3138,203.0,202.06,0.9399999999999977,5a
JA/TT-066,Ooyama,35.4522,133.82069,198.0,197.32,0.6800000000000068,5a
JA/TT-067,Mikanmuriyama,35.4903,133.9072,186.0,185.87,0.12999999999999545,5a
JA/TT-068,Oohirayama,35.4629,133.86349,191.0,190.82,0.18000000000000682,5a
JA/TY-001,Tateyama Oonanjiyama,36.576,137.6198,3015.0,3007.53,7.4699999999998,5a
JA/TY-002,Tsurugidake,36.6233,137.617,2999.0,2997.02,1.9800000000000182,5a
JA/TY-003,Suishoudake (Kurodake),36.4264,137.6028,2986.0,2983.91,2.0900000000001455,5a
JA/TY-004,Yakushidake,36.4688,137.5448,2926.0,2924.92,1.0799999999999272,5a
JA/TY-005,Ryuuoudake,36.5647,137.60699,2872.0,2863.15,8.849999999999909,5a
JA/TY-006,Asahidake,36.7576,137.7458,2867.0,2857.68,9.320000000000164,5a
JA/TY-007,Harinokidake,36.5381,137.6844,2821.0,2818.32,2.6799999999998363,5a
JA/TY-008,Karamatsudake,36.6872,137.7547,2696.0,2694.03,1.9699999999998,5a
JA/TY-009,Kitanomatadake (Kaminodake),36.421,137.51221,2662.0,2657.14,4.860000000000127,5a
JA/TY-010,Washidake,36.5419,137.58701,2617.0,2609.61,7.389999999999873,5a
JA/TY-011,Okudainichidake,36.5983,137.5808,2611.0,2601.61,9.389999999999873,5a
JA/TY-012,Ecchuuzawadake,36.5151,137.58299,2591.0,2589.69,1.3099999999999454,5a
JA/TY-013,Asahidake,36.8267,137.7299,2418.0,2418.15,0.15000000000009095,5a
JA/TY-014,Kamatanyama,36.6896,137.5858,2415.0,2405.07,9.929999999999836,5a
JA/TY-015,Shirahageyama,36.6503,137.6207,2388.0,2387.44,0.5599999999999454,5a
JA/TY-016,Kurobebetsusan,36.6118,137.6611,2353.0,2349.08,3.9200000000000728,5a
JA/TY-017,Gakiyama,36.6811,137.71851,2128.0,2127.84,0.15999999999985448,5a
JA/TY-018,Kuwasakiyama,36.5399,137.478,2090.0,2087.54,2.4600000000000364,5a
JA/TY-019,Sannabikiyama (Takikurayama),36.7239,137.61121,2029.0,2034.26,5.259999999999991,5a
JA/TY-020,Ecchuukomagatake,36.7519,137.58459,2003.0,2000.78,2.2200000000000273,5a
JA/TY-021,Hyakukanyama,36.7259,137.6777,1970.0,1968.82,1.1800000000000637,5a
JA/TY-022,Oogasayama,36.3205,136.78951,1822.0,1819.77,2.230000000000018,5a
JA/TY-023,Hachibuseyama,36.5146,137.4268,1782.0,1780.94,1.0599999999999454,5a
JA/TY-024,Setodanyama,36.4708,137.40581,1699.0,1698.65,0.34999999999990905,5a
JA/TY-025,Nishikasayama,36.4856,137.3774,1697.0,1696.63,0.36999999999989086,5a
JA/TY-026,Kongoudouzan,36.3789,137.0489,1650.0,1647.63,2.369999999999891,5a
JA/TY-027,Hatsuyukiyama,36.8967,137.6877,1610.0,1614.75,4.75,5a
JA/TY-028,Daimonzan,36.3653,136.8037,1572.0,1569.84,2.160000000000082,10b
JA/TY-029,Mukaibira,36.3505,137.01559,1455.0,1454.82,0.18000000000006366,5a
JA/TY-030,Sarugayama,36.4041,136.84331,1448.0,1445.48,2.519999999999982,5a
JA/TY-031,Ookurayama,36.6904,137.50681,1443.0,1441.96,1.0399999999999636,5a
JA/TY-032,JA/TY-032,36.8316,137.6472,1397.0,1383.5,13.5,5a
JA/TY-033,Hakamakoshiyama,36.4279,136.8727,1165.0,1157.2,7.7999999999999545,5a
JA/TY-034,Takashouzuyama,36.4774,136.9429,1145.0,1139.63,5.369999999999891,5a
JA/TY-035,JA/TY-035,36.4675,137.1958,1128.0,1125.37,2.630000000000109,5a
JA/TY-036,Takanbouyama,36.3636,136.84891,1120.0,1118.45,1.5499999999999545,5a
JA/TY-037,Iritaniyama(Budouhara),36.448,136.9986,1102.0,1101.14,0.8599999999999,5a
JA/TY-038,Takamine,36.4931,137.03909,1071.0,1070.52,0.4800000000000182,5a
JA/TY-039,Nabetokoyama,36.4336,136.8904,1066.0,1065.03,0.9700000000000273,5a
JA/TY-040,Miyobutsuyama,36.4152,136.9511,1031.0,1030.48,0.5199999999999818,5a
JA/TY-041,Takatuboyama,36.417,136.9166,1014.0,1009.74,4.259999999999991,5a
JA/TY-042,Mitsugamine,36.4732,137.058,1012.0,1011.83,0.16999999999995907,5a
JA/TY-043,Daimyoujinnyama(kitamine),36.4819,137.00729,1007.0,1005.23,1.7699999999999818,5a
JA/TY-044,Kuwasaki,36.5412,137.0318,987.0,985.96,1.0399999999999636,5a
JA/TY-045,Nakao,36.4376,136.83389,980.0,980.01,0.009999999999990905,5a
JA/TY-046,Ootaninokashira,36.4834,137.2123,961.0,960.33,0.6699999999999591,5a
JA/TY-047,Iouzen (Okuiouzen),36.5128,136.79601,939.0,938.41,0.5900000000000318,5a
JA/TY-048,Hachimakiyama,36.5194,137.00861,863.0,861.34,1.6599999999999682,5a
JA/TY-049,Muneyama,36.5064,137.04601,854.0,854.81,0.8099999999999454,5a
JA/TY-050,Sodeyama,36.4935,137.0799,852.0,851.37,0.6299999999999955,5a
JA/TY-051,Haridedani,36.5138,137.201,780.0,775.09,4.909999999999968,5a
JA/TY-052,Osanami Gozenyama,36.5413,137.256,754.0,753.46,0.5399999999999636,5a
JA/TY-053,Usunamiyama,36.5177,137.26601,754.0,750.9,3.1000000000000227,5a
JA/TY-054,Matsuneyama,36.6162,136.78349,308.0,307.22,0.7799999999999727,5a
JA/TY-055,Futagamiyama,36.79,137.0153,274.0,270.23,3.769999999999982,5a
JA/TY-056,Ikenotairayama,36.6414,137.6254,2561.0,2558.31,2.6900000000000546,5a
JA/TY-057,Senninyama,36.6387,137.645,2211.0,2213.57,2.5700000000001637,5a
JA/TY-058,Sukenobeyama,36.4975,137.4117,1689.0,1686.53,2.4700000000000273,5a
JA/TY-059,JA/TY-059,36.7578,137.6134,1391.0,1386.27,4.730000000000018,5a
JA/TY-060,Ootsujiyama,36.6024,137.452,1361.0,1357.78,3.2200000000000273,5a
JA/TY-061,Kobusugiyama,36.8011,137.63541,1353.0,1352.85,0.15000000000009095,5a
JA/TY-062,Karahoriyama,36.4462,137.19569,1159.0,1157.95,1.0499999999999545,10b
JA/TY-063,Koshikatayama,36.4354,136.92641,933.0,931.07,1.92999999999995,5a
JA/TY-064,Shirokurayama,36.7028,137.47009,878.0,877.39,0.6100000000000136,5a
JA/TY-065,Koitoyama,36.5385,137.306,780.0,775.81,4.190000000000055,5a
JA/TY-066,Higashikanetsuriyama,36.7402,137.649,759.0,765.51,6.509999999999991,5a
JA/TY-067,Ootaniyama,36.8886,137.5921,558.0,556.22,1.7799999999999727,10b
JA/TY-068,Near Mujinamine,36.5453,137.10159,480.0,479.75,0.25,5a
JA/TY-069,Inabayama,36.7064,136.86971,347.0,345.61,1.3899999999999864,5a
JA/WK-001,Ryuujindake,34.0588,135.5743,1382.0,1380.41,1.5899999999999181,5a
JA/WK-002,Rokusen,33.9967,135.50681,1209.0,1208.12,0.8800000000001091,5a
JA/WK-003,Nishimine,33.9458,135.90781,1123.0,1122.98,0.01999999999998181,5a
JA/WK-004,Ootouzan,33.7269,135.71381,1122.0,1121.18,0.8199999999999363,5a
JA/WK-005,Houshiyama,33.726,135.6653,1121.0,1116.35,4.650000000000091,5a
JA/WK-006,Oomoriyama,33.9066,135.8084,1078.0,1072.76,5.240000000000009,5a
JA/WK-007,Kasatouyama,33.8755,135.56081,1050.0,1048.77,1.2300000000000182,5a
JA/WK-008,Senjyodake,33.8721,135.61771,1027.0,1025.29,1.7100000000000364,5a
JA/WK-009,Susukitouge,34.1908,135.5972,1012.0,1009.85,2.1499999999999773,5a
JA/WK-010,Mitsugataki,34.148,135.5553,972.0,970.83,1.169999999999959,5a
JA/WK-011,Nodakehoushi,33.7799,135.6806,971.0,970.15,0.8500000000000227,5a
JA/WK-012,Tengudake,34.1786,135.5154,968.0,967.62,0.37999999999999545,5a
JA/WK-013,Ookumotoriyama,33.7149,135.86369,966.0,962.75,3.25,5a
JA/WK-014,Shiramayama,34.0158,135.37219,957.0,955.89,1.1100000000000136,5a
JA/WK-015,Kebaraue,34.1505,135.481,950.0,948.84,1.1599999999999682,5a
JA/WK-016,Takaoyama,33.8428,135.6519,944.0,943.04,0.9600000000000364,5a
JA/WK-017,Takaoyama,33.6871,135.6543,942.0,941.68,0.32000000000005,5a
JA/WK-018,JA/WK-018,33.6993,135.89101,937.0,934.16,2.840000000000032,5a
JA/WK-019,Kasatoumine,33.8327,135.6767,929.0,924.14,4.860000000000014,5a
JA/WK-020,Ookamidawasan,33.8172,135.6535,928.0,926.83,1.169999999999959,5a
JA/WK-021,Minamikatsuragisan,34.3572,135.5381,923.0,923.12,0.12000000000000455,5a
JA/WK-022,Nenjyudake,33.9445,135.5405,906.0,902.31,3.6900000000000546,5a
JA/WK-023,Nanakasumiyama,34.2579,135.6745,891.0,890.27,0.7300000000000182,5a
JA/WK-024,Seireisan,33.9362,135.3932,878.0,877.36,0.6399999999999864,5a
JA/WK-025,Akatsuchimoriyama,33.7003,135.623,871.0,870.5,0.5,5a
JA/WK-026,Dounarumiyama,34.1132,135.37469,870.0,869.39,0.6100000000000136,5a
JA/WK-027,Oishigamine,34.1051,135.3342,870.0,869.54,0.4600000000000364,5a
JA/WK-028,Katsuragisan,34.3474,135.4427,866.0,864.9,1.1000000000000227,5a
JA/WK-029,JA/WK-029,33.9095,135.5752,852.0,853.75,1.75,5a
JA/WK-030,Umanose,33.8365,135.60049,825.0,823.35,1.6499999999999773,5a
JA/WK-031,Yahazudake,33.9325,135.35539,811.0,805.36,5.639999999999986,5a
JA/WK-032,Kurotsuchi,33.8564,135.69521,809.0,804.98,4.019999999999982,5a
JA/WK-033,Tokoyama,34.1144,135.4585,800.0,786.63,13.370000000000005,5a
JA/WK-034,Makiyama,33.7856,135.4735,796.0,795.01,0.9900000000000091,5a
JA/WK-035,Ookuboyama,33.9049,135.5464,791.0,791.17,0.16999999999995907,5a
JA/WK-036,Akakuradake,33.7496,135.7491,782.0,781.73,0.2699999999999818,5a
JA/WK-037,Akushirouyama,33.802,135.5683,782.0,781.47,0.5299999999999727,5a
JA/WK-038,Yougaimoriyama,33.8439,135.7023,779.0,773.64,5.360000000000014,5a
JA/WK-039,Ookurabatayama,33.7286,135.793,775.0,772.0,3.0,5a
JA/WK-040,Hikotani,34.1975,135.4677,774.0,773.1,0.8999999999999773,5a
JA/WK-041,Sanrigamine,33.8861,135.38631,772.0,769.82,2.17999999999995,5a
JA/WK-042,Ryuumonzan,34.238,135.4113,756.0,754.92,1.080000000000041,5a
JA/WK-043,Kawamata,33.915,135.3636,752.0,750.12,1.8799999999999955,5a
JA/WK-044,Myouhouzan,33.6597,135.8833,750.0,748.09,1.9099999999999682,5a
JA/WK-045,Mitsuishiyamanishimine,34.357,135.5721,742.0,739.05,2.9500000000000455,5a
JA/WK-046,Fudontonomine,33.7277,135.5591,725.0,724.67,0.3300000000000409,5a
JA/WK-047,Nishinomine,33.7637,135.57291,712.0,709.59,2.409999999999968,5a
JA/WK-048,Mizugaitouzan,33.6764,135.6035,710.0,709.27,0.7300000000000182,5a
JA/WK-049,Kosugiyama,33.9577,135.9614,702.0,701.78,0.22000000000002728,5a
JA/WK-050,Hyougajyoyama,34.0671,135.40669,701.0,698.52,2.480000000000018,5a
JA/WK-051,Naritani,33.7709,135.7867,691.0,688.15,2.8500000000000227,5a
JA/WK-052,Oominejyo,34.0781,135.3354,688.0,687.22,0.7799999999999727,5a
JA/WK-053,Hikarigamine,33.6794,135.91611,686.0,684.91,1.0900000000000318,5a
JA/WK-054,Toyanomori,33.6224,135.632,686.0,684.24,1.759999999999991,5a
JA/WK-057,Tose,33.9852,135.40269,672.0,671.23,0.7699999999999818,5a
JA/WK-058,Takatsuo,34.0026,135.27631,665.0,663.71,1.2899999999999636,5a
JA/WK-059,Kasagiyama,33.6306,135.7399,638.0,637.09,0.9099999999999682,5a
JA/WK-060,Udomariyama,34.0844,135.3773,619.0,617.71,1.2899999999999636,5a
JA/WK-061,Nishigamine,34.0989,135.2688,614.0,613.51,0.4900000000000091,5a
JA/WK-062,Nyohouzan,33.8006,135.82359,610.0,609.66,0.34000000000003183,5a
JA/WK-063,Jyuzendake,33.5913,135.5779,608.0,606.61,1.3899999999999864,5a
JA/WK-064,Takaoyama,33.7758,135.4265,606.0,604.94,1.0599999999999454,5a
JA/WK-065,Zenjinomoriyama,33.5937,135.54691,591.0,590.65,0.35000000000002274,5a
JA/WK-066,Mitsumineyama,34.3296,135.3652,576.0,575.53,0.4700000000000273,5a
JA/WK-067,JA/WK-067,33.7589,135.60471,572.0,568.71,3.2899999999999636,5a
JA/WK-068,Nishinotani,33.7551,135.81039,552.0,551.53,0.4700000000000273,5a
JA/WK-069,Takashio,33.5916,135.7281,550.0,546.89,3.1100000000000136,5a
JA/WK-070,JA/WK-070,33.6674,135.49899,550.0,546.45,3.5499999999999545,5a
JA/WK-071,Mitsuboshiyama,33.791,135.4043,549.0,546.25,2.75,5a
JA/WK-072,Ooyama,33.5393,135.6324,544.0,543.86,0.13999999999998636,5a
JA/WK-073,Senbayama,34.0921,135.20621,542.0,541.31,0.6900000000000546,5a
JA/WK-074,Chizukawa,33.9563,135.18961,530.0,528.32,1.67999999999995,5a
JA/WK-075,Inugajyoyama,33.948,135.3116,522.0,519.9,2.1000000000000227,5a
JA/WK-076,Ookama,33.5624,135.6097,520.0,518.51,1.490000000000009,5a
JA/WK-077,Shiotsuyama,33.6308,135.44791,517.0,515.78,1.2200000000000273,5a
JA/WK-078,Wada,34.2061,135.42039,508.0,503.96,4.0400000000000205,5a
JA/WK-079,Mimaiyama,33.6279,135.49271,491.0,490.55,0.44999999999998863,5a
JA/WK-080,Unzampou,34.3017,135.235,490.0,489.61,0.38999999999998636,5a
JA/WK-081,Wasayama,33.9143,135.2435,489.0,488.17,0.8299999999999841,5a
JA/WK-082,Mioyama,33.8137,135.5072,485.0,484.68,0.3199999999999932,5a
JA/WK-083,Minenoyama,33.5333,135.7066,482.0,481.2,0.8000000000000114,5a
JA/WK-084,Ameyama,34.1834,135.36411,477.0,475.68,1.3199999999999932,5a
JA/WK-085,Kamiyama,33.9444,135.28169,475.0,472.9,2.1000000000000227,5a
JA/WK-086,Karasuyama,34.0643,135.2964,470.0,470.07,0.06999999999999318,5a
JA/WK-087,Tajigoe,33.7489,135.9185,453.0,451.24,1.759999999999991,5a
JA/WK-088,Maeyama,34.0894,135.4142,452.0,450.54,1.4599999999999795,5a
JA/WK-089,JA/WK-089,33.6078,135.4408,450.0,455.44,5.439999999999998,5a
JA/WK-090,JA/WK-090,33.974,135.36819,429.0,426.37,2.6299999999999955,5a
JA/WK-092,Takahatayama,33.8337,135.355,414.0,413.87,0.12999999999999545,5a
JA/WK-093,Koshiroyama,33.984,135.1754,408.0,402.26,5.740000000000009,5a
JA/WK-094,Hiegouriyama,33.552,135.6619,408.0,406.88,1.1200000000000045,5a
JA/WK-095,Yokozato,33.8357,135.3091,387.0,385.52,1.4800000000000182,5a
JA/WK-096,JA/WK-096,34.0495,135.29871,371.0,361.42,9.579999999999984,5a
JA/WK-097,JA/WK-097,33.8338,135.33121,370.0,370.51,0.5099999999999909,5a
JA/WK-098,Near Nishiyama,33.9026,135.1039,338.0,337.49,0.5099999999999909,5a
JA/WK-099,Ochayagotenyama,34.2395,135.3092,279.0,278.76,0.2400000000000091,5a
JA/WK-100,Bentendake,34.2205,135.57249,984.0,981.99,2.009999999999991,5a
JA/WK-101,Takehara,33.9771,135.96201,875.0,873.9,1.1000000000000227,5a
JA/WK-102,Takeyama,33.7649,135.6236,850.0,845.19,4.809999999999945,5a
JA/WK-103,JA/WK-103,33.9272,135.5656,820.0,813.11,6.889999999999986,5a
JA/WK-104,Iimoriyama,34.2437,135.44949,745.0,745.27,0.2699999999999818,5a
JA/WK-105,JA/WK-105,33.7955,135.70039,741.0,735.82,5.17999999999995,5a
JA/WK-106,JA/WK-106,33.791,135.5488,737.0,738.17,1.169999999999959,5a
JA/WK-107,Ootsutsugamine,34.2673,135.5316,683.0,683.44,0.44000000000005457,5a
JA/WK-108,Hoshiyama,34.2511,135.5033,675.0,674.82,0.17999999999994998,5a
JA/WK-109,Chojagamine,33.974,135.25909,650.0,648.77,1.2300000000000182,5a
JA/WK-110,Shimono,33.7771,135.86639,641.0,640.64,0.36000000000001364,5a
JA/WK-111,Dounoya,33.9552,135.35201,636.0,635.66,0.34000000000003183,5a
JA/WK-112,Near Nagahata,33.9122,135.42799,630.0,626.53,3.4700000000000273,5a
JA/WK-113,Mizugamoto,33.9119,135.3343,625.0,623.34,1.6599999999999682,5a
JA/WK-114,JA/WK-114,34.2455,135.4782,618.0,616.0,2.0,5a
JA/WK-115,Toyakurayama,33.635,135.7942,530.0,529.63,0.37000000000000455,5a
JA/WK-116,Near Kamikosigata,33.9679,135.3456,530.0,534.93,4.92999999999995,5a
JA/WK-117,Nakanotaki,33.9773,135.3828,507.0,506.52,0.4800000000000182,5a
JA/WK-118,JA/WK-118,33.5284,135.619,498.0,493.11,4.889999999999986,5a
JA/WK-119,Doi,33.952,135.47009,490.0,487.46,2.5400000000000205,5a
JA/WK-120,Kirihata,33.876,135.7735,485.0,484.8,0.19999999999998863,5a
JA/WK-121,Takano,33.6405,135.8288,484.0,483.17,0.8299999999999841,5a
JA/WK-122,Yakeoyama,33.8152,135.53191,450.0,456.4,6.399999999999977,5a
JA/WK-123,Near Kabui,33.9623,135.30701,440.0,441.7,1.6999999999999886,5a
JA/WK-124,JA/WK-124,33.8762,135.32539,430.0,431.08,1.079999999999984,5a
JA/WK-125,Near Kaminakano,33.9947,135.1749,410.0,411.27,1.2699999999999818,5a
JA/WK-126,JA/WK-126,33.7206,135.9185,384.0,379.8,4.199999999999989,5a
JA/WK-127,Near Tamoto,33.7888,135.37691,380.0,377.57,2.430000000000007,5a
JA/WK-128,Dainichiyama,33.8264,135.7653,369.0,368.03,0.9700000000000273,5a
JA/WK-129,Gero,33.6792,135.5722,363.0,363.24,0.2400000000000091,5a
JA/WK-130,JA/WK-130,33.5222,135.7554,310.0,304.13,5.8700000000000045,5a
JA/WK-131,Hinoyama,33.8851,135.0632,202.0,200.04,1.960000000000008,5a
JA/WK-132,JA/WK-132,33.8391,135.25169,271.0,265.77,5.230000000000018,5a
JA/WK-133,Hebio,33.9298,135.2296,262.0,262.69,0.6899999999999977,5a
JA/WK-134,Kasaneyama,33.9625,135.09331,262.0,262.49,0.4900000000000091,5a
JA/WK-135,JA/WK-135,33.6335,135.851,250.0,257.29,7.2900000000000205,5a
JA/WK-136,Takakurayama,34.1681,135.26241,248.0,248.59,0.5900000000000034,5a
JA/WK-137,Kuroiwayama,33.8545,135.1933,241.0,241.29,0.28999999999999204,5a
JA/WK-138,Hiramiyama,34.0631,135.16389,240.0,245.08,5.0800000000000125,5a
JA/WK-139,Nagusayama,34.1842,135.1953,228.0,228.26,0.2599999999999909,5a
JA/WK-140,Minoshima,34.0702,135.12421,179.0,177.64,1.3600000000000136,5a
JA/WK-141,Oomoriyama,33.4731,135.82739,171.0,170.91,0.09000000000000341,5a
JA/WK-142,Youryusan,34.2354,135.6068,1009.0,1007.6,1.3999999999999773,5a
JA/WK-143,JA/WK-143,33.5823,135.4883,376.0,376.09,0.08999999999997499,5a
JA/WK-144,Bunryouzan(Higashi),33.7545,135.5303,684.0,683.96,0.03999999999996362,5a
JA/YG-001,Kogorousan,34.4168,132.00861,1162.0,1161.42,0.5799999999999272,5a
JA/YG-002,Rakanzan,34.3556,132.0672,1109.0,1108.16,0.8399999999999181,5a
JA/YG-003,Heikegadake,34.3184,131.8997,1066.0,1066.2,0.20000000000004547,5a
JA/YG-004,Daishojin,34.3426,131.9791,1022.0,1021.24,0.7599999999999909,5a
JA/YG-005,Naganoyama,34.2753,131.87759,1015.0,1014.99,0.009999999999990905,5a
JA/YG-006,Iigadake,34.3297,131.744,937.0,935.9,1.1000000000000227,5a
JA/YG-007,Ishigatake,34.245,131.7453,924.0,923.21,0.7899999999999636,5a
JA/YG-008,Shokokuyama,34.2992,131.7502,890.0,887.85,2.1499999999999773,5a
JA/YG-009,Oohira,34.2706,131.76559,842.0,841.36,0.6399999999999864,5a
JA/YG-010,Ookuragatake,34.3726,131.6422,834.0,833.88,0.12000000000000455,5a
JA/YG-011,JA/YG-011,34.3565,131.7012,818.0,816.1,1.8999999999999773,5a
JA/YG-012,Dakenotani,34.2435,131.86,798.0,797.47,0.5299999999999727,5a
JA/YG-013,Kinpouzan,34.1918,131.8418,790.0,789.35,0.6499999999999773,5a
JA/YG-014,Ondake,34.2597,131.4093,789.0,789.17,0.16999999999995907,5a
JA/YG-015,Takabagatake,34.2875,131.59801,761.0,761.78,0.7799999999999727,5a
JA/YG-016,Kitanakayama,34.3172,132.1035,751.0,750.82,0.17999999999994998,5a
JA/YG-017,JA/YG-017,34.2617,131.71091,750.0,751.58,1.580000000000041,5a
JA/YG-018,Datsuyasan,34.2467,131.45039,746.0,746.17,0.16999999999995907,5a
JA/YG-019,Nishihoubenzan,34.2108,131.40939,742.0,740.86,1.1399999999999864,5a
JA/YG-020,Higashihoubenzan,34.2219,131.4429,734.0,732.61,1.3899999999999864,5a
JA/YG-021,Tsutsuragatake,34.3119,131.6683,733.0,729.44,3.5599999999999454,5a
JA/YG-022,Takabachiyama,34.2734,131.74249,730.0,728.99,1.009999999999991,5a
JA/YG-023,Metakiyama,34.4066,131.6601,716.0,713.83,2.169999999999959,5a
JA/YG-024,Kurojishiyama,34.3559,131.6048,716.0,715.57,0.42999999999995,5a
JA/YG-025,Gesan,34.1835,131.03059,713.0,712.51,0.4900000000000091,5a
JA/YG-026,Monomigadake,34.1361,132.0224,709.0,704.1,4.899999999999977,5a
JA/YG-027,JA/YG-027,34.4246,131.6153,705.0,703.36,1.6399999999999864,5a
JA/YG-028,Katsuragisan,34.3054,131.3028,702.0,700.27,1.7300000000000182,5a
JA/YG-029,Eboshidake,34.0871,131.9696,697.0,696.53,0.4700000000000273,5a
JA/YG-030,Tenjyougadake,34.311,131.04289,691.0,690.4,0.6000000000000227,5a
JA/YG-031,Kanozan,33.9141,132.2453,691.0,693.17,2.169999999999959,5a
JA/YG-032,Ryumondake,34.2548,131.5076,688.0,687.75,0.25,5a
JA/YG-033,Shiraishidake,34.2104,131.8671,679.0,677.85,1.1499999999999773,5a
JA/YG-034,Ichiigadake,34.2919,131.0674,672.0,671.08,0.9199999999999591,5a
JA/YG-035,Hanaoyama,34.2839,131.22099,664.0,667.26,3.259999999999991,5a
JA/YG-036,JA/YG-036,34.1737,131.8524,662.0,658.97,3.0299999999999727,5a
JA/YG-037,Gongenyama,34.5039,131.6564,653.0,651.87,1.1299999999999955,5a
JA/YG-038,Yabitsuyama,34.2308,131.3858,653.0,652.5,0.5,5a
JA/YG-039,Kousyoujiyama,34.0755,132.15379,645.0,644.08,0.9199999999999591,5a
JA/YG-040,Iraoyama,34.5248,131.6172,641.0,640.25,0.75,5a
JA/YG-041,Nosakayama,34.4347,131.75841,640.0,639.57,0.42999999999995,5a
JA/YG-043,Oohirayama,34.0734,131.63029,631.0,630.59,0.40999999999996817,5a
JA/YG-044,Sengokuyama,34.1893,131.7583,630.0,629.43,0.57000000000005,5a
JA/YG-045,Sarugayama,34.4793,131.56599,626.0,624.78,1.2200000000000273,5a
JA/YG-046,Sanadagatake,34.1703,131.5938,621.0,619.6,1.3999999999999773,5a
JA/YG-047,Nakamuradani,34.3014,131.5555,621.0,620.79,0.21000000000003638,5a
JA/YG-048,Onigajyo,34.0964,130.9333,619.0,618.9,0.10000000000002274,5a
JA/YG-049,Kurusonzan (Odake),34.2146,130.9763,616.0,615.12,0.8799999999999955,5a
JA/YG-050,Kujiragadake,34.3058,131.3438,616.0,614.34,1.6599999999999682,5a
JA/YG-051,Mitsugashira,34.2958,131.1776,615.0,614.26,0.7400000000000091,5a
JA/YG-052,Midoriyama,34.1452,131.86099,614.0,612.77,1.2300000000000182,5a
JA/YG-053,Ryuuouzan,34.0684,130.9359,614.0,612.8,1.2000000000000455,5a
JA/YG-054,JA/YG-054,34.3166,131.2527,613.0,611.7,1.2999999999999545,5a
JA/YG-055,Shimosuke,34.1647,131.87759,608.0,607.33,0.6699999999999591,5a
JA/YG-056,JA/YG-056,34.5288,131.59219,600.0,601.3,1.2999999999999545,5a
JA/YG-057,Teijyogatake,34.3281,131.53059,600.0,595.0,5.0,5a
JA/YG-058,Efunedake,34.3487,131.52631,600.0,598.31,1.6900000000000546,5a
JA/YG-059,Inunaki,34.2561,131.56841,598.0,596.89,1.1100000000000136,5a
JA/YG-060,Nobegahara,34.2375,131.9391,596.0,595.16,0.8400000000000318,5a
JA/YG-061,Ryumonjiyama,34.1565,131.83099,594.0,590.17,3.830000000000041,5a
JA/YG-062,Oofujiyama,34.2625,131.5502,590.0,587.53,2.4700000000000273,5a
JA/YG-063,Amagoeyama,34.411,131.5329,580.0,579.61,0.38999999999998636,5a
JA/YG-064,Ganbisan,34.2331,131.179,580.0,577.29,2.7100000000000364,5a
JA/YG-065,Oobayama,34.5142,131.5466,579.0,578.0,1.0,5a
JA/YG-066,Nodanimura,34.2299,131.9492,579.0,578.08,0.9199999999999591,5a
JA/YG-067,Rengesan,34.1199,132.0677,576.0,574.99,1.009999999999991,5a
JA/YG-068,Mitsudake,34.5054,131.53011,566.0,564.62,1.3799999999999955,5a
JA/YG-069,Near Kiriishitouge,34.1991,131.95869,565.0,563.69,1.3099999999999454,5a
JA/YG-070,Himurogatake,34.0507,132.1234,563.0,561.88,1.1200000000000045,5a
JA/YG-071,Nishiyanooka,34.0884,131.8528,561.0,559.76,1.240000000000009,5a
JA/YG-072,Gongenyama,34.3366,131.2838,560.0,559.45,0.5499999999999545,5a
JA/YG-073,Sobagatake,34.1682,131.56,557.0,555.66,1.3400000000000318,5a
JA/YG-074,Nebikiyama,34.3105,131.4651,556.0,554.53,1.4700000000000273,5a
JA/YG-075,Gobangadake,34.4033,131.4586,551.0,549.42,1.580000000000041,5a
JA/YG-076,Ikegamine,34.2712,132.0585,545.0,537.02,7.980000000000018,5a
JA/YG-077,Kotoishiyama,33.9734,132.1492,545.0,543.03,1.9700000000000273,5a
JA/YG-078,Kurusonsan,34.2037,131.63361,544.0,543.22,0.7799999999999727,5a
JA/YG-079,Oogushi,34.5368,131.701,543.0,542.4,0.6000000000000227,5a
JA/YG-080,Gongenyama,34.2533,131.3584,543.0,542.23,0.7699999999999818,5a
JA/YG-081,Shiraishiyama,34.1959,131.606,541.0,539.35,1.6499999999999773,5a
JA/YG-082,Zenitsuboyama,34.0111,132.1967,540.0,538.83,1.169999999999959,5a
JA/YG-083,Umanose,33.8902,132.2193,538.0,537.39,0.6100000000000136,5a
JA/YG-084,Kouyama,34.6521,131.6134,533.0,532.44,0.5599999999999454,5a
JA/YG-085,Inunakiyama,34.5814,131.62399,527.0,526.45,0.5499999999999545,5a
JA/YG-086,Oozasan,33.8531,132.1423,526.0,525.79,0.21000000000003638,5a
JA/YG-087,Tougamori,34.1055,132.1291,525.0,524.34,0.6599999999999682,5a
JA/YG-088,Oofujiyama,34.348,131.3632,523.0,521.96,1.0399999999999636,5a
JA/YG-089,Hioyama,34.3702,131.3196,521.0,519.63,1.3700000000000045,5a
JA/YG-090,JA/YG-090,34.3414,131.14349,520.0,518.2,1.7999999999999545,5a
JA/YG-092,Oonodake,34.3171,131.5816,516.0,511.48,4.519999999999982,5a
JA/YG-093,JA/YG-093,34.1681,130.9814,506.0,504.34,1.660000000000025,5a
JA/YG-094,Shinokumagatake,34.1016,131.7583,504.0,503.22,0.7799999999999727,5a
JA/YG-095,JA/YG-095,34.0775,130.972,501.0,495.34,5.660000000000025,5a
JA/YG-096,Tetsuwariyama,34.3455,131.21291,490.0,489.07,0.9300000000000068,10b
JA/YG-097,Fukayama,33.7925,132.2253,468.0,460.21,7.7900000000000205,5a
JA/YG-098,Yahazugadake,34.0866,131.5961,461.0,459.72,1.2799999999999727,5a
JA/YG-099,Aratakisan,34.153,131.29691,459.0,456.72,2.2799999999999727,5a
JA/YG-100,Sakurayama,34.1497,131.21651,455.0,454.83,0.17000000000001592,5a
JA/YG-101,Kumagatougeyama,34.3789,131.479,453.0,452.25,0.75,5a
JA/YG-102,Jyoumaeyama,34.2659,131.3636,447.0,446.16,0.839999999999975,5a
JA/YG-103,Sumitomo Oosaka Cement,34.227,131.25101,445.0,448.4,3.3999999999999773,5a
JA/YG-104,Shibafuneyama,34.3995,131.4449,445.0,444.42,0.5799999999999841,5a
JA/YG-105,Konpirayama,34.1367,131.2375,440.0,440.19,0.18999999999999773,5a
JA/YG-106,Rousouyama,34.0522,130.9523,440.0,434.54,5.4599999999999795,5a
JA/YG-107,Ooboshiyama,33.9107,132.09579,438.0,436.76,1.240000000000009,5a
JA/YG-108,Aigoyama,34.2193,131.5997,435.0,433.9,1.1000000000000227,5a
JA/YG-109,Kounouchiyama,34.1383,132.1313,433.0,430.26,2.740000000000009,5a
JA/YG-110,Taruyama,34.1033,132.01691,431.0,430.25,0.75,5a
JA/YG-111,Sarugatake,34.1184,131.4946,430.0,424.1,5.899999999999977,5a
JA/YG-112,Kamagayama,34.5468,131.6559,429.0,428.47,0.5299999999999727,5a
JA/YG-113,Teranishi,34.162,132.1252,428.0,427.16,0.839999999999975,5a
JA/YG-114,Nobeyasu,34.0418,132.1555,428.0,426.75,1.25,5a
JA/YG-115,Ryuugobou,34.233,131.2807,426.0,425.17,0.8299999999999841,5a
JA/YG-116,Kurokoujiyama,34.114,131.451,424.0,423.58,0.4200000000000159,5a
JA/YG-117,Toodakeyama,34.5261,131.4695,416.0,414.01,1.990000000000009,10b
JA/YG-118,Toragatake,34.0101,131.9424,414.0,410.47,3.5299999999999727,5a
JA/YG-119,Amakiyama,34.1151,132.0932,407.0,406.24,0.7599999999999909,5a
JA/YG-120,Syuouzan,34.6265,131.6916,405.0,404.88,0.12000000000000455,5a
JA/YG-122,Shiramizuyama,34.3835,131.3653,396.0,394.71,1.2900000000000205,5a
JA/YG-123,Kougadake,34.4426,131.43871,395.0,390.48,4.519999999999982,10b
JA/YG-124,Sabayamatouge,34.0954,131.53329,395.0,392.64,2.3600000000000136,5a
JA/YG-125,Hirabaradake,34.1084,131.3436,395.0,393.31,1.6899999999999977,5a
JA/YG-126,Rokumanbouyama,34.1164,130.9929,395.0,394.6,0.39999999999997726,5a
JA/YG-127,Yakeshimoyama,34.3753,131.42039,393.0,392.49,0.5099999999999909,5a
JA/YG-128,Shioujisan,34.0283,130.9818,392.0,389.29,2.7099999999999795,5a
JA/YG-129,Kashinoki,34.1417,131.0919,392.0,391.44,0.5600000000000023,5a
JA/YG-130,Shibuki,34.32,131.2065,387.0,386.52,0.4800000000000182,5a
JA/YG-131,Tenguyama,34.3952,131.3606,385.0,384.09,0.910000000000025,5a
JA/YG-132,Nakayama,34.0255,132.02229,383.0,381.37,1.6299999999999955,5a
JA/YG-133,Takadake,34.365,131.3815,381.0,380.09,0.910000000000025,5a
JA/YG-134,Shirakiyama,33.8886,132.3512,374.0,373.9,0.10000000000002274,5a
JA/YG-135,Karasuyama,34.1725,131.12981,372.0,371.6,0.39999999999997726,5a
JA/YG-136,Ryougonjiyama,34.0652,131.51221,370.0,369.03,0.9700000000000273,5a
JA/YG-138,Dakeyama,34.0832,131.74541,364.0,361.65,2.3500000000000227,5a
JA/YG-139,Taikazan,34.0086,131.81911,362.0,359.22,2.7799999999999727,5a
JA/YG-140,Iwakisan,33.9876,132.0392,362.0,356.87,5.1299999999999955,5a
JA/YG-141,Tajiriyama,34.0385,132.0589,360.0,359.64,0.36000000000001364,5a
JA/YG-142,Higashihoubensan,34.2064,131.5338,360.0,358.8,1.1999999999999886,5a
JA/YG-143,Iwaijima,33.7846,131.9798,357.0,355.98,1.0199999999999818,5a
JA/YG-144,Nishikiyama,34.007,131.58009,354.0,353.53,0.4700000000000273,5a
JA/YG-145,Shiroyama,33.982,132.1777,354.0,352.59,1.410000000000025,5a
JA/YG-146,Amagoidake,34.3985,131.0582,347.0,345.66,1.339999999999975,5a
JA/YG-147,Oomiyama,33.9373,132.4214,337.0,334.93,2.069999999999993,5a
JA/YG-148,JA/YG-148,34.0925,130.90849,330.0,327.85,2.1499999999999773,5a
JA/YG-149,Kameoyama,34.0449,131.4586,325.0,323.63,1.3700000000000045,5a
JA/YG-150,Matsutakeyama,34.0861,131.1447,324.0,323.08,0.9200000000000159,5a
JA/YG-151,Moriuchi,34.1806,132.12891,323.0,320.65,2.3500000000000227,5a
JA/YG-152,Takayama,34.4219,131.17661,320.0,318.36,1.6399999999999864,5a
JA/YG-153,Shiroyama,34.0594,132.0007,319.0,318.84,0.160000000000025,5a
JA/YG-154,Kamisakariyama,33.8342,132.09351,314.0,313.52,0.4800000000000182,5a
JA/YG-155,Kurokamiyama,34.0298,131.73579,313.0,312.7,0.30000000000001137,5a
JA/YG-156,Oootoyama,34.1003,131.1102,310.0,310.86,0.8600000000000136,5a
JA/YG-157,Oguranokyo,34.1113,130.87579,309.0,308.05,0.9499999999999886,5a
JA/YG-158,Hinoyama,34.065,131.4274,304.0,301.95,2.0500000000000114,5a
JA/YG-159,Shiroyama,34.1613,132.1666,300.0,298.97,1.0299999999999727,5a
JA/YG-161,Kinzouzan,34.02,132.4118,290.0,287.44,2.5600000000000023,5a
JA/YG-162,Agawadake,34.3343,130.9489,288.0,287.5,0.5,5a
JA/YG-164,Takatsuboyama,33.9371,131.82629,256.0,254.83,1.1699999999999875,5a
JA/YG-165,Yamajimayama,34.433,131.2413,249.0,247.43,1.5699999999999932,5a
JA/YG-166,JA/YG-166,33.806,132.3949,232.0,229.39,2.6100000000000136,5a
JA/YG-168,Hachigoyama,33.9802,131.7894,230.0,229.34,0.6599999999999966,5a
JA/YG-170,JA/YG-170,34.4076,130.9993,226.0,217.17,8.830000000000013,5a
JA/YG-171,Katashima,33.9223,132.4585,216.0,214.9,1.0999999999999943,5a
JA/YG-172,Suzakidaira,33.8127,132.25301,201.0,199.94,1.0600000000000023,5a
JA/YG-173,Yotsudai,33.7937,132.05,189.0,187.48,1.5200000000000102,5a
JA/YG-175,Takatsuboyama,33.9523,132.3494,167.0,166.01,0.9900000000000091,5a
JA/YG-176,Aijima,34.5087,131.27831,157.0,153.28,3.719999999999999,10b
JA/YG-177,Midouyama,33.855,132.00681,155.0,153.66,1.3400000000000034,5a
JA/YG-178,JA/YG-178,34.3098,131.8376,989.0,984.66,4.340000000000032,5a
JA/YG-179,Takahachiyama,34.4008,132.0392,706.0,705.78,0.22000000000002728,5a
JA/YG-180,Uegayama,34.2785,131.6132,690.0,682.93,7.07000000000005,5a
JA/YG-181,Kidokoyama,34.5108,131.6256,648.0,646.66,1.3400000000000318,5a
JA/YG-182,Ootakagami,34.1549,131.8082,647.0,646.16,0.8400000000000318,5a
JA/YG-183,Takayama,33.9128,132.271,618.0,617.69,0.30999999999994543,5a
JA/YG-184,Tenjyoyama,34.3261,131.2621,602.0,601.0,1.0,5a
JA/YG-185,Atagoyama,34.5187,131.5851,595.0,593.88,1.1200000000000045,5a
JA/YG-186,Tabettou,34.5656,131.595,592.0,590.88,1.1200000000000045,5a
JA/YG-187,Kawachiyama,34.427,131.72321,580.0,579.55,0.4500000000000455,5a
JA/YG-188,Yokoyama,34.3328,131.5853,580.0,578.16,1.8400000000000318,5a
JA/YG-189,Okayama,34.219,131.92059,579.0,576.68,2.32000000000005,5a
JA/YG-190,Todagatake,34.1985,131.70551,572.0,572.2,0.20000000000004547,5a
JA/YG-191,Hoshizaka,34.3737,132.0121,559.0,559.21,0.21000000000003638,5a
JA/YG-192,Eminesan,34.1799,131.3848,549.0,547.8,1.2000000000000455,5a
JA/YG-193,Nyoidake,34.2905,131.2691,545.0,544.06,0.9400000000000546,5a
JA/YG-194,Kidoyama,34.2382,131.52609,542.0,540.92,1.080000000000041,5a
JA/YG-195,Minamikuwamura,34.2459,132.04671,533.0,531.71,1.2899999999999636,5a
JA/YG-196,JA/YG-196,34.197,132.11099,520.0,497.57,22.430000000000007,5a
JA/YG-197,Ougiyama,34.3389,131.34309,514.0,512.6,1.3999999999999773,5a
JA/YG-198,Near Takakuroishi,34.1359,131.6521,490.0,485.42,4.579999999999984,5a
JA/YG-199,Near Tochizaki,34.3595,131.5647,484.0,482.74,1.259999999999991,5a
JA/YG-200,Near Higashiyama,34.2574,131.966,484.0,477.78,6.220000000000027,5a
JA/YG-201,Taniyama,34.2078,131.18719,472.0,471.44,0.5600000000000023,5a
JA/YG-202,Chiyogatake,34.3791,131.33,468.0,466.69,1.3100000000000023,5a
JA/YG-203,Dougaharayama,34.3606,131.33591,457.0,454.19,2.8100000000000023,5a
JA/YG-204,Terayashiki,34.3249,131.49409,450.0,447.86,2.1399999999999864,5a
JA/YG-205,Sukizakiyama,34.1933,131.4494,437.0,435.88,1.1200000000000045,5a
JA/YG-206,Ooharayasan,34.3715,131.5546,435.0,434.51,0.4900000000000091,5a
JA/YG-207,Near Maochiyama,34.2272,131.6839,420.0,413.45,6.550000000000011,5a
JA/YG-208,JA/YG-208,34.1675,132.0459,420.0,420.66,0.660000000000025,5a
JA/YG-209,Jigokudai,34.265,131.3056,409.0,404.08,4.920000000000016,5a
JA/YG-210,Akanodani,34.2362,131.22701,409.0,408.81,0.18999999999999773,5a
JA/YG-211,JA/YG-211,34.2145,131.1553,398.0,395.47,2.5299999999999727,5a
JA/YG-212,Handa,34.3686,131.52071,394.0,394.07,0.06999999999999318,5a
JA/YG-213,Zenjyoujiyama,34.106,131.3717,392.0,391.43,0.5699999999999932,5a
JA/YG-214,Dousyugatake,34.15,131.1286,387.0,376.66,10.339999999999975,5a
JA/YG-215,Kasagatake,34.1272,130.94949,383.0,382.43,0.5699999999999932,5a
JA/YG-216,Toyogatake,34.1541,131.0663,382.0,381.43,0.5699999999999932,5a
JA/YG-217,Ryugatake,34.0614,132.02699,365.0,364.73,0.2699999999999818,5a
JA/YG-218,Karane,34.5523,131.68739,360.0,356.8,3.1999999999999886,5a
JA/YG-219,Fuefuki,34.3555,131.4054,359.0,358.46,0.5400000000000205,5a
JA/YG-220,Kyonoyama,34.2472,130.93201,332.0,333.55,1.5500000000000114,5a
JA/YG-221,JA/YG-221,34.0253,132.07539,330.0,320.39,9.610000000000014,5a
JA/YG-222,JA/YG-222,34.5614,131.6713,326.0,322.01,3.990000000000009,5a
JA/YG-223,Taketsuneyama,34.0091,132.12,325.0,323.83,1.170000000000016,5a
JA/YG-224,Shinnagata,34.1472,131.36839,322.0,320.84,1.160000000000025,5a
JA/YG-225,Oohirayama,34.1347,132.10519,316.0,316.01,0.009999999999990905,5a
JA/YG-226,Near Oominesan,33.9359,131.99159,300.0,303.31,3.3100000000000023,5a
JA/YG-227,Gorokusan,33.9598,131.9942,293.0,292.59,0.410000000000025,5a
JA/YG-228,JA/YG-228,34.1044,130.89211,290.0,284.65,5.350000000000023,5a
JA/YG-229,Ryoujyusan,33.9893,130.96581,288.0,287.17,0.8299999999999841,5a
JA/YG-230,Ooshima,33.7182,132.13429,279.0,278.57,0.4300000000000068,5a
JA/YG-231,Hinoyama,33.9744,130.9606,268.0,261.93,6.069999999999993,5a
JA/YG-232,Tsuruhayama,33.9721,131.95061,262.0,260.69,1.3100000000000023,5a
JA/YG-233,Shosenmine,34.0654,131.6769,261.0,259.58,1.420000000000016,5a
JA/YG-234,Hanagatake,34.0765,131.48109,260.0,259.68,0.3199999999999932,5a
JA/YG-235,Edomariyama,34.029,131.6082,259.0,258.99,0.009999999999990905,5a
JA/YG-236,Rokubusan,34.1441,131.0114,257.0,255.73,1.2700000000000102,5a
JA/YG-237,Ooyama(Futaoijima),34.109,130.77831,252.0,241.63,10.370000000000005,5a
JA/YG-238,Hakusan,34.1053,131.04359,251.0,250.03,0.9699999999999989,5a
JA/YG-239,JA/YG-239,34.1745,131.4944,250.0,247.22,2.780000000000001,5a
JA/YG-240,Shimofuridake,34.016,131.2578,249.0,249.13,0.12999999999999545,5a
JA/YG-241,Okuhatayama,33.9681,131.85741,232.0,227.52,4.47999999999999,5a
JA/YG-242,Akagoyama,33.9567,132.07851,230.0,229.48,0.5200000000000102,5a
JA/YG-243,Tashimayama,34.0213,131.5323,222.0,220.71,1.289999999999992,5a
JA/YG-244,Tainomine,33.9353,132.44769,212.0,210.38,1.6200000000000045,5a
JA/YG-245,Meotoiwa,34.3776,131.26109,211.0,209.75,1.25,5a
JA/YG-246,Ooyama,34.0834,131.0498,211.0,210.39,0.6100000000000136,5a
JA/YG-247,Koiwaijima,33.7909,131.9353,209.0,207.49,1.509999999999991,5a
JA/YG-248,Kojimayama,34.3812,131.2354,195.0,194.67,0.3300000000000125,5a
JA/YG-249,Yutamajyouyama,34.2202,130.9256,193.0,191.45,1.5500000000000114,5a
JA/YG-250,Oiseyama,34.065,131.3887,182.0,181.64,0.36000000000001364,5a
JA/YG-251,Kohamayama,34.0137,131.47009,181.0,180.68,0.3199999999999932,5a
JA/YG-252,Okikamurojima,33.8498,132.3705,180.0,173.83,6.1699999999999875,5a
JA/YG-253,Hagi Base of Self Defence,34.7714,131.1333,180.0,184.02,4.02000000000001,5a
JA/YG-254,Ootsuyama,34.0017,131.7077,174.0,170.71,3.289999999999992,5a
JA/YG-255,Shiritakayama,34.6505,131.6499,170.0,170.18,0.18000000000000682,10b
JA/YG-256,Nasakejima,33.9586,132.47459,170.0,155.33,14.669999999999987,5a
JA/YG-257,Majima,33.9834,131.7262,165.0,164.09,0.9099999999999966,5a
JA/YG-258,Senshima,34.0435,131.7668,161.0,160.44,0.5600000000000023,10b
JA/YG-259,JA/YG-259,34.3148,131.647,729.0,727.96,1.0399999999999636,5a
JA/YG-260,Kumanodake,34.3536,131.0728,359.0,356.04,2.9599999999999795,5a
JA/YG-261,Ongasayama,34.0826,131.0164,312.0,310.28,1.7200000000000273,5a
JA/YG-262,Iwagouyama,34.1234,131.3074,227.0,225.14,1.8600000000000136,5a
JA/YG-263,Hyakkokuyama,38.0583,139.8316,599.0,598.4,0.6000000000000227,5a
JA/YG-264,JA/YG-264,38.0692,139.81689,570.0,569.21,0.7899999999999636,5a
JA/YM-001,Chyoukaizan (Shinzan),39.0994,140.0488,2236.0,2226.78,9.2199999999998,5a
JA/YM-002,Gassan,38.5491,140.02699,1984.0,1980.83,3.1700000000000728,5a
JA/YM-003,Asahidake (Ooasahidake),38.2605,139.92239,1871.0,1868.03,2.9700000000000273,5a
JA/YM-004,Zaouzan (Kumanodake),38.1439,140.4397,1841.0,1838.77,2.230000000000018,5a
JA/YM-005,Itoudake,38.3429,139.84911,1772.0,1769.03,2.9700000000000273,5a
JA/YM-006,Shoujigatake,38.381,139.9108,1482.0,1480.21,1.7899999999999636,5a
JA/YM-007,Hayama,38.5293,140.21049,1462.0,1461.42,0.5799999999999272,10b
JA/YM-008,Akamidoudake,38.4482,139.9335,1446.0,1445.15,0.849999999999909,5a
JA/YM-009,Iwaigameyama,38.1976,139.87959,1417.0,1415.89,1.1099999999999,5a
JA/YM-010,Komatayama,38.8629,140.4857,1367.0,1360.72,6.279999999999973,10b
JA/YM-011,Santaizan,38.137,139.8873,1293.0,1292.27,0.7300000000000182,5a
JA/YM-012,Hachigatamine,38.1915,139.9684,1289.0,1287.28,1.7200000000000273,10b
JA/YM-013,Shibakurayama,38.4518,140.5609,1276.0,1274.44,1.5599999999999454,5a
JA/YM-014,Kojinyama,38.4918,140.5854,1270.0,1269.89,0.10999999999989996,5a
JA/YM-015,Shibakurayama,38.1563,139.88271,1263.0,1262.34,0.6600000000000819,5a
JA/YM-016,Takayasuyama,38.4538,139.8362,1245.0,1242.78,2.2200000000000273,5a
JA/YM-017,Hiuchidake,38.8402,140.4485,1238.0,1232.16,5.839999999999918,10b
JA/YM-018,Toudonosan,38.2445,140.0229,1203.0,1202.17,0.8299999999999272,5a
JA/YM-019,Hinotodake,39.032,140.2193,1146.0,1144.64,1.3599999999999,10b
JA/YM-020,JA/YM-020,37.8076,140.0213,1138.0,1130.81,7.190000000000055,5a
JA/YM-021,Ookaburayama,38.8603,140.5495,1119.0,1118.13,0.8699999999998909,5a
JA/YM-022,Karematsuyama,37.9757,139.642,1119.0,1117.67,1.3299999999999272,5a
JA/YM-023,Oosakaiyama,37.9952,139.64349,1102.0,1100.81,1.1900000000000546,5a
JA/YM-024,Shouyamori,39.0306,140.24409,1100.0,1104.39,4.3900000000001,5a
JA/YM-025,Hachimoriyama,38.8016,140.4187,1098.0,1096.85,1.150000000000091,10b
JA/YM-026,Kokuzoudake,38.653,140.0399,1091.0,1091.27,0.2699999999999818,5a
JA/YM-027,Sangouyama,38.5197,140.1535,1090.0,1088.95,1.0499999999999545,5a
JA/YM-028,Torigatayama,38.6214,140.10271,1081.0,1075.94,5.059999999999945,5a
JA/YM-029,Koshibayama,38.775,140.62469,1056.0,1054.83,1.1700000000000728,5a
JA/YM-030,Gankarayama,39.0167,140.226,1045.0,1044.79,0.21000000000003638,5a
JA/YM-031,Oobudou,38.4163,139.71339,1028.0,1027.77,0.2300000000000182,5a
JA/YM-032,Mokuzouyama,38.7895,140.4014,1026.0,1021.27,4.730000000000018,10b
JA/YM-033,Nabehage,38.4019,139.7345,1023.0,1021.0,2.0,5a
JA/YM-034,Mayasan,38.5202,139.7278,1020.0,1018.38,1.6200000000000045,5a
JA/YM-035,Fushibeyama,38.3145,140.02,1017.0,1015.54,1.4600000000000364,5c
JA/YM-036,JA/YM-036,38.1926,139.83211,1010.0,1006.96,3.0399999999999636,5a
JA/YM-037,Hachimoriyama,37.8285,140.2462,1004.0,1002.99,1.009999999999991,5a
JA/YM-038,Doukisawayama,38.3889,140.5112,1003.0,1001.79,1.2100000000000364,5a
JA/YM-039,Shiratakayama,38.2226,140.1731,994.0,993.55,0.4500000000000455,5a
JA/YM-040,Yakuwayama,38.5067,139.84641,992.0,991.39,0.6100000000000136,5a
JA/YM-041,Nukuhiyama,38.2691,140.0715,991.0,989.95,1.0499999999999545,5a
JA/YM-042,JA/YM-042,39.0541,140.1145,990.0,991.97,1.9700000000000273,5a
JA/YM-043,Mitakiyama,39.0511,140.1713,986.0,977.98,8.019999999999982,10b
JA/YM-044,Daizumoriyama,38.354,140.0072,984.0,983.19,0.8099999999999454,5a
JA/YM-045,Saruppanayama,37.9681,139.74879,983.0,982.16,0.8400000000000318,5a
JA/YM-046,JA/YM-046,38.14,139.96091,981.0,980.29,0.7100000000000364,10b
JA/YM-047,Koshikiyama (Otokokoshikiyama),39.0121,140.31059,981.0,978.76,2.240000000000009,5a
JA/YM-048,Yunosawadake,38.6058,139.77879,964.0,963.11,0.8899999999999864,5a
JA/YM-049,Shirafu,38.15,139.69051,962.0,957.28,4.720000000000027,5a
JA/YM-050,Kurateyama,37.9373,139.6732,952.0,951.27,0.7300000000000182,5a
JA/YM-051,Uenoyama,38.4859,140.18069,920.0,923.33,3.330000000000041,5b
JA/YM-052,Kayakurayama,38.4034,140.5462,907.0,901.51,5.490000000000009,5a
JA/YM-053,Amayobariyama,38.3388,140.4465,906.0,904.55,1.4500000000000455,5a
JA/YM-054,Bunatsubureyama,37.912,139.812,898.0,898.23,0.2300000000000182,5a
JA/YM-055,Benkeiyama,38.9213,140.12399,887.0,885.06,1.9400000000000546,5a
JA/YM-056,JA/YM-056,38.2068,139.8053,871.0,870.54,0.4600000000000364,5a
JA/YM-057,Takabiyama,38.468,140.076,870.0,867.61,2.3899999999999864,5a
JA/YM-058,Kotoriumi,39.0145,140.1132,865.0,861.66,3.340000000000032,10b
JA/YM-059,Warabitouge,38.1191,139.6906,842.0,840.34,1.6599999999999682,5a
JA/YM-060,Kumanogaeshiyama,38.7214,140.4597,828.0,820.65,7.350000000000023,10b
JA/YM-061,Ootazawa,38.7413,140.43381,820.0,820.01,0.009999999999990905,10b
JA/YM-062,Kuromoriyama,38.1635,140.2056,811.0,810.54,0.4600000000000364,5a
JA/YM-063,Koyouzan,38.0688,140.2429,800.0,798.38,1.6200000000000045,5a
JA/YM-064,JA/YM-064,38.1484,140.1279,800.0,794.14,5.860000000000014,5c
JA/YM-065,Kitahinagayama,38.5267,140.5625,791.0,792.5,1.5,5a
JA/YM-066,Daihanayama,37.9802,139.6951,790.0,785.9,4.100000000000023,5a
JA/YM-067,Tokuamiyama,38.1879,139.7894,788.0,784.18,3.82000000000005,5a
JA/YM-068,Fukageyama,38.9879,140.0842,784.0,782.18,1.82000000000005,5a
JA/YM-069,Oomoriyama,38.8145,140.0795,781.0,779.83,1.169999999999959,5a
JA/YM-070,Kanayama,38.6916,140.491,763.0,761.99,1.009999999999991,5a
JA/YM-071,JA/YM-071,38.9946,140.37621,751.0,753.24,2.240000000000009,5a
JA/YM-072,Gakiyama,38.1928,139.75591,741.0,740.32,0.67999999999995,5a
JA/YM-073,Atsumidake,38.6201,139.63071,736.0,735.24,0.7599999999999909,5a
JA/YM-074,JA/YM-074,38.8671,140.1017,730.0,732.34,2.340000000000032,10b
JA/YM-075,Taizousan,38.8825,140.0574,729.0,727.4,1.6000000000000227,5a
JA/YM-076,Oohirayama,38.1636,140.239,715.0,713.83,1.169999999999959,5a
JA/YM-077,Dashigamine,37.9891,139.8996,694.0,692.8,1.2000000000000455,5a
JA/YM-078,Takatsumujiyama,38.0663,140.20399,693.0,689.62,3.3799999999999955,5a
JA/YM-079,Yoroidake,38.618,139.6655,687.0,685.44,1.5599999999999454,5a
JA/YM-080,Hayama,38.1392,140.3116,687.0,684.58,2.419999999999959,5a
JA/YM-081,Yakushidake,38.5832,139.6651,686.0,678.9,7.100000000000023,5a
JA/YM-082,Suisyouyama,38.3822,140.4595,668.0,666.19,1.8099999999999454,5a
JA/YM-083,JA/YM-083,38.7929,140.0694,662.0,661.76,0.2400000000000091,5a
JA/YM-084,Sasanoyama,37.8802,140.0799,660.0,657.96,2.0399999999999636,5a
JA/YM-085,Fujikurayama,38.6626,139.6857,654.0,652.46,1.5399999999999636,5a
JA/YM-086,Nishinosawa,38.9543,140.3439,650.0,647.26,2.740000000000009,5a
JA/YM-087,Obatayama,37.9401,139.9243,646.0,646.0,0.0,5a
JA/YM-088,Numahira,38.6792,140.44431,643.0,641.52,1.4800000000000182,5a
JA/YM-089,Tsunagihakonokuchi,38.04,139.85159,640.0,639.36,0.6399999999999864,5a
JA/YM-090,Akutsu,38.0467,140.2373,632.0,631.22,0.7799999999999727,5a
JA/YM-091,Oohatayama,38.548,139.64549,617.0,615.3,1.7000000000000455,5a
JA/YM-092,Higashiyama,38.5918,139.6355,610.0,601.28,8.720000000000027,5a
JA/YM-093,Torinosu,38.6083,139.69099,607.0,606.51,0.4900000000000091,5a
JA/YM-094,Kadomadai,38.563,139.6098,597.0,594.28,2.7200000000000273,5a
JA/YM-095,Near Toudou,37.967,139.92641,590.0,588.01,1.990000000000009,5a
JA/YM-096,JA/YM-096,38.0613,139.7191,551.0,550.19,0.8099999999999454,5a
JA/YM-097,JA/YM-097,38.9784,140.1772,550.0,550.98,0.9800000000000182,5a
JA/YM-098,Ootakaneyama,38.5759,140.3177,543.0,541.24,1.759999999999991,5a
JA/YM-099,Imaichi,38.1293,139.7773,542.0,539.43,2.57000000000005,5a
JA/YM-100,JA/YM-100,38.5727,139.5939,533.0,532.65,0.35000000000002274,5a
JA/YM-101,Ryubasan,38.9029,140.3683,521.0,518.59,2.409999999999968,5a
JA/YM-102,JA/YM-102,38.9307,140.3618,511.0,507.08,3.920000000000016,5a
JA/YM-103,Nishizawa,38.0299,140.21919,504.0,503.46,0.5400000000000205,5a
JA/YM-104,JA/YM-104,38.6661,139.6521,490.0,488.23,1.7699999999999818,5a
JA/YM-105,Imozawayama,38.522,139.63139,483.0,482.55,0.44999999999998863,5a
JA/YM-106,Kitanosawa,38.8848,140.3606,417.0,415.41,1.589999999999975,5a
JA/YM-107,Maeyama,38.9018,140.3208,413.0,409.73,3.269999999999982,5a
JA/YM-108,Hachimori,38.9112,140.2957,381.0,380.73,0.2699999999999818,5a
JA/YM-109,Magarikawayama,38.8316,140.2,322.0,320.49,1.509999999999991,5a
JA/YM-110,Arakurayama,38.7363,139.711,307.0,305.73,1.2699999999999818,5a
JA/YM-111,Takadateyama,38.763,139.7475,273.0,273.28,0.2799999999999727,5a
JA/YM-112,Eboshidake,37.8723,139.6548,2017.0,2013.88,3.119999999999891,5a
JA/YM-113,Kankouzan,38.3063,139.8791,1695.0,1693.15,1.849999999999909,5a
JA/YM-114,Koasahidake,38.2735,139.9451,1647.0,1643.93,3.0699999999999363,5a
JA/YM-115,Yudonoyama,38.531,139.9848,1500.0,1499.11,0.8900000000001,5a
JA/YM-116,JA/YM-116,38.4184,139.9174,1400.0,1400.82,0.8199999999999363,5a
JA/YM-117,Ryuyama,38.183,140.3947,1362.0,1360.68,1.3199999999999363,5a
JA/YM-118,Yamagatakamurodake,38.251,140.47121,1343.0,1342.71,0.2899999999999636,5a
JA/YM-119,Nakazawamine,38.2087,139.9404,1343.0,1340.82,2.1800000000000637,10b
JA/YM-120,Odake,38.5677,140.097,1226.0,1224.78,1.2200000000000273,5a
JA/YM-121,Takakurayama,37.8256,139.98399,1226.0,1226.14,0.14000000000010004,5a
JA/YM-122,Near Shimoyanagisawayama,38.6091,140.08459,1180.0,1180.16,0.16000000000008185,5a
JA/YM-123,Tatsunosawa,37.8387,139.8428,1163.0,1162.5,0.5,10b
JA/YM-124,Kuromori,38.501,140.5656,1082.0,1080.43,1.5699999999999363,5a
JA/YM-125,Nishinagamatsu,38.563,140.12041,1061.0,1059.8,1.2000000000000455,5a
JA/YM-126,Midoumori,38.4998,140.5047,1056.0,1055.22,0.7799999999999727,5a
JA/YM-127,Ashidayama,38.1763,139.8428,1051.0,1050.52,0.4800000000000182,5a
JA/YM-128,Marumoriyama,38.439,139.8698,1026.0,1025.25,0.75,5a
JA/YM-129,Koshikidake,38.487,140.4474,1015.0,1014.43,0.57000000000005,5a
JA/YM-130,Okabuyama,39.0094,140.26019,997.0,995.25,1.75,5a
JA/YM-131,JA/YM-131,39.0281,140.28661,943.0,942.44,0.5599999999999454,5a
JA/YM-132,Gongenyama,38.8195,140.4944,930.0,929.33,0.6699999999999591,10b
JA/YM-133,Kakezuriyama,37.954,139.7621,930.0,931.64,1.6399999999999864,5a
JA/YM-134,Mekamuyama,39.0011,140.25909,924.0,920.58,3.419999999999959,5a
JA/YM-135,JA/YM-135,38.9839,140.2498,786.0,781.77,4.230000000000018,5a
JA/YM-136,Maemoriyama,39.0068,140.33231,785.0,782.22,2.7799999999999727,5a
JA/YM-137,JA/YM-137,38.2859,140.4382,785.0,779.37,5.6299999999999955,5a
JA/YM-138,Near Shigematsuyama,37.9605,139.78951,770.0,765.98,4.019999999999982,5a
JA/YM-139,Higashikuromoriyama,38.2507,140.1955,766.0,765.85,0.14999999999997726,5a
JA/YM-140,JA/YM-140,37.9958,139.69521,759.0,758.65,0.35000000000002274,5a
JA/YM-141,Katsuraya,38.1296,139.93359,708.0,708.85,0.8500000000000227,5a
JA/YM-142,Douenzan,38.3186,140.09331,703.0,702.62,0.37999999999999545,5c
JA/YM-143,Near Oomata,38.9555,140.0925,673.0,667.09,5.909999999999968,5a
JA/YM-144,JA/YM-144,38.1092,140.34171,650.0,643.67,6.330000000000041,5a
JA/YM-145,JA/YM-145,38.7443,140.57021,620.0,635.45,15.450000000000045,5a
JA/YM-146,Takadoyama,38.0998,140.1815,617.0,615.67,1.330000000000041,10b
JA/YM-147,Takaokayama,38.4307,140.4659,591.0,590.33,0.6699999999999591,5a
JA/YM-148,Gosenyama,38.9494,140.3119,574.0,574.31,0.30999999999994543,5a
JA/YM-149,Yatsumori,38.9451,140.3633,562.0,557.62,4.3799999999999955,5a
JA/YM-150,Akibayama,38.0793,140.1673,561.0,560.63,0.37000000000000455,5a
JA/YM-151,Near Takinosawa,38.9229,140.3703,550.0,550.52,0.5199999999999818,5a
JA/YM-152,JA/YM-152,38.9511,140.3002,531.0,531.02,0.01999999999998181,5a
JA/YM-153,Kurosawa,38.0386,139.8103,523.0,520.95,2.0499999999999545,5a
JA/YM-154,Shimotakadouyama,38.9273,140.3027,460.0,459.73,0.2699999999999818,5a
JA/YM-155,Kitairiyama,38.43,140.4487,442.0,442.15,0.14999999999997726,5a
JA/YM-156,Near Sanbonsugi,38.9096,140.15961,440.0,437.51,2.490000000000009,5a
JA/YM-157,Yakushiyama,38.8929,140.3291,436.0,434.18,1.8199999999999932,5a
JA/YM-158,Oomoriyama,38.3083,140.39819,370.0,367.82,2.180000000000007,5a
JA/YM-159,Tenpakusan,38.6131,139.5882,290.0,287.36,2.6399999999999864,5a
JA/YN-001,Kitadake,35.6743,138.2388,3193.0,3191.68,1.3200000000001637,5a
JA/YN-002,Ainodake,35.646,138.22839,3189.0,3187.47,1.5300000000002,5a
JA/YN-004,Senjyougatake,35.7201,138.18359,3033.0,3030.62,2.380000000000109,5a
JA/YN-005,Komagatake,35.758,138.2366,2967.0,2963.78,3.2199999999998,5a
JA/YN-006,Akadake,35.9708,138.3701,2899.0,2895.63,3.369999999999891,5a
JA/YN-007,Kannongadake,35.7017,138.3046,2840.0,2839.52,0.4800000000000182,5a
JA/YN-008,Asayomine,35.7317,138.2413,2799.0,2798.06,0.9400000000000546,5a
JA/YN-009,Gongendake,35.9497,138.3597,2715.0,2707.4,7.599999999999909,5a
JA/YN-010,Nokogiriyama,35.779,138.21001,2685.0,2672.12,12.88000000000011,5a
JA/YN-011,Zarugatake,35.4242,138.25951,2629.0,2628.33,0.6700000000000728,5a
JA/YN-012,Kitaokusenjyoudake,35.8686,138.67081,2601.0,2599.07,1.9299999999998363,5a
JA/YN-013,Kinpusan,35.8716,138.6256,2599.0,2594.09,4.9099999999998545,5a
JA/YN-014,Haimatsuoyama,35.4461,138.2563,2540.0,2547.32,7.320000000000164,5a
JA/YN-015,Inamatayama,35.3857,138.2386,2405.0,2405.52,0.5199999999999818,5a
JA/YN-016,Ooiwayama,35.7942,138.2312,2319.0,2318.92,0.07999999999992724,5a
JA/YN-017,Nishihafuusan,35.9019,138.7588,2318.0,2317.18,0.8200000000001637,5a
JA/YN-018,Kuroganeyama,35.8413,138.70979,2232.0,2230.6,1.400000000000091,5a
JA/YN-019,Bettoudaisan,35.514,138.2711,2226.0,2221.52,4.480000000000018,5a
JA/YN-020,Aozasayama,35.3487,138.25591,2209.0,2205.42,3.5799999999999272,5a
JA/YN-021,Near Sentouboshiyama,35.6745,138.35181,2146.0,2143.47,2.5300000000002,5a
JA/YN-022,Karamatsuoyama,35.8677,138.8454,2109.0,2108.63,0.36999999999989086,5a
JA/YN-023,Ooborayama (Hiryuuyama),35.8398,138.8922,2077.0,2070.64,6.360000000000127,5a
JA/YN-024,Daibosatsurei,35.7487,138.8455,2057.0,2055.98,1.0199999999999818,5a
JA/YN-025,Kushigatayama,35.5867,138.36909,2052.0,2050.16,1.8400000000001455,5a
JA/YN-026,Amagoidake,35.8262,138.2356,2037.0,2036.98,0.01999999999998181,5a
JA/YN-028,Maruyama,35.5675,138.3452,1910.0,1910.23,0.2300000000000182,5a
JA/YN-029,Ootougeyama,35.553,138.36259,1908.0,1907.38,0.6199999999998909,5a
JA/YN-030,Yokooyama,35.9188,138.5211,1818.0,1817.09,0.9100000000000819,5a
JA/YN-031,Kurotake,35.5521,138.7494,1793.0,1792.0,1.0,5a
JA/YN-032,Mitsutougeyama,35.5493,138.8092,1785.0,1784.2,0.7999999999999545,5a
JA/YN-033,Kurakakeyama,35.8117,138.7832,1777.0,1772.98,4.019999999999982,10b
JA/YN-034,JA/YN-034,35.8287,138.5719,1770.0,1772.04,2.0399999999999636,5a
JA/YN-035,Kanegatake,35.8032,138.5094,1764.0,1763.5,0.5,5a
JA/YN-036,Onigatake,35.5198,138.6765,1738.0,1727.18,10.819999999999936,5a
JA/YN-037,Konarayama,35.7815,138.66409,1713.0,1711.55,1.4500000000000455,5a
JA/YN-038,Mishoutaiyama,35.4869,138.9315,1682.0,1680.68,1.3199999999999363,5a
JA/YN-039,JA/YN-039,35.2988,138.37241,1672.0,1670.44,1.5599999999999454,5a
JA/YN-040,Gotenyama,35.4881,138.3699,1670.0,1670.04,0.03999999999996362,5a
JA/YN-041,Nenokami,35.4858,138.87621,1640.0,1639.97,0.029999999999972715,10b
JA/YN-042,Gosouyama,35.3813,138.5126,1634.0,1633.17,0.8299999999999272,5a
JA/YN-043,Honjagamaru,35.5748,138.8073,1631.0,1628.64,2.3599999999999,5a
JA/YN-044,Fujioyama,35.8166,138.83929,1606.0,1605.85,0.15000000000009095,5a
JA/YN-045,Mizugamori,35.7584,138.6049,1553.0,1552.11,0.8900000000001,5a
JA/YN-046,JA/YN-046,35.6058,138.75929,1487.0,1484.01,2.990000000000009,5a
JA/YN-047,Gozeriyama,35.5218,138.9698,1480.0,1477.2,2.7999999999999545,5a
JA/YN-048,Nakatsumori,35.7782,138.5881,1475.0,1472.44,2.5599999999999454,5a
JA/YN-049,Hyugamine,35.4529,138.9117,1446.0,1447.44,1.4400000000000546,5a
JA/YN-050,Obouyama,35.6221,138.81329,1430.0,1433.92,3.9200000000000728,5a
JA/YN-051,Sanpoubunzan,35.5048,138.60229,1422.0,1420.84,1.1600000000000819,5a
JA/YN-052,Shinoisan,35.2477,138.4265,1394.0,1391.65,2.349999999999909,5a
JA/YN-053,Ashiwadayama,35.4942,138.7076,1355.0,1354.08,0.9200000000000728,5a
JA/YN-054,Gongenyama,35.6679,139.02139,1312.0,1309.61,2.3900000000001,5a
JA/YN-055,Shishigurayama,35.7703,138.94971,1288.0,1287.56,0.44000000000005457,5a
JA/YN-056,Hirugatake,35.519,138.53571,1279.0,1277.97,1.0299999999999727,5a
JA/YN-057,Near Takatoriyama,35.3719,138.3943,1169.0,1162.14,6.8599999999999,5a
JA/YN-058,Minobusan,35.3975,138.41631,1153.0,1147.66,5.339999999999918,5a
JA/YN-059,Ougiyama,35.6371,139.0134,1138.0,1129.25,8.75,5a
JA/YN-060,Momokurasan,35.6381,138.981,1003.0,1002.73,0.2699999999999818,5a
JA/YN-061,Kuratakeyama,35.584,139.01981,990.0,989.31,0.6900000000000546,5a
JA/YN-062,Takagawayama,35.5861,138.9019,976.0,972.53,3.4700000000000273,5a
JA/YN-063,Kukisan,35.5766,138.9511,970.0,969.75,0.25,5a
JA/YN-064,Nakayama,35.7939,138.33859,887.0,886.49,0.5099999999999909,5a
JA/YN-065,Yadairayama,35.5863,139.06709,860.0,859.91,0.09000000000003183,10b
JA/YN-066,Shiromizuyama,35.2621,138.5143,812.0,811.15,0.8500000000000227,5a
JA/YN-067,Matateyama,35.5953,138.9518,797.0,790.03,6.970000000000027,5a
JA/YN-068,Maruyama(Konpirasan),35.474,138.50259,663.0,664.06,1.0599999999999454,5a
JA/YN-069,Karasumoriyama,35.447,138.42751,645.0,644.54,0.4600000000000364,5a
JA/YN-070,Daigoyama,35.4371,138.4622,640.0,634.3,5.7000000000000455,5a
JA/YN-071,JA/YN-071,35.5199,138.47321,550.0,547.85,2.1499999999999773,5a
JA/YN-072,JA/YN-072,35.4754,138.4631,472.0,467.16,4.839999999999975,5a
JA/YN-073,Nunobikiyama,35.4085,138.25819,2584.0,2584.97,0.9699999999997999,5a
JA/YN-074,JA/YN-074,35.362,138.3494,1990.0,1987.0,3.0,5a
JA/YN-075,Gangaharasuriyama,35.6868,138.8848,1874.0,1866.4,7.599999999999909,5a
JA/YN-076,Takayama,35.5876,138.3273,1801.0,1800.74,0.2599999999999909,5a
JA/YN-077,Kurokawakeikanzan,35.7885,138.8356,1716.0,1712.32,3.6800000000000637,5a
JA/YN-078,Makonoyama,35.8744,138.57201,1700.0,1698.9,1.099999999999909,5a
JA/YN-079,Shakagadake,35.5629,138.7209,1641.0,1642.74,1.740000000000009,5a
JA/YN-080,Sakariyama,35.7675,138.88811,1541.0,1540.83,0.17000000000007276,5a
JA/YN-081,Ryugatake,35.4468,138.5835,1485.0,1482.95,2.0499999999999545,5a
JA/YN-082,Oomuroyama,35.4409,138.65359,1468.0,1468.52,0.5199999999999818,5a
JA/YN-083,Ootochiyama,35.5809,138.6998,1415.0,1414.94,0.05999999999994543,5a
JA/YN-084,Tachiokayama,35.7757,138.5425,1322.0,1316.93,5.069999999999936,5a
JA/YN-085,JA/YN-085,35.3403,138.522,1300.0,1297.63,2.369999999999891,5a
JA/YN-086,Akakuragatake,35.5443,139.02451,1299.0,1299.1,0.09999999999990905,5a
JA/YN-087,Kuramiyama,35.508,138.8557,1256.0,1251.79,4.210000000000036,5a
JA/YN-088,Senjyoujiki,35.5482,138.61571,1246.0,1243.17,2.8299999999999272,5a
JA/YN-089,Meishozan,35.562,138.6526,1236.0,1233.13,2.869999999999891,5a
JA/YN-090,Tokumamura10,35.2066,138.4178,1205.0,1203.16,1.8399999999999181,5a
JA/YN-091,Arakurayama,35.7417,138.3774,1132.0,1130.14,1.8599999999999,5a
JA/YN-092,Madarayama,35.8335,138.45689,1120.0,1118.0,2.0,5a
JA/YN-093,Shishinsan,35.2989,138.49091,1040.0,1028.88,11.11999999999989,5a
JA/YN-094,Hanasakiyama,35.6163,138.91769,750.0,754.87,4.8700000000000045,5a
JA/YN-095,Iwadonosan,35.6217,138.9498,634.0,634.39,0.38999999999998636,5a
JA/YN-096,Syoumureyama,35.6602,139.0986,542.0,541.18,0.82000000000005,5a
JA/YN-097,Near Toyookamura,35.347,138.4305,540.0,540.05,0.049999999999954525,5a
JA/YN-098,Gozenyama,35.6184,139.08411,461.0,460.19,0.8100000000000023,5a
JA/YN-099,Takane,35.7098,138.2877,2779.0,2778.31,0.6900000000000546,5a
JA/YN-100,Arukuiwa,35.8623,138.5889,1752.0,1751.81,0.19000000000005457,5a
JA/YN-101,Torinomuneyama (Tonnomuneyama),35.4987,139.00661,1208.0,1207.07,0.9300000000000637,5a
