{
	"type": "FeatureCollection",
	"features": [
		{
			"type": "Feature",
			"geometry": {
				"type": "Point",
				"coordinates": [
					 137.754,
					 36.7946
				]
			},
			"properties": {
				"name": "JA/NI-001(雪倉岳)",
				"読み":"Yukikuradake",
				"標高":"2611m 10pt ",
				"GL":"PM86vt",
				"市郡区":"C#0816 / G#28003A ",
				"登山日":"",
				"メモ":"",
				"_markerType": "Icon",
				"_iconUrl": "https://maps.gsi.go.jp/portal/sys/v4/symbols/101.png",
				"_iconSize": [
					16,
					16
				],
				"_iconAnchor": [
					8,
					8
				]
			}
		},
		{
			"type": "Feature",
			"geometry": {
				"type": "Point",
				"coordinates": [
					 138.0681,
					 36.9227
				]
			},
			"properties": {
				"name": "JA/NI-002(火打山)",
				"読み":"Hiuchiyama",
				"標高":"2462m 10pt ",
				"GL":"PM96aw",
				"市郡区":"C#0827 / C#0816 ",
				"登山日":"",
				"メモ":"",
				"_markerType": "Icon",
				"_iconUrl": "https://maps.gsi.go.jp/portal/sys/v4/symbols/101.png",
				"_iconSize": [
					16,
					16
				],
				"_iconAnchor": [
					8,
					8
				]
			}
		},
		{
			"type": "Feature",
			"geometry": {
				"type": "Point",
				"coordinates": [
					 138.1135,
					 36.8913
				]
			},
			"properties": {
				"name": "JA/NI-003(妙高山)",
				"読み":"Myoukousan",
				"標高":"2454m 10pt ",
				"GL":"PM96bv",
				"市郡区":"C#0827 ",
				"登山日":"",
				"メモ":"",
				"_markerType": "Icon",
				"_iconUrl": "https://maps.gsi.go.jp/portal/sys/v4/symbols/101.png",
				"_iconSize": [
					16,
					16
				],
				"_iconAnchor": [
					8,
					8
				]
			}
		},
		{
			"type": "Feature",
			"geometry": {
				"type": "Point",
				"coordinates": [
					 138.036,
					 36.921
				]
			},
			"properties": {
				"name": "JA/NI-004(焼山)",
				"読み":"Yakeyama",
				"標高":"2400m 10pt ",
				"GL":"PM96aw",
				"市郡区":"C#0816 / C#0827 ",
				"登山日":"",
				"メモ":"",
				"_markerType": "Icon",
				"_iconUrl": "https://maps.gsi.go.jp/portal/sys/v4/symbols/101.png",
				"_iconSize": [
					16,
					16
				],
				"_iconAnchor": [
					8,
					8
				]
			}
		},
		{
			"type": "Feature",
			"geometry": {
				"type": "Point",
				"coordinates": [
					 138.6903,
					 36.8459
				]
			},
			"properties": {
				"name": "JA/NI-005(苗場山)",
				"読み":"Naebasan",
				"標高":"2145m 10pt ",
				"GL":"PM96iu",
				"市郡区":"G#08008B / G#08015D / G#09010B",
				"登山日":"",
				"メモ":"",
				"_markerType": "Icon",
				"_iconUrl": "https://maps.gsi.go.jp/portal/sys/v4/symbols/101.png",
				"_iconSize": [
					16,
					16
				],
				"_iconAnchor": [
					8,
					8
				]
			}
		},
		{
			"type": "Feature",
			"geometry": {
				"type": "Point",
				"coordinates": [
					 139.1709,
					 37.0021
				]
			},
			"properties": {
				"name": "JA/NI-006(平ヶ岳)",
				"読み":"Hiragatake",
				"標高":"2141m 10pt ",
				"GL":"PM97oa",
				"市郡区":"C#0825 / G#16010I ",
				"登山日":"",
				"メモ":"",
				"_markerType": "Icon",
				"_iconUrl": "https://maps.gsi.go.jp/portal/sys/v4/symbols/101.png",
				"_iconSize": [
					16,
					16
				],
				"_iconAnchor": [
					8,
					8
				]
			}
		},
		{
			"type": "Feature",
			"geometry": {
				"type": "Point",
				"coordinates": [
					 139.6607,
					 37.8332
				]
			},
			"properties": {
				"name": "JA/NI-007(大日岳)",
				"読み":"Dainichidake",
				"標高":"2128m 10pt ",
				"GL":"PM97tt",
				"市郡区":"C#0806 / G#08013E ",
				"登山日":"",
				"メモ":"",
				"_markerType": "Icon",
				"_iconUrl": "https://maps.gsi.go.jp/portal/sys/v4/symbols/101.png",
				"_iconSize": [
					16,
					16
				],
				"_iconAnchor": [
					8,
					8
				]
			}
		},
		{
			"type": "Feature",
			"geometry": {
				"type": "Point",
				"coordinates": [
					 139.7071,
					 37.8549
				]
			},
			"properties": {
				"name": "JA/NI-008(飯豊山)",
				"読み":"Iidesan",
				"標高":"2105m 10pt ",
				"GL":"PM97uu",
				"市郡区":"C#0708 ",
				"登山日":"",
				"メモ":"",
				"_markerType": "Icon",
				"_iconUrl": "https://maps.gsi.go.jp/portal/sys/v4/symbols/101.png",
				"_iconSize": [
					16,
					16
				],
				"_iconAnchor": [
					8,
					8
				]
			}
		},
		{
			"type": "Feature",
			"geometry": {
				"type": "Point",
				"coordinates": [
					 139.0776,
					 37.0852
				]
			},
			"properties": {
				"name": "JA/NI-009(中ノ岳)",
				"読み":"Nakanodake",
				"標高":"2085m 10pt ",
				"GL":"PM97mc",
				"市郡区":"C#0826 / C#0825 ",
				"登山日":"",
				"メモ":"",
				"_markerType": "Icon",
				"_iconUrl": "https://maps.gsi.go.jp/portal/sys/v4/symbols/101.png",
				"_iconSize": [
					16,
					16
				],
				"_iconAnchor": [
					8,
					8
				]
			}
		},
		{
			"type": "Feature",
			"geometry": {
				"type": "Point",
				"coordinates": [
					 138.6894,
					 36.7936
				]
			},
			"properties": {
				"name": "JA/NI-010(ナラズ山)",
				"読み":"Narazuyama",
				"標高":"2052m 10pt ",
				"GL":"PM96it",
				"市郡区":"G#08015D / G#09010B ",
				"登山日":"",
				"メモ":"",
				"_markerType": "Icon",
				"_iconUrl": "https://maps.gsi.go.jp/portal/sys/v4/symbols/101.png",
				"_iconSize": [
					16,
					16
				],
				"_iconAnchor": [
					8,
					8
				]
			}
		},
		{
			"type": "Feature",
			"geometry": {
				"type": "Point",
				"coordinates": [
					 139.6385,
					 37.88
				]
			},
			"properties": {
				"name": "JA/NI-011(北股岳)",
				"読み":"Kitamatadake",
				"標高":"2025m 10pt ",
				"GL":"PM97tv",
				"市郡区":"C#0806 / G#05003B ",
				"登山日":"",
				"メモ":"",
				"_markerType": "Icon",
				"_iconUrl": "https://maps.gsi.go.jp/portal/sys/v4/symbols/101.png",
				"_iconSize": [
					16,
					16
				],
				"_iconAnchor": [
					8,
					8
				]
			}
		},
		{
			"type": "Feature",
			"geometry": {
				"type": "Point",
				"coordinates": [
					 139.0752,
					 37.1236
				]
			},
			"properties": {
				"name": "JA/NI-012(駒ヶ岳)",
				"読み":"Komagatake",
				"標高":"2003m 10pt ",
				"GL":"PM97mc",
				"市郡区":"C#0826 / C#0825 ",
				"登山日":"",
				"メモ":"",
				"_markerType": "Icon",
				"_iconUrl": "https://maps.gsi.go.jp/portal/sys/v4/symbols/101.png",
				"_iconSize": [
					16,
					16
				],
				"_iconAnchor": [
					8,
					8
				]
			}
		},
		{
			"type": "Feature",
			"geometry": {
				"type": "Point",
				"coordinates": [
					 138.9166,
					 36.8491
				]
			},
			"properties": {
				"name": "JA/NI-013(谷川岳(茂倉岳))",
				"読み":"Tanigawadake/Shigekuradake",
				"標高":"1978m 10pt ",
				"GL":"PM96lu",
				"市郡区":"G#08015D / G#16010I ",
				"登山日":"",
				"メモ":"",
				"_markerType": "Icon",
				"_iconUrl": "https://maps.gsi.go.jp/portal/sys/v4/symbols/101.png",
				"_iconSize": [
					16,
					16
				],
				"_iconAnchor": [
					8,
					8
				]
			}
		},
		{
			"type": "Feature",
			"geometry": {
				"type": "Point",
				"coordinates": [
					 139.1482,
					 37.1005
				]
			},
			"properties": {
				"name": "JA/NI-014(荒沢岳)",
				"読み":"Arasawadake",
				"標高":"1969m 10pt ",
				"GL":"PM97nc",
				"市郡区":"C#0825 ",
				"登山日":"",
				"メモ":"",
				"_markerType": "Icon",
				"_iconUrl": "https://maps.gsi.go.jp/portal/sys/v4/symbols/101.png",
				"_iconSize": [
					16,
					16
				],
				"_iconAnchor": [
					8,
					8
				]
			}
		},
		{
			"type": "Feature",
			"geometry": {
				"type": "Point",
				"coordinates": [
					 138.0042,
					 36.8281
				]
			},
			"properties": {
				"name": "JA/NI-015(堂津岳)",
				"読み":"Doutsudake",
				"標高":"1927m 10pt ",
				"GL":"PM96at",
				"市郡区":"C#0827 / G#09005E / C#0901",
				"登山日":"",
				"メモ":"",
				"_markerType": "Icon",
				"_iconUrl": "https://maps.gsi.go.jp/portal/sys/v4/symbols/101.png",
				"_iconSize": [
					16,
					16
				],
				"_iconAnchor": [
					8,
					8
				]
			}
		},
		{
			"type": "Feature",
			"geometry": {
				"type": "Point",
				"coordinates": [
					 139.0979,
					 37.0662
				]
			},
			"properties": {
				"name": "JA/NI-016(兎岳)",
				"読み":"Usagidake",
				"標高":"1926m 10pt ",
				"GL":"PM97nb",
				"市郡区":"C#0826 / C#0825 ",
				"登山日":"",
				"メモ":"",
				"_markerType": "Icon",
				"_iconUrl": "https://maps.gsi.go.jp/portal/sys/v4/symbols/101.png",
				"_iconSize": [
					16,
					16
				],
				"_iconAnchor": [
					8,
					8
				]
			}
		},
		{
			"type": "Feature",
			"geometry": {
				"type": "Point",
				"coordinates": [
					 139.024,
					 37.104
				]
			},
			"properties": {
				"name": "JA/NI-017(八海山(入道岳))",
				"読み":"Hakkaisan/Nyuudoudake",
				"標高":"1778m 10pt ",
				"GL":"PM97mc",
				"市郡区":"C#0826 ",
				"登山日":"",
				"メモ":"",
				"_markerType": "Icon",
				"_iconUrl": "https://maps.gsi.go.jp/portal/sys/v4/symbols/101.png",
				"_iconSize": [
					16,
					16
				],
				"_iconAnchor": [
					8,
					8
				]
			}
		},
		{
			"type": "Feature",
			"geometry": {
				"type": "Point",
				"coordinates": [
					 138.732,
					 36.8049
				]
			},
			"properties": {
				"name": "JA/NI-018(赤湯山)",
				"読み":"Akayuyama",
				"標高":"1655m 10pt ",
				"GL":"PM96it",
				"市郡区":"G#08015D ",
				"登山日":"",
				"メモ":"",
				"_markerType": "Icon",
				"_iconUrl": "https://maps.gsi.go.jp/portal/sys/v4/symbols/101.png",
				"_iconSize": [
					16,
					16
				],
				"_iconAnchor": [
					8,
					8
				]
			}
		},
		{
			"type": "Feature",
			"geometry": {
				"type": "Point",
				"coordinates": [
					 139.6088,
					 37.9426
				]
			},
			"properties": {
				"name": "JA/NI-019(エブリ差岳(エブリ木ヘンに八))",
				"読み":"Eburisashidake",
				"標高":"1636m 10pt ",
				"GL":"PM97tw",
				"市郡区":"G#08001C ",
				"登山日":"",
				"メモ":"",
				"_markerType": "Icon",
				"_iconUrl": "https://maps.gsi.go.jp/portal/sys/v4/symbols/101.png",
				"_iconSize": [
					16,
					16
				],
				"_iconAnchor": [
					8,
					8
				]
			}
		},
		{
			"type": "Feature",
			"geometry": {
				"type": "Point",
				"coordinates": [
					 137.9689,
					 36.9319
				]
			},
			"properties": {
				"name": "JA/NI-020(鋸岳)",
				"読み":"Nokogiridake",
				"標高":"1631m 10pt ",
				"GL":"PM86xw",
				"市郡区":"C#0816 ",
				"登山日":"",
				"メモ":"",
				"_markerType": "Icon",
				"_iconUrl": "https://maps.gsi.go.jp/portal/sys/v4/symbols/101.png",
				"_iconSize": [
					16,
					16
				],
				"_iconAnchor": [
					8,
					8
				]
			}
		},
		{
			"type": "Feature",
			"geometry": {
				"type": "Point",
				"coordinates": [
					 138.8159,
					 36.8543
				]
			},
			"properties": {
				"name": "JA/NI-021(日白山)",
				"読み":"Nihhakusan",
				"標高":"1631m 10pt ",
				"GL":"PM96ju",
				"市郡区":"G#08015D ",
				"登山日":"",
				"メモ":"",
				"_markerType": "Icon",
				"_iconUrl": "https://maps.gsi.go.jp/portal/sys/v4/symbols/101.png",
				"_iconSize": [
					16,
					16
				],
				"_iconAnchor": [
					8,
					8
				]
			}
		},
		{
			"type": "Feature",
			"geometry": {
				"type": "Point",
				"coordinates": [
					 137.9538,
					 36.9388
				]
			},
			"properties": {
				"name": "JA/NI-022(鬼ヶ面山)",
				"読み":"Onigatsurayama",
				"標高":"1591m 10pt ",
				"GL":"PM86xw",
				"市郡区":"C#0816 ",
				"登山日":"",
				"メモ":"",
				"_markerType": "Icon",
				"_iconUrl": "https://maps.gsi.go.jp/portal/sys/v4/symbols/101.png",
				"_iconSize": [
					16,
					16
				],
				"_iconAnchor": [
					8,
					8
				]
			}
		},
		{
			"type": "Feature",
			"geometry": {
				"type": "Point",
				"coordinates": [
					 139.1895,
					 37.1833
				]
			},
			"properties": {
				"name": "JA/NI-023(未丈が岳)",
				"読み":"Mijyougatake",
				"標高":"1553m 10pt ",
				"GL":"PM97oe",
				"市郡区":"C#0825 ",
				"登山日":"",
				"メモ":"",
				"_markerType": "Icon",
				"_iconUrl": "https://maps.gsi.go.jp/portal/sys/v4/symbols/101.png",
				"_iconSize": [
					16,
					16
				],
				"_iconAnchor": [
					8,
					8
				]
			}
		},
		{
			"type": "Feature",
			"geometry": {
				"type": "Point",
				"coordinates": [
					 139.1365,
					 37.3977
				]
			},
			"properties": {
				"name": "JA/NI-024(守門岳)",
				"読み":"Sumondake",
				"標高":"1537m 10pt ",
				"GL":"PM97nj",
				"市郡区":"C#0825 / C#0804 ",
				"登山日":"",
				"メモ":"",
				"_markerType": "Icon",
				"_iconUrl": "https://maps.gsi.go.jp/portal/sys/v4/symbols/101.png",
				"_iconSize": [
					16,
					16
				],
				"_iconAnchor": [
					8,
					8
				]
			}
		},
		{
			"type": "Feature",
			"geometry": {
				"type": "Point",
				"coordinates": [
					 139.174,
					 37.0633
				]
			},
			"properties": {
				"name": "JA/NI-025(大沢山)",
				"読み":"Daisawayama",
				"標高":"1523m 10pt ",
				"GL":"PM97ob",
				"市郡区":"C#0825 ",
				"登山日":"",
				"メモ":"",
				"_markerType": "Icon",
				"_iconUrl": "https://maps.gsi.go.jp/portal/sys/v4/symbols/101.png",
				"_iconSize": [
					16,
					16
				],
				"_iconAnchor": [
					8,
					8
				]
			}
		},
		{
			"type": "Feature",
			"geometry": {
				"type": "Point",
				"coordinates": [
					 137.9748,
					 36.963
				]
			},
			"properties": {
				"name": "JA/NI-026(阿彌陀山)",
				"読み":"Amidayama",
				"標高":"1511m 10pt ",
				"GL":"PM86xx",
				"市郡区":"C#0816 ",
				"登山日":"",
				"メモ":"",
				"_markerType": "Icon",
				"_iconUrl": "https://maps.gsi.go.jp/portal/sys/v4/symbols/101.png",
				"_iconSize": [
					16,
					16
				],
				"_iconAnchor": [
					8,
					8
				]
			}
		},
		{
			"type": "Feature",
			"geometry": {
				"type": "Point",
				"coordinates": [
					 138.1118,
					 36.9523
				]
			},
			"properties": {
				"name": "JA/NI-027(容雅山)",
				"読み":"Yougasan",
				"標高":"1499m 8pt ",
				"GL":"PM96bw",
				"市郡区":"C#0827 / C#0816 ",
				"登山日":"",
				"メモ":"",
				"_markerType": "Icon",
				"_iconUrl": "https://maps.gsi.go.jp/portal/sys/v4/symbols/104.png",
				"_iconSize": [
					16,
					16
				],
				"_iconAnchor": [
					8,
					8
				]
			}
		},
		{
			"type": "Feature",
			"geometry": {
				"type": "Point",
				"coordinates": [
					 138.9389,
					 37.0088
				]
			},
			"properties": {
				"name": "JA/NI-028(点1475)",
				"読み":"P1475",
				"標高":"1475m 8pt ",
				"GL":"PM97la",
				"市郡区":"C#0826 ",
				"登山日":"",
				"メモ":"",
				"_markerType": "Icon",
				"_iconUrl": "https://maps.gsi.go.jp/portal/sys/v4/symbols/104.png",
				"_iconSize": [
					16,
					16
				],
				"_iconAnchor": [
					8,
					8
				]
			}
		},
		{
			"type": "Feature",
			"geometry": {
				"type": "Point",
				"coordinates": [
					 139.1853,
					 37.1476
				]
			},
			"properties": {
				"name": "JA/NI-029(日向倉山)",
				"読み":"Hinatagurayama",
				"標高":"1431m 8pt ",
				"GL":"PM97od",
				"市郡区":"C#0825 ",
				"登山日":"",
				"メモ":"",
				"_markerType": "Icon",
				"_iconUrl": "https://maps.gsi.go.jp/portal/sys/v4/symbols/104.png",
				"_iconSize": [
					16,
					16
				],
				"_iconAnchor": [
					8,
					8
				]
			}
		},
		{
			"type": "Feature",
			"geometry": {
				"type": "Point",
				"coordinates": [
					 138.1316,
					 36.9894
				]
			},
			"properties": {
				"name": "JA/NI-030(大毛無山)",
				"読み":"Oogenashiyama",
				"標高":"1430m 8pt ",
				"GL":"PM96bx",
				"市郡区":"C#0822 / C#0827 ",
				"登山日":"",
				"メモ":"",
				"_markerType": "Icon",
				"_iconUrl": "https://maps.gsi.go.jp/portal/sys/v4/symbols/104.png",
				"_iconSize": [
					16,
					16
				],
				"_iconAnchor": [
					8,
					8
				]
			}
		},
		{
			"type": "Feature",
			"geometry": {
				"type": "Point",
				"coordinates": [
					 139.5043,
					 37.892
				]
			},
			"properties": {
				"name": "JA/NI-031(二本木山)",
				"読み":"Nihonngiyama",
				"標高":"1424m 8pt ",
				"GL":"PM97sv",
				"市郡区":"C#0806 / C#0828 ",
				"登山日":"",
				"メモ":"",
				"_markerType": "Icon",
				"_iconUrl": "https://maps.gsi.go.jp/portal/sys/v4/symbols/104.png",
				"_iconSize": [
					16,
					16
				],
				"_iconAnchor": [
					8,
					8
				]
			}
		},
		{
			"type": "Feature",
			"geometry": {
				"type": "Point",
				"coordinates": [
					 139.5559,
					 37.8635
				]
			},
			"properties": {
				"name": "JA/NI-032(赤津山)",
				"読み":"Akatsuyama",
				"標高":"1408m 8pt ",
				"GL":"PM97su",
				"市郡区":"C#0806 / C#0828 ",
				"登山日":"",
				"メモ":"",
				"_markerType": "Icon",
				"_iconUrl": "https://maps.gsi.go.jp/portal/sys/v4/symbols/104.png",
				"_iconSize": [
					16,
					16
				],
				"_iconAnchor": [
					8,
					8
				]
			}
		},
		{
			"type": "Feature",
			"geometry": {
				"type": "Point",
				"coordinates": [
					 139.5279,
					 37.7956
				]
			},
			"properties": {
				"name": "JA/NI-034(蒜場山)",
				"読み":"Hirubasan",
				"標高":"1363m 8pt ",
				"GL":"PM97st",
				"市郡区":"C#0806 / G#08013E ",
				"登山日":"",
				"メモ":"",
				"_markerType": "Icon",
				"_iconUrl": "https://maps.gsi.go.jp/portal/sys/v4/symbols/104.png",
				"_iconSize": [
					16,
					16
				],
				"_iconAnchor": [
					8,
					8
				]
			}
		},
		{
			"type": "Feature",
			"geometry": {
				"type": "Point",
				"coordinates": [
					 138.9891,
					 37.0125
				]
			},
			"properties": {
				"name": "JA/NI-035(大兜山)",
				"読み":"Ookabutoyama",
				"標高":"1341m 8pt ",
				"GL":"PM97la",
				"市郡区":"C#0826 ",
				"登山日":"",
				"メモ":"",
				"_markerType": "Icon",
				"_iconUrl": "https://maps.gsi.go.jp/portal/sys/v4/symbols/104.png",
				"_iconSize": [
					16,
					16
				],
				"_iconAnchor": [
					8,
					8
				]
			}
		},
		{
			"type": "Feature",
			"geometry": {
				"type": "Point",
				"coordinates": [
					 138.0264,
					 37.0286
				]
			},
			"properties": {
				"name": "JA/NI-036(鉾ヶ岳)",
				"読み":"Hokogatake",
				"標高":"1316m 8pt ",
				"GL":"PM97aa",
				"市郡区":"C#0816 ",
				"登山日":"",
				"メモ":"",
				"_markerType": "Icon",
				"_iconUrl": "https://maps.gsi.go.jp/portal/sys/v4/symbols/104.png",
				"_iconSize": [
					16,
					16
				],
				"_iconAnchor": [
					8,
					8
				]
			}
		},
		{
			"type": "Feature",
			"geometry": {
				"type": "Point",
				"coordinates": [
					 139.1887,
					 37.5552
				]
			},
			"properties": {
				"name": "JA/NI-037(粟ヶ岳)",
				"読み":"Awagatake",
				"標高":"1293m 8pt ",
				"GL":"PM97on",
				"市郡区":"C#0809 / C#0804 ",
				"登山日":"",
				"メモ":"",
				"_markerType": "Icon",
				"_iconUrl": "https://maps.gsi.go.jp/portal/sys/v4/symbols/104.png",
				"_iconSize": [
					16,
					16
				],
				"_iconAnchor": [
					8,
					8
				]
			}
		},
		{
			"type": "Feature",
			"geometry": {
				"type": "Point",
				"coordinates": [
					 137.7111,
					 36.9445
				]
			},
			"properties": {
				"name": "JA/NI-038(白鳥山)",
				"読み":"Shiratoriyama",
				"標高":"1287m 8pt ",
				"GL":"PM86uw",
				"市郡区":"C#0816 / G#28003A ",
				"登山日":"",
				"メモ":"",
				"_markerType": "Icon",
				"_iconUrl": "https://maps.gsi.go.jp/portal/sys/v4/symbols/104.png",
				"_iconSize": [
					16,
					16
				],
				"_iconAnchor": [
					8,
					8
				]
			}
		},
		{
			"type": "Feature",
			"geometry": {
				"type": "Point",
				"coordinates": [
					 139.2661,
					 37.5123
				]
			},
			"properties": {
				"name": "JA/NI-039(矢筈岳)",
				"読み":"Yahazudake",
				"標高":"1258m 8pt ",
				"GL":"PM97pm",
				"市郡区":"C#0818 / C#0804 ",
				"登山日":"",
				"メモ":"",
				"_markerType": "Icon",
				"_iconUrl": "https://maps.gsi.go.jp/portal/sys/v4/symbols/104.png",
				"_iconSize": [
					16,
					16
				],
				"_iconAnchor": [
					8,
					8
				]
			}
		},
		{
			"type": "Feature",
			"geometry": {
				"type": "Point",
				"coordinates": [
					 137.7901,
					 36.9766
				]
			},
			"properties": {
				"name": "JA/NI-040(黒姫山)",
				"読み":"Kurohimeyama",
				"標高":"1222m 8pt ",
				"GL":"PM86vx",
				"市郡区":"C#0816 ",
				"登山日":"",
				"メモ":"",
				"_markerType": "Icon",
				"_iconUrl": "https://maps.gsi.go.jp/portal/sys/v4/symbols/104.png",
				"_iconSize": [
					16,
					16
				],
				"_iconAnchor": [
					8,
					8
				]
			}
		},
		{
			"type": "Feature",
			"geometry": {
				"type": "Point",
				"coordinates": [
					 139.2564,
					 37.5372
				]
			},
			"properties": {
				"name": "JA/NI-041(青里岳)",
				"読み":"Aoridake",
				"標高":"1216m 8pt ",
				"GL":"PM97pm",
				"市郡区":"C#0804 / C#0818 ",
				"登山日":"",
				"メモ":"",
				"_markerType": "Icon",
				"_iconUrl": "https://maps.gsi.go.jp/portal/sys/v4/symbols/104.png",
				"_iconSize": [
					16,
					16
				],
				"_iconAnchor": [
					8,
					8
				]
			}
		},
		{
			"type": "Feature",
			"geometry": {
				"type": "Point",
				"coordinates": [
					 138.1361,
					 37.0312
				]
			},
			"properties": {
				"name": "JA/NI-042(中の岳)",
				"読み":"Nakanodake",
				"標高":"1205m 8pt ",
				"GL":"PM97ba",
				"市郡区":"C#0827 / C#0822 ",
				"登山日":"",
				"メモ":"",
				"_markerType": "Icon",
				"_iconUrl": "https://maps.gsi.go.jp/portal/sys/v4/symbols/104.png",
				"_iconSize": [
					16,
					16
				],
				"_iconAnchor": [
					8,
					8
				]
			}
		},
		{
			"type": "Feature",
			"geometry": {
				"type": "Point",
				"coordinates": [
					 138.7695,
					 36.9438
				]
			},
			"properties": {
				"name": "JA/NI-043(高津倉山)",
				"読み":"Takatsukurayama",
				"標高":"1181m 8pt ",
				"GL":"PM96jw",
				"市郡区":"G#08015D / C#0810 ",
				"登山日":"",
				"メモ":"",
				"_markerType": "Icon",
				"_iconUrl": "https://maps.gsi.go.jp/portal/sys/v4/symbols/104.png",
				"_iconSize": [
					16,
					16
				],
				"_iconAnchor": [
					8,
					8
				]
			}
		},
		{
			"type": "Feature",
			"geometry": {
				"type": "Point",
				"coordinates": [
					 138.3498,
					 38.1039
				]
			},
			"properties": {
				"name": "JA/NI-044(金北山)",
				"読み":"Kinpokusan",
				"標高":"1172m 8pt ",
				"GL":"PM98ec",
				"市郡区":"C#0824 ",
				"登山日":"",
				"メモ":"",
				"_markerType": "Icon",
				"_iconUrl": "https://maps.gsi.go.jp/portal/sys/v4/symbols/104.png",
				"_iconSize": [
					16,
					16
				],
				"_iconAnchor": [
					8,
					8
				]
			}
		},
		{
			"type": "Feature",
			"geometry": {
				"type": "Point",
				"coordinates": [
					 138.7832,
					 36.929
				]
			},
			"properties": {
				"name": "JA/NI-045(大峰)",
				"読み":"Oomine",
				"標高":"1172m 8pt ",
				"GL":"PM96jw",
				"市郡区":"G#08015D ",
				"登山日":"",
				"メモ":"",
				"_markerType": "Icon",
				"_iconUrl": "https://maps.gsi.go.jp/portal/sys/v4/symbols/104.png",
				"_iconSize": [
					16,
					16
				],
				"_iconAnchor": [
					8,
					8
				]
			}
		},
		{
			"type": "Feature",
			"geometry": {
				"type": "Point",
				"coordinates": [
					 139.4575,
					 37.5213
				]
			},
			"properties": {
				"name": "JA/NI-046(笠倉山)",
				"読み":"Kasakurayama",
				"標高":"1140m 8pt ",
				"GL":"PM97rm",
				"市郡区":"G#08013E ",
				"登山日":"",
				"メモ":"",
				"_markerType": "Icon",
				"_iconUrl": "https://maps.gsi.go.jp/portal/sys/v4/symbols/104.png",
				"_iconSize": [
					16,
					16
				],
				"_iconAnchor": [
					8,
					8
				]
			}
		},
		{
			"type": "Feature",
			"geometry": {
				"type": "Point",
				"coordinates": [
					 138.833,
					 36.9564
				]
			},
			"properties": {
				"name": "JA/NI-047(飯士山)",
				"読み":"Iijisan",
				"標高":"1112m 8pt ",
				"GL":"PM96jw",
				"市郡区":"C#0826 / G#08015D ",
				"登山日":"",
				"メモ":"",
				"_markerType": "Icon",
				"_iconUrl": "https://maps.gsi.go.jp/portal/sys/v4/symbols/104.png",
				"_iconSize": [
					16,
					16
				],
				"_iconAnchor": [
					8,
					8
				]
			}
		},
		{
			"type": "Feature",
			"geometry": {
				"type": "Point",
				"coordinates": [
					 139.3657,
					 37.5999
				]
			},
			"properties": {
				"name": "JA/NI-048(鍋倉山)",
				"読み":"Nabekurayama",
				"標高":"1107m 8pt ",
				"GL":"PM97qo",
				"市郡区":"G#08013E ",
				"登山日":"",
				"メモ":"",
				"_markerType": "Icon",
				"_iconUrl": "https://maps.gsi.go.jp/portal/sys/v4/symbols/104.png",
				"_iconSize": [
					16,
					16
				],
				"_iconAnchor": [
					8,
					8
				]
			}
		},
		{
			"type": "Feature",
			"geometry": {
				"type": "Point",
				"coordinates": [
					 139.2984,
					 37.485
				]
			},
			"properties": {
				"name": "JA/NI-049(点1096(駒形山近傍))",
				"読み":"P1096",
				"標高":"1096m 6pt ",
				"GL":"PM97pl",
				"市郡区":"G#08013E / C#0804 ",
				"登山日":"",
				"メモ":"",
				"_markerType": "Icon",
				"_iconUrl": "https://maps.gsi.go.jp/portal/sys/v4/symbols/103.png",
				"_iconSize": [
					16,
					16
				],
				"_iconAnchor": [
					8,
					8
				]
			}
		},
		{
			"type": "Feature",
			"geometry": {
				"type": "Point",
				"coordinates": [
					 139.669,
					 38.2219
				]
			},
			"properties": {
				"name": "JA/NI-050(鷲ヶ巣山)",
				"読み":"Washigasuyama",
				"標高":"1093m 6pt ",
				"GL":"PM98uf",
				"市郡区":"C#0812 ",
				"登山日":"",
				"メモ":"",
				"_markerType": "Icon",
				"_iconUrl": "https://maps.gsi.go.jp/portal/sys/v4/symbols/103.png",
				"_iconSize": [
					16,
					16
				],
				"_iconAnchor": [
					8,
					8
				]
			}
		},
		{
			"type": "Feature",
			"geometry": {
				"type": "Point",
				"coordinates": [
					 139.3453,
					 37.6224
				]
			},
			"properties": {
				"name": "JA/NI-051(日本平山)",
				"読み":"Nihondairayama",
				"標高":"1081m 6pt ",
				"GL":"PM97qo",
				"市郡区":"G#08013E / C#0818 ",
				"登山日":"",
				"メモ":"",
				"_markerType": "Icon",
				"_iconUrl": "https://maps.gsi.go.jp/portal/sys/v4/symbols/103.png",
				"_iconSize": [
					16,
					16
				],
				"_iconAnchor": [
					8,
					8
				]
			}
		},
		{
			"type": "Feature",
			"geometry": {
				"type": "Point",
				"coordinates": [
					 139.0749,
					 37.2613
				]
			},
			"properties": {
				"name": "JA/NI-052(唐松山)",
				"読み":"Karamatsuyama",
				"標高":"1079m 6pt ",
				"GL":"PM97mg",
				"市郡区":"C#0825 ",
				"登山日":"",
				"メモ":"",
				"_markerType": "Icon",
				"_iconUrl": "https://maps.gsi.go.jp/portal/sys/v4/symbols/103.png",
				"_iconSize": [
					16,
					16
				],
				"_iconAnchor": [
					8,
					8
				]
			}
		},
		{
			"type": "Feature",
			"geometry": {
				"type": "Point",
				"coordinates": [
					 139.5882,
					 37.7763
				]
			},
			"properties": {
				"name": "JA/NI-053(筆塚山)",
				"読み":"Fudedukayama",
				"標高":"1068m 6pt ",
				"GL":"PM97ts",
				"市郡区":"G#08013E ",
				"登山日":"",
				"メモ":"",
				"_markerType": "Icon",
				"_iconUrl": "https://maps.gsi.go.jp/portal/sys/v4/symbols/103.png",
				"_iconSize": [
					16,
					16
				],
				"_iconAnchor": [
					8,
					8
				]
			}
		},
		{
			"type": "Feature",
			"geometry": {
				"type": "Point",
				"coordinates": [
					 139.2491,
					 37.4751
				]
			},
			"properties": {
				"name": "JA/NI-054(毛無山)",
				"読み":"Kenashiyama",
				"標高":"1044m 6pt ",
				"GL":"PM97ol",
				"市郡区":"C#0804 ",
				"登山日":"",
				"メモ":"",
				"_markerType": "Icon",
				"_iconUrl": "https://maps.gsi.go.jp/portal/sys/v4/symbols/103.png",
				"_iconSize": [
					16,
					16
				],
				"_iconAnchor": [
					8,
					8
				]
			}
		},
		{
			"type": "Feature",
			"geometry": {
				"type": "Point",
				"coordinates": [
					 139.2431,
					 37.5638
				]
			},
			"properties": {
				"name": "JA/NI-055(点1040(灰ケ岳(三角点)近傍))",
				"読み":"P1040",
				"標高":"1040m 6pt ",
				"GL":"PM97on",
				"市郡区":"C#0818 ",
				"登山日":"",
				"メモ":"",
				"_markerType": "Icon",
				"_iconUrl": "https://maps.gsi.go.jp/portal/sys/v4/symbols/103.png",
				"_iconSize": [
					16,
					16
				],
				"_iconAnchor": [
					8,
					8
				]
			}
		},
		{
			"type": "Feature",
			"geometry": {
				"type": "Point",
				"coordinates": [
					 139.132,
					 37.1947
				]
			},
			"properties": {
				"name": "JA/NI-056(鼓が倉山)",
				"読み":"Tsutsumigakurayama",
				"標高":"1037m 6pt ",
				"GL":"PM97ne",
				"市郡区":"C#0825 ",
				"登山日":"",
				"メモ":"",
				"_markerType": "Icon",
				"_iconUrl": "https://maps.gsi.go.jp/portal/sys/v4/symbols/103.png",
				"_iconSize": [
					16,
					16
				],
				"_iconAnchor": [
					8,
					8
				]
			}
		},
		{
			"type": "Feature",
			"geometry": {
				"type": "Point",
				"coordinates": [
					 138.1594,
					 37.044
				]
			},
			"properties": {
				"name": "JA/NI-057(重倉山)",
				"読み":"Shigekurayama",
				"標高":"1029m 6pt ",
				"GL":"PM97bb",
				"市郡区":"C#0827 / C#0822 ",
				"登山日":"",
				"メモ":"",
				"_markerType": "Icon",
				"_iconUrl": "https://maps.gsi.go.jp/portal/sys/v4/symbols/103.png",
				"_iconSize": [
					16,
					16
				],
				"_iconAnchor": [
					8,
					8
				]
			}
		},
		{
			"type": "Feature",
			"geometry": {
				"type": "Point",
				"coordinates": [
					 139.5026,
					 37.7457
				]
			},
			"properties": {
				"name": "JA/NI-058(棒掛山)",
				"読み":"Bougakeyama",
				"標高":"1025m 6pt ",
				"GL":"PM97sr",
				"市郡区":"G#08013E ",
				"登山日":"",
				"メモ":"",
				"_markerType": "Icon",
				"_iconUrl": "https://maps.gsi.go.jp/portal/sys/v4/symbols/103.png",
				"_iconSize": [
					16,
					16
				],
				"_iconAnchor": [
					8,
					8
				]
			}
		},
		{
			"type": "Feature",
			"geometry": {
				"type": "Point",
				"coordinates": [
					 138.7737,
					 37.0103
				]
			},
			"properties": {
				"name": "JA/NI-059(点1020(当間山近傍))",
				"読み":"P1020",
				"標高":"1020m 6pt ",
				"GL":"PM97ja",
				"市郡区":"C#0810 / C#0826 ",
				"登山日":"",
				"メモ":"",
				"_markerType": "Icon",
				"_iconUrl": "https://maps.gsi.go.jp/portal/sys/v4/symbols/103.png",
				"_iconSize": [
					16,
					16
				],
				"_iconAnchor": [
					8,
					8
				]
			}
		},
		{
			"type": "Feature",
			"geometry": {
				"type": "Point",
				"coordinates": [
					 139.6626,
					 38.1457
				]
			},
			"properties": {
				"name": "JA/NI-060(頭巾山)",
				"読み":"Zukinyama",
				"標高":"1017m 6pt ",
				"GL":"PM98td",
				"市郡区":"G#08001C ",
				"登山日":"",
				"メモ":"",
				"_markerType": "Icon",
				"_iconUrl": "https://maps.gsi.go.jp/portal/sys/v4/symbols/103.png",
				"_iconSize": [
					16,
					16
				],
				"_iconAnchor": [
					8,
					8
				]
			}
		},
		{
			"type": "Feature",
			"geometry": {
				"type": "Point",
				"coordinates": [
					 139.1951,
					 37.6144
				]
			},
			"properties": {
				"name": "JA/NI-061(白山)",
				"読み":"Hakusan",
				"標高":"1012m 6pt ",
				"GL":"PM97oo",
				"市郡区":"C#0818 / C#0809 ",
				"登山日":"",
				"メモ":"",
				"_markerType": "Icon",
				"_iconUrl": "https://maps.gsi.go.jp/portal/sys/v4/symbols/103.png",
				"_iconSize": [
					16,
					16
				],
				"_iconAnchor": [
					8,
					8
				]
			}
		},
		{
			"type": "Feature",
			"geometry": {
				"type": "Point",
				"coordinates": [
					 138.405,
					 38.1783
				]
			},
			"properties": {
				"name": "JA/NI-062(雪畑山)",
				"読み":"Yukihatayama",
				"標高":"1003m 6pt ",
				"GL":"PM98ee",
				"市郡区":"C#0824 ",
				"登山日":"",
				"メモ":"",
				"_markerType": "Icon",
				"_iconUrl": "https://maps.gsi.go.jp/portal/sys/v4/symbols/103.png",
				"_iconSize": [
					16,
					16
				],
				"_iconAnchor": [
					8,
					8
				]
			}
		},
		{
			"type": "Feature",
			"geometry": {
				"type": "Point",
				"coordinates": [
					 139.0426,
					 37.269
				]
			},
			"properties": {
				"name": "JA/NI-063(上権現堂山)",
				"読み":"Kamigongendouyama",
				"標高":"998m 6pt ",
				"GL":"PM97mg",
				"市郡区":"C#0825 ",
				"登山日":"",
				"メモ":"",
				"_markerType": "Icon",
				"_iconUrl": "https://maps.gsi.go.jp/portal/sys/v4/symbols/103.png",
				"_iconSize": [
					16,
					16
				],
				"_iconAnchor": [
					8,
					8
				]
			}
		},
		{
			"type": "Feature",
			"geometry": {
				"type": "Point",
				"coordinates": [
					 138.4839,
					 37.2896
				]
			},
			"properties": {
				"name": "JA/NI-064(米山)",
				"読み":"Yoneyama",
				"標高":"993m 6pt ",
				"GL":"PM97fg",
				"市郡区":"C#0805 / C#0822 ",
				"登山日":"",
				"メモ":"",
				"_markerType": "Icon",
				"_iconUrl": "https://maps.gsi.go.jp/portal/sys/v4/symbols/103.png",
				"_iconSize": [
					16,
					16
				],
				"_iconAnchor": [
					8,
					8
				]
			}
		},
		{
			"type": "Feature",
			"geometry": {
				"type": "Point",
				"coordinates": [
					 139.3289,
					 37.7792
				]
			},
			"properties": {
				"name": "JA/NI-065(菱ヶ岳)",
				"読み":"Hishigatake",
				"標高":"981m 6pt ",
				"GL":"PM97ps",
				"市郡区":"G#08013E / C#0823 ",
				"登山日":"",
				"メモ":"",
				"_markerType": "Icon",
				"_iconUrl": "https://maps.gsi.go.jp/portal/sys/v4/symbols/103.png",
				"_iconSize": [
					16,
					16
				],
				"_iconAnchor": [
					8,
					8
				]
			}
		},
		{
			"type": "Feature",
			"geometry": {
				"type": "Point",
				"coordinates": [
					 139.6926,
					 38.3
				]
			},
			"properties": {
				"name": "JA/NI-066(石黒山)",
				"読み":"Ishiguroyama",
				"標高":"968m 6pt ",
				"GL":"PM98uh",
				"市郡区":"C#0812 ",
				"登山日":"",
				"メモ":"",
				"_markerType": "Icon",
				"_iconUrl": "https://maps.gsi.go.jp/portal/sys/v4/symbols/103.png",
				"_iconSize": [
					16,
					16
				],
				"_iconAnchor": [
					8,
					8
				]
			}
		},
		{
			"type": "Feature",
			"geometry": {
				"type": "Point",
				"coordinates": [
					 139.6358,
					 38.1491
				]
			},
			"properties": {
				"name": "JA/NI-067(光兎山)",
				"読み":"Kousagisan",
				"標高":"966m 6pt ",
				"GL":"PM98td",
				"市郡区":"G#08001C ",
				"登山日":"",
				"メモ":"",
				"_markerType": "Icon",
				"_iconUrl": "https://maps.gsi.go.jp/portal/sys/v4/symbols/103.png",
				"_iconSize": [
					16,
					16
				],
				"_iconAnchor": [
					8,
					8
				]
			}
		},
		{
			"type": "Feature",
			"geometry": {
				"type": "Point",
				"coordinates": [
					 139.6562,
					 38.3156
				]
			},
			"properties": {
				"name": "JA/NI-068(三平山)",
				"読み":"Sanpeiyama",
				"標高":"954m 6pt ",
				"GL":"PM98th",
				"市郡区":"C#0812 ",
				"登山日":"",
				"メモ":"",
				"_markerType": "Icon",
				"_iconUrl": "https://maps.gsi.go.jp/portal/sys/v4/symbols/103.png",
				"_iconSize": [
					16,
					16
				],
				"_iconAnchor": [
					8,
					8
				]
			}
		},
		{
			"type": "Feature",
			"geometry": {
				"type": "Point",
				"coordinates": [
					 138.4518,
					 38.2159
				]
			},
			"properties": {
				"name": "JA/NI-069(山毛﨔ガ平山)",
				"読み":"Bunagahirayama",
				"標高":"947m 6pt ",
				"GL":"PM98ff",
				"市郡区":"C#0824 ",
				"登山日":"",
				"メモ":"",
				"_markerType": "Icon",
				"_iconUrl": "https://maps.gsi.go.jp/portal/sys/v4/symbols/103.png",
				"_iconSize": [
					16,
					16
				],
				"_iconAnchor": [
					8,
					8
				]
			}
		},
		{
			"type": "Feature",
			"geometry": {
				"type": "Point",
				"coordinates": [
					 139.1395,
					 37.2136
				]
			},
			"properties": {
				"name": "JA/NI-070(点939)",
				"読み":"P939",
				"標高":"939m 6pt ",
				"GL":"PM97nf",
				"市郡区":"C#0825 ",
				"登山日":"",
				"メモ":"",
				"_markerType": "Icon",
				"_iconUrl": "https://maps.gsi.go.jp/portal/sys/v4/symbols/103.png",
				"_iconSize": [
					16,
					16
				],
				"_iconAnchor": [
					8,
					8
				]
			}
		},
		{
			"type": "Feature",
			"geometry": {
				"type": "Point",
				"coordinates": [
					 139.0892,
					 37.3006
				]
			},
			"properties": {
				"name": "JA/NI-071(土崩山)",
				"読み":"Tsuchikuzureyama",
				"標高":"934m 6pt ",
				"GL":"PM97nh",
				"市郡区":"C#0825 ",
				"登山日":"",
				"メモ":"",
				"_markerType": "Icon",
				"_iconUrl": "https://maps.gsi.go.jp/portal/sys/v4/symbols/103.png",
				"_iconSize": [
					16,
					16
				],
				"_iconAnchor": [
					8,
					8
				]
			}
		},
		{
			"type": "Feature",
			"geometry": {
				"type": "Point",
				"coordinates": [
					 139.5142,
					 37.9611
				]
			},
			"properties": {
				"name": "JA/NI-072(風倉山)",
				"読み":"Kazekurasan",
				"標高":"931m 6pt ",
				"GL":"PM97sx",
				"市郡区":"C#0828 ",
				"登山日":"",
				"メモ":"",
				"_markerType": "Icon",
				"_iconUrl": "https://maps.gsi.go.jp/portal/sys/v4/symbols/103.png",
				"_iconSize": [
					16,
					16
				],
				"_iconAnchor": [
					8,
					8
				]
			}
		},
		{
			"type": "Feature",
			"geometry": {
				"type": "Point",
				"coordinates": [
					 139.3193,
					 37.5599
				]
			},
			"properties": {
				"name": "JA/NI-073(大山)",
				"読み":"Daiyama",
				"標高":"918m 6pt ",
				"GL":"PM97pn",
				"市郡区":"G#08013E ",
				"登山日":"",
				"メモ":"",
				"_markerType": "Icon",
				"_iconUrl": "https://maps.gsi.go.jp/portal/sys/v4/symbols/103.png",
				"_iconSize": [
					16,
					16
				],
				"_iconAnchor": [
					8,
					8
				]
			}
		},
		{
			"type": "Feature",
			"geometry": {
				"type": "Point",
				"coordinates": [
					 139.3067,
					 37.5418
				]
			},
			"properties": {
				"name": "JA/NI-074(点916)",
				"読み":"P916",
				"標高":"916m 6pt ",
				"GL":"PM97pn",
				"市郡区":"C#0818 ",
				"登山日":"",
				"メモ":"",
				"_markerType": "Icon",
				"_iconUrl": "https://maps.gsi.go.jp/portal/sys/v4/symbols/103.png",
				"_iconSize": [
					16,
					16
				],
				"_iconAnchor": [
					8,
					8
				]
			}
		},
		{
			"type": "Feature",
			"geometry": {
				"type": "Point",
				"coordinates": [
					 138.5921,
					 37.2261
				]
			},
			"properties": {
				"name": "JA/NI-076(黒姫山)",
				"読み":"Kurohimesan",
				"標高":"891m 6pt ",
				"GL":"PM97hf",
				"市郡区":"C#0805 ",
				"登山日":"",
				"メモ":"",
				"_markerType": "Icon",
				"_iconUrl": "https://maps.gsi.go.jp/portal/sys/v4/symbols/103.png",
				"_iconSize": [
					16,
					16
				],
				"_iconAnchor": [
					8,
					8
				]
			}
		},
		{
			"type": "Feature",
			"geometry": {
				"type": "Point",
				"coordinates": [
					 139.3225,
					 37.6646
				]
			},
			"properties": {
				"name": "JA/NI-077(マンダロク山)",
				"読み":"Mandarokuyama",
				"標高":"866m 6pt ",
				"GL":"PM97pp",
				"市郡区":"C#0818 / G#08013E ",
				"登山日":"",
				"メモ":"",
				"_markerType": "Icon",
				"_iconUrl": "https://maps.gsi.go.jp/portal/sys/v4/symbols/103.png",
				"_iconSize": [
					16,
					16
				],
				"_iconAnchor": [
					8,
					8
				]
			}
		},
		{
			"type": "Feature",
			"geometry": {
				"type": "Point",
				"coordinates": [
					 139.4816,
					 37.7969
				]
			},
			"properties": {
				"name": "JA/NI-078(俎倉山)",
				"読み":"Manaitakurayama",
				"標高":"857m 6pt ",
				"GL":"PM97rt",
				"市郡区":"C#0806 / G#08013E ",
				"登山日":"",
				"メモ":"",
				"_markerType": "Icon",
				"_iconUrl": "https://maps.gsi.go.jp/portal/sys/v4/symbols/103.png",
				"_iconSize": [
					16,
					16
				],
				"_iconAnchor": [
					8,
					8
				]
			}
		},
		{
			"type": "Feature",
			"geometry": {
				"type": "Point",
				"coordinates": [
					 139.6975,
					 38.3429
				]
			},
			"properties": {
				"name": "JA/NI-079(点853)",
				"読み":"P853",
				"標高":"853m 6pt ",
				"GL":"PM98ui",
				"市郡区":"C#0812 ",
				"登山日":"",
				"メモ":"",
				"_markerType": "Icon",
				"_iconUrl": "https://maps.gsi.go.jp/portal/sys/v4/symbols/103.png",
				"_iconSize": [
					16,
					16
				],
				"_iconAnchor": [
					8,
					8
				]
			}
		},
		{
			"type": "Feature",
			"geometry": {
				"type": "Point",
				"coordinates": [
					 139.5108,
					 38.3611
				]
			},
			"properties": {
				"name": "JA/NI-080(新保岳)",
				"読み":"Shinbodake",
				"標高":"852m 6pt ",
				"GL":"PM98si",
				"市郡区":"C#0812 ",
				"登山日":"",
				"メモ":"",
				"_markerType": "Icon",
				"_iconUrl": "https://maps.gsi.go.jp/portal/sys/v4/symbols/103.png",
				"_iconSize": [
					16,
					16
				],
				"_iconAnchor": [
					8,
					8
				]
			}
		},
		{
			"type": "Feature",
			"geometry": {
				"type": "Point",
				"coordinates": [
					 139.651,
					 38.2734
				]
			},
			"properties": {
				"name": "JA/NI-081(鹿森山)",
				"読み":"Shikamoriyama",
				"標高":"836m 4pt ",
				"GL":"PM98tg",
				"市郡区":"C#0812 ",
				"登山日":"",
				"メモ":"",
				"_markerType": "Icon",
				"_iconUrl": "https://maps.gsi.go.jp/portal/sys/v4/symbols/828.png",
				"_iconSize": [
					16,
					16
				],
				"_iconAnchor": [
					8,
					8
				]
			}
		},
		{
			"type": "Feature",
			"geometry": {
				"type": "Point",
				"coordinates": [
					 139.6455,
					 38.1039
				]
			},
			"properties": {
				"name": "JA/NI-082(横松(三角点))",
				"読み":"Yokomatsu",
				"標高":"824m 4pt ",
				"GL":"PM98tc",
				"市郡区":"G#08001C ",
				"登山日":"",
				"メモ":"",
				"_markerType": "Icon",
				"_iconUrl": "https://maps.gsi.go.jp/portal/sys/v4/symbols/828.png",
				"_iconSize": [
					16,
					16
				],
				"_iconAnchor": [
					8,
					8
				]
			}
		},
		{
			"type": "Feature",
			"geometry": {
				"type": "Point",
				"coordinates": [
					 139.5029,
					 38.3449
				]
			},
			"properties": {
				"name": "JA/NI-083(登立山)",
				"読み":"Noboritateyama",
				"標高":"820m 4pt ",
				"GL":"PM98si",
				"市郡区":"C#0812 ",
				"登山日":"",
				"メモ":"",
				"_markerType": "Icon",
				"_iconUrl": "https://maps.gsi.go.jp/portal/sys/v4/symbols/828.png",
				"_iconSize": [
					16,
					16
				],
				"_iconAnchor": [
					8,
					8
				]
			}
		},
		{
			"type": "Feature",
			"geometry": {
				"type": "Point",
				"coordinates": [
					 139.6075,
					 38.022
				]
			},
			"properties": {
				"name": "JA/NI-084(葡萄鼻山近傍)",
				"読み":"Near_Budouhanayama",
				"標高":"800m 4pt ",
				"GL":"PM98ta",
				"市郡区":"G#08001C ",
				"登山日":"",
				"メモ":"",
				"_markerType": "Icon",
				"_iconUrl": "https://maps.gsi.go.jp/portal/sys/v4/symbols/828.png",
				"_iconSize": [
					16,
					16
				],
				"_iconAnchor": [
					8,
					8
				]
			}
		},
		{
			"type": "Feature",
			"geometry": {
				"type": "Point",
				"coordinates": [
					 138.9352,
					 37.3986
				]
			},
			"properties": {
				"name": "JA/NI-085(鋸山)",
				"読み":"Nokogiriyama",
				"標高":"765m 4pt ",
				"GL":"PM97lj",
				"市郡区":"C#0802 ",
				"登山日":"",
				"メモ":"",
				"_markerType": "Icon",
				"_iconUrl": "https://maps.gsi.go.jp/portal/sys/v4/symbols/828.png",
				"_iconSize": [
					16,
					16
				],
				"_iconAnchor": [
					8,
					8
				]
			}
		},
		{
			"type": "Feature",
			"geometry": {
				"type": "Point",
				"coordinates": [
					 138.5015,
					 37.2251
				]
			},
			"properties": {
				"name": "JA/NI-086(尾神岳)",
				"読み":"Ogamidake",
				"標高":"757m 4pt ",
				"GL":"PM97gf",
				"市郡区":"C#0822 ",
				"登山日":"",
				"メモ":"",
				"_markerType": "Icon",
				"_iconUrl": "https://maps.gsi.go.jp/portal/sys/v4/symbols/828.png",
				"_iconSize": [
					16,
					16
				],
				"_iconAnchor": [
					8,
					8
				]
			}
		},
		{
			"type": "Feature",
			"geometry": {
				"type": "Point",
				"coordinates": [
					 139.6245,
					 38.1147
				]
			},
			"properties": {
				"name": "JA/NI-087(湯蔵山)",
				"読み":"Yuzousan",
				"標高":"726m 4pt ",
				"GL":"PM98tc",
				"市郡区":"G#08001C ",
				"登山日":"",
				"メモ":"",
				"_markerType": "Icon",
				"_iconUrl": "https://maps.gsi.go.jp/portal/sys/v4/symbols/828.png",
				"_iconSize": [
					16,
					16
				],
				"_iconAnchor": [
					8,
					8
				]
			}
		},
		{
			"type": "Feature",
			"geometry": {
				"type": "Point",
				"coordinates": [
					 139.6047,
					 38.3936
				]
			},
			"properties": {
				"name": "JA/NI-088(鰈山)",
				"読み":"Kareiyama",
				"標高":"709m 4pt ",
				"GL":"PM98tj",
				"市郡区":"C#0812 ",
				"登山日":"",
				"メモ":"",
				"_markerType": "Icon",
				"_iconUrl": "https://maps.gsi.go.jp/portal/sys/v4/symbols/828.png",
				"_iconSize": [
					16,
					16
				],
				"_iconAnchor": [
					8,
					8
				]
			}
		},
		{
			"type": "Feature",
			"geometry": {
				"type": "Point",
				"coordinates": [
					 139.5435,
					 37.6838
				]
			},
			"properties": {
				"name": "JA/NI-089(兎ヶ倉山)",
				"読み":"Usangakurayama",
				"標高":"698m 4pt ",
				"GL":"PM97sq",
				"市郡区":"G#08013E ",
				"登山日":"",
				"メモ":"",
				"_markerType": "Icon",
				"_iconUrl": "https://maps.gsi.go.jp/portal/sys/v4/symbols/828.png",
				"_iconSize": [
					16,
					16
				],
				"_iconAnchor": [
					8,
					8
				]
			}
		},
		{
			"type": "Feature",
			"geometry": {
				"type": "Point",
				"coordinates": [
					 138.9862,
					 37.3198
				]
			},
			"properties": {
				"name": "JA/NI-090(鳥屋ガ峰)",
				"読み":"Toyagamine",
				"標高":"681m 4pt ",
				"GL":"PM97lh",
				"市郡区":"C#0825 ",
				"登山日":"",
				"メモ":"",
				"_markerType": "Icon",
				"_iconUrl": "https://maps.gsi.go.jp/portal/sys/v4/symbols/828.png",
				"_iconSize": [
					16,
					16
				],
				"_iconAnchor": [
					8,
					8
				]
			}
		},
		{
			"type": "Feature",
			"geometry": {
				"type": "Point",
				"coordinates": [
					 138.525,
					 37.2196
				]
			},
			"properties": {
				"name": "JA/NI-091(兜巾山)",
				"読み":"Tokinzan",
				"標高":"676m 4pt ",
				"GL":"PM97gf",
				"市郡区":"C#0805 / C#0822 ",
				"登山日":"",
				"メモ":"",
				"_markerType": "Icon",
				"_iconUrl": "https://maps.gsi.go.jp/portal/sys/v4/symbols/828.png",
				"_iconSize": [
					16,
					16
				],
				"_iconAnchor": [
					8,
					8
				]
			}
		},
		{
			"type": "Feature",
			"geometry": {
				"type": "Point",
				"coordinates": [
					 139.4232,
					 37.716
				]
			},
			"properties": {
				"name": "JA/NI-092(白髭山)",
				"読み":"Shirahigeyama",
				"標高":"657m 4pt ",
				"GL":"PM97rr",
				"市郡区":"G#08013E ",
				"登山日":"",
				"メモ":"",
				"_markerType": "Icon",
				"_iconUrl": "https://maps.gsi.go.jp/portal/sys/v4/symbols/828.png",
				"_iconSize": [
					16,
					16
				],
				"_iconAnchor": [
					8,
					8
				]
			}
		},
		{
			"type": "Feature",
			"geometry": {
				"type": "Point",
				"coordinates": [
					 139.0538,
					 37.195
				]
			},
			"properties": {
				"name": "JA/NI-093(ナメトコ山)",
				"読み":"Nametokoyama",
				"標高":"654m 4pt ",
				"GL":"PM97me",
				"市郡区":"C#0825 ",
				"登山日":"",
				"メモ":"",
				"_markerType": "Icon",
				"_iconUrl": "https://maps.gsi.go.jp/portal/sys/v4/symbols/828.png",
				"_iconSize": [
					16,
					16
				],
				"_iconAnchor": [
					8,
					8
				]
			}
		},
		{
			"type": "Feature",
			"geometry": {
				"type": "Point",
				"coordinates": [
					 138.4796,
					 37.9586
				]
			},
			"properties": {
				"name": "JA/NI-094(大地山)",
				"読み":"Oojiyama",
				"標高":"646m 2pt ",
				"GL":"PM97fx",
				"市郡区":"C#0824 ",
				"登山日":"",
				"メモ":"",
				"_markerType": "Icon",
				"_iconUrl": "https://maps.gsi.go.jp/portal/sys/v4/symbols/102.png",
				"_iconSize": [
					16,
					16
				],
				"_iconAnchor": [
					8,
					8
				]
			}
		},
		{
			"type": "Feature",
			"geometry": {
				"type": "Point",
				"coordinates": [
					 139.1297,
					 37.4802
				]
			},
			"properties": {
				"name": "JA/NI-095(点645)",
				"読み":"P645",
				"標高":"645m 2pt ",
				"GL":"PM97nl",
				"市郡区":"C#0804 ",
				"登山日":"",
				"メモ":"",
				"_markerType": "Icon",
				"_iconUrl": "https://maps.gsi.go.jp/portal/sys/v4/symbols/102.png",
				"_iconSize": [
					16,
					16
				],
				"_iconAnchor": [
					8,
					8
				]
			}
		},
		{
			"type": "Feature",
			"geometry": {
				"type": "Point",
				"coordinates": [
					 138.6725,
					 37.0823
				]
			},
			"properties": {
				"name": "JA/NI-096(城山)",
				"読み":"Jyouyama",
				"標高":"641m 2pt ",
				"GL":"PM97ib",
				"市郡区":"C#0810 ",
				"登山日":"",
				"メモ":"",
				"_markerType": "Icon",
				"_iconUrl": "https://maps.gsi.go.jp/portal/sys/v4/symbols/102.png",
				"_iconSize": [
					16,
					16
				],
				"_iconAnchor": [
					8,
					8
				]
			}
		},
		{
			"type": "Feature",
			"geometry": {
				"type": "Point",
				"coordinates": [
					 138.3987,
					 37.9327
				]
			},
			"properties": {
				"name": "JA/NI-097(経塚山)",
				"読み":"Kyoudukasan",
				"標高":"636m 2pt ",
				"GL":"PM97ew",
				"市郡区":"C#0824 ",
				"登山日":"",
				"メモ":"",
				"_markerType": "Icon",
				"_iconUrl": "https://maps.gsi.go.jp/portal/sys/v4/symbols/102.png",
				"_iconSize": [
					16,
					16
				],
				"_iconAnchor": [
					8,
					8
				]
			}
		},
		{
			"type": "Feature",
			"geometry": {
				"type": "Point",
				"coordinates": [
					 138.8089,
					 37.7047
				]
			},
			"properties": {
				"name": "JA/NI-098(弥彦山)",
				"読み":"Yahikoyama",
				"標高":"634m 2pt ",
				"GL":"PM97jq",
				"市郡区":"G#08011I / C#0802 ",
				"登山日":"",
				"メモ":"",
				"_markerType": "Icon",
				"_iconUrl": "https://maps.gsi.go.jp/portal/sys/v4/symbols/102.png",
				"_iconSize": [
					16,
					16
				],
				"_iconAnchor": [
					8,
					8
				]
			}
		},
		{
			"type": "Feature",
			"geometry": {
				"type": "Point",
				"coordinates": [
					 139.6183,
					 38.3755
				]
			},
			"properties": {
				"name": "JA/NI-099(天蓋山)",
				"読み":"Tengaisan",
				"標高":"634m 2pt ",
				"GL":"PM98tj",
				"市郡区":"C#0812 ",
				"登山日":"",
				"メモ":"",
				"_markerType": "Icon",
				"_iconUrl": "https://maps.gsi.go.jp/portal/sys/v4/symbols/102.png",
				"_iconSize": [
					16,
					16
				],
				"_iconAnchor": [
					8,
					8
				]
			}
		},
		{
			"type": "Feature",
			"geometry": {
				"type": "Point",
				"coordinates": [
					 139.6364,
					 38.4114
				]
			},
			"properties": {
				"name": "JA/NI-100(阿南沢(三角点))",
				"読み":"Ananzawa",
				"標高":"633m 2pt ",
				"GL":"PM98tj",
				"市郡区":"C#0812 ",
				"登山日":"",
				"メモ":"",
				"_markerType": "Icon",
				"_iconUrl": "https://maps.gsi.go.jp/portal/sys/v4/symbols/102.png",
				"_iconSize": [
					16,
					16
				],
				"_iconAnchor": [
					8,
					8
				]
			}
		},
		{
			"type": "Feature",
			"geometry": {
				"type": "Point",
				"coordinates": [
					 139.2642,
					 37.6503
				]
			},
			"properties": {
				"name": "JA/NI-101(権現山)",
				"読み":"Gongenyama",
				"標高":"631m 2pt ",
				"GL":"PM97pp",
				"市郡区":"C#0818 ",
				"登山日":"",
				"メモ":"",
				"_markerType": "Icon",
				"_iconUrl": "https://maps.gsi.go.jp/portal/sys/v4/symbols/102.png",
				"_iconSize": [
					16,
					16
				],
				"_iconAnchor": [
					8,
					8
				]
			}
		},
		{
			"type": "Feature",
			"geometry": {
				"type": "Point",
				"coordinates": [
					 139.7262,
					 38.2604
				]
			},
			"properties": {
				"name": "JA/NI-102(点630)",
				"読み":"P630",
				"標高":"630m 2pt ",
				"GL":"PM98ug",
				"市郡区":"C#0812 ",
				"登山日":"",
				"メモ":"",
				"_markerType": "Icon",
				"_iconUrl": "https://maps.gsi.go.jp/portal/sys/v4/symbols/102.png",
				"_iconSize": [
					16,
					16
				],
				"_iconAnchor": [
					8,
					8
				]
			}
		},
		{
			"type": "Feature",
			"geometry": {
				"type": "Point",
				"coordinates": [
					 139.0691,
					 37.3324
				]
			},
			"properties": {
				"name": "JA/NI-103(ほとら峯)",
				"読み":"Hotoramine",
				"標高":"630m 2pt ",
				"GL":"PM97mh",
				"市郡区":"C#0825 ",
				"登山日":"",
				"メモ":"",
				"_markerType": "Icon",
				"_iconUrl": "https://maps.gsi.go.jp/portal/sys/v4/symbols/102.png",
				"_iconSize": [
					16,
					16
				],
				"_iconAnchor": [
					8,
					8
				]
			}
		},
		{
			"type": "Feature",
			"geometry": {
				"type": "Point",
				"coordinates": [
					 139.3884,
					 37.7631
				]
			},
			"properties": {
				"name": "JA/NI-104(笠菅山)",
				"読み":"Kasasugayama",
				"標高":"615m 2pt ",
				"GL":"PM97qs",
				"市郡区":"G#08013E ",
				"登山日":"",
				"メモ":"",
				"_markerType": "Icon",
				"_iconUrl": "https://maps.gsi.go.jp/portal/sys/v4/symbols/102.png",
				"_iconSize": [
					16,
					16
				],
				"_iconAnchor": [
					8,
					8
				]
			}
		},
		{
			"type": "Feature",
			"geometry": {
				"type": "Point",
				"coordinates": [
					 138.5214,
					 38.0238
				]
			},
			"properties": {
				"name": "JA/NI-105(大隅山)",
				"読み":"Oosumiyama",
				"標高":"610m 2pt ",
				"GL":"PM98ga",
				"市郡区":"C#0824 ",
				"登山日":"",
				"メモ":"",
				"_markerType": "Icon",
				"_iconUrl": "https://maps.gsi.go.jp/portal/sys/v4/symbols/102.png",
				"_iconSize": [
					16,
					16
				],
				"_iconAnchor": [
					8,
					8
				]
			}
		},
		{
			"type": "Feature",
			"geometry": {
				"type": "Point",
				"coordinates": [
					 138.9658,
					 37.3788
				]
			},
			"properties": {
				"name": "JA/NI-106(三本ぶな山)",
				"読み":"Sanbonbunayama",
				"標高":"606m 2pt ",
				"GL":"PM97lj",
				"市郡区":"C#0802 / C#0825 ",
				"登山日":"",
				"メモ":"",
				"_markerType": "Icon",
				"_iconUrl": "https://maps.gsi.go.jp/portal/sys/v4/symbols/102.png",
				"_iconSize": [
					16,
					16
				],
				"_iconAnchor": [
					8,
					8
				]
			}
		},
		{
			"type": "Feature",
			"geometry": {
				"type": "Point",
				"coordinates": [
					 138.0742,
					 37.0913
				]
			},
			"properties": {
				"name": "JA/NI-107(峰山)",
				"読み":"Mineyama",
				"標高":"599m 2pt ",
				"GL":"PM97ac",
				"市郡区":"C#0816 / C#0822 ",
				"登山日":"",
				"メモ":"",
				"_markerType": "Icon",
				"_iconUrl": "https://maps.gsi.go.jp/portal/sys/v4/symbols/102.png",
				"_iconSize": [
					16,
					16
				],
				"_iconAnchor": [
					8,
					8
				]
			}
		},
		{
			"type": "Feature",
			"geometry": {
				"type": "Point",
				"coordinates": [
					 138.8708,
					 37.3482
				]
			},
			"properties": {
				"name": "JA/NI-108(金倉山)",
				"読み":"Kanagurayama",
				"標高":"582m 2pt ",
				"GL":"PM97ki",
				"市郡区":"C#0808 / C#0802 ",
				"登山日":"",
				"メモ":"",
				"_markerType": "Icon",
				"_iconUrl": "https://maps.gsi.go.jp/portal/sys/v4/symbols/102.png",
				"_iconSize": [
					16,
					16
				],
				"_iconAnchor": [
					8,
					8
				]
			}
		},
		{
			"type": "Feature",
			"geometry": {
				"type": "Point",
				"coordinates": [
					 139.4792,
					 38.0795
				]
			},
			"properties": {
				"name": "JA/NI-110(高坪山)",
				"読み":"Takatsuboyama",
				"標高":"571m 2pt ",
				"GL":"PM98rb",
				"市郡区":"C#0828 / C#0812 ",
				"登山日":"",
				"メモ":"",
				"_markerType": "Icon",
				"_iconUrl": "https://maps.gsi.go.jp/portal/sys/v4/symbols/102.png",
				"_iconSize": [
					16,
					16
				],
				"_iconAnchor": [
					8,
					8
				]
			}
		},
		{
			"type": "Feature",
			"geometry": {
				"type": "Point",
				"coordinates": [
					 139.4276,
					 38.0206
				]
			},
			"properties": {
				"name": "JA/NI-111(櫛形山)",
				"読み":"Kushigatayama",
				"標高":"568m 2pt ",
				"GL":"PM98ra",
				"市郡区":"C#0828 / C#0806 ",
				"登山日":"",
				"メモ":"",
				"_markerType": "Icon",
				"_iconUrl": "https://maps.gsi.go.jp/portal/sys/v4/symbols/102.png",
				"_iconSize": [
					16,
					16
				],
				"_iconAnchor": [
					8,
					8
				]
			}
		},
		{
			"type": "Feature",
			"geometry": {
				"type": "Point",
				"coordinates": [
					 139.5969,
					 38.5251
				]
			},
			"properties": {
				"name": "JA/NI-112(日本国)",
				"読み":"Nihongoku",
				"標高":"555m 2pt ",
				"GL":"PM98tm",
				"市郡区":"C#0812 / C#0503 ",
				"登山日":"",
				"メモ":"",
				"_markerType": "Icon",
				"_iconUrl": "https://maps.gsi.go.jp/portal/sys/v4/symbols/102.png",
				"_iconSize": [
					16,
					16
				],
				"_iconAnchor": [
					8,
					8
				]
			}
		},
		{
			"type": "Feature",
			"geometry": {
				"type": "Point",
				"coordinates": [
					 138.5271,
					 37.1368
				]
			},
			"properties": {
				"name": "JA/NI-113(鍋立山)",
				"読み":"Nabetachiyama",
				"標高":"541m 2pt ",
				"GL":"PM97gd",
				"市郡区":"C#0810 / C#0822 ",
				"登山日":"",
				"メモ":"",
				"_markerType": "Icon",
				"_iconUrl": "https://maps.gsi.go.jp/portal/sys/v4/symbols/102.png",
				"_iconSize": [
					16,
					16
				],
				"_iconAnchor": [
					8,
					8
				]
			}
		},
		{
			"type": "Feature",
			"geometry": {
				"type": "Point",
				"coordinates": [
					 139.6045,
					 38.1945
				]
			},
			"properties": {
				"name": "JA/NI-114(石黒山)",
				"読み":"Ishiguroyama",
				"標高":"539m 2pt ",
				"GL":"PM98te",
				"市郡区":"C#0812 ",
				"登山日":"",
				"メモ":"",
				"_markerType": "Icon",
				"_iconUrl": "https://maps.gsi.go.jp/portal/sys/v4/symbols/102.png",
				"_iconSize": [
					16,
					16
				],
				"_iconAnchor": [
					8,
					8
				]
			}
		},
		{
			"type": "Feature",
			"geometry": {
				"type": "Point",
				"coordinates": [
					 139.3343,
					 37.714
				]
			},
			"properties": {
				"name": "JA/NI-115(東山(三角点))",
				"読み":"Higashiyama",
				"標高":"534m 2pt ",
				"GL":"PM97qr",
				"市郡区":"G#08013E ",
				"登山日":"",
				"メモ":"",
				"_markerType": "Icon",
				"_iconUrl": "https://maps.gsi.go.jp/portal/sys/v4/symbols/102.png",
				"_iconSize": [
					16,
					16
				],
				"_iconAnchor": [
					8,
					8
				]
			}
		},
		{
			"type": "Feature",
			"geometry": {
				"type": "Point",
				"coordinates": [
					 138.2477,
					 36.9758
				]
			},
			"properties": {
				"name": "JA/NI-116(高床山)",
				"読み":"Takatokoyama",
				"標高":"528m 2pt ",
				"GL":"PM96cx",
				"市郡区":"C#0827 / C#0822 ",
				"登山日":"",
				"メモ":"",
				"_markerType": "Icon",
				"_iconUrl": "https://maps.gsi.go.jp/portal/sys/v4/symbols/102.png",
				"_iconSize": [
					16,
					16
				],
				"_iconAnchor": [
					8,
					8
				]
			}
		},
		{
			"type": "Feature",
			"geometry": {
				"type": "Point",
				"coordinates": [
					 139.3515,
					 37.7358
				]
			},
			"properties": {
				"name": "JA/NI-117(黒山(三角点))",
				"読み":"Kuroyama",
				"標高":"528m 2pt ",
				"GL":"PM97qr",
				"市郡区":"G#08013E ",
				"登山日":"",
				"メモ":"",
				"_markerType": "Icon",
				"_iconUrl": "https://maps.gsi.go.jp/portal/sys/v4/symbols/102.png",
				"_iconSize": [
					16,
					16
				],
				"_iconAnchor": [
					8,
					8
				]
			}
		},
		{
			"type": "Feature",
			"geometry": {
				"type": "Point",
				"coordinates": [
					 139.1222,
					 37.5537
				]
			},
			"properties": {
				"name": "JA/NI-118(袴腰山)",
				"読み":"Hakamagoshiyama",
				"標高":"526m 2pt ",
				"GL":"PM97nn",
				"市郡区":"C#0804 ",
				"登山日":"",
				"メモ":"",
				"_markerType": "Icon",
				"_iconUrl": "https://maps.gsi.go.jp/portal/sys/v4/symbols/102.png",
				"_iconSize": [
					16,
					16
				],
				"_iconAnchor": [
					8,
					8
				]
			}
		},
		{
			"type": "Feature",
			"geometry": {
				"type": "Point",
				"coordinates": [
					 138.6592,
					 37.3078
				]
			},
			"properties": {
				"name": "JA/NI-119(八石山)",
				"読み":"Hachikokusan",
				"標高":"518m 2pt ",
				"GL":"PM97hh",
				"市郡区":"C#0802 / C#0805 ",
				"登山日":"",
				"メモ":"",
				"_markerType": "Icon",
				"_iconUrl": "https://maps.gsi.go.jp/portal/sys/v4/symbols/102.png",
				"_iconSize": [
					16,
					16
				],
				"_iconAnchor": [
					8,
					8
				]
			}
		},
		{
			"type": "Feature",
			"geometry": {
				"type": "Point",
				"coordinates": [
					 139.6638,
					 38.5086
				]
			},
			"properties": {
				"name": "JA/NI-120(高鳥屋)",
				"読み":"Takatoya",
				"標高":"513m 2pt ",
				"GL":"PM98tm",
				"市郡区":"C#0812 / C#0503 ",
				"登山日":"",
				"メモ":"",
				"_markerType": "Icon",
				"_iconUrl": "https://maps.gsi.go.jp/portal/sys/v4/symbols/102.png",
				"_iconSize": [
					16,
					16
				],
				"_iconAnchor": [
					8,
					8
				]
			}
		},
		{
			"type": "Feature",
			"geometry": {
				"type": "Point",
				"coordinates": [
					 139.5856,
					 38.503
				]
			},
			"properties": {
				"name": "JA/NI-121(源賀山)",
				"読み":"Gengayama",
				"標高":"510m 2pt ",
				"GL":"PM98tm",
				"市郡区":"C#0812 ",
				"登山日":"",
				"メモ":"",
				"_markerType": "Icon",
				"_iconUrl": "https://maps.gsi.go.jp/portal/sys/v4/symbols/102.png",
				"_iconSize": [
					16,
					16
				],
				"_iconAnchor": [
					8,
					8
				]
			}
		},
		{
			"type": "Feature",
			"geometry": {
				"type": "Point",
				"coordinates": [
					 138.4749,
					 37.1495
				]
			},
			"properties": {
				"name": "JA/NI-122(霧ヶ岳)",
				"読み":"Kirigatake",
				"標高":"507m 2pt ",
				"GL":"PM97fd",
				"市郡区":"C#0822 ",
				"登山日":"",
				"メモ":"",
				"_markerType": "Icon",
				"_iconUrl": "https://maps.gsi.go.jp/portal/sys/v4/symbols/102.png",
				"_iconSize": [
					16,
					16
				],
				"_iconAnchor": [
					8,
					8
				]
			}
		},
		{
			"type": "Feature",
			"geometry": {
				"type": "Point",
				"coordinates": [
					 139.6154,
					 38.2073
				]
			},
			"properties": {
				"name": "JA/NI-123(点504)",
				"読み":"P504",
				"標高":"504m 2pt ",
				"GL":"PM98te",
				"市郡区":"C#0812 ",
				"登山日":"",
				"メモ":"",
				"_markerType": "Icon",
				"_iconUrl": "https://maps.gsi.go.jp/portal/sys/v4/symbols/102.png",
				"_iconSize": [
					16,
					16
				],
				"_iconAnchor": [
					8,
					8
				]
			}
		},
		{
			"type": "Feature",
			"geometry": {
				"type": "Point",
				"coordinates": [
					 139.4889,
					 37.715
				]
			},
			"properties": {
				"name": "JA/NI-124(黒崎山)",
				"読み":"Kurosakiyama",
				"標高":"500m 2pt ",
				"GL":"PM97rr",
				"市郡区":"G#08013E ",
				"登山日":"",
				"メモ":"",
				"_markerType": "Icon",
				"_iconUrl": "https://maps.gsi.go.jp/portal/sys/v4/symbols/102.png",
				"_iconSize": [
					16,
					16
				],
				"_iconAnchor": [
					8,
					8
				]
			}
		},
		{
			"type": "Feature",
			"geometry": {
				"type": "Point",
				"coordinates": [
					 139.5324,
					 38.4583
				]
			},
			"properties": {
				"name": "JA/NI-125(烏帽子岳)",
				"読み":"Eboshidake",
				"標高":"489m 1pt ",
				"GL":"PM98sk",
				"市郡区":"C#0812 ",
				"登山日":"",
				"メモ":"",
				"_markerType": "Icon",
				"_iconUrl": "https://maps.gsi.go.jp/portal/sys/v4/symbols/826.png",
				"_iconSize": [
					16,
					16
				],
				"_iconAnchor": [
					8,
					8
				]
			}
		},
		{
			"type": "Feature",
			"geometry": {
				"type": "Point",
				"coordinates": [
					 138.631,
					 37.1605
				]
			},
			"properties": {
				"name": "JA/NI-126(薬師(三角点))",
				"読み":"Yakushi",
				"標高":"484m 1pt ",
				"GL":"PM97hd",
				"市郡区":"C#0810 ",
				"登山日":"",
				"メモ":"",
				"_markerType": "Icon",
				"_iconUrl": "https://maps.gsi.go.jp/portal/sys/v4/symbols/826.png",
				"_iconSize": [
					16,
					16
				],
				"_iconAnchor": [
					8,
					8
				]
			}
		},
		{
			"type": "Feature",
			"geometry": {
				"type": "Point",
				"coordinates": [
					 138.8369,
					 37.7805
				]
			},
			"properties": {
				"name": "JA/NI-127(角田山)",
				"読み":"Kakudayama",
				"標高":"480m 1pt ",
				"GL":"PM97ks",
				"市郡区":"C#080108 ",
				"登山日":"",
				"メモ":"",
				"_markerType": "Icon",
				"_iconUrl": "https://maps.gsi.go.jp/portal/sys/v4/symbols/826.png",
				"_iconSize": [
					16,
					16
				],
				"_iconAnchor": [
					8,
					8
				]
			}
		},
		{
			"type": "Feature",
			"geometry": {
				"type": "Point",
				"coordinates": [
					 138.5191,
					 37.3191
				]
			},
			"properties": {
				"name": "JA/NI-128(谷根(三角点)近傍)",
				"読み":"Near_Tanne",
				"標高":"460m 1pt ",
				"GL":"PM97gh",
				"市郡区":"C#0805 ",
				"登山日":"",
				"メモ":"",
				"_markerType": "Icon",
				"_iconUrl": "https://maps.gsi.go.jp/portal/sys/v4/symbols/826.png",
				"_iconSize": [
					16,
					16
				],
				"_iconAnchor": [
					8,
					8
				]
			}
		},
		{
			"type": "Feature",
			"geometry": {
				"type": "Point",
				"coordinates": [
					 139.6263,
					 38.4938
				]
			},
			"properties": {
				"name": "JA/NI-129(点453)",
				"読み":"P453",
				"標高":"453m 1pt ",
				"GL":"PM98tl",
				"市郡区":"C#0812 ",
				"登山日":"",
				"メモ":"",
				"_markerType": "Icon",
				"_iconUrl": "https://maps.gsi.go.jp/portal/sys/v4/symbols/826.png",
				"_iconSize": [
					16,
					16
				],
				"_iconAnchor": [
					8,
					8
				]
			}
		},
		{
			"type": "Feature",
			"geometry": {
				"type": "Point",
				"coordinates": [
					 139.4879,
					 38.2728
				]
			},
			"properties": {
				"name": "JA/NI-130(点440)",
				"読み":"P440",
				"標高":"440m 1pt ",
				"GL":"PM98rg",
				"市郡区":"C#0812 ",
				"登山日":"",
				"メモ":"",
				"_markerType": "Icon",
				"_iconUrl": "https://maps.gsi.go.jp/portal/sys/v4/symbols/826.png",
				"_iconSize": [
					16,
					16
				],
				"_iconAnchor": [
					8,
					8
				]
			}
		},
		{
			"type": "Feature",
			"geometry": {
				"type": "Point",
				"coordinates": [
					 139.5145,
					 38.1278
				]
			},
			"properties": {
				"name": "JA/NI-131(朴坂山)",
				"読み":"Houzakayama",
				"標高":"438m 1pt ",
				"GL":"PM98sd",
				"市郡区":"G#08001C / C#0812 ",
				"登山日":"",
				"メモ":"",
				"_markerType": "Icon",
				"_iconUrl": "https://maps.gsi.go.jp/portal/sys/v4/symbols/826.png",
				"_iconSize": [
					16,
					16
				],
				"_iconAnchor": [
					8,
					8
				]
			}
		},
		{
			"type": "Feature",
			"geometry": {
				"type": "Point",
				"coordinates": [
					 139.584,
					 38.4594
				]
			},
			"properties": {
				"name": "JA/NI-132(ハゲタ山)",
				"読み":"Hagetayama",
				"標高":"411m 1pt ",
				"GL":"PM98tl",
				"市郡区":"C#0812 ",
				"登山日":"",
				"メモ":"",
				"_markerType": "Icon",
				"_iconUrl": "https://maps.gsi.go.jp/portal/sys/v4/symbols/826.png",
				"_iconSize": [
					16,
					16
				],
				"_iconAnchor": [
					8,
					8
				]
			}
		},
		{
			"type": "Feature",
			"geometry": {
				"type": "Point",
				"coordinates": [
					 139.5848,
					 38.3067
				]
			},
			"properties": {
				"name": "JA/NI-133(関口(三角点))",
				"読み":"Sekiguchi",
				"標高":"411m 1pt ",
				"GL":"PM98th",
				"市郡区":"C#0812 ",
				"登山日":"",
				"メモ":"",
				"_markerType": "Icon",
				"_iconUrl": "https://maps.gsi.go.jp/portal/sys/v4/symbols/826.png",
				"_iconSize": [
					16,
					16
				],
				"_iconAnchor": [
					8,
					8
				]
			}
		},
		{
			"type": "Feature",
			"geometry": {
				"type": "Point",
				"coordinates": [
					 138.46,
					 37.1774
				]
			},
			"properties": {
				"name": "JA/NI-134(小蒲生田(三角点))",
				"読み":"Kogamoda",
				"標高":"396m 1pt ",
				"GL":"PM97fe",
				"市郡区":"C#0822 ",
				"登山日":"",
				"メモ":"",
				"_markerType": "Icon",
				"_iconUrl": "https://maps.gsi.go.jp/portal/sys/v4/symbols/826.png",
				"_iconSize": [
					16,
					16
				],
				"_iconAnchor": [
					8,
					8
				]
			}
		},
		{
			"type": "Feature",
			"geometry": {
				"type": "Point",
				"coordinates": [
					 138.4515,
					 37.3179
				]
			},
			"properties": {
				"name": "JA/NI-135(城山)",
				"読み":"Jyouyama",
				"標高":"367m 1pt ",
				"GL":"PM97fh",
				"市郡区":"C#0805 ",
				"登山日":"",
				"メモ":"",
				"_markerType": "Icon",
				"_iconUrl": "https://maps.gsi.go.jp/portal/sys/v4/symbols/826.png",
				"_iconSize": [
					16,
					16
				],
				"_iconAnchor": [
					8,
					8
				]
			}
		},
		{
			"type": "Feature",
			"geometry": {
				"type": "Point",
				"coordinates": [
					 138.7273,
					 37.4907
				]
			},
			"properties": {
				"name": "JA/NI-136(芝峠(三角点))",
				"読み":"Shibatouge",
				"標高":"357m 1pt ",
				"GL":"PM97il",
				"市郡区":"C#0802 / G#08007C ",
				"登山日":"",
				"メモ":"",
				"_markerType": "Icon",
				"_iconUrl": "https://maps.gsi.go.jp/portal/sys/v4/symbols/826.png",
				"_iconSize": [
					16,
					16
				],
				"_iconAnchor": [
					8,
					8
				]
			}
		},
		{
			"type": "Feature",
			"geometry": {
				"type": "Point",
				"coordinates": [
					 139.1057,
					 37.6449
				]
			},
			"properties": {
				"name": "JA/NI-137(猿毛岳)",
				"読み":"Sarugetake",
				"標高":"327m 1pt ",
				"GL":"PM97np",
				"市郡区":"C#0809 ",
				"登山日":"",
				"メモ":"",
				"_markerType": "Icon",
				"_iconUrl": "https://maps.gsi.go.jp/portal/sys/v4/symbols/826.png",
				"_iconSize": [
					16,
					16
				],
				"_iconAnchor": [
					8,
					8
				]
			}
		},
		{
			"type": "Feature",
			"geometry": {
				"type": "Point",
				"coordinates": [
					 138.8156,
					 37.6704
				]
			},
			"properties": {
				"name": "JA/NI-138(国上山)",
				"読み":"Kugamiyama",
				"標高":"313m 1pt ",
				"GL":"PM97jq",
				"市郡区":"C#0813 ",
				"登山日":"",
				"メモ":"",
				"_markerType": "Icon",
				"_iconUrl": "https://maps.gsi.go.jp/portal/sys/v4/symbols/826.png",
				"_iconSize": [
					16,
					16
				],
				"_iconAnchor": [
					8,
					8
				]
			}
		},
		{
			"type": "Feature",
			"geometry": {
				"type": "Point",
				"coordinates": [
					 138.9813,
					 37.5599
				]
			},
			"properties": {
				"name": "JA/NI-139(道上山)",
				"読み":"Doujyoyama",
				"標高":"298m 1pt ",
				"GL":"PM97ln",
				"市郡区":"C#0804 / C#0811 ",
				"登山日":"",
				"メモ":"",
				"_markerType": "Icon",
				"_iconUrl": "https://maps.gsi.go.jp/portal/sys/v4/symbols/826.png",
				"_iconSize": [
					16,
					16
				],
				"_iconAnchor": [
					8,
					8
				]
			}
		},
		{
			"type": "Feature",
			"geometry": {
				"type": "Point",
				"coordinates": [
					 138.1028,
					 36.8926
				]
			},
			"properties": {
				"name": "JA/NI-140(三田原山)",
				"読み":"Mitaharayama",
				"標高":"2360m 10pt ",
				"GL":"PM96bv",
				"市郡区":"C#0827 ",
				"登山日":"",
				"メモ":"",
				"_markerType": "Icon",
				"_iconUrl": "https://maps.gsi.go.jp/portal/sys/v4/symbols/101.png",
				"_iconSize": [
					16,
					16
				],
				"_iconAnchor": [
					8,
					8
				]
			}
		},
		{
			"type": "Feature",
			"geometry": {
				"type": "Point",
				"coordinates": [
					 138.014,
					 36.9042
				]
			},
			"properties": {
				"name": "JA/NI-141(金山)",
				"読み":"Kanayama",
				"標高":"2245m 10pt ",
				"GL":"PM96av",
				"市郡区":"C#0827 / C#0816 / G#09005E",
				"登山日":"",
				"メモ":"",
				"_markerType": "Icon",
				"_iconUrl": "https://maps.gsi.go.jp/portal/sys/v4/symbols/101.png",
				"_iconSize": [
					16,
					16
				],
				"_iconAnchor": [
					8,
					8
				]
			}
		},
		{
			"type": "Feature",
			"geometry": {
				"type": "Point",
				"coordinates": [
					 138.0527,
					 36.833
				]
			},
			"properties": {
				"name": "JA/NI-142(地蔵山)",
				"読み":"Jizouyama",
				"標高":"2073m 10pt ",
				"GL":"PM96at",
				"市郡区":"C#0827 ",
				"登山日":"",
				"メモ":"",
				"_markerType": "Icon",
				"_iconUrl": "https://maps.gsi.go.jp/portal/sys/v4/symbols/101.png",
				"_iconSize": [
					16,
					16
				],
				"_iconAnchor": [
					8,
					8
				]
			}
		},
		{
			"type": "Feature",
			"geometry": {
				"type": "Point",
				"coordinates": [
					 139.0912,
					 37.02
				]
			},
			"properties": {
				"name": "JA/NI-143(越後沢山)",
				"読み":"Echigozawayama",
				"標高":"1861m 10pt ",
				"GL":"PM97na",
				"市郡区":"C#0826 / G#16010I ",
				"登山日":"",
				"メモ":"",
				"_markerType": "Icon",
				"_iconUrl": "https://maps.gsi.go.jp/portal/sys/v4/symbols/101.png",
				"_iconSize": [
					16,
					16
				],
				"_iconAnchor": [
					8,
					8
				]
			}
		},
		{
			"type": "Feature",
			"geometry": {
				"type": "Point",
				"coordinates": [
					 139.1379,
					 37.0777
				]
			},
			"properties": {
				"name": "JA/NI-144(灰ノ又山)",
				"読み":"Hainomatayama",
				"標高":"1852m 10pt ",
				"GL":"PM97nb",
				"市郡区":"C#0825 ",
				"登山日":"",
				"メモ":"",
				"_markerType": "Icon",
				"_iconUrl": "https://maps.gsi.go.jp/portal/sys/v4/symbols/101.png",
				"_iconSize": [
					16,
					16
				],
				"_iconAnchor": [
					8,
					8
				]
			}
		},
		{
			"type": "Feature",
			"geometry": {
				"type": "Point",
				"coordinates": [
					 138.0076,
					 36.9404
				]
			},
			"properties": {
				"name": "JA/NI-145(昼闇山)",
				"読み":"Hirukurayama",
				"標高":"1840m 10pt ",
				"GL":"PM96aw",
				"市郡区":"C#0816 ",
				"登山日":"",
				"メモ":"",
				"_markerType": "Icon",
				"_iconUrl": "https://maps.gsi.go.jp/portal/sys/v4/symbols/101.png",
				"_iconSize": [
					16,
					16
				],
				"_iconAnchor": [
					8,
					8
				]
			}
		},
		{
			"type": "Feature",
			"geometry": {
				"type": "Point",
				"coordinates": [
					 139.5973,
					 37.8137
				]
			},
			"properties": {
				"name": "JA/NI-146(烏帽子山)",
				"読み":"Eboshiyama",
				"標高":"1572m 10pt ",
				"GL":"PM97tt",
				"市郡区":"G#08013E ",
				"登山日":"",
				"メモ":"",
				"_markerType": "Icon",
				"_iconUrl": "https://maps.gsi.go.jp/portal/sys/v4/symbols/101.png",
				"_iconSize": [
					16,
					16
				],
				"_iconAnchor": [
					8,
					8
				]
			}
		},
		{
			"type": "Feature",
			"geometry": {
				"type": "Point",
				"coordinates": [
					 139.8044,
					 38.3552
				]
			},
			"properties": {
				"name": "JA/NI-147(化穴山)",
				"読み":"Bakeanayama",
				"標高":"1506m 10pt ",
				"GL":"PM98vi",
				"市郡区":"C#0812 / C#0503 ",
				"登山日":"",
				"メモ":"",
				"_markerType": "Icon",
				"_iconUrl": "https://maps.gsi.go.jp/portal/sys/v4/symbols/101.png",
				"_iconSize": [
					16,
					16
				],
				"_iconAnchor": [
					8,
					8
				]
			}
		},
		{
			"type": "Feature",
			"geometry": {
				"type": "Point",
				"coordinates": [
					 138.7481,
					 36.8605
				]
			},
			"properties": {
				"name": "JA/NI-148(八木尾山)",
				"読み":"Yagioyama",
				"標高":"1500m 10pt ",
				"GL":"PM96iu",
				"市郡区":"G#08015D ",
				"登山日":"",
				"メモ":"",
				"_markerType": "Icon",
				"_iconUrl": "https://maps.gsi.go.jp/portal/sys/v4/symbols/101.png",
				"_iconSize": [
					16,
					16
				],
				"_iconAnchor": [
					8,
					8
				]
			}
		},
		{
			"type": "Feature",
			"geometry": {
				"type": "Point",
				"coordinates": [
					 138.1024,
					 36.9713
				]
			},
			"properties": {
				"name": "JA/NI-149(不動山)",
				"読み":"Fudouyama",
				"標高":"1430m 8pt ",
				"GL":"PM96bx",
				"市郡区":"C#0816 / C#0827 / C#0822",
				"登山日":"",
				"メモ":"",
				"_markerType": "Icon",
				"_iconUrl": "https://maps.gsi.go.jp/portal/sys/v4/symbols/104.png",
				"_iconSize": [
					16,
					16
				],
				"_iconAnchor": [
					8,
					8
				]
			}
		},
		{
			"type": "Feature",
			"geometry": {
				"type": "Point",
				"coordinates": [
					 139.4259,
					 37.5219
				]
			},
			"properties": {
				"name": "JA/NI-150(御神楽岳)",
				"読み":"Mikaguradake",
				"標高":"1386m 8pt ",
				"GL":"PM97rm",
				"市郡区":"G#08013E ",
				"登山日":"",
				"メモ":"",
				"_markerType": "Icon",
				"_iconUrl": "https://maps.gsi.go.jp/portal/sys/v4/symbols/104.png",
				"_iconSize": [
					16,
					16
				],
				"_iconAnchor": [
					8,
					8
				]
			}
		},
		{
			"type": "Feature",
			"geometry": {
				"type": "Point",
				"coordinates": [
					 139.7617,
					 38.361
				]
			},
			"properties": {
				"name": "JA/NI-151(枡形山)",
				"読み":"Masugatayama",
				"標高":"1331m 8pt ",
				"GL":"PM98vi",
				"市郡区":"C#0812 / C#0503 ",
				"登山日":"",
				"メモ":"",
				"_markerType": "Icon",
				"_iconUrl": "https://maps.gsi.go.jp/portal/sys/v4/symbols/104.png",
				"_iconSize": [
					16,
					16
				],
				"_iconAnchor": [
					8,
					8
				]
			}
		},
		{
			"type": "Feature",
			"geometry": {
				"type": "Point",
				"coordinates": [
					 139.6182,
					 37.8031
				]
			},
			"properties": {
				"name": "JA/NI-152(ジッキラ松)",
				"読み":"Jikkiramatsu",
				"標高":"1237m 8pt ",
				"GL":"PM97tt",
				"市郡区":"G#08013E ",
				"登山日":"",
				"メモ":"",
				"_markerType": "Icon",
				"_iconUrl": "https://maps.gsi.go.jp/portal/sys/v4/symbols/104.png",
				"_iconSize": [
					16,
					16
				],
				"_iconAnchor": [
					8,
					8
				]
			}
		},
		{
			"type": "Feature",
			"geometry": {
				"type": "Point",
				"coordinates": [
					 139.8158,
					 38.2414
				]
			},
			"properties": {
				"name": "JA/NI-153(巣戸々山)",
				"読み":"Sutodoyama",
				"標高":"1216m 8pt ",
				"GL":"PM98vf",
				"市郡区":"C#0812 ",
				"登山日":"",
				"メモ":"",
				"_markerType": "Icon",
				"_iconUrl": "https://maps.gsi.go.jp/portal/sys/v4/symbols/104.png",
				"_iconSize": [
					16,
					16
				],
				"_iconAnchor": [
					8,
					8
				]
			}
		},
		{
			"type": "Feature",
			"geometry": {
				"type": "Point",
				"coordinates": [
					 137.8218,
					 36.9409
				]
			},
			"properties": {
				"name": "JA/NI-154(明星山)",
				"読み":"Myoujyouyama",
				"標高":"1188m 8pt ",
				"GL":"PM86vw",
				"市郡区":"C#0816 ",
				"登山日":"",
				"メモ":"",
				"_markerType": "Icon",
				"_iconUrl": "https://maps.gsi.go.jp/portal/sys/v4/symbols/104.png",
				"_iconSize": [
					16,
					16
				],
				"_iconAnchor": [
					8,
					8
				]
			}
		},
		{
			"type": "Feature",
			"geometry": {
				"type": "Point",
				"coordinates": [
					 139.2151,
					 37.1361
				]
			},
			"properties": {
				"name": "JA/NI-155(出合（三角点近傍）)",
				"読み":"Near_Deai",
				"標高":"1183m 8pt ",
				"GL":"PM97od",
				"市郡区":"C#0825 ",
				"登山日":"",
				"メモ":"",
				"_markerType": "Icon",
				"_iconUrl": "https://maps.gsi.go.jp/portal/sys/v4/symbols/104.png",
				"_iconSize": [
					16,
					16
				],
				"_iconAnchor": [
					8,
					8
				]
			}
		},
		{
			"type": "Feature",
			"geometry": {
				"type": "Point",
				"coordinates": [
					 139.5072,
					 37.839
				]
			},
			"properties": {
				"name": "JA/NI-156(点1169)",
				"読み":"P1169",
				"標高":"1169m 8pt ",
				"GL":"PM97su",
				"市郡区":"C#0806 ",
				"登山日":"",
				"メモ":"",
				"_markerType": "Icon",
				"_iconUrl": "https://maps.gsi.go.jp/portal/sys/v4/symbols/104.png",
				"_iconSize": [
					16,
					16
				],
				"_iconAnchor": [
					8,
					8
				]
			}
		},
		{
			"type": "Feature",
			"geometry": {
				"type": "Point",
				"coordinates": [
					 138.9856,
					 37.0723
				]
			},
			"properties": {
				"name": "JA/NI-157(高倉山)",
				"読み":"Takakurayama",
				"標高":"1143m 8pt ",
				"GL":"PM97lb",
				"市郡区":"C#0826 ",
				"登山日":"",
				"メモ":"",
				"_markerType": "Icon",
				"_iconUrl": "https://maps.gsi.go.jp/portal/sys/v4/symbols/104.png",
				"_iconSize": [
					16,
					16
				],
				"_iconAnchor": [
					8,
					8
				]
			}
		},
		{
			"type": "Feature",
			"geometry": {
				"type": "Point",
				"coordinates": [
					 139.303,
					 37.513
				]
			},
			"properties": {
				"name": "JA/NI-158(魚止山近傍)",
				"読み":"Near_Uodomeyama",
				"標高":"1120m 8pt ",
				"GL":"PM97pm",
				"市郡区":"G#08013E ",
				"登山日":"",
				"メモ":"",
				"_markerType": "Icon",
				"_iconUrl": "https://maps.gsi.go.jp/portal/sys/v4/symbols/104.png",
				"_iconSize": [
					16,
					16
				],
				"_iconAnchor": [
					8,
					8
				]
			}
		},
		{
			"type": "Feature",
			"geometry": {
				"type": "Point",
				"coordinates": [
					 139.2824,
					 37.5398
				]
			},
			"properties": {
				"name": "JA/NI-159(割岩山)",
				"読み":"Wariiwayama",
				"標高":"1110m 8pt ",
				"GL":"PM97pm",
				"市郡区":"C#0818 ",
				"登山日":"",
				"メモ":"",
				"_markerType": "Icon",
				"_iconUrl": "https://maps.gsi.go.jp/portal/sys/v4/symbols/104.png",
				"_iconSize": [
					16,
					16
				],
				"_iconAnchor": [
					8,
					8
				]
			}
		},
		{
			"type": "Feature",
			"geometry": {
				"type": "Point",
				"coordinates": [
					 139.0091,
					 37.0333
				]
			},
			"properties": {
				"name": "JA/NI-160(一ノ綿（三角点近傍）)",
				"読み":"Near_Ichinowata",
				"標高":"1081m 6pt ",
				"GL":"PM97ma",
				"市郡区":"C#0826 ",
				"登山日":"",
				"メモ":"",
				"_markerType": "Icon",
				"_iconUrl": "https://maps.gsi.go.jp/portal/sys/v4/symbols/103.png",
				"_iconSize": [
					16,
					16
				],
				"_iconAnchor": [
					8,
					8
				]
			}
		},
		{
			"type": "Feature",
			"geometry": {
				"type": "Point",
				"coordinates": [
					 139.5624,
					 37.9554
				]
			},
			"properties": {
				"name": "JA/NI-161(鳥坂峰近傍)",
				"読み":"Near_Tossakamine",
				"標高":"970m 6pt ",
				"GL":"PM97sw",
				"市郡区":"C#0828 / G#08001C ",
				"登山日":"",
				"メモ":"",
				"_markerType": "Icon",
				"_iconUrl": "https://maps.gsi.go.jp/portal/sys/v4/symbols/103.png",
				"_iconSize": [
					16,
					16
				],
				"_iconAnchor": [
					8,
					8
				]
			}
		},
		{
			"type": "Feature",
			"geometry": {
				"type": "Point",
				"coordinates": [
					 138.8547,
					 36.9742
				]
			},
			"properties": {
				"name": "JA/NI-162(姥見ノ頭)",
				"読み":"Ubaminokashira",
				"標高":"946m 6pt ",
				"GL":"PM96kx",
				"市郡区":"C#0826 ",
				"登山日":"",
				"メモ":"",
				"_markerType": "Icon",
				"_iconUrl": "https://maps.gsi.go.jp/portal/sys/v4/symbols/103.png",
				"_iconSize": [
					16,
					16
				],
				"_iconAnchor": [
					8,
					8
				]
			}
		},
		{
			"type": "Feature",
			"geometry": {
				"type": "Point",
				"coordinates": [
					 139.2711,
					 37.6947
				]
			},
			"properties": {
				"name": "JA/NI-163(三五郎山)",
				"読み":"Sangoroyama",
				"標高":"910m 6pt ",
				"GL":"PM97pq",
				"市郡区":"C#0818 ",
				"登山日":"",
				"メモ":"",
				"_markerType": "Icon",
				"_iconUrl": "https://maps.gsi.go.jp/portal/sys/v4/symbols/103.png",
				"_iconSize": [
					16,
					16
				],
				"_iconAnchor": [
					8,
					8
				]
			}
		},
		{
			"type": "Feature",
			"geometry": {
				"type": "Point",
				"coordinates": [
					 139.2194,
					 37.4775
				]
			},
			"properties": {
				"name": "JA/NI-164(光明山)",
				"読み":"Koumyouzan",
				"標高":"879m 6pt ",
				"GL":"PM97ol",
				"市郡区":"C#0804 ",
				"登山日":"",
				"メモ":"",
				"_markerType": "Icon",
				"_iconUrl": "https://maps.gsi.go.jp/portal/sys/v4/symbols/103.png",
				"_iconSize": [
					16,
					16
				],
				"_iconAnchor": [
					8,
					8
				]
			}
		},
		{
			"type": "Feature",
			"geometry": {
				"type": "Point",
				"coordinates": [
					 139.5333,
					 38.3969
				]
			},
			"properties": {
				"name": "JA/NI-166(蒲萄山)",
				"読み":"Budouyama",
				"標高":"795m 4pt ",
				"GL":"PM98sj",
				"市郡区":"C#0812 ",
				"登山日":"",
				"メモ":"",
				"_markerType": "Icon",
				"_iconUrl": "https://maps.gsi.go.jp/portal/sys/v4/symbols/828.png",
				"_iconSize": [
					16,
					16
				],
				"_iconAnchor": [
					8,
					8
				]
			}
		},
		{
			"type": "Feature",
			"geometry": {
				"type": "Point",
				"coordinates": [
					 139.6001,
					 37.7288
				]
			},
			"properties": {
				"name": "JA/NI-167(高井峠)",
				"読み":"Takaitouge",
				"標高":"788m 4pt ",
				"GL":"PM97tr",
				"市郡区":"G#08013E ",
				"登山日":"",
				"メモ":"",
				"_markerType": "Icon",
				"_iconUrl": "https://maps.gsi.go.jp/portal/sys/v4/symbols/828.png",
				"_iconSize": [
					16,
					16
				],
				"_iconAnchor": [
					8,
					8
				]
			}
		},
		{
			"type": "Feature",
			"geometry": {
				"type": "Point",
				"coordinates": [
					 139.6708,
					 38.3691
				]
			},
			"properties": {
				"name": "JA/NI-168(駒ヶ岳)",
				"読み":"Komagatake",
				"標高":"776m 4pt ",
				"GL":"PM98ui",
				"市郡区":"C#0812 ",
				"登山日":"",
				"メモ":"",
				"_markerType": "Icon",
				"_iconUrl": "https://maps.gsi.go.jp/portal/sys/v4/symbols/828.png",
				"_iconSize": [
					16,
					16
				],
				"_iconAnchor": [
					8,
					8
				]
			}
		},
		{
			"type": "Feature",
			"geometry": {
				"type": "Point",
				"coordinates": [
					 139.6899,
					 38.278
				]
			},
			"properties": {
				"name": "JA/NI-169(円吾山)",
				"読み":"Engoyama",
				"標高":"771m 4pt ",
				"GL":"PM98ug",
				"市郡区":"C#0812 ",
				"登山日":"",
				"メモ":"",
				"_markerType": "Icon",
				"_iconUrl": "https://maps.gsi.go.jp/portal/sys/v4/symbols/828.png",
				"_iconSize": [
					16,
					16
				],
				"_iconAnchor": [
					8,
					8
				]
			}
		},
		{
			"type": "Feature",
			"geometry": {
				"type": "Point",
				"coordinates": [
					 139.6503,
					 38.4291
				]
			},
			"properties": {
				"name": "JA/NI-170(点693)",
				"読み":"P693",
				"標高":"693m 4pt ",
				"GL":"PM98tk",
				"市郡区":"C#0812 ",
				"登山日":"",
				"メモ":"",
				"_markerType": "Icon",
				"_iconUrl": "https://maps.gsi.go.jp/portal/sys/v4/symbols/828.png",
				"_iconSize": [
					16,
					16
				],
				"_iconAnchor": [
					8,
					8
				]
			}
		},
		{
			"type": "Feature",
			"geometry": {
				"type": "Point",
				"coordinates": [
					 139.6486,
					 38.0513
				]
			},
			"properties": {
				"name": "JA/NI-171(若撫山)",
				"読み":"Wakabunayama",
				"標高":"630m 2pt ",
				"GL":"PM98tb",
				"市郡区":"G#08001C ",
				"登山日":"",
				"メモ":"",
				"_markerType": "Icon",
				"_iconUrl": "https://maps.gsi.go.jp/portal/sys/v4/symbols/102.png",
				"_iconSize": [
					16,
					16
				],
				"_iconAnchor": [
					8,
					8
				]
			}
		},
		{
			"type": "Feature",
			"geometry": {
				"type": "Point",
				"coordinates": [
					 139.5269,
					 37.6922
				]
			},
			"properties": {
				"name": "JA/NI-172(点630)",
				"読み":"P630",
				"標高":"630m 2pt ",
				"GL":"PM97sq",
				"市郡区":"G#08013E ",
				"登山日":"",
				"メモ":"",
				"_markerType": "Icon",
				"_iconUrl": "https://maps.gsi.go.jp/portal/sys/v4/symbols/102.png",
				"_iconSize": [
					16,
					16
				],
				"_iconAnchor": [
					8,
					8
				]
			}
		},
		{
			"type": "Feature",
			"geometry": {
				"type": "Point",
				"coordinates": [
					 137.7562,
					 36.9959
				]
			},
			"properties": {
				"name": "JA/NI-173(板ケ峰(三角点))",
				"読み":"Itagamine",
				"標高":"590m 2pt ",
				"GL":"PM86vx",
				"市郡区":"C#0816 ",
				"登山日":"",
				"メモ":"",
				"_markerType": "Icon",
				"_iconUrl": "https://maps.gsi.go.jp/portal/sys/v4/symbols/102.png",
				"_iconSize": [
					16,
					16
				],
				"_iconAnchor": [
					8,
					8
				]
			}
		},
		{
			"type": "Feature",
			"geometry": {
				"type": "Point",
				"coordinates": [
					 139.5795,
					 38.165
				]
			},
			"properties": {
				"name": "JA/NI-174(点580)",
				"読み":"P580",
				"標高":"580m 2pt ",
				"GL":"PM98sd",
				"市郡区":"G#08001C / C#0812 ",
				"登山日":"",
				"メモ":"",
				"_markerType": "Icon",
				"_iconUrl": "https://maps.gsi.go.jp/portal/sys/v4/symbols/102.png",
				"_iconSize": [
					16,
					16
				],
				"_iconAnchor": [
					8,
					8
				]
			}
		},
		{
			"type": "Feature",
			"geometry": {
				"type": "Point",
				"coordinates": [
					 139.6765,
					 38.2601
				]
			},
			"properties": {
				"name": "JA/NI-175(点556)",
				"読み":"P556",
				"標高":"556m 2pt ",
				"GL":"PM98ug",
				"市郡区":"C#0812 ",
				"登山日":"",
				"メモ":"",
				"_markerType": "Icon",
				"_iconUrl": "https://maps.gsi.go.jp/portal/sys/v4/symbols/102.png",
				"_iconSize": [
					16,
					16
				],
				"_iconAnchor": [
					8,
					8
				]
			}
		},
		{
			"type": "Feature",
			"geometry": {
				"type": "Point",
				"coordinates": [
					 139.6328,
					 38.3922
				]
			},
			"properties": {
				"name": "JA/NI-176(点545)",
				"読み":"P545",
				"標高":"545m 2pt ",
				"GL":"PM98tj",
				"市郡区":"C#0812 ",
				"登山日":"",
				"メモ":"",
				"_markerType": "Icon",
				"_iconUrl": "https://maps.gsi.go.jp/portal/sys/v4/symbols/102.png",
				"_iconSize": [
					16,
					16
				],
				"_iconAnchor": [
					8,
					8
				]
			}
		},
		{
			"type": "Feature",
			"geometry": {
				"type": "Point",
				"coordinates": [
					 139.6343,
					 38.4513
				]
			},
			"properties": {
				"name": "JA/NI-177(点542)",
				"読み":"P542",
				"標高":"542m 2pt ",
				"GL":"PM98tk",
				"市郡区":"C#0812 ",
				"登山日":"",
				"メモ":"",
				"_markerType": "Icon",
				"_iconUrl": "https://maps.gsi.go.jp/portal/sys/v4/symbols/102.png",
				"_iconSize": [
					16,
					16
				],
				"_iconAnchor": [
					8,
					8
				]
			}
		},
		{
			"type": "Feature",
			"geometry": {
				"type": "Point",
				"coordinates": [
					 139.6219,
					 38.3505
				]
			},
			"properties": {
				"name": "JA/NI-178(広倉（三角点近傍）)",
				"読み":"Near_Hirokura",
				"標高":"500m 2pt ",
				"GL":"PM98ti",
				"市郡区":"C#0812 ",
				"登山日":"",
				"メモ":"",
				"_markerType": "Icon",
				"_iconUrl": "https://maps.gsi.go.jp/portal/sys/v4/symbols/102.png",
				"_iconSize": [
					16,
					16
				],
				"_iconAnchor": [
					8,
					8
				]
			}
		},
		{
			"type": "Feature",
			"geometry": {
				"type": "Point",
				"coordinates": [
					 138.4884,
					 37.2603
				]
			},
			"properties": {
				"name": "JA/NI-179(城山)",
				"読み":"Shiroyama",
				"標高":"478m 1pt ",
				"GL":"PM97fg",
				"市郡区":"C#0822 ",
				"登山日":"",
				"メモ":"",
				"_markerType": "Icon",
				"_iconUrl": "https://maps.gsi.go.jp/portal/sys/v4/symbols/826.png",
				"_iconSize": [
					16,
					16
				],
				"_iconAnchor": [
					8,
					8
				]
			}
		},
		{
			"type": "Feature",
			"geometry": {
				"type": "Point",
				"coordinates": [
					 139.5093,
					 37.672
				]
			},
			"properties": {
				"name": "JA/NI-180(餅倉山)",
				"読み":"Mochikurayama",
				"標高":"466m 1pt ",
				"GL":"PM97sq",
				"市郡区":"G#08013E ",
				"登山日":"",
				"メモ":"",
				"_markerType": "Icon",
				"_iconUrl": "https://maps.gsi.go.jp/portal/sys/v4/symbols/826.png",
				"_iconSize": [
					16,
					16
				],
				"_iconAnchor": [
					8,
					8
				]
			}
		},
		{
			"type": "Feature",
			"geometry": {
				"type": "Point",
				"coordinates": [
					 139.2367,
					 37.6542
				]
			},
			"properties": {
				"name": "JA/NI-181(点390)",
				"読み":"P390",
				"標高":"390m 1pt ",
				"GL":"PM97op",
				"市郡区":"C#0818 ",
				"登山日":"",
				"メモ":"",
				"_markerType": "Icon",
				"_iconUrl": "https://maps.gsi.go.jp/portal/sys/v4/symbols/826.png",
				"_iconSize": [
					16,
					16
				],
				"_iconAnchor": [
					8,
					8
				]
			}
		},
		{
			"type": "Feature",
			"geometry": {
				"type": "Point",
				"coordinates": [
					 139.5937,
					 38.4741
				]
			},
			"properties": {
				"name": "JA/NI-182(点386)",
				"読み":"P386",
				"標高":"386m 1pt ",
				"GL":"PM98tl",
				"市郡区":"C#0812 ",
				"登山日":"",
				"メモ":"",
				"_markerType": "Icon",
				"_iconUrl": "https://maps.gsi.go.jp/portal/sys/v4/symbols/826.png",
				"_iconSize": [
					16,
					16
				],
				"_iconAnchor": [
					8,
					8
				]
			}
		},
		{
			"type": "Feature",
			"geometry": {
				"type": "Point",
				"coordinates": [
					 139.1076,
					 37.5636
				]
			},
			"properties": {
				"name": "JA/NI-183(点350)",
				"読み":"P350",
				"標高":"350m 1pt ",
				"GL":"PM97nn",
				"市郡区":"C#0804 ",
				"登山日":"",
				"メモ":"",
				"_markerType": "Icon",
				"_iconUrl": "https://maps.gsi.go.jp/portal/sys/v4/symbols/826.png",
				"_iconSize": [
					16,
					16
				],
				"_iconAnchor": [
					8,
					8
				]
			}
		},
		{
			"type": "Feature",
			"geometry": {
				"type": "Point",
				"coordinates": [
					 138.4509,
					 37.1407
				]
			},
			"properties": {
				"name": "JA/NI-184(城山)",
				"読み":"Shiroyama",
				"標高":"343m 1pt ",
				"GL":"PM97fd",
				"市郡区":"C#0822 ",
				"登山日":"",
				"メモ":"",
				"_markerType": "Icon",
				"_iconUrl": "https://maps.gsi.go.jp/portal/sys/v4/symbols/826.png",
				"_iconSize": [
					16,
					16
				],
				"_iconAnchor": [
					8,
					8
				]
			}
		},
		{
			"type": "Feature",
			"geometry": {
				"type": "Point",
				"coordinates": [
					 138.8112,
					 37.2776
				]
			},
			"properties": {
				"name": "JA/NI-185(山本山)",
				"読み":"Yamamotoyama",
				"標高":"336m 1pt ",
				"GL":"PM97jg",
				"市郡区":"C#0808 ",
				"登山日":"",
				"メモ":"",
				"_markerType": "Icon",
				"_iconUrl": "https://maps.gsi.go.jp/portal/sys/v4/symbols/826.png",
				"_iconSize": [
					16,
					16
				],
				"_iconAnchor": [
					8,
					8
				]
			}
		},
		{
			"type": "Feature",
			"geometry": {
				"type": "Point",
				"coordinates": [
					 139.1359,
					 37.6311
				]
			},
			"properties": {
				"name": "JA/NI-186(入山(三角点))",
				"読み":"Iriyama",
				"標高":"321m 1pt ",
				"GL":"PM97np",
				"市郡区":"C#0809 / C#0818 ",
				"登山日":"",
				"メモ":"",
				"_markerType": "Icon",
				"_iconUrl": "https://maps.gsi.go.jp/portal/sys/v4/symbols/826.png",
				"_iconSize": [
					16,
					16
				],
				"_iconAnchor": [
					8,
					8
				]
			}
		},
		{
			"type": "Feature",
			"geometry": {
				"type": "Point",
				"coordinates": [
					 139.0609,
					 37.5234
				]
			},
			"properties": {
				"name": "JA/NI-187(楢山峠(三角点))",
				"読み":"Narayamatouge",
				"標高":"301m 1pt ",
				"GL":"PM97mm",
				"市郡区":"C#0804 / C#0802 ",
				"登山日":"",
				"メモ":"",
				"_markerType": "Icon",
				"_iconUrl": "https://maps.gsi.go.jp/portal/sys/v4/symbols/826.png",
				"_iconSize": [
					16,
					16
				],
				"_iconAnchor": [
					8,
					8
				]
			}
		},
		{
			"type": "Feature",
			"geometry": {
				"type": "Point",
				"coordinates": [
					 139.3746,
					 37.7026
				]
			},
			"properties": {
				"name": "JA/NI-188(砥石山(三角点))",
				"読み":"Toishiyama",
				"標高":"291m 1pt ",
				"GL":"PM97qq",
				"市郡区":"G#08013E ",
				"登山日":"",
				"メモ":"",
				"_markerType": "Icon",
				"_iconUrl": "https://maps.gsi.go.jp/portal/sys/v4/symbols/826.png",
				"_iconSize": [
					16,
					16
				],
				"_iconAnchor": [
					8,
					8
				]
			}
		},
		{
			"type": "Feature",
			"geometry": {
				"type": "Point",
				"coordinates": [
					 139.4001,
					 37.9747
				]
			},
			"properties": {
				"name": "JA/NI-189(鳥屋ノ峰)",
				"読み":"Toyanomine",
				"標高":"276m 1pt ",
				"GL":"PM97qx",
				"市郡区":"C#0806 ",
				"登山日":"",
				"メモ":"",
				"_markerType": "Icon",
				"_iconUrl": "https://maps.gsi.go.jp/portal/sys/v4/symbols/826.png",
				"_iconSize": [
					16,
					16
				],
				"_iconAnchor": [
					8,
					8
				]
			}
		},
		{
			"type": "Feature",
			"geometry": {
				"type": "Point",
				"coordinates": [
					 139.2386,
					 38.4538
				]
			},
			"properties": {
				"name": "JA/NI-190(小柴山)",
				"読み":"Koshibayama",
				"標高":"265m 1pt ",
				"GL":"PM98ok",
				"市郡区":"G#08001B ",
				"登山日":"",
				"メモ":"",
				"_markerType": "Icon",
				"_iconUrl": "https://maps.gsi.go.jp/portal/sys/v4/symbols/826.png",
				"_iconSize": [
					16,
					16
				],
				"_iconAnchor": [
					8,
					8
				]
			}
		},
		{
			"type": "Feature",
			"geometry": {
				"type": "Point",
				"coordinates": [
					 139.110523,
					 37.727632
				]
			},
			"properties": {
				"name": "JA/NI-191(ろう火峰)",
				"読み":"Roukamine",
				"標高":"281m 1pt ",
				"GL":"PM97nr",
				"市郡区":"C#080105 / C#0818 ",
				"登山日":"",
				"メモ":"",
				"_markerType": "Icon",
				"_iconUrl": "https://maps.gsi.go.jp/portal/sys/v4/symbols/826.png",
				"_iconSize": [
					16,
					16
				],
				"_iconAnchor": [
					8,
					8
				]
			}
		},
		{
			"type": "Feature",
			"geometry": {
				"type": "Point",
				"coordinates": [
					 137.648,
					 36.2892
				]
			},
			"properties": {
				"name": "JA/NN-001(奥穂高岳)",
				"読み":"Okuhotakadake",
				"標高":"3190m 10pt ",
				"GL":"PM86tg",
				"市郡区":"C#0902 / C#1903 ",
				"登山日":"",
				"メモ":"",
				"_markerType": "Icon",
				"_iconUrl": "https://maps.gsi.go.jp/portal/sys/v4/symbols/101.png",
				"_iconSize": [
					16,
					16
				],
				"_iconAnchor": [
					8,
					8
				]
			}
		},
		{
			"type": "Feature",
			"geometry": {
				"type": "Point",
				"coordinates": [
					 137.6476,
					 36.342
				]
			},
			"properties": {
				"name": "JA/NN-002(槍ヶ岳)",
				"読み":"Yarigatake",
				"標高":"3180m 10pt ",
				"GL":"PM86ti",
				"市郡区":"C#0902 / C#0912 ",
				"登山日":"",
				"メモ":"",
				"_markerType": "Icon",
				"_iconUrl": "https://maps.gsi.go.jp/portal/sys/v4/symbols/101.png",
				"_iconSize": [
					16,
					16
				],
				"_iconAnchor": [
					8,
					8
				]
			}
		},
		{
			"type": "Feature",
			"geometry": {
				"type": "Point",
				"coordinates": [
					 137.652,
					 36.3025
				]
			},
			"properties": {
				"name": "JA/NN-003(北穂高岳)",
				"読み":"Kitahotakadake",
				"標高":"3106m 10pt ",
				"GL":"PM86th",
				"市郡区":"C#0902 / C#1903 ",
				"登山日":"",
				"メモ":"",
				"_markerType": "Icon",
				"_iconUrl": "https://maps.gsi.go.jp/portal/sys/v4/symbols/101.png",
				"_iconSize": [
					16,
					16
				],
				"_iconAnchor": [
					8,
					8
				]
			}
		},
		{
			"type": "Feature",
			"geometry": {
				"type": "Point",
				"coordinates": [
					 137.6606,
					 36.282
				]
			},
			"properties": {
				"name": "JA/NN-004(前穂高岳)",
				"読み":"Maehotakadake",
				"標高":"3090m 10pt ",
				"GL":"PM86tg",
				"市郡区":"C#0902 ",
				"登山日":"",
				"メモ":"",
				"_markerType": "Icon",
				"_iconUrl": "https://maps.gsi.go.jp/portal/sys/v4/symbols/101.png",
				"_iconSize": [
					16,
					16
				],
				"_iconAnchor": [
					8,
					8
				]
			}
		},
		{
			"type": "Feature",
			"geometry": {
				"type": "Point",
				"coordinates": [
					 137.4804,
					 35.893
				]
			},
			"properties": {
				"name": "JA/NN-005(御嶽山(剣ヶ峰))",
				"読み":"Ontakesan/Kengamine",
				"標高":"3067m 10pt ",
				"GL":"PM85rv",
				"市郡区":"G#09004L / G#09004B ",
				"登山日":"",
				"メモ":"",
				"_markerType": "Icon",
				"_iconUrl": "https://maps.gsi.go.jp/portal/sys/v4/symbols/101.png",
				"_iconSize": [
					16,
					16
				],
				"_iconAnchor": [
					8,
					8
				]
			}
		},
		{
			"type": "Feature",
			"geometry": {
				"type": "Point",
				"coordinates": [
					 137.8045,
					 35.7896
				]
			},
			"properties": {
				"name": "JA/NN-006(駒ヶ岳)",
				"読み":"Komagatake",
				"標高":"2956m 10pt ",
				"GL":"PM85vs",
				"市郡区":"G#09004A / G#09004L / G#09001C",
				"登山日":"",
				"メモ":"",
				"_markerType": "Icon",
				"_iconUrl": "https://maps.gsi.go.jp/portal/sys/v4/symbols/101.png",
				"_iconSize": [
					16,
					16
				],
				"_iconAnchor": [
					8,
					8
				]
			}
		},
		{
			"type": "Feature",
			"geometry": {
				"type": "Point",
				"coordinates": [
					 137.7586,
					 36.7585
				]
			},
			"properties": {
				"name": "JA/NN-007(白馬岳)",
				"読み":"Shiroumadake",
				"標高":"2932m 10pt ",
				"GL":"PM86vs",
				"市郡区":"G#09005F / G#28003A ",
				"登山日":"",
				"メモ":"",
				"_markerType": "Icon",
				"_iconUrl": "https://maps.gsi.go.jp/portal/sys/v4/symbols/101.png",
				"_iconSize": [
					16,
					16
				],
				"_iconAnchor": [
					8,
					8
				]
			}
		},
		{
			"type": "Feature",
			"geometry": {
				"type": "Point",
				"coordinates": [
					 137.6379,
					 36.4327
				]
			},
			"properties": {
				"name": "JA/NN-009(野口五郎岳)",
				"読み":"Noguchigoroudake",
				"標高":"2924m 10pt ",
				"GL":"PM86tk",
				"市郡区":"C#0912 / C#2801 ",
				"登山日":"",
				"メモ":"",
				"_markerType": "Icon",
				"_iconUrl": "https://maps.gsi.go.jp/portal/sys/v4/symbols/101.png",
				"_iconSize": [
					16,
					16
				],
				"_iconAnchor": [
					8,
					8
				]
			}
		},
		{
			"type": "Feature",
			"geometry": {
				"type": "Point",
				"coordinates": [
					 137.7011,
					 36.365
				]
			},
			"properties": {
				"name": "JA/NN-010(大天井岳)",
				"読み":"Otenshodake",
				"標高":"2922m 10pt ",
				"GL":"PM86ui",
				"市郡区":"C#0921 / C#0902 / C#0912",
				"登山日":"",
				"メモ":"",
				"_markerType": "Icon",
				"_iconUrl": "https://maps.gsi.go.jp/portal/sys/v4/symbols/101.png",
				"_iconSize": [
					16,
					16
				],
				"_iconAnchor": [
					8,
					8
				]
			}
		},
		{
			"type": "Feature",
			"geometry": {
				"type": "Point",
				"coordinates": [
					 137.7552,
					 36.7313
				]
			},
			"properties": {
				"name": "JA/NN-011(鑓ヶ岳)",
				"読み":"Yarigatake",
				"標高":"2903m 10pt ",
				"GL":"PM86vr",
				"市郡区":"G#09005F / C#2807 ",
				"登山日":"",
				"メモ":"",
				"_markerType": "Icon",
				"_iconUrl": "https://maps.gsi.go.jp/portal/sys/v4/symbols/101.png",
				"_iconSize": [
					16,
					16
				],
				"_iconAnchor": [
					8,
					8
				]
			}
		},
		{
			"type": "Feature",
			"geometry": {
				"type": "Point",
				"coordinates": [
					 137.7471,
					 36.6245
				]
			},
			"properties": {
				"name": "JA/NN-012(鹿島槍ヶ岳)",
				"読み":"Kashimayarigatake",
				"標高":"2889m 10pt ",
				"GL":"PM86uo",
				"市郡区":"C#0912 / G#28004C / C#2807",
				"登山日":"",
				"メモ":"",
				"_markerType": "Icon",
				"_iconUrl": "https://maps.gsi.go.jp/portal/sys/v4/symbols/101.png",
				"_iconSize": [
					16,
					16
				],
				"_iconAnchor": [
					8,
					8
				]
			}
		},
		{
			"type": "Feature",
			"geometry": {
				"type": "Point",
				"coordinates": [
					 137.8171,
					 35.719
				]
			},
			"properties": {
				"name": "JA/NN-013(空木岳)",
				"読み":"Utsugidake",
				"標高":"2864m 10pt ",
				"GL":"PM85vr",
				"市郡区":"C#0910 / G#09004C ",
				"登山日":"",
				"メモ":"",
				"_markerType": "Icon",
				"_iconUrl": "https://maps.gsi.go.jp/portal/sys/v4/symbols/101.png",
				"_iconSize": [
					16,
					16
				],
				"_iconAnchor": [
					8,
					8
				]
			}
		},
		{
			"type": "Feature",
			"geometry": {
				"type": "Point",
				"coordinates": [
					 137.7276,
					 36.3255
				]
			},
			"properties": {
				"name": "JA/NN-014(常念岳)",
				"読み":"Jyounendake",
				"標高":"2857m 10pt ",
				"GL":"PM86uh",
				"市郡区":"C#0921 / C#0902 ",
				"登山日":"",
				"メモ":"",
				"_markerType": "Icon",
				"_iconUrl": "https://maps.gsi.go.jp/portal/sys/v4/symbols/101.png",
				"_iconSize": [
					16,
					16
				],
				"_iconAnchor": [
					8,
					8
				]
			}
		},
		{
			"type": "Feature",
			"geometry": {
				"type": "Point",
				"coordinates": [
					 138.1212,
					 35.4286
				]
			},
			"properties": {
				"name": "JA/NN-015(兎岳)",
				"読み":"Usagidake",
				"標高":"2818m 10pt ",
				"GL":"PM95bk",
				"市郡区":"C#0905 / C#180101 ",
				"登山日":"",
				"メモ":"",
				"_markerType": "Icon",
				"_iconUrl": "https://maps.gsi.go.jp/portal/sys/v4/symbols/101.png",
				"_iconSize": [
					16,
					16
				],
				"_iconAnchor": [
					8,
					8
				]
			}
		},
		{
			"type": "Feature",
			"geometry": {
				"type": "Point",
				"coordinates": [
					 137.7527,
					 36.6584
				]
			},
			"properties": {
				"name": "JA/NN-016(五龍岳)",
				"読み":"Goryuudake",
				"標高":"2814m 10pt ",
				"GL":"PM86vp",
				"市郡区":"C#0912 / C#2807 ",
				"登山日":"",
				"メモ":"",
				"_markerType": "Icon",
				"_iconUrl": "https://maps.gsi.go.jp/portal/sys/v4/symbols/101.png",
				"_iconSize": [
					16,
					16
				],
				"_iconAnchor": [
					8,
					8
				]
			}
		},
		{
			"type": "Feature",
			"geometry": {
				"type": "Point",
				"coordinates": [
					 137.8033,
					 35.7393
				]
			},
			"properties": {
				"name": "JA/NN-017(熊沢岳)",
				"読み":"Kumazawadake",
				"標高":"2778m 10pt ",
				"GL":"PM85vr",
				"市郡区":"G#09004C / C#0910 ",
				"登山日":"",
				"メモ":"",
				"_markerType": "Icon",
				"_iconUrl": "https://maps.gsi.go.jp/portal/sys/v4/symbols/101.png",
				"_iconSize": [
					16,
					16
				],
				"_iconAnchor": [
					8,
					8
				]
			}
		},
		{
			"type": "Feature",
			"geometry": {
				"type": "Point",
				"coordinates": [
					 137.6841,
					 36.3433
				]
			},
			"properties": {
				"name": "JA/NN-018(赤岩岳)",
				"読み":"Akaiwadake",
				"標高":"2769m 10pt ",
				"GL":"PM86ui",
				"市郡区":"C#0902 / C#0912 ",
				"登山日":"",
				"メモ":"",
				"_markerType": "Icon",
				"_iconUrl": "https://maps.gsi.go.jp/portal/sys/v4/symbols/101.png",
				"_iconSize": [
					16,
					16
				],
				"_iconAnchor": [
					8,
					8
				]
			}
		},
		{
			"type": "Feature",
			"geometry": {
				"type": "Point",
				"coordinates": [
					 137.7128,
					 36.4068
				]
			},
			"properties": {
				"name": "JA/NN-019(燕岳)",
				"読み":"Tsubakurodake",
				"標高":"2763m 10pt ",
				"GL":"PM86uj",
				"市郡区":"C#0921 / C#0912 ",
				"登山日":"",
				"メモ":"",
				"_markerType": "Icon",
				"_iconUrl": "https://maps.gsi.go.jp/portal/sys/v4/symbols/101.png",
				"_iconSize": [
					16,
					16
				],
				"_iconAnchor": [
					8,
					8
				]
			}
		},
		{
			"type": "Feature",
			"geometry": {
				"type": "Point",
				"coordinates": [
					 137.6876,
					 36.562
				]
			},
			"properties": {
				"name": "JA/NN-020(赤沢岳)",
				"読み":"Akazawadake",
				"標高":"2678m 10pt ",
				"GL":"PM86un",
				"市郡区":"C#0912 / G#28004C ",
				"登山日":"",
				"メモ":"",
				"_markerType": "Icon",
				"_iconUrl": "https://maps.gsi.go.jp/portal/sys/v4/symbols/101.png",
				"_iconSize": [
					16,
					16
				],
				"_iconAnchor": [
					8,
					8
				]
			}
		},
		{
			"type": "Feature",
			"geometry": {
				"type": "Point",
				"coordinates": [
					 137.7261,
					 36.2874
				]
			},
			"properties": {
				"name": "JA/NN-021(蝶ヶ岳)",
				"読み":"Chyougatake",
				"標高":"2677m 10pt ",
				"GL":"PM86ug",
				"市郡区":"C#0902 / C#0921 ",
				"登山日":"",
				"メモ":"",
				"_markerType": "Icon",
				"_iconUrl": "https://maps.gsi.go.jp/portal/sys/v4/symbols/101.png",
				"_iconSize": [
					16,
					16
				],
				"_iconAnchor": [
					8,
					8
				]
			}
		},
		{
			"type": "Feature",
			"geometry": {
				"type": "Point",
				"coordinates": [
					 137.7509,
					 36.5883
				]
			},
			"properties": {
				"name": "JA/NN-022(爺ヶ岳)",
				"読み":"Jiigatake",
				"標高":"2670m 10pt ",
				"GL":"PM86vo",
				"市郡区":"C#0912 / G#28004C ",
				"登山日":"",
				"メモ":"",
				"_markerType": "Icon",
				"_iconUrl": "https://maps.gsi.go.jp/portal/sys/v4/symbols/101.png",
				"_iconSize": [
					16,
					16
				],
				"_iconAnchor": [
					8,
					8
				]
			}
		},
		{
			"type": "Feature",
			"geometry": {
				"type": "Point",
				"coordinates": [
					 137.736,
					 36.4473
				]
			},
			"properties": {
				"name": "JA/NN-023(餓鬼岳)",
				"読み":"Gakidake",
				"標高":"2647m 10pt ",
				"GL":"PM86uk",
				"市郡区":"C#0912 ",
				"登山日":"",
				"メモ":"",
				"_markerType": "Icon",
				"_iconUrl": "https://maps.gsi.go.jp/portal/sys/v4/symbols/101.png",
				"_iconSize": [
					16,
					16
				],
				"_iconAnchor": [
					8,
					8
				]
			}
		},
		{
			"type": "Feature",
			"geometry": {
				"type": "Point",
				"coordinates": [
					 138.3553,
					 36.0192
				]
			},
			"properties": {
				"name": "JA/NN-024(天狗岳)",
				"読み":"Tengudake",
				"標高":"2646m 10pt ",
				"GL":"PM96ea",
				"市郡区":"C#0914 ",
				"登山日":"",
				"メモ":"",
				"_markerType": "Icon",
				"_iconUrl": "https://maps.gsi.go.jp/portal/sys/v4/symbols/101.png",
				"_iconSize": [
					16,
					16
				],
				"_iconAnchor": [
					8,
					8
				]
			}
		},
		{
			"type": "Feature",
			"geometry": {
				"type": "Point",
				"coordinates": [
					 137.6406,
					 36.2212
				]
			},
			"properties": {
				"name": "JA/NN-025(霞沢岳)",
				"読み":"Kasumizawadake",
				"標高":"2646m 10pt ",
				"GL":"PM86tf",
				"市郡区":"C#0902 ",
				"登山日":"",
				"メモ":"",
				"_markerType": "Icon",
				"_iconUrl": "https://maps.gsi.go.jp/portal/sys/v4/symbols/101.png",
				"_iconSize": [
					16,
					16
				],
				"_iconAnchor": [
					8,
					8
				]
			}
		},
		{
			"type": "Feature",
			"geometry": {
				"type": "Point",
				"coordinates": [
					 138.523,
					 36.4065
				]
			},
			"properties": {
				"name": "JA/NN-026(浅間山)",
				"読み":"Asamayama",
				"標高":"2568m 10pt ",
				"GL":"PM96gj",
				"市郡区":"G#09006B / G#16001F ",
				"登山日":"",
				"メモ":"",
				"_markerType": "Icon",
				"_iconUrl": "https://maps.gsi.go.jp/portal/sys/v4/symbols/101.png",
				"_iconSize": [
					16,
					16
				],
				"_iconAnchor": [
					8,
					8
				]
			}
		},
		{
			"type": "Feature",
			"geometry": {
				"type": "Point",
				"coordinates": [
					 137.6783,
					 36.2993
				]
			},
			"properties": {
				"name": "JA/NN-027(屏風ノ頭)",
				"読み":"Byoubunoatama",
				"標高":"2565m 10pt ",
				"GL":"PM86uh",
				"市郡区":"C#0902 ",
				"登山日":"",
				"メモ":"",
				"_markerType": "Icon",
				"_iconUrl": "https://maps.gsi.go.jp/portal/sys/v4/symbols/101.png",
				"_iconSize": [
					16,
					16
				],
				"_iconAnchor": [
					8,
					8
				]
			}
		},
		{
			"type": "Feature",
			"geometry": {
				"type": "Point",
				"coordinates": [
					 137.6506,
					 36.3806
				]
			},
			"properties": {
				"name": "JA/NN-028(硫黄岳)",
				"読み":"Ioudake",
				"標高":"2554m 10pt ",
				"GL":"PM86tj",
				"市郡区":"C#0912 ",
				"登山日":"",
				"メモ":"",
				"_markerType": "Icon",
				"_iconUrl": "https://maps.gsi.go.jp/portal/sys/v4/symbols/101.png",
				"_iconSize": [
					16,
					16
				],
				"_iconAnchor": [
					8,
					8
				]
			}
		},
		{
			"type": "Feature",
			"geometry": {
				"type": "Point",
				"coordinates": [
					 137.7056,
					 36.5177
				]
			},
			"properties": {
				"name": "JA/NN-029(北葛岳)",
				"読み":"Kitakuzudake",
				"標高":"2551m 10pt ",
				"GL":"PM86um",
				"市郡区":"C#0912 / C#2801 ",
				"登山日":"",
				"メモ":"",
				"_markerType": "Icon",
				"_iconUrl": "https://maps.gsi.go.jp/portal/sys/v4/symbols/101.png",
				"_iconSize": [
					16,
					16
				],
				"_iconAnchor": [
					8,
					8
				]
			}
		},
		{
			"type": "Feature",
			"geometry": {
				"type": "Point",
				"coordinates": [
					 137.5804,
					 36.16
				]
			},
			"properties": {
				"name": "JA/NN-030(十石山)",
				"読み":"Jyukkokusan",
				"標高":"2532m 10pt ",
				"GL":"PM86sd",
				"市郡区":"C#0902 / C#1903 ",
				"登山日":"",
				"メモ":"",
				"_markerType": "Icon",
				"_iconUrl": "https://maps.gsi.go.jp/portal/sys/v4/symbols/101.png",
				"_iconSize": [
					16,
					16
				],
				"_iconAnchor": [
					8,
					8
				]
			}
		},
		{
			"type": "Feature",
			"geometry": {
				"type": "Point",
				"coordinates": [
					 138.2951,
					 36.1037
				]
			},
			"properties": {
				"name": "JA/NN-031(蓼科山)",
				"読み":"Tateshinayama",
				"標高":"2530m 10pt ",
				"GL":"PM96dc",
				"市郡区":"G#09006E / C#0914 ",
				"登山日":"",
				"メモ":"",
				"_markerType": "Icon",
				"_iconUrl": "https://maps.gsi.go.jp/portal/sys/v4/symbols/101.png",
				"_iconSize": [
					16,
					16
				],
				"_iconAnchor": [
					8,
					8
				]
			}
		},
		{
			"type": "Feature",
			"geometry": {
				"type": "Point",
				"coordinates": [
					 138.3201,
					 36.0875
				]
			},
			"properties": {
				"name": "JA/NN-032(北横岳)",
				"読み":"Kitayokodake",
				"標高":"2480m 10pt ",
				"GL":"PM96dc",
				"市郡区":"G#09017I / C#0914 ",
				"登山日":"",
				"メモ":"",
				"_markerType": "Icon",
				"_iconUrl": "https://maps.gsi.go.jp/portal/sys/v4/symbols/101.png",
				"_iconSize": [
					16,
					16
				],
				"_iconAnchor": [
					8,
					8
				]
			}
		},
		{
			"type": "Feature",
			"geometry": {
				"type": "Point",
				"coordinates": [
					 138.0691,
					 35.485
				]
			},
			"properties": {
				"name": "JA/NN-033(奥茶臼山)",
				"読み":"Okuchausuyama",
				"標高":"2474m 10pt ",
				"GL":"PM95al",
				"市郡区":"G#09008C ",
				"登山日":"",
				"メモ":"",
				"_markerType": "Icon",
				"_iconUrl": "https://maps.gsi.go.jp/portal/sys/v4/symbols/101.png",
				"_iconSize": [
					16,
					16
				],
				"_iconAnchor": [
					8,
					8
				]
			}
		},
		{
			"type": "Feature",
			"geometry": {
				"type": "Point",
				"coordinates": [
					 137.6771,
					 36.5146
				]
			},
			"properties": {
				"name": "JA/NN-034(船窪岳)",
				"読み":"Funakubodake",
				"標高":"2459m 10pt ",
				"GL":"PM86um",
				"市郡区":"C#0912 / C#2801 ",
				"登山日":"",
				"メモ":"",
				"_markerType": "Icon",
				"_iconUrl": "https://maps.gsi.go.jp/portal/sys/v4/symbols/101.png",
				"_iconSize": [
					16,
					16
				],
				"_iconAnchor": [
					8,
					8
				]
			}
		},
		{
			"type": "Feature",
			"geometry": {
				"type": "Point",
				"coordinates": [
					 137.7549,
					 36.0866
				]
			},
			"properties": {
				"name": "JA/NN-035(鉢盛山)",
				"読み":"Hachimoriyama",
				"標高":"2446m 10pt ",
				"GL":"PM86vc",
				"市郡区":"C#0902 / G#09004E / G#09015B",
				"登山日":"",
				"メモ":"",
				"_markerType": "Icon",
				"_iconUrl": "https://maps.gsi.go.jp/portal/sys/v4/symbols/101.png",
				"_iconSize": [
					16,
					16
				],
				"_iconAnchor": [
					8,
					8
				]
			}
		},
		{
			"type": "Feature",
			"geometry": {
				"type": "Point",
				"coordinates": [
					 138.6123,
					 35.9094
				]
			},
			"properties": {
				"name": "JA/NN-036(小川山)",
				"読み":"Ogawayama",
				"標高":"2418m 10pt ",
				"GL":"PM95hv",
				"市郡区":"G#09017A / C#1709 ",
				"登山日":"",
				"メモ":"",
				"_markerType": "Icon",
				"_iconUrl": "https://maps.gsi.go.jp/portal/sys/v4/symbols/101.png",
				"_iconSize": [
					16,
					16
				],
				"_iconAnchor": [
					8,
					8
				]
			}
		},
		{
			"type": "Feature",
			"geometry": {
				"type": "Point",
				"coordinates": [
					 138.3315,
					 36.0753
				]
			},
			"properties": {
				"name": "JA/NN-037(縞枯山)",
				"読み":"Shimagareyama",
				"標高":"2403m 10pt ",
				"GL":"PM96db",
				"市郡区":"G#09017I / C#0914 ",
				"登山日":"",
				"メモ":"",
				"_markerType": "Icon",
				"_iconUrl": "https://maps.gsi.go.jp/portal/sys/v4/symbols/101.png",
				"_iconSize": [
					16,
					16
				],
				"_iconAnchor": [
					8,
					8
				]
			}
		},
		{
			"type": "Feature",
			"geometry": {
				"type": "Point",
				"coordinates": [
					 137.7119,
					 36.2078
				]
			},
			"properties": {
				"name": "JA/NN-038(小嵩沢山)",
				"読み":"Kotakezawayama",
				"標高":"2387m 10pt ",
				"GL":"PM86ue",
				"市郡区":"C#0902 ",
				"登山日":"",
				"メモ":"",
				"_markerType": "Icon",
				"_iconUrl": "https://maps.gsi.go.jp/portal/sys/v4/symbols/101.png",
				"_iconSize": [
					16,
					16
				],
				"_iconAnchor": [
					8,
					8
				]
			}
		},
		{
			"type": "Feature",
			"geometry": {
				"type": "Point",
				"coordinates": [
					 137.8101,
					 35.8481
				]
			},
			"properties": {
				"name": "JA/NN-039(大棚入山)",
				"読み":"Oodanairiyama",
				"標高":"2375m 10pt ",
				"GL":"PM85vu",
				"市郡区":"G#09004L / C#0915 ",
				"登山日":"",
				"メモ":"",
				"_markerType": "Icon",
				"_iconUrl": "https://maps.gsi.go.jp/portal/sys/v4/symbols/101.png",
				"_iconSize": [
					16,
					16
				],
				"_iconAnchor": [
					8,
					8
				]
			}
		},
		{
			"type": "Feature",
			"geometry": {
				"type": "Point",
				"coordinates": [
					 137.7356,
					 36.0693
				]
			},
			"properties": {
				"name": "JA/NN-040(小鉢盛山)",
				"読み":"Kohachimoriyama",
				"標高":"2374m 10pt ",
				"GL":"PM86ub",
				"市郡区":"C#0902 / G#09004E ",
				"登山日":"",
				"メモ":"",
				"_markerType": "Icon",
				"_iconUrl": "https://maps.gsi.go.jp/portal/sys/v4/symbols/101.png",
				"_iconSize": [
					16,
					16
				],
				"_iconAnchor": [
					8,
					8
				]
			}
		},
		{
			"type": "Feature",
			"geometry": {
				"type": "Point",
				"coordinates": [
					 137.7744,
					 35.6304
				]
			},
			"properties": {
				"name": "JA/NN-041(安平路山)",
				"読み":"Anpeijiyama",
				"標高":"2363m 10pt ",
				"GL":"PM85vp",
				"市郡区":"C#0905 / G#09004C ",
				"登山日":"",
				"メモ":"",
				"_markerType": "Icon",
				"_iconUrl": "https://maps.gsi.go.jp/portal/sys/v4/symbols/101.png",
				"_iconSize": [
					16,
					16
				],
				"_iconAnchor": [
					8,
					8
				]
			}
		},
		{
			"type": "Feature",
			"geometry": {
				"type": "Point",
				"coordinates": [
					 138.052,
					 36.8001
				]
			},
			"properties": {
				"name": "JA/NN-042(高妻山)",
				"読み":"Takatsumayama",
				"標高":"2353m 10pt ",
				"GL":"PM96at",
				"市郡区":"C#0901 / C#0827 ",
				"登山日":"",
				"メモ":"",
				"_markerType": "Icon",
				"_iconUrl": "https://maps.gsi.go.jp/portal/sys/v4/symbols/101.png",
				"_iconSize": [
					16,
					16
				],
				"_iconAnchor": [
					8,
					8
				]
			}
		},
		{
			"type": "Feature",
			"geometry": {
				"type": "Point",
				"coordinates": [
					 138.5678,
					 36.7529
				]
			},
			"properties": {
				"name": "JA/NN-043(岩菅山(裏岩菅山))",
				"読み":"Iwasugeyama/Uraiwasugeyama",
				"標高":"2341m 10pt ",
				"GL":"PM96gs",
				"市郡区":"G#09009C ",
				"登山日":"",
				"メモ":"",
				"_markerType": "Icon",
				"_iconUrl": "https://maps.gsi.go.jp/portal/sys/v4/symbols/101.png",
				"_iconSize": [
					16,
					16
				],
				"_iconAnchor": [
					8,
					8
				]
			}
		},
		{
			"type": "Feature",
			"geometry": {
				"type": "Point",
				"coordinates": [
					 137.8271,
					 35.6553
				]
			},
			"properties": {
				"name": "JA/NN-044(池ノ平山)",
				"読み":"Ikenodairasan",
				"標高":"2327m 10pt ",
				"GL":"PM85vp",
				"市郡区":"G#09001D ",
				"登山日":"",
				"メモ":"",
				"_markerType": "Icon",
				"_iconUrl": "https://maps.gsi.go.jp/portal/sys/v4/symbols/101.png",
				"_iconSize": [
					16,
					16
				],
				"_iconAnchor": [
					8,
					8
				]
			}
		},
		{
			"type": "Feature",
			"geometry": {
				"type": "Point",
				"coordinates": [
					 138.5259,
					 36.6689
				]
			},
			"properties": {
				"name": "JA/NN-045(横手山)",
				"読み":"Yokoteyama",
				"標高":"2307m 10pt ",
				"GL":"PM96gq",
				"市郡区":"G#09009C / G#16001H ",
				"登山日":"",
				"メモ":"",
				"_markerType": "Icon",
				"_iconUrl": "https://maps.gsi.go.jp/portal/sys/v4/symbols/101.png",
				"_iconSize": [
					16,
					16
				],
				"_iconAnchor": [
					8,
					8
				]
			}
		},
		{
			"type": "Feature",
			"geometry": {
				"type": "Point",
				"coordinates": [
					 137.8627,
					 35.9128
				]
			},
			"properties": {
				"name": "JA/NN-046(経ヶ岳)",
				"読み":"Kyougatake",
				"標高":"2296m 10pt ",
				"GL":"PM85wv",
				"市郡区":"G#09001F / G#09001A ",
				"登山日":"",
				"メモ":"",
				"_markerType": "Icon",
				"_iconUrl": "https://maps.gsi.go.jp/portal/sys/v4/symbols/101.png",
				"_iconSize": [
					16,
					16
				],
				"_iconAnchor": [
					8,
					8
				]
			}
		},
		{
			"type": "Feature",
			"geometry": {
				"type": "Point",
				"coordinates": [
					 138.1629,
					 35.6848
				]
			},
			"properties": {
				"name": "JA/NN-047(小瀬戸山)",
				"読み":"Kosetoyama",
				"標高":"2293m 10pt ",
				"GL":"PM95bq",
				"市郡区":"C#0909 ",
				"登山日":"",
				"メモ":"",
				"_markerType": "Icon",
				"_iconUrl": "https://maps.gsi.go.jp/portal/sys/v4/symbols/101.png",
				"_iconSize": [
					16,
					16
				],
				"_iconAnchor": [
					8,
					8
				]
			}
		},
		{
			"type": "Feature",
			"geometry": {
				"type": "Point",
				"coordinates": [
					 137.7625,
					 36.3956
				]
			},
			"properties": {
				"name": "JA/NN-048(有明山)",
				"読み":"Ariakeyama",
				"標高":"2283m 10pt ",
				"GL":"PM86vj",
				"市郡区":"C#0921 / G#09005B ",
				"登山日":"",
				"メモ":"",
				"_markerType": "Icon",
				"_iconUrl": "https://maps.gsi.go.jp/portal/sys/v4/symbols/101.png",
				"_iconSize": [
					16,
					16
				],
				"_iconAnchor": [
					8,
					8
				]
			}
		},
		{
			"type": "Feature",
			"geometry": {
				"type": "Point",
				"coordinates": [
					 138.1748,
					 35.8144
				]
			},
			"properties": {
				"name": "JA/NN-049(白岩岳)",
				"読み":"Shiroiwadake",
				"標高":"2267m 10pt ",
				"GL":"PM95ct",
				"市郡区":"G#09011C / C#0909 ",
				"登山日":"",
				"メモ":"",
				"_markerType": "Icon",
				"_iconUrl": "https://maps.gsi.go.jp/portal/sys/v4/symbols/101.png",
				"_iconSize": [
					16,
					16
				],
				"_iconAnchor": [
					8,
					8
				]
			}
		},
		{
			"type": "Feature",
			"geometry": {
				"type": "Point",
				"coordinates": [
					 138.1025,
					 35.6487
				]
			},
			"properties": {
				"name": "JA/NN-050(二児山)",
				"読み":"Futagoyama",
				"標高":"2243m 10pt ",
				"GL":"PM95bp",
				"市郡区":"G#09008C / C#0909 ",
				"登山日":"",
				"メモ":"",
				"_markerType": "Icon",
				"_iconUrl": "https://maps.gsi.go.jp/portal/sys/v4/symbols/101.png",
				"_iconSize": [
					16,
					16
				],
				"_iconAnchor": [
					8,
					8
				]
			}
		},
		{
			"type": "Feature",
			"geometry": {
				"type": "Point",
				"coordinates": [
					 138.4472,
					 36.4193
				]
			},
			"properties": {
				"name": "JA/NN-051(篭ノ登山(東篭ノ登山))",
				"読み":"Kagonotoyama/Higashikagonotoyama",
				"標高":"2227m 10pt ",
				"GL":"PM96fk",
				"市郡区":"C#0920 / G#16001F ",
				"登山日":"",
				"メモ":"",
				"_markerType": "Icon",
				"_iconUrl": "https://maps.gsi.go.jp/portal/sys/v4/symbols/101.png",
				"_iconSize": [
					16,
					16
				],
				"_iconAnchor": [
					8,
					8
				]
			}
		},
		{
			"type": "Feature",
			"geometry": {
				"type": "Point",
				"coordinates": [
					 138.6706,
					 36.7723
				]
			},
			"properties": {
				"name": "JA/NN-052(佐武流山)",
				"読み":"Saburyuuyama",
				"標高":"2192m 10pt ",
				"GL":"PM96is",
				"市郡区":"G#09010B / G#08015D ",
				"登山日":"",
				"メモ":"",
				"_markerType": "Icon",
				"_iconUrl": "https://maps.gsi.go.jp/portal/sys/v4/symbols/101.png",
				"_iconSize": [
					16,
					16
				],
				"_iconAnchor": [
					8,
					8
				]
			}
		},
		{
			"type": "Feature",
			"geometry": {
				"type": "Point",
				"coordinates": [
					 137.5979,
					 35.443
				]
			},
			"properties": {
				"name": "JA/NN-053(恵那山)",
				"読み":"Enasan",
				"標高":"2191m 10pt ",
				"GL":"PM85tk",
				"市郡区":"G#09008A / C#1906 ",
				"登山日":"",
				"メモ":"",
				"_markerType": "Icon",
				"_iconUrl": "https://maps.gsi.go.jp/portal/sys/v4/symbols/101.png",
				"_iconSize": [
					16,
					16
				],
				"_iconAnchor": [
					8,
					8
				]
			}
		},
		{
			"type": "Feature",
			"geometry": {
				"type": "Point",
				"coordinates": [
					 137.5733,
					 36.2107
				]
			},
			"properties": {
				"name": "JA/NN-054(白谷山)",
				"読み":"Shirataniyama",
				"標高":"2188m 10pt ",
				"GL":"PM86sf",
				"市郡区":"C#0902 / C#1903 ",
				"登山日":"",
				"メモ":"",
				"_markerType": "Icon",
				"_iconUrl": "https://maps.gsi.go.jp/portal/sys/v4/symbols/101.png",
				"_iconSize": [
					16,
					16
				],
				"_iconAnchor": [
					8,
					8
				]
			}
		},
		{
			"type": "Feature",
			"geometry": {
				"type": "Point",
				"coordinates": [
					 138.598,
					 36.72
				]
			},
			"properties": {
				"name": "JA/NN-055(大高山近傍)",
				"読み":"Near_Ootakayama",
				"標高":"2080m 10pt ",
				"GL":"PM96hr",
				"市郡区":"G#09009C ",
				"登山日":"",
				"メモ":"",
				"_markerType": "Icon",
				"_iconUrl": "https://maps.gsi.go.jp/portal/sys/v4/symbols/101.png",
				"_iconSize": [
					16,
					16
				],
				"_iconAnchor": [
					8,
					8
				]
			}
		},
		{
			"type": "Feature",
			"geometry": {
				"type": "Point",
				"coordinates": [
					 138.1878,
					 35.7815
				]
			},
			"properties": {
				"name": "JA/NN-056(横岳)",
				"読み":"Yokodake",
				"標高":"2142m 10pt ",
				"GL":"PM95cs",
				"市郡区":"C#0909 / G#09011C ",
				"登山日":"",
				"メモ":"",
				"_markerType": "Icon",
				"_iconUrl": "https://maps.gsi.go.jp/portal/sys/v4/symbols/101.png",
				"_iconSize": [
					16,
					16
				],
				"_iconAnchor": [
					8,
					8
				]
			}
		},
		{
			"type": "Feature",
			"geometry": {
				"type": "Point",
				"coordinates": [
					 137.599,
					 36.0266
				]
			},
			"properties": {
				"name": "JA/NN-057(鎌ヶ峰)",
				"読み":"Kamagamine",
				"標高":"2121m 10pt ",
				"GL":"PM86ta",
				"市郡区":"C#0902 / G#09004L / C#1903",
				"登山日":"",
				"メモ":"",
				"_markerType": "Icon",
				"_iconUrl": "https://maps.gsi.go.jp/portal/sys/v4/symbols/101.png",
				"_iconSize": [
					16,
					16
				],
				"_iconAnchor": [
					8,
					8
				]
			}
		},
		{
			"type": "Feature",
			"geometry": {
				"type": "Point",
				"coordinates": [
					 138.6069,
					 36.0341
				]
			},
			"properties": {
				"name": "JA/NN-058(御座山)",
				"読み":"Ogurasan",
				"標高":"2112m 10pt ",
				"GL":"PM96ha",
				"市郡区":"G#09017D / G#09017B ",
				"登山日":"",
				"メモ":"",
				"_markerType": "Icon",
				"_iconUrl": "https://maps.gsi.go.jp/portal/sys/v4/symbols/101.png",
				"_iconSize": [
					16,
					16
				],
				"_iconAnchor": [
					8,
					8
				]
			}
		},
		{
			"type": "Feature",
			"geometry": {
				"type": "Point",
				"coordinates": [
					 138.4009,
					 36.4348
				]
			},
			"properties": {
				"name": "JA/NN-059(湯ノ丸山)",
				"読み":"Yunomaruyama",
				"標高":"2101m 10pt ",
				"GL":"PM96ek",
				"市郡区":"C#0903 / C#0920 / G#16001F",
				"登山日":"",
				"メモ":"",
				"_markerType": "Icon",
				"_iconUrl": "https://maps.gsi.go.jp/portal/sys/v4/symbols/101.png",
				"_iconSize": [
					16,
					16
				],
				"_iconAnchor": [
					8,
					8
				]
			}
		},
		{
			"type": "Feature",
			"geometry": {
				"type": "Point",
				"coordinates": [
					 138.4815,
					 36.6767
				]
			},
			"properties": {
				"name": "JA/NN-060(笠ヶ岳)",
				"読み":"Kasagatake",
				"標高":"2076m 10pt ",
				"GL":"PM96fq",
				"市郡区":"G#09009C / G#09002B ",
				"登山日":"",
				"メモ":"",
				"_markerType": "Icon",
				"_iconUrl": "https://maps.gsi.go.jp/portal/sys/v4/symbols/101.png",
				"_iconSize": [
					16,
					16
				],
				"_iconAnchor": [
					8,
					8
				]
			}
		},
		{
			"type": "Feature",
			"geometry": {
				"type": "Point",
				"coordinates": [
					 138.0301,
					 36.7619
				]
			},
			"properties": {
				"name": "JA/NN-061(西岳)",
				"読み":"Nishidake",
				"標高":"2053m 10pt ",
				"GL":"PM96as",
				"市郡区":"C#0901 ",
				"登山日":"",
				"メモ":"",
				"_markerType": "Icon",
				"_iconUrl": "https://maps.gsi.go.jp/portal/sys/v4/symbols/101.png",
				"_iconSize": [
					16,
					16
				],
				"_iconAnchor": [
					8,
					8
				]
			}
		},
		{
			"type": "Feature",
			"geometry": {
				"type": "Point",
				"coordinates": [
					 138.1272,
					 36.8135
				]
			},
			"properties": {
				"name": "JA/NN-062(黒姫山)",
				"読み":"Kurohimeyama",
				"標高":"2053m 10pt ",
				"GL":"PM96bt",
				"市郡区":"G#09003D ",
				"登山日":"",
				"メモ":"",
				"_markerType": "Icon",
				"_iconUrl": "https://maps.gsi.go.jp/portal/sys/v4/symbols/101.png",
				"_iconSize": [
					16,
					16
				],
				"_iconAnchor": [
					8,
					8
				]
			}
		},
		{
			"type": "Feature",
			"geometry": {
				"type": "Point",
				"coordinates": [
					 137.788,
					 36.2431
				]
			},
			"properties": {
				"name": "JA/NN-063(黒沢山)",
				"読み":"Kurozawayama",
				"標高":"2051m 10pt ",
				"GL":"PM86vf",
				"市郡区":"C#0902 / C#0921 ",
				"登山日":"",
				"メモ":"",
				"_markerType": "Icon",
				"_iconUrl": "https://maps.gsi.go.jp/portal/sys/v4/symbols/101.png",
				"_iconSize": [
					16,
					16
				],
				"_iconAnchor": [
					8,
					8
				]
			}
		},
		{
			"type": "Feature",
			"geometry": {
				"type": "Point",
				"coordinates": [
					 138.1169,
					 36.8174
				]
			},
			"properties": {
				"name": "JA/NN-064(御巣鷹山(小黒姫))",
				"読み":"Osutakayama(Kokurohime)",
				"標高":"2046m 10pt ",
				"GL":"PM96bt",
				"市郡区":"G#09003D ",
				"登山日":"",
				"メモ":"",
				"_markerType": "Icon",
				"_iconUrl": "https://maps.gsi.go.jp/portal/sys/v4/symbols/101.png",
				"_iconSize": [
					16,
					16
				],
				"_iconAnchor": [
					8,
					8
				]
			}
		},
		{
			"type": "Feature",
			"geometry": {
				"type": "Point",
				"coordinates": [
					 137.6969,
					 35.9761
				]
			},
			"properties": {
				"name": "JA/NN-065(大笹沢山)",
				"読み":"Oosasazawayama",
				"標高":"2040m 10pt ",
				"GL":"PM85ux",
				"市郡区":"G#09004L / G#09004E ",
				"登山日":"",
				"メモ":"",
				"_markerType": "Icon",
				"_iconUrl": "https://maps.gsi.go.jp/portal/sys/v4/symbols/101.png",
				"_iconSize": [
					16,
					16
				],
				"_iconAnchor": [
					8,
					8
				]
			}
		},
		{
			"type": "Feature",
			"geometry": {
				"type": "Point",
				"coordinates": [
					 138.584,
					 36.8392
				]
			},
			"properties": {
				"name": "JA/NN-066(鳥甲山)",
				"読み":"Torikabutoyama",
				"標高":"2038m 10pt ",
				"GL":"PM96hu",
				"市郡区":"G#09010B ",
				"登山日":"",
				"メモ":"",
				"_markerType": "Icon",
				"_iconUrl": "https://maps.gsi.go.jp/portal/sys/v4/symbols/101.png",
				"_iconSize": [
					16,
					16
				],
				"_iconAnchor": [
					8,
					8
				]
			}
		},
		{
			"type": "Feature",
			"geometry": {
				"type": "Point",
				"coordinates": [
					 138.1074,
					 36.2258
				]
			},
			"properties": {
				"name": "JA/NN-067(美ヶ原(王ヶ頭))",
				"読み":"Utsukushigahara/Ougatou",
				"標高":"2034m 10pt ",
				"GL":"PM96bf",
				"市郡区":"C#0902 / C#0903 ",
				"登山日":"",
				"メモ":"",
				"_markerType": "Icon",
				"_iconUrl": "https://maps.gsi.go.jp/portal/sys/v4/symbols/101.png",
				"_iconSize": [
					16,
					16
				],
				"_iconAnchor": [
					8,
					8
				]
			}
		},
		{
			"type": "Feature",
			"geometry": {
				"type": "Point",
				"coordinates": [
					 137.6781,
					 36.0149
				]
			},
			"properties": {
				"name": "JA/NN-068(橡洞(三角点))",
				"読み":"Tochibora",
				"標高":"2033m 10pt ",
				"GL":"PM86ua",
				"市郡区":"G#09004L / C#0902 ",
				"登山日":"",
				"メモ":"",
				"_markerType": "Icon",
				"_iconUrl": "https://maps.gsi.go.jp/portal/sys/v4/symbols/101.png",
				"_iconSize": [
					16,
					16
				],
				"_iconAnchor": [
					8,
					8
				]
			}
		},
		{
			"type": "Feature",
			"geometry": {
				"type": "Point",
				"coordinates": [
					 138.5105,
					 36.7619
				]
			},
			"properties": {
				"name": "JA/NN-069(焼額山)",
				"読み":"Yakebitaiyama",
				"標高":"2010m 10pt ",
				"GL":"PM96gs",
				"市郡区":"G#09009C ",
				"登山日":"",
				"メモ":"",
				"_markerType": "Icon",
				"_iconUrl": "https://maps.gsi.go.jp/portal/sys/v4/symbols/101.png",
				"_iconSize": [
					16,
					16
				],
				"_iconAnchor": [
					8,
					8
				]
			}
		},
		{
			"type": "Feature",
			"geometry": {
				"type": "Point",
				"coordinates": [
					 137.397,
					 35.7854
				]
			},
			"properties": {
				"name": "JA/NN-070(小秀山)",
				"読み":"Kohideyama",
				"標高":"1982m 10pt ",
				"GL":"PM85qs",
				"市郡区":"G#09004B / C#1906 ",
				"登山日":"",
				"メモ":"",
				"_markerType": "Icon",
				"_iconUrl": "https://maps.gsi.go.jp/portal/sys/v4/symbols/101.png",
				"_iconSize": [
					16,
					16
				],
				"_iconAnchor": [
					8,
					8
				]
			}
		},
		{
			"type": "Feature",
			"geometry": {
				"type": "Point",
				"coordinates": [
					 138.6888,
					 35.9918
				]
			},
			"properties": {
				"name": "JA/NN-071(高天原山)",
				"読み":"Takamagaharayama",
				"標高":"1979m 10pt ",
				"GL":"PM95ix",
				"市郡区":"G#09017A / G#09017D / G#16009F",
				"登山日":"",
				"メモ":"",
				"_markerType": "Icon",
				"_iconUrl": "https://maps.gsi.go.jp/portal/sys/v4/symbols/101.png",
				"_iconSize": [
					16,
					16
				],
				"_iconAnchor": [
					8,
					8
				]
			}
		},
		{
			"type": "Feature",
			"geometry": {
				"type": "Point",
				"coordinates": [
					 137.9626,
					 36.902
				]
			},
			"properties": {
				"name": "JA/NN-072(雨飾山)",
				"読み":"Amakazariyama",
				"標高":"1963m 10pt ",
				"GL":"PM86xv",
				"市郡区":"G#09005E / C#0816 ",
				"登山日":"",
				"メモ":"",
				"_markerType": "Icon",
				"_iconUrl": "https://maps.gsi.go.jp/portal/sys/v4/symbols/101.png",
				"_iconSize": [
					16,
					16
				],
				"_iconAnchor": [
					8,
					8
				]
			}
		},
		{
			"type": "Feature",
			"geometry": {
				"type": "Point",
				"coordinates": [
					 137.8298,
					 35.9433
				]
			},
			"properties": {
				"name": "JA/NN-073(坊主岳近傍)",
				"読み":"Bouzudake",
				"標高":"1961m 10pt ",
				"GL":"PM85vw",
				"市郡区":"G#09001F / C#0915 ",
				"登山日":"",
				"メモ":"",
				"_markerType": "Icon",
				"_iconUrl": "https://maps.gsi.go.jp/portal/sys/v4/symbols/101.png",
				"_iconSize": [
					16,
					16
				],
				"_iconAnchor": [
					8,
					8
				]
			}
		},
		{
			"type": "Feature",
			"geometry": {
				"type": "Point",
				"coordinates": [
					 137.634,
					 35.3983
				]
			},
			"properties": {
				"name": "JA/NN-074(点1940(波合山(三角点)近傍))",
				"読み":"P1940",
				"標高":"1940m 10pt ",
				"GL":"PM85tj",
				"市郡区":"G#09008A / G#09008L / C#1906",
				"登山日":"",
				"メモ":"",
				"_markerType": "Icon",
				"_iconUrl": "https://maps.gsi.go.jp/portal/sys/v4/symbols/101.png",
				"_iconSize": [
					16,
					16
				],
				"_iconAnchor": [
					8,
					8
				]
			}
		},
		{
			"type": "Feature",
			"geometry": {
				"type": "Point",
				"coordinates": [
					 138.0603,
					 36.1616
				]
			},
			"properties": {
				"name": "JA/NN-075(鉢伏山)",
				"読み":"Hachibuseyama",
				"標高":"1936m 10pt ",
				"GL":"PM96ad",
				"市郡区":"C#0904 ",
				"登山日":"",
				"メモ":"",
				"_markerType": "Icon",
				"_iconUrl": "https://maps.gsi.go.jp/portal/sys/v4/symbols/101.png",
				"_iconSize": [
					16,
					16
				],
				"_iconAnchor": [
					8,
					8
				]
			}
		},
		{
			"type": "Feature",
			"geometry": {
				"type": "Point",
				"coordinates": [
					 138.1967,
					 36.1029
				]
			},
			"properties": {
				"name": "JA/NN-076(霧ヶ峰(車山))",
				"読み":"Kirigamine/Kurumayama",
				"標高":"1925m 10pt ",
				"GL":"PM96cc",
				"市郡区":"C#0914 / C#0906 ",
				"登山日":"",
				"メモ":"",
				"_markerType": "Icon",
				"_iconUrl": "https://maps.gsi.go.jp/portal/sys/v4/symbols/101.png",
				"_iconSize": [
					16,
					16
				],
				"_iconAnchor": [
					8,
					8
				]
			}
		},
		{
			"type": "Feature",
			"geometry": {
				"type": "Point",
				"coordinates": [
					 138.1337,
					 36.7394
				]
			},
			"properties": {
				"name": "JA/NN-077(飯縄山(飯綱山))",
				"読み":"Iidunayama",
				"標高":"1917m 10pt ",
				"GL":"PM96br",
				"市郡区":"C#0901 ",
				"登山日":"",
				"メモ":"",
				"_markerType": "Icon",
				"_iconUrl": "https://maps.gsi.go.jp/portal/sys/v4/symbols/101.png",
				"_iconSize": [
					16,
					16
				],
				"_iconAnchor": [
					8,
					8
				]
			}
		},
		{
			"type": "Feature",
			"geometry": {
				"type": "Point",
				"coordinates": [
					 137.9902,
					 35.492
				]
			},
			"properties": {
				"name": "JA/NN-079(鬼面山)",
				"読み":"Kimenzan",
				"標高":"1889m 10pt ",
				"GL":"PM85xl",
				"市郡区":"C#0905 / G#09008Q ",
				"登山日":"",
				"メモ":"",
				"_markerType": "Icon",
				"_iconUrl": "https://maps.gsi.go.jp/portal/sys/v4/symbols/101.png",
				"_iconSize": [
					16,
					16
				],
				"_iconAnchor": [
					8,
					8
				]
			}
		},
		{
			"type": "Feature",
			"geometry": {
				"type": "Point",
				"coordinates": [
					 138.1285,
					 36.1662
				]
			},
			"properties": {
				"name": "JA/NN-080(三峰山)",
				"読み":"Mitsuminesan",
				"標高":"1887m 10pt ",
				"GL":"PM96bd",
				"市郡区":"G#09012H / G#09011A / C#0902",
				"登山日":"",
				"メモ":"",
				"_markerType": "Icon",
				"_iconUrl": "https://maps.gsi.go.jp/portal/sys/v4/symbols/101.png",
				"_iconSize": [
					16,
					16
				],
				"_iconAnchor": [
					8,
					8
				]
			}
		},
		{
			"type": "Feature",
			"geometry": {
				"type": "Point",
				"coordinates": [
					 138.569,
					 35.9917
				]
			},
			"properties": {
				"name": "JA/NN-081(天狗山)",
				"読み":"Tenguyama",
				"標高":"1882m 10pt ",
				"GL":"PM95gx",
				"市郡区":"G#09017D / G#09017A ",
				"登山日":"",
				"メモ":"",
				"_markerType": "Icon",
				"_iconUrl": "https://maps.gsi.go.jp/portal/sys/v4/symbols/101.png",
				"_iconSize": [
					16,
					16
				],
				"_iconAnchor": [
					8,
					8
				]
			}
		},
		{
			"type": "Feature",
			"geometry": {
				"type": "Point",
				"coordinates": [
					 137.7338,
					 35.7083
				]
			},
			"properties": {
				"name": "JA/NN-082(糸瀬山)",
				"読み":"Itoseyama",
				"標高":"1867m 10pt ",
				"GL":"PM85uq",
				"市郡区":"G#09004C ",
				"登山日":"",
				"メモ":"",
				"_markerType": "Icon",
				"_iconUrl": "https://maps.gsi.go.jp/portal/sys/v4/symbols/101.png",
				"_iconSize": [
					16,
					16
				],
				"_iconAnchor": [
					8,
					8
				]
			}
		},
		{
			"type": "Feature",
			"geometry": {
				"type": "Point",
				"coordinates": [
					 138.551,
					 36.8575
				]
			},
			"properties": {
				"name": "JA/NN-083(台倉山)",
				"読み":"Daikurayama",
				"標高":"1853m 10pt ",
				"GL":"PM96gu",
				"市郡区":"G#09010B / G#09009A ",
				"登山日":"",
				"メモ":"",
				"_markerType": "Icon",
				"_iconUrl": "https://maps.gsi.go.jp/portal/sys/v4/symbols/101.png",
				"_iconSize": [
					16,
					16
				],
				"_iconAnchor": [
					8,
					8
				]
			}
		},
		{
			"type": "Feature",
			"geometry": {
				"type": "Point",
				"coordinates": [
					 137.9647,
					 36.7705
				]
			},
			"properties": {
				"name": "JA/NN-084(東山)",
				"読み":"Higashiyama",
				"標高":"1849m 10pt ",
				"GL":"PM86xs",
				"市郡区":"G#09005E / C#0901 ",
				"登山日":"",
				"メモ":"",
				"_markerType": "Icon",
				"_iconUrl": "https://maps.gsi.go.jp/portal/sys/v4/symbols/101.png",
				"_iconSize": [
					16,
					16
				],
				"_iconAnchor": [
					8,
					8
				]
			}
		},
		{
			"type": "Feature",
			"geometry": {
				"type": "Point",
				"coordinates": [
					 137.4872,
					 35.7134
				]
			},
			"properties": {
				"name": "JA/NN-085(井出ノ小路山)",
				"読み":"Idenokoujiyama",
				"標高":"1840m 10pt ",
				"GL":"PM85rr",
				"市郡区":"G#09004C / C#1906 ",
				"登山日":"",
				"メモ":"",
				"_markerType": "Icon",
				"_iconUrl": "https://maps.gsi.go.jp/portal/sys/v4/symbols/101.png",
				"_iconSize": [
					16,
					16
				],
				"_iconAnchor": [
					8,
					8
				]
			}
		},
		{
			"type": "Feature",
			"geometry": {
				"type": "Point",
				"coordinates": [
					 138.0878,
					 36.8136
				]
			},
			"properties": {
				"name": "JA/NN-086(佐渡山)",
				"読み":"Sadoyama",
				"標高":"1828m 10pt ",
				"GL":"PM96bt",
				"市郡区":"C#0901 ",
				"登山日":"",
				"メモ":"",
				"_markerType": "Icon",
				"_iconUrl": "https://maps.gsi.go.jp/portal/sys/v4/symbols/101.png",
				"_iconSize": [
					16,
					16
				],
				"_iconAnchor": [
					8,
					8
				]
			}
		},
		{
			"type": "Feature",
			"geometry": {
				"type": "Point",
				"coordinates": [
					 138.600949,
					 35.991788
				]
			},
			"properties": {
				"name": "JA/NN-087(御陵山)",
				"読み":"Omihakayama",
				"標高":"1822m 10pt ",
				"GL":"PM95hx",
				"市郡区":"G#09017A / G#09017D ",
				"登山日":"",
				"メモ":"",
				"_markerType": "Icon",
				"_iconUrl": "https://maps.gsi.go.jp/portal/sys/v4/symbols/101.png",
				"_iconSize": [
					16,
					16
				],
				"_iconAnchor": [
					8,
					8
				]
			}
		},
		{
			"type": "Feature",
			"geometry": {
				"type": "Point",
				"coordinates": [
					 137.6668,
					 36.0586
				]
			},
			"properties": {
				"name": "JA/NN-088(大久保(三角点))",
				"読み":"Ookubo",
				"標高":"1814m 10pt ",
				"GL":"PM86ub",
				"市郡区":"C#0902 ",
				"登山日":"",
				"メモ":"",
				"_markerType": "Icon",
				"_iconUrl": "https://maps.gsi.go.jp/portal/sys/v4/symbols/101.png",
				"_iconSize": [
					16,
					16
				],
				"_iconAnchor": [
					8,
					8
				]
			}
		},
		{
			"type": "Feature",
			"geometry": {
				"type": "Point",
				"coordinates": [
					 138.1544,
					 36.1301
				]
			},
			"properties": {
				"name": "JA/NN-089(鷲ヶ峰)",
				"読み":"Washigamine",
				"標高":"1798m 10pt ",
				"GL":"PM96bd",
				"市郡区":"G#09011A / G#09012H ",
				"登山日":"",
				"メモ":"",
				"_markerType": "Icon",
				"_iconUrl": "https://maps.gsi.go.jp/portal/sys/v4/symbols/101.png",
				"_iconSize": [
					16,
					16
				],
				"_iconAnchor": [
					8,
					8
				]
			}
		},
		{
			"type": "Feature",
			"geometry": {
				"type": "Point",
				"coordinates": [
					 137.79,
					 36.0161
				]
			},
			"properties": {
				"name": "JA/NN-090(味噌川(三角点))",
				"読み":"Misokawa",
				"標高":"1785m 10pt ",
				"GL":"PM86va",
				"市郡区":"G#09004E ",
				"登山日":"",
				"メモ":"",
				"_markerType": "Icon",
				"_iconUrl": "https://maps.gsi.go.jp/portal/sys/v4/symbols/101.png",
				"_iconSize": [
					16,
					16
				],
				"_iconAnchor": [
					8,
					8
				]
			}
		},
		{
			"type": "Feature",
			"geometry": {
				"type": "Point",
				"coordinates": [
					 138.4951,
					 36.8107
				]
			},
			"properties": {
				"name": "JA/NN-091(高標山)",
				"読み":"Takappyouyama",
				"標高":"1747m 10pt ",
				"GL":"PM96ft",
				"市郡区":"G#09009A ",
				"登山日":"",
				"メモ":"",
				"_markerType": "Icon",
				"_iconUrl": "https://maps.gsi.go.jp/portal/sys/v4/symbols/101.png",
				"_iconSize": [
					16,
					16
				],
				"_iconAnchor": [
					8,
					8
				]
			}
		},
		{
			"type": "Feature",
			"geometry": {
				"type": "Point",
				"coordinates": [
					 137.6297,
					 35.483
				]
			},
			"properties": {
				"name": "JA/NN-092(富士見台)",
				"読み":"Fujimidai",
				"標高":"1739m 10pt ",
				"GL":"PM85tl",
				"市郡区":"G#09008A / C#1906 ",
				"登山日":"",
				"メモ":"",
				"_markerType": "Icon",
				"_iconUrl": "https://maps.gsi.go.jp/portal/sys/v4/symbols/101.png",
				"_iconSize": [
					16,
					16
				],
				"_iconAnchor": [
					8,
					8
				]
			}
		},
		{
			"type": "Feature",
			"geometry": {
				"type": "Point",
				"coordinates": [
					 138.0437,
					 35.6751
				]
			},
			"properties": {
				"name": "JA/NN-093(北川(三角点))",
				"読み":"Kitagawa",
				"標高":"1738m 10pt ",
				"GL":"PM95aq",
				"市郡区":"C#0910 / G#09008C ",
				"登山日":"",
				"メモ":"",
				"_markerType": "Icon",
				"_iconUrl": "https://maps.gsi.go.jp/portal/sys/v4/symbols/101.png",
				"_iconSize": [
					16,
					16
				],
				"_iconAnchor": [
					8,
					8
				]
			}
		},
		{
			"type": "Feature",
			"geometry": {
				"type": "Point",
				"coordinates": [
					 138.5477,
					 36.1119
				]
			},
			"properties": {
				"name": "JA/NN-094(茂来山)",
				"読み":"Moraisan",
				"標高":"1718m 10pt ",
				"GL":"PM96gc",
				"市郡区":"G#09017C / G#09017I ",
				"登山日":"",
				"メモ":"",
				"_markerType": "Icon",
				"_iconUrl": "https://maps.gsi.go.jp/portal/sys/v4/symbols/101.png",
				"_iconSize": [
					16,
					16
				],
				"_iconAnchor": [
					8,
					8
				]
			}
		},
		{
			"type": "Feature",
			"geometry": {
				"type": "Point",
				"coordinates": [
					 137.5333,
					 35.7547
				]
			},
			"properties": {
				"name": "JA/NN-095(西股山)",
				"読み":"Nishimatayama",
				"標高":"1717m 10pt ",
				"GL":"PM85ss",
				"市郡区":"G#09004B / G#09004A ",
				"登山日":"",
				"メモ":"",
				"_markerType": "Icon",
				"_iconUrl": "https://maps.gsi.go.jp/portal/sys/v4/symbols/101.png",
				"_iconSize": [
					16,
					16
				],
				"_iconAnchor": [
					8,
					8
				]
			}
		},
		{
			"type": "Feature",
			"geometry": {
				"type": "Point",
				"coordinates": [
					 137.9397,
					 35.4091
				]
			},
			"properties": {
				"name": "JA/NN-096(金森山)",
				"読み":"Kanamoriyama",
				"標高":"1703m 10pt ",
				"GL":"PM85xj",
				"市郡区":"C#0905 ",
				"登山日":"",
				"メモ":"",
				"_markerType": "Icon",
				"_iconUrl": "https://maps.gsi.go.jp/portal/sys/v4/symbols/101.png",
				"_iconSize": [
					16,
					16
				],
				"_iconAnchor": [
					8,
					8
				]
			}
		},
		{
			"type": "Feature",
			"geometry": {
				"type": "Point",
				"coordinates": [
					 137.4348,
					 35.7658
				]
			},
			"properties": {
				"name": "JA/NN-097(桶ケ沢(三角点))",
				"読み":"Okegasawa",
				"標高":"1697m 10pt ",
				"GL":"PM85rs",
				"市郡区":"G#09004B / C#1906 ",
				"登山日":"",
				"メモ":"",
				"_markerType": "Icon",
				"_iconUrl": "https://maps.gsi.go.jp/portal/sys/v4/symbols/101.png",
				"_iconSize": [
					16,
					16
				],
				"_iconAnchor": [
					8,
					8
				]
			}
		},
		{
			"type": "Feature",
			"geometry": {
				"type": "Point",
				"coordinates": [
					 138.052,
					 35.745
				]
			},
			"properties": {
				"name": "JA/NN-098(戸倉山(伊那富士))",
				"読み":"Tokurayama/Inafuji",
				"標高":"1681m 10pt ",
				"GL":"PM95ar",
				"市郡区":"C#0910 / C#0909 ",
				"登山日":"",
				"メモ":"",
				"_markerType": "Icon",
				"_iconUrl": "https://maps.gsi.go.jp/portal/sys/v4/symbols/101.png",
				"_iconSize": [
					16,
					16
				],
				"_iconAnchor": [
					8,
					8
				]
			}
		},
		{
			"type": "Feature",
			"geometry": {
				"type": "Point",
				"coordinates": [
					 137.6444,
					 35.5925
				]
			},
			"properties": {
				"name": "JA/NN-099(南木曽岳)",
				"読み":"Nagisodake",
				"標高":"1679m 10pt ",
				"GL":"PM85to",
				"市郡区":"G#09004J ",
				"登山日":"",
				"メモ":"",
				"_markerType": "Icon",
				"_iconUrl": "https://maps.gsi.go.jp/portal/sys/v4/symbols/101.png",
				"_iconSize": [
					16,
					16
				],
				"_iconAnchor": [
					8,
					8
				]
			}
		},
		{
			"type": "Feature",
			"geometry": {
				"type": "Point",
				"coordinates": [
					 138.49,
					 36.8548
				]
			},
			"properties": {
				"name": "JA/NN-100(八剣山(三角点))",
				"読み":"Hakkenzan",
				"標高":"1676m 10pt ",
				"GL":"PM96fu",
				"市郡区":"G#09009A ",
				"登山日":"",
				"メモ":"",
				"_markerType": "Icon",
				"_iconUrl": "https://maps.gsi.go.jp/portal/sys/v4/symbols/101.png",
				"_iconSize": [
					16,
					16
				],
				"_iconAnchor": [
					8,
					8
				]
			}
		},
		{
			"type": "Feature",
			"geometry": {
				"type": "Point",
				"coordinates": [
					 138.1937,
					 36.1585
				]
			},
			"properties": {
				"name": "JA/NN-101(高松(三角点))",
				"読み":"Takamatsu",
				"標高":"1670m 10pt ",
				"GL":"PM96cd",
				"市郡区":"G#09012H ",
				"登山日":"",
				"メモ":"",
				"_markerType": "Icon",
				"_iconUrl": "https://maps.gsi.go.jp/portal/sys/v4/symbols/101.png",
				"_iconSize": [
					16,
					16
				],
				"_iconAnchor": [
					8,
					8
				]
			}
		},
		{
			"type": "Feature",
			"geometry": {
				"type": "Point",
				"coordinates": [
					 137.3314,
					 35.8071
				]
			},
			"properties": {
				"name": "JA/NN-102(箱岩山(三角点))",
				"読み":"Hakoiwayama",
				"標高":"1669m 10pt ",
				"GL":"PM85pt",
				"市郡区":"G#09004B / C#1920 ",
				"登山日":"",
				"メモ":"",
				"_markerType": "Icon",
				"_iconUrl": "https://maps.gsi.go.jp/portal/sys/v4/symbols/101.png",
				"_iconSize": [
					16,
					16
				],
				"_iconAnchor": [
					8,
					8
				]
			}
		},
		{
			"type": "Feature",
			"geometry": {
				"type": "Point",
				"coordinates": [
					 137.6882,
					 35.3414
				]
			},
			"properties": {
				"name": "JA/NN-103(蛇峠山)",
				"読み":"Jatougeyama",
				"標高":"1664m 10pt ",
				"GL":"PM85ui",
				"市郡区":"G#09008A / G#09008N / G#09008L",
				"登山日":"",
				"メモ":"",
				"_markerType": "Icon",
				"_iconUrl": "https://maps.gsi.go.jp/portal/sys/v4/symbols/101.png",
				"_iconSize": [
					16,
					16
				],
				"_iconAnchor": [
					8,
					8
				]
			}
		},
		{
			"type": "Feature",
			"geometry": {
				"type": "Point",
				"coordinates": [
					 138.5833,
					 35.9618
				]
			},
			"properties": {
				"name": "JA/NN-104(大深山(三角点))",
				"読み":"Oomiyama",
				"標高":"1664m 10pt ",
				"GL":"PM95hx",
				"市郡区":"G#09017A ",
				"登山日":"",
				"メモ":"",
				"_markerType": "Icon",
				"_iconUrl": "https://maps.gsi.go.jp/portal/sys/v4/symbols/101.png",
				"_iconSize": [
					16,
					16
				],
				"_iconAnchor": [
					8,
					8
				]
			}
		},
		{
			"type": "Feature",
			"geometry": {
				"type": "Point",
				"coordinates": [
					 137.4624,
					 35.7943
				]
			},
			"properties": {
				"name": "JA/NN-105(割沢(三角点))",
				"読み":"Warisawa",
				"標高":"1659m 10pt ",
				"GL":"PM85rt",
				"市郡区":"G#09004B ",
				"登山日":"",
				"メモ":"",
				"_markerType": "Icon",
				"_iconUrl": "https://maps.gsi.go.jp/portal/sys/v4/symbols/101.png",
				"_iconSize": [
					16,
					16
				],
				"_iconAnchor": [
					8,
					8
				]
			}
		},
		{
			"type": "Feature",
			"geometry": {
				"type": "Point",
				"coordinates": [
					 137.8949,
					 35.2632
				]
			},
			"properties": {
				"name": "JA/NN-106(熊伏山)",
				"読み":"Kumabushiyama",
				"標高":"1653m 10pt ",
				"GL":"PM85wg",
				"市郡区":"C#0905 / G#09008P ",
				"登山日":"",
				"メモ":"",
				"_markerType": "Icon",
				"_iconUrl": "https://maps.gsi.go.jp/portal/sys/v4/symbols/101.png",
				"_iconSize": [
					16,
					16
				],
				"_iconAnchor": [
					8,
					8
				]
			}
		},
		{
			"type": "Feature",
			"geometry": {
				"type": "Point",
				"coordinates": [
					 138.4867,
					 36.8978
				]
			},
			"properties": {
				"name": "JA/NN-107(毛無山)",
				"読み":"Kenashiyama",
				"標高":"1650m 10pt ",
				"GL":"PM96fv",
				"市郡区":"G#09009B ",
				"登山日":"",
				"メモ":"",
				"_markerType": "Icon",
				"_iconUrl": "https://maps.gsi.go.jp/portal/sys/v4/symbols/101.png",
				"_iconSize": [
					16,
					16
				],
				"_iconAnchor": [
					8,
					8
				]
			}
		},
		{
			"type": "Feature",
			"geometry": {
				"type": "Point",
				"coordinates": [
					 138.0933,
					 35.9675
				]
			},
			"properties": {
				"name": "JA/NN-108(守屋山)",
				"読み":"Moriyasan",
				"標高":"1650m 10pt ",
				"GL":"PM95bx",
				"市郡区":"C#0906 / C#0909 ",
				"登山日":"",
				"メモ":"",
				"_markerType": "Icon",
				"_iconUrl": "https://maps.gsi.go.jp/portal/sys/v4/symbols/101.png",
				"_iconSize": [
					16,
					16
				],
				"_iconAnchor": [
					8,
					8
				]
			}
		},
		{
			"type": "Feature",
			"geometry": {
				"type": "Point",
				"coordinates": [
					 138.3055,
					 36.5124
				]
			},
			"properties": {
				"name": "JA/NN-109(大松山)",
				"読み":"Oomatsuyama",
				"標高":"1649m 10pt ",
				"GL":"PM96dm",
				"市郡区":"C#0903 ",
				"登山日":"",
				"メモ":"",
				"_markerType": "Icon",
				"_iconUrl": "https://maps.gsi.go.jp/portal/sys/v4/symbols/101.png",
				"_iconSize": [
					16,
					16
				],
				"_iconAnchor": [
					8,
					8
				]
			}
		},
		{
			"type": "Feature",
			"geometry": {
				"type": "Point",
				"coordinates": [
					 138.3705,
					 36.4646
				]
			},
			"properties": {
				"name": "JA/NN-110(角間(三角点))",
				"読み":"Kadoma",
				"標高":"1644m 10pt ",
				"GL":"PM96el",
				"市郡区":"C#0903 ",
				"登山日":"",
				"メモ":"",
				"_markerType": "Icon",
				"_iconUrl": "https://maps.gsi.go.jp/portal/sys/v4/symbols/101.png",
				"_iconSize": [
					16,
					16
				],
				"_iconAnchor": [
					8,
					8
				]
			}
		},
		{
			"type": "Feature",
			"geometry": {
				"type": "Point",
				"coordinates": [
					 137.7041,
					 35.5528
				]
			},
			"properties": {
				"name": "JA/NN-111(兀岳)",
				"読み":"Hagetake",
				"標高":"1636m 10pt ",
				"GL":"PM85un",
				"市郡区":"C#0905 / G#09008A ",
				"登山日":"",
				"メモ":"",
				"_markerType": "Icon",
				"_iconUrl": "https://maps.gsi.go.jp/portal/sys/v4/symbols/101.png",
				"_iconSize": [
					16,
					16
				],
				"_iconAnchor": [
					8,
					8
				]
			}
		},
		{
			"type": "Feature",
			"geometry": {
				"type": "Point",
				"coordinates": [
					 138.5864,
					 36.0128
				]
			},
			"properties": {
				"name": "JA/NN-112(峰雄山)",
				"読み":"Mineosan",
				"標高":"1631m 10pt ",
				"GL":"PM96ha",
				"市郡区":"G#09017D ",
				"登山日":"",
				"メモ":"",
				"_markerType": "Icon",
				"_iconUrl": "https://maps.gsi.go.jp/portal/sys/v4/symbols/101.png",
				"_iconSize": [
					16,
					16
				],
				"_iconAnchor": [
					8,
					8
				]
			}
		},
		{
			"type": "Feature",
			"geometry": {
				"type": "Point",
				"coordinates": [
					 138.0629,
					 36.3332
				]
			},
			"properties": {
				"name": "JA/NN-113(入山)",
				"読み":"Iriyama",
				"標高":"1626m 10pt ",
				"GL":"PM96ah",
				"市郡区":"C#0902 ",
				"登山日":"",
				"メモ":"",
				"_markerType": "Icon",
				"_iconUrl": "https://maps.gsi.go.jp/portal/sys/v4/symbols/101.png",
				"_iconSize": [
					16,
					16
				],
				"_iconAnchor": [
					8,
					8
				]
			}
		},
		{
			"type": "Feature",
			"geometry": {
				"type": "Point",
				"coordinates": [
					 137.7949,
					 36.4848
				]
			},
			"properties": {
				"name": "JA/NN-114(鍬ノ峰)",
				"読み":"Kuwanomine",
				"標高":"1623m 10pt ",
				"GL":"PM86vl",
				"市郡区":"C#0912 ",
				"登山日":"",
				"メモ":"",
				"_markerType": "Icon",
				"_iconUrl": "https://maps.gsi.go.jp/portal/sys/v4/symbols/101.png",
				"_iconSize": [
					16,
					16
				],
				"_iconAnchor": [
					8,
					8
				]
			}
		},
		{
			"type": "Feature",
			"geometry": {
				"type": "Point",
				"coordinates": [
					 137.6881,
					 36.1303
				]
			},
			"properties": {
				"name": "JA/NN-115(保倉山)",
				"読み":"Hokurayama",
				"標高":"1570m 10pt ",
				"GL":"PM86ud",
				"市郡区":"C#0902 ",
				"登山日":"",
				"メモ":"",
				"_markerType": "Icon",
				"_iconUrl": "https://maps.gsi.go.jp/portal/sys/v4/symbols/101.png",
				"_iconSize": [
					16,
					16
				],
				"_iconAnchor": [
					8,
					8
				]
			}
		},
		{
			"type": "Feature",
			"geometry": {
				"type": "Point",
				"coordinates": [
					 137.9549,
					 36.8623
				]
			},
			"properties": {
				"name": "JA/NN-116(大渚山)",
				"読み":"Oonagiyama",
				"標高":"1570m 10pt ",
				"GL":"PM86xu",
				"市郡区":"G#09005E ",
				"登山日":"",
				"メモ":"",
				"_markerType": "Icon",
				"_iconUrl": "https://maps.gsi.go.jp/portal/sys/v4/symbols/101.png",
				"_iconSize": [
					16,
					16
				],
				"_iconAnchor": [
					8,
					8
				]
			}
		},
		{
			"type": "Feature",
			"geometry": {
				"type": "Point",
				"coordinates": [
					 137.5726,
					 35.8529
				]
			},
			"properties": {
				"name": "JA/NN-117(三郎沢(三角点))",
				"読み":"Saburouzawa",
				"標高":"1558m 10pt ",
				"GL":"PM85su",
				"市郡区":"G#09004L / G#09004B ",
				"登山日":"",
				"メモ":"",
				"_markerType": "Icon",
				"_iconUrl": "https://maps.gsi.go.jp/portal/sys/v4/symbols/101.png",
				"_iconSize": [
					16,
					16
				],
				"_iconAnchor": [
					8,
					8
				]
			}
		},
		{
			"type": "Feature",
			"geometry": {
				"type": "Point",
				"coordinates": [
					 137.5928,
					 35.7161
				]
			},
			"properties": {
				"name": "JA/NN-118(阿寺山)",
				"読み":"Aterayama",
				"標高":"1558m 10pt ",
				"GL":"PM85tr",
				"市郡区":"G#09004C / G#09004A ",
				"登山日":"",
				"メモ":"",
				"_markerType": "Icon",
				"_iconUrl": "https://maps.gsi.go.jp/portal/sys/v4/symbols/101.png",
				"_iconSize": [
					16,
					16
				],
				"_iconAnchor": [
					8,
					8
				]
			}
		},
		{
			"type": "Feature",
			"geometry": {
				"type": "Point",
				"coordinates": [
					 137.7838,
					 35.5495
				]
			},
			"properties": {
				"name": "JA/NN-119(風越山(権現山))",
				"読み":"Kazakoshiyama/Gongenyama",
				"標高":"1535m 10pt ",
				"GL":"PM85vn",
				"市郡区":"C#0905 ",
				"登山日":"",
				"メモ":"",
				"_markerType": "Icon",
				"_iconUrl": "https://maps.gsi.go.jp/portal/sys/v4/symbols/101.png",
				"_iconSize": [
					16,
					16
				],
				"_iconAnchor": [
					8,
					8
				]
			}
		},
		{
			"type": "Feature",
			"geometry": {
				"type": "Point",
				"coordinates": [
					 138.0605,
					 35.9133
				]
			},
			"properties": {
				"name": "JA/NN-120(音見山)",
				"読み":"Otomiyama",
				"標高":"1528m 10pt ",
				"GL":"PM95av",
				"市郡区":"C#0909 ",
				"登山日":"",
				"メモ":"",
				"_markerType": "Icon",
				"_iconUrl": "https://maps.gsi.go.jp/portal/sys/v4/symbols/101.png",
				"_iconSize": [
					16,
					16
				],
				"_iconAnchor": [
					8,
					8
				]
			}
		},
		{
			"type": "Feature",
			"geometry": {
				"type": "Point",
				"coordinates": [
					 137.6628,
					 35.7919
				]
			},
			"properties": {
				"name": "JA/NN-121(台ヶ峰)",
				"読み":"Daigamine",
				"標高":"1502m 10pt ",
				"GL":"PM85tt",
				"市郡区":"G#09004L / G#09004A ",
				"登山日":"",
				"メモ":"",
				"_markerType": "Icon",
				"_iconUrl": "https://maps.gsi.go.jp/portal/sys/v4/symbols/101.png",
				"_iconSize": [
					16,
					16
				],
				"_iconAnchor": [
					8,
					8
				]
			}
		},
		{
			"type": "Feature",
			"geometry": {
				"type": "Point",
				"coordinates": [
					 137.7404,
					 35.5422
				]
			},
			"properties": {
				"name": "JA/NN-122(押ノ沢(三角点))",
				"読み":"Oshinozawa",
				"標高":"1499m 8pt ",
				"GL":"PM85un",
				"市郡区":"C#0905 ",
				"登山日":"",
				"メモ":"",
				"_markerType": "Icon",
				"_iconUrl": "https://maps.gsi.go.jp/portal/sys/v4/symbols/104.png",
				"_iconSize": [
					16,
					16
				],
				"_iconAnchor": [
					8,
					8
				]
			}
		},
		{
			"type": "Feature",
			"geometry": {
				"type": "Point",
				"coordinates": [
					 137.8057,
					 35.916
				]
			},
			"properties": {
				"name": "JA/NN-123(大久保(三角点))",
				"読み":"Ookubo",
				"標高":"1492m 8pt ",
				"GL":"PM85vv",
				"市郡区":"G#09004L / C#0915 ",
				"登山日":"",
				"メモ":"",
				"_markerType": "Icon",
				"_iconUrl": "https://maps.gsi.go.jp/portal/sys/v4/symbols/104.png",
				"_iconSize": [
					16,
					16
				],
				"_iconAnchor": [
					8,
					8
				]
			}
		},
		{
			"type": "Feature",
			"geometry": {
				"type": "Point",
				"coordinates": [
					 138.3235,
					 36.5462
				]
			},
			"properties": {
				"name": "JA/NN-124(白水(三角点))",
				"読み":"Shiramizu",
				"標高":"1485m 8pt ",
				"GL":"PM96dn",
				"市郡区":"C#0903 / C#0907 ",
				"登山日":"",
				"メモ":"",
				"_markerType": "Icon",
				"_iconUrl": "https://maps.gsi.go.jp/portal/sys/v4/symbols/104.png",
				"_iconSize": [
					16,
					16
				],
				"_iconAnchor": [
					8,
					8
				]
			}
		},
		{
			"type": "Feature",
			"geometry": {
				"type": "Point",
				"coordinates": [
					 138.5933,
					 36.1398
				]
			},
			"properties": {
				"name": "JA/NN-125(広古屋(三角点))",
				"読み":"Hirokoyayama",
				"標高":"1484m 8pt ",
				"GL":"PM96hd",
				"市郡区":"G#09017I ",
				"登山日":"",
				"メモ":"",
				"_markerType": "Icon",
				"_iconUrl": "https://maps.gsi.go.jp/portal/sys/v4/symbols/104.png",
				"_iconSize": [
					16,
					16
				],
				"_iconAnchor": [
					8,
					8
				]
			}
		},
		{
			"type": "Feature",
			"geometry": {
				"type": "Point",
				"coordinates": [
					 137.6542,
					 35.7514
				]
			},
			"properties": {
				"name": "JA/NN-126(真巣(三角点))",
				"読み":"Masu",
				"標高":"1478m 8pt ",
				"GL":"PM85ts",
				"市郡区":"G#09004A / G#09004C ",
				"登山日":"",
				"メモ":"",
				"_markerType": "Icon",
				"_iconUrl": "https://maps.gsi.go.jp/portal/sys/v4/symbols/104.png",
				"_iconSize": [
					16,
					16
				],
				"_iconAnchor": [
					8,
					8
				]
			}
		},
		{
			"type": "Feature",
			"geometry": {
				"type": "Point",
				"coordinates": [
					 137.6741,
					 35.5316
				]
			},
			"properties": {
				"name": "JA/NN-127(上清内路(三角点))",
				"読み":"Kamiseinaiji",
				"標高":"1474m 8pt ",
				"GL":"PM85um",
				"市郡区":"G#09008A / G#09004J ",
				"登山日":"",
				"メモ":"",
				"_markerType": "Icon",
				"_iconUrl": "https://maps.gsi.go.jp/portal/sys/v4/symbols/104.png",
				"_iconSize": [
					16,
					16
				],
				"_iconAnchor": [
					8,
					8
				]
			}
		},
		{
			"type": "Feature",
			"geometry": {
				"type": "Point",
				"coordinates": [
					 137.5805,
					 35.7789
				]
			},
			"properties": {
				"name": "JA/NN-128(一ノ倉沢(三角点))",
				"読み":"Ichinokurasawa",
				"標高":"1467m 8pt ",
				"GL":"PM85ss",
				"市郡区":"G#09004B ",
				"登山日":"",
				"メモ":"",
				"_markerType": "Icon",
				"_iconUrl": "https://maps.gsi.go.jp/portal/sys/v4/symbols/104.png",
				"_iconSize": [
					16,
					16
				],
				"_iconAnchor": [
					8,
					8
				]
			}
		},
		{
			"type": "Feature",
			"geometry": {
				"type": "Point",
				"coordinates": [
					 137.6747,
					 35.315
				]
			},
			"properties": {
				"name": "JA/NN-129(千本立)",
				"読み":"Senbondachi",
				"標高":"1466m 8pt ",
				"GL":"PM85uh",
				"市郡区":"G#09008L ",
				"登山日":"",
				"メモ":"",
				"_markerType": "Icon",
				"_iconUrl": "https://maps.gsi.go.jp/portal/sys/v4/symbols/104.png",
				"_iconSize": [
					16,
					16
				],
				"_iconAnchor": [
					8,
					8
				]
			}
		},
		{
			"type": "Feature",
			"geometry": {
				"type": "Point",
				"coordinates": [
					 137.6788,
					 35.4159
				]
			},
			"properties": {
				"name": "JA/NN-130(三階峰)",
				"読み":"Sangaimine",
				"標高":"1464m 8pt ",
				"GL":"PM85uj",
				"市郡区":"G#09008A ",
				"登山日":"",
				"メモ":"",
				"_markerType": "Icon",
				"_iconUrl": "https://maps.gsi.go.jp/portal/sys/v4/symbols/104.png",
				"_iconSize": [
					16,
					16
				],
				"_iconAnchor": [
					8,
					8
				]
			}
		},
		{
			"type": "Feature",
			"geometry": {
				"type": "Point",
				"coordinates": [
					 138.2701,
					 36.5042
				]
			},
			"properties": {
				"name": "JA/NN-131(鳴尾(三角点))",
				"読み":"Naruo",
				"標高":"1459m 8pt ",
				"GL":"PM96dm",
				"市郡区":"C#0903 ",
				"登山日":"",
				"メモ":"",
				"_markerType": "Icon",
				"_iconUrl": "https://maps.gsi.go.jp/portal/sys/v4/symbols/104.png",
				"_iconSize": [
					16,
					16
				],
				"_iconAnchor": [
					8,
					8
				]
			}
		},
		{
			"type": "Feature",
			"geometry": {
				"type": "Point",
				"coordinates": [
					 137.7204,
					 35.8208
				]
			},
			"properties": {
				"name": "JA/NN-132(上松(三角点))",
				"読み":"Uematsu",
				"標高":"1452m 8pt ",
				"GL":"PM85ut",
				"市郡区":"G#09004A / G#09004L ",
				"登山日":"",
				"メモ":"",
				"_markerType": "Icon",
				"_iconUrl": "https://maps.gsi.go.jp/portal/sys/v4/symbols/104.png",
				"_iconSize": [
					16,
					16
				],
				"_iconAnchor": [
					8,
					8
				]
			}
		},
		{
			"type": "Feature",
			"geometry": {
				"type": "Point",
				"coordinates": [
					 137.7027,
					 35.3926
				]
			},
			"properties": {
				"name": "JA/NN-133(平造洞(三角点))",
				"読み":"Heizoubora",
				"標高":"1450m 8pt ",
				"GL":"PM85uj",
				"市郡区":"G#09008A ",
				"登山日":"",
				"メモ":"",
				"_markerType": "Icon",
				"_iconUrl": "https://maps.gsi.go.jp/portal/sys/v4/symbols/104.png",
				"_iconSize": [
					16,
					16
				],
				"_iconAnchor": [
					8,
					8
				]
			}
		},
		{
			"type": "Feature",
			"geometry": {
				"type": "Point",
				"coordinates": [
					 138.0214,
					 36.4842
				]
			},
			"properties": {
				"name": "JA/NN-134(聖山)",
				"読み":"Hijiriyama",
				"標高":"1447m 8pt ",
				"GL":"PM96al",
				"市郡区":"C#0901 / G#09015C ",
				"登山日":"",
				"メモ":"",
				"_markerType": "Icon",
				"_iconUrl": "https://maps.gsi.go.jp/portal/sys/v4/symbols/104.png",
				"_iconSize": [
					16,
					16
				],
				"_iconAnchor": [
					8,
					8
				]
			}
		},
		{
			"type": "Feature",
			"geometry": {
				"type": "Point",
				"coordinates": [
					 137.9835,
					 35.6741
				]
			},
			"properties": {
				"name": "JA/NN-135(陣馬形山)",
				"読み":"Jinbagatayama",
				"標高":"1445m 8pt ",
				"GL":"PM85xq",
				"市郡区":"G#09001G / C#0910 ",
				"登山日":"",
				"メモ":"",
				"_markerType": "Icon",
				"_iconUrl": "https://maps.gsi.go.jp/portal/sys/v4/symbols/104.png",
				"_iconSize": [
					16,
					16
				],
				"_iconAnchor": [
					8,
					8
				]
			}
		},
		{
			"type": "Feature",
			"geometry": {
				"type": "Point",
				"coordinates": [
					 138.0399,
					 36.699
				]
			},
			"properties": {
				"name": "JA/NN-136(砂鉢山)",
				"読み":"Sunabachiyama",
				"標高":"1432m 8pt ",
				"GL":"PM96aq",
				"市郡区":"C#0901 ",
				"登山日":"",
				"メモ":"",
				"_markerType": "Icon",
				"_iconUrl": "https://maps.gsi.go.jp/portal/sys/v4/symbols/104.png",
				"_iconSize": [
					16,
					16
				],
				"_iconAnchor": [
					8,
					8
				]
			}
		},
		{
			"type": "Feature",
			"geometry": {
				"type": "Point",
				"coordinates": [
					 138.0635,
					 36.3986
				]
			},
			"properties": {
				"name": "JA/NN-137(大沢山)",
				"読み":"Oosawayama",
				"標高":"1440m 8pt ",
				"GL":"PM96aj",
				"市郡区":"G#09015K / G#09012A ",
				"登山日":"",
				"メモ":"",
				"_markerType": "Icon",
				"_iconUrl": "https://maps.gsi.go.jp/portal/sys/v4/symbols/104.png",
				"_iconSize": [
					16,
					16
				],
				"_iconAnchor": [
					8,
					8
				]
			}
		},
		{
			"type": "Feature",
			"geometry": {
				"type": "Point",
				"coordinates": [
					 137.7392,
					 35.5017
				]
			},
			"properties": {
				"name": "JA/NN-138(高鳥屋山)",
				"読み":"Takatoyasan",
				"標高":"1398m 8pt ",
				"GL":"PM85um",
				"市郡区":"G#09008A / C#0905 ",
				"登山日":"",
				"メモ":"",
				"_markerType": "Icon",
				"_iconUrl": "https://maps.gsi.go.jp/portal/sys/v4/symbols/104.png",
				"_iconSize": [
					16,
					16
				],
				"_iconAnchor": [
					8,
					8
				]
			}
		},
		{
			"type": "Feature",
			"geometry": {
				"type": "Point",
				"coordinates": [
					 137.9045,
					 36.0345
				]
			},
			"properties": {
				"name": "JA/NN-139(釜ノ沢(三角点))",
				"読み":"Kamanosawa",
				"標高":"1393m 8pt ",
				"GL":"PM86wa",
				"市郡区":"G#09001F / C#0915 ",
				"登山日":"",
				"メモ":"",
				"_markerType": "Icon",
				"_iconUrl": "https://maps.gsi.go.jp/portal/sys/v4/symbols/104.png",
				"_iconSize": [
					16,
					16
				],
				"_iconAnchor": [
					8,
					8
				]
			}
		},
		{
			"type": "Feature",
			"geometry": {
				"type": "Point",
				"coordinates": [
					 138.0141,
					 36.6562
				]
			},
			"properties": {
				"name": "JA/NN-140(点1391)",
				"読み":"P1391",
				"標高":"1391m 8pt ",
				"GL":"PM96ap",
				"市郡区":"C#0901 ",
				"登山日":"",
				"メモ":"",
				"_markerType": "Icon",
				"_iconUrl": "https://maps.gsi.go.jp/portal/sys/v4/symbols/104.png",
				"_iconSize": [
					16,
					16
				],
				"_iconAnchor": [
					8,
					8
				]
			}
		},
		{
			"type": "Feature",
			"geometry": {
				"type": "Point",
				"coordinates": [
					 138.2743,
					 36.8374
				]
			},
			"properties": {
				"name": "JA/NN-141(斑尾山)",
				"読み":"Madaraoyama",
				"標高":"1382m 8pt ",
				"GL":"PM96du",
				"市郡区":"G#09003D / C#0913 ",
				"登山日":"",
				"メモ":"",
				"_markerType": "Icon",
				"_iconUrl": "https://maps.gsi.go.jp/portal/sys/v4/symbols/104.png",
				"_iconSize": [
					16,
					16
				],
				"_iconAnchor": [
					8,
					8
				]
			}
		},
		{
			"type": "Feature",
			"geometry": {
				"type": "Point",
				"coordinates": [
					 138.6045,
					 36.2474
				]
			},
			"properties": {
				"name": "JA/NN-142(物見山)",
				"読み":"Monomiyama",
				"標高":"1375m 8pt ",
				"GL":"PM96hf",
				"市郡区":"C#0918 / G#16004B ",
				"登山日":"",
				"メモ":"",
				"_markerType": "Icon",
				"_iconUrl": "https://maps.gsi.go.jp/portal/sys/v4/symbols/104.png",
				"_iconSize": [
					16,
					16
				],
				"_iconAnchor": [
					8,
					8
				]
			}
		},
		{
			"type": "Feature",
			"geometry": {
				"type": "Point",
				"coordinates": [
					 137.5836,
					 35.6134
				]
			},
			"properties": {
				"name": "JA/NN-143(伊勢山)",
				"読み":"Iseyama",
				"標高":"1373m 8pt ",
				"GL":"PM85to",
				"市郡区":"G#09004J ",
				"登山日":"",
				"メモ":"",
				"_markerType": "Icon",
				"_iconUrl": "https://maps.gsi.go.jp/portal/sys/v4/symbols/104.png",
				"_iconSize": [
					16,
					16
				],
				"_iconAnchor": [
					8,
					8
				]
			}
		},
		{
			"type": "Feature",
			"geometry": {
				"type": "Point",
				"coordinates": [
					 137.9057,
					 36.7388
				]
			},
			"properties": {
				"name": "JA/NN-144(岩戸山)",
				"読み":"Iwatoya",
				"標高":"1356m 8pt ",
				"GL":"PM86wr",
				"市郡区":"G#09005E / G#09005F ",
				"登山日":"",
				"メモ":"",
				"_markerType": "Icon",
				"_iconUrl": "https://maps.gsi.go.jp/portal/sys/v4/symbols/104.png",
				"_iconSize": [
					16,
					16
				],
				"_iconAnchor": [
					8,
					8
				]
			}
		},
		{
			"type": "Feature",
			"geometry": {
				"type": "Point",
				"coordinates": [
					 138.4038,
					 36.7993
				]
			},
			"properties": {
				"name": "JA/NN-145(高社山(高井富士))",
				"読み":"Koushasan/Takaifuji",
				"標高":"1352m 8pt ",
				"GL":"PM96et",
				"市郡区":"G#09009C / G#09009A / C#0911",
				"登山日":"",
				"メモ":"",
				"_markerType": "Icon",
				"_iconUrl": "https://maps.gsi.go.jp/portal/sys/v4/symbols/104.png",
				"_iconSize": [
					16,
					16
				],
				"_iconAnchor": [
					8,
					8
				]
			}
		},
		{
			"type": "Feature",
			"geometry": {
				"type": "Point",
				"coordinates": [
					 137.8195,
					 36.5929
				]
			},
			"properties": {
				"name": "JA/NN-146(点1337)",
				"読み":"P1337",
				"標高":"1337m 8pt ",
				"GL":"PM86vo",
				"市郡区":"C#0912 ",
				"登山日":"",
				"メモ":"",
				"_markerType": "Icon",
				"_iconUrl": "https://maps.gsi.go.jp/portal/sys/v4/symbols/104.png",
				"_iconSize": [
					16,
					16
				],
				"_iconAnchor": [
					8,
					8
				]
			}
		},
		{
			"type": "Feature",
			"geometry": {
				"type": "Point",
				"coordinates": [
					 138.1216,
					 36.4368
				]
			},
			"properties": {
				"name": "JA/NN-147(大林山)",
				"読み":"Oobayashiyama",
				"標高":"1333m 8pt ",
				"GL":"PM96bk",
				"市郡区":"G#09015K / C#0919 / C#0903",
				"登山日":"",
				"メモ":"",
				"_markerType": "Icon",
				"_iconUrl": "https://maps.gsi.go.jp/portal/sys/v4/symbols/104.png",
				"_iconSize": [
					16,
					16
				],
				"_iconAnchor": [
					8,
					8
				]
			}
		},
		{
			"type": "Feature",
			"geometry": {
				"type": "Point",
				"coordinates": [
					 138.6106,
					 36.9029
				]
			},
			"properties": {
				"name": "JA/NN-148(高倉山)",
				"読み":"Takakurayama",
				"標高":"1330m 8pt ",
				"GL":"PM96hv",
				"市郡区":"G#09010B ",
				"登山日":"",
				"メモ":"",
				"_markerType": "Icon",
				"_iconUrl": "https://maps.gsi.go.jp/portal/sys/v4/symbols/104.png",
				"_iconSize": [
					16,
					16
				],
				"_iconAnchor": [
					8,
					8
				]
			}
		},
		{
			"type": "Feature",
			"geometry": {
				"type": "Point",
				"coordinates": [
					 137.9189,
					 36.8704
				]
			},
			"properties": {
				"name": "JA/NN-149(沓形山)",
				"読み":"Kutsukatayama",
				"標高":"1325m 8pt ",
				"GL":"PM86xu",
				"市郡区":"G#09005E ",
				"登山日":"",
				"メモ":"",
				"_markerType": "Icon",
				"_iconUrl": "https://maps.gsi.go.jp/portal/sys/v4/symbols/104.png",
				"_iconSize": [
					16,
					16
				],
				"_iconAnchor": [
					8,
					8
				]
			}
		},
		{
			"type": "Feature",
			"geometry": {
				"type": "Point",
				"coordinates": [
					 138.2306,
					 36.479
				]
			},
			"properties": {
				"name": "JA/NN-150(鳩ヶ峯近傍)",
				"読み":"Hatogamine",
				"標高":"1320m 8pt ",
				"GL":"PM96cl",
				"市郡区":"G#09014B / C#0903 ",
				"登山日":"",
				"メモ":"",
				"_markerType": "Icon",
				"_iconUrl": "https://maps.gsi.go.jp/portal/sys/v4/symbols/104.png",
				"_iconSize": [
					16,
					16
				],
				"_iconAnchor": [
					8,
					8
				]
			}
		},
		{
			"type": "Feature",
			"geometry": {
				"type": "Point",
				"coordinates": [
					 137.6803,
					 35.471
				]
			},
			"properties": {
				"name": "JA/NN-151(夜烏山)",
				"読み":"Yogarasuyama",
				"標高":"1319m 8pt ",
				"GL":"PM85ul",
				"市郡区":"G#09008A ",
				"登山日":"",
				"メモ":"",
				"_markerType": "Icon",
				"_iconUrl": "https://maps.gsi.go.jp/portal/sys/v4/symbols/104.png",
				"_iconSize": [
					16,
					16
				],
				"_iconAnchor": [
					8,
					8
				]
			}
		},
		{
			"type": "Feature",
			"geometry": {
				"type": "Point",
				"coordinates": [
					 137.7712,
					 35.9418
				]
			},
			"properties": {
				"name": "JA/NN-152(三沢山)",
				"読み":"Misawayama",
				"標高":"1318m 8pt ",
				"GL":"PM85vw",
				"市郡区":"G#09004E ",
				"登山日":"",
				"メモ":"",
				"_markerType": "Icon",
				"_iconUrl": "https://maps.gsi.go.jp/portal/sys/v4/symbols/104.png",
				"_iconSize": [
					16,
					16
				],
				"_iconAnchor": [
					8,
					8
				]
			}
		},
		{
			"type": "Feature",
			"geometry": {
				"type": "Point",
				"coordinates": [
					 138.5974,
					 36.2797
				]
			},
			"properties": {
				"name": "JA/NN-153(八風山)",
				"読み":"Happuuzan",
				"標高":"1315m 8pt ",
				"GL":"PM96hg",
				"市郡区":"G#09006B / C#0918 ",
				"登山日":"",
				"メモ":"",
				"_markerType": "Icon",
				"_iconUrl": "https://maps.gsi.go.jp/portal/sys/v4/symbols/104.png",
				"_iconSize": [
					16,
					16
				],
				"_iconAnchor": [
					8,
					8
				]
			}
		},
		{
			"type": "Feature",
			"geometry": {
				"type": "Point",
				"coordinates": [
					 138.0397,
					 36.3776
				]
			},
			"properties": {
				"name": "JA/NN-154(大洞山)",
				"読み":"Oohorayama",
				"標高":"1316m 8pt ",
				"GL":"PM96aj",
				"市郡区":"G#09015K / C#0902 ",
				"登山日":"",
				"メモ":"",
				"_markerType": "Icon",
				"_iconUrl": "https://maps.gsi.go.jp/portal/sys/v4/symbols/104.png",
				"_iconSize": [
					16,
					16
				],
				"_iconAnchor": [
					8,
					8
				]
			}
		},
		{
			"type": "Feature",
			"geometry": {
				"type": "Point",
				"coordinates": [
					 138.3055,
					 36.5994
				]
			},
			"properties": {
				"name": "JA/NN-155(妙徳山)",
				"読み":"Myoutokusan",
				"標高":"1294m 8pt ",
				"GL":"PM96do",
				"市郡区":"C#0907 / C#0901 ",
				"登山日":"",
				"メモ":"",
				"_markerType": "Icon",
				"_iconUrl": "https://maps.gsi.go.jp/portal/sys/v4/symbols/104.png",
				"_iconSize": [
					16,
					16
				],
				"_iconAnchor": [
					8,
					8
				]
			}
		},
		{
			"type": "Feature",
			"geometry": {
				"type": "Point",
				"coordinates": [
					 137.9926,
					 36.0187
				]
			},
			"properties": {
				"name": "JA/NN-156(鶴ヶ峰)",
				"読み":"Tsurugamine",
				"標高":"1291m 8pt ",
				"GL":"PM86xa",
				"市郡区":"G#09001F / C#0904 ",
				"登山日":"",
				"メモ":"",
				"_markerType": "Icon",
				"_iconUrl": "https://maps.gsi.go.jp/portal/sys/v4/symbols/104.png",
				"_iconSize": [
					16,
					16
				],
				"_iconAnchor": [
					8,
					8
				]
			}
		},
		{
			"type": "Feature",
			"geometry": {
				"type": "Point",
				"coordinates": [
					 138.3823,
					 36.9766
				]
			},
			"properties": {
				"name": "JA/NN-157(鍋倉山)",
				"読み":"Nabekurayama",
				"標高":"1289m 8pt ",
				"GL":"PM96ex",
				"市郡区":"C#0913 / C#0827 ",
				"登山日":"",
				"メモ":"",
				"_markerType": "Icon",
				"_iconUrl": "https://maps.gsi.go.jp/portal/sys/v4/symbols/104.png",
				"_iconSize": [
					16,
					16
				],
				"_iconAnchor": [
					8,
					8
				]
			}
		},
		{
			"type": "Feature",
			"geometry": {
				"type": "Point",
				"coordinates": [
					 138.2018,
					 36.501
				]
			},
			"properties": {
				"name": "JA/NN-158(鏡台山)",
				"読み":"Kyodaisan",
				"標高":"1269m 8pt ",
				"GL":"PM96cm",
				"市郡区":"C#0919 / G#09014B / C#0903",
				"登山日":"",
				"メモ":"",
				"_markerType": "Icon",
				"_iconUrl": "https://maps.gsi.go.jp/portal/sys/v4/symbols/104.png",
				"_iconSize": [
					16,
					16
				],
				"_iconAnchor": [
					8,
					8
				]
			}
		},
		{
			"type": "Feature",
			"geometry": {
				"type": "Point",
				"coordinates": [
					 138.1874,
					 36.3201
				]
			},
			"properties": {
				"name": "JA/NN-159(独鈷山)",
				"読み":"Tokkozan",
				"標高":"1260m 8pt ",
				"GL":"PM96ch",
				"市郡区":"C#0903 ",
				"登山日":"",
				"メモ":"",
				"_markerType": "Icon",
				"_iconUrl": "https://maps.gsi.go.jp/portal/sys/v4/symbols/104.png",
				"_iconSize": [
					16,
					16
				],
				"_iconAnchor": [
					8,
					8
				]
			}
		},
		{
			"type": "Feature",
			"geometry": {
				"type": "Point",
				"coordinates": [
					 137.6092,
					 35.3185
				]
			},
			"properties": {
				"name": "JA/NN-160(平谷CC)",
				"読み":"HirayaCC",
				"標高":"1254m 8pt ",
				"GL":"PM85th",
				"市郡区":"G#09008L ",
				"登山日":"",
				"メモ":"",
				"_markerType": "Icon",
				"_iconUrl": "https://maps.gsi.go.jp/portal/sys/v4/symbols/104.png",
				"_iconSize": [
					16,
					16
				],
				"_iconAnchor": [
					8,
					8
				]
			}
		},
		{
			"type": "Feature",
			"geometry": {
				"type": "Point",
				"coordinates": [
					 138.1067,
					 36.4688
				]
			},
			"properties": {
				"name": "JA/NN-161(冠着山(姨捨山))",
				"読み":"Kamurikiyama/Obasuteyama",
				"標高":"1252m 8pt ",
				"GL":"PM96bl",
				"市郡区":"C#0919 / G#09015K ",
				"登山日":"",
				"メモ":"",
				"_markerType": "Icon",
				"_iconUrl": "https://maps.gsi.go.jp/portal/sys/v4/symbols/104.png",
				"_iconSize": [
					16,
					16
				],
				"_iconAnchor": [
					8,
					8
				]
			}
		},
		{
			"type": "Feature",
			"geometry": {
				"type": "Point",
				"coordinates": [
					 138.1295,
					 36.3475
				]
			},
			"properties": {
				"name": "JA/NN-162(夫神岳)",
				"読み":"Ogamidake",
				"標高":"1250m 8pt ",
				"GL":"PM96bi",
				"市郡区":"C#0903 / G#09012A ",
				"登山日":"",
				"メモ":"",
				"_markerType": "Icon",
				"_iconUrl": "https://maps.gsi.go.jp/portal/sys/v4/symbols/104.png",
				"_iconSize": [
					16,
					16
				],
				"_iconAnchor": [
					8,
					8
				]
			}
		},
		{
			"type": "Feature",
			"geometry": {
				"type": "Point",
				"coordinates": [
					 138.1147,
					 36.3223
				]
			},
			"properties": {
				"name": "JA/NN-163(大明神岳)",
				"読み":"Daimyoujindake",
				"標高":"1232m 8pt ",
				"GL":"PM96bh",
				"市郡区":"C#0903 / G#09012A ",
				"登山日":"",
				"メモ":"",
				"_markerType": "Icon",
				"_iconUrl": "https://maps.gsi.go.jp/portal/sys/v4/symbols/104.png",
				"_iconSize": [
					16,
					16
				],
				"_iconAnchor": [
					8,
					8
				]
			}
		},
		{
			"type": "Feature",
			"geometry": {
				"type": "Point",
				"coordinates": [
					 137.8661,
					 36.5902
				]
			},
			"properties": {
				"name": "JA/NN-164(権現山)",
				"読み":"Gongenyama",
				"標高":"1223m 8pt ",
				"GL":"PM86wo",
				"市郡区":"C#0912 ",
				"登山日":"",
				"メモ":"",
				"_markerType": "Icon",
				"_iconUrl": "https://maps.gsi.go.jp/portal/sys/v4/symbols/104.png",
				"_iconSize": [
					16,
					16
				],
				"_iconAnchor": [
					8,
					8
				]
			}
		},
		{
			"type": "Feature",
			"geometry": {
				"type": "Point",
				"coordinates": [
					 138.1163,
					 36.3923
				]
			},
			"properties": {
				"name": "JA/NN-165(子檀嶺岳)",
				"読み":"Komayumidake",
				"標高":"1223m 8pt ",
				"GL":"PM96bj",
				"市郡区":"G#09012A ",
				"登山日":"",
				"メモ":"",
				"_markerType": "Icon",
				"_iconUrl": "https://maps.gsi.go.jp/portal/sys/v4/symbols/104.png",
				"_iconSize": [
					16,
					16
				],
				"_iconAnchor": [
					8,
					8
				]
			}
		},
		{
			"type": "Feature",
			"geometry": {
				"type": "Point",
				"coordinates": [
					 137.9613,
					 36.0273
				]
			},
			"properties": {
				"name": "JA/NN-166(前山(三角点))",
				"読み":"Maeyama",
				"標高":"1203m 8pt ",
				"GL":"PM86xa",
				"市郡区":"G#09001F ",
				"登山日":"",
				"メモ":"",
				"_markerType": "Icon",
				"_iconUrl": "https://maps.gsi.go.jp/portal/sys/v4/symbols/104.png",
				"_iconSize": [
					16,
					16
				],
				"_iconAnchor": [
					8,
					8
				]
			}
		},
		{
			"type": "Feature",
			"geometry": {
				"type": "Point",
				"coordinates": [
					 138.5012,
					 37.0251
				]
			},
			"properties": {
				"name": "JA/NN-167(点1200)",
				"読み":"P1200",
				"標高":"1200m 8pt ",
				"GL":"PM97ga",
				"市郡区":"C#0913 / C#0822 ",
				"登山日":"",
				"メモ":"",
				"_markerType": "Icon",
				"_iconUrl": "https://maps.gsi.go.jp/portal/sys/v4/symbols/104.png",
				"_iconSize": [
					16,
					16
				],
				"_iconAnchor": [
					8,
					8
				]
			}
		},
		{
			"type": "Feature",
			"geometry": {
				"type": "Point",
				"coordinates": [
					 137.7879,
					 35.2257
				]
			},
			"properties": {
				"name": "JA/NN-168(峠山)",
				"読み":"Tougeyama",
				"標高":"1200m 8pt ",
				"GL":"PM85vf",
				"市郡区":"G#09008P ",
				"登山日":"",
				"メモ":"",
				"_markerType": "Icon",
				"_iconUrl": "https://maps.gsi.go.jp/portal/sys/v4/symbols/104.png",
				"_iconSize": [
					16,
					16
				],
				"_iconAnchor": [
					8,
					8
				]
			}
		},
		{
			"type": "Feature",
			"geometry": {
				"type": "Point",
				"coordinates": [
					 138.0824,
					 35.8368
				]
			},
			"properties": {
				"name": "JA/NN-169(月蔵山)",
				"読み":"Gatsuzousan",
				"標高":"1192m 8pt ",
				"GL":"PM95au",
				"市郡区":"C#0909 ",
				"登山日":"",
				"メモ":"",
				"_markerType": "Icon",
				"_iconUrl": "https://maps.gsi.go.jp/portal/sys/v4/symbols/104.png",
				"_iconSize": [
					16,
					16
				],
				"_iconAnchor": [
					8,
					8
				]
			}
		},
		{
			"type": "Feature",
			"geometry": {
				"type": "Point",
				"coordinates": [
					 137.6076,
					 35.2854
				]
			},
			"properties": {
				"name": "JA/NN-170(点1180)",
				"読み":"P1180",
				"標高":"1180m 8pt ",
				"GL":"PM85tg",
				"市郡区":"G#09008K ",
				"登山日":"",
				"メモ":"",
				"_markerType": "Icon",
				"_iconUrl": "https://maps.gsi.go.jp/portal/sys/v4/symbols/104.png",
				"_iconSize": [
					16,
					16
				],
				"_iconAnchor": [
					8,
					8
				]
			}
		},
		{
			"type": "Feature",
			"geometry": {
				"type": "Point",
				"coordinates": [
					 137.8869,
					 36.5066
				]
			},
			"properties": {
				"name": "JA/NN-171(鷹狩山)",
				"読み":"Takagariyama",
				"標高":"1167m 8pt ",
				"GL":"PM86wm",
				"市郡区":"C#0912 ",
				"登山日":"",
				"メモ":"",
				"_markerType": "Icon",
				"_iconUrl": "https://maps.gsi.go.jp/portal/sys/v4/symbols/104.png",
				"_iconSize": [
					16,
					16
				],
				"_iconAnchor": [
					8,
					8
				]
			}
		},
		{
			"type": "Feature",
			"geometry": {
				"type": "Point",
				"coordinates": [
					 137.9228,
					 36.5413
				]
			},
			"properties": {
				"name": "JA/NN-172(長者山)",
				"読み":"Choujyayama",
				"標高":"1160m 8pt ",
				"GL":"PM86xm",
				"市郡区":"C#0901 ",
				"登山日":"",
				"メモ":"",
				"_markerType": "Icon",
				"_iconUrl": "https://maps.gsi.go.jp/portal/sys/v4/symbols/104.png",
				"_iconSize": [
					16,
					16
				],
				"_iconAnchor": [
					8,
					8
				]
			}
		},
		{
			"type": "Feature",
			"geometry": {
				"type": "Point",
				"coordinates": [
					 138.2577,
					 36.8653
				]
			},
			"properties": {
				"name": "JA/NN-173(袴岳)",
				"読み":"Hakamadake",
				"標高":"1135m 8pt ",
				"GL":"PM96du",
				"市郡区":"G#09003D / C#0827 ",
				"登山日":"",
				"メモ":"",
				"_markerType": "Icon",
				"_iconUrl": "https://maps.gsi.go.jp/portal/sys/v4/symbols/104.png",
				"_iconSize": [
					16,
					16
				],
				"_iconAnchor": [
					8,
					8
				]
			}
		},
		{
			"type": "Feature",
			"geometry": {
				"type": "Point",
				"coordinates": [
					 137.7721,
					 35.2716
				]
			},
			"properties": {
				"name": "JA/NN-174(とうじあげ山)",
				"読み":"Toujiageyama",
				"標高":"1132m 8pt ",
				"GL":"PM85vg",
				"市郡区":"G#09008N / G#09008P ",
				"登山日":"",
				"メモ":"",
				"_markerType": "Icon",
				"_iconUrl": "https://maps.gsi.go.jp/portal/sys/v4/symbols/104.png",
				"_iconSize": [
					16,
					16
				],
				"_iconAnchor": [
					8,
					8
				]
			}
		},
		{
			"type": "Feature",
			"geometry": {
				"type": "Point",
				"coordinates": [
					 138.073,
					 36.4854
				]
			},
			"properties": {
				"name": "JA/NN-175(三峯山)",
				"読み":"Mitsuminesan",
				"標高":"1131m 8pt ",
				"GL":"PM96al",
				"市郡区":"G#09015C / C#0919 ",
				"登山日":"",
				"メモ":"",
				"_markerType": "Icon",
				"_iconUrl": "https://maps.gsi.go.jp/portal/sys/v4/symbols/104.png",
				"_iconSize": [
					16,
					16
				],
				"_iconAnchor": [
					8,
					8
				]
			}
		},
		{
			"type": "Feature",
			"geometry": {
				"type": "Point",
				"coordinates": [
					 137.6351,
					 35.6548
				]
			},
			"properties": {
				"name": "JA/NN-176(城山)",
				"読み":"Shiroyama",
				"標高":"1100m 8pt ",
				"GL":"PM85tp",
				"市郡区":"G#09004C ",
				"登山日":"",
				"メモ":"",
				"_markerType": "Icon",
				"_iconUrl": "https://maps.gsi.go.jp/portal/sys/v4/symbols/104.png",
				"_iconSize": [
					16,
					16
				],
				"_iconAnchor": [
					8,
					8
				]
			}
		},
		{
			"type": "Feature",
			"geometry": {
				"type": "Point",
				"coordinates": [
					 138.1758,
					 36.4863
				]
			},
			"properties": {
				"name": "JA/NN-177(五里ヶ峯)",
				"読み":"Gorigamine",
				"標高":"1094m 6pt ",
				"GL":"PM96cl",
				"市郡区":"C#0919 / G#09014B ",
				"登山日":"",
				"メモ":"",
				"_markerType": "Icon",
				"_iconUrl": "https://maps.gsi.go.jp/portal/sys/v4/symbols/103.png",
				"_iconSize": [
					16,
					16
				],
				"_iconAnchor": [
					8,
					8
				]
			}
		},
		{
			"type": "Feature",
			"geometry": {
				"type": "Point",
				"coordinates": [
					 137.8182,
					 36.4427
				]
			},
			"properties": {
				"name": "JA/NN-178(大洞山)",
				"読み":"Ooborayama",
				"標高":"1093m 6pt ",
				"GL":"PM86vk",
				"市郡区":"G#09005B / C#0912 ",
				"登山日":"",
				"メモ":"",
				"_markerType": "Icon",
				"_iconUrl": "https://maps.gsi.go.jp/portal/sys/v4/symbols/103.png",
				"_iconSize": [
					16,
					16
				],
				"_iconAnchor": [
					8,
					8
				]
			}
		},
		{
			"type": "Feature",
			"geometry": {
				"type": "Point",
				"coordinates": [
					 137.9222,
					 36.637
				]
			},
			"properties": {
				"name": "JA/NN-179(点1059)",
				"読み":"P1059",
				"標高":"1059m 6pt ",
				"GL":"PM86xp",
				"市郡区":"C#0912 / G#09003A ",
				"登山日":"",
				"メモ":"",
				"_markerType": "Icon",
				"_iconUrl": "https://maps.gsi.go.jp/portal/sys/v4/symbols/103.png",
				"_iconSize": [
					16,
					16
				],
				"_iconAnchor": [
					8,
					8
				]
			}
		},
		{
			"type": "Feature",
			"geometry": {
				"type": "Point",
				"coordinates": [
					 137.5716,
					 35.5516
				]
			},
			"properties": {
				"name": "JA/NN-180(高土幾山)",
				"読み":"Takatokiyama",
				"標高":"1037m 6pt ",
				"GL":"PM85sn",
				"市郡区":"G#09004J / C#1906 ",
				"登山日":"",
				"メモ":"",
				"_markerType": "Icon",
				"_iconUrl": "https://maps.gsi.go.jp/portal/sys/v4/symbols/103.png",
				"_iconSize": [
					16,
					16
				],
				"_iconAnchor": [
					8,
					8
				]
			}
		},
		{
			"type": "Feature",
			"geometry": {
				"type": "Point",
				"coordinates": [
					 138.2227,
					 36.3201
				]
			},
			"properties": {
				"name": "JA/NN-181(富士嶽山)",
				"読み":"Fujidakesan",
				"標高":"1034m 6pt ",
				"GL":"PM96ch",
				"市郡区":"C#0903 ",
				"登山日":"",
				"メモ":"",
				"_markerType": "Icon",
				"_iconUrl": "https://maps.gsi.go.jp/portal/sys/v4/symbols/103.png",
				"_iconSize": [
					16,
					16
				],
				"_iconAnchor": [
					8,
					8
				]
			}
		},
		{
			"type": "Feature",
			"geometry": {
				"type": "Point",
				"coordinates": [
					 138.2959,
					 36.8819
				]
			},
			"properties": {
				"name": "JA/NN-182(毛無山)",
				"読み":"Kenashiyama",
				"標高":"1022m 6pt ",
				"GL":"PM96dv",
				"市郡区":"C#0913 / C#0827 ",
				"登山日":"",
				"メモ":"",
				"_markerType": "Icon",
				"_iconUrl": "https://maps.gsi.go.jp/portal/sys/v4/symbols/103.png",
				"_iconSize": [
					16,
					16
				],
				"_iconAnchor": [
					8,
					8
				]
			}
		},
		{
			"type": "Feature",
			"geometry": {
				"type": "Point",
				"coordinates": [
					 137.9334,
					 36.5181
				]
			},
			"properties": {
				"name": "JA/NN-183(大姥山近傍)",
				"読み":"Near_Ooubayama",
				"標高":"1006m 6pt ",
				"GL":"PM86xm",
				"市郡区":"C#0901 / C#0912 ",
				"登山日":"",
				"メモ":"",
				"_markerType": "Icon",
				"_iconUrl": "https://maps.gsi.go.jp/portal/sys/v4/symbols/103.png",
				"_iconSize": [
					16,
					16
				],
				"_iconAnchor": [
					8,
					8
				]
			}
		},
		{
			"type": "Feature",
			"geometry": {
				"type": "Point",
				"coordinates": [
					 137.9511,
					 36.433
				]
			},
			"properties": {
				"name": "JA/NN-185(京ヶ倉)",
				"読み":"Kyougakura",
				"標高":"990m 6pt ",
				"GL":"PM86xk",
				"市郡区":"G#09015I ",
				"登山日":"",
				"メモ":"",
				"_markerType": "Icon",
				"_iconUrl": "https://maps.gsi.go.jp/portal/sys/v4/symbols/103.png",
				"_iconSize": [
					16,
					16
				],
				"_iconAnchor": [
					8,
					8
				]
			}
		},
		{
			"type": "Feature",
			"geometry": {
				"type": "Point",
				"coordinates": [
					 137.8935,
					 36.914
				]
			},
			"properties": {
				"name": "JA/NN-186(戸倉山)",
				"読み":"Tokurayama",
				"標高":"976m 6pt ",
				"GL":"PM86wv",
				"市郡区":"C#0816 ",
				"登山日":"",
				"メモ":"",
				"_markerType": "Icon",
				"_iconUrl": "https://maps.gsi.go.jp/portal/sys/v4/symbols/103.png",
				"_iconSize": [
					16,
					16
				],
				"_iconAnchor": [
					8,
					8
				]
			}
		},
		{
			"type": "Feature",
			"geometry": {
				"type": "Point",
				"coordinates": [
					 137.9266,
					 36.4932
				]
			},
			"properties": {
				"name": "JA/NN-187(城山)",
				"読み":"Shiroyama",
				"標高":"952m 6pt ",
				"GL":"PM86xl",
				"市郡区":"C#0912 ",
				"登山日":"",
				"メモ":"",
				"_markerType": "Icon",
				"_iconUrl": "https://maps.gsi.go.jp/portal/sys/v4/symbols/103.png",
				"_iconSize": [
					16,
					16
				],
				"_iconAnchor": [
					8,
					8
				]
			}
		},
		{
			"type": "Feature",
			"geometry": {
				"type": "Point",
				"coordinates": [
					 138.1822,
					 36.4072
				]
			},
			"properties": {
				"name": "JA/NN-188(城山)",
				"読み":"Shiroyama",
				"標高":"933m 6pt ",
				"GL":"PM96cj",
				"市郡区":"C#0903 ",
				"登山日":"",
				"メモ":"",
				"_markerType": "Icon",
				"_iconUrl": "https://maps.gsi.go.jp/portal/sys/v4/symbols/103.png",
				"_iconSize": [
					16,
					16
				],
				"_iconAnchor": [
					8,
					8
				]
			}
		},
		{
			"type": "Feature",
			"geometry": {
				"type": "Point",
				"coordinates": [
					 138.1506,
					 36.3921
				]
			},
			"properties": {
				"name": "JA/NN-189(飯綱山)",
				"読み":"Iidunayama",
				"標高":"932m 6pt ",
				"GL":"PM96bj",
				"市郡区":"G#09012A / C#0903 ",
				"登山日":"",
				"メモ":"",
				"_markerType": "Icon",
				"_iconUrl": "https://maps.gsi.go.jp/portal/sys/v4/symbols/103.png",
				"_iconSize": [
					16,
					16
				],
				"_iconAnchor": [
					8,
					8
				]
			}
		},
		{
			"type": "Feature",
			"geometry": {
				"type": "Point",
				"coordinates": [
					 138.0632,
					 36.5403
				]
			},
			"properties": {
				"name": "JA/NN-190(点926(大田原(三角点)近傍))",
				"読み":"P926",
				"標高":"926m 6pt ",
				"GL":"PM96am",
				"市郡区":"C#0919 / C#0901 ",
				"登山日":"",
				"メモ":"",
				"_markerType": "Icon",
				"_iconUrl": "https://maps.gsi.go.jp/portal/sys/v4/symbols/103.png",
				"_iconSize": [
					16,
					16
				],
				"_iconAnchor": [
					8,
					8
				]
			}
		},
		{
			"type": "Feature",
			"geometry": {
				"type": "Point",
				"coordinates": [
					 138.2613,
					 36.3633
				]
			},
			"properties": {
				"name": "JA/NN-191(尾野山)",
				"読み":"Onoyama",
				"標高":"800m 4pt ",
				"GL":"PM96di",
				"市郡区":"C#0903 ",
				"登山日":"",
				"メモ":"",
				"_markerType": "Icon",
				"_iconUrl": "https://maps.gsi.go.jp/portal/sys/v4/symbols/828.png",
				"_iconSize": [
					16,
					16
				],
				"_iconAnchor": [
					8,
					8
				]
			}
		},
		{
			"type": "Feature",
			"geometry": {
				"type": "Point",
				"coordinates": [
					 137.7778,
					 35.4513
				]
			},
			"properties": {
				"name": "JA/NN-192(水晶山)",
				"読み":"Suisyouzan",
				"標高":"798m 4pt ",
				"GL":"PM85vk",
				"市郡区":"C#0905 ",
				"登山日":"",
				"メモ":"",
				"_markerType": "Icon",
				"_iconUrl": "https://maps.gsi.go.jp/portal/sys/v4/symbols/828.png",
				"_iconSize": [
					16,
					16
				],
				"_iconAnchor": [
					8,
					8
				]
			}
		},
		{
			"type": "Feature",
			"geometry": {
				"type": "Point",
				"coordinates": [
					 137.9429,
					 35.3231
				]
			},
			"properties": {
				"name": "JA/NN-193(森山)",
				"読み":"Moriyama",
				"標高":"718m 4pt ",
				"GL":"PM85xh",
				"市郡区":"C#0905 ",
				"登山日":"",
				"メモ":"",
				"_markerType": "Icon",
				"_iconUrl": "https://maps.gsi.go.jp/portal/sys/v4/symbols/828.png",
				"_iconSize": [
					16,
					16
				],
				"_iconAnchor": [
					8,
					8
				]
			}
		},
		{
			"type": "Feature",
			"geometry": {
				"type": "Point",
				"coordinates": [
					 137.794,
					 35.7667
				]
			},
			"properties": {
				"name": "JA/NN-194(三ノ沢岳(三沢岳))",
				"読み":"Sannosawadake",
				"標高":"2846m 10pt ",
				"GL":"PM85vs",
				"市郡区":"G#09004A / G#09004C ",
				"登山日":"",
				"メモ":"",
				"_markerType": "Icon",
				"_iconUrl": "https://maps.gsi.go.jp/portal/sys/v4/symbols/101.png",
				"_iconSize": [
					16,
					16
				],
				"_iconAnchor": [
					8,
					8
				]
			}
		},
		{
			"type": "Feature",
			"geometry": {
				"type": "Point",
				"coordinates": [
					 138.3588,
					 35.9724
				]
			},
			"properties": {
				"name": "JA/NN-195(阿弥陀岳)",
				"読み":"Amidadake",
				"標高":"2805m 10pt ",
				"GL":"PM95ex",
				"市郡区":"C#0914 / G#09011B ",
				"登山日":"",
				"メモ":"",
				"_markerType": "Icon",
				"_iconUrl": "https://maps.gsi.go.jp/portal/sys/v4/symbols/101.png",
				"_iconSize": [
					16,
					16
				],
				"_iconAnchor": [
					8,
					8
				]
			}
		},
		{
			"type": "Feature",
			"geometry": {
				"type": "Point",
				"coordinates": [
					 137.7105,
					 36.5357
				]
			},
			"properties": {
				"name": "JA/NN-196(蓮華岳)",
				"読み":"Rengedake",
				"標高":"2798m 10pt ",
				"GL":"PM86um",
				"市郡区":"C#0912 / G#28004C ",
				"登山日":"",
				"メモ":"",
				"_markerType": "Icon",
				"_iconUrl": "https://maps.gsi.go.jp/portal/sys/v4/symbols/101.png",
				"_iconSize": [
					16,
					16
				],
				"_iconAnchor": [
					8,
					8
				]
			}
		},
		{
			"type": "Feature",
			"geometry": {
				"type": "Point",
				"coordinates": [
					 137.7167,
					 36.4612
				]
			},
			"properties": {
				"name": "JA/NN-197(唐沢岳)",
				"読み":"Karasawadake",
				"標高":"2632m 10pt ",
				"GL":"PM86ul",
				"市郡区":"C#0912 ",
				"登山日":"",
				"メモ":"",
				"_markerType": "Icon",
				"_iconUrl": "https://maps.gsi.go.jp/portal/sys/v4/symbols/101.png",
				"_iconSize": [
					16,
					16
				],
				"_iconAnchor": [
					8,
					8
				]
			}
		},
		{
			"type": "Feature",
			"geometry": {
				"type": "Point",
				"coordinates": [
					 137.7134,
					 36.577
				]
			},
			"properties": {
				"name": "JA/NN-198(岩小屋沢岳)",
				"読み":"Iwakoyasawadake",
				"標高":"2630m 10pt ",
				"GL":"PM86un",
				"市郡区":"C#0912 / G#28004C ",
				"登山日":"",
				"メモ":"",
				"_markerType": "Icon",
				"_iconUrl": "https://maps.gsi.go.jp/portal/sys/v4/symbols/101.png",
				"_iconSize": [
					16,
					16
				],
				"_iconAnchor": [
					8,
					8
				]
			}
		},
		{
			"type": "Feature",
			"geometry": {
				"type": "Point",
				"coordinates": [
					 137.6675,
					 36.4955
				]
			},
			"properties": {
				"name": "JA/NN-199(不動岳)",
				"読み":"Fudoudake",
				"標高":"2601m 10pt ",
				"GL":"PM86ul",
				"市郡区":"C#0912 / C#2801 ",
				"登山日":"",
				"メモ":"",
				"_markerType": "Icon",
				"_iconUrl": "https://maps.gsi.go.jp/portal/sys/v4/symbols/101.png",
				"_iconSize": [
					16,
					16
				],
				"_iconAnchor": [
					8,
					8
				]
			}
		},
		{
			"type": "Feature",
			"geometry": {
				"type": "Point",
				"coordinates": [
					 137.6945,
					 36.5107
				]
			},
			"properties": {
				"name": "JA/NN-200(七倉岳)",
				"読み":"Nanakuradake",
				"標高":"2509m 10pt ",
				"GL":"PM86um",
				"市郡区":"C#0912 / C#2801 ",
				"登山日":"",
				"メモ":"",
				"_markerType": "Icon",
				"_iconUrl": "https://maps.gsi.go.jp/portal/sys/v4/symbols/101.png",
				"_iconSize": [
					16,
					16
				],
				"_iconAnchor": [
					8,
					8
				]
			}
		},
		{
			"type": "Feature",
			"geometry": {
				"type": "Point",
				"coordinates": [
					 137.7046,
					 36.3253
				]
			},
			"properties": {
				"name": "JA/NN-201(中山)",
				"読み":"Nakayama",
				"標高":"2492m 10pt ",
				"GL":"PM86uh",
				"市郡区":"C#0902 ",
				"登山日":"",
				"メモ":"",
				"_markerType": "Icon",
				"_iconUrl": "https://maps.gsi.go.jp/portal/sys/v4/symbols/101.png",
				"_iconSize": [
					16,
					16
				],
				"_iconAnchor": [
					8,
					8
				]
			}
		},
		{
			"type": "Feature",
			"geometry": {
				"type": "Point",
				"coordinates": [
					 137.5871,
					 36.2269
				]
			},
			"properties": {
				"name": "JA/NN-202(焼岳)",
				"読み":"Yakedake",
				"標高":"2455m 10pt ",
				"GL":"PM86tf",
				"市郡区":"C#0902 / C#1903 ",
				"登山日":"",
				"メモ":"",
				"_markerType": "Icon",
				"_iconUrl": "https://maps.gsi.go.jp/portal/sys/v4/symbols/101.png",
				"_iconSize": [
					16,
					16
				],
				"_iconAnchor": [
					8,
					8
				]
			}
		},
		{
			"type": "Feature",
			"geometry": {
				"type": "Point",
				"coordinates": [
					 137.6705,
					 36.2227
				]
			},
			"properties": {
				"name": "JA/NN-203(ジャンクションピーク)",
				"読み":"Junction_peak",
				"標高":"2428m 10pt ",
				"GL":"PM86uf",
				"市郡区":"C#0902 ",
				"登山日":"",
				"メモ":"",
				"_markerType": "Icon",
				"_iconUrl": "https://maps.gsi.go.jp/portal/sys/v4/symbols/101.png",
				"_iconSize": [
					16,
					16
				],
				"_iconAnchor": [
					8,
					8
				]
			}
		},
		{
			"type": "Feature",
			"geometry": {
				"type": "Point",
				"coordinates": [
					 138.4886,
					 36.4052
				]
			},
			"properties": {
				"name": "JA/NN-204(黒斑山)",
				"読み":"Kurofuyama",
				"標高":"2404m 10pt ",
				"GL":"PM96fj",
				"市郡区":"C#0908 / G#16001F ",
				"登山日":"",
				"メモ":"",
				"_markerType": "Icon",
				"_iconUrl": "https://maps.gsi.go.jp/portal/sys/v4/symbols/101.png",
				"_iconSize": [
					16,
					16
				],
				"_iconAnchor": [
					8,
					8
				]
			}
		},
		{
			"type": "Feature",
			"geometry": {
				"type": "Point",
				"coordinates": [
					 138.5034,
					 36.3929
				]
			},
			"properties": {
				"name": "JA/NN-205(剣ヶ峰)",
				"読み":"Kengamine",
				"標高":"2281m 10pt ",
				"GL":"PM96gj",
				"市郡区":"G#09006F ",
				"登山日":"",
				"メモ":"",
				"_markerType": "Icon",
				"_iconUrl": "https://maps.gsi.go.jp/portal/sys/v4/symbols/101.png",
				"_iconSize": [
					16,
					16
				],
				"_iconAnchor": [
					8,
					8
				]
			}
		},
		{
			"type": "Feature",
			"geometry": {
				"type": "Point",
				"coordinates": [
					 137.5951,
					 36.1906
				]
			},
			"properties": {
				"name": "JA/NN-206(安房山)",
				"読み":"Abousan",
				"標高":"2220m 10pt ",
				"GL":"PM86te",
				"市郡区":"C#0902 / C#1903 ",
				"登山日":"",
				"メモ":"",
				"_markerType": "Icon",
				"_iconUrl": "https://maps.gsi.go.jp/portal/sys/v4/symbols/101.png",
				"_iconSize": [
					16,
					16
				],
				"_iconAnchor": [
					8,
					8
				]
			}
		},
		{
			"type": "Feature",
			"geometry": {
				"type": "Point",
				"coordinates": [
					 138.3953,
					 36.5491
				]
			},
			"properties": {
				"name": "JA/NN-207(根子岳)",
				"読み":"Nekodake",
				"標高":"2207m 10pt ",
				"GL":"PM96en",
				"市郡区":"C#0907 / C#0903 ",
				"登山日":"",
				"メモ":"",
				"_markerType": "Icon",
				"_iconUrl": "https://maps.gsi.go.jp/portal/sys/v4/symbols/101.png",
				"_iconSize": [
					16,
					16
				],
				"_iconAnchor": [
					8,
					8
				]
			}
		},
		{
			"type": "Feature",
			"geometry": {
				"type": "Point",
				"coordinates": [
					 138.0934,
					 35.5633
				]
			},
			"properties": {
				"name": "JA/NN-208(点2082)",
				"読み":"JA/NN-208",
				"標高":"2082m 10pt ",
				"GL":"PM95bn",
				"市郡区":"G#09008C ",
				"登山日":"",
				"メモ":"",
				"_markerType": "Icon",
				"_iconUrl": "https://maps.gsi.go.jp/portal/sys/v4/symbols/101.png",
				"_iconSize": [
					16,
					16
				],
				"_iconAnchor": [
					8,
					8
				]
			}
		},
		{
			"type": "Feature",
			"geometry": {
				"type": "Point",
				"coordinates": [
					 138.3871,
					 36.4334
				]
			},
			"properties": {
				"name": "JA/NN-209(烏帽子岳)",
				"読み":"Eboshidake",
				"標高":"2066m 10pt ",
				"GL":"PM96ek",
				"市郡区":"C#0903 / C#0920 ",
				"登山日":"",
				"メモ":"",
				"_markerType": "Icon",
				"_iconUrl": "https://maps.gsi.go.jp/portal/sys/v4/symbols/101.png",
				"_iconSize": [
					16,
					16
				],
				"_iconAnchor": [
					8,
					8
				]
			}
		},
		{
			"type": "Feature",
			"geometry": {
				"type": "Point",
				"coordinates": [
					 137.7821,
					 36.0731
				]
			},
			"properties": {
				"name": "JA/NN-210(点2022)",
				"読み":"P2022",
				"標高":"2022m 10pt ",
				"GL":"PM86vb",
				"市郡区":"G#09015B / G#09004E ",
				"登山日":"",
				"メモ":"",
				"_markerType": "Icon",
				"_iconUrl": "https://maps.gsi.go.jp/portal/sys/v4/symbols/101.png",
				"_iconSize": [
					16,
					16
				],
				"_iconAnchor": [
					8,
					8
				]
			}
		},
		{
			"type": "Feature",
			"geometry": {
				"type": "Point",
				"coordinates": [
					 137.6978,
					 35.9956
				]
			},
			"properties": {
				"name": "JA/NN-211(富士(三角点))",
				"読み":"Fuji",
				"標高":"1984m 10pt ",
				"GL":"PM85ux",
				"市郡区":"G#09004L / G#09004E ",
				"登山日":"",
				"メモ":"",
				"_markerType": "Icon",
				"_iconUrl": "https://maps.gsi.go.jp/portal/sys/v4/symbols/101.png",
				"_iconSize": [
					16,
					16
				],
				"_iconAnchor": [
					8,
					8
				]
			}
		},
		{
			"type": "Feature",
			"geometry": {
				"type": "Point",
				"coordinates": [
					 138.1359,
					 35.6161
				]
			},
			"properties": {
				"name": "JA/NN-212(大井戸沢(三角点))",
				"読み":"Ooidosawa",
				"標高":"1981m 10pt ",
				"GL":"PM95bo",
				"市郡区":"C#0909 ",
				"登山日":"",
				"メモ":"",
				"_markerType": "Icon",
				"_iconUrl": "https://maps.gsi.go.jp/portal/sys/v4/symbols/101.png",
				"_iconSize": [
					16,
					16
				],
				"_iconAnchor": [
					8,
					8
				]
			}
		},
		{
			"type": "Feature",
			"geometry": {
				"type": "Point",
				"coordinates": [
					 137.6517,
					 36.0206
				]
			},
			"properties": {
				"name": "JA/NN-213(本谷頭(三角点))",
				"読み":"Motoyazu",
				"標高":"1937m 10pt ",
				"GL":"PM86ta",
				"市郡区":"C#0902 / G#09004L ",
				"登山日":"",
				"メモ":"",
				"_markerType": "Icon",
				"_iconUrl": "https://maps.gsi.go.jp/portal/sys/v4/symbols/101.png",
				"_iconSize": [
					16,
					16
				],
				"_iconAnchor": [
					8,
					8
				]
			}
		},
		{
			"type": "Feature",
			"geometry": {
				"type": "Point",
				"coordinates": [
					 138.0551,
					 36.7704
				]
			},
			"properties": {
				"name": "JA/NN-214(戸隠山)",
				"読み":"Togakushiyama",
				"標高":"1904m 10pt ",
				"GL":"PM96as",
				"市郡区":"C#0901 ",
				"登山日":"",
				"メモ":"",
				"_markerType": "Icon",
				"_iconUrl": "https://maps.gsi.go.jp/portal/sys/v4/symbols/101.png",
				"_iconSize": [
					16,
					16
				],
				"_iconAnchor": [
					8,
					8
				]
			}
		},
		{
			"type": "Feature",
			"geometry": {
				"type": "Point",
				"coordinates": [
					 138.1291,
					 35.8129
				]
			},
			"properties": {
				"name": "JA/NN-215(鹿嶺高原)",
				"読み":"KareiKogen",
				"標高":"1887m 10pt ",
				"GL":"PM95bt",
				"市郡区":"C#0909 ",
				"登山日":"",
				"メモ":"",
				"_markerType": "Icon",
				"_iconUrl": "https://maps.gsi.go.jp/portal/sys/v4/symbols/101.png",
				"_iconSize": [
					16,
					16
				],
				"_iconAnchor": [
					8,
					8
				]
			}
		},
		{
			"type": "Feature",
			"geometry": {
				"type": "Point",
				"coordinates": [
					 138.5476,
					 35.9938
				]
			},
			"properties": {
				"name": "JA/NN-216(男山)",
				"読み":"Otokoyama",
				"標高":"1851m 10pt ",
				"GL":"PM95gx",
				"市郡区":"G#09017E / G#09017A ",
				"登山日":"",
				"メモ":"",
				"_markerType": "Icon",
				"_iconUrl": "https://maps.gsi.go.jp/portal/sys/v4/symbols/101.png",
				"_iconSize": [
					16,
					16
				],
				"_iconAnchor": [
					8,
					8
				]
			}
		},
		{
			"type": "Feature",
			"geometry": {
				"type": "Point",
				"coordinates": [
					 138.5244,
					 35.9385
				]
			},
			"properties": {
				"name": "JA/NN-217(女山)",
				"読み":"Onnayama",
				"標高":"1734m 10pt ",
				"GL":"PM95gw",
				"市郡区":"G#09017A ",
				"登山日":"",
				"メモ":"",
				"_markerType": "Icon",
				"_iconUrl": "https://maps.gsi.go.jp/portal/sys/v4/symbols/101.png",
				"_iconSize": [
					16,
					16
				],
				"_iconAnchor": [
					8,
					8
				]
			}
		},
		{
			"type": "Feature",
			"geometry": {
				"type": "Point",
				"coordinates": [
					 137.4786,
					 35.772
				]
			},
			"properties": {
				"name": "JA/NN-218(真弓沢(三角点))",
				"読み":"Mayumizawa",
				"標高":"1704m 10pt ",
				"GL":"PM85rs",
				"市郡区":"G#09004B ",
				"登山日":"",
				"メモ":"",
				"_markerType": "Icon",
				"_iconUrl": "https://maps.gsi.go.jp/portal/sys/v4/symbols/101.png",
				"_iconSize": [
					16,
					16
				],
				"_iconAnchor": [
					8,
					8
				]
			}
		},
		{
			"type": "Feature",
			"geometry": {
				"type": "Point",
				"coordinates": [
					 138.2193,
					 36.1514
				]
			},
			"properties": {
				"name": "JA/NN-219(虫倉山)",
				"読み":"Mushikurayama",
				"標高":"1659m 10pt ",
				"GL":"PM96cd",
				"市郡区":"G#09012H ",
				"登山日":"",
				"メモ":"",
				"_markerType": "Icon",
				"_iconUrl": "https://maps.gsi.go.jp/portal/sys/v4/symbols/101.png",
				"_iconSize": [
					16,
					16
				],
				"_iconAnchor": [
					8,
					8
				]
			}
		},
		{
			"type": "Feature",
			"geometry": {
				"type": "Point",
				"coordinates": [
					 138.04,
					 36.2871
				]
			},
			"properties": {
				"name": "JA/NN-220(戸谷峰)",
				"読み":"Toyamine",
				"標高":"1629m 10pt ",
				"GL":"PM96ag",
				"市郡区":"C#0902 ",
				"登山日":"",
				"メモ":"",
				"_markerType": "Icon",
				"_iconUrl": "https://maps.gsi.go.jp/portal/sys/v4/symbols/101.png",
				"_iconSize": [
					16,
					16
				],
				"_iconAnchor": [
					8,
					8
				]
			}
		},
		{
			"type": "Feature",
			"geometry": {
				"type": "Point",
				"coordinates": [
					 137.9894,
					 36.7228
				]
			},
			"properties": {
				"name": "JA/NN-222(一夜山)",
				"読み":"Ichiyasan",
				"標高":"1562m 10pt ",
				"GL":"PM86xr",
				"市郡区":"C#0901 ",
				"登山日":"",
				"メモ":"",
				"_markerType": "Icon",
				"_iconUrl": "https://maps.gsi.go.jp/portal/sys/v4/symbols/101.png",
				"_iconSize": [
					16,
					16
				],
				"_iconAnchor": [
					8,
					8
				]
			}
		},
		{
			"type": "Feature",
			"geometry": {
				"type": "Point",
				"coordinates": [
					 138.6136,
					 36.8697
				]
			},
			"properties": {
				"name": "JA/NN-223(布岩山)",
				"読み":"Nunoiwayama",
				"標高":"1495m 8pt ",
				"GL":"PM96hu",
				"市郡区":"G#09010B ",
				"登山日":"",
				"メモ":"",
				"_markerType": "Icon",
				"_iconUrl": "https://maps.gsi.go.jp/portal/sys/v4/symbols/104.png",
				"_iconSize": [
					16,
					16
				],
				"_iconAnchor": [
					8,
					8
				]
			}
		},
		{
			"type": "Feature",
			"geometry": {
				"type": "Point",
				"coordinates": [
					 137.9672,
					 36.8783
				]
			},
			"properties": {
				"name": "JA/NN-224(勘馬平(三角点))",
				"読み":"Kanbadaira",
				"標高":"1485m 8pt ",
				"GL":"PM86xv",
				"市郡区":"G#09005E ",
				"登山日":"",
				"メモ":"",
				"_markerType": "Icon",
				"_iconUrl": "https://maps.gsi.go.jp/portal/sys/v4/symbols/104.png",
				"_iconSize": [
					16,
					16
				],
				"_iconAnchor": [
					8,
					8
				]
			}
		},
		{
			"type": "Feature",
			"geometry": {
				"type": "Point",
				"coordinates": [
					 138.0203,
					 35.6324
				]
			},
			"properties": {
				"name": "JA/NN-225(南向（三角点近傍）)",
				"読み":"Near_Minamimukai",
				"標高":"1440m 8pt ",
				"GL":"PM95ap",
				"市郡区":"G#09001G ",
				"登山日":"",
				"メモ":"",
				"_markerType": "Icon",
				"_iconUrl": "https://maps.gsi.go.jp/portal/sys/v4/symbols/104.png",
				"_iconSize": [
					16,
					16
				],
				"_iconAnchor": [
					8,
					8
				]
			}
		},
		{
			"type": "Feature",
			"geometry": {
				"type": "Point",
				"coordinates": [
					 137.7613,
					 36.4917
				]
			},
			"properties": {
				"name": "JA/NN-226(矢櫃山近傍)",
				"読み":"Yabitsuyama",
				"標高":"1350m 8pt ",
				"GL":"PM86vl",
				"市郡区":"C#0912 ",
				"登山日":"",
				"メモ":"",
				"_markerType": "Icon",
				"_iconUrl": "https://maps.gsi.go.jp/portal/sys/v4/symbols/104.png",
				"_iconSize": [
					16,
					16
				],
				"_iconAnchor": [
					8,
					8
				]
			}
		},
		{
			"type": "Feature",
			"geometry": {
				"type": "Point",
				"coordinates": [
					 138.2419,
					 36.4509
				]
			},
			"properties": {
				"name": "JA/NN-228(大峯山)",
				"読み":"Oominesan",
				"標高":"1327m 8pt ",
				"GL":"PM96ck",
				"市郡区":"C#0903 / G#09014B ",
				"登山日":"",
				"メモ":"",
				"_markerType": "Icon",
				"_iconUrl": "https://maps.gsi.go.jp/portal/sys/v4/symbols/104.png",
				"_iconSize": [
					16,
					16
				],
				"_iconAnchor": [
					8,
					8
				]
			}
		},
		{
			"type": "Feature",
			"geometry": {
				"type": "Point",
				"coordinates": [
					 137.6256,
					 35.2758
				]
			},
			"properties": {
				"name": "JA/NN-229(代立(三角点))",
				"読み":"Yodate",
				"標高":"1322m 8pt ",
				"GL":"PM85tg",
				"市郡区":"G#09008K / G#09008L ",
				"登山日":"",
				"メモ":"",
				"_markerType": "Icon",
				"_iconUrl": "https://maps.gsi.go.jp/portal/sys/v4/symbols/104.png",
				"_iconSize": [
					16,
					16
				],
				"_iconAnchor": [
					8,
					8
				]
			}
		},
		{
			"type": "Feature",
			"geometry": {
				"type": "Point",
				"coordinates": [
					 138.5932,
					 36.1766
				]
			},
			"properties": {
				"name": "JA/NN-230(小唐沢山)",
				"読み":"Kokarasawayama",
				"標高":"1300m 8pt ",
				"GL":"PM96he",
				"市郡区":"C#0918 ",
				"登山日":"",
				"メモ":"",
				"_markerType": "Icon",
				"_iconUrl": "https://maps.gsi.go.jp/portal/sys/v4/symbols/104.png",
				"_iconSize": [
					16,
					16
				],
				"_iconAnchor": [
					8,
					8
				]
			}
		},
		{
			"type": "Feature",
			"geometry": {
				"type": "Point",
				"coordinates": [
					 138.2689,
					 36.4405
				]
			},
			"properties": {
				"name": "JA/NN-231(東太郎山)",
				"読み":"Higashitarouyama",
				"標高":"1300m 8pt ",
				"GL":"PM96dk",
				"市郡区":"C#0903 ",
				"登山日":"",
				"メモ":"",
				"_markerType": "Icon",
				"_iconUrl": "https://maps.gsi.go.jp/portal/sys/v4/symbols/104.png",
				"_iconSize": [
					16,
					16
				],
				"_iconAnchor": [
					8,
					8
				]
			}
		},
		{
			"type": "Feature",
			"geometry": {
				"type": "Point",
				"coordinates": [
					 138.6119,
					 36.3538
				]
			},
			"properties": {
				"name": "JA/NN-232(離山)",
				"読み":"Hanareyama",
				"標高":"1256m 8pt ",
				"GL":"PM96hi",
				"市郡区":"G#09006B ",
				"登山日":"",
				"メモ":"",
				"_markerType": "Icon",
				"_iconUrl": "https://maps.gsi.go.jp/portal/sys/v4/symbols/104.png",
				"_iconSize": [
					16,
					16
				],
				"_iconAnchor": [
					8,
					8
				]
			}
		},
		{
			"type": "Feature",
			"geometry": {
				"type": "Point",
				"coordinates": [
					 137.9422,
					 36.0843
				]
			},
			"properties": {
				"name": "JA/NN-233(久ノ井(三角点))",
				"読み":"Hisanoi",
				"標高":"1160m 8pt ",
				"GL":"PM86xc",
				"市郡区":"C#0915 ",
				"登山日":"",
				"メモ":"",
				"_markerType": "Icon",
				"_iconUrl": "https://maps.gsi.go.jp/portal/sys/v4/symbols/104.png",
				"_iconSize": [
					16,
					16
				],
				"_iconAnchor": [
					8,
					8
				]
			}
		},
		{
			"type": "Feature",
			"geometry": {
				"type": "Point",
				"coordinates": [
					 138.012,
					 36.3681
				]
			},
			"properties": {
				"name": "JA/NN-234(虚空蔵山)",
				"読み":"Kokuzousan",
				"標高":"1139m 8pt ",
				"GL":"PM96ai",
				"市郡区":"C#0902 / G#09015K ",
				"登山日":"",
				"メモ":"",
				"_markerType": "Icon",
				"_iconUrl": "https://maps.gsi.go.jp/portal/sys/v4/symbols/104.png",
				"_iconSize": [
					16,
					16
				],
				"_iconAnchor": [
					8,
					8
				]
			}
		},
		{
			"type": "Feature",
			"geometry": {
				"type": "Point",
				"coordinates": [
					 137.9585,
					 35.5217
				]
			},
			"properties": {
				"name": "JA/NN-235(本山)",
				"読み":"Motoyama",
				"標高":"1133m 8pt ",
				"GL":"PM85xm",
				"市郡区":"G#09008Q ",
				"登山日":"",
				"メモ":"",
				"_markerType": "Icon",
				"_iconUrl": "https://maps.gsi.go.jp/portal/sys/v4/symbols/104.png",
				"_iconSize": [
					16,
					16
				],
				"_iconAnchor": [
					8,
					8
				]
			}
		},
		{
			"type": "Feature",
			"geometry": {
				"type": "Point",
				"coordinates": [
					 138.0159,
					 35.7284
				]
			},
			"properties": {
				"name": "JA/NN-236(中曽倉(三角点))",
				"読み":"Nakasokura",
				"標高":"1120m 8pt ",
				"GL":"PM95ar",
				"市郡区":"C#0910 ",
				"登山日":"",
				"メモ":"",
				"_markerType": "Icon",
				"_iconUrl": "https://maps.gsi.go.jp/portal/sys/v4/symbols/104.png",
				"_iconSize": [
					16,
					16
				],
				"_iconAnchor": [
					8,
					8
				]
			}
		},
		{
			"type": "Feature",
			"geometry": {
				"type": "Point",
				"coordinates": [
					 137.9571,
					 36.6701
				]
			},
			"properties": {
				"name": "JA/NN-237(南浦(三角点))",
				"読み":"Minamiura",
				"標高":"1119m 8pt ",
				"GL":"PM86xq",
				"市郡区":"G#09003A / C#0901 ",
				"登山日":"",
				"メモ":"",
				"_markerType": "Icon",
				"_iconUrl": "https://maps.gsi.go.jp/portal/sys/v4/symbols/104.png",
				"_iconSize": [
					16,
					16
				],
				"_iconAnchor": [
					8,
					8
				]
			}
		},
		{
			"type": "Feature",
			"geometry": {
				"type": "Point",
				"coordinates": [
					 137.723,
					 35.4229
				]
			},
			"properties": {
				"name": "JA/NN-238(日の入山)",
				"読み":"Hinoiriyama",
				"標高":"1072m 6pt ",
				"GL":"PM85uk",
				"市郡区":"G#09008A ",
				"登山日":"",
				"メモ":"",
				"_markerType": "Icon",
				"_iconUrl": "https://maps.gsi.go.jp/portal/sys/v4/symbols/103.png",
				"_iconSize": [
					16,
					16
				],
				"_iconAnchor": [
					8,
					8
				]
			}
		},
		{
			"type": "Feature",
			"geometry": {
				"type": "Point",
				"coordinates": [
					 138.4219,
					 36.7908
				]
			},
			"properties": {
				"name": "JA/NN-239(飯盛山)",
				"読み":"Iimoriyama",
				"標高":"1064m 6pt ",
				"GL":"PM96fs",
				"市郡区":"G#09009C ",
				"登山日":"",
				"メモ":"",
				"_markerType": "Icon",
				"_iconUrl": "https://maps.gsi.go.jp/portal/sys/v4/symbols/103.png",
				"_iconSize": [
					16,
					16
				],
				"_iconAnchor": [
					8,
					8
				]
			}
		},
		{
			"type": "Feature",
			"geometry": {
				"type": "Point",
				"coordinates": [
					 138.2749,
					 36.5972
				]
			},
			"properties": {
				"name": "JA/NN-240(若穂太郎山)",
				"読み":"Wakahotaroyama",
				"標高":"997m 6pt ",
				"GL":"PM96do",
				"市郡区":"C#0901 ",
				"登山日":"",
				"メモ":"",
				"_markerType": "Icon",
				"_iconUrl": "https://maps.gsi.go.jp/portal/sys/v4/symbols/103.png",
				"_iconSize": [
					16,
					16
				],
				"_iconAnchor": [
					8,
					8
				]
			}
		},
		{
			"type": "Feature",
			"geometry": {
				"type": "Point",
				"coordinates": [
					 137.9183,
					 36.8085
				]
			},
			"properties": {
				"name": "JA/NN-241(立山)",
				"読み":"Tateyama",
				"標高":"938m 6pt ",
				"GL":"PM86xt",
				"市郡区":"G#09005E ",
				"登山日":"",
				"メモ":"",
				"_markerType": "Icon",
				"_iconUrl": "https://maps.gsi.go.jp/portal/sys/v4/symbols/103.png",
				"_iconSize": [
					16,
					16
				],
				"_iconAnchor": [
					8,
					8
				]
			}
		},
		{
			"type": "Feature",
			"geometry": {
				"type": "Point",
				"coordinates": [
					 137.9407,
					 36.3358
				]
			},
			"properties": {
				"name": "JA/NN-242(長峰山)",
				"読み":"Nagamineyama",
				"標高":"933m 6pt ",
				"GL":"PM86xi",
				"市郡区":"C#0921 ",
				"登山日":"",
				"メモ":"",
				"_markerType": "Icon",
				"_iconUrl": "https://maps.gsi.go.jp/portal/sys/v4/symbols/103.png",
				"_iconSize": [
					16,
					16
				],
				"_iconAnchor": [
					8,
					8
				]
			}
		},
		{
			"type": "Feature",
			"geometry": {
				"type": "Point",
				"coordinates": [
					 138.1625,
					 36.3392
				]
			},
			"properties": {
				"name": "JA/NN-243(女神岳)",
				"読み":"Megamidake",
				"標高":"930m 6pt ",
				"GL":"PM96bi",
				"市郡区":"C#0903 ",
				"登山日":"",
				"メモ":"",
				"_markerType": "Icon",
				"_iconUrl": "https://maps.gsi.go.jp/portal/sys/v4/symbols/103.png",
				"_iconSize": [
					16,
					16
				],
				"_iconAnchor": [
					8,
					8
				]
			}
		},
		{
			"type": "Feature",
			"geometry": {
				"type": "Point",
				"coordinates": [
					 137.9504,
					 36.5398
				]
			},
			"properties": {
				"name": "JA/NN-244(天こう峯)",
				"読み":"Tenkoumine",
				"標高":"890m 6pt ",
				"GL":"PM86xm",
				"市郡区":"C#0901 ",
				"登山日":"",
				"メモ":"",
				"_markerType": "Icon",
				"_iconUrl": "https://maps.gsi.go.jp/portal/sys/v4/symbols/103.png",
				"_iconSize": [
					16,
					16
				],
				"_iconAnchor": [
					8,
					8
				]
			}
		},
		{
			"type": "Feature",
			"geometry": {
				"type": "Point",
				"coordinates": [
					 138.0888,
					 36.5775
				]
			},
			"properties": {
				"name": "JA/NN-245(川中島CC)",
				"読み":"Kawanakajima_CC",
				"標高":"774m 4pt ",
				"GL":"PM96bn",
				"市郡区":"C#0901 ",
				"登山日":"",
				"メモ":"",
				"_markerType": "Icon",
				"_iconUrl": "https://maps.gsi.go.jp/portal/sys/v4/symbols/828.png",
				"_iconSize": [
					16,
					16
				],
				"_iconAnchor": [
					8,
					8
				]
			}
		},
		{
			"type": "Feature",
			"geometry": {
				"type": "Point",
				"coordinates": [
					 138.2241,
					 36.5526
				]
			},
			"properties": {
				"name": "JA/NN-246(皆神山)",
				"読み":"Minakamiyama",
				"標高":"660m 4pt ",
				"GL":"PM96cn",
				"市郡区":"C#0901 ",
				"登山日":"",
				"メモ":"",
				"_markerType": "Icon",
				"_iconUrl": "https://maps.gsi.go.jp/portal/sys/v4/symbols/828.png",
				"_iconSize": [
					16,
					16
				],
				"_iconAnchor": [
					8,
					8
				]
			}
		},
		{
			"type": "Feature",
			"geometry": {
				"type": "Point",
				"coordinates": [
					 138.1364,
					 36.6474
				]
			},
			"properties": {
				"name": "JA/NN-247(富士ノ塔)",
				"読み":"Fujinotou",
				"標高":"992m 6pt ",
				"GL":"PM96bp",
				"市郡区":"C#0901 ",
				"登山日":"",
				"メモ":"",
				"_markerType": "Icon",
				"_iconUrl": "https://maps.gsi.go.jp/portal/sys/v4/symbols/103.png",
				"_iconSize": [
					16,
					16
				],
				"_iconAnchor": [
					8,
					8
				]
			}
		},
		{
			"type": "Feature",
			"geometry": {
				"type": "Point",
				"coordinates": [
					 137.969072,
					 36.415148
				]
			},
			"properties": {
				"name": "JA/NN-248(岩殿山)",
				"読み":"Iwadonosan",
				"標高":"1007m 6pt ",
				"GL":"PM86xj",
				"市郡区":"G#09015K / G#09015I ",
				"登山日":"",
				"メモ":"",
				"_markerType": "Icon",
				"_iconUrl": "https://maps.gsi.go.jp/portal/sys/v4/symbols/103.png",
				"_iconSize": [
					16,
					16
				],
				"_iconAnchor": [
					8,
					8
				]
			}
		}
	]
}
