{
	"type": "FeatureCollection",
	"features": [
		{
			"type": "Feature",
			"geometry": {
				"type": "Point",
				"coordinates": [
					 139.9868,
					 35.1149
				]
			},
			"properties": {
				"name": "JA/CB-001(愛宕山)",
				"読み":"Atagoyama",
				"標高":"408m 1pt ",
				"GL":"PM95xc",
				"市郡区":"C#1234 ",
				"登山日":"",
				"メモ":"",
				"_markerType": "Icon",
				"_iconUrl": "https://maps.gsi.go.jp/portal/sys/v4/symbols/826.png",
				"_iconSize": [
					16,
					16
				],
				"_iconAnchor": [
					8,
					8
				]
			}
		},
		{
			"type": "Feature",
			"geometry": {
				"type": "Point",
				"coordinates": [
					 139.9719,
					 35.2556
				]
			},
			"properties": {
				"name": "JA/CB-002(鹿野山(白鳥峰))",
				"読み":"Kanouzan/Shiratorimine",
				"標高":"379m 1pt ",
				"GL":"PM95xg",
				"市郡区":"C#1224 ",
				"登山日":"",
				"メモ":"",
				"_markerType": "Icon",
				"_iconUrl": "https://maps.gsi.go.jp/portal/sys/v4/symbols/826.png",
				"_iconSize": [
					16,
					16
				],
				"_iconAnchor": [
					8,
					8
				]
			}
		},
		{
			"type": "Feature",
			"geometry": {
				"type": "Point",
				"coordinates": [
					 140.1523,
					 35.1623
				]
			},
			"properties": {
				"name": "JA/CB-003(清澄山（妙見山）)",
				"読み":"Kiyosumiyama(Myokensan)",
				"標高":"377m 1pt ",
				"GL":"QM05bd",
				"市郡区":"C#1223 ",
				"登山日":"",
				"メモ":"",
				"_markerType": "Icon",
				"_iconUrl": "https://maps.gsi.go.jp/portal/sys/v4/symbols/826.png",
				"_iconSize": [
					16,
					16
				],
				"_iconAnchor": [
					8,
					8
				]
			}
		},
		{
			"type": "Feature",
			"geometry": {
				"type": "Point",
				"coordinates": [
					 139.9477,
					 35.0887
				]
			},
			"properties": {
				"name": "JA/CB-004(御殿山)",
				"読み":"Gotenyama",
				"標高":"364m 1pt ",
				"GL":"PM95xc",
				"市郡区":"C#1234 ",
				"登山日":"",
				"メモ":"",
				"_markerType": "Icon",
				"_iconUrl": "https://maps.gsi.go.jp/portal/sys/v4/symbols/826.png",
				"_iconSize": [
					16,
					16
				],
				"_iconAnchor": [
					8,
					8
				]
			}
		},
		{
			"type": "Feature",
			"geometry": {
				"type": "Point",
				"coordinates": [
					 139.8815,
					 35.0988
				]
			},
			"properties": {
				"name": "JA/CB-005(富山)",
				"読み":"Tomisan",
				"標高":"350m 1pt ",
				"GL":"PM95wc",
				"市郡区":"C#1234 ",
				"登山日":"",
				"メモ":"",
				"_markerType": "Icon",
				"_iconUrl": "https://maps.gsi.go.jp/portal/sys/v4/symbols/826.png",
				"_iconSize": [
					16,
					16
				],
				"_iconAnchor": [
					8,
					8
				]
			}
		},
		{
			"type": "Feature",
			"geometry": {
				"type": "Point",
				"coordinates": [
					 139.8409,
					 35.1604
				]
			},
			"properties": {
				"name": "JA/CB-006(鋸山)",
				"読み":"Nokogiriyama",
				"標高":"330m 1pt ",
				"GL":"PM95wd",
				"市郡区":"C#1226 / G#12001G ",
				"登山日":"",
				"メモ":"",
				"_markerType": "Icon",
				"_iconUrl": "https://maps.gsi.go.jp/portal/sys/v4/symbols/826.png",
				"_iconSize": [
					16,
					16
				],
				"_iconAnchor": [
					8,
					8
				]
			}
		},
		{
			"type": "Feature",
			"geometry": {
				"type": "Point",
				"coordinates": [
					 140.0246,
					 35.2629
				]
			},
			"properties": {
				"name": "JA/CB-007(上野(三角点))",
				"読み":"Ueno",
				"標高":"313m 1pt ",
				"GL":"QM05ag",
				"市郡区":"C#1224 ",
				"登山日":"",
				"メモ":"",
				"_markerType": "Icon",
				"_iconUrl": "https://maps.gsi.go.jp/portal/sys/v4/symbols/826.png",
				"_iconSize": [
					16,
					16
				],
				"_iconAnchor": [
					8,
					8
				]
			}
		},
		{
			"type": "Feature",
			"geometry": {
				"type": "Point",
				"coordinates": [
					 140.0202,
					 35.1575
				]
			},
			"properties": {
				"name": "JA/CB-008(安房高山)",
				"読み":"Awatakayama",
				"標高":"365m 1pt ",
				"GL":"QM05ad",
				"市郡区":"C#1224 ",
				"登山日":"",
				"メモ":"",
				"_markerType": "Icon",
				"_iconUrl": "https://maps.gsi.go.jp/portal/sys/v4/symbols/826.png",
				"_iconSize": [
					16,
					16
				],
				"_iconAnchor": [
					8,
					8
				]
			}
		},
		{
			"type": "Feature",
			"geometry": {
				"type": "Point",
				"coordinates": [
					 139.914,
					 35.1073
				]
			},
			"properties": {
				"name": "JA/CB-009(伊予ヶ岳)",
				"読み":"Iyogatake",
				"標高":"336m 1pt ",
				"GL":"PM95wc",
				"市郡区":"C#1234 ",
				"登山日":"",
				"メモ":"",
				"_markerType": "Icon",
				"_iconUrl": "https://maps.gsi.go.jp/portal/sys/v4/symbols/826.png",
				"_iconSize": [
					16,
					16
				],
				"_iconAnchor": [
					8,
					8
				]
			}
		},
		{
			"type": "Feature",
			"geometry": {
				"type": "Point",
				"coordinates": [
					 140.1136,
					 35.3139
				]
			},
			"properties": {
				"name": "JA/CB-010(御所塚山)",
				"読み":"Goshozukayama",
				"標高":"271m 1pt ",
				"GL":"QM05bh",
				"市郡区":"C#1219 / C#1224 ",
				"登山日":"",
				"メモ":"",
				"_markerType": "Icon",
				"_iconUrl": "https://maps.gsi.go.jp/portal/sys/v4/symbols/826.png",
				"_iconSize": [
					16,
					16
				],
				"_iconAnchor": [
					8,
					8
				]
			}
		},
		{
			"type": "Feature",
			"geometry": {
				"type": "Point",
				"coordinates": [
					 139.8647,
					 35.1123
				]
			},
			"properties": {
				"name": "JA/CB-011(津辺野山)",
				"読み":"Tsubenoyama",
				"標高":"259m 1pt ",
				"GL":"PM95wc",
				"市郡区":"G#12001G ",
				"登山日":"",
				"メモ":"",
				"_markerType": "Icon",
				"_iconUrl": "https://maps.gsi.go.jp/portal/sys/v4/symbols/826.png",
				"_iconSize": [
					16,
					16
				],
				"_iconAnchor": [
					8,
					8
				]
			}
		},
		{
			"type": "Feature",
			"geometry": {
				"type": "Point",
				"coordinates": [
					 139.9404,
					 34.9375
				]
			},
			"properties": {
				"name": "JA/CB-012(高塚山)",
				"読み":"Takatsukayama",
				"標高":"216m 1pt ",
				"GL":"PM94xw",
				"市郡区":"C#1234 ",
				"登山日":"",
				"メモ":"",
				"_markerType": "Icon",
				"_iconUrl": "https://maps.gsi.go.jp/portal/sys/v4/symbols/826.png",
				"_iconSize": [
					16,
					16
				],
				"_iconAnchor": [
					8,
					8
				]
			}
		},
		{
			"type": "Feature",
			"geometry": {
				"type": "Point",
				"coordinates": [
					 140.0184,
					 35.1094
				]
			},
			"properties": {
				"name": "JA/CB-013(嶺岡浅間)",
				"読み":"Mineokasengen",
				"標高":"340m 1pt ",
				"GL":"QM05ac",
				"市郡区":"C#1223 ",
				"登山日":"",
				"メモ":"",
				"_markerType": "Icon",
				"_iconUrl": "https://maps.gsi.go.jp/portal/sys/v4/symbols/826.png",
				"_iconSize": [
					16,
					16
				],
				"_iconAnchor": [
					8,
					8
				]
			}
		},
		{
			"type": "Feature",
			"geometry": {
				"type": "Point",
				"coordinates": [
					 138.413,
					 36.5418
				]
			},
			"properties": {
				"name": "JA/GM-001(四阿山)",
				"読み":"Azumayasan",
				"標高":"2354m 10pt ",
				"GL":"PM96en",
				"市郡区":"C#0907 / G#16001F ",
				"登山日":"",
				"メモ":"",
				"_markerType": "Icon",
				"_iconUrl": "https://maps.gsi.go.jp/portal/sys/v4/symbols/101.png",
				"_iconSize": [
					16,
					16
				],
				"_iconAnchor": [
					8,
					8
				]
			}
		},
		{
			"type": "Feature",
			"geometry": {
				"type": "Point",
				"coordinates": [
					 139.1732,
					 36.9034
				]
			},
			"properties": {
				"name": "JA/GM-002(至仏山)",
				"読み":"Shibutsusan",
				"標高":"2228m 10pt ",
				"GL":"PM96ov",
				"市郡区":"G#16010A / G#16010I ",
				"登山日":"",
				"メモ":"",
				"_markerType": "Icon",
				"_iconUrl": "https://maps.gsi.go.jp/portal/sys/v4/symbols/101.png",
				"_iconSize": [
					16,
					16
				],
				"_iconAnchor": [
					8,
					8
				]
			}
		},
		{
			"type": "Feature",
			"geometry": {
				"type": "Point",
				"coordinates": [
					 139.3486,
					 36.8527
				]
			},
			"properties": {
				"name": "JA/GM-003(燕巣山)",
				"読み":"Tsubakurosuyama",
				"標高":"2222m 10pt ",
				"GL":"PM96qu",
				"市郡区":"G#16010A / C#1506 ",
				"登山日":"",
				"メモ":"",
				"_markerType": "Icon",
				"_iconUrl": "https://maps.gsi.go.jp/portal/sys/v4/symbols/101.png",
				"_iconSize": [
					16,
					16
				],
				"_iconAnchor": [
					8,
					8
				]
			}
		},
		{
			"type": "Feature",
			"geometry": {
				"type": "Point",
				"coordinates": [
					 138.4586,
					 36.6288
				]
			},
			"properties": {
				"name": "JA/GM-004(御飯岳)",
				"読み":"Omeshidake",
				"標高":"2160m 10pt ",
				"GL":"PM96fp",
				"市郡区":"G#16001F / G#09002B ",
				"登山日":"",
				"メモ":"",
				"_markerType": "Icon",
				"_iconUrl": "https://maps.gsi.go.jp/portal/sys/v4/symbols/101.png",
				"_iconSize": [
					16,
					16
				],
				"_iconAnchor": [
					8,
					8
				]
			}
		},
		{
			"type": "Feature",
			"geometry": {
				"type": "Point",
				"coordinates": [
					 139.1326,
					 36.8052
				]
			},
			"properties": {
				"name": "JA/GM-005(武尊山)",
				"読み":"Hotakayama",
				"標高":"2158m 10pt ",
				"GL":"PM96nt",
				"市郡区":"G#16010I / G#16010B ",
				"登山日":"",
				"メモ":"",
				"_markerType": "Icon",
				"_iconUrl": "https://maps.gsi.go.jp/portal/sys/v4/symbols/101.png",
				"_iconSize": [
					16,
					16
				],
				"_iconAnchor": [
					8,
					8
				]
			}
		},
		{
			"type": "Feature",
			"geometry": {
				"type": "Point",
				"coordinates": [
					 139.3299,
					 36.8441
				]
			},
			"properties": {
				"name": "JA/GM-006(四郎岳)",
				"読み":"Shiroudake",
				"標高":"2156m 10pt ",
				"GL":"PM96pu",
				"市郡区":"G#16010A ",
				"登山日":"",
				"メモ":"",
				"_markerType": "Icon",
				"_iconUrl": "https://maps.gsi.go.jp/portal/sys/v4/symbols/101.png",
				"_iconSize": [
					16,
					16
				],
				"_iconAnchor": [
					8,
					8
				]
			}
		},
		{
			"type": "Feature",
			"geometry": {
				"type": "Point",
				"coordinates": [
					 138.6935,
					 36.7381
				]
			},
			"properties": {
				"name": "JA/GM-007(白砂山)",
				"読み":"Shirasunayama",
				"標高":"2140m 10pt ",
				"GL":"PM96ir",
				"市郡区":"G#16001H / G#09010B ",
				"登山日":"",
				"メモ":"",
				"_markerType": "Icon",
				"_iconUrl": "https://maps.gsi.go.jp/portal/sys/v4/symbols/101.png",
				"_iconSize": [
					16,
					16
				],
				"_iconAnchor": [
					8,
					8
				]
			}
		},
		{
			"type": "Feature",
			"geometry": {
				"type": "Point",
				"coordinates": [
					 138.7225,
					 36.7604
				]
			},
			"properties": {
				"name": "JA/GM-008(上ノ倉山)",
				"読み":"Uenokurayama",
				"標高":"2120m 10pt ",
				"GL":"PM96is",
				"市郡区":"G#16001H / G#08015D ",
				"登山日":"",
				"メモ":"",
				"_markerType": "Icon",
				"_iconUrl": "https://maps.gsi.go.jp/portal/sys/v4/symbols/101.png",
				"_iconSize": [
					16,
					16
				],
				"_iconAnchor": [
					8,
					8
				]
			}
		},
		{
			"type": "Feature",
			"geometry": {
				"type": "Point",
				"coordinates": [
					 138.5435,
					 36.7038
				]
			},
			"properties": {
				"name": "JA/GM-009(赤石山)",
				"読み":"Akaishiyama",
				"標高":"2109m 10pt ",
				"GL":"PM96gq",
				"市郡区":"G#16001H / G#09009C ",
				"登山日":"",
				"メモ":"",
				"_markerType": "Icon",
				"_iconUrl": "https://maps.gsi.go.jp/portal/sys/v4/symbols/101.png",
				"_iconSize": [
					16,
					16
				],
				"_iconAnchor": [
					8,
					8
				]
			}
		},
		{
			"type": "Feature",
			"geometry": {
				"type": "Point",
				"coordinates": [
					 138.8395,
					 36.8175
				]
			},
			"properties": {
				"name": "JA/GM-010(仙ノ倉山)",
				"読み":"Sennokurayama",
				"標高":"2026m 10pt ",
				"GL":"PM96kt",
				"市郡区":"G#16010I / G#08015D ",
				"登山日":"",
				"メモ":"",
				"_markerType": "Icon",
				"_iconUrl": "https://maps.gsi.go.jp/portal/sys/v4/symbols/101.png",
				"_iconSize": [
					16,
					16
				],
				"_iconAnchor": [
					8,
					8
				]
			}
		},
		{
			"type": "Feature",
			"geometry": {
				"type": "Point",
				"coordinates": [
					 139.2717,
					 36.8864
				]
			},
			"properties": {
				"name": "JA/GM-011(荷鞍山)",
				"読み":"Nikurayama",
				"標高":"2024m 10pt ",
				"GL":"PM96pv",
				"市郡区":"G#16010A ",
				"登山日":"",
				"メモ":"",
				"_markerType": "Icon",
				"_iconUrl": "https://maps.gsi.go.jp/portal/sys/v4/symbols/101.png",
				"_iconSize": [
					16,
					16
				],
				"_iconAnchor": [
					8,
					8
				]
			}
		},
		{
			"type": "Feature",
			"geometry": {
				"type": "Point",
				"coordinates": [
					 139.2106,
					 36.9569
				]
			},
			"properties": {
				"name": "JA/GM-012(景鶴山)",
				"読み":"Keiduruyama",
				"標高":"2004m 10pt ",
				"GL":"PM96ow",
				"市郡区":"G#16010A / C#0825 ",
				"登山日":"",
				"メモ":"",
				"_markerType": "Icon",
				"_iconUrl": "https://maps.gsi.go.jp/portal/sys/v4/symbols/101.png",
				"_iconSize": [
					16,
					16
				],
				"_iconAnchor": [
					8,
					8
				]
			}
		},
		{
			"type": "Feature",
			"geometry": {
				"type": "Point",
				"coordinates": [
					 138.4407,
					 36.6011
				]
			},
			"properties": {
				"name": "JA/GM-013(土鍋山)",
				"読み":"Donabeyama",
				"標高":"2000m 10pt ",
				"GL":"PM96fo",
				"市郡区":"G#16001F / C#0907 ",
				"登山日":"",
				"メモ":"",
				"_markerType": "Icon",
				"_iconUrl": "https://maps.gsi.go.jp/portal/sys/v4/symbols/101.png",
				"_iconSize": [
					16,
					16
				],
				"_iconAnchor": [
					8,
					8
				]
			}
		},
		{
			"type": "Feature",
			"geometry": {
				"type": "Point",
				"coordinates": [
					 138.4083,
					 36.4529
				]
			},
			"properties": {
				"name": "JA/GM-014(角間山)",
				"読み":"Kakumayama",
				"標高":"1981m 10pt ",
				"GL":"PM96ek",
				"市郡区":"G#16001F ",
				"登山日":"",
				"メモ":"",
				"_markerType": "Icon",
				"_iconUrl": "https://maps.gsi.go.jp/portal/sys/v4/symbols/101.png",
				"_iconSize": [
					16,
					16
				],
				"_iconAnchor": [
					8,
					8
				]
			}
		},
		{
			"type": "Feature",
			"geometry": {
				"type": "Point",
				"coordinates": [
					 138.6208,
					 36.719
				]
			},
			"properties": {
				"name": "JA/GM-015(三壁山)",
				"読み":"Mitsukabeyama",
				"標高":"1970m 10pt ",
				"GL":"PM96hr",
				"市郡区":"G#16001H / G#09009C ",
				"登山日":"",
				"メモ":"",
				"_markerType": "Icon",
				"_iconUrl": "https://maps.gsi.go.jp/portal/sys/v4/symbols/101.png",
				"_iconSize": [
					16,
					16
				],
				"_iconAnchor": [
					8,
					8
				]
			}
		},
		{
			"type": "Feature",
			"geometry": {
				"type": "Point",
				"coordinates": [
					 138.9643,
					 36.9786
				]
			},
			"properties": {
				"name": "JA/GM-016(巻機山)",
				"読み":"Makihatayama",
				"標高":"1967m 10pt ",
				"GL":"PM96lx",
				"市郡区":"G#16010I / C#0826 ",
				"登山日":"",
				"メモ":"",
				"_markerType": "Icon",
				"_iconUrl": "https://maps.gsi.go.jp/portal/sys/v4/symbols/101.png",
				"_iconSize": [
					16,
					16
				],
				"_iconAnchor": [
					8,
					8
				]
			}
		},
		{
			"type": "Feature",
			"geometry": {
				"type": "Point",
				"coordinates": [
					 138.8792,
					 36.8242
				]
			},
			"properties": {
				"name": "JA/GM-017(万太郎山)",
				"読み":"Mantarousan",
				"標高":"1954m 10pt ",
				"GL":"PM96kt",
				"市郡区":"G#16010I / G#08015D ",
				"登山日":"",
				"メモ":"",
				"_markerType": "Icon",
				"_iconUrl": "https://maps.gsi.go.jp/portal/sys/v4/symbols/101.png",
				"_iconSize": [
					16,
					16
				],
				"_iconAnchor": [
					8,
					8
				]
			}
		},
		{
			"type": "Feature",
			"geometry": {
				"type": "Point",
				"coordinates": [
					 139.0472,
					 36.9873
				]
			},
			"properties": {
				"name": "JA/GM-018(小沢岳)",
				"読み":"Ozawadake",
				"標高":"1946m 10pt ",
				"GL":"PM96mx",
				"市郡区":"G#16010I / C#0826 ",
				"登山日":"",
				"メモ":"",
				"_markerType": "Icon",
				"_iconUrl": "https://maps.gsi.go.jp/portal/sys/v4/symbols/101.png",
				"_iconSize": [
					16,
					16
				],
				"_iconAnchor": [
					8,
					8
				]
			}
		},
		{
			"type": "Feature",
			"geometry": {
				"type": "Point",
				"coordinates": [
					 138.9726,
					 36.8807
				]
			},
			"properties": {
				"name": "JA/GM-019(朝日岳)",
				"読み":"Asahidake",
				"標高":"1945m 10pt ",
				"GL":"PM96lv",
				"市郡区":"G#16010I ",
				"登山日":"",
				"メモ":"",
				"_markerType": "Icon",
				"_iconUrl": "https://maps.gsi.go.jp/portal/sys/v4/symbols/101.png",
				"_iconSize": [
					16,
					16
				],
				"_iconAnchor": [
					8,
					8
				]
			}
		},
		{
			"type": "Feature",
			"geometry": {
				"type": "Point",
				"coordinates": [
					 138.427,
					 36.4424
				]
			},
			"properties": {
				"name": "JA/GM-020(棧敷山)",
				"読み":"Sajikiyama",
				"標高":"1931m 10pt ",
				"GL":"PM96fk",
				"市郡区":"G#16001F ",
				"登山日":"",
				"メモ":"",
				"_markerType": "Icon",
				"_iconUrl": "https://maps.gsi.go.jp/portal/sys/v4/symbols/101.png",
				"_iconSize": [
					16,
					16
				],
				"_iconAnchor": [
					8,
					8
				]
			}
		},
		{
			"type": "Feature",
			"geometry": {
				"type": "Point",
				"coordinates": [
					 138.9667,
					 36.9357
				]
			},
			"properties": {
				"name": "JA/GM-021(柄沢山)",
				"読み":"Karasawayama",
				"標高":"1900m 10pt ",
				"GL":"PM96lw",
				"市郡区":"G#16010I / C#0826 ",
				"登山日":"",
				"メモ":"",
				"_markerType": "Icon",
				"_iconUrl": "https://maps.gsi.go.jp/portal/sys/v4/symbols/101.png",
				"_iconSize": [
					16,
					16
				],
				"_iconAnchor": [
					8,
					8
				]
			}
		},
		{
			"type": "Feature",
			"geometry": {
				"type": "Point",
				"coordinates": [
					 139.1982,
					 36.8413
				]
			},
			"properties": {
				"name": "JA/GM-022(西山)",
				"読み":"Nishiyama",
				"標高":"1898m 10pt ",
				"GL":"PM96ou",
				"市郡区":"G#16010I / G#16010A ",
				"登山日":"",
				"メモ":"",
				"_markerType": "Icon",
				"_iconUrl": "https://maps.gsi.go.jp/portal/sys/v4/symbols/101.png",
				"_iconSize": [
					16,
					16
				],
				"_iconAnchor": [
					8,
					8
				]
			}
		},
		{
			"type": "Feature",
			"geometry": {
				"type": "Point",
				"coordinates": [
					 139.1933,
					 36.5604
				]
			},
			"properties": {
				"name": "JA/GM-023(赤城山(黒檜山))",
				"読み":"Akagisan/Kurobisan",
				"標高":"1828m 10pt ",
				"GL":"PM96on",
				"市郡区":"C#1606 / C#1603 / C#1601",
				"登山日":"",
				"メモ":"",
				"_markerType": "Icon",
				"_iconUrl": "https://maps.gsi.go.jp/portal/sys/v4/symbols/101.png",
				"_iconSize": [
					16,
					16
				],
				"_iconAnchor": [
					8,
					8
				]
			}
		},
		{
			"type": "Feature",
			"geometry": {
				"type": "Point",
				"coordinates": [
					 138.6525,
					 36.4537
				]
			},
			"properties": {
				"name": "JA/GM-024(浅間隠山)",
				"読み":"Asamakakushiyama",
				"標高":"1757m 10pt ",
				"GL":"PM96hk",
				"市郡区":"G#16001I / G#16001G ",
				"登山日":"",
				"メモ":"",
				"_markerType": "Icon",
				"_iconUrl": "https://maps.gsi.go.jp/portal/sys/v4/symbols/101.png",
				"_iconSize": [
					16,
					16
				],
				"_iconAnchor": [
					8,
					8
				]
			}
		},
		{
			"type": "Feature",
			"geometry": {
				"type": "Point",
				"coordinates": [
					 138.8894,
					 36.7973
				]
			},
			"properties": {
				"name": "JA/GM-025(小出俣山)",
				"読み":"Oizumatasan",
				"標高":"1749m 10pt ",
				"GL":"PM96kt",
				"市郡区":"G#16010I ",
				"登山日":"",
				"メモ":"",
				"_markerType": "Icon",
				"_iconUrl": "https://maps.gsi.go.jp/portal/sys/v4/symbols/101.png",
				"_iconSize": [
					16,
					16
				],
				"_iconAnchor": [
					8,
					8
				]
			}
		},
		{
			"type": "Feature",
			"geometry": {
				"type": "Point",
				"coordinates": [
					 139.1773,
					 36.541
				]
			},
			"properties": {
				"name": "JA/GM-026(赤城山(地蔵岳))",
				"読み":"Akagisan/Jizoudake",
				"標高":"1674m 10pt ",
				"GL":"PM96om",
				"市郡区":"C#1601 ",
				"登山日":"",
				"メモ":"",
				"_markerType": "Icon",
				"_iconUrl": "https://maps.gsi.go.jp/portal/sys/v4/symbols/101.png",
				"_iconSize": [
					16,
					16
				],
				"_iconAnchor": [
					8,
					8
				]
			}
		},
		{
			"type": "Feature",
			"geometry": {
				"type": "Point",
				"coordinates": [
					 138.6452,
					 36.4108
				]
			},
			"properties": {
				"name": "JA/GM-027(鼻曲山)",
				"読み":"Hanamagariyama",
				"標高":"1655m 10pt ",
				"GL":"PM96hj",
				"市郡区":"C#1602 / G#09006B ",
				"登山日":"",
				"メモ":"",
				"_markerType": "Icon",
				"_iconUrl": "https://maps.gsi.go.jp/portal/sys/v4/symbols/101.png",
				"_iconSize": [
					16,
					16
				],
				"_iconAnchor": [
					8,
					8
				]
			}
		},
		{
			"type": "Feature",
			"geometry": {
				"type": "Point",
				"coordinates": [
					 139.0768,
					 36.9614
				]
			},
			"properties": {
				"name": "JA/GM-028(西前(三角点))",
				"読み":"Nishimae",
				"標高":"1594m 10pt ",
				"GL":"PM96mx",
				"市郡区":"G#16010I ",
				"登山日":"",
				"メモ":"",
				"_markerType": "Icon",
				"_iconUrl": "https://maps.gsi.go.jp/portal/sys/v4/symbols/101.png",
				"_iconSize": [
					16,
					16
				],
				"_iconAnchor": [
					8,
					8
				]
			}
		},
		{
			"type": "Feature",
			"geometry": {
				"type": "Point",
				"coordinates": [
					 138.652,
					 36.3961
				]
			},
			"properties": {
				"name": "JA/GM-029(留夫山)",
				"読み":"Tomebuyama",
				"標高":"1591m 10pt ",
				"GL":"PM96hj",
				"市郡区":"C#1611 / G#09006B ",
				"登山日":"",
				"メモ":"",
				"_markerType": "Icon",
				"_iconUrl": "https://maps.gsi.go.jp/portal/sys/v4/symbols/101.png",
				"_iconSize": [
					16,
					16
				],
				"_iconAnchor": [
					8,
					8
				]
			}
		},
		{
			"type": "Feature",
			"geometry": {
				"type": "Point",
				"coordinates": [
					 138.8433,
					 36.1437
				]
			},
			"properties": {
				"name": "JA/GM-030(赤久縄山)",
				"読み":"Akagunayama",
				"標高":"1522m 10pt ",
				"GL":"PM96kd",
				"市郡区":"G#16009G / C#1609 ",
				"登山日":"",
				"メモ":"",
				"_markerType": "Icon",
				"_iconUrl": "https://maps.gsi.go.jp/portal/sys/v4/symbols/101.png",
				"_iconSize": [
					16,
					16
				],
				"_iconAnchor": [
					8,
					8
				]
			}
		},
		{
			"type": "Feature",
			"geometry": {
				"type": "Point",
				"coordinates": [
					 138.6904,
					 36.6384
				]
			},
			"properties": {
				"name": "JA/GM-031(松岩山)",
				"読み":"Matsuiwayama",
				"標高":"1512m 10pt ",
				"GL":"PM96ip",
				"市郡区":"G#16001H ",
				"登山日":"",
				"メモ":"",
				"_markerType": "Icon",
				"_iconUrl": "https://maps.gsi.go.jp/portal/sys/v4/symbols/101.png",
				"_iconSize": [
					16,
					16
				],
				"_iconAnchor": [
					8,
					8
				]
			}
		},
		{
			"type": "Feature",
			"geometry": {
				"type": "Point",
				"coordinates": [
					 139.044,
					 36.7827
				]
			},
			"properties": {
				"name": "JA/GM-032(尼ケ禿山)",
				"読み":"Amagahageyama",
				"標高":"1466m 8pt ",
				"GL":"PM96ms",
				"市郡区":"G#16010I / C#1606 ",
				"登山日":"",
				"メモ":"",
				"_markerType": "Icon",
				"_iconUrl": "https://maps.gsi.go.jp/portal/sys/v4/symbols/104.png",
				"_iconSize": [
					16,
					16
				],
				"_iconAnchor": [
					8,
					8
				]
			}
		},
		{
			"type": "Feature",
			"geometry": {
				"type": "Point",
				"coordinates": [
					 138.8509,
					 36.4774
				]
			},
			"properties": {
				"name": "JA/GM-033(榛名山(掃部ヶ岳))",
				"読み":"Harunasan/Kamongatake",
				"標高":"1449m 8pt ",
				"GL":"PM96kl",
				"市郡区":"G#16001I / C#1602 ",
				"登山日":"",
				"メモ":"",
				"_markerType": "Icon",
				"_iconUrl": "https://maps.gsi.go.jp/portal/sys/v4/symbols/104.png",
				"_iconSize": [
					16,
					16
				],
				"_iconAnchor": [
					8,
					8
				]
			}
		},
		{
			"type": "Feature",
			"geometry": {
				"type": "Point",
				"coordinates": [
					 139.2661,
					 36.6934
				]
			},
			"properties": {
				"name": "JA/GM-034(点1447)",
				"読み":"P1447",
				"標高":"1447m 8pt ",
				"GL":"PM96pq",
				"市郡区":"C#1606 ",
				"登山日":"",
				"メモ":"",
				"_markerType": "Icon",
				"_iconUrl": "https://maps.gsi.go.jp/portal/sys/v4/symbols/104.png",
				"_iconSize": [
					16,
					16
				],
				"_iconAnchor": [
					8,
					8
				]
			}
		},
		{
			"type": "Feature",
			"geometry": {
				"type": "Point",
				"coordinates": [
					 138.6371,
					 36.204
				]
			},
			"properties": {
				"name": "JA/GM-035(荒船山)",
				"読み":"Arafuneyama",
				"標高":"1423m 8pt ",
				"GL":"PM96he",
				"市郡区":"G#16004B / G#16004C / C#0918",
				"登山日":"",
				"メモ":"",
				"_markerType": "Icon",
				"_iconUrl": "https://maps.gsi.go.jp/portal/sys/v4/symbols/104.png",
				"_iconSize": [
					16,
					16
				],
				"_iconAnchor": [
					8,
					8
				]
			}
		},
		{
			"type": "Feature",
			"geometry": {
				"type": "Point",
				"coordinates": [
					 138.9008,
					 36.4745
				]
			},
			"properties": {
				"name": "JA/GM-036(相馬山)",
				"読み":"Soumayama",
				"標高":"1411m 8pt ",
				"GL":"PM96kl",
				"市郡区":"C#1602 / G#16005E / C#1608",
				"登山日":"",
				"メモ":"",
				"_markerType": "Icon",
				"_iconUrl": "https://maps.gsi.go.jp/portal/sys/v4/symbols/104.png",
				"_iconSize": [
					16,
					16
				],
				"_iconAnchor": [
					8,
					8
				]
			}
		},
		{
			"type": "Feature",
			"geometry": {
				"type": "Point",
				"coordinates": [
					 138.6819,
					 36.4655
				]
			},
			"properties": {
				"name": "JA/GM-037(竜ケ岳)",
				"読み":"Ryugadake",
				"標高":"1411m 8pt ",
				"GL":"PM96il",
				"市郡区":"C#1602 / G#16001I ",
				"登山日":"",
				"メモ":"",
				"_markerType": "Icon",
				"_iconUrl": "https://maps.gsi.go.jp/portal/sys/v4/symbols/104.png",
				"_iconSize": [
					16,
					16
				],
				"_iconAnchor": [
					8,
					8
				]
			}
		},
		{
			"type": "Feature",
			"geometry": {
				"type": "Point",
				"coordinates": [
					 138.8748,
					 36.4875
				]
			},
			"properties": {
				"name": "JA/GM-039(烏帽子ヶ岳)",
				"読み":"Eboshigatake",
				"標高":"1363m 8pt ",
				"GL":"PM96kl",
				"市郡区":"G#16001I ",
				"登山日":"",
				"メモ":"",
				"_markerType": "Icon",
				"_iconUrl": "https://maps.gsi.go.jp/portal/sys/v4/symbols/104.png",
				"_iconSize": [
					16,
					16
				],
				"_iconAnchor": [
					8,
					8
				]
			}
		},
		{
			"type": "Feature",
			"geometry": {
				"type": "Point",
				"coordinates": [
					 139.1706,
					 36.7076
				]
			},
			"properties": {
				"name": "JA/GM-040(田代山)",
				"読み":"Tashiroyama",
				"標高":"1351m 8pt ",
				"GL":"PM96oq",
				"市郡区":"G#16010B ",
				"登山日":"",
				"メモ":"",
				"_markerType": "Icon",
				"_iconUrl": "https://maps.gsi.go.jp/portal/sys/v4/symbols/104.png",
				"_iconSize": [
					16,
					16
				],
				"_iconAnchor": [
					8,
					8
				]
			}
		},
		{
			"type": "Feature",
			"geometry": {
				"type": "Point",
				"coordinates": [
					 138.9054,
					 36.4821
				]
			},
			"properties": {
				"name": "JA/GM-041(二ツ岳(雄岳))",
				"読み":"Futatsudake(Odake)",
				"標高":"1343m 8pt ",
				"GL":"PM96kl",
				"市郡区":"C#1608 ",
				"登山日":"",
				"メモ":"",
				"_markerType": "Icon",
				"_iconUrl": "https://maps.gsi.go.jp/portal/sys/v4/symbols/104.png",
				"_iconSize": [
					16,
					16
				],
				"_iconAnchor": [
					8,
					8
				]
			}
		},
		{
			"type": "Feature",
			"geometry": {
				"type": "Point",
				"coordinates": [
					 138.6815,
					 36.5751
				]
			},
			"properties": {
				"name": "JA/GM-042(高間山)",
				"読み":"Takamayama",
				"標高":"1342m 8pt ",
				"GL":"PM96in",
				"市郡区":"G#16001I / G#16001H / G#16001G",
				"登山日":"",
				"メモ":"",
				"_markerType": "Icon",
				"_iconUrl": "https://maps.gsi.go.jp/portal/sys/v4/symbols/104.png",
				"_iconSize": [
					16,
					16
				],
				"_iconAnchor": [
					8,
					8
				]
			}
		},
		{
			"type": "Feature",
			"geometry": {
				"type": "Point",
				"coordinates": [
					 138.9273,
					 36.7465
				]
			},
			"properties": {
				"name": "JA/GM-043(吾妻耶山)",
				"読み":"Adumayasan",
				"標高":"1341m 8pt ",
				"GL":"PM96lr",
				"市郡区":"G#16010I ",
				"登山日":"",
				"メモ":"",
				"_markerType": "Icon",
				"_iconUrl": "https://maps.gsi.go.jp/portal/sys/v4/symbols/104.png",
				"_iconSize": [
					16,
					16
				],
				"_iconAnchor": [
					8,
					8
				]
			}
		},
		{
			"type": "Feature",
			"geometry": {
				"type": "Point",
				"coordinates": [
					 139.0208,
					 36.7831
				]
			},
			"properties": {
				"name": "JA/GM-044(向山(三角点))",
				"読み":"Mukouyama",
				"標高":"1324m 8pt ",
				"GL":"PM96ms",
				"市郡区":"G#16010I ",
				"登山日":"",
				"メモ":"",
				"_markerType": "Icon",
				"_iconUrl": "https://maps.gsi.go.jp/portal/sys/v4/symbols/104.png",
				"_iconSize": [
					16,
					16
				],
				"_iconAnchor": [
					8,
					8
				]
			}
		},
		{
			"type": "Feature",
			"geometry": {
				"type": "Point",
				"coordinates": [
					 138.8823,
					 36.4617
				]
			},
			"properties": {
				"name": "JA/GM-045(三ツ峰山)",
				"読み":"Mitsumineyama",
				"標高":"1315m 8pt ",
				"GL":"PM96kl",
				"市郡区":"C#1602 ",
				"登山日":"",
				"メモ":"",
				"_markerType": "Icon",
				"_iconUrl": "https://maps.gsi.go.jp/portal/sys/v4/symbols/104.png",
				"_iconSize": [
					16,
					16
				],
				"_iconAnchor": [
					8,
					8
				]
			}
		},
		{
			"type": "Feature",
			"geometry": {
				"type": "Point",
				"coordinates": [
					 138.9977,
					 36.592
				]
			},
			"properties": {
				"name": "JA/GM-046(子持山)",
				"読み":"Komochiyama",
				"標高":"1296m 8pt ",
				"GL":"PM96lo",
				"市郡区":"C#1606 / C#1608 ",
				"登山日":"",
				"メモ":"",
				"_markerType": "Icon",
				"_iconUrl": "https://maps.gsi.go.jp/portal/sys/v4/symbols/104.png",
				"_iconSize": [
					16,
					16
				],
				"_iconAnchor": [
					8,
					8
				]
			}
		},
		{
			"type": "Feature",
			"geometry": {
				"type": "Point",
				"coordinates": [
					 138.9183,
					 36.1523
				]
			},
			"properties": {
				"name": "JA/GM-047(御荷鉾山(西御荷鉾山))",
				"読み":"Mikaboyama/Nishimikaboyama",
				"標高":"1286m 8pt ",
				"GL":"PM96ld",
				"市郡区":"G#16009G / C#1609 ",
				"登山日":"",
				"メモ":"",
				"_markerType": "Icon",
				"_iconUrl": "https://maps.gsi.go.jp/portal/sys/v4/symbols/104.png",
				"_iconSize": [
					16,
					16
				],
				"_iconAnchor": [
					8,
					8
				]
			}
		},
		{
			"type": "Feature",
			"geometry": {
				"type": "Point",
				"coordinates": [
					 138.8651,
					 36.4576
				]
			},
			"properties": {
				"name": "JA/GM-049(幡矢ケ岳)",
				"読み":"Hatayagatake",
				"標高":"1271m 8pt ",
				"GL":"PM96kk",
				"市郡区":"C#1602 ",
				"登山日":"",
				"メモ":"",
				"_markerType": "Icon",
				"_iconUrl": "https://maps.gsi.go.jp/portal/sys/v4/symbols/104.png",
				"_iconSize": [
					16,
					16
				],
				"_iconAnchor": [
					8,
					8
				]
			}
		},
		{
			"type": "Feature",
			"geometry": {
				"type": "Point",
				"coordinates": [
					 139.2112,
					 36.633
				]
			},
			"properties": {
				"name": "JA/GM-050(水無山(三角点))",
				"読み":"Mizunashiyama",
				"標高":"1271m 8pt ",
				"GL":"PM96op",
				"市郡区":"C#1606 ",
				"登山日":"",
				"メモ":"",
				"_markerType": "Icon",
				"_iconUrl": "https://maps.gsi.go.jp/portal/sys/v4/symbols/104.png",
				"_iconSize": [
					16,
					16
				],
				"_iconAnchor": [
					8,
					8
				]
			}
		},
		{
			"type": "Feature",
			"geometry": {
				"type": "Point",
				"coordinates": [
					 138.7776,
					 36.651
				]
			},
			"properties": {
				"name": "JA/GM-051(高田山)",
				"読み":"Takadayama",
				"標高":"1212m 8pt ",
				"GL":"PM96jp",
				"市郡区":"G#16001H ",
				"登山日":"",
				"メモ":"",
				"_markerType": "Icon",
				"_iconUrl": "https://maps.gsi.go.jp/portal/sys/v4/symbols/104.png",
				"_iconSize": [
					16,
					16
				],
				"_iconAnchor": [
					8,
					8
				]
			}
		},
		{
			"type": "Feature",
			"geometry": {
				"type": "Point",
				"coordinates": [
					 138.937,
					 36.5808
				]
			},
			"properties": {
				"name": "JA/GM-053(小野子山)",
				"読み":"Onokoyama",
				"標高":"1208m 8pt ",
				"GL":"PM96ln",
				"市郡区":"C#1608 / G#16001C ",
				"登山日":"",
				"メモ":"",
				"_markerType": "Icon",
				"_iconUrl": "https://maps.gsi.go.jp/portal/sys/v4/symbols/104.png",
				"_iconSize": [
					16,
					16
				],
				"_iconAnchor": [
					8,
					8
				]
			}
		},
		{
			"type": "Feature",
			"geometry": {
				"type": "Point",
				"coordinates": [
					 138.6327,
					 36.2845
				]
			},
			"properties": {
				"name": "JA/GM-054(日暮山)",
				"読み":"Nikkureyama",
				"標高":"1207m 8pt ",
				"GL":"PM96hg",
				"市郡区":"G#16004B ",
				"登山日":"",
				"メモ":"",
				"_markerType": "Icon",
				"_iconUrl": "https://maps.gsi.go.jp/portal/sys/v4/symbols/104.png",
				"_iconSize": [
					16,
					16
				],
				"_iconAnchor": [
					8,
					8
				]
			}
		},
		{
			"type": "Feature",
			"geometry": {
				"type": "Point",
				"coordinates": [
					 138.6585,
					 36.3003
				]
			},
			"properties": {
				"name": "JA/GM-055(愛宕山)",
				"読み":"Atagoyama",
				"標高":"1192m 8pt ",
				"GL":"PM96hh",
				"市郡区":"C#1611 / G#16004B ",
				"登山日":"",
				"メモ":"",
				"_markerType": "Icon",
				"_iconUrl": "https://maps.gsi.go.jp/portal/sys/v4/symbols/104.png",
				"_iconSize": [
					16,
					16
				],
				"_iconAnchor": [
					8,
					8
				]
			}
		},
		{
			"type": "Feature",
			"geometry": {
				"type": "Point",
				"coordinates": [
					 138.6576,
					 36.2901
				]
			},
			"properties": {
				"name": "JA/GM-056(大山)",
				"読み":"Ooyama",
				"標高":"1183m 8pt ",
				"GL":"PM96hg",
				"市郡区":"G#16004B / C#1611 ",
				"登山日":"",
				"メモ":"",
				"_markerType": "Icon",
				"_iconUrl": "https://maps.gsi.go.jp/portal/sys/v4/symbols/104.png",
				"_iconSize": [
					16,
					16
				],
				"_iconAnchor": [
					8,
					8
				]
			}
		},
		{
			"type": "Feature",
			"geometry": {
				"type": "Point",
				"coordinates": [
					 138.7612,
					 36.5848
				]
			},
			"properties": {
				"name": "JA/GM-057(吾嬬山)",
				"読み":"Kazumayama",
				"標高":"1182m 8pt ",
				"GL":"PM96jo",
				"市郡区":"G#16001H ",
				"登山日":"",
				"メモ":"",
				"_markerType": "Icon",
				"_iconUrl": "https://maps.gsi.go.jp/portal/sys/v4/symbols/104.png",
				"_iconSize": [
					16,
					16
				],
				"_iconAnchor": [
					8,
					8
				]
			}
		},
		{
			"type": "Feature",
			"geometry": {
				"type": "Point",
				"coordinates": [
					 138.6989,
					 36.304
				]
			},
			"properties": {
				"name": "JA/GM-058(谷急山)",
				"読み":"Yakyusan",
				"標高":"1162m 8pt ",
				"GL":"PM96ih",
				"市郡区":"C#1611 ",
				"登山日":"",
				"メモ":"",
				"_markerType": "Icon",
				"_iconUrl": "https://maps.gsi.go.jp/portal/sys/v4/symbols/104.png",
				"_iconSize": [
					16,
					16
				],
				"_iconAnchor": [
					8,
					8
				]
			}
		},
		{
			"type": "Feature",
			"geometry": {
				"type": "Point",
				"coordinates": [
					 138.9034,
					 36.6583
				]
			},
			"properties": {
				"name": "JA/GM-059(二階山)",
				"読み":"Nikaiyama",
				"標高":"1158m 8pt ",
				"GL":"PM96kp",
				"市郡区":"G#16001C / G#16010I ",
				"登山日":"",
				"メモ":"",
				"_markerType": "Icon",
				"_iconUrl": "https://maps.gsi.go.jp/portal/sys/v4/symbols/104.png",
				"_iconSize": [
					16,
					16
				],
				"_iconAnchor": [
					8,
					8
				]
			}
		},
		{
			"type": "Feature",
			"geometry": {
				"type": "Point",
				"coordinates": [
					 138.8754,
					 36.708
				]
			},
			"properties": {
				"name": "JA/GM-060(高畠山)",
				"読み":"Takahatayama",
				"標高":"1143m 8pt ",
				"GL":"PM96kq",
				"市郡区":"G#16010I ",
				"登山日":"",
				"メモ":"",
				"_markerType": "Icon",
				"_iconUrl": "https://maps.gsi.go.jp/portal/sys/v4/symbols/104.png",
				"_iconSize": [
					16,
					16
				],
				"_iconAnchor": [
					8,
					8
				]
			}
		},
		{
			"type": "Feature",
			"geometry": {
				"type": "Point",
				"coordinates": [
					 138.9977,
					 36.817
				]
			},
			"properties": {
				"name": "JA/GM-061(点1123)",
				"読み":"P1123",
				"標高":"1123m 8pt ",
				"GL":"PM96lt",
				"市郡区":"G#16010I ",
				"登山日":"",
				"メモ":"",
				"_markerType": "Icon",
				"_iconUrl": "https://maps.gsi.go.jp/portal/sys/v4/symbols/104.png",
				"_iconSize": [
					16,
					16
				],
				"_iconAnchor": [
					8,
					8
				]
			}
		},
		{
			"type": "Feature",
			"geometry": {
				"type": "Point",
				"coordinates": [
					 139.018,
					 36.7196
				]
			},
			"properties": {
				"name": "JA/GM-062(三峰山(三角点))",
				"読み":"Mitsuminesan",
				"標高":"1123m 8pt ",
				"GL":"PM96mr",
				"市郡区":"C#1606 / G#16010I ",
				"登山日":"",
				"メモ":"",
				"_markerType": "Icon",
				"_iconUrl": "https://maps.gsi.go.jp/portal/sys/v4/symbols/104.png",
				"_iconSize": [
					16,
					16
				],
				"_iconAnchor": [
					8,
					8
				]
			}
		},
		{
			"type": "Feature",
			"geometry": {
				"type": "Point",
				"coordinates": [
					 139.4016,
					 36.5238
				]
			},
			"properties": {
				"name": "JA/GM-063(残馬山)",
				"読み":"Zanmayama",
				"標高":"1107m 8pt ",
				"GL":"PM96qm",
				"市郡区":"C#1603 / C#1612 ",
				"登山日":"",
				"メモ":"",
				"_markerType": "Icon",
				"_iconUrl": "https://maps.gsi.go.jp/portal/sys/v4/symbols/104.png",
				"_iconSize": [
					16,
					16
				],
				"_iconAnchor": [
					8,
					8
				]
			}
		},
		{
			"type": "Feature",
			"geometry": {
				"type": "Point",
				"coordinates": [
					 138.7488,
					 36.2986
				]
			},
			"properties": {
				"name": "JA/GM-064(妙義山(相馬岳))",
				"読み":"Myougisan/Soumadake",
				"標高":"1104m 8pt ",
				"GL":"PM96ih",
				"市郡区":"C#1610 / C#1611 ",
				"登山日":"",
				"メモ":"",
				"_markerType": "Icon",
				"_iconUrl": "https://maps.gsi.go.jp/portal/sys/v4/symbols/104.png",
				"_iconSize": [
					16,
					16
				],
				"_iconAnchor": [
					8,
					8
				]
			}
		},
		{
			"type": "Feature",
			"geometry": {
				"type": "Point",
				"coordinates": [
					 138.7621,
					 36.1633
				]
			},
			"properties": {
				"name": "JA/GM-065(小沢岳)",
				"読み":"Ozawadake",
				"標高":"1089m 6pt ",
				"GL":"PM96jd",
				"市郡区":"G#16004B / G#16004C ",
				"登山日":"",
				"メモ":"",
				"_markerType": "Icon",
				"_iconUrl": "https://maps.gsi.go.jp/portal/sys/v4/symbols/103.png",
				"_iconSize": [
					16,
					16
				],
				"_iconAnchor": [
					8,
					8
				]
			}
		},
		{
			"type": "Feature",
			"geometry": {
				"type": "Point",
				"coordinates": [
					 138.7311,
					 36.2568
				]
			},
			"properties": {
				"name": "JA/GM-066(御堂山)",
				"読み":"Midouyama",
				"標高":"878m 6pt ",
				"GL":"PM96ig",
				"市郡区":"G#16004B ",
				"登山日":"",
				"メモ":"",
				"_markerType": "Icon",
				"_iconUrl": "https://maps.gsi.go.jp/portal/sys/v4/symbols/103.png",
				"_iconSize": [
					16,
					16
				],
				"_iconAnchor": [
					8,
					8
				]
			}
		},
		{
			"type": "Feature",
			"geometry": {
				"type": "Point",
				"coordinates": [
					 138.8512,
					 36.6339
				]
			},
			"properties": {
				"name": "JA/GM-067(蟻川岳)",
				"読み":"Arikawadake",
				"標高":"853m 6pt ",
				"GL":"PM96kp",
				"市郡区":"G#16001H ",
				"登山日":"",
				"メモ":"",
				"_markerType": "Icon",
				"_iconUrl": "https://maps.gsi.go.jp/portal/sys/v4/symbols/103.png",
				"_iconSize": [
					16,
					16
				],
				"_iconAnchor": [
					8,
					8
				]
			}
		},
		{
			"type": "Feature",
			"geometry": {
				"type": "Point",
				"coordinates": [
					 138.7723,
					 36.245
				]
			},
			"properties": {
				"name": "JA/GM-068(大桁山)",
				"読み":"Oogetayama",
				"標高":"836m 4pt ",
				"GL":"PM96jf",
				"市郡区":"C#1610 / G#16004B ",
				"登山日":"",
				"メモ":"",
				"_markerType": "Icon",
				"_iconUrl": "https://maps.gsi.go.jp/portal/sys/v4/symbols/828.png",
				"_iconSize": [
					16,
					16
				],
				"_iconAnchor": [
					8,
					8
				]
			}
		},
		{
			"type": "Feature",
			"geometry": {
				"type": "Point",
				"coordinates": [
					 138.5317,
					 36.6229
				]
			},
			"properties": {
				"name": "JA/GM-069(本白根山)",
				"読み":"Motoshiranesan",
				"標高":"2171m 10pt ",
				"GL":"PM96go",
				"市郡区":"G#16001F / G#16001B ",
				"登山日":"",
				"メモ":"",
				"_markerType": "Icon",
				"_iconUrl": "https://maps.gsi.go.jp/portal/sys/v4/symbols/101.png",
				"_iconSize": [
					16,
					16
				],
				"_iconAnchor": [
					8,
					8
				]
			}
		},
		{
			"type": "Feature",
			"geometry": {
				"type": "Point",
				"coordinates": [
					 139.3492,
					 36.913
				]
			},
			"properties": {
				"name": "JA/GM-070(袴腰山)",
				"読み":"Hakamakoshiyama",
				"標高":"2042m 10pt ",
				"GL":"PM96qv",
				"市郡区":"G#16010A / G#07016C ",
				"登山日":"",
				"メモ":"",
				"_markerType": "Icon",
				"_iconUrl": "https://maps.gsi.go.jp/portal/sys/v4/symbols/101.png",
				"_iconSize": [
					16,
					16
				],
				"_iconAnchor": [
					8,
					8
				]
			}
		},
		{
			"type": "Feature",
			"geometry": {
				"type": "Point",
				"coordinates": [
					 139.1454,
					 36.9605
				]
			},
			"properties": {
				"name": "JA/GM-071(赤倉岳)",
				"読み":"Akakuradake",
				"標高":"1958m 10pt ",
				"GL":"PM96nx",
				"市郡区":"G#16010I ",
				"登山日":"",
				"メモ":"",
				"_markerType": "Icon",
				"_iconUrl": "https://maps.gsi.go.jp/portal/sys/v4/symbols/101.png",
				"_iconSize": [
					16,
					16
				],
				"_iconAnchor": [
					8,
					8
				]
			}
		},
		{
			"type": "Feature",
			"geometry": {
				"type": "Point",
				"coordinates": [
					 139.278,
					 36.9146
				]
			},
			"properties": {
				"name": "JA/GM-072(皿伏山)",
				"読み":"Sarabuseyama",
				"標高":"1917m 10pt ",
				"GL":"PM96pv",
				"市郡区":"G#16010A ",
				"登山日":"",
				"メモ":"",
				"_markerType": "Icon",
				"_iconUrl": "https://maps.gsi.go.jp/portal/sys/v4/symbols/101.png",
				"_iconSize": [
					16,
					16
				],
				"_iconAnchor": [
					8,
					8
				]
			}
		},
		{
			"type": "Feature",
			"geometry": {
				"type": "Point",
				"coordinates": [
					 138.9196,
					 36.867
				]
			},
			"properties": {
				"name": "JA/GM-073(武能岳)",
				"読み":"Bunoudake",
				"標高":"1759m 10pt ",
				"GL":"PM96lu",
				"市郡区":"G#08015D / G#16010I ",
				"登山日":"",
				"メモ":"",
				"_markerType": "Icon",
				"_iconUrl": "https://maps.gsi.go.jp/portal/sys/v4/symbols/101.png",
				"_iconSize": [
					16,
					16
				],
				"_iconAnchor": [
					8,
					8
				]
			}
		},
		{
			"type": "Feature",
			"geometry": {
				"type": "Point",
				"coordinates": [
					 138.4486,
					 36.455
				]
			},
			"properties": {
				"name": "JA/GM-074(村上山)",
				"読み":"Murakamiyama",
				"標高":"1746m 10pt ",
				"GL":"PM96fk",
				"市郡区":"G#16001F ",
				"登山日":"",
				"メモ":"",
				"_markerType": "Icon",
				"_iconUrl": "https://maps.gsi.go.jp/portal/sys/v4/symbols/101.png",
				"_iconSize": [
					16,
					16
				],
				"_iconAnchor": [
					8,
					8
				]
			}
		},
		{
			"type": "Feature",
			"geometry": {
				"type": "Point",
				"coordinates": [
					 139.1655,
					 36.5259
				]
			},
			"properties": {
				"name": "JA/GM-075(荒山)",
				"読み":"Arayama",
				"標高":"1572m 10pt ",
				"GL":"PM96nm",
				"市郡区":"C#1601 ",
				"登山日":"",
				"メモ":"",
				"_markerType": "Icon",
				"_iconUrl": "https://maps.gsi.go.jp/portal/sys/v4/symbols/101.png",
				"_iconSize": [
					16,
					16
				],
				"_iconAnchor": [
					8,
					8
				]
			}
		},
		{
			"type": "Feature",
			"geometry": {
				"type": "Point",
				"coordinates": [
					 139.318,
					 36.7376
				]
			},
			"properties": {
				"name": "JA/GM-076(仁倶羅沢(三角点))",
				"読み":"Nikurazawa",
				"標高":"1558m 10pt ",
				"GL":"PM96pr",
				"市郡区":"C#1606 / G#16001G ",
				"登山日":"",
				"メモ":"",
				"_markerType": "Icon",
				"_iconUrl": "https://maps.gsi.go.jp/portal/sys/v4/symbols/101.png",
				"_iconSize": [
					16,
					16
				],
				"_iconAnchor": [
					8,
					8
				]
			}
		},
		{
			"type": "Feature",
			"geometry": {
				"type": "Point",
				"coordinates": [
					 138.6446,
					 36.5152
				]
			},
			"properties": {
				"name": "JA/GM-077(菅峰)",
				"読み":"Kanpou",
				"標高":"1474m 8pt ",
				"GL":"PM96hm",
				"市郡区":"G#16001I / G#16001G ",
				"登山日":"",
				"メモ":"",
				"_markerType": "Icon",
				"_iconUrl": "https://maps.gsi.go.jp/portal/sys/v4/symbols/104.png",
				"_iconSize": [
					16,
					16
				],
				"_iconAnchor": [
					8,
					8
				]
			}
		},
		{
			"type": "Feature",
			"geometry": {
				"type": "Point",
				"coordinates": [
					 138.6814,
					 36.4157
				]
			},
			"properties": {
				"name": "JA/GM-078(剣の峰)",
				"読み":"Kennomine",
				"標高":"1429m 8pt ",
				"GL":"PM96ij",
				"市郡区":"C#1602 ",
				"登山日":"",
				"メモ":"",
				"_markerType": "Icon",
				"_iconUrl": "https://maps.gsi.go.jp/portal/sys/v4/symbols/104.png",
				"_iconSize": [
					16,
					16
				],
				"_iconAnchor": [
					8,
					8
				]
			}
		},
		{
			"type": "Feature",
			"geometry": {
				"type": "Point",
				"coordinates": [
					 138.6882,
					 36.4218
				]
			},
			"properties": {
				"name": "JA/GM-079(角落山)",
				"読み":"Tsunoochiyama",
				"標高":"1393m 8pt ",
				"GL":"PM96ik",
				"市郡区":"C#1602 ",
				"登山日":"",
				"メモ":"",
				"_markerType": "Icon",
				"_iconUrl": "https://maps.gsi.go.jp/portal/sys/v4/symbols/104.png",
				"_iconSize": [
					16,
					16
				],
				"_iconAnchor": [
					8,
					8
				]
			}
		},
		{
			"type": "Feature",
			"geometry": {
				"type": "Point",
				"coordinates": [
					 138.8783,
					 36.4769
				]
			},
			"properties": {
				"name": "JA/GM-080(榛名富士)",
				"読み":"Harunafuji",
				"標高":"1390m 8pt ",
				"GL":"PM96kl",
				"市郡区":"C#1602 ",
				"登山日":"",
				"メモ":"",
				"_markerType": "Icon",
				"_iconUrl": "https://maps.gsi.go.jp/portal/sys/v4/symbols/104.png",
				"_iconSize": [
					16,
					16
				],
				"_iconAnchor": [
					8,
					8
				]
			}
		},
		{
			"type": "Feature",
			"geometry": {
				"type": "Point",
				"coordinates": [
					 138.8252,
					 36.1695
				]
			},
			"properties": {
				"name": "JA/GM-081(稲含山)",
				"読み":"Inafukumiyama",
				"標高":"1370m 8pt ",
				"GL":"PM96je",
				"市郡区":"G#16004B ",
				"登山日":"",
				"メモ":"",
				"_markerType": "Icon",
				"_iconUrl": "https://maps.gsi.go.jp/portal/sys/v4/symbols/104.png",
				"_iconSize": [
					16,
					16
				],
				"_iconAnchor": [
					8,
					8
				]
			}
		},
		{
			"type": "Feature",
			"geometry": {
				"type": "Point",
				"coordinates": [
					 138.8639,
					 36.4869
				]
			},
			"properties": {
				"name": "JA/GM-082(鬢櫛山)",
				"読み":"Bingushiyama",
				"標高":"1350m 8pt ",
				"GL":"PM96kl",
				"市郡区":"G#16001I ",
				"登山日":"",
				"メモ":"",
				"_markerType": "Icon",
				"_iconUrl": "https://maps.gsi.go.jp/portal/sys/v4/symbols/104.png",
				"_iconSize": [
					16,
					16
				],
				"_iconAnchor": [
					8,
					8
				]
			}
		},
		{
			"type": "Feature",
			"geometry": {
				"type": "Point",
				"coordinates": [
					 138.8155,
					 36.666
				]
			},
			"properties": {
				"name": "JA/GM-083(点1293)",
				"読み":"P1293",
				"標高":"1293m 8pt ",
				"GL":"PM96jp",
				"市郡区":"G#16001H ",
				"登山日":"",
				"メモ":"",
				"_markerType": "Icon",
				"_iconUrl": "https://maps.gsi.go.jp/portal/sys/v4/symbols/104.png",
				"_iconSize": [
					16,
					16
				],
				"_iconAnchor": [
					8,
					8
				]
			}
		},
		{
			"type": "Feature",
			"geometry": {
				"type": "Point",
				"coordinates": [
					 138.9415,
					 36.1492
				]
			},
			"properties": {
				"name": "JA/GM-084(東御荷鉾山)",
				"読み":"Higashimikaboyama",
				"標高":"1246m 8pt ",
				"GL":"PM96ld",
				"市郡区":"G#16009G / C#1609 ",
				"登山日":"",
				"メモ":"",
				"_markerType": "Icon",
				"_iconUrl": "https://maps.gsi.go.jp/portal/sys/v4/symbols/104.png",
				"_iconSize": [
					16,
					16
				],
				"_iconAnchor": [
					8,
					8
				]
			}
		},
		{
			"type": "Feature",
			"geometry": {
				"type": "Point",
				"coordinates": [
					 138.923,
					 36.587
				]
			},
			"properties": {
				"name": "JA/GM-085(十二ヶ岳)",
				"読み":"Jyunigatake",
				"標高":"1201m 8pt ",
				"GL":"PM96lo",
				"市郡区":"C#1608 / G#16001C ",
				"登山日":"",
				"メモ":"",
				"_markerType": "Icon",
				"_iconUrl": "https://maps.gsi.go.jp/portal/sys/v4/symbols/104.png",
				"_iconSize": [
					16,
					16
				],
				"_iconAnchor": [
					8,
					8
				]
			}
		},
		{
			"type": "Feature",
			"geometry": {
				"type": "Point",
				"coordinates": [
					 138.6504,
					 36.3342
				]
			},
			"properties": {
				"name": "JA/GM-086(矢ケ崎山)",
				"読み":"Yagasakiyama",
				"標高":"1184m 8pt ",
				"GL":"PM96hi",
				"市郡区":"C#1611 / G#09006B ",
				"登山日":"",
				"メモ":"",
				"_markerType": "Icon",
				"_iconUrl": "https://maps.gsi.go.jp/portal/sys/v4/symbols/104.png",
				"_iconSize": [
					16,
					16
				],
				"_iconAnchor": [
					8,
					8
				]
			}
		},
		{
			"type": "Feature",
			"geometry": {
				"type": "Point",
				"coordinates": [
					 138.7834,
					 36.0948
				]
			},
			"properties": {
				"name": "JA/GM-087(高反山)",
				"読み":"Takasoriyama",
				"標高":"1130m 8pt ",
				"GL":"PM96jc",
				"市郡区":"G#16009F ",
				"登山日":"",
				"メモ":"",
				"_markerType": "Icon",
				"_iconUrl": "https://maps.gsi.go.jp/portal/sys/v4/symbols/104.png",
				"_iconSize": [
					16,
					16
				],
				"_iconAnchor": [
					8,
					8
				]
			}
		},
		{
			"type": "Feature",
			"geometry": {
				"type": "Point",
				"coordinates": [
					 138.7149,
					 36.3136
				]
			},
			"properties": {
				"name": "JA/GM-088(烏帽子岩)",
				"読み":"Eboshiiwa",
				"標高":"1117m 8pt ",
				"GL":"PM96ih",
				"市郡区":"C#1611 ",
				"登山日":"",
				"メモ":"",
				"_markerType": "Icon",
				"_iconUrl": "https://maps.gsi.go.jp/portal/sys/v4/symbols/104.png",
				"_iconSize": [
					16,
					16
				],
				"_iconAnchor": [
					8,
					8
				]
			}
		},
		{
			"type": "Feature",
			"geometry": {
				"type": "Point",
				"coordinates": [
					 138.8593,
					 36.1289
				]
			},
			"properties": {
				"name": "JA/GM-089(白石山)",
				"読み":"Shiraishiyama",
				"標高":"1102m 8pt ",
				"GL":"PM96kd",
				"市郡区":"G#16009G ",
				"登山日":"",
				"メモ":"",
				"_markerType": "Icon",
				"_iconUrl": "https://maps.gsi.go.jp/portal/sys/v4/symbols/104.png",
				"_iconSize": [
					16,
					16
				],
				"_iconAnchor": [
					8,
					8
				]
			}
		},
		{
			"type": "Feature",
			"geometry": {
				"type": "Point",
				"coordinates": [
					 138.7383,
					 36.2883
				]
			},
			"properties": {
				"name": "JA/GM-090(金洞山)",
				"読み":"Kondouzan",
				"標高":"1094m 6pt ",
				"GL":"PM96ig",
				"市郡区":"G#16004B / C#1611 ",
				"登山日":"",
				"メモ":"",
				"_markerType": "Icon",
				"_iconUrl": "https://maps.gsi.go.jp/portal/sys/v4/symbols/103.png",
				"_iconSize": [
					16,
					16
				],
				"_iconAnchor": [
					8,
					8
				]
			}
		},
		{
			"type": "Feature",
			"geometry": {
				"type": "Point",
				"coordinates": [
					 138.73,
					 36.5444
				]
			},
			"properties": {
				"name": "JA/GM-091(点1080)",
				"読み":"P1080",
				"標高":"1080m 6pt ",
				"GL":"PM96in",
				"市郡区":"G#16001I ",
				"登山日":"",
				"メモ":"",
				"_markerType": "Icon",
				"_iconUrl": "https://maps.gsi.go.jp/portal/sys/v4/symbols/103.png",
				"_iconSize": [
					16,
					16
				],
				"_iconAnchor": [
					8,
					8
				]
			}
		},
		{
			"type": "Feature",
			"geometry": {
				"type": "Point",
				"coordinates": [
					 138.6191,
					 36.1464
				]
			},
			"properties": {
				"name": "JA/GM-092(点1032)",
				"読み":"P1032",
				"標高":"1032m 6pt ",
				"GL":"PM96hd",
				"市郡区":"G#16004C ",
				"登山日":"",
				"メモ":"",
				"_markerType": "Icon",
				"_iconUrl": "https://maps.gsi.go.jp/portal/sys/v4/symbols/103.png",
				"_iconSize": [
					16,
					16
				],
				"_iconAnchor": [
					8,
					8
				]
			}
		},
		{
			"type": "Feature",
			"geometry": {
				"type": "Point",
				"coordinates": [
					 138.9801,
					 36.1437
				]
			},
			"properties": {
				"name": "JA/GM-093(雨降山)",
				"読み":"Amefuriyama",
				"標高":"1012m 6pt ",
				"GL":"PM96ld",
				"市郡区":"C#1609 ",
				"登山日":"",
				"メモ":"",
				"_markerType": "Icon",
				"_iconUrl": "https://maps.gsi.go.jp/portal/sys/v4/symbols/103.png",
				"_iconSize": [
					16,
					16
				],
				"_iconAnchor": [
					8,
					8
				]
			}
		},
		{
			"type": "Feature",
			"geometry": {
				"type": "Point",
				"coordinates": [
					 138.7246,
					 36.2064
				]
			},
			"properties": {
				"name": "JA/GM-094(鹿岳)",
				"読み":"Kanatake",
				"標高":"1010m 6pt ",
				"GL":"PM96ie",
				"市郡区":"G#16004C / G#16004B ",
				"登山日":"",
				"メモ":"",
				"_markerType": "Icon",
				"_iconUrl": "https://maps.gsi.go.jp/portal/sys/v4/symbols/103.png",
				"_iconSize": [
					16,
					16
				],
				"_iconAnchor": [
					8,
					8
				]
			}
		},
		{
			"type": "Feature",
			"geometry": {
				"type": "Point",
				"coordinates": [
					 139.1937,
					 36.6477
				]
			},
			"properties": {
				"name": "JA/GM-095(高芝(三角点))",
				"読み":"Takashiba",
				"標高":"994m 6pt ",
				"GL":"PM96op",
				"市郡区":"C#1606 ",
				"登山日":"",
				"メモ":"",
				"_markerType": "Icon",
				"_iconUrl": "https://maps.gsi.go.jp/portal/sys/v4/symbols/103.png",
				"_iconSize": [
					16,
					16
				],
				"_iconAnchor": [
					8,
					8
				]
			}
		},
		{
			"type": "Feature",
			"geometry": {
				"type": "Point",
				"coordinates": [
					 138.6969,
					 36.3388
				]
			},
			"properties": {
				"name": "JA/GM-096(山急山)",
				"読み":"Sankyusan",
				"標高":"991m 6pt ",
				"GL":"PM96ii",
				"市郡区":"C#1611 ",
				"登山日":"",
				"メモ":"",
				"_markerType": "Icon",
				"_iconUrl": "https://maps.gsi.go.jp/portal/sys/v4/symbols/103.png",
				"_iconSize": [
					16,
					16
				],
				"_iconAnchor": [
					8,
					8
				]
			}
		},
		{
			"type": "Feature",
			"geometry": {
				"type": "Point",
				"coordinates": [
					 138.946,
					 36.7658
				]
			},
			"properties": {
				"name": "JA/GM-097(山石尊山)",
				"読み":"Sansekisonyama",
				"標高":"956m 6pt ",
				"GL":"PM96ls",
				"市郡区":"G#16010I ",
				"登山日":"",
				"メモ":"",
				"_markerType": "Icon",
				"_iconUrl": "https://maps.gsi.go.jp/portal/sys/v4/symbols/103.png",
				"_iconSize": [
					16,
					16
				],
				"_iconAnchor": [
					8,
					8
				]
			}
		},
		{
			"type": "Feature",
			"geometry": {
				"type": "Point",
				"coordinates": [
					 138.6778,
					 36.3232
				]
			},
			"properties": {
				"name": "JA/GM-098(稲村山)",
				"読み":"Inamurayama",
				"標高":"952m 6pt ",
				"GL":"PM96ih",
				"市郡区":"C#1611 ",
				"登山日":"",
				"メモ":"",
				"_markerType": "Icon",
				"_iconUrl": "https://maps.gsi.go.jp/portal/sys/v4/symbols/103.png",
				"_iconSize": [
					16,
					16
				],
				"_iconAnchor": [
					8,
					8
				]
			}
		},
		{
			"type": "Feature",
			"geometry": {
				"type": "Point",
				"coordinates": [
					 138.7375,
					 36.1995
				]
			},
			"properties": {
				"name": "JA/GM-099(四ツ又山)",
				"読み":"Yotsumatayama",
				"標高":"899m 6pt ",
				"GL":"PM96ie",
				"市郡区":"G#16004C / G#16004B ",
				"登山日":"",
				"メモ":"",
				"_markerType": "Icon",
				"_iconUrl": "https://maps.gsi.go.jp/portal/sys/v4/symbols/103.png",
				"_iconSize": [
					16,
					16
				],
				"_iconAnchor": [
					8,
					8
				]
			}
		},
		{
			"type": "Feature",
			"geometry": {
				"type": "Point",
				"coordinates": [
					 138.7065,
					 36.1731
				]
			},
			"properties": {
				"name": "JA/GM-100(富士浅間山)",
				"読み":"Fujisengenyama",
				"標高":"898m 6pt ",
				"GL":"PM96ie",
				"市郡区":"G#16004C ",
				"登山日":"",
				"メモ":"",
				"_markerType": "Icon",
				"_iconUrl": "https://maps.gsi.go.jp/portal/sys/v4/symbols/103.png",
				"_iconSize": [
					16,
					16
				],
				"_iconAnchor": [
					8,
					8
				]
			}
		},
		{
			"type": "Feature",
			"geometry": {
				"type": "Point",
				"coordinates": [
					 138.831,
					 36.6139
				]
			},
			"properties": {
				"name": "JA/GM-101(嵩山)",
				"読み":"Takeyama",
				"標高":"789m 4pt ",
				"GL":"PM96jo",
				"市郡区":"G#16001H ",
				"登山日":"",
				"メモ":"",
				"_markerType": "Icon",
				"_iconUrl": "https://maps.gsi.go.jp/portal/sys/v4/symbols/828.png",
				"_iconSize": [
					16,
					16
				],
				"_iconAnchor": [
					8,
					8
				]
			}
		},
		{
			"type": "Feature",
			"geometry": {
				"type": "Point",
				"coordinates": [
					 138.7793,
					 36.1804
				]
			},
			"properties": {
				"name": "JA/GM-102(金剛萱)",
				"読み":"Kongounokaya",
				"標高":"788m 4pt ",
				"GL":"PM96je",
				"市郡区":"G#16004B ",
				"登山日":"",
				"メモ":"",
				"_markerType": "Icon",
				"_iconUrl": "https://maps.gsi.go.jp/portal/sys/v4/symbols/828.png",
				"_iconSize": [
					16,
					16
				],
				"_iconAnchor": [
					8,
					8
				]
			}
		},
		{
			"type": "Feature",
			"geometry": {
				"type": "Point",
				"coordinates": [
					 139.0553,
					 36.6821
				]
			},
			"properties": {
				"name": "JA/GM-103(戸神山)",
				"読み":"Togamiyama",
				"標高":"771m 4pt ",
				"GL":"PM96mq",
				"市郡区":"C#1606 ",
				"登山日":"",
				"メモ":"",
				"_markerType": "Icon",
				"_iconUrl": "https://maps.gsi.go.jp/portal/sys/v4/symbols/828.png",
				"_iconSize": [
					16,
					16
				],
				"_iconAnchor": [
					8,
					8
				]
			}
		},
		{
			"type": "Feature",
			"geometry": {
				"type": "Point",
				"coordinates": [
					 139.3263,
					 36.3783
				]
			},
			"properties": {
				"name": "JA/GM-104(茶臼山)",
				"読み":"Chausuyama",
				"標高":"294m 1pt ",
				"GL":"PM96pj",
				"市郡区":"C#1603 ",
				"登山日":"",
				"メモ":"",
				"_markerType": "Icon",
				"_iconUrl": "https://maps.gsi.go.jp/portal/sys/v4/symbols/826.png",
				"_iconSize": [
					16,
					16
				],
				"_iconAnchor": [
					8,
					8
				]
			}
		},
		{
			"type": "Feature",
			"geometry": {
				"type": "Point",
				"coordinates": [
					 139.3777,
					 36.3176
				]
			},
			"properties": {
				"name": "JA/GM-105(金山)",
				"読み":"Kanayama",
				"標高":"239m 1pt ",
				"GL":"PM96qh",
				"市郡区":"C#1605 ",
				"登山日":"",
				"メモ":"",
				"_markerType": "Icon",
				"_iconUrl": "https://maps.gsi.go.jp/portal/sys/v4/symbols/826.png",
				"_iconSize": [
					16,
					16
				],
				"_iconAnchor": [
					8,
					8
				]
			}
		},
		{
			"type": "Feature",
			"geometry": {
				"type": "Point",
				"coordinates": [
					 139.062334,
					 36.759013
				]
			},
			"properties": {
				"name": "JA/GM-106(迦葉山)",
				"読み":"Kashouzan",
				"標高":"1322m 8pt ",
				"GL":"PM96ms",
				"市郡区":"C#1606 ",
				"登山日":"",
				"メモ":"",
				"_markerType": "Icon",
				"_iconUrl": "https://maps.gsi.go.jp/portal/sys/v4/symbols/104.png",
				"_iconSize": [
					16,
					16
				],
				"_iconAnchor": [
					8,
					8
				]
			}
		},
		{
			"type": "Feature",
			"geometry": {
				"type": "Point",
				"coordinates": [
					 138.671794,
					 36.522768
				]
			},
			"properties": {
				"name": "JA/GM-107(高ジョッキ)",
				"読み":"Takajyokki",
				"標高":"1237m 8pt ",
				"GL":"PM96im",
				"市郡区":"G#16001I / G#16001G ",
				"登山日":"",
				"メモ":"",
				"_markerType": "Icon",
				"_iconUrl": "https://maps.gsi.go.jp/portal/sys/v4/symbols/104.png",
				"_iconSize": [
					16,
					16
				],
				"_iconAnchor": [
					8,
					8
				]
			}
		},
		{
			"type": "Feature",
			"geometry": {
				"type": "Point",
				"coordinates": [
					 138.8609,
					 36.4492
				]
			},
			"properties": {
				"name": "JA/GM-108(大鐘原ヶ岳)",
				"読み":"Ookaneharagatake",
				"標高":"1252m 8pt ",
				"GL":"PM96kk",
				"市郡区":"C#1602 ",
				"登山日":"",
				"メモ":"",
				"_markerType": "Icon",
				"_iconUrl": "https://maps.gsi.go.jp/portal/sys/v4/symbols/104.png",
				"_iconSize": [
					16,
					16
				],
				"_iconAnchor": [
					8,
					8
				]
			}
		},
		{
			"type": "Feature",
			"geometry": {
				"type": "Point",
				"coordinates": [
					 140.2728,
					 36.9302
				]
			},
			"properties": {
				"name": "JA/IB-001(八溝山)",
				"読み":"Yamizosan",
				"標高":"1022m 6pt ",
				"GL":"QM06dw",
				"市郡区":"G#14004D / G#07014C ",
				"登山日":"",
				"メモ":"",
				"_markerType": "Icon",
				"_iconUrl": "https://maps.gsi.go.jp/portal/sys/v4/symbols/103.png",
				"_iconSize": [
					16,
					16
				],
				"_iconAnchor": [
					8,
					8
				]
			}
		},
		{
			"type": "Feature",
			"geometry": {
				"type": "Point",
				"coordinates": [
					 140.6031,
					 36.8741
				]
			},
			"properties": {
				"name": "JA/IB-002(栄蔵室)",
				"読み":"Eizoumuro",
				"標高":"882m 6pt ",
				"GL":"QM06hu",
				"市郡区":"C#1415 ",
				"登山日":"",
				"メモ":"",
				"_markerType": "Icon",
				"_iconUrl": "https://maps.gsi.go.jp/portal/sys/v4/symbols/103.png",
				"_iconSize": [
					16,
					16
				],
				"_iconAnchor": [
					8,
					8
				]
			}
		},
		{
			"type": "Feature",
			"geometry": {
				"type": "Point",
				"coordinates": [
					 140.1068,
					 36.2254
				]
			},
			"properties": {
				"name": "JA/IB-003(筑波山)",
				"読み":"Tsukubasan",
				"標高":"878m 6pt ",
				"GL":"QM06bf",
				"市郡区":"C#1420 ",
				"登山日":"",
				"メモ":"",
				"_markerType": "Icon",
				"_iconUrl": "https://maps.gsi.go.jp/portal/sys/v4/symbols/103.png",
				"_iconSize": [
					16,
					16
				],
				"_iconAnchor": [
					8,
					8
				]
			}
		},
		{
			"type": "Feature",
			"geometry": {
				"type": "Point",
				"coordinates": [
					 140.1435,
					 36.2988
				]
			},
			"properties": {
				"name": "JA/IB-004(加波山)",
				"読み":"Kabasan",
				"標高":"709m 4pt ",
				"GL":"QM06bh",
				"市郡区":"C#1405 / C#1431 ",
				"登山日":"",
				"メモ":"",
				"_markerType": "Icon",
				"_iconUrl": "https://maps.gsi.go.jp/portal/sys/v4/symbols/828.png",
				"_iconSize": [
					16,
					16
				],
				"_iconAnchor": [
					8,
					8
				]
			}
		},
		{
			"type": "Feature",
			"geometry": {
				"type": "Point",
				"coordinates": [
					 140.4197,
					 36.7242
				]
			},
			"properties": {
				"name": "JA/IB-005(男体山)",
				"読み":"Nantaisan",
				"標高":"654m 4pt ",
				"GL":"QM06fr",
				"市郡区":"G#14004D / C#1412 ",
				"登山日":"",
				"メモ":"",
				"_markerType": "Icon",
				"_iconUrl": "https://maps.gsi.go.jp/portal/sys/v4/symbols/828.png",
				"_iconSize": [
					16,
					16
				],
				"_iconAnchor": [
					8,
					8
				]
			}
		},
		{
			"type": "Feature",
			"geometry": {
				"type": "Point",
				"coordinates": [
					 140.1477,
					 36.2797
				]
			},
			"properties": {
				"name": "JA/IB-006(足尾山)",
				"読み":"Ashiosan",
				"標高":"628m 2pt ",
				"GL":"QM06bg",
				"市郡区":"C#1405 / C#1431 ",
				"登山日":"",
				"メモ":"",
				"_markerType": "Icon",
				"_iconUrl": "https://maps.gsi.go.jp/portal/sys/v4/symbols/102.png",
				"_iconSize": [
					16,
					16
				],
				"_iconAnchor": [
					8,
					8
				]
			}
		},
		{
			"type": "Feature",
			"geometry": {
				"type": "Point",
				"coordinates": [
					 140.5878,
					 36.621
				]
			},
			"properties": {
				"name": "JA/IB-007(高鈴山)",
				"読み":"Takasuzuyama",
				"標高":"623m 2pt ",
				"GL":"QM06ho",
				"市郡区":"C#1412 / C#1402 ",
				"登山日":"",
				"メモ":"",
				"_markerType": "Icon",
				"_iconUrl": "https://maps.gsi.go.jp/portal/sys/v4/symbols/102.png",
				"_iconSize": [
					16,
					16
				],
				"_iconAnchor": [
					8,
					8
				]
			}
		},
		{
			"type": "Feature",
			"geometry": {
				"type": "Point",
				"coordinates": [
					 140.2223,
					 36.3046
				]
			},
			"properties": {
				"name": "JA/IB-008(難台山)",
				"読み":"Nandaisan",
				"標高":"553m 2pt ",
				"GL":"QM06ch",
				"市郡区":"C#1416 / C#1405 ",
				"登山日":"",
				"メモ":"",
				"_markerType": "Icon",
				"_iconUrl": "https://maps.gsi.go.jp/portal/sys/v4/symbols/102.png",
				"_iconSize": [
					16,
					16
				],
				"_iconAnchor": [
					8,
					8
				]
			}
		},
		{
			"type": "Feature",
			"geometry": {
				"type": "Point",
				"coordinates": [
					 140.4698,
					 36.7484
				]
			},
			"properties": {
				"name": "JA/IB-009(鍋足山)",
				"読み":"Nabeashiyama",
				"標高":"552m 2pt ",
				"GL":"QM06fr",
				"市郡区":"C#1412 / G#14004D ",
				"登山日":"",
				"メモ":"",
				"_markerType": "Icon",
				"_iconUrl": "https://maps.gsi.go.jp/portal/sys/v4/symbols/102.png",
				"_iconSize": [
					16,
					16
				],
				"_iconAnchor": [
					8,
					8
				]
			}
		},
		{
			"type": "Feature",
			"geometry": {
				"type": "Point",
				"coordinates": [
					 140.1654,
					 36.4003
				]
			},
			"properties": {
				"name": "JA/IB-010(高峯)",
				"読み":"Takamine",
				"標高":"520m 2pt ",
				"GL":"QM06bj",
				"市郡区":"C#1431 / G#15008E ",
				"登山日":"",
				"メモ":"",
				"_markerType": "Icon",
				"_iconUrl": "https://maps.gsi.go.jp/portal/sys/v4/symbols/102.png",
				"_iconSize": [
					16,
					16
				],
				"_iconAnchor": [
					8,
					8
				]
			}
		},
		{
			"type": "Feature",
			"geometry": {
				"type": "Point",
				"coordinates": [
					 140.2011,
					 36.3219
				]
			},
			"properties": {
				"name": "JA/IB-011(吾国山)",
				"読み":"Wagakunisan",
				"標高":"518m 2pt ",
				"GL":"QM06ch",
				"市郡区":"C#1405 / C#1416 ",
				"登山日":"",
				"メモ":"",
				"_markerType": "Icon",
				"_iconUrl": "https://maps.gsi.go.jp/portal/sys/v4/symbols/102.png",
				"_iconSize": [
					16,
					16
				],
				"_iconAnchor": [
					8,
					8
				]
			}
		},
		{
			"type": "Feature",
			"geometry": {
				"type": "Point",
				"coordinates": [
					 140.3141,
					 36.7164
				]
			},
			"properties": {
				"name": "JA/IB-012(小倉山)",
				"読み":"Kogurayama",
				"標高":"512m 2pt ",
				"GL":"QM06dr",
				"市郡区":"G#14004D / C#1425 ",
				"登山日":"",
				"メモ":"",
				"_markerType": "Icon",
				"_iconUrl": "https://maps.gsi.go.jp/portal/sys/v4/symbols/102.png",
				"_iconSize": [
					16,
					16
				],
				"_iconAnchor": [
					8,
					8
				]
			}
		},
		{
			"type": "Feature",
			"geometry": {
				"type": "Point",
				"coordinates": [
					 140.4059,
					 36.7275
				]
			},
			"properties": {
				"name": "JA/IB-013(長福山)",
				"読み":"Choufukuzan",
				"標高":"496m 1pt ",
				"GL":"QM06er",
				"市郡区":"G#14004D ",
				"登山日":"",
				"メモ":"",
				"_markerType": "Icon",
				"_iconUrl": "https://maps.gsi.go.jp/portal/sys/v4/symbols/826.png",
				"_iconSize": [
					16,
					16
				],
				"_iconAnchor": [
					8,
					8
				]
			}
		},
		{
			"type": "Feature",
			"geometry": {
				"type": "Point",
				"coordinates": [
					 140.499,
					 36.6803
				]
			},
			"properties": {
				"name": "JA/IB-014(東金砂山)",
				"読み":"Higashikanasayama",
				"標高":"490m 1pt ",
				"GL":"QM06fq",
				"市郡区":"C#1412 ",
				"登山日":"",
				"メモ":"",
				"_markerType": "Icon",
				"_iconUrl": "https://maps.gsi.go.jp/portal/sys/v4/symbols/826.png",
				"_iconSize": [
					16,
					16
				],
				"_iconAnchor": [
					8,
					8
				]
			}
		},
		{
			"type": "Feature",
			"geometry": {
				"type": "Point",
				"coordinates": [
					 140.2075,
					 36.457
				]
			},
			"properties": {
				"name": "JA/IB-015(けい足山)",
				"読み":"Keisokusan",
				"標高":"431m 1pt ",
				"GL":"QM06ck",
				"市郡区":"G#14012J / G#15008E ",
				"登山日":"",
				"メモ":"",
				"_markerType": "Icon",
				"_iconUrl": "https://maps.gsi.go.jp/portal/sys/v4/symbols/826.png",
				"_iconSize": [
					16,
					16
				],
				"_iconAnchor": [
					8,
					8
				]
			}
		},
		{
			"type": "Feature",
			"geometry": {
				"type": "Point",
				"coordinates": [
					 140.227,
					 36.4269
				]
			},
			"properties": {
				"name": "JA/IB-016(国見山)",
				"読み":"Kunimiyama",
				"標高":"392m 1pt ",
				"GL":"QM06ck",
				"市郡区":"C#1416 ",
				"登山日":"",
				"メモ":"",
				"_markerType": "Icon",
				"_iconUrl": "https://maps.gsi.go.jp/portal/sys/v4/symbols/826.png",
				"_iconSize": [
					16,
					16
				],
				"_iconAnchor": [
					8,
					8
				]
			}
		},
		{
			"type": "Feature",
			"geometry": {
				"type": "Point",
				"coordinates": [
					 140.1068,
					 36.3885
				]
			},
			"properties": {
				"name": "JA/IB-017(富谷山)",
				"読み":"Tomiyasan",
				"標高":"360m 1pt ",
				"GL":"QM06bj",
				"市郡区":"C#1431 ",
				"登山日":"",
				"メモ":"",
				"_markerType": "Icon",
				"_iconUrl": "https://maps.gsi.go.jp/portal/sys/v4/symbols/826.png",
				"_iconSize": [
					16,
					16
				],
				"_iconAnchor": [
					8,
					8
				]
			}
		},
		{
			"type": "Feature",
			"geometry": {
				"type": "Point",
				"coordinates": [
					 140.1803,
					 36.368
				]
			},
			"properties": {
				"name": "JA/IB-018(点300)",
				"読み":"P300",
				"標高":"300m 1pt ",
				"GL":"QM06ci",
				"市郡区":"C#1416 / C#1431 ",
				"登山日":"",
				"メモ":"",
				"_markerType": "Icon",
				"_iconUrl": "https://maps.gsi.go.jp/portal/sys/v4/symbols/826.png",
				"_iconSize": [
					16,
					16
				],
				"_iconAnchor": [
					8,
					8
				]
			}
		},
		{
			"type": "Feature",
			"geometry": {
				"type": "Point",
				"coordinates": [
					 140.6088,
					 36.6348
				]
			},
			"properties": {
				"name": "JA/IB-019(神峰山)",
				"読み":"Kaminesan",
				"標高":"599m 2pt ",
				"GL":"QM06hp",
				"市郡区":"C#1402 ",
				"登山日":"",
				"メモ":"",
				"_markerType": "Icon",
				"_iconUrl": "https://maps.gsi.go.jp/portal/sys/v4/symbols/102.png",
				"_iconSize": [
					16,
					16
				],
				"_iconAnchor": [
					8,
					8
				]
			}
		},
		{
			"type": "Feature",
			"geometry": {
				"type": "Point",
				"coordinates": [
					 140.3026,
					 36.7488
				]
			},
			"properties": {
				"name": "JA/IB-020(南山)",
				"読み":"Minamiyama",
				"標高":"511m 2pt ",
				"GL":"QM06dr",
				"市郡区":"G#14004D ",
				"登山日":"",
				"メモ":"",
				"_markerType": "Icon",
				"_iconUrl": "https://maps.gsi.go.jp/portal/sys/v4/symbols/102.png",
				"_iconSize": [
					16,
					16
				],
				"_iconAnchor": [
					8,
					8
				]
			}
		},
		{
			"type": "Feature",
			"geometry": {
				"type": "Point",
				"coordinates": [
					 140.3468,
					 36.7059
				]
			},
			"properties": {
				"name": "JA/IB-021(下堂平(三角点))",
				"読み":"Shimodoudaira",
				"標高":"468m 1pt ",
				"GL":"QM06eq",
				"市郡区":"G#14004D / C#1425 ",
				"登山日":"",
				"メモ":"",
				"_markerType": "Icon",
				"_iconUrl": "https://maps.gsi.go.jp/portal/sys/v4/symbols/826.png",
				"_iconSize": [
					16,
					16
				],
				"_iconAnchor": [
					8,
					8
				]
			}
		},
		{
			"type": "Feature",
			"geometry": {
				"type": "Point",
				"coordinates": [
					 140.1301,
					 36.1675
				]
			},
			"properties": {
				"name": "JA/IB-022(宝篋山(小田山))",
				"読み":"Houkyosan(Odayama)",
				"標高":"461m 1pt ",
				"GL":"QM06be",
				"市郡区":"C#1403 / C#1420 ",
				"登山日":"",
				"メモ":"",
				"_markerType": "Icon",
				"_iconUrl": "https://maps.gsi.go.jp/portal/sys/v4/symbols/826.png",
				"_iconSize": [
					16,
					16
				],
				"_iconAnchor": [
					8,
					8
				]
			}
		},
		{
			"type": "Feature",
			"geometry": {
				"type": "Point",
				"coordinates": [
					 140.2476,
					 36.3241
				]
			},
			"properties": {
				"name": "JA/IB-023(加賀田山)",
				"読み":"Kagadayama",
				"標高":"410m 1pt ",
				"GL":"QM06ch",
				"市郡区":"C#1416 ",
				"登山日":"",
				"メモ":"",
				"_markerType": "Icon",
				"_iconUrl": "https://maps.gsi.go.jp/portal/sys/v4/symbols/826.png",
				"_iconSize": [
					16,
					16
				],
				"_iconAnchor": [
					8,
					8
				]
			}
		},
		{
			"type": "Feature",
			"geometry": {
				"type": "Point",
				"coordinates": [
					 140.2854,
					 36.5057
				]
			},
			"properties": {
				"name": "JA/IB-024(高取山)",
				"読み":"Takatoriyama",
				"標高":"356m 1pt ",
				"GL":"QM06dm",
				"市郡区":"G#14012J ",
				"登山日":"",
				"メモ":"",
				"_markerType": "Icon",
				"_iconUrl": "https://maps.gsi.go.jp/portal/sys/v4/symbols/826.png",
				"_iconSize": [
					16,
					16
				],
				"_iconAnchor": [
					8,
					8
				]
			}
		},
		{
			"type": "Feature",
			"geometry": {
				"type": "Point",
				"coordinates": [
					 140.0607,
					 36.38
				]
			},
			"properties": {
				"name": "JA/IB-025(大政山)",
				"読み":"Daisyouzan",
				"標高":"283m 1pt ",
				"GL":"QM06aj",
				"市郡区":"C#1431 / C#1509 ",
				"登山日":"",
				"メモ":"",
				"_markerType": "Icon",
				"_iconUrl": "https://maps.gsi.go.jp/portal/sys/v4/symbols/826.png",
				"_iconSize": [
					16,
					16
				],
				"_iconAnchor": [
					8,
					8
				]
			}
		},
		{
			"type": "Feature",
			"geometry": {
				"type": "Point",
				"coordinates": [
					 139.1389,
					 35.4863
				]
			},
			"properties": {
				"name": "JA/KN-001(蛭ケ岳)",
				"読み":"Hirugatake",
				"標高":"1673m 10pt ",
				"GL":"PM95nl",
				"市郡区":"C#111001 / G#11002E ",
				"登山日":"",
				"メモ":"",
				"_markerType": "Icon",
				"_iconUrl": "https://maps.gsi.go.jp/portal/sys/v4/symbols/101.png",
				"_iconSize": [
					16,
					16
				],
				"_iconAnchor": [
					8,
					8
				]
			}
		},
		{
			"type": "Feature",
			"geometry": {
				"type": "Point",
				"coordinates": [
					 139.1027,
					 35.4789
				]
			},
			"properties": {
				"name": "JA/KN-002(檜洞丸)",
				"読み":"Hinokiboramaru",
				"標高":"1602m 10pt ",
				"GL":"PM95nl",
				"市郡区":"C#111001 / G#11002E ",
				"登山日":"",
				"メモ":"",
				"_markerType": "Icon",
				"_iconUrl": "https://maps.gsi.go.jp/portal/sys/v4/symbols/101.png",
				"_iconSize": [
					16,
					16
				],
				"_iconAnchor": [
					8,
					8
				]
			}
		},
		{
			"type": "Feature",
			"geometry": {
				"type": "Point",
				"coordinates": [
					 139.0686,
					 35.511
				]
			},
			"properties": {
				"name": "JA/KN-003(大室山)",
				"読み":"Oomuroyama",
				"標高":"1588m 10pt ",
				"GL":"PM95mm",
				"市郡区":"C#111001 / G#17008F ",
				"登山日":"",
				"メモ":"",
				"_markerType": "Icon",
				"_iconUrl": "https://maps.gsi.go.jp/portal/sys/v4/symbols/101.png",
				"_iconSize": [
					16,
					16
				],
				"_iconAnchor": [
					8,
					8
				]
			}
		},
		{
			"type": "Feature",
			"geometry": {
				"type": "Point",
				"coordinates": [
					 139.0209,
					 35.2334
				]
			},
			"properties": {
				"name": "JA/KN-004(神山)",
				"読み":"Kamiyama",
				"標高":"1438m 8pt ",
				"GL":"PM95mf",
				"市郡区":"G#11003C ",
				"登山日":"",
				"メモ":"",
				"_markerType": "Icon",
				"_iconUrl": "https://maps.gsi.go.jp/portal/sys/v4/symbols/104.png",
				"_iconSize": [
					16,
					16
				],
				"_iconAnchor": [
					8,
					8
				]
			}
		},
		{
			"type": "Feature",
			"geometry": {
				"type": "Point",
				"coordinates": [
					 138.9785,
					 35.4637
				]
			},
			"properties": {
				"name": "JA/KN-005(菰釣山)",
				"読み":"Komotsurushiyama",
				"標高":"1379m 8pt ",
				"GL":"PM95ll",
				"市郡区":"G#11002E / G#17008F ",
				"登山日":"",
				"メモ":"",
				"_markerType": "Icon",
				"_iconUrl": "https://maps.gsi.go.jp/portal/sys/v4/symbols/104.png",
				"_iconSize": [
					16,
					16
				],
				"_iconAnchor": [
					8,
					8
				]
			}
		},
		{
			"type": "Feature",
			"geometry": {
				"type": "Point",
				"coordinates": [
					 139.2312,
					 35.4408
				]
			},
			"properties": {
				"name": "JA/KN-006(大山)",
				"読み":"Ooyama",
				"標高":"1252m 8pt ",
				"GL":"PM95ok",
				"市郡区":"C#1115 ",
				"登山日":"",
				"メモ":"",
				"_markerType": "Icon",
				"_iconUrl": "https://maps.gsi.go.jp/portal/sys/v4/symbols/104.png",
				"_iconSize": [
					16,
					16
				],
				"_iconAnchor": [
					8,
					8
				]
			}
		},
		{
			"type": "Feature",
			"geometry": {
				"type": "Point",
				"coordinates": [
					 139.0049,
					 35.2897
				]
			},
			"properties": {
				"name": "JA/KN-007(金時山)",
				"読み":"Kintokizan",
				"標高":"1213m 8pt ",
				"GL":"PM95mg",
				"市郡区":"G#11003C / G#18009C / C#1118",
				"登山日":"",
				"メモ":"",
				"_markerType": "Icon",
				"_iconUrl": "https://maps.gsi.go.jp/portal/sys/v4/symbols/104.png",
				"_iconSize": [
					16,
					16
				],
				"_iconAnchor": [
					8,
					8
				]
			}
		},
		{
			"type": "Feature",
			"geometry": {
				"type": "Point",
				"coordinates": [
					 139.0525,
					 35.2795
				]
			},
			"properties": {
				"name": "JA/KN-009(明神ヶ岳)",
				"読み":"Myoujingatake",
				"標高":"1169m 8pt ",
				"GL":"PM95mg",
				"市郡区":"G#11003C / C#1118 ",
				"登山日":"",
				"メモ":"",
				"_markerType": "Icon",
				"_iconUrl": "https://maps.gsi.go.jp/portal/sys/v4/symbols/104.png",
				"_iconSize": [
					16,
					16
				],
				"_iconAnchor": [
					8,
					8
				]
			}
		},
		{
			"type": "Feature",
			"geometry": {
				"type": "Point",
				"coordinates": [
					 138.9841,
					 35.2159
				]
			},
			"properties": {
				"name": "JA/KN-010(三国山)",
				"読み":"Mikuniyama",
				"標高":"1102m 8pt ",
				"GL":"PM95lf",
				"市郡区":"G#11003C / C#1821 ",
				"登山日":"",
				"メモ":"",
				"_markerType": "Icon",
				"_iconUrl": "https://maps.gsi.go.jp/portal/sys/v4/symbols/104.png",
				"_iconSize": [
					16,
					16
				],
				"_iconAnchor": [
					8,
					8
				]
			}
		},
		{
			"type": "Feature",
			"geometry": {
				"type": "Point",
				"coordinates": [
					 139.0419,
					 35.2147
				]
			},
			"properties": {
				"name": "JA/KN-011(上二子山)",
				"読み":"Kamifutagoyama",
				"標高":"1099m 6pt ",
				"GL":"PM95mf",
				"市郡区":"G#11003C ",
				"登山日":"",
				"メモ":"",
				"_markerType": "Icon",
				"_iconUrl": "https://maps.gsi.go.jp/portal/sys/v4/symbols/103.png",
				"_iconSize": [
					16,
					16
				],
				"_iconAnchor": [
					8,
					8
				]
			}
		},
		{
			"type": "Feature",
			"geometry": {
				"type": "Point",
				"coordinates": [
					 139.0253,
					 35.4306
				]
			},
			"properties": {
				"name": "JA/KN-012(権現山)",
				"読み":"Gongenyama",
				"標高":"1019m 6pt ",
				"GL":"PM95mk",
				"市郡区":"G#11002E ",
				"登山日":"",
				"メモ":"",
				"_markerType": "Icon",
				"_iconUrl": "https://maps.gsi.go.jp/portal/sys/v4/symbols/103.png",
				"_iconSize": [
					16,
					16
				],
				"_iconAnchor": [
					8,
					8
				]
			}
		},
		{
			"type": "Feature",
			"geometry": {
				"type": "Point",
				"coordinates": [
					 139.1363,
					 35.6723
				]
			},
			"properties": {
				"name": "JA/KN-013(茅丸)",
				"読み":"Kayamaru",
				"標高":"1019m 6pt ",
				"GL":"PM95nq",
				"市郡区":"C#111001 / G#10002D ",
				"登山日":"",
				"メモ":"",
				"_markerType": "Icon",
				"_iconUrl": "https://maps.gsi.go.jp/portal/sys/v4/symbols/103.png",
				"_iconSize": [
					16,
					16
				],
				"_iconAnchor": [
					8,
					8
				]
			}
		},
		{
			"type": "Feature",
			"geometry": {
				"type": "Point",
				"coordinates": [
					 139.0461,
					 35.1831
				]
			},
			"properties": {
				"name": "JA/KN-014(大観山)",
				"読み":"Taikanzan",
				"標高":"1012m 6pt ",
				"GL":"PM95me",
				"市郡区":"G#11003C / G#11003B ",
				"登山日":"",
				"メモ":"",
				"_markerType": "Icon",
				"_iconUrl": "https://maps.gsi.go.jp/portal/sys/v4/symbols/103.png",
				"_iconSize": [
					16,
					16
				],
				"_iconAnchor": [
					8,
					8
				]
			}
		},
		{
			"type": "Feature",
			"geometry": {
				"type": "Point",
				"coordinates": [
					 139.0031,
					 35.3997
				]
			},
			"properties": {
				"name": "JA/KN-015(不老山)",
				"読み":"Furouzan",
				"標高":"928m 6pt ",
				"GL":"PM95mj",
				"市郡区":"G#11002E ",
				"登山日":"",
				"メモ":"",
				"_markerType": "Icon",
				"_iconUrl": "https://maps.gsi.go.jp/portal/sys/v4/symbols/103.png",
				"_iconSize": [
					16,
					16
				],
				"_iconAnchor": [
					8,
					8
				]
			}
		},
		{
			"type": "Feature",
			"geometry": {
				"type": "Point",
				"coordinates": [
					 139.0354,
					 35.3286
				]
			},
			"properties": {
				"name": "JA/KN-016(矢倉岳)",
				"読み":"Yaguradake",
				"標高":"870m 6pt ",
				"GL":"PM95mh",
				"市郡区":"C#1118 ",
				"登山日":"",
				"メモ":"",
				"_markerType": "Icon",
				"_iconUrl": "https://maps.gsi.go.jp/portal/sys/v4/symbols/103.png",
				"_iconSize": [
					16,
					16
				],
				"_iconAnchor": [
					8,
					8
				]
			}
		},
		{
			"type": "Feature",
			"geometry": {
				"type": "Point",
				"coordinates": [
					 139.2581,
					 35.5206
				]
			},
			"properties": {
				"name": "JA/KN-017(仏果山)",
				"読み":"Bukkasan",
				"標高":"747m 4pt ",
				"GL":"PM95pm",
				"市郡区":"G#11001B / G#11001A ",
				"登山日":"",
				"メモ":"",
				"_markerType": "Icon",
				"_iconUrl": "https://maps.gsi.go.jp/portal/sys/v4/symbols/828.png",
				"_iconSize": [
					16,
					16
				],
				"_iconAnchor": [
					8,
					8
				]
			}
		},
		{
			"type": "Feature",
			"geometry": {
				"type": "Point",
				"coordinates": [
					 139.1906,
					 35.5852
				]
			},
			"properties": {
				"name": "JA/KN-018(石老山)",
				"読み":"Sekirouzan",
				"標高":"702m 4pt ",
				"GL":"PM95oo",
				"市郡区":"C#111001 ",
				"登山日":"",
				"メモ":"",
				"_markerType": "Icon",
				"_iconUrl": "https://maps.gsi.go.jp/portal/sys/v4/symbols/828.png",
				"_iconSize": [
					16,
					16
				],
				"_iconAnchor": [
					8,
					8
				]
			}
		},
		{
			"type": "Feature",
			"geometry": {
				"type": "Point",
				"coordinates": [
					 139.2254,
					 35.5616
				]
			},
			"properties": {
				"name": "JA/KN-019(仙洞寺山)",
				"読み":"Sendoujiyama",
				"標高":"583m 2pt ",
				"GL":"PM95on",
				"市郡区":"C#111001 ",
				"登山日":"",
				"メモ":"",
				"_markerType": "Icon",
				"_iconUrl": "https://maps.gsi.go.jp/portal/sys/v4/symbols/102.png",
				"_iconSize": [
					16,
					16
				],
				"_iconAnchor": [
					8,
					8
				]
			}
		},
		{
			"type": "Feature",
			"geometry": {
				"type": "Point",
				"coordinates": [
					 139.2357,
					 35.5457
				]
			},
			"properties": {
				"name": "JA/KN-020(権現平(東山))",
				"読み":"Gongendaira",
				"標高":"569m 2pt ",
				"GL":"PM95on",
				"市郡区":"C#111001 ",
				"登山日":"",
				"メモ":"",
				"_markerType": "Icon",
				"_iconUrl": "https://maps.gsi.go.jp/portal/sys/v4/symbols/102.png",
				"_iconSize": [
					16,
					16
				],
				"_iconAnchor": [
					8,
					8
				]
			}
		},
		{
			"type": "Feature",
			"geometry": {
				"type": "Point",
				"coordinates": [
					 139.2741,
					 35.5566
				]
			},
			"properties": {
				"name": "JA/KN-021(雨乞岳(三角点))",
				"読み":"Amagoiyama",
				"標高":"429m 1pt ",
				"GL":"PM95pn",
				"市郡区":"C#111001 ",
				"登山日":"",
				"メモ":"",
				"_markerType": "Icon",
				"_iconUrl": "https://maps.gsi.go.jp/portal/sys/v4/symbols/826.png",
				"_iconSize": [
					16,
					16
				],
				"_iconAnchor": [
					8,
					8
				]
			}
		},
		{
			"type": "Feature",
			"geometry": {
				"type": "Point",
				"coordinates": [
					 139.2787,
					 35.5831
				]
			},
			"properties": {
				"name": "JA/KN-022(城山)",
				"読み":"Shiroyama",
				"標高":"375m 1pt ",
				"GL":"PM95pn",
				"市郡区":"C#111001 ",
				"登山日":"",
				"メモ":"",
				"_markerType": "Icon",
				"_iconUrl": "https://maps.gsi.go.jp/portal/sys/v4/symbols/826.png",
				"_iconSize": [
					16,
					16
				],
				"_iconAnchor": [
					8,
					8
				]
			}
		},
		{
			"type": "Feature",
			"geometry": {
				"type": "Point",
				"coordinates": [
					 139.197802,
					 35.316351
				]
			},
			"properties": {
				"name": "JA/KN-023(不動山)",
				"読み":"Fudouyama",
				"標高":"328m 1pt ",
				"GL":"PM95oh",
				"市郡区":"C#1107 / G#11002C ",
				"登山日":"",
				"メモ":"",
				"_markerType": "Icon",
				"_iconUrl": "https://maps.gsi.go.jp/portal/sys/v4/symbols/826.png",
				"_iconSize": [
					16,
					16
				],
				"_iconAnchor": [
					8,
					8
				]
			}
		},
		{
			"type": "Feature",
			"geometry": {
				"type": "Point",
				"coordinates": [
					 139.1046,
					 35.4659
				]
			},
			"properties": {
				"name": "JA/KN-024(同角ノ頭)",
				"読み":"Doukakunoatama",
				"標高":"1491m 8pt ",
				"GL":"PM95nl",
				"市郡区":"G#11002E ",
				"登山日":"",
				"メモ":"",
				"_markerType": "Icon",
				"_iconUrl": "https://maps.gsi.go.jp/portal/sys/v4/symbols/104.png",
				"_iconSize": [
					16,
					16
				],
				"_iconAnchor": [
					8,
					8
				]
			}
		},
		{
			"type": "Feature",
			"geometry": {
				"type": "Point",
				"coordinates": [
					 139.1057,
					 35.4259
				]
			},
			"properties": {
				"name": "JA/KN-025(伊勢沢ノ頭)",
				"読み":"Isezawanoatama",
				"標高":"1177m 8pt ",
				"GL":"PM95nk",
				"市郡区":"G#11002D / G#11002E ",
				"登山日":"",
				"メモ":"",
				"_markerType": "Icon",
				"_iconUrl": "https://maps.gsi.go.jp/portal/sys/v4/symbols/104.png",
				"_iconSize": [
					16,
					16
				],
				"_iconAnchor": [
					8,
					8
				]
			}
		},
		{
			"type": "Feature",
			"geometry": {
				"type": "Point",
				"coordinates": [
					 138.9822,
					 35.2704
				]
			},
			"properties": {
				"name": "JA/KN-026(丸岳)",
				"読み":"Marudake",
				"標高":"1156m 8pt ",
				"GL":"PM95lg",
				"市郡区":"G#11003C ",
				"登山日":"",
				"メモ":"",
				"_markerType": "Icon",
				"_iconUrl": "https://maps.gsi.go.jp/portal/sys/v4/symbols/104.png",
				"_iconSize": [
					16,
					16
				],
				"_iconAnchor": [
					8,
					8
				]
			}
		},
		{
			"type": "Feature",
			"geometry": {
				"type": "Point",
				"coordinates": [
					 139.0384,
					 35.1971
				]
			},
			"properties": {
				"name": "JA/KN-027(屏風山)",
				"読み":"Byoubuyama",
				"標高":"948m 6pt ",
				"GL":"PM95me",
				"市郡区":"G#11003C ",
				"登山日":"",
				"メモ":"",
				"_markerType": "Icon",
				"_iconUrl": "https://maps.gsi.go.jp/portal/sys/v4/symbols/103.png",
				"_iconSize": [
					16,
					16
				],
				"_iconAnchor": [
					8,
					8
				]
			}
		},
		{
			"type": "Feature",
			"geometry": {
				"type": "Point",
				"coordinates": [
					 139.1666,
					 35.6521
				]
			},
			"properties": {
				"name": "JA/KN-028(陣馬山)",
				"読み":"Jinbasan",
				"標高":"855m 6pt ",
				"GL":"PM95op",
				"市郡区":"C#111001 / C#1002 ",
				"登山日":"",
				"メモ":"",
				"_markerType": "Icon",
				"_iconUrl": "https://maps.gsi.go.jp/portal/sys/v4/symbols/103.png",
				"_iconSize": [
					16,
					16
				],
				"_iconAnchor": [
					8,
					8
				]
			}
		},
		{
			"type": "Feature",
			"geometry": {
				"type": "Point",
				"coordinates": [
					 139.2362,
					 35.4854
				]
			},
			"properties": {
				"name": "JA/KN-029(鍋嵐)",
				"読み":"Nabewarashi",
				"標高":"817m 4pt ",
				"GL":"PM95ol",
				"市郡区":"G#11001B ",
				"登山日":"",
				"メモ":"",
				"_markerType": "Icon",
				"_iconUrl": "https://maps.gsi.go.jp/portal/sys/v4/symbols/828.png",
				"_iconSize": [
					16,
					16
				],
				"_iconAnchor": [
					8,
					8
				]
			}
		},
		{
			"type": "Feature",
			"geometry": {
				"type": "Point",
				"coordinates": [
					 139.1694,
					 35.5726
				]
			},
			"properties": {
				"name": "JA/KN-030(石砂山)",
				"読み":"Ishizareyama",
				"標高":"578m 2pt ",
				"GL":"PM95on",
				"市郡区":"C#111001 ",
				"登山日":"",
				"メモ":"",
				"_markerType": "Icon",
				"_iconUrl": "https://maps.gsi.go.jp/portal/sys/v4/symbols/102.png",
				"_iconSize": [
					16,
					16
				],
				"_iconAnchor": [
					8,
					8
				]
			}
		},
		{
			"type": "Feature",
			"geometry": {
				"type": "Point",
				"coordinates": [
					 139.1318,
					 35.6343
				]
			},
			"properties": {
				"name": "JA/KN-031(鷹取山)",
				"読み":"Takatoriyama",
				"標高":"473m 1pt ",
				"GL":"PM95np",
				"市郡区":"C#111001 ",
				"登山日":"",
				"メモ":"",
				"_markerType": "Icon",
				"_iconUrl": "https://maps.gsi.go.jp/portal/sys/v4/symbols/826.png",
				"_iconSize": [
					16,
					16
				],
				"_iconAnchor": [
					8,
					8
				]
			}
		},
		{
			"type": "Feature",
			"geometry": {
				"type": "Point",
				"coordinates": [
					 139.1987,
					 35.6116
				]
			},
			"properties": {
				"name": "JA/KN-032(嵐山)",
				"読み":"Arashiyama",
				"標高":"406m 1pt ",
				"GL":"PM95oo",
				"市郡区":"C#111001 ",
				"登山日":"",
				"メモ":"",
				"_markerType": "Icon",
				"_iconUrl": "https://maps.gsi.go.jp/portal/sys/v4/symbols/826.png",
				"_iconSize": [
					16,
					16
				],
				"_iconAnchor": [
					8,
					8
				]
			}
		},
		{
			"type": "Feature",
			"geometry": {
				"type": "Point",
				"coordinates": [
					 139.6281,
					 35.2501
				]
			},
			"properties": {
				"name": "JA/KN-033(大楠山)",
				"読み":"Oogusuyama",
				"標高":"241m 1pt ",
				"GL":"PM95tg",
				"市郡区":"C#1102 ",
				"登山日":"",
				"メモ":"",
				"_markerType": "Icon",
				"_iconUrl": "https://maps.gsi.go.jp/portal/sys/v4/symbols/826.png",
				"_iconSize": [
					16,
					16
				],
				"_iconAnchor": [
					8,
					8
				]
			}
		},
		{
			"type": "Feature",
			"geometry": {
				"type": "Point",
				"coordinates": [
					 139.623,
					 35.2752
				]
			},
			"properties": {
				"name": "JA/KN-034(茅塚)",
				"読み":"Kayazuka",
				"標高":"212m 1pt ",
				"GL":"PM95tg",
				"市郡区":"G#11007A ",
				"登山日":"",
				"メモ":"",
				"_markerType": "Icon",
				"_iconUrl": "https://maps.gsi.go.jp/portal/sys/v4/symbols/826.png",
				"_iconSize": [
					16,
					16
				],
				"_iconAnchor": [
					8,
					8
				]
			}
		},
		{
			"type": "Feature",
			"geometry": {
				"type": "Point",
				"coordinates": [
					 138.7277,
					 35.9176
				]
			},
			"properties": {
				"name": "JA/ST-001(三宝山)",
				"読み":"Sanpouzan",
				"標高":"2483m 10pt ",
				"GL":"PM95iw",
				"市郡区":"C#1307 / G#09017A ",
				"登山日":"",
				"メモ":"",
				"_markerType": "Icon",
				"_iconUrl": "https://maps.gsi.go.jp/portal/sys/v4/symbols/101.png",
				"_iconSize": [
					16,
					16
				],
				"_iconAnchor": [
					8,
					8
				]
			}
		},
		{
			"type": "Feature",
			"geometry": {
				"type": "Point",
				"coordinates": [
					 138.8413,
					 36.0234
				]
			},
			"properties": {
				"name": "JA/ST-002(両神山)",
				"読み":"Ryoukamisan",
				"標高":"1723m 10pt ",
				"GL":"PM96ka",
				"市郡区":"C#1307 / G#13007B ",
				"登山日":"",
				"メモ":"",
				"_markerType": "Icon",
				"_iconUrl": "https://maps.gsi.go.jp/portal/sys/v4/symbols/101.png",
				"_iconSize": [
					16,
					16
				],
				"_iconAnchor": [
					8,
					8
				]
			}
		},
		{
			"type": "Feature",
			"geometry": {
				"type": "Point",
				"coordinates": [
					 138.7492,
					 36.0168
				]
			},
			"properties": {
				"name": "JA/ST-003(点1659)",
				"読み":"P1659",
				"標高":"1659m 10pt ",
				"GL":"PM96ia",
				"市郡区":"C#1307 / G#16009F ",
				"登山日":"",
				"メモ":"",
				"_markerType": "Icon",
				"_iconUrl": "https://maps.gsi.go.jp/portal/sys/v4/symbols/101.png",
				"_iconSize": [
					16,
					16
				],
				"_iconAnchor": [
					8,
					8
				]
			}
		},
		{
			"type": "Feature",
			"geometry": {
				"type": "Point",
				"coordinates": [
					 139.0976,
					 35.9516
				]
			},
			"properties": {
				"name": "JA/ST-004(武甲山)",
				"読み":"Bukousan",
				"標高":"1304m 8pt ",
				"GL":"PM95nw",
				"市郡区":"G#13007E / C#1307 ",
				"登山日":"",
				"メモ":"",
				"_markerType": "Icon",
				"_iconUrl": "https://maps.gsi.go.jp/portal/sys/v4/symbols/104.png",
				"_iconSize": [
					16,
					16
				],
				"_iconAnchor": [
					8,
					8
				]
			}
		},
		{
			"type": "Feature",
			"geometry": {
				"type": "Point",
				"coordinates": [
					 139.1005,
					 35.9285
				]
			},
			"properties": {
				"name": "JA/ST-005(大持山)",
				"読み":"Oomochiyama",
				"標高":"1294m 8pt ",
				"GL":"PM95nw",
				"市郡区":"C#1307 / G#13007E ",
				"登山日":"",
				"メモ":"",
				"_markerType": "Icon",
				"_iconUrl": "https://maps.gsi.go.jp/portal/sys/v4/symbols/104.png",
				"_iconSize": [
					16,
					16
				],
				"_iconAnchor": [
					8,
					8
				]
			}
		},
		{
			"type": "Feature",
			"geometry": {
				"type": "Point",
				"coordinates": [
					 138.8637,
					 36.0696
				]
			},
			"properties": {
				"name": "JA/ST-006(二子山)",
				"読み":"Futagoyama",
				"標高":"1166m 8pt ",
				"GL":"PM96kb",
				"市郡区":"G#13007B ",
				"登山日":"",
				"メモ":"",
				"_markerType": "Icon",
				"_iconUrl": "https://maps.gsi.go.jp/portal/sys/v4/symbols/104.png",
				"_iconSize": [
					16,
					16
				],
				"_iconAnchor": [
					8,
					8
				]
			}
		},
		{
			"type": "Feature",
			"geometry": {
				"type": "Point",
				"coordinates": [
					 138.9124,
					 36.0916
				]
			},
			"properties": {
				"name": "JA/ST-007(大塚(長久保の頭))",
				"読み":"Ootsuka(Nagakubonoatama)",
				"標高":"1066m 6pt ",
				"GL":"PM96kc",
				"市郡区":"G#13007B / G#16009G ",
				"登山日":"",
				"メモ":"",
				"_markerType": "Icon",
				"_iconUrl": "https://maps.gsi.go.jp/portal/sys/v4/symbols/103.png",
				"_iconSize": [
					16,
					16
				],
				"_iconAnchor": [
					8,
					8
				]
			}
		},
		{
			"type": "Feature",
			"geometry": {
				"type": "Point",
				"coordinates": [
					 139.1302,
					 35.9369
				]
			},
			"properties": {
				"name": "JA/ST-008(武川岳)",
				"読み":"Takegawadake",
				"標高":"1052m 6pt ",
				"GL":"PM95nw",
				"市郡区":"G#13007E / C#1309 ",
				"登山日":"",
				"メモ":"",
				"_markerType": "Icon",
				"_iconUrl": "https://maps.gsi.go.jp/portal/sys/v4/symbols/103.png",
				"_iconSize": [
					16,
					16
				],
				"_iconAnchor": [
					8,
					8
				]
			}
		},
		{
			"type": "Feature",
			"geometry": {
				"type": "Point",
				"coordinates": [
					 139.0077,
					 36.0976
				]
			},
			"properties": {
				"name": "JA/ST-009(城峯山)",
				"読み":"Jominesan",
				"標高":"1038m 6pt ",
				"GL":"PM96mc",
				"市郡区":"C#1307 / G#13007I / G#13006D",
				"登山日":"",
				"メモ":"",
				"_markerType": "Icon",
				"_iconUrl": "https://maps.gsi.go.jp/portal/sys/v4/symbols/103.png",
				"_iconSize": [
					16,
					16
				],
				"_iconAnchor": [
					8,
					8
				]
			}
		},
		{
			"type": "Feature",
			"geometry": {
				"type": "Point",
				"coordinates": [
					 138.917,
					 36.0494
				]
			},
			"properties": {
				"name": "JA/ST-010(白石山)",
				"読み":"Shiroishiyama",
				"標高":"997m 6pt ",
				"GL":"PM96lb",
				"市郡区":"G#13007B ",
				"登山日":"",
				"メモ":"",
				"_markerType": "Icon",
				"_iconUrl": "https://maps.gsi.go.jp/portal/sys/v4/symbols/103.png",
				"_iconSize": [
					16,
					16
				],
				"_iconAnchor": [
					8,
					8
				]
			}
		},
		{
			"type": "Feature",
			"geometry": {
				"type": "Point",
				"coordinates": [
					 138.9505,
					 36.1019
				]
			},
			"properties": {
				"name": "JA/ST-011(竹ノ茅山)",
				"読み":"Takenokayayama",
				"標高":"978m 6pt ",
				"GL":"PM96lc",
				"市郡区":"C#1307 / G#16009G ",
				"登山日":"",
				"メモ":"",
				"_markerType": "Icon",
				"_iconUrl": "https://maps.gsi.go.jp/portal/sys/v4/symbols/103.png",
				"_iconSize": [
					16,
					16
				],
				"_iconAnchor": [
					8,
					8
				]
			}
		},
		{
			"type": "Feature",
			"geometry": {
				"type": "Point",
				"coordinates": [
					 139.1596,
					 35.9886
				]
			},
			"properties": {
				"name": "JA/ST-012(丸山)",
				"読み":"Maruyama",
				"標高":"960m 6pt ",
				"GL":"PM95nx",
				"市郡区":"G#13007E ",
				"登山日":"",
				"メモ":"",
				"_markerType": "Icon",
				"_iconUrl": "https://maps.gsi.go.jp/portal/sys/v4/symbols/103.png",
				"_iconSize": [
					16,
					16
				],
				"_iconAnchor": [
					8,
					8
				]
			}
		},
		{
			"type": "Feature",
			"geometry": {
				"type": "Point",
				"coordinates": [
					 139.1607,
					 35.9269
				]
			},
			"properties": {
				"name": "JA/ST-013(伊豆ヶ岳)",
				"読み":"Izugatake",
				"標高":"851m 6pt ",
				"GL":"PM95nw",
				"市郡区":"C#1309 ",
				"登山日":"",
				"メモ":"",
				"_markerType": "Icon",
				"_iconUrl": "https://maps.gsi.go.jp/portal/sys/v4/symbols/103.png",
				"_iconSize": [
					16,
					16
				],
				"_iconAnchor": [
					8,
					8
				]
			}
		},
		{
			"type": "Feature",
			"geometry": {
				"type": "Point",
				"coordinates": [
					 139.1562,
					 36.0345
				]
			},
			"properties": {
				"name": "JA/ST-014(大霧山)",
				"読み":"Oogiriyama",
				"標高":"767m 4pt ",
				"GL":"PM96na",
				"市郡区":"G#13007D / G#13007I ",
				"登山日":"",
				"メモ":"",
				"_markerType": "Icon",
				"_iconUrl": "https://maps.gsi.go.jp/portal/sys/v4/symbols/828.png",
				"_iconSize": [
					16,
					16
				],
				"_iconAnchor": [
					8,
					8
				]
			}
		},
		{
			"type": "Feature",
			"geometry": {
				"type": "Point",
				"coordinates": [
					 139.1852,
					 35.9071
				]
			},
			"properties": {
				"name": "JA/ST-015(愛宕山(子の権現))",
				"読み":"Atagoyama(Nenogongen）",
				"標高":"660m 4pt ",
				"GL":"PM95ov",
				"市郡区":"C#1309 ",
				"登山日":"",
				"メモ":"",
				"_markerType": "Icon",
				"_iconUrl": "https://maps.gsi.go.jp/portal/sys/v4/symbols/828.png",
				"_iconSize": [
					16,
					16
				],
				"_iconAnchor": [
					8,
					8
				]
			}
		},
		{
			"type": "Feature",
			"geometry": {
				"type": "Point",
				"coordinates": [
					 138.9931,
					 35.9761
				]
			},
			"properties": {
				"name": "JA/ST-016(柴原山)",
				"読み":"Shibaharayama",
				"標高":"644m 2pt ",
				"GL":"PM95lx",
				"市郡区":"C#1307 / G#13007B ",
				"登山日":"",
				"メモ":"",
				"_markerType": "Icon",
				"_iconUrl": "https://maps.gsi.go.jp/portal/sys/v4/symbols/102.png",
				"_iconSize": [
					16,
					16
				],
				"_iconAnchor": [
					8,
					8
				]
			}
		},
		{
			"type": "Feature",
			"geometry": {
				"type": "Point",
				"coordinates": [
					 139.1127,
					 36.0578
				]
			},
			"properties": {
				"name": "JA/ST-017(蓑山)",
				"読み":"Minoyama",
				"標高":"590m 2pt ",
				"GL":"PM96nb",
				"市郡区":"G#13007I / C#1307 ",
				"登山日":"",
				"メモ":"",
				"_markerType": "Icon",
				"_iconUrl": "https://maps.gsi.go.jp/portal/sys/v4/symbols/102.png",
				"_iconSize": [
					16,
					16
				],
				"_iconAnchor": [
					8,
					8
				]
			}
		},
		{
			"type": "Feature",
			"geometry": {
				"type": "Point",
				"coordinates": [
					 139.0955,
					 36.1378
				]
			},
			"properties": {
				"name": "JA/ST-018(不動山)",
				"読み":"Fudousan",
				"標高":"549m 2pt ",
				"GL":"PM96nd",
				"市郡区":"C#1311 / G#13007C ",
				"登山日":"",
				"メモ":"",
				"_markerType": "Icon",
				"_iconUrl": "https://maps.gsi.go.jp/portal/sys/v4/symbols/102.png",
				"_iconSize": [
					16,
					16
				],
				"_iconAnchor": [
					8,
					8
				]
			}
		},
		{
			"type": "Feature",
			"geometry": {
				"type": "Point",
				"coordinates": [
					 139.0915,
					 36.0931
				]
			},
			"properties": {
				"name": "JA/ST-019(宝登山)",
				"読み":"Hodosan",
				"標高":"497m 1pt ",
				"GL":"PM96nc",
				"市郡区":"G#13007C / G#13007I ",
				"登山日":"",
				"メモ":"",
				"_markerType": "Icon",
				"_iconUrl": "https://maps.gsi.go.jp/portal/sys/v4/symbols/826.png",
				"_iconSize": [
					16,
					16
				],
				"_iconAnchor": [
					8,
					8
				]
			}
		},
		{
			"type": "Feature",
			"geometry": {
				"type": "Point",
				"coordinates": [
					 139.25,
					 36.017
				]
			},
			"properties": {
				"name": "JA/ST-020(雷電山)",
				"読み":"Raidenyama",
				"標高":"418m 1pt ",
				"GL":"PM96pa",
				"市郡区":"G#13008I ",
				"登山日":"",
				"メモ":"",
				"_markerType": "Icon",
				"_iconUrl": "https://maps.gsi.go.jp/portal/sys/v4/symbols/826.png",
				"_iconSize": [
					16,
					16
				],
				"_iconAnchor": [
					8,
					8
				]
			}
		},
		{
			"type": "Feature",
			"geometry": {
				"type": "Point",
				"coordinates": [
					 139.2711,
					 36.0417
				]
			},
			"properties": {
				"name": "JA/ST-021(仙元山)",
				"読み":"Sengenyama",
				"標高":"299m 1pt ",
				"GL":"PM96pb",
				"市郡区":"G#13008A ",
				"登山日":"",
				"メモ":"",
				"_markerType": "Icon",
				"_iconUrl": "https://maps.gsi.go.jp/portal/sys/v4/symbols/826.png",
				"_iconSize": [
					16,
					16
				],
				"_iconAnchor": [
					8,
					8
				]
			}
		},
		{
			"type": "Feature",
			"geometry": {
				"type": "Point",
				"coordinates": [
					 138.8723,
					 35.8549
				]
			},
			"properties": {
				"name": "JA/ST-022(竜喰山)",
				"読み":"Ryuubamiyama",
				"標高":"2012m 10pt ",
				"GL":"PM95ku",
				"市郡区":"C#1307 / G#17002B ",
				"登山日":"",
				"メモ":"",
				"_markerType": "Icon",
				"_iconUrl": "https://maps.gsi.go.jp/portal/sys/v4/symbols/101.png",
				"_iconSize": [
					16,
					16
				],
				"_iconAnchor": [
					8,
					8
				]
			}
		},
		{
			"type": "Feature",
			"geometry": {
				"type": "Point",
				"coordinates": [
					 138.7745,
					 35.9606
				]
			},
			"properties": {
				"name": "JA/ST-023(赤沢山)",
				"読み":"Akazawayama",
				"標高":"1819m 10pt ",
				"GL":"PM95jx",
				"市郡区":"C#1307 ",
				"登山日":"",
				"メモ":"",
				"_markerType": "Icon",
				"_iconUrl": "https://maps.gsi.go.jp/portal/sys/v4/symbols/101.png",
				"_iconSize": [
					16,
					16
				],
				"_iconAnchor": [
					8,
					8
				]
			}
		},
		{
			"type": "Feature",
			"geometry": {
				"type": "Point",
				"coordinates": [
					 138.9566,
					 36.044
				]
			},
			"properties": {
				"name": "JA/ST-024(観音山)",
				"読み":"Kannonyama",
				"標高":"698m 4pt ",
				"GL":"PM96lb",
				"市郡区":"G#13007B ",
				"登山日":"",
				"メモ":"",
				"_markerType": "Icon",
				"_iconUrl": "https://maps.gsi.go.jp/portal/sys/v4/symbols/828.png",
				"_iconSize": [
					16,
					16
				],
				"_iconAnchor": [
					8,
					8
				]
			}
		},
		{
			"type": "Feature",
			"geometry": {
				"type": "Point",
				"coordinates": [
					 139.0432,
					 36.0739
				]
			},
			"properties": {
				"name": "JA/ST-026(天狗山)",
				"読み":"Tenguyama",
				"標高":"657m 4pt ",
				"GL":"PM96mb",
				"市郡区":"G#13007I / C#1307 ",
				"登山日":"",
				"メモ":"",
				"_markerType": "Icon",
				"_iconUrl": "https://maps.gsi.go.jp/portal/sys/v4/symbols/828.png",
				"_iconSize": [
					16,
					16
				],
				"_iconAnchor": [
					8,
					8
				]
			}
		},
		{
			"type": "Feature",
			"geometry": {
				"type": "Point",
				"coordinates": [
					 139.3759,
					 36.7986
				]
			},
			"properties": {
				"name": "JA/TG-001(白根山)",
				"読み":"Shiranesan",
				"標高":"2578m 10pt ",
				"GL":"PM96qt",
				"市郡区":"C#1506 / G#16010A ",
				"登山日":"",
				"メモ":"",
				"_markerType": "Icon",
				"_iconUrl": "https://maps.gsi.go.jp/portal/sys/v4/symbols/101.png",
				"_iconSize": [
					16,
					16
				],
				"_iconAnchor": [
					8,
					8
				]
			}
		},
		{
			"type": "Feature",
			"geometry": {
				"type": "Point",
				"coordinates": [
					 139.4908,
					 36.7651
				]
			},
			"properties": {
				"name": "JA/TG-002(男体山)",
				"読み":"Nantaisan",
				"標高":"2486m 10pt ",
				"GL":"PM96rs",
				"市郡区":"C#1506 ",
				"登山日":"",
				"メモ":"",
				"_markerType": "Icon",
				"_iconUrl": "https://maps.gsi.go.jp/portal/sys/v4/symbols/101.png",
				"_iconSize": [
					16,
					16
				],
				"_iconAnchor": [
					8,
					8
				]
			}
		},
		{
			"type": "Feature",
			"geometry": {
				"type": "Point",
				"coordinates": [
					 139.5365,
					 36.8115
				]
			},
			"properties": {
				"name": "JA/TG-003(女峰山)",
				"読み":"Nyohousan",
				"標高":"2483m 10pt ",
				"GL":"PM96st",
				"市郡区":"C#1506 ",
				"登山日":"",
				"メモ":"",
				"_markerType": "Icon",
				"_iconUrl": "https://maps.gsi.go.jp/portal/sys/v4/symbols/101.png",
				"_iconSize": [
					16,
					16
				],
				"_iconAnchor": [
					8,
					8
				]
			}
		},
		{
			"type": "Feature",
			"geometry": {
				"type": "Point",
				"coordinates": [
					 139.353,
					 36.7736
				]
			},
			"properties": {
				"name": "JA/TG-004(錫ヶ岳)",
				"読み":"Suzugatake",
				"標高":"2388m 10pt ",
				"GL":"PM96qs",
				"市郡区":"C#1506 / G#16010A / C#1606",
				"登山日":"",
				"メモ":"",
				"_markerType": "Icon",
				"_iconUrl": "https://maps.gsi.go.jp/portal/sys/v4/symbols/101.png",
				"_iconSize": [
					16,
					16
				],
				"_iconAnchor": [
					8,
					8
				]
			}
		},
		{
			"type": "Feature",
			"geometry": {
				"type": "Point",
				"coordinates": [
					 139.5071,
					 36.7953
				]
			},
			"properties": {
				"name": "JA/TG-005(女峰山(大真名子山))",
				"読み":"Nyohousan/Oomanagosan)",
				"標高":"2375m 10pt ",
				"GL":"PM96st",
				"市郡区":"C#1506 ",
				"登山日":"",
				"メモ":"",
				"_markerType": "Icon",
				"_iconUrl": "https://maps.gsi.go.jp/portal/sys/v4/symbols/101.png",
				"_iconSize": [
					16,
					16
				],
				"_iconAnchor": [
					8,
					8
				]
			}
		},
		{
			"type": "Feature",
			"geometry": {
				"type": "Point",
				"coordinates": [
					 139.4828,
					 36.8179
				]
			},
			"properties": {
				"name": "JA/TG-006(太郎山)",
				"読み":"Tarousan",
				"標高":"2368m 10pt ",
				"GL":"PM96rt",
				"市郡区":"C#1506 ",
				"登山日":"",
				"メモ":"",
				"_markerType": "Icon",
				"_iconUrl": "https://maps.gsi.go.jp/portal/sys/v4/symbols/101.png",
				"_iconSize": [
					16,
					16
				],
				"_iconAnchor": [
					8,
					8
				]
			}
		},
		{
			"type": "Feature",
			"geometry": {
				"type": "Point",
				"coordinates": [
					 139.4038,
					 36.8245
				]
			},
			"properties": {
				"name": "JA/TG-007(温泉ヶ岳)",
				"読み":"Yusengatake",
				"標高":"2333m 10pt ",
				"GL":"PM96qt",
				"市郡区":"C#1506 / G#16010A ",
				"登山日":"",
				"メモ":"",
				"_markerType": "Icon",
				"_iconUrl": "https://maps.gsi.go.jp/portal/sys/v4/symbols/101.png",
				"_iconSize": [
					16,
					16
				],
				"_iconAnchor": [
					8,
					8
				]
			}
		},
		{
			"type": "Feature",
			"geometry": {
				"type": "Point",
				"coordinates": [
					 139.3935,
					 36.9087
				]
			},
			"properties": {
				"name": "JA/TG-008(黒岩山)",
				"読み":"Kuroiwayama",
				"標高":"2163m 10pt ",
				"GL":"PM96qv",
				"市郡区":"C#1506 / G#16010A ",
				"登山日":"",
				"メモ":"",
				"_markerType": "Icon",
				"_iconUrl": "https://maps.gsi.go.jp/portal/sys/v4/symbols/101.png",
				"_iconSize": [
					16,
					16
				],
				"_iconAnchor": [
					8,
					8
				]
			}
		},
		{
			"type": "Feature",
			"geometry": {
				"type": "Point",
				"coordinates": [
					 139.337,
					 36.6899
				]
			},
			"properties": {
				"name": "JA/TG-009(皇海山)",
				"読み":"Sukaisan",
				"標高":"2144m 10pt ",
				"GL":"PM96qq",
				"市郡区":"C#1506 / C#1606 ",
				"登山日":"",
				"メモ":"",
				"_markerType": "Icon",
				"_iconUrl": "https://maps.gsi.go.jp/portal/sys/v4/symbols/101.png",
				"_iconSize": [
					16,
					16
				],
				"_iconAnchor": [
					8,
					8
				]
			}
		},
		{
			"type": "Feature",
			"geometry": {
				"type": "Point",
				"coordinates": [
					 139.441,
					 36.945
				]
			},
			"properties": {
				"name": "JA/TG-010(台倉高山)",
				"読み":"Daikuratakayama",
				"標高":"2067m 10pt ",
				"GL":"PM96rw",
				"市郡区":"C#1506 / G#07016C ",
				"登山日":"",
				"メモ":"",
				"_markerType": "Icon",
				"_iconUrl": "https://maps.gsi.go.jp/portal/sys/v4/symbols/101.png",
				"_iconSize": [
					16,
					16
				],
				"_iconAnchor": [
					8,
					8
				]
			}
		},
		{
			"type": "Feature",
			"geometry": {
				"type": "Point",
				"coordinates": [
					 139.46,
					 36.9698
				]
			},
			"properties": {
				"name": "JA/TG-011(帝釈山)",
				"読み":"Taishakuzan",
				"標高":"2060m 10pt ",
				"GL":"PM96rx",
				"市郡区":"C#1506 / G#07016C / G#07016H",
				"登山日":"",
				"メモ":"",
				"_markerType": "Icon",
				"_iconUrl": "https://maps.gsi.go.jp/portal/sys/v4/symbols/101.png",
				"_iconSize": [
					16,
					16
				],
				"_iconAnchor": [
					8,
					8
				]
			}
		},
		{
			"type": "Feature",
			"geometry": {
				"type": "Point",
				"coordinates": [
					 139.3669,
					 36.7246
				]
			},
			"properties": {
				"name": "JA/TG-012(三俣山)",
				"読み":"Mitsumatayama",
				"標高":"1980m 10pt ",
				"GL":"PM96qr",
				"市郡区":"C#1506 / C#1606 ",
				"登山日":"",
				"メモ":"",
				"_markerType": "Icon",
				"_iconUrl": "https://maps.gsi.go.jp/portal/sys/v4/symbols/101.png",
				"_iconSize": [
					16,
					16
				],
				"_iconAnchor": [
					8,
					8
				]
			}
		},
		{
			"type": "Feature",
			"geometry": {
				"type": "Point",
				"coordinates": [
					 139.4117,
					 36.7243
				]
			},
			"properties": {
				"name": "JA/TG-013(黒檜岳)",
				"読み":"Kurobidake",
				"標高":"1976m 10pt ",
				"GL":"PM96qr",
				"市郡区":"C#1506 ",
				"登山日":"",
				"メモ":"",
				"_markerType": "Icon",
				"_iconUrl": "https://maps.gsi.go.jp/portal/sys/v4/symbols/101.png",
				"_iconSize": [
					16,
					16
				],
				"_iconAnchor": [
					8,
					8
				]
			}
		},
		{
			"type": "Feature",
			"geometry": {
				"type": "Point",
				"coordinates": [
					 139.44,
					 36.8112
				]
			},
			"properties": {
				"name": "JA/TG-014(三岳)",
				"読み":"Mitake",
				"標高":"1945m 10pt ",
				"GL":"PM96rt",
				"市郡区":"C#1506 ",
				"登山日":"",
				"メモ":"",
				"_markerType": "Icon",
				"_iconUrl": "https://maps.gsi.go.jp/portal/sys/v4/symbols/101.png",
				"_iconSize": [
					16,
					16
				],
				"_iconAnchor": [
					8,
					8
				]
			}
		},
		{
			"type": "Feature",
			"geometry": {
				"type": "Point",
				"coordinates": [
					 139.9613,
					 37.1502
				]
			},
			"properties": {
				"name": "JA/TG-015(三本槍岳)",
				"読み":"Sanbonyaridake",
				"標高":"1917m 10pt ",
				"GL":"PM97xd",
				"市郡区":"C#1513 / G#07013E ",
				"登山日":"",
				"メモ":"",
				"_markerType": "Icon",
				"_iconUrl": "https://maps.gsi.go.jp/portal/sys/v4/symbols/101.png",
				"_iconSize": [
					16,
					16
				],
				"_iconAnchor": [
					8,
					8
				]
			}
		},
		{
			"type": "Feature",
			"geometry": {
				"type": "Point",
				"coordinates": [
					 139.9631,
					 37.1248
				]
			},
			"properties": {
				"name": "JA/TG-016(那須岳(茶臼岳))",
				"読み":"Nasudake/Chausudake",
				"標高":"1915m 10pt ",
				"GL":"PM97xc",
				"市郡区":"G#15007G ",
				"登山日":"",
				"メモ":"",
				"_markerType": "Icon",
				"_iconUrl": "https://maps.gsi.go.jp/portal/sys/v4/symbols/101.png",
				"_iconSize": [
					16,
					16
				],
				"_iconAnchor": [
					8,
					8
				]
			}
		},
		{
			"type": "Feature",
			"geometry": {
				"type": "Point",
				"coordinates": [
					 139.8445,
					 37.0635
				]
			},
			"properties": {
				"name": "JA/TG-017(大佐飛山)",
				"読み":"Oosabiyama",
				"標高":"1908m 10pt ",
				"GL":"PM97wb",
				"市郡区":"C#1513 ",
				"登山日":"",
				"メモ":"",
				"_markerType": "Icon",
				"_iconUrl": "https://maps.gsi.go.jp/portal/sys/v4/symbols/101.png",
				"_iconSize": [
					16,
					16
				],
				"_iconAnchor": [
					8,
					8
				]
			}
		},
		{
			"type": "Feature",
			"geometry": {
				"type": "Point",
				"coordinates": [
					 139.7929,
					 37.0388
				]
			},
			"properties": {
				"name": "JA/TG-018(日留賀岳)",
				"読み":"Hirugatake",
				"標高":"1849m 10pt ",
				"GL":"PM97va",
				"市郡区":"C#1513 ",
				"登山日":"",
				"メモ":"",
				"_markerType": "Icon",
				"_iconUrl": "https://maps.gsi.go.jp/portal/sys/v4/symbols/101.png",
				"_iconSize": [
					16,
					16
				],
				"_iconAnchor": [
					8,
					8
				]
			}
		},
		{
			"type": "Feature",
			"geometry": {
				"type": "Point",
				"coordinates": [
					 139.7767,
					 36.9
				]
			},
			"properties": {
				"name": "JA/TG-019(高原山(釈迦岳))",
				"読み":"Takaharayama/Shakagadake",
				"標高":"1795m 10pt ",
				"GL":"PM96vv",
				"市郡区":"G#15005F / C#1506 ",
				"登山日":"",
				"メモ":"",
				"_markerType": "Icon",
				"_iconUrl": "https://maps.gsi.go.jp/portal/sys/v4/symbols/101.png",
				"_iconSize": [
					16,
					16
				],
				"_iconAnchor": [
					8,
					8
				]
			}
		},
		{
			"type": "Feature",
			"geometry": {
				"type": "Point",
				"coordinates": [
					 139.4758,
					 36.7107
				]
			},
			"properties": {
				"name": "JA/TG-020(半月山)",
				"読み":"Hangetsusan",
				"標高":"1753m 10pt ",
				"GL":"PM96rr",
				"市郡区":"C#1506 ",
				"登山日":"",
				"メモ":"",
				"_markerType": "Icon",
				"_iconUrl": "https://maps.gsi.go.jp/portal/sys/v4/symbols/101.png",
				"_iconSize": [
					16,
					16
				],
				"_iconAnchor": [
					8,
					8
				]
			}
		},
		{
			"type": "Feature",
			"geometry": {
				"type": "Point",
				"coordinates": [
					 139.7876,
					 36.9274
				]
			},
			"properties": {
				"name": "JA/TG-021(点1700(前黒山近傍))",
				"読み":"P1700",
				"標高":"1700m 10pt ",
				"GL":"PM96vw",
				"市郡区":"C#1513 ",
				"登山日":"",
				"メモ":"",
				"_markerType": "Icon",
				"_iconUrl": "https://maps.gsi.go.jp/portal/sys/v4/symbols/101.png",
				"_iconSize": [
					16,
					16
				],
				"_iconAnchor": [
					8,
					8
				]
			}
		},
		{
			"type": "Feature",
			"geometry": {
				"type": "Point",
				"coordinates": [
					 139.4304,
					 36.7604
				]
			},
			"properties": {
				"name": "JA/TG-022(高山)",
				"読み":"Takayama",
				"標高":"1668m 10pt ",
				"GL":"PM96rs",
				"市郡区":"C#1506 ",
				"登山日":"",
				"メモ":"",
				"_markerType": "Icon",
				"_iconUrl": "https://maps.gsi.go.jp/portal/sys/v4/symbols/101.png",
				"_iconSize": [
					16,
					16
				],
				"_iconAnchor": [
					8,
					8
				]
			}
		},
		{
			"type": "Feature",
			"geometry": {
				"type": "Point",
				"coordinates": [
					 139.5999,
					 36.9294
				]
			},
			"properties": {
				"name": "JA/TG-023(明神ヶ岳)",
				"読み":"Myoujingatake",
				"標高":"1595m 10pt ",
				"GL":"PM96tw",
				"市郡区":"C#1506 ",
				"登山日":"",
				"メモ":"",
				"_markerType": "Icon",
				"_iconUrl": "https://maps.gsi.go.jp/portal/sys/v4/symbols/101.png",
				"_iconSize": [
					16,
					16
				],
				"_iconAnchor": [
					8,
					8
				]
			}
		},
		{
			"type": "Feature",
			"geometry": {
				"type": "Point",
				"coordinates": [
					 139.6438,
					 37.036
				]
			},
			"properties": {
				"name": "JA/TG-024(荒海山(太郎岳))",
				"読み":"Arakaizan/Taroudake",
				"標高":"1581m 10pt ",
				"GL":"PM97ta",
				"市郡区":"C#1506 / G#07016H ",
				"登山日":"",
				"メモ":"",
				"_markerType": "Icon",
				"_iconUrl": "https://maps.gsi.go.jp/portal/sys/v4/symbols/101.png",
				"_iconSize": [
					16,
					16
				],
				"_iconAnchor": [
					8,
					8
				]
			}
		},
		{
			"type": "Feature",
			"geometry": {
				"type": "Point",
				"coordinates": [
					 139.533,
					 36.6898
				]
			},
			"properties": {
				"name": "JA/TG-025(夕日岳)",
				"読み":"Yuuhidake",
				"標高":"1526m 10pt ",
				"GL":"PM96sq",
				"市郡区":"C#1505 ",
				"登山日":"",
				"メモ":"",
				"_markerType": "Icon",
				"_iconUrl": "https://maps.gsi.go.jp/portal/sys/v4/symbols/101.png",
				"_iconSize": [
					16,
					16
				],
				"_iconAnchor": [
					8,
					8
				]
			}
		},
		{
			"type": "Feature",
			"geometry": {
				"type": "Point",
				"coordinates": [
					 139.816,
					 37.1179
				]
			},
			"properties": {
				"name": "JA/TG-026(上海岳)",
				"読み":"Utsumidake(Uemidake)",
				"標高":"1501m 10pt ",
				"GL":"PM97vc",
				"市郡区":"C#1513 / G#07016H ",
				"登山日":"",
				"メモ":"",
				"_markerType": "Icon",
				"_iconUrl": "https://maps.gsi.go.jp/portal/sys/v4/symbols/101.png",
				"_iconSize": [
					16,
					16
				],
				"_iconAnchor": [
					8,
					8
				]
			}
		},
		{
			"type": "Feature",
			"geometry": {
				"type": "Point",
				"coordinates": [
					 139.8402,
					 37.1129
				]
			},
			"properties": {
				"name": "JA/TG-027(剣崎(三角点))",
				"読み":"Kenzaki",
				"標高":"1487m 8pt ",
				"GL":"PM97wc",
				"市郡区":"C#1513 ",
				"登山日":"",
				"メモ":"",
				"_markerType": "Icon",
				"_iconUrl": "https://maps.gsi.go.jp/portal/sys/v4/symbols/104.png",
				"_iconSize": [
					16,
					16
				],
				"_iconAnchor": [
					8,
					8
				]
			}
		},
		{
			"type": "Feature",
			"geometry": {
				"type": "Point",
				"coordinates": [
					 139.7556,
					 37.0241
				]
			},
			"properties": {
				"name": "JA/TG-028(点1463)",
				"読み":"P1463",
				"標高":"1463m 8pt ",
				"GL":"PM97va",
				"市郡区":"C#1506 / C#1513 ",
				"登山日":"",
				"メモ":"",
				"_markerType": "Icon",
				"_iconUrl": "https://maps.gsi.go.jp/portal/sys/v4/symbols/104.png",
				"_iconSize": [
					16,
					16
				],
				"_iconAnchor": [
					8,
					8
				]
			}
		},
		{
			"type": "Feature",
			"geometry": {
				"type": "Point",
				"coordinates": [
					 139.5766,
					 36.9197
				]
			},
			"properties": {
				"name": "JA/TG-029(高倉山本峰)",
				"読み":"Takakurayamahonpou",
				"標高":"1460m 8pt ",
				"GL":"PM96sw",
				"市郡区":"C#1506 ",
				"登山日":"",
				"メモ":"",
				"_markerType": "Icon",
				"_iconUrl": "https://maps.gsi.go.jp/portal/sys/v4/symbols/104.png",
				"_iconSize": [
					16,
					16
				],
				"_iconAnchor": [
					8,
					8
				]
			}
		},
		{
			"type": "Feature",
			"geometry": {
				"type": "Point",
				"coordinates": [
					 139.5817,
					 37.0148
				]
			},
			"properties": {
				"name": "JA/TG-030(崖湯(三角点))",
				"読み":"Gakeyu",
				"標高":"1399m 8pt ",
				"GL":"PM97sa",
				"市郡区":"C#1506 / G#07016H ",
				"登山日":"",
				"メモ":"",
				"_markerType": "Icon",
				"_iconUrl": "https://maps.gsi.go.jp/portal/sys/v4/symbols/104.png",
				"_iconSize": [
					16,
					16
				],
				"_iconAnchor": [
					8,
					8
				]
			}
		},
		{
			"type": "Feature",
			"geometry": {
				"type": "Point",
				"coordinates": [
					 139.8321,
					 36.995
				]
			},
			"properties": {
				"name": "JA/TG-031(弥太郎山)",
				"読み":"Yatarouyama",
				"標高":"1392m 8pt ",
				"GL":"PM96vx",
				"市郡区":"C#1513 ",
				"登山日":"",
				"メモ":"",
				"_markerType": "Icon",
				"_iconUrl": "https://maps.gsi.go.jp/portal/sys/v4/symbols/104.png",
				"_iconSize": [
					16,
					16
				],
				"_iconAnchor": [
					8,
					8
				]
			}
		},
		{
			"type": "Feature",
			"geometry": {
				"type": "Point",
				"coordinates": [
					 139.5084,
					 36.6312
				]
			},
			"properties": {
				"name": "JA/TG-032(方塞山)",
				"読み":"Housaisan",
				"標高":"1388m 8pt ",
				"GL":"PM96sp",
				"市郡区":"C#1506 / C#1505 ",
				"登山日":"",
				"メモ":"",
				"_markerType": "Icon",
				"_iconUrl": "https://maps.gsi.go.jp/portal/sys/v4/symbols/104.png",
				"_iconSize": [
					16,
					16
				],
				"_iconAnchor": [
					8,
					8
				]
			}
		},
		{
			"type": "Feature",
			"geometry": {
				"type": "Point",
				"coordinates": [
					 139.6423,
					 36.9731
				]
			},
			"properties": {
				"name": "JA/TG-033(持丸山)",
				"読み":"Mochimaruyama",
				"標高":"1366m 8pt ",
				"GL":"PM96tx",
				"市郡区":"C#1506 ",
				"登山日":"",
				"メモ":"",
				"_markerType": "Icon",
				"_iconUrl": "https://maps.gsi.go.jp/portal/sys/v4/symbols/104.png",
				"_iconSize": [
					16,
					16
				],
				"_iconAnchor": [
					8,
					8
				]
			}
		},
		{
			"type": "Feature",
			"geometry": {
				"type": "Point",
				"coordinates": [
					 139.6797,
					 37.0205
				]
			},
			"properties": {
				"name": "JA/TG-034(芝草山)",
				"読み":"Shibakusayama",
				"標高":"1342m 8pt ",
				"GL":"PM97ua",
				"市郡区":"C#1506 ",
				"登山日":"",
				"メモ":"",
				"_markerType": "Icon",
				"_iconUrl": "https://maps.gsi.go.jp/portal/sys/v4/symbols/104.png",
				"_iconSize": [
					16,
					16
				],
				"_iconAnchor": [
					8,
					8
				]
			}
		},
		{
			"type": "Feature",
			"geometry": {
				"type": "Point",
				"coordinates": [
					 139.6406,
					 36.8572
				]
			},
			"properties": {
				"name": "JA/TG-035(夫婦山)",
				"読み":"Meotoyama",
				"標高":"1342m 8pt ",
				"GL":"PM96tu",
				"市郡区":"C#1506 ",
				"登山日":"",
				"メモ":"",
				"_markerType": "Icon",
				"_iconUrl": "https://maps.gsi.go.jp/portal/sys/v4/symbols/104.png",
				"_iconSize": [
					16,
					16
				],
				"_iconAnchor": [
					8,
					8
				]
			}
		},
		{
			"type": "Feature",
			"geometry": {
				"type": "Point",
				"coordinates": [
					 139.7288,
					 36.986
				]
			},
			"properties": {
				"name": "JA/TG-036(三依山)",
				"読み":"Miyoriyama",
				"標高":"1305m 8pt ",
				"GL":"PM96ux",
				"市郡区":"C#1506 ",
				"登山日":"",
				"メモ":"",
				"_markerType": "Icon",
				"_iconUrl": "https://maps.gsi.go.jp/portal/sys/v4/symbols/104.png",
				"_iconSize": [
					16,
					16
				],
				"_iconAnchor": [
					8,
					8
				]
			}
		},
		{
			"type": "Feature",
			"geometry": {
				"type": "Point",
				"coordinates": [
					 139.6187,
					 36.8527
				]
			},
			"properties": {
				"name": "JA/TG-037(大笹山)",
				"読み":"Oozasayama",
				"標高":"1297m 8pt ",
				"GL":"PM96tu",
				"市郡区":"C#1506 ",
				"登山日":"",
				"メモ":"",
				"_markerType": "Icon",
				"_iconUrl": "https://maps.gsi.go.jp/portal/sys/v4/symbols/104.png",
				"_iconSize": [
					16,
					16
				],
				"_iconAnchor": [
					8,
					8
				]
			}
		},
		{
			"type": "Feature",
			"geometry": {
				"type": "Point",
				"coordinates": [
					 139.6594,
					 36.8459
				]
			},
			"properties": {
				"name": "JA/TG-038(月山)",
				"読み":"Gassan",
				"標高":"1287m 8pt ",
				"GL":"PM96tu",
				"市郡区":"C#1506 ",
				"登山日":"",
				"メモ":"",
				"_markerType": "Icon",
				"_iconUrl": "https://maps.gsi.go.jp/portal/sys/v4/symbols/104.png",
				"_iconSize": [
					16,
					16
				],
				"_iconAnchor": [
					8,
					8
				]
			}
		},
		{
			"type": "Feature",
			"geometry": {
				"type": "Point",
				"coordinates": [
					 139.5545,
					 36.7119
				]
			},
			"properties": {
				"name": "JA/TG-039(大木戸山)",
				"読み":"Ookidoyama",
				"標高":"1287m 8pt ",
				"GL":"PM96sr",
				"市郡区":"C#1505 / C#1506 ",
				"登山日":"",
				"メモ":"",
				"_markerType": "Icon",
				"_iconUrl": "https://maps.gsi.go.jp/portal/sys/v4/symbols/104.png",
				"_iconSize": [
					16,
					16
				],
				"_iconAnchor": [
					8,
					8
				]
			}
		},
		{
			"type": "Feature",
			"geometry": {
				"type": "Point",
				"coordinates": [
					 139.4272,
					 36.6558
				]
			},
			"properties": {
				"name": "JA/TG-040(備前楯山)",
				"読み":"Bizentateyama",
				"標高":"1272m 8pt ",
				"GL":"PM96rp",
				"市郡区":"C#1506 ",
				"登山日":"",
				"メモ":"",
				"_markerType": "Icon",
				"_iconUrl": "https://maps.gsi.go.jp/portal/sys/v4/symbols/104.png",
				"_iconSize": [
					16,
					16
				],
				"_iconAnchor": [
					8,
					8
				]
			}
		},
		{
			"type": "Feature",
			"geometry": {
				"type": "Point",
				"coordinates": [
					 139.6453,
					 36.923
				]
			},
			"properties": {
				"name": "JA/TG-041(田象(三角点))",
				"読み":"Tazou",
				"標高":"1220m 8pt ",
				"GL":"PM96tw",
				"市郡区":"C#1506 ",
				"登山日":"",
				"メモ":"",
				"_markerType": "Icon",
				"_iconUrl": "https://maps.gsi.go.jp/portal/sys/v4/symbols/104.png",
				"_iconSize": [
					16,
					16
				],
				"_iconAnchor": [
					8,
					8
				]
			}
		},
		{
			"type": "Feature",
			"geometry": {
				"type": "Point",
				"coordinates": [
					 139.8553,
					 36.9829
				]
			},
			"properties": {
				"name": "JA/TG-042(大網(三角点))",
				"読み":"Ooami",
				"標高":"1213m 8pt ",
				"GL":"PM96wx",
				"市郡区":"C#1513 ",
				"登山日":"",
				"メモ":"",
				"_markerType": "Icon",
				"_iconUrl": "https://maps.gsi.go.jp/portal/sys/v4/symbols/104.png",
				"_iconSize": [
					16,
					16
				],
				"_iconAnchor": [
					8,
					8
				]
			}
		},
		{
			"type": "Feature",
			"geometry": {
				"type": "Point",
				"coordinates": [
					 139.451,
					 36.5497
				]
			},
			"properties": {
				"name": "JA/TG-043(根本山)",
				"読み":"Nemotoyama",
				"標高":"1199m 8pt ",
				"GL":"PM96rn",
				"市郡区":"C#1504 / C#1603 / C#1612",
				"登山日":"",
				"メモ":"",
				"_markerType": "Icon",
				"_iconUrl": "https://maps.gsi.go.jp/portal/sys/v4/symbols/104.png",
				"_iconSize": [
					16,
					16
				],
				"_iconAnchor": [
					8,
					8
				]
			}
		},
		{
			"type": "Feature",
			"geometry": {
				"type": "Point",
				"coordinates": [
					 139.6605,
					 36.9034
				]
			},
			"properties": {
				"name": "JA/TG-044(鳥屋(三角点))",
				"読み":"Toriya",
				"標高":"1178m 8pt ",
				"GL":"PM96tv",
				"市郡区":"C#1506 ",
				"登山日":"",
				"メモ":"",
				"_markerType": "Icon",
				"_iconUrl": "https://maps.gsi.go.jp/portal/sys/v4/symbols/104.png",
				"_iconSize": [
					16,
					16
				],
				"_iconAnchor": [
					8,
					8
				]
			}
		},
		{
			"type": "Feature",
			"geometry": {
				"type": "Point",
				"coordinates": [
					 139.6611,
					 36.8724
				]
			},
			"properties": {
				"name": "JA/TG-045(大日向山)",
				"読み":"Daihyuugasan",
				"標高":"1177m 8pt ",
				"GL":"PM96tu",
				"市郡区":"C#1506 ",
				"登山日":"",
				"メモ":"",
				"_markerType": "Icon",
				"_iconUrl": "https://maps.gsi.go.jp/portal/sys/v4/symbols/104.png",
				"_iconSize": [
					16,
					16
				],
				"_iconAnchor": [
					8,
					8
				]
			}
		},
		{
			"type": "Feature",
			"geometry": {
				"type": "Point",
				"coordinates": [
					 139.6331,
					 36.83
				]
			},
			"properties": {
				"name": "JA/TG-046(小休戸(三角点))",
				"読み":"Koyasudo",
				"標高":"1134m 8pt ",
				"GL":"PM96tt",
				"市郡区":"C#1506 ",
				"登山日":"",
				"メモ":"",
				"_markerType": "Icon",
				"_iconUrl": "https://maps.gsi.go.jp/portal/sys/v4/symbols/104.png",
				"_iconSize": [
					16,
					16
				],
				"_iconAnchor": [
					8,
					8
				]
			}
		},
		{
			"type": "Feature",
			"geometry": {
				"type": "Point",
				"coordinates": [
					 139.6753,
					 36.9211
				]
			},
			"properties": {
				"name": "JA/TG-047(葛老山)",
				"読み":"Katsurousan",
				"標高":"1124m 8pt ",
				"GL":"PM96uw",
				"市郡区":"C#1506 ",
				"登山日":"",
				"メモ":"",
				"_markerType": "Icon",
				"_iconUrl": "https://maps.gsi.go.jp/portal/sys/v4/symbols/104.png",
				"_iconSize": [
					16,
					16
				],
				"_iconAnchor": [
					8,
					8
				]
			}
		},
		{
			"type": "Feature",
			"geometry": {
				"type": "Point",
				"coordinates": [
					 139.5964,
					 36.7304
				]
			},
			"properties": {
				"name": "JA/TG-048(鳴虫山)",
				"読み":"Nakimushiyama",
				"標高":"1104m 8pt ",
				"GL":"PM96tr",
				"市郡区":"C#1506 ",
				"登山日":"",
				"メモ":"",
				"_markerType": "Icon",
				"_iconUrl": "https://maps.gsi.go.jp/portal/sys/v4/symbols/104.png",
				"_iconSize": [
					16,
					16
				],
				"_iconAnchor": [
					8,
					8
				]
			}
		},
		{
			"type": "Feature",
			"geometry": {
				"type": "Point",
				"coordinates": [
					 139.5741,
					 36.7025
				]
			},
			"properties": {
				"name": "JA/TG-049(点1101)",
				"読み":"P1101",
				"標高":"1101m 8pt ",
				"GL":"PM96sq",
				"市郡区":"C#1505 / C#1506 ",
				"登山日":"",
				"メモ":"",
				"_markerType": "Icon",
				"_iconUrl": "https://maps.gsi.go.jp/portal/sys/v4/symbols/104.png",
				"_iconSize": [
					16,
					16
				],
				"_iconAnchor": [
					8,
					8
				]
			}
		},
		{
			"type": "Feature",
			"geometry": {
				"type": "Point",
				"coordinates": [
					 139.6441,
					 36.6813
				]
			},
			"properties": {
				"name": "JA/TG-050(鶏鳴山近傍)",
				"読み":"Near_Keimeizan",
				"標高":"970m 6pt ",
				"GL":"PM96tq",
				"市郡区":"C#1506 ",
				"登山日":"",
				"メモ":"",
				"_markerType": "Icon",
				"_iconUrl": "https://maps.gsi.go.jp/portal/sys/v4/symbols/103.png",
				"_iconSize": [
					16,
					16
				],
				"_iconAnchor": [
					8,
					8
				]
			}
		},
		{
			"type": "Feature",
			"geometry": {
				"type": "Point",
				"coordinates": [
					 139.6929,
					 36.8332
				]
			},
			"properties": {
				"name": "JA/TG-051(大笹(三角点))",
				"読み":"Oozasa",
				"標高":"964m 6pt ",
				"GL":"PM96ut",
				"市郡区":"C#1506 ",
				"登山日":"",
				"メモ":"",
				"_markerType": "Icon",
				"_iconUrl": "https://maps.gsi.go.jp/portal/sys/v4/symbols/103.png",
				"_iconSize": [
					16,
					16
				],
				"_iconAnchor": [
					8,
					8
				]
			}
		},
		{
			"type": "Feature",
			"geometry": {
				"type": "Point",
				"coordinates": [
					 139.5203,
					 36.5551
				]
			},
			"properties": {
				"name": "JA/TG-052(尾出山)",
				"読み":"Odeyama",
				"標高":"933m 6pt ",
				"GL":"PM96sn",
				"市郡区":"C#1504 / C#1505 ",
				"登山日":"",
				"メモ":"",
				"_markerType": "Icon",
				"_iconUrl": "https://maps.gsi.go.jp/portal/sys/v4/symbols/103.png",
				"_iconSize": [
					16,
					16
				],
				"_iconAnchor": [
					8,
					8
				]
			}
		},
		{
			"type": "Feature",
			"geometry": {
				"type": "Point",
				"coordinates": [
					 139.6168,
					 36.7194
				]
			},
			"properties": {
				"name": "JA/TG-053(点892)",
				"読み":"P892",
				"標高":"892m 6pt ",
				"GL":"PM96tr",
				"市郡区":"C#1506 ",
				"登山日":"",
				"メモ":"",
				"_markerType": "Icon",
				"_iconUrl": "https://maps.gsi.go.jp/portal/sys/v4/symbols/103.png",
				"_iconSize": [
					16,
					16
				],
				"_iconAnchor": [
					8,
					8
				]
			}
		},
		{
			"type": "Feature",
			"geometry": {
				"type": "Point",
				"coordinates": [
					 139.7934,
					 36.8393
				]
			},
			"properties": {
				"name": "JA/TG-054(上寺島(三角点))",
				"読み":"Kamiterashima",
				"標高":"892m 6pt ",
				"GL":"PM96vu",
				"市郡区":"G#15005F ",
				"登山日":"",
				"メモ":"",
				"_markerType": "Icon",
				"_iconUrl": "https://maps.gsi.go.jp/portal/sys/v4/symbols/103.png",
				"_iconSize": [
					16,
					16
				],
				"_iconAnchor": [
					8,
					8
				]
			}
		},
		{
			"type": "Feature",
			"geometry": {
				"type": "Point",
				"coordinates": [
					 139.5947,
					 36.6247
				]
			},
			"properties": {
				"name": "JA/TG-055(大鳥屋山(大塩))",
				"読み":"Ootoyasan(Ooshio)",
				"標高":"811m 4pt ",
				"GL":"PM96to",
				"市郡区":"C#1505 ",
				"登山日":"",
				"メモ":"",
				"_markerType": "Icon",
				"_iconUrl": "https://maps.gsi.go.jp/portal/sys/v4/symbols/828.png",
				"_iconSize": [
					16,
					16
				],
				"_iconAnchor": [
					8,
					8
				]
			}
		},
		{
			"type": "Feature",
			"geometry": {
				"type": "Point",
				"coordinates": [
					 139.6412,
					 36.6561
				]
			},
			"properties": {
				"name": "JA/TG-056(笹目倉山)",
				"読み":"Sasamekurayama",
				"標高":"800m 4pt ",
				"GL":"PM96tp",
				"市郡区":"C#1506 / C#1505 ",
				"登山日":"",
				"メモ":"",
				"_markerType": "Icon",
				"_iconUrl": "https://maps.gsi.go.jp/portal/sys/v4/symbols/828.png",
				"_iconSize": [
					16,
					16
				],
				"_iconAnchor": [
					8,
					8
				]
			}
		},
		{
			"type": "Feature",
			"geometry": {
				"type": "Point",
				"coordinates": [
					 139.5448,
					 36.5575
				]
			},
			"properties": {
				"name": "JA/TG-058(谷倉山)",
				"読み":"Yagurasan",
				"標高":"747m 4pt ",
				"GL":"PM96sn",
				"市郡区":"C#1505 ",
				"登山日":"",
				"メモ":"",
				"_markerType": "Icon",
				"_iconUrl": "https://maps.gsi.go.jp/portal/sys/v4/symbols/828.png",
				"_iconSize": [
					16,
					16
				],
				"_iconAnchor": [
					8,
					8
				]
			}
		},
		{
			"type": "Feature",
			"geometry": {
				"type": "Point",
				"coordinates": [
					 139.6239,
					 36.6117
				]
			},
			"properties": {
				"name": "JA/TG-059(鳴蟲山)",
				"読み":"Nakimushiyama",
				"標高":"725m 4pt ",
				"GL":"PM96to",
				"市郡区":"C#1505 ",
				"登山日":"",
				"メモ":"",
				"_markerType": "Icon",
				"_iconUrl": "https://maps.gsi.go.jp/portal/sys/v4/symbols/828.png",
				"_iconSize": [
					16,
					16
				],
				"_iconAnchor": [
					8,
					8
				]
			}
		},
		{
			"type": "Feature",
			"geometry": {
				"type": "Point",
				"coordinates": [
					 139.5126,
					 36.4875
				]
			},
			"properties": {
				"name": "JA/TG-060(岳ノ山)",
				"読み":"Takenoyama",
				"標高":"704m 4pt ",
				"GL":"PM96sl",
				"市郡区":"C#1504 ",
				"登山日":"",
				"メモ":"",
				"_markerType": "Icon",
				"_iconUrl": "https://maps.gsi.go.jp/portal/sys/v4/symbols/828.png",
				"_iconSize": [
					16,
					16
				],
				"_iconAnchor": [
					8,
					8
				]
			}
		},
		{
			"type": "Feature",
			"geometry": {
				"type": "Point",
				"coordinates": [
					 139.5936,
					 36.5518
				]
			},
			"properties": {
				"name": "JA/TG-061(ハナント山)",
				"読み":"Hanantoyama",
				"標高":"672m 4pt ",
				"GL":"PM96tn",
				"市郡区":"C#1505 ",
				"登山日":"",
				"メモ":"",
				"_markerType": "Icon",
				"_iconUrl": "https://maps.gsi.go.jp/portal/sys/v4/symbols/828.png",
				"_iconSize": [
					16,
					16
				],
				"_iconAnchor": [
					8,
					8
				]
			}
		},
		{
			"type": "Feature",
			"geometry": {
				"type": "Point",
				"coordinates": [
					 139.7637,
					 36.798
				]
			},
			"properties": {
				"name": "JA/TG-062(鶏岳)",
				"読み":"Niwatoridake",
				"標高":"668m 4pt ",
				"GL":"PM96vt",
				"市郡区":"G#15005F ",
				"登山日":"",
				"メモ":"",
				"_markerType": "Icon",
				"_iconUrl": "https://maps.gsi.go.jp/portal/sys/v4/symbols/828.png",
				"_iconSize": [
					16,
					16
				],
				"_iconAnchor": [
					8,
					8
				]
			}
		},
		{
			"type": "Feature",
			"geometry": {
				"type": "Point",
				"coordinates": [
					 139.4009,
					 36.4367
				]
			},
			"properties": {
				"name": "JA/TG-063(仙人ヶ岳)",
				"読み":"Senningatake",
				"標高":"663m 4pt ",
				"GL":"PM96qk",
				"市郡区":"C#1502 / C#1603 ",
				"登山日":"",
				"メモ":"",
				"_markerType": "Icon",
				"_iconUrl": "https://maps.gsi.go.jp/portal/sys/v4/symbols/828.png",
				"_iconSize": [
					16,
					16
				],
				"_iconAnchor": [
					8,
					8
				]
			}
		},
		{
			"type": "Feature",
			"geometry": {
				"type": "Point",
				"coordinates": [
					 139.6211,
					 36.4612
				]
			},
			"properties": {
				"name": "JA/TG-064(三峰山)",
				"読み":"Mitsuminesan",
				"標高":"605m 2pt ",
				"GL":"PM96tl",
				"市郡区":"C#1503 / C#1505 ",
				"登山日":"",
				"メモ":"",
				"_markerType": "Icon",
				"_iconUrl": "https://maps.gsi.go.jp/portal/sys/v4/symbols/102.png",
				"_iconSize": [
					16,
					16
				],
				"_iconAnchor": [
					8,
					8
				]
			}
		},
		{
			"type": "Feature",
			"geometry": {
				"type": "Point",
				"coordinates": [
					 139.6428,
					 36.4862
				]
			},
			"properties": {
				"name": "JA/TG-065(谷倉山)",
				"読み":"Yagurasan",
				"標高":"599m 2pt ",
				"GL":"PM96tl",
				"市郡区":"C#1505 / C#1503 ",
				"登山日":"",
				"メモ":"",
				"_markerType": "Icon",
				"_iconUrl": "https://maps.gsi.go.jp/portal/sys/v4/symbols/102.png",
				"_iconSize": [
					16,
					16
				],
				"_iconAnchor": [
					8,
					8
				]
			}
		},
		{
			"type": "Feature",
			"geometry": {
				"type": "Point",
				"coordinates": [
					 139.823961,
					 36.789702
				]
			},
			"properties": {
				"name": "JA/TG-066(松茸(三角点近傍))",
				"読み":"Near_Matsutake",
				"標高":"599m 2pt ",
				"GL":"PM96vs",
				"市郡区":"G#15005F ",
				"登山日":"",
				"メモ":"",
				"_markerType": "Icon",
				"_iconUrl": "https://maps.gsi.go.jp/portal/sys/v4/symbols/102.png",
				"_iconSize": [
					16,
					16
				],
				"_iconAnchor": [
					8,
					8
				]
			}
		},
		{
			"type": "Feature",
			"geometry": {
				"type": "Point",
				"coordinates": [
					 139.7715,
					 36.6217
				]
			},
			"properties": {
				"name": "JA/TG-067(古賀志山)",
				"読み":"Kogashiyama",
				"標高":"583m 2pt ",
				"GL":"PM96vo",
				"市郡区":"C#1501 ",
				"登山日":"",
				"メモ":"",
				"_markerType": "Icon",
				"_iconUrl": "https://maps.gsi.go.jp/portal/sys/v4/symbols/102.png",
				"_iconSize": [
					16,
					16
				],
				"_iconAnchor": [
					8,
					8
				]
			}
		},
		{
			"type": "Feature",
			"geometry": {
				"type": "Point",
				"coordinates": [
					 139.6825,
					 36.584
				]
			},
			"properties": {
				"name": "JA/TG-068(二股山)",
				"読み":"Futamatayama",
				"標高":"570m 2pt ",
				"GL":"PM96uo",
				"市郡区":"C#1505 ",
				"登山日":"",
				"メモ":"",
				"_markerType": "Icon",
				"_iconUrl": "https://maps.gsi.go.jp/portal/sys/v4/symbols/102.png",
				"_iconSize": [
					16,
					16
				],
				"_iconAnchor": [
					8,
					8
				]
			}
		},
		{
			"type": "Feature",
			"geometry": {
				"type": "Point",
				"coordinates": [
					 139.8354,
					 36.6892
				]
			},
			"properties": {
				"name": "JA/TG-069(本山)",
				"読み":"Motoyama",
				"標高":"562m 2pt ",
				"GL":"PM96wq",
				"市郡区":"C#1501 ",
				"登山日":"",
				"メモ":"",
				"_markerType": "Icon",
				"_iconUrl": "https://maps.gsi.go.jp/portal/sys/v4/symbols/102.png",
				"_iconSize": [
					16,
					16
				],
				"_iconAnchor": [
					8,
					8
				]
			}
		},
		{
			"type": "Feature",
			"geometry": {
				"type": "Point",
				"coordinates": [
					 139.6871,
					 36.6083
				]
			},
			"properties": {
				"name": "JA/TG-070(かまど倉山)",
				"読み":"Kamadokurayama",
				"標高":"557m 2pt ",
				"GL":"PM96uo",
				"市郡区":"C#1505 ",
				"登山日":"",
				"メモ":"",
				"_markerType": "Icon",
				"_iconUrl": "https://maps.gsi.go.jp/portal/sys/v4/symbols/102.png",
				"_iconSize": [
					16,
					16
				],
				"_iconAnchor": [
					8,
					8
				]
			}
		},
		{
			"type": "Feature",
			"geometry": {
				"type": "Point",
				"coordinates": [
					 140.1428,
					 36.4172
				]
			},
			"properties": {
				"name": "JA/TG-071(雨巻山)",
				"読み":"Amamakisan",
				"標高":"533m 2pt ",
				"GL":"QM06bk",
				"市郡区":"G#15008E / G#15008D ",
				"登山日":"",
				"メモ":"",
				"_markerType": "Icon",
				"_iconUrl": "https://maps.gsi.go.jp/portal/sys/v4/symbols/102.png",
				"_iconSize": [
					16,
					16
				],
				"_iconAnchor": [
					8,
					8
				]
			}
		},
		{
			"type": "Feature",
			"geometry": {
				"type": "Point",
				"coordinates": [
					 139.4127,
					 36.4085
				]
			},
			"properties": {
				"name": "JA/TG-072(深高山)",
				"読み":"Shinkouzan",
				"標高":"506m 2pt ",
				"GL":"PM96qj",
				"市郡区":"C#1502 ",
				"登山日":"",
				"メモ":"",
				"_markerType": "Icon",
				"_iconUrl": "https://maps.gsi.go.jp/portal/sys/v4/symbols/102.png",
				"_iconSize": [
					16,
					16
				],
				"_iconAnchor": [
					8,
					8
				]
			}
		},
		{
			"type": "Feature",
			"geometry": {
				"type": "Point",
				"coordinates": [
					 140.1958,
					 36.8047
				]
			},
			"properties": {
				"name": "JA/TG-073(高倉山)",
				"読み":"Takakurayama",
				"標高":"502m 2pt ",
				"GL":"QM06ct",
				"市郡区":"G#15007J ",
				"登山日":"",
				"メモ":"",
				"_markerType": "Icon",
				"_iconUrl": "https://maps.gsi.go.jp/portal/sys/v4/symbols/102.png",
				"_iconSize": [
					16,
					16
				],
				"_iconAnchor": [
					8,
					8
				]
			}
		},
		{
			"type": "Feature",
			"geometry": {
				"type": "Point",
				"coordinates": [
					 139.7899,
					 36.6407
				]
			},
			"properties": {
				"name": "JA/TG-074(鞍掛山)",
				"読み":"Kurakakesan",
				"標高":"492m 1pt ",
				"GL":"PM96vp",
				"市郡区":"C#1506 / C#1501 ",
				"登山日":"",
				"メモ":"",
				"_markerType": "Icon",
				"_iconUrl": "https://maps.gsi.go.jp/portal/sys/v4/symbols/826.png",
				"_iconSize": [
					16,
					16
				],
				"_iconAnchor": [
					8,
					8
				]
			}
		},
		{
			"type": "Feature",
			"geometry": {
				"type": "Point",
				"coordinates": [
					 139.8362,
					 36.7564
				]
			},
			"properties": {
				"name": "JA/TG-075(石尊山)",
				"読み":"Sekisonsan",
				"標高":"481m 1pt ",
				"GL":"PM96ws",
				"市郡区":"G#15005F ",
				"登山日":"",
				"メモ":"",
				"_markerType": "Icon",
				"_iconUrl": "https://maps.gsi.go.jp/portal/sys/v4/symbols/826.png",
				"_iconSize": [
					16,
					16
				],
				"_iconAnchor": [
					8,
					8
				]
			}
		},
		{
			"type": "Feature",
			"geometry": {
				"type": "Point",
				"coordinates": [
					 139.7168,
					 36.6175
				]
			},
			"properties": {
				"name": "JA/TG-076(次石山)",
				"読み":"Tsugeshiyama",
				"標高":"473m 1pt ",
				"GL":"PM96uo",
				"市郡区":"C#1505 / C#1506 ",
				"登山日":"",
				"メモ":"",
				"_markerType": "Icon",
				"_iconUrl": "https://maps.gsi.go.jp/portal/sys/v4/symbols/826.png",
				"_iconSize": [
					16,
					16
				],
				"_iconAnchor": [
					8,
					8
				]
			}
		},
		{
			"type": "Feature",
			"geometry": {
				"type": "Point",
				"coordinates": [
					 139.8806,
					 36.7083
				]
			},
			"properties": {
				"name": "JA/TG-077(羽黒山)",
				"読み":"Hagurosan",
				"標高":"470m 1pt ",
				"GL":"PM96wq",
				"市郡区":"C#1501 ",
				"登山日":"",
				"メモ":"",
				"_markerType": "Icon",
				"_iconUrl": "https://maps.gsi.go.jp/portal/sys/v4/symbols/826.png",
				"_iconSize": [
					16,
					16
				],
				"_iconAnchor": [
					8,
					8
				]
			}
		},
		{
			"type": "Feature",
			"geometry": {
				"type": "Point",
				"coordinates": [
					 139.6317,
					 36.4459
				]
			},
			"properties": {
				"name": "JA/TG-078(蓬莱山)",
				"読み":"Houraisan",
				"標高":"467m 1pt ",
				"GL":"PM96tk",
				"市郡区":"C#1503 ",
				"登山日":"",
				"メモ":"",
				"_markerType": "Icon",
				"_iconUrl": "https://maps.gsi.go.jp/portal/sys/v4/symbols/826.png",
				"_iconSize": [
					16,
					16
				],
				"_iconAnchor": [
					8,
					8
				]
			}
		},
		{
			"type": "Feature",
			"geometry": {
				"type": "Point",
				"coordinates": [
					 139.7277,
					 36.6705
				]
			},
			"properties": {
				"name": "JA/TG-079(城山)",
				"読み":"Shiroyama",
				"標高":"443m 1pt ",
				"GL":"PM96uq",
				"市郡区":"C#1506 ",
				"登山日":"",
				"メモ":"",
				"_markerType": "Icon",
				"_iconUrl": "https://maps.gsi.go.jp/portal/sys/v4/symbols/826.png",
				"_iconSize": [
					16,
					16
				],
				"_iconAnchor": [
					8,
					8
				]
			}
		},
		{
			"type": "Feature",
			"geometry": {
				"type": "Point",
				"coordinates": [
					 139.4373,
					 36.3775
				]
			},
			"properties": {
				"name": "JA/TG-080(行道山)",
				"読み":"Gyoudouzan",
				"標高":"443m 1pt ",
				"GL":"PM96rj",
				"市郡区":"C#1502 ",
				"登山日":"",
				"メモ":"",
				"_markerType": "Icon",
				"_iconUrl": "https://maps.gsi.go.jp/portal/sys/v4/symbols/826.png",
				"_iconSize": [
					16,
					16
				],
				"_iconAnchor": [
					8,
					8
				]
			}
		},
		{
			"type": "Feature",
			"geometry": {
				"type": "Point",
				"coordinates": [
					 139.457,
					 36.4103
				]
			},
			"properties": {
				"name": "JA/TG-081(点438)",
				"読み":"P438",
				"標高":"438m 1pt ",
				"GL":"PM96rj",
				"市郡区":"C#1502 ",
				"登山日":"",
				"メモ":"",
				"_markerType": "Icon",
				"_iconUrl": "https://maps.gsi.go.jp/portal/sys/v4/symbols/826.png",
				"_iconSize": [
					16,
					16
				],
				"_iconAnchor": [
					8,
					8
				]
			}
		},
		{
			"type": "Feature",
			"geometry": {
				"type": "Point",
				"coordinates": [
					 139.6754,
					 36.3603
				]
			},
			"properties": {
				"name": "JA/TG-082(晃石山)",
				"読み":"Teruishisan",
				"標高":"419m 1pt ",
				"GL":"PM96ui",
				"市郡区":"C#1503 ",
				"登山日":"",
				"メモ":"",
				"_markerType": "Icon",
				"_iconUrl": "https://maps.gsi.go.jp/portal/sys/v4/symbols/826.png",
				"_iconSize": [
					16,
					16
				],
				"_iconAnchor": [
					8,
					8
				]
			}
		},
		{
			"type": "Feature",
			"geometry": {
				"type": "Point",
				"coordinates": [
					 139.6425,
					 36.4092
				]
			},
			"properties": {
				"name": "JA/TG-083(点390)",
				"読み":"P390",
				"標高":"390m 1pt ",
				"GL":"PM96tj",
				"市郡区":"C#1503 / C#1504 ",
				"登山日":"",
				"メモ":"",
				"_markerType": "Icon",
				"_iconUrl": "https://maps.gsi.go.jp/portal/sys/v4/symbols/826.png",
				"_iconSize": [
					16,
					16
				],
				"_iconAnchor": [
					8,
					8
				]
			}
		},
		{
			"type": "Feature",
			"geometry": {
				"type": "Point",
				"coordinates": [
					 139.5109,
					 36.8073
				]
			},
			"properties": {
				"name": "JA/TG-084(小真名子山)",
				"読み":"Komanakosan",
				"標高":"2323m 10pt ",
				"GL":"PM96st",
				"市郡区":"C#1506 ",
				"登山日":"",
				"メモ":"",
				"_markerType": "Icon",
				"_iconUrl": "https://maps.gsi.go.jp/portal/sys/v4/symbols/101.png",
				"_iconSize": [
					16,
					16
				],
				"_iconAnchor": [
					8,
					8
				]
			}
		},
		{
			"type": "Feature",
			"geometry": {
				"type": "Point",
				"coordinates": [
					 139.463,
					 36.818
				]
			},
			"properties": {
				"name": "JA/TG-085(山王帽子山)",
				"読み":"Sannouboushisan",
				"標高":"2077m 10pt ",
				"GL":"PM96rt",
				"市郡区":"C#1506 ",
				"登山日":"",
				"メモ":"",
				"_markerType": "Icon",
				"_iconUrl": "https://maps.gsi.go.jp/portal/sys/v4/symbols/101.png",
				"_iconSize": [
					16,
					16
				],
				"_iconAnchor": [
					8,
					8
				]
			}
		},
		{
			"type": "Feature",
			"geometry": {
				"type": "Point",
				"coordinates": [
					 139.4477,
					 36.827
				]
			},
			"properties": {
				"name": "JA/TG-086(於呂倶羅山)",
				"読み":"Orokurayama",
				"標高":"2020m 10pt ",
				"GL":"PM96rt",
				"市郡区":"C#1506 ",
				"登山日":"",
				"メモ":"",
				"_markerType": "Icon",
				"_iconUrl": "https://maps.gsi.go.jp/portal/sys/v4/symbols/101.png",
				"_iconSize": [
					16,
					16
				],
				"_iconAnchor": [
					8,
					8
				]
			}
		},
		{
			"type": "Feature",
			"geometry": {
				"type": "Point",
				"coordinates": [
					 139.3275,
					 36.6494
				]
			},
			"properties": {
				"name": "JA/TG-087(袈裟丸山)",
				"読み":"Kesamaruyama",
				"標高":"1961m 10pt ",
				"GL":"PM96pp",
				"市郡区":"C#1506 / C#1606 ",
				"登山日":"",
				"メモ":"",
				"_markerType": "Icon",
				"_iconUrl": "https://maps.gsi.go.jp/portal/sys/v4/symbols/101.png",
				"_iconSize": [
					16,
					16
				],
				"_iconAnchor": [
					8,
					8
				]
			}
		},
		{
			"type": "Feature",
			"geometry": {
				"type": "Point",
				"coordinates": [
					 139.4767,
					 36.8446
				]
			},
			"properties": {
				"name": "JA/TG-088(熊ノ沢山(三角点))",
				"読み":"Kumanosawayama",
				"標高":"1798m 10pt ",
				"GL":"PM96ru",
				"市郡区":"C#1506 ",
				"登山日":"",
				"メモ":"",
				"_markerType": "Icon",
				"_iconUrl": "https://maps.gsi.go.jp/portal/sys/v4/symbols/101.png",
				"_iconSize": [
					16,
					16
				],
				"_iconAnchor": [
					8,
					8
				]
			}
		},
		{
			"type": "Feature",
			"geometry": {
				"type": "Point",
				"coordinates": [
					 139.8253,
					 37.0313
				]
			},
			"properties": {
				"name": "JA/TG-089(長者岳)",
				"読み":"Chojyadake",
				"標高":"1640m 10pt ",
				"GL":"PM97va",
				"市郡区":"C#1513 ",
				"登山日":"",
				"メモ":"",
				"_markerType": "Icon",
				"_iconUrl": "https://maps.gsi.go.jp/portal/sys/v4/symbols/101.png",
				"_iconSize": [
					16,
					16
				],
				"_iconAnchor": [
					8,
					8
				]
			}
		},
		{
			"type": "Feature",
			"geometry": {
				"type": "Point",
				"coordinates": [
					 139.9188,
					 37.1101
				]
			},
			"properties": {
				"name": "JA/TG-090(西ボッチ)",
				"読み":"Nishibotchi",
				"標高":"1410m 8pt ",
				"GL":"PM97xc",
				"市郡区":"C#1513 ",
				"登山日":"",
				"メモ":"",
				"_markerType": "Icon",
				"_iconUrl": "https://maps.gsi.go.jp/portal/sys/v4/symbols/104.png",
				"_iconSize": [
					16,
					16
				],
				"_iconAnchor": [
					8,
					8
				]
			}
		},
		{
			"type": "Feature",
			"geometry": {
				"type": "Point",
				"coordinates": [
					 139.8746,
					 37.084
				]
			},
			"properties": {
				"name": "JA/TG-091(法螺ノ貝(三角点))",
				"読み":"Horanokai",
				"標高":"1407m 8pt ",
				"GL":"PM97wc",
				"市郡区":"C#1513 ",
				"登山日":"",
				"メモ":"",
				"_markerType": "Icon",
				"_iconUrl": "https://maps.gsi.go.jp/portal/sys/v4/symbols/104.png",
				"_iconSize": [
					16,
					16
				],
				"_iconAnchor": [
					8,
					8
				]
			}
		},
		{
			"type": "Feature",
			"geometry": {
				"type": "Point",
				"coordinates": [
					 139.8872,
					 37.1075
				]
			},
			"properties": {
				"name": "JA/TG-092(点1357)",
				"読み":"JA/TG-092",
				"標高":"1357m 8pt ",
				"GL":"PM97wc",
				"市郡区":"C#1513 ",
				"登山日":"",
				"メモ":"",
				"_markerType": "Icon",
				"_iconUrl": "https://maps.gsi.go.jp/portal/sys/v4/symbols/104.png",
				"_iconSize": [
					16,
					16
				],
				"_iconAnchor": [
					8,
					8
				]
			}
		},
		{
			"type": "Feature",
			"geometry": {
				"type": "Point",
				"coordinates": [
					 139.6484,
					 37.0037
				]
			},
			"properties": {
				"name": "JA/TG-093(日向倉山)",
				"読み":"Hinatakurayama",
				"標高":"1342m 8pt ",
				"GL":"PM97ta",
				"市郡区":"C#1506 ",
				"登山日":"",
				"メモ":"",
				"_markerType": "Icon",
				"_iconUrl": "https://maps.gsi.go.jp/portal/sys/v4/symbols/104.png",
				"_iconSize": [
					16,
					16
				],
				"_iconAnchor": [
					8,
					8
				]
			}
		},
		{
			"type": "Feature",
			"geometry": {
				"type": "Point",
				"coordinates": [
					 139.4653,
					 36.6088
				]
			},
			"properties": {
				"name": "JA/TG-094(地蔵岳)",
				"読み":"Jizoudake",
				"標高":"1274m 8pt ",
				"GL":"PM96ro",
				"市郡区":"C#1506 / C#1505 ",
				"登山日":"",
				"メモ":"",
				"_markerType": "Icon",
				"_iconUrl": "https://maps.gsi.go.jp/portal/sys/v4/symbols/104.png",
				"_iconSize": [
					16,
					16
				],
				"_iconAnchor": [
					8,
					8
				]
			}
		},
		{
			"type": "Feature",
			"geometry": {
				"type": "Point",
				"coordinates": [
					 139.7923,
					 37.0083
				]
			},
			"properties": {
				"name": "JA/TG-095(比津羅山)",
				"読み":"Hizurayama",
				"標高":"1201m 8pt ",
				"GL":"PM97va",
				"市郡区":"C#1513 ",
				"登山日":"",
				"メモ":"",
				"_markerType": "Icon",
				"_iconUrl": "https://maps.gsi.go.jp/portal/sys/v4/symbols/104.png",
				"_iconSize": [
					16,
					16
				],
				"_iconAnchor": [
					8,
					8
				]
			}
		},
		{
			"type": "Feature",
			"geometry": {
				"type": "Point",
				"coordinates": [
					 139.7886,
					 36.9533
				]
			},
			"properties": {
				"name": "JA/TG-096(富士山)",
				"読み":"Fujiyama",
				"標高":"1184m 8pt ",
				"GL":"PM96vw",
				"市郡区":"C#1513 ",
				"登山日":"",
				"メモ":"",
				"_markerType": "Icon",
				"_iconUrl": "https://maps.gsi.go.jp/portal/sys/v4/symbols/104.png",
				"_iconSize": [
					16,
					16
				],
				"_iconAnchor": [
					8,
					8
				]
			}
		},
		{
			"type": "Feature",
			"geometry": {
				"type": "Point",
				"coordinates": [
					 139.7739,
					 37.0012
				]
			},
			"properties": {
				"name": "JA/TG-097(若見山)",
				"読み":"Wakamiyama",
				"標高":"1126m 8pt ",
				"GL":"PM97va",
				"市郡区":"C#1513 ",
				"登山日":"",
				"メモ":"",
				"_markerType": "Icon",
				"_iconUrl": "https://maps.gsi.go.jp/portal/sys/v4/symbols/104.png",
				"_iconSize": [
					16,
					16
				],
				"_iconAnchor": [
					8,
					8
				]
			}
		},
		{
			"type": "Feature",
			"geometry": {
				"type": "Point",
				"coordinates": [
					 139.6089,
					 36.9821
				]
			},
			"properties": {
				"name": "JA/TG-098(徳利山(三角点))",
				"読み":"Tokuriyama",
				"標高":"1107m 8pt ",
				"GL":"PM96tx",
				"市郡区":"C#1506 ",
				"登山日":"",
				"メモ":"",
				"_markerType": "Icon",
				"_iconUrl": "https://maps.gsi.go.jp/portal/sys/v4/symbols/104.png",
				"_iconSize": [
					16,
					16
				],
				"_iconAnchor": [
					8,
					8
				]
			}
		},
		{
			"type": "Feature",
			"geometry": {
				"type": "Point",
				"coordinates": [
					 139.5532,
					 36.6234
				]
			},
			"properties": {
				"name": "JA/TG-099(大滝山)",
				"読み":"Ootakiyama",
				"標高":"1070m 6pt ",
				"GL":"PM96so",
				"市郡区":"C#1505 ",
				"登山日":"",
				"メモ":"",
				"_markerType": "Icon",
				"_iconUrl": "https://maps.gsi.go.jp/portal/sys/v4/symbols/103.png",
				"_iconSize": [
					16,
					16
				],
				"_iconAnchor": [
					8,
					8
				]
			}
		},
		{
			"type": "Feature",
			"geometry": {
				"type": "Point",
				"coordinates": [
					 139.7132,
					 36.8739
				]
			},
			"properties": {
				"name": "JA/TG-100(二枚橋(三角点))",
				"読み":"Nimaibashi",
				"標高":"951m 6pt ",
				"GL":"PM96uu",
				"市郡区":"C#1506 ",
				"登山日":"",
				"メモ":"",
				"_markerType": "Icon",
				"_iconUrl": "https://maps.gsi.go.jp/portal/sys/v4/symbols/103.png",
				"_iconSize": [
					16,
					16
				],
				"_iconAnchor": [
					8,
					8
				]
			}
		},
		{
			"type": "Feature",
			"geometry": {
				"type": "Point",
				"coordinates": [
					 139.7564,
					 36.8469
				]
			},
			"properties": {
				"name": "JA/TG-101(笠松(三角点))",
				"読み":"Kasamatsu",
				"標高":"903m 6pt ",
				"GL":"PM96vu",
				"市郡区":"C#1506 / G#15005F ",
				"登山日":"",
				"メモ":"",
				"_markerType": "Icon",
				"_iconUrl": "https://maps.gsi.go.jp/portal/sys/v4/symbols/103.png",
				"_iconSize": [
					16,
					16
				],
				"_iconAnchor": [
					8,
					8
				]
			}
		},
		{
			"type": "Feature",
			"geometry": {
				"type": "Point",
				"coordinates": [
					 139.5804,
					 36.6009
				]
			},
			"properties": {
				"name": "JA/TG-102(月山)",
				"読み":"Gassan",
				"標高":"890m 6pt ",
				"GL":"PM96so",
				"市郡区":"C#1505 ",
				"登山日":"",
				"メモ":"",
				"_markerType": "Icon",
				"_iconUrl": "https://maps.gsi.go.jp/portal/sys/v4/symbols/103.png",
				"_iconSize": [
					16,
					16
				],
				"_iconAnchor": [
					8,
					8
				]
			}
		},
		{
			"type": "Feature",
			"geometry": {
				"type": "Point",
				"coordinates": [
					 139.7496,
					 36.823
				]
			},
			"properties": {
				"name": "JA/TG-103(点770)",
				"読み":"P770",
				"標高":"770m 4pt ",
				"GL":"PM96ut",
				"市郡区":"G#15005F ",
				"登山日":"",
				"メモ":"",
				"_markerType": "Icon",
				"_iconUrl": "https://maps.gsi.go.jp/portal/sys/v4/symbols/828.png",
				"_iconSize": [
					16,
					16
				],
				"_iconAnchor": [
					8,
					8
				]
			}
		},
		{
			"type": "Feature",
			"geometry": {
				"type": "Point",
				"coordinates": [
					 139.5743,
					 36.526
				]
			},
			"properties": {
				"name": "JA/TG-104(高谷山)",
				"読み":"Takayasan",
				"標高":"602m 2pt ",
				"GL":"PM96sm",
				"市郡区":"C#1505 ",
				"登山日":"",
				"メモ":"",
				"_markerType": "Icon",
				"_iconUrl": "https://maps.gsi.go.jp/portal/sys/v4/symbols/102.png",
				"_iconSize": [
					16,
					16
				],
				"_iconAnchor": [
					8,
					8
				]
			}
		},
		{
			"type": "Feature",
			"geometry": {
				"type": "Point",
				"coordinates": [
					 139.6901,
					 36.753
				]
			},
			"properties": {
				"name": "JA/TG-105(毘沙門山)",
				"読み":"Bisyamonyama",
				"標高":"586m 2pt ",
				"GL":"PM96us",
				"市郡区":"C#1506 ",
				"登山日":"",
				"メモ":"",
				"_markerType": "Icon",
				"_iconUrl": "https://maps.gsi.go.jp/portal/sys/v4/symbols/102.png",
				"_iconSize": [
					16,
					16
				],
				"_iconAnchor": [
					8,
					8
				]
			}
		},
		{
			"type": "Feature",
			"geometry": {
				"type": "Point",
				"coordinates": [
					 139.5532,
					 36.4827
				]
			},
			"properties": {
				"name": "JA/TG-106(戸叶山)",
				"読み":"Tokanoyama",
				"標高":"530m 2pt ",
				"GL":"PM96sl",
				"市郡区":"C#1504 ",
				"登山日":"",
				"メモ":"",
				"_markerType": "Icon",
				"_iconUrl": "https://maps.gsi.go.jp/portal/sys/v4/symbols/102.png",
				"_iconSize": [
					16,
					16
				],
				"_iconAnchor": [
					8,
					8
				]
			}
		},
		{
			"type": "Feature",
			"geometry": {
				"type": "Point",
				"coordinates": [
					 140.1622,
					 36.8462
				]
			},
			"properties": {
				"name": "JA/TG-107(御亭山)",
				"読み":"Koteyasan",
				"標高":"512m 2pt ",
				"GL":"QM06bu",
				"市郡区":"C#1510 ",
				"登山日":"",
				"メモ":"",
				"_markerType": "Icon",
				"_iconUrl": "https://maps.gsi.go.jp/portal/sys/v4/symbols/102.png",
				"_iconSize": [
					16,
					16
				],
				"_iconAnchor": [
					8,
					8
				]
			}
		},
		{
			"type": "Feature",
			"geometry": {
				"type": "Point",
				"coordinates": [
					 139.8178,
					 36.6572
				]
			},
			"properties": {
				"name": "JA/TG-108(半蔵山)",
				"読み":"Hanzouyama",
				"標高":"502m 2pt ",
				"GL":"PM96vp",
				"市郡区":"C#1501 ",
				"登山日":"",
				"メモ":"",
				"_markerType": "Icon",
				"_iconUrl": "https://maps.gsi.go.jp/portal/sys/v4/symbols/102.png",
				"_iconSize": [
					16,
					16
				],
				"_iconAnchor": [
					8,
					8
				]
			}
		},
		{
			"type": "Feature",
			"geometry": {
				"type": "Point",
				"coordinates": [
					 139.7858,
					 36.6918
				]
			},
			"properties": {
				"name": "JA/TG-109(寅己山)",
				"読み":"Toramiyama",
				"標高":"445m 1pt ",
				"GL":"PM96vq",
				"市郡区":"C#1506 / C#1501 ",
				"登山日":"",
				"メモ":"",
				"_markerType": "Icon",
				"_iconUrl": "https://maps.gsi.go.jp/portal/sys/v4/symbols/826.png",
				"_iconSize": [
					16,
					16
				],
				"_iconAnchor": [
					8,
					8
				]
			}
		},
		{
			"type": "Feature",
			"geometry": {
				"type": "Point",
				"coordinates": [
					 139.8038,
					 36.6051
				]
			},
			"properties": {
				"name": "JA/TG-110(多気山)",
				"読み":"Tagesan",
				"標高":"376m 1pt ",
				"GL":"PM96vo",
				"市郡区":"C#1501 ",
				"登山日":"",
				"メモ":"",
				"_markerType": "Icon",
				"_iconUrl": "https://maps.gsi.go.jp/portal/sys/v4/symbols/826.png",
				"_iconSize": [
					16,
					16
				],
				"_iconAnchor": [
					8,
					8
				]
			}
		},
		{
			"type": "Feature",
			"geometry": {
				"type": "Point",
				"coordinates": [
					 139.5034,
					 36.3874
				]
			},
			"properties": {
				"name": "JA/TG-111(山王山)",
				"読み":"Sannousan",
				"標高":"363m 1pt ",
				"GL":"PM96sj",
				"市郡区":"C#1504 / C#1502 ",
				"登山日":"",
				"メモ":"",
				"_markerType": "Icon",
				"_iconUrl": "https://maps.gsi.go.jp/portal/sys/v4/symbols/826.png",
				"_iconSize": [
					16,
					16
				],
				"_iconAnchor": [
					8,
					8
				]
			}
		},
		{
			"type": "Feature",
			"geometry": {
				"type": "Point",
				"coordinates": [
					 140.2102,
					 36.7634
				]
			},
			"properties": {
				"name": "JA/TG-112(石生山)",
				"読み":"Ishiyama",
				"標高":"350m 1pt ",
				"GL":"QM06cs",
				"市郡区":"G#15007J ",
				"登山日":"",
				"メモ":"",
				"_markerType": "Icon",
				"_iconUrl": "https://maps.gsi.go.jp/portal/sys/v4/symbols/826.png",
				"_iconSize": [
					16,
					16
				],
				"_iconAnchor": [
					8,
					8
				]
			}
		},
		{
			"type": "Feature",
			"geometry": {
				"type": "Point",
				"coordinates": [
					 139.6174,
					 36.3741
				]
			},
			"properties": {
				"name": "JA/TG-113(諏訪岳)",
				"読み":"Suwadake",
				"標高":"324m 1pt ",
				"GL":"PM96ti",
				"市郡区":"C#1504 / C#1503 ",
				"登山日":"",
				"メモ":"",
				"_markerType": "Icon",
				"_iconUrl": "https://maps.gsi.go.jp/portal/sys/v4/symbols/826.png",
				"_iconSize": [
					16,
					16
				],
				"_iconAnchor": [
					8,
					8
				]
			}
		},
		{
			"type": "Feature",
			"geometry": {
				"type": "Point",
				"coordinates": [
					 139.6292,
					 36.316
				]
			},
			"properties": {
				"name": "JA/TG-114(三毳山(青竜ヶ岳))",
				"読み":"Mikamoyama(Seiryugatake)",
				"標高":"229m 1pt ",
				"GL":"PM96th",
				"市郡区":"C#1504 / C#1503 ",
				"登山日":"",
				"メモ":"",
				"_markerType": "Icon",
				"_iconUrl": "https://maps.gsi.go.jp/portal/sys/v4/symbols/826.png",
				"_iconSize": [
					16,
					16
				],
				"_iconAnchor": [
					8,
					8
				]
			}
		},
		{
			"type": "Feature",
			"geometry": {
				"type": "Point",
				"coordinates": [
					 139.66537,
					 36.955396
				]
			},
			"properties": {
				"name": "JA/TG-115(高瀬山)",
				"読み":"Takaseyama",
				"標高":"1277m 8pt ",
				"GL":"PM96tw",
				"市郡区":"C#1506 ",
				"登山日":"",
				"メモ":"",
				"_markerType": "Icon",
				"_iconUrl": "https://maps.gsi.go.jp/portal/sys/v4/symbols/104.png",
				"_iconSize": [
					16,
					16
				],
				"_iconAnchor": [
					8,
					8
				]
			}
		},
		{
			"type": "Feature",
			"geometry": {
				"type": "Point",
				"coordinates": [
					 139.587865,
					 36.664008
				]
			},
			"properties": {
				"name": "JA/TG-116(点954)",
				"読み":"P954",
				"標高":"954m 6pt ",
				"GL":"PM96tp",
				"市郡区":"C#1505 / C#1506 ",
				"登山日":"",
				"メモ":"",
				"_markerType": "Icon",
				"_iconUrl": "https://maps.gsi.go.jp/portal/sys/v4/symbols/103.png",
				"_iconSize": [
					16,
					16
				],
				"_iconAnchor": [
					8,
					8
				]
			}
		},
		{
			"type": "Feature",
			"geometry": {
				"type": "Point",
				"coordinates": [
					 139.642888,
					 36.634656
				]
			},
			"properties": {
				"name": "JA/TG-117(天久山)",
				"読み":"Tenkyuyama(Tenkiyama)",
				"標高":"786m 4pt ",
				"GL":"PM96tp",
				"市郡区":"C#1505 ",
				"登山日":"",
				"メモ":"",
				"_markerType": "Icon",
				"_iconUrl": "https://maps.gsi.go.jp/portal/sys/v4/symbols/828.png",
				"_iconSize": [
					16,
					16
				],
				"_iconAnchor": [
					8,
					8
				]
			}
		},
		{
			"type": "Feature",
			"geometry": {
				"type": "Point",
				"coordinates": [
					 139.44412,
					 36.454703
				]
			},
			"properties": {
				"name": "JA/TG-118(多高山)",
				"読み":"Takousan",
				"標高":"608m 2pt ",
				"GL":"PM96rk",
				"市郡区":"C#1504 ",
				"登山日":"",
				"メモ":"",
				"_markerType": "Icon",
				"_iconUrl": "https://maps.gsi.go.jp/portal/sys/v4/symbols/102.png",
				"_iconSize": [
					16,
					16
				],
				"_iconAnchor": [
					8,
					8
				]
			}
		},
		{
			"type": "Feature",
			"geometry": {
				"type": "Point",
				"coordinates": [
					 139.708183,
					 36.534657
				]
			},
			"properties": {
				"name": "JA/TG-119(大沢山)",
				"読み":"Oosawayama",
				"標高":"328m 1pt ",
				"GL":"PM96un",
				"市郡区":"C#1505 ",
				"登山日":"",
				"メモ":"",
				"_markerType": "Icon",
				"_iconUrl": "https://maps.gsi.go.jp/portal/sys/v4/symbols/826.png",
				"_iconSize": [
					16,
					16
				],
				"_iconAnchor": [
					8,
					8
				]
			}
		},
		{
			"type": "Feature",
			"geometry": {
				"type": "Point",
				"coordinates": [
					 139.517135,
					 36.33345
				]
			},
			"properties": {
				"name": "JA/TG-120(大小山(妙義山))",
				"読み":"Daisyouyama(Myougisan)",
				"標高":"314m 1pt ",
				"GL":"PM96si",
				"市郡区":"C#1504 / C#1502 ",
				"登山日":"",
				"メモ":"",
				"_markerType": "Icon",
				"_iconUrl": "https://maps.gsi.go.jp/portal/sys/v4/symbols/826.png",
				"_iconSize": [
					16,
					16
				],
				"_iconAnchor": [
					8,
					8
				]
			}
		},
		{
			"type": "Feature",
			"geometry": {
				"type": "Point",
				"coordinates": [
					 138.9438,
					 35.8555
				]
			},
			"properties": {
				"name": "JA/TK-001(雲取山)",
				"読み":"Kumotoriyama",
				"標高":"2017m 10pt ",
				"GL":"PM95lu",
				"市郡区":"G#10002F / C#1307 / G#17002B",
				"登山日":"",
				"メモ":"",
				"_markerType": "Icon",
				"_iconUrl": "https://maps.gsi.go.jp/portal/sys/v4/symbols/101.png",
				"_iconSize": [
					16,
					16
				],
				"_iconAnchor": [
					8,
					8
				]
			}
		},
		{
			"type": "Feature",
			"geometry": {
				"type": "Point",
				"coordinates": [
					 138.9543,
					 35.8741
				]
			},
			"properties": {
				"name": "JA/TK-002(芋木ノドッケ)",
				"読み":"Imokinodokke",
				"標高":"1946m 10pt ",
				"GL":"PM95lu",
				"市郡区":"G#10002F / C#1307 ",
				"登山日":"",
				"メモ":"",
				"_markerType": "Icon",
				"_iconUrl": "https://maps.gsi.go.jp/portal/sys/v4/symbols/101.png",
				"_iconSize": [
					16,
					16
				],
				"_iconAnchor": [
					8,
					8
				]
			}
		},
		{
			"type": "Feature",
			"geometry": {
				"type": "Point",
				"coordinates": [
					 139.0123,
					 35.8299
				]
			},
			"properties": {
				"name": "JA/TK-003(鷹ノ巣山)",
				"読み":"Takanosuyama",
				"標高":"1737m 10pt ",
				"GL":"PM95mt",
				"市郡区":"G#10002F ",
				"登山日":"",
				"メモ":"",
				"_markerType": "Icon",
				"_iconUrl": "https://maps.gsi.go.jp/portal/sys/v4/symbols/101.png",
				"_iconSize": [
					16,
					16
				],
				"_iconAnchor": [
					8,
					8
				]
			}
		},
		{
			"type": "Feature",
			"geometry": {
				"type": "Point",
				"coordinates": [
					 139.0102,
					 35.8971
				]
			},
			"properties": {
				"name": "JA/TK-004(酉谷山)",
				"読み":"Toridaniyama",
				"標高":"1718m 10pt ",
				"GL":"PM95mv",
				"市郡区":"G#10002F / C#1307 ",
				"登山日":"",
				"メモ":"",
				"_markerType": "Icon",
				"_iconUrl": "https://maps.gsi.go.jp/portal/sys/v4/symbols/101.png",
				"_iconSize": [
					16,
					16
				],
				"_iconAnchor": [
					8,
					8
				]
			}
		},
		{
			"type": "Feature",
			"geometry": {
				"type": "Point",
				"coordinates": [
					 139.0137,
					 35.739
				]
			},
			"properties": {
				"name": "JA/TK-005(三頭山)",
				"読み":"Mitousan",
				"標高":"1531m 10pt ",
				"GL":"PM95mr",
				"市郡区":"G#10002F / G#10002D ",
				"登山日":"",
				"メモ":"",
				"_markerType": "Icon",
				"_iconUrl": "https://maps.gsi.go.jp/portal/sys/v4/symbols/101.png",
				"_iconSize": [
					16,
					16
				],
				"_iconAnchor": [
					8,
					8
				]
			}
		},
		{
			"type": "Feature",
			"geometry": {
				"type": "Point",
				"coordinates": [
					 139.0807,
					 35.7701
				]
			},
			"properties": {
				"name": "JA/TK-006(御前山)",
				"読み":"Gozenyama",
				"標高":"1405m 8pt ",
				"GL":"PM95ms",
				"市郡区":"G#10002D / G#10002F ",
				"登山日":"",
				"メモ":"",
				"_markerType": "Icon",
				"_iconUrl": "https://maps.gsi.go.jp/portal/sys/v4/symbols/104.png",
				"_iconSize": [
					16,
					16
				],
				"_iconAnchor": [
					8,
					8
				]
			}
		},
		{
			"type": "Feature",
			"geometry": {
				"type": "Point",
				"coordinates": [
					 139.1304,
					 35.7652
				]
			},
			"properties": {
				"name": "JA/TK-007(大岳山)",
				"読み":"Oodakesan",
				"標高":"1267m 8pt ",
				"GL":"PM95ns",
				"市郡区":"G#10002D / G#10002F ",
				"登山日":"",
				"メモ":"",
				"_markerType": "Icon",
				"_iconUrl": "https://maps.gsi.go.jp/portal/sys/v4/symbols/104.png",
				"_iconSize": [
					16,
					16
				],
				"_iconAnchor": [
					8,
					8
				]
			}
		},
		{
			"type": "Feature",
			"geometry": {
				"type": "Point",
				"coordinates": [
					 139.1019,
					 35.83
				]
			},
			"properties": {
				"name": "JA/TK-008(本仁田山)",
				"読み":"Honitayama",
				"標高":"1225m 8pt ",
				"GL":"PM95nt",
				"市郡区":"G#10002F ",
				"登山日":"",
				"メモ":"",
				"_markerType": "Icon",
				"_iconUrl": "https://maps.gsi.go.jp/portal/sys/v4/symbols/104.png",
				"_iconSize": [
					16,
					16
				],
				"_iconAnchor": [
					8,
					8
				]
			}
		},
		{
			"type": "Feature",
			"geometry": {
				"type": "Point",
				"coordinates": [
					 141.4636,
					 24.2339
				]
			},
			"properties": {
				"name": "JA/TK-009(南硫黄島)",
				"読み":"SouthIwoJima",
				"標高":"916m 6pt ",
				"GL":"QL04rf",
				"市郡区":"G#10007A ",
				"登山日":"",
				"メモ":"",
				"_markerType": "Icon",
				"_iconUrl": "https://maps.gsi.go.jp/portal/sys/v4/symbols/103.png",
				"_iconSize": [
					16,
					16
				],
				"_iconAnchor": [
					8,
					8
				]
			}
		},
		{
			"type": "Feature",
			"geometry": {
				"type": "Point",
				"coordinates": [
					 139.7661,
					 33.137
				]
			},
			"properties": {
				"name": "JA/TK-010(西山(八丈富士))",
				"読み":"Nishiyama/Hachijoufuji",
				"標高":"854m 6pt ",
				"GL":"PM93vd",
				"市郡区":"G#10006A ",
				"登山日":"",
				"メモ":"",
				"_markerType": "Icon",
				"_iconUrl": "https://maps.gsi.go.jp/portal/sys/v4/symbols/103.png",
				"_iconSize": [
					16,
					16
				],
				"_iconAnchor": [
					8,
					8
				]
			}
		},
		{
			"type": "Feature",
			"geometry": {
				"type": "Point",
				"coordinates": [
					 139.6018,
					 33.8744
				]
			},
			"properties": {
				"name": "JA/TK-011(御山)",
				"読み":"Oyama",
				"標高":"851m 6pt ",
				"GL":"PM93tu",
				"市郡区":"G#10005B ",
				"登山日":"",
				"メモ":"",
				"_markerType": "Icon",
				"_iconUrl": "https://maps.gsi.go.jp/portal/sys/v4/symbols/103.png",
				"_iconSize": [
					16,
					16
				],
				"_iconAnchor": [
					8,
					8
				]
			}
		},
		{
			"type": "Feature",
			"geometry": {
				"type": "Point",
				"coordinates": [
					 139.1654,
					 35.7065
				]
			},
			"properties": {
				"name": "JA/TK-012(臼杵山)",
				"読み":"Usugiyama",
				"標高":"842m 4pt ",
				"GL":"PM95nq",
				"市郡区":"G#10002D / C#1029 ",
				"登山日":"",
				"メモ":"",
				"_markerType": "Icon",
				"_iconUrl": "https://maps.gsi.go.jp/portal/sys/v4/symbols/828.png",
				"_iconSize": [
					16,
					16
				],
				"_iconAnchor": [
					8,
					8
				]
			}
		},
		{
			"type": "Feature",
			"geometry": {
				"type": "Point",
				"coordinates": [
					 141.2812,
					 25.4277
				]
			},
			"properties": {
				"name": "JA/TK-013(榊ヶ峰(硫黄島))",
				"読み":"Sakakigamine/North_Iwo_Jima",
				"標高":"792m 4pt ",
				"GL":"QL05pk",
				"市郡区":"G#10007A ",
				"登山日":"",
				"メモ":"",
				"_markerType": "Icon",
				"_iconUrl": "https://maps.gsi.go.jp/portal/sys/v4/symbols/828.png",
				"_iconSize": [
					16,
					16
				],
				"_iconAnchor": [
					8,
					8
				]
			}
		},
		{
			"type": "Feature",
			"geometry": {
				"type": "Point",
				"coordinates": [
					 139.526,
					 34.0935
				]
			},
			"properties": {
				"name": "JA/TK-014(雄山)",
				"読み":"Oyama",
				"標高":"775m 4pt ",
				"GL":"PM94sc",
				"市郡区":"G#10005A ",
				"登山日":"",
				"メモ":"",
				"_markerType": "Icon",
				"_iconUrl": "https://maps.gsi.go.jp/portal/sys/v4/symbols/828.png",
				"_iconSize": [
					16,
					16
				],
				"_iconAnchor": [
					8,
					8
				]
			}
		},
		{
			"type": "Feature",
			"geometry": {
				"type": "Point",
				"coordinates": [
					 139.3945,
					 34.7244
				]
			},
			"properties": {
				"name": "JA/TK-015(三原新山)",
				"読み":"Miharashinsan",
				"標高":"758m 4pt ",
				"GL":"PM94qr",
				"市郡区":"G#10004A ",
				"登山日":"",
				"メモ":"",
				"_markerType": "Icon",
				"_iconUrl": "https://maps.gsi.go.jp/portal/sys/v4/symbols/828.png",
				"_iconSize": [
					16,
					16
				],
				"_iconAnchor": [
					8,
					8
				]
			}
		},
		{
			"type": "Feature",
			"geometry": {
				"type": "Point",
				"coordinates": [
					 139.8122,
					 33.0921
				]
			},
			"properties": {
				"name": "JA/TK-016(三原山)",
				"読み":"Miharayama",
				"標高":"701m 4pt ",
				"GL":"PM93vc",
				"市郡区":"G#10006A ",
				"登山日":"",
				"メモ":"",
				"_markerType": "Icon",
				"_iconUrl": "https://maps.gsi.go.jp/portal/sys/v4/symbols/828.png",
				"_iconSize": [
					16,
					16
				],
				"_iconAnchor": [
					8,
					8
				]
			}
		},
		{
			"type": "Feature",
			"geometry": {
				"type": "Point",
				"coordinates": [
					 139.6883,
					 33.1256
				]
			},
			"properties": {
				"name": "JA/TK-017(大平山)",
				"読み":"Taiheizan",
				"標高":"617m 2pt ",
				"GL":"PM93ud",
				"市郡区":"G#10006A ",
				"登山日":"",
				"メモ":"",
				"_markerType": "Icon",
				"_iconUrl": "https://maps.gsi.go.jp/portal/sys/v4/symbols/102.png",
				"_iconSize": [
					16,
					16
				],
				"_iconAnchor": [
					8,
					8
				]
			}
		},
		{
			"type": "Feature",
			"geometry": {
				"type": "Point",
				"coordinates": [
					 139.1532,
					 34.2195
				]
			},
			"properties": {
				"name": "JA/TK-018(天上山)",
				"読み":"Tenjosan",
				"標高":"572m 2pt ",
				"GL":"PM94nf",
				"市郡区":"G#10004D ",
				"登山日":"",
				"メモ":"",
				"_markerType": "Icon",
				"_iconUrl": "https://maps.gsi.go.jp/portal/sys/v4/symbols/102.png",
				"_iconSize": [
					16,
					16
				],
				"_iconAnchor": [
					8,
					8
				]
			}
		},
		{
			"type": "Feature",
			"geometry": {
				"type": "Point",
				"coordinates": [
					 139.2793,
					 34.5204
				]
			},
			"properties": {
				"name": "JA/TK-019(宮塚山)",
				"読み":"Miyatsukayama",
				"標高":"508m 2pt ",
				"GL":"PM94pm",
				"市郡区":"G#10004B ",
				"登山日":"",
				"メモ":"",
				"_markerType": "Icon",
				"_iconUrl": "https://maps.gsi.go.jp/portal/sys/v4/symbols/102.png",
				"_iconSize": [
					16,
					16
				],
				"_iconAnchor": [
					8,
					8
				]
			}
		},
		{
			"type": "Feature",
			"geometry": {
				"type": "Point",
				"coordinates": [
					 142.1615,
					 26.6596
				]
			},
			"properties": {
				"name": "JA/TK-020(乳房山)",
				"読み":"Chibusayama",
				"標高":"463m 1pt ",
				"GL":"QL16bp",
				"市郡区":"G#10007A ",
				"登山日":"",
				"メモ":"",
				"_markerType": "Icon",
				"_iconUrl": "https://maps.gsi.go.jp/portal/sys/v4/symbols/826.png",
				"_iconSize": [
					16,
					16
				],
				"_iconAnchor": [
					8,
					8
				]
			}
		},
		{
			"type": "Feature",
			"geometry": {
				"type": "Point",
				"coordinates": [
					 139.2702,
					 34.3969
				]
			},
			"properties": {
				"name": "JA/TK-021(宮塚山(新島))",
				"読み":"Miyatsukayama(Niijima)",
				"標高":"432m 1pt ",
				"GL":"PM94pj",
				"市郡区":"G#10004C ",
				"登山日":"",
				"メモ":"",
				"_markerType": "Icon",
				"_iconUrl": "https://maps.gsi.go.jp/portal/sys/v4/symbols/826.png",
				"_iconSize": [
					16,
					16
				],
				"_iconAnchor": [
					8,
					8
				]
			}
		},
		{
			"type": "Feature",
			"geometry": {
				"type": "Point",
				"coordinates": [
					 139.7593,
					 32.4585
				]
			},
			"properties": {
				"name": "JA/TK-022(大凸部)",
				"読み":"Otonbu",
				"標高":"423m 1pt ",
				"GL":"PM92vl",
				"市郡区":"G#10006B ",
				"登山日":"",
				"メモ":"",
				"_markerType": "Icon",
				"_iconUrl": "https://maps.gsi.go.jp/portal/sys/v4/symbols/826.png",
				"_iconSize": [
					16,
					16
				],
				"_iconAnchor": [
					8,
					8
				]
			}
		},
		{
			"type": "Feature",
			"geometry": {
				"type": "Point",
				"coordinates": [
					 140.303,
					 30.4838
				]
			},
			"properties": {
				"name": "JA/TK-023(硫黄山)",
				"読み":"Iozan",
				"標高":"394m 1pt ",
				"GL":"QM00dl",
				"市郡区":"G#10007A ",
				"登山日":"",
				"メモ":"",
				"_markerType": "Icon",
				"_iconUrl": "https://maps.gsi.go.jp/portal/sys/v4/symbols/826.png",
				"_iconSize": [
					16,
					16
				],
				"_iconAnchor": [
					8,
					8
				]
			}
		},
		{
			"type": "Feature",
			"geometry": {
				"type": "Point",
				"coordinates": [
					 142.2187,
					 27.0733
				]
			},
			"properties": {
				"name": "JA/TK-024(中央山(父島))",
				"読み":"Chuouzan/Chichijima",
				"標高":"320m 1pt ",
				"GL":"QL17cb",
				"市郡区":"G#10007A ",
				"登山日":"",
				"メモ":"",
				"_markerType": "Icon",
				"_iconUrl": "https://maps.gsi.go.jp/portal/sys/v4/symbols/826.png",
				"_iconSize": [
					16,
					16
				],
				"_iconAnchor": [
					8,
					8
				]
			}
		},
		{
			"type": "Feature",
			"geometry": {
				"type": "Point",
				"coordinates": [
					 139.2693,
					 34.3496
				]
			},
			"properties": {
				"name": "JA/TK-025(大峯)",
				"読み":"Omine",
				"標高":"301m 1pt ",
				"GL":"PM94pi",
				"市郡区":"G#10004C ",
				"登山日":"",
				"メモ":"",
				"_markerType": "Icon",
				"_iconUrl": "https://maps.gsi.go.jp/portal/sys/v4/symbols/826.png",
				"_iconSize": [
					16,
					16
				],
				"_iconAnchor": [
					8,
					8
				]
			}
		},
		{
			"type": "Feature",
			"geometry": {
				"type": "Point",
				"coordinates": [
					 142.2131,
					 27.1124
				]
			},
			"properties": {
				"name": "JA/TK-026(見返山)",
				"読み":"Mikaeyama",
				"標高":"254m 1pt ",
				"GL":"QL17cc",
				"市郡区":"G#10007A ",
				"登山日":"",
				"メモ":"",
				"_markerType": "Icon",
				"_iconUrl": "https://maps.gsi.go.jp/portal/sys/v4/symbols/826.png",
				"_iconSize": [
					16,
					16
				],
				"_iconAnchor": [
					8,
					8
				]
			}
		},
		{
			"type": "Feature",
			"geometry": {
				"type": "Point",
				"coordinates": [
					 142.1902,
					 27.1566
				]
			},
			"properties": {
				"name": "JA/TK-027(測侶量ヶ岳)",
				"読み":"Sokuryougatake",
				"標高":"235m 1pt ",
				"GL":"QL17cd",
				"市郡区":"G#10007A ",
				"登山日":"",
				"メモ":"",
				"_markerType": "Icon",
				"_iconUrl": "https://maps.gsi.go.jp/portal/sys/v4/symbols/826.png",
				"_iconSize": [
					16,
					16
				],
				"_iconAnchor": [
					8,
					8
				]
			}
		},
		{
			"type": "Feature",
			"geometry": {
				"type": "Point",
				"coordinates": [
					 142.2092,
					 26.5587
				]
			},
			"properties": {
				"name": "JA/TK-028(妹島)",
				"読み":"Imotojima",
				"標高":"216m 1pt ",
				"GL":"QL16cn",
				"市郡区":"G#10007A ",
				"登山日":"",
				"メモ":"",
				"_markerType": "Icon",
				"_iconUrl": "https://maps.gsi.go.jp/portal/sys/v4/symbols/826.png",
				"_iconSize": [
					16,
					16
				],
				"_iconAnchor": [
					8,
					8
				]
			}
		},
		{
			"type": "Feature",
			"geometry": {
				"type": "Point",
				"coordinates": [
					 139.2937,
					 34.4728
				]
			},
			"properties": {
				"name": "JA/TK-029(鵜渡根島)",
				"読み":"Udoneshima",
				"標高":"209m 1pt ",
				"GL":"PM94pl",
				"市郡区":"G#10004B ",
				"登山日":"",
				"メモ":"",
				"_markerType": "Icon",
				"_iconUrl": "https://maps.gsi.go.jp/portal/sys/v4/symbols/826.png",
				"_iconSize": [
					16,
					16
				],
				"_iconAnchor": [
					8,
					8
				]
			}
		},
		{
			"type": "Feature",
			"geometry": {
				"type": "Point",
				"coordinates": [
					 142.188,
					 27.0988
				]
			},
			"properties": {
				"name": "JA/TK-030(三日月山)",
				"読み":"Ogasawara_Is.",
				"標高":"204m 1pt ",
				"GL":"QL17cc",
				"市郡区":"G#10007A ",
				"登山日":"",
				"メモ":"",
				"_markerType": "Icon",
				"_iconUrl": "https://maps.gsi.go.jp/portal/sys/v4/symbols/826.png",
				"_iconSize": [
					16,
					16
				],
				"_iconAnchor": [
					8,
					8
				]
			}
		},
		{
			"type": "Feature",
			"geometry": {
				"type": "Point",
				"coordinates": [
					 141.2892,
					 24.7505
				]
			},
			"properties": {
				"name": "JA/TK-031(摺鉢山(パイプ山))",
				"読み":"Suribachiyama/Paipuyama",
				"標高":"169m 1pt ",
				"GL":"QL04ps",
				"市郡区":"G#10007A ",
				"登山日":"",
				"メモ":"",
				"_markerType": "Icon",
				"_iconUrl": "https://maps.gsi.go.jp/portal/sys/v4/symbols/826.png",
				"_iconSize": [
					16,
					16
				],
				"_iconAnchor": [
					8,
					8
				]
			}
		},
		{
			"type": "Feature",
			"geometry": {
				"type": "Point",
				"coordinates": [
					 138.9899,
					 35.8645
				]
			},
			"properties": {
				"name": "JA/TK-032(天祖山)",
				"読み":"Tensosan",
				"標高":"1723m 10pt ",
				"GL":"PM95lu",
				"市郡区":"G#10002F ",
				"登山日":"",
				"メモ":"",
				"_markerType": "Icon",
				"_iconUrl": "https://maps.gsi.go.jp/portal/sys/v4/symbols/101.png",
				"_iconSize": [
					16,
					16
				],
				"_iconAnchor": [
					8,
					8
				]
			}
		},
		{
			"type": "Feature",
			"geometry": {
				"type": "Point",
				"coordinates": [
					 139.1069,
					 35.8508
				]
			},
			"properties": {
				"name": "JA/TK-033(川苔山(川乗山))",
				"読み":"Kawanoriyama",
				"標高":"1363m 8pt ",
				"GL":"PM95nu",
				"市郡区":"G#10002F ",
				"登山日":"",
				"メモ":"",
				"_markerType": "Icon",
				"_iconUrl": "https://maps.gsi.go.jp/portal/sys/v4/symbols/104.png",
				"_iconSize": [
					16,
					16
				],
				"_iconAnchor": [
					8,
					8
				]
			}
		},
		{
			"type": "Feature",
			"geometry": {
				"type": "Point",
				"coordinates": [
					 139.0348,
					 35.7424
				]
			},
			"properties": {
				"name": "JA/TK-034(砥山)",
				"読み":"Toyama",
				"標高":"1302m 8pt ",
				"GL":"PM95mr",
				"市郡区":"G#10002F / G#10002D ",
				"登山日":"",
				"メモ":"",
				"_markerType": "Icon",
				"_iconUrl": "https://maps.gsi.go.jp/portal/sys/v4/symbols/104.png",
				"_iconSize": [
					16,
					16
				],
				"_iconAnchor": [
					8,
					8
				]
			}
		},
		{
			"type": "Feature",
			"geometry": {
				"type": "Point",
				"coordinates": [
					 139.2152,
					 35.8155
				]
			},
			"properties": {
				"name": "JA/TK-035(雷電山)",
				"読み":"Raidenyama",
				"標高":"494m 1pt ",
				"GL":"PM95ot",
				"市郡区":"C#1006 ",
				"登山日":"",
				"メモ":"",
				"_markerType": "Icon",
				"_iconUrl": "https://maps.gsi.go.jp/portal/sys/v4/symbols/826.png",
				"_iconSize": [
					16,
					16
				],
				"_iconAnchor": [
					8,
					8
				]
			}
		},
		{
			"type": "Feature",
			"geometry": {
				"type": "Point",
				"coordinates": [
					 139.2837,
					 34.4167
				]
			},
			"properties": {
				"name": "JA/TK-036(新島山)",
				"読み":"Niijimayama",
				"標高":"231m 1pt ",
				"GL":"PM94pk",
				"市郡区":"G#10004C ",
				"登山日":"",
				"メモ":"",
				"_markerType": "Icon",
				"_iconUrl": "https://maps.gsi.go.jp/portal/sys/v4/symbols/826.png",
				"_iconSize": [
					16,
					16
				],
				"_iconAnchor": [
					8,
					8
				]
			}
		},
		{
			"type": "Feature",
			"geometry": {
				"type": "Point",
				"coordinates": [
					 139.1906,
					 35.7125
				]
			},
			"properties": {
				"name": "JA/TK-037(日陰本田山)",
				"読み":"Hikagehondayama",
				"標高":"629m 2pt ",
				"GL":"PM95or",
				"市郡区":"C#1029 ",
				"登山日":"",
				"メモ":"",
				"_markerType": "Icon",
				"_iconUrl": "https://maps.gsi.go.jp/portal/sys/v4/symbols/102.png",
				"_iconSize": [
					16,
					16
				],
				"_iconAnchor": [
					8,
					8
				]
			}
		},
		{
			"type": "Feature",
			"geometry": {
				"type": "Point",
				"coordinates": [
					 138.2388,
					 35.6743
				]
			},
			"properties": {
				"name": "JA/YN-001(北岳)",
				"読み":"Kitadake",
				"標高":"3193m 10pt ",
				"GL":"PM95cq",
				"市郡区":"C#1708 ",
				"登山日":"",
				"メモ":"",
				"_markerType": "Icon",
				"_iconUrl": "https://maps.gsi.go.jp/portal/sys/v4/symbols/101.png",
				"_iconSize": [
					16,
					16
				],
				"_iconAnchor": [
					8,
					8
				]
			}
		},
		{
			"type": "Feature",
			"geometry": {
				"type": "Point",
				"coordinates": [
					 138.2284,
					 35.646
				]
			},
			"properties": {
				"name": "JA/YN-002(間ノ岳)",
				"読み":"Ainodake",
				"標高":"3189m 10pt ",
				"GL":"PM95cp",
				"市郡区":"C#1708 / G#17007F / C#180101",
				"登山日":"",
				"メモ":"",
				"_markerType": "Icon",
				"_iconUrl": "https://maps.gsi.go.jp/portal/sys/v4/symbols/101.png",
				"_iconSize": [
					16,
					16
				],
				"_iconAnchor": [
					8,
					8
				]
			}
		},
		{
			"type": "Feature",
			"geometry": {
				"type": "Point",
				"coordinates": [
					 138.1836,
					 35.7201
				]
			},
			"properties": {
				"name": "JA/YN-004(仙丈ヶ岳)",
				"読み":"Senjyougatake",
				"標高":"3033m 10pt ",
				"GL":"PM95cr",
				"市郡区":"C#1708 / C#0909 ",
				"登山日":"",
				"メモ":"",
				"_markerType": "Icon",
				"_iconUrl": "https://maps.gsi.go.jp/portal/sys/v4/symbols/101.png",
				"_iconSize": [
					16,
					16
				],
				"_iconAnchor": [
					8,
					8
				]
			}
		},
		{
			"type": "Feature",
			"geometry": {
				"type": "Point",
				"coordinates": [
					 138.2366,
					 35.758
				]
			},
			"properties": {
				"name": "JA/YN-005(駒ヶ岳)",
				"読み":"Komagatake",
				"標高":"2967m 10pt ",
				"GL":"PM95cs",
				"市郡区":"C#1709 / C#0909 ",
				"登山日":"",
				"メモ":"",
				"_markerType": "Icon",
				"_iconUrl": "https://maps.gsi.go.jp/portal/sys/v4/symbols/101.png",
				"_iconSize": [
					16,
					16
				],
				"_iconAnchor": [
					8,
					8
				]
			}
		},
		{
			"type": "Feature",
			"geometry": {
				"type": "Point",
				"coordinates": [
					 138.3701,
					 35.9708
				]
			},
			"properties": {
				"name": "JA/YN-006(赤岳)",
				"読み":"Akadake",
				"標高":"2899m 10pt ",
				"GL":"PM95ex",
				"市郡区":"C#1709 / G#09011B / C#0914",
				"登山日":"",
				"メモ":"",
				"_markerType": "Icon",
				"_iconUrl": "https://maps.gsi.go.jp/portal/sys/v4/symbols/101.png",
				"_iconSize": [
					16,
					16
				],
				"_iconAnchor": [
					8,
					8
				]
			}
		},
		{
			"type": "Feature",
			"geometry": {
				"type": "Point",
				"coordinates": [
					 138.3046,
					 35.7017
				]
			},
			"properties": {
				"name": "JA/YN-007(観音ヶ岳)",
				"読み":"Kannongadake",
				"標高":"2840m 10pt ",
				"GL":"PM95dq",
				"市郡区":"C#1708 / C#1707 ",
				"登山日":"",
				"メモ":"",
				"_markerType": "Icon",
				"_iconUrl": "https://maps.gsi.go.jp/portal/sys/v4/symbols/101.png",
				"_iconSize": [
					16,
					16
				],
				"_iconAnchor": [
					8,
					8
				]
			}
		},
		{
			"type": "Feature",
			"geometry": {
				"type": "Point",
				"coordinates": [
					 138.2413,
					 35.7317
				]
			},
			"properties": {
				"name": "JA/YN-008(アサヨ峰)",
				"読み":"Asayomine",
				"標高":"2799m 10pt ",
				"GL":"PM95cr",
				"市郡区":"C#1708 / C#1709 ",
				"登山日":"",
				"メモ":"",
				"_markerType": "Icon",
				"_iconUrl": "https://maps.gsi.go.jp/portal/sys/v4/symbols/101.png",
				"_iconSize": [
					16,
					16
				],
				"_iconAnchor": [
					8,
					8
				]
			}
		},
		{
			"type": "Feature",
			"geometry": {
				"type": "Point",
				"coordinates": [
					 138.3597,
					 35.9497
				]
			},
			"properties": {
				"name": "JA/YN-009(権現岳)",
				"読み":"Gongendake",
				"標高":"2712m 10pt ",
				"GL":"PM95ew",
				"市郡区":"C#1709 / G#09011C ",
				"登山日":"",
				"メモ":"",
				"_markerType": "Icon",
				"_iconUrl": "https://maps.gsi.go.jp/portal/sys/v4/symbols/101.png",
				"_iconSize": [
					16,
					16
				],
				"_iconAnchor": [
					8,
					8
				]
			}
		},
		{
			"type": "Feature",
			"geometry": {
				"type": "Point",
				"coordinates": [
					 138.21,
					 35.779
				]
			},
			"properties": {
				"name": "JA/YN-010(鋸山)",
				"読み":"Nokogiriyama",
				"標高":"2685m 10pt ",
				"GL":"PM95cs",
				"市郡区":"C#1709 / C#0909 ",
				"登山日":"",
				"メモ":"",
				"_markerType": "Icon",
				"_iconUrl": "https://maps.gsi.go.jp/portal/sys/v4/symbols/101.png",
				"_iconSize": [
					16,
					16
				],
				"_iconAnchor": [
					8,
					8
				]
			}
		},
		{
			"type": "Feature",
			"geometry": {
				"type": "Point",
				"coordinates": [
					 138.2595,
					 35.4242
				]
			},
			"properties": {
				"name": "JA/YN-011(笊ヶ岳)",
				"読み":"Zarugatake",
				"標高":"2629m 10pt ",
				"GL":"PM95dk",
				"市郡区":"G#17007F / C#180101 ",
				"登山日":"",
				"メモ":"",
				"_markerType": "Icon",
				"_iconUrl": "https://maps.gsi.go.jp/portal/sys/v4/symbols/101.png",
				"_iconSize": [
					16,
					16
				],
				"_iconAnchor": [
					8,
					8
				]
			}
		},
		{
			"type": "Feature",
			"geometry": {
				"type": "Point",
				"coordinates": [
					 138.6708,
					 35.8686
				]
			},
			"properties": {
				"name": "JA/YN-012(北奥千丈岳)",
				"読み":"Kitaokusenjyoudake",
				"標高":"2601m 10pt ",
				"GL":"PM95iu",
				"市郡区":"C#1705 ",
				"登山日":"",
				"メモ":"",
				"_markerType": "Icon",
				"_iconUrl": "https://maps.gsi.go.jp/portal/sys/v4/symbols/101.png",
				"_iconSize": [
					16,
					16
				],
				"_iconAnchor": [
					8,
					8
				]
			}
		},
		{
			"type": "Feature",
			"geometry": {
				"type": "Point",
				"coordinates": [
					 138.6256,
					 35.8716
				]
			},
			"properties": {
				"name": "JA/YN-013(金峰山)",
				"読み":"Kinpusan",
				"標高":"2599m 10pt ",
				"GL":"PM95hu",
				"市郡区":"C#1701 / G#09017A ",
				"登山日":"",
				"メモ":"",
				"_markerType": "Icon",
				"_iconUrl": "https://maps.gsi.go.jp/portal/sys/v4/symbols/101.png",
				"_iconSize": [
					16,
					16
				],
				"_iconAnchor": [
					8,
					8
				]
			}
		},
		{
			"type": "Feature",
			"geometry": {
				"type": "Point",
				"coordinates": [
					 138.2563,
					 35.4461
				]
			},
			"properties": {
				"name": "JA/YN-014(偃松尾山)",
				"読み":"Haimatsuoyama",
				"標高":"2540m 10pt ",
				"GL":"PM95dk",
				"市郡区":"G#17007F ",
				"登山日":"",
				"メモ":"",
				"_markerType": "Icon",
				"_iconUrl": "https://maps.gsi.go.jp/portal/sys/v4/symbols/101.png",
				"_iconSize": [
					16,
					16
				],
				"_iconAnchor": [
					8,
					8
				]
			}
		},
		{
			"type": "Feature",
			"geometry": {
				"type": "Point",
				"coordinates": [
					 138.2386,
					 35.3857
				]
			},
			"properties": {
				"name": "JA/YN-015(稲又山)",
				"読み":"Inamatayama",
				"標高":"2405m 10pt ",
				"GL":"PM95cj",
				"市郡区":"G#17007F / C#180101 ",
				"登山日":"",
				"メモ":"",
				"_markerType": "Icon",
				"_iconUrl": "https://maps.gsi.go.jp/portal/sys/v4/symbols/101.png",
				"_iconSize": [
					16,
					16
				],
				"_iconAnchor": [
					8,
					8
				]
			}
		},
		{
			"type": "Feature",
			"geometry": {
				"type": "Point",
				"coordinates": [
					 138.2312,
					 35.7942
				]
			},
			"properties": {
				"name": "JA/YN-016(大岩山)",
				"読み":"Ooiwayama",
				"標高":"2319m 10pt ",
				"GL":"PM95ct",
				"市郡区":"C#1709 ",
				"登山日":"",
				"メモ":"",
				"_markerType": "Icon",
				"_iconUrl": "https://maps.gsi.go.jp/portal/sys/v4/symbols/101.png",
				"_iconSize": [
					16,
					16
				],
				"_iconAnchor": [
					8,
					8
				]
			}
		},
		{
			"type": "Feature",
			"geometry": {
				"type": "Point",
				"coordinates": [
					 138.7588,
					 35.9019
				]
			},
			"properties": {
				"name": "JA/YN-017(西破風山)",
				"読み":"Nishihafuusan",
				"標高":"2318m 10pt ",
				"GL":"PM95jv",
				"市郡区":"C#1705 / C#1307 ",
				"登山日":"",
				"メモ":"",
				"_markerType": "Icon",
				"_iconUrl": "https://maps.gsi.go.jp/portal/sys/v4/symbols/101.png",
				"_iconSize": [
					16,
					16
				],
				"_iconAnchor": [
					8,
					8
				]
			}
		},
		{
			"type": "Feature",
			"geometry": {
				"type": "Point",
				"coordinates": [
					 138.7098,
					 35.8413
				]
			},
			"properties": {
				"name": "JA/YN-018(黒金山)",
				"読み":"Kuroganeyama",
				"標高":"2232m 10pt ",
				"GL":"PM95iu",
				"市郡区":"C#1705 ",
				"登山日":"",
				"メモ":"",
				"_markerType": "Icon",
				"_iconUrl": "https://maps.gsi.go.jp/portal/sys/v4/symbols/101.png",
				"_iconSize": [
					16,
					16
				],
				"_iconAnchor": [
					8,
					8
				]
			}
		},
		{
			"type": "Feature",
			"geometry": {
				"type": "Point",
				"coordinates": [
					 138.2711,
					 35.514
				]
			},
			"properties": {
				"name": "JA/YN-019(別当代山)",
				"読み":"Bettoudaisan",
				"標高":"2226m 10pt ",
				"GL":"PM95dm",
				"市郡区":"G#17007F / C#180101 ",
				"登山日":"",
				"メモ":"",
				"_markerType": "Icon",
				"_iconUrl": "https://maps.gsi.go.jp/portal/sys/v4/symbols/101.png",
				"_iconSize": [
					16,
					16
				],
				"_iconAnchor": [
					8,
					8
				]
			}
		},
		{
			"type": "Feature",
			"geometry": {
				"type": "Point",
				"coordinates": [
					 138.2559,
					 35.3487
				]
			},
			"properties": {
				"name": "JA/YN-020(青笹山)",
				"読み":"Aozasayama",
				"標高":"2209m 10pt ",
				"GL":"PM95di",
				"市郡区":"G#17007F / C#180101 ",
				"登山日":"",
				"メモ":"",
				"_markerType": "Icon",
				"_iconUrl": "https://maps.gsi.go.jp/portal/sys/v4/symbols/101.png",
				"_iconSize": [
					16,
					16
				],
				"_iconAnchor": [
					8,
					8
				]
			}
		},
		{
			"type": "Feature",
			"geometry": {
				"type": "Point",
				"coordinates": [
					 138.3518,
					 35.6745
				]
			},
			"properties": {
				"name": "JA/YN-021(千頭星山近傍)",
				"読み":"Near_Sentouboshiyama",
				"標高":"2146m 10pt ",
				"GL":"PM95eq",
				"市郡区":"C#1707 / C#1708 ",
				"登山日":"",
				"メモ":"",
				"_markerType": "Icon",
				"_iconUrl": "https://maps.gsi.go.jp/portal/sys/v4/symbols/101.png",
				"_iconSize": [
					16,
					16
				],
				"_iconAnchor": [
					8,
					8
				]
			}
		},
		{
			"type": "Feature",
			"geometry": {
				"type": "Point",
				"coordinates": [
					 138.8454,
					 35.8677
				]
			},
			"properties": {
				"name": "JA/YN-022(唐松尾山)",
				"読み":"Karamatsuoyama",
				"標高":"2109m 10pt ",
				"GL":"PM95ku",
				"市郡区":"C#1713 / C#1307 ",
				"登山日":"",
				"メモ":"",
				"_markerType": "Icon",
				"_iconUrl": "https://maps.gsi.go.jp/portal/sys/v4/symbols/101.png",
				"_iconSize": [
					16,
					16
				],
				"_iconAnchor": [
					8,
					8
				]
			}
		},
		{
			"type": "Feature",
			"geometry": {
				"type": "Point",
				"coordinates": [
					 138.8922,
					 35.8398
				]
			},
			"properties": {
				"name": "JA/YN-023(大洞山(飛龍山))",
				"読み":"Ooborayama/Hiryuuyama)",
				"標高":"2077m 10pt ",
				"GL":"PM95ku",
				"市郡区":"G#17002B / C#1307 ",
				"登山日":"",
				"メモ":"",
				"_markerType": "Icon",
				"_iconUrl": "https://maps.gsi.go.jp/portal/sys/v4/symbols/101.png",
				"_iconSize": [
					16,
					16
				],
				"_iconAnchor": [
					8,
					8
				]
			}
		},
		{
			"type": "Feature",
			"geometry": {
				"type": "Point",
				"coordinates": [
					 138.8455,
					 35.7487
				]
			},
			"properties": {
				"name": "JA/YN-024(大菩薩嶺)",
				"読み":"Daibosatsurei",
				"標高":"2057m 10pt ",
				"GL":"PM95kr",
				"市郡区":"C#1713 / G#17002B ",
				"登山日":"",
				"メモ":"",
				"_markerType": "Icon",
				"_iconUrl": "https://maps.gsi.go.jp/portal/sys/v4/symbols/101.png",
				"_iconSize": [
					16,
					16
				],
				"_iconAnchor": [
					8,
					8
				]
			}
		},
		{
			"type": "Feature",
			"geometry": {
				"type": "Point",
				"coordinates": [
					 138.3704,
					 35.5909
				]
			},
			"properties": {
				"name": "JA/YN-025(櫛形山)",
				"読み":"Kushigatayama",
				"標高":"2052m 10pt ",
				"GL":"PM95eo",
				"市郡区":"G#17007H / C#1708 ",
				"登山日":"",
				"メモ":"",
				"_markerType": "Icon",
				"_iconUrl": "https://maps.gsi.go.jp/portal/sys/v4/symbols/101.png",
				"_iconSize": [
					16,
					16
				],
				"_iconAnchor": [
					8,
					8
				]
			}
		},
		{
			"type": "Feature",
			"geometry": {
				"type": "Point",
				"coordinates": [
					 138.2356,
					 35.8262
				]
			},
			"properties": {
				"name": "JA/YN-026(雨乞岳)",
				"読み":"Amagoidake",
				"標高":"2037m 10pt ",
				"GL":"PM95ct",
				"市郡区":"C#1709 ",
				"登山日":"",
				"メモ":"",
				"_markerType": "Icon",
				"_iconUrl": "https://maps.gsi.go.jp/portal/sys/v4/symbols/101.png",
				"_iconSize": [
					16,
					16
				],
				"_iconAnchor": [
					8,
					8
				]
			}
		},
		{
			"type": "Feature",
			"geometry": {
				"type": "Point",
				"coordinates": [
					 138.3489,
					 35.3692
				]
			},
			"properties": {
				"name": "JA/YN-027(七面山)",
				"読み":"Shichimenzan",
				"標高":"1989m 10pt ",
				"GL":"PM95ei",
				"市郡区":"G#17007F ",
				"登山日":"",
				"メモ":"",
				"_markerType": "Icon",
				"_iconUrl": "https://maps.gsi.go.jp/portal/sys/v4/symbols/101.png",
				"_iconSize": [
					16,
					16
				],
				"_iconAnchor": [
					8,
					8
				]
			}
		},
		{
			"type": "Feature",
			"geometry": {
				"type": "Point",
				"coordinates": [
					 138.3452,
					 35.5675
				]
			},
			"properties": {
				"name": "JA/YN-028(丸山)",
				"読み":"Maruyama",
				"標高":"1910m 10pt ",
				"GL":"PM95en",
				"市郡区":"G#17007H ",
				"登山日":"",
				"メモ":"",
				"_markerType": "Icon",
				"_iconUrl": "https://maps.gsi.go.jp/portal/sys/v4/symbols/101.png",
				"_iconSize": [
					16,
					16
				],
				"_iconAnchor": [
					8,
					8
				]
			}
		},
		{
			"type": "Feature",
			"geometry": {
				"type": "Point",
				"coordinates": [
					 138.3626,
					 35.553
				]
			},
			"properties": {
				"name": "JA/YN-029(大峠山)",
				"読み":"Ootougeyama",
				"標高":"1908m 10pt ",
				"GL":"PM95en",
				"市郡区":"G#17007H ",
				"登山日":"",
				"メモ":"",
				"_markerType": "Icon",
				"_iconUrl": "https://maps.gsi.go.jp/portal/sys/v4/symbols/101.png",
				"_iconSize": [
					16,
					16
				],
				"_iconAnchor": [
					8,
					8
				]
			}
		},
		{
			"type": "Feature",
			"geometry": {
				"type": "Point",
				"coordinates": [
					 138.5211,
					 35.9188
				]
			},
			"properties": {
				"name": "JA/YN-030(横尾山)",
				"読み":"Yokooyama",
				"標高":"1818m 10pt ",
				"GL":"PM95gw",
				"市郡区":"C#1709 / G#09017A ",
				"登山日":"",
				"メモ":"",
				"_markerType": "Icon",
				"_iconUrl": "https://maps.gsi.go.jp/portal/sys/v4/symbols/101.png",
				"_iconSize": [
					16,
					16
				],
				"_iconAnchor": [
					8,
					8
				]
			}
		},
		{
			"type": "Feature",
			"geometry": {
				"type": "Point",
				"coordinates": [
					 138.7494,
					 35.5521
				]
			},
			"properties": {
				"name": "JA/YN-031(黒岳)",
				"読み":"Kurotake",
				"標高":"1793m 10pt ",
				"GL":"PM95in",
				"市郡区":"C#1711 / G#17008J ",
				"登山日":"",
				"メモ":"",
				"_markerType": "Icon",
				"_iconUrl": "https://maps.gsi.go.jp/portal/sys/v4/symbols/101.png",
				"_iconSize": [
					16,
					16
				],
				"_iconAnchor": [
					8,
					8
				]
			}
		},
		{
			"type": "Feature",
			"geometry": {
				"type": "Point",
				"coordinates": [
					 138.8092,
					 35.5493
				]
			},
			"properties": {
				"name": "JA/YN-032(三ッ峠山)",
				"読み":"Mitsutougeyama",
				"標高":"1785m 10pt ",
				"GL":"PM95jn",
				"市郡区":"G#17008J / G#17008H ",
				"登山日":"",
				"メモ":"",
				"_markerType": "Icon",
				"_iconUrl": "https://maps.gsi.go.jp/portal/sys/v4/symbols/101.png",
				"_iconSize": [
					16,
					16
				],
				"_iconAnchor": [
					8,
					8
				]
			}
		},
		{
			"type": "Feature",
			"geometry": {
				"type": "Point",
				"coordinates": [
					 138.7832,
					 35.8117
				]
			},
			"properties": {
				"name": "JA/YN-033(倉掛山)",
				"読み":"Kurakakeyama",
				"標高":"1777m 10pt ",
				"GL":"PM95jt",
				"市郡区":"C#1713 / C#1705 ",
				"登山日":"",
				"メモ":"",
				"_markerType": "Icon",
				"_iconUrl": "https://maps.gsi.go.jp/portal/sys/v4/symbols/101.png",
				"_iconSize": [
					16,
					16
				],
				"_iconAnchor": [
					8,
					8
				]
			}
		},
		{
			"type": "Feature",
			"geometry": {
				"type": "Point",
				"coordinates": [
					 138.5719,
					 35.8287
				]
			},
			"properties": {
				"name": "JA/YN-034(点1770)",
				"読み":"P1770",
				"標高":"1770m 10pt ",
				"GL":"PM95gt",
				"市郡区":"C#1701 / C#1709 ",
				"登山日":"",
				"メモ":"",
				"_markerType": "Icon",
				"_iconUrl": "https://maps.gsi.go.jp/portal/sys/v4/symbols/101.png",
				"_iconSize": [
					16,
					16
				],
				"_iconAnchor": [
					8,
					8
				]
			}
		},
		{
			"type": "Feature",
			"geometry": {
				"type": "Point",
				"coordinates": [
					 138.5094,
					 35.8032
				]
			},
			"properties": {
				"name": "JA/YN-035(金ヶ岳)",
				"読み":"Kanegatake",
				"標高":"1764m 10pt ",
				"GL":"PM95gt",
				"市郡区":"C#1709 ",
				"登山日":"",
				"メモ":"",
				"_markerType": "Icon",
				"_iconUrl": "https://maps.gsi.go.jp/portal/sys/v4/symbols/101.png",
				"_iconSize": [
					16,
					16
				],
				"_iconAnchor": [
					8,
					8
				]
			}
		},
		{
			"type": "Feature",
			"geometry": {
				"type": "Point",
				"coordinates": [
					 138.6765,
					 35.5198
				]
			},
			"properties": {
				"name": "JA/YN-036(鬼ヶ岳)",
				"読み":"Onigatake",
				"標高":"1738m 10pt ",
				"GL":"PM95im",
				"市郡区":"G#17008J / C#1711 ",
				"登山日":"",
				"メモ":"",
				"_markerType": "Icon",
				"_iconUrl": "https://maps.gsi.go.jp/portal/sys/v4/symbols/101.png",
				"_iconSize": [
					16,
					16
				],
				"_iconAnchor": [
					8,
					8
				]
			}
		},
		{
			"type": "Feature",
			"geometry": {
				"type": "Point",
				"coordinates": [
					 138.6641,
					 35.7815
				]
			},
			"properties": {
				"name": "JA/YN-037(小楢山)",
				"読み":"Konarayama",
				"標高":"1713m 10pt ",
				"GL":"PM95hs",
				"市郡区":"C#1705 ",
				"登山日":"",
				"メモ":"",
				"_markerType": "Icon",
				"_iconUrl": "https://maps.gsi.go.jp/portal/sys/v4/symbols/101.png",
				"_iconSize": [
					16,
					16
				],
				"_iconAnchor": [
					8,
					8
				]
			}
		},
		{
			"type": "Feature",
			"geometry": {
				"type": "Point",
				"coordinates": [
					 138.9315,
					 35.4869
				]
			},
			"properties": {
				"name": "JA/YN-038(御正体山)",
				"読み":"Mishoutaiyama",
				"標高":"1682m 10pt ",
				"GL":"PM95ll",
				"市郡区":"G#17008F / C#1704 ",
				"登山日":"",
				"メモ":"",
				"_markerType": "Icon",
				"_iconUrl": "https://maps.gsi.go.jp/portal/sys/v4/symbols/101.png",
				"_iconSize": [
					16,
					16
				],
				"_iconAnchor": [
					8,
					8
				]
			}
		},
		{
			"type": "Feature",
			"geometry": {
				"type": "Point",
				"coordinates": [
					 138.3724,
					 35.2988
				]
			},
			"properties": {
				"name": "JA/YN-039(点1672)",
				"読み":"P1672",
				"標高":"1672m 10pt ",
				"GL":"PM95eh",
				"市郡区":"G#17007G / G#17007E / C#180101",
				"登山日":"",
				"メモ":"",
				"_markerType": "Icon",
				"_iconUrl": "https://maps.gsi.go.jp/portal/sys/v4/symbols/101.png",
				"_iconSize": [
					16,
					16
				],
				"_iconAnchor": [
					8,
					8
				]
			}
		},
		{
			"type": "Feature",
			"geometry": {
				"type": "Point",
				"coordinates": [
					 138.3699,
					 35.4881
				]
			},
			"properties": {
				"name": "JA/YN-040(御殿山)",
				"読み":"Gotenyama",
				"標高":"1670m 10pt ",
				"GL":"PM95el",
				"市郡区":"G#17007H / G#17007F ",
				"登山日":"",
				"メモ":"",
				"_markerType": "Icon",
				"_iconUrl": "https://maps.gsi.go.jp/portal/sys/v4/symbols/101.png",
				"_iconSize": [
					16,
					16
				],
				"_iconAnchor": [
					8,
					8
				]
			}
		},
		{
			"type": "Feature",
			"geometry": {
				"type": "Point",
				"coordinates": [
					 138.8762,
					 35.4858
				]
			},
			"properties": {
				"name": "JA/YN-041(子ノ神)",
				"読み":"Nenokami",
				"標高":"1640m 10pt ",
				"GL":"PM95kl",
				"市郡区":"G#17008C / C#1704 ",
				"登山日":"",
				"メモ":"",
				"_markerType": "Icon",
				"_iconUrl": "https://maps.gsi.go.jp/portal/sys/v4/symbols/101.png",
				"_iconSize": [
					16,
					16
				],
				"_iconAnchor": [
					8,
					8
				]
			}
		},
		{
			"type": "Feature",
			"geometry": {
				"type": "Point",
				"coordinates": [
					 138.5126,
					 35.3813
				]
			},
			"properties": {
				"name": "JA/YN-042(五宗山)",
				"読み":"Gosouyama",
				"標高":"1634m 10pt ",
				"GL":"PM95gj",
				"市郡区":"G#17007G / G#17007E ",
				"登山日":"",
				"メモ":"",
				"_markerType": "Icon",
				"_iconUrl": "https://maps.gsi.go.jp/portal/sys/v4/symbols/101.png",
				"_iconSize": [
					16,
					16
				],
				"_iconAnchor": [
					8,
					8
				]
			}
		},
		{
			"type": "Feature",
			"geometry": {
				"type": "Point",
				"coordinates": [
					 138.8073,
					 35.5748
				]
			},
			"properties": {
				"name": "JA/YN-043(本社ヶ丸)",
				"読み":"Honjagamaru",
				"標高":"1631m 10pt ",
				"GL":"PM95jn",
				"市郡区":"C#1706 / C#1704 ",
				"登山日":"",
				"メモ":"",
				"_markerType": "Icon",
				"_iconUrl": "https://maps.gsi.go.jp/portal/sys/v4/symbols/101.png",
				"_iconSize": [
					16,
					16
				],
				"_iconAnchor": [
					8,
					8
				]
			}
		},
		{
			"type": "Feature",
			"geometry": {
				"type": "Point",
				"coordinates": [
					 138.8393,
					 35.8166
				]
			},
			"properties": {
				"name": "JA/YN-044(藤尾山)",
				"読み":"Fujioyama",
				"標高":"1606m 10pt ",
				"GL":"PM95kt",
				"市郡区":"C#1713 ",
				"登山日":"",
				"メモ":"",
				"_markerType": "Icon",
				"_iconUrl": "https://maps.gsi.go.jp/portal/sys/v4/symbols/101.png",
				"_iconSize": [
					16,
					16
				],
				"_iconAnchor": [
					8,
					8
				]
			}
		},
		{
			"type": "Feature",
			"geometry": {
				"type": "Point",
				"coordinates": [
					 138.6049,
					 35.7584
				]
			},
			"properties": {
				"name": "JA/YN-045(水ヶ森)",
				"読み":"Mizugamori",
				"標高":"1553m 10pt ",
				"GL":"PM95hs",
				"市郡区":"C#1705 / C#1701 ",
				"登山日":"",
				"メモ":"",
				"_markerType": "Icon",
				"_iconUrl": "https://maps.gsi.go.jp/portal/sys/v4/symbols/101.png",
				"_iconSize": [
					16,
					16
				],
				"_iconAnchor": [
					8,
					8
				]
			}
		},
		{
			"type": "Feature",
			"geometry": {
				"type": "Point",
				"coordinates": [
					 138.7593,
					 35.6058
				]
			},
			"properties": {
				"name": "JA/YN-046(点1487)",
				"読み":"P1487",
				"標高":"1487m 8pt ",
				"GL":"PM95jo",
				"市郡区":"C#1711 ",
				"登山日":"",
				"メモ":"",
				"_markerType": "Icon",
				"_iconUrl": "https://maps.gsi.go.jp/portal/sys/v4/symbols/104.png",
				"_iconSize": [
					16,
					16
				],
				"_iconAnchor": [
					8,
					8
				]
			}
		},
		{
			"type": "Feature",
			"geometry": {
				"type": "Point",
				"coordinates": [
					 138.9698,
					 35.5218
				]
			},
			"properties": {
				"name": "JA/YN-047(御座入山)",
				"読み":"Gozeriyama",
				"標高":"1480m 8pt ",
				"GL":"PM95lm",
				"市郡区":"C#1704 ",
				"登山日":"",
				"メモ":"",
				"_markerType": "Icon",
				"_iconUrl": "https://maps.gsi.go.jp/portal/sys/v4/symbols/104.png",
				"_iconSize": [
					16,
					16
				],
				"_iconAnchor": [
					8,
					8
				]
			}
		},
		{
			"type": "Feature",
			"geometry": {
				"type": "Point",
				"coordinates": [
					 138.5881,
					 35.7782
				]
			},
			"properties": {
				"name": "JA/YN-048(中津森)",
				"読み":"Nakatsumori",
				"標高":"1475m 8pt ",
				"GL":"PM95hs",
				"市郡区":"C#1701 ",
				"登山日":"",
				"メモ":"",
				"_markerType": "Icon",
				"_iconUrl": "https://maps.gsi.go.jp/portal/sys/v4/symbols/104.png",
				"_iconSize": [
					16,
					16
				],
				"_iconAnchor": [
					8,
					8
				]
			}
		},
		{
			"type": "Feature",
			"geometry": {
				"type": "Point",
				"coordinates": [
					 138.9117,
					 35.4529
				]
			},
			"properties": {
				"name": "JA/YN-049(日向峰)",
				"読み":"Hyugamine",
				"標高":"1446m 8pt ",
				"GL":"PM95kk",
				"市郡区":"G#17008I / C#1704 ",
				"登山日":"",
				"メモ":"",
				"_markerType": "Icon",
				"_iconUrl": "https://maps.gsi.go.jp/portal/sys/v4/symbols/104.png",
				"_iconSize": [
					16,
					16
				],
				"_iconAnchor": [
					8,
					8
				]
			}
		},
		{
			"type": "Feature",
			"geometry": {
				"type": "Point",
				"coordinates": [
					 138.8133,
					 35.6221
				]
			},
			"properties": {
				"name": "JA/YN-050(お坊山)",
				"読み":"Obouyama",
				"標高":"1430m 8pt ",
				"GL":"PM95jo",
				"市郡区":"C#1706 / C#1713 ",
				"登山日":"",
				"メモ":"",
				"_markerType": "Icon",
				"_iconUrl": "https://maps.gsi.go.jp/portal/sys/v4/symbols/104.png",
				"_iconSize": [
					16,
					16
				],
				"_iconAnchor": [
					8,
					8
				]
			}
		},
		{
			"type": "Feature",
			"geometry": {
				"type": "Point",
				"coordinates": [
					 138.6023,
					 35.5048
				]
			},
			"properties": {
				"name": "JA/YN-051(三方分山)",
				"読み":"Sanpoubunzan",
				"標高":"1422m 8pt ",
				"GL":"PM95hm",
				"市郡区":"G#17008J / G#17007G / C#1701",
				"登山日":"",
				"メモ":"",
				"_markerType": "Icon",
				"_iconUrl": "https://maps.gsi.go.jp/portal/sys/v4/symbols/104.png",
				"_iconSize": [
					16,
					16
				],
				"_iconAnchor": [
					8,
					8
				]
			}
		},
		{
			"type": "Feature",
			"geometry": {
				"type": "Point",
				"coordinates": [
					 138.4265,
					 35.2477
				]
			},
			"properties": {
				"name": "JA/YN-052(篠井山)",
				"読み":"Shinoisan",
				"標高":"1394m 8pt ",
				"GL":"PM95ff",
				"市郡区":"G#17007E ",
				"登山日":"",
				"メモ":"",
				"_markerType": "Icon",
				"_iconUrl": "https://maps.gsi.go.jp/portal/sys/v4/symbols/104.png",
				"_iconSize": [
					16,
					16
				],
				"_iconAnchor": [
					8,
					8
				]
			}
		},
		{
			"type": "Feature",
			"geometry": {
				"type": "Point",
				"coordinates": [
					 138.7076,
					 35.4942
				]
			},
			"properties": {
				"name": "JA/YN-053(足和田山)",
				"読み":"Ashiwadayama",
				"標高":"1355m 8pt ",
				"GL":"PM95il",
				"市郡区":"G#17008G / G#17008J ",
				"登山日":"",
				"メモ":"",
				"_markerType": "Icon",
				"_iconUrl": "https://maps.gsi.go.jp/portal/sys/v4/symbols/104.png",
				"_iconSize": [
					16,
					16
				],
				"_iconAnchor": [
					8,
					8
				]
			}
		},
		{
			"type": "Feature",
			"geometry": {
				"type": "Point",
				"coordinates": [
					 139.0214,
					 35.6679
				]
			},
			"properties": {
				"name": "JA/YN-054(権現山)",
				"読み":"Gongenyama",
				"標高":"1312m 8pt ",
				"GL":"PM95mq",
				"市郡区":"C#1712 / C#1706 ",
				"登山日":"",
				"メモ":"",
				"_markerType": "Icon",
				"_iconUrl": "https://maps.gsi.go.jp/portal/sys/v4/symbols/104.png",
				"_iconSize": [
					16,
					16
				],
				"_iconAnchor": [
					8,
					8
				]
			}
		},
		{
			"type": "Feature",
			"geometry": {
				"type": "Point",
				"coordinates": [
					 138.9497,
					 35.7703
				]
			},
			"properties": {
				"name": "JA/YN-055(鹿倉山)",
				"読み":"Shishigurayama",
				"標高":"1288m 8pt ",
				"GL":"PM95ls",
				"市郡区":"G#17002A / G#17002B ",
				"登山日":"",
				"メモ":"",
				"_markerType": "Icon",
				"_iconUrl": "https://maps.gsi.go.jp/portal/sys/v4/symbols/104.png",
				"_iconSize": [
					16,
					16
				],
				"_iconAnchor": [
					8,
					8
				]
			}
		},
		{
			"type": "Feature",
			"geometry": {
				"type": "Point",
				"coordinates": [
					 138.5357,
					 35.519
				]
			},
			"properties": {
				"name": "JA/YN-056(蛾ヶ岳)",
				"読み":"Hirugatake",
				"標高":"1279m 8pt ",
				"GL":"PM95gm",
				"市郡区":"G#17004F / G#17007G ",
				"登山日":"",
				"メモ":"",
				"_markerType": "Icon",
				"_iconUrl": "https://maps.gsi.go.jp/portal/sys/v4/symbols/104.png",
				"_iconSize": [
					16,
					16
				],
				"_iconAnchor": [
					8,
					8
				]
			}
		},
		{
			"type": "Feature",
			"geometry": {
				"type": "Point",
				"coordinates": [
					 138.3943,
					 35.3719
				]
			},
			"properties": {
				"name": "JA/YN-057(鷹取山近傍)",
				"読み":"Near_Takatoriyama",
				"標高":"1169m 8pt ",
				"GL":"PM95ei",
				"市郡区":"G#17007F / G#17007G ",
				"登山日":"",
				"メモ":"",
				"_markerType": "Icon",
				"_iconUrl": "https://maps.gsi.go.jp/portal/sys/v4/symbols/104.png",
				"_iconSize": [
					16,
					16
				],
				"_iconAnchor": [
					8,
					8
				]
			}
		},
		{
			"type": "Feature",
			"geometry": {
				"type": "Point",
				"coordinates": [
					 138.4163,
					 35.3975
				]
			},
			"properties": {
				"name": "JA/YN-058(身延山)",
				"読み":"Minobusan",
				"標高":"1153m 8pt ",
				"GL":"PM95ej",
				"市郡区":"G#17007G / G#17007F ",
				"登山日":"",
				"メモ":"",
				"_markerType": "Icon",
				"_iconUrl": "https://maps.gsi.go.jp/portal/sys/v4/symbols/104.png",
				"_iconSize": [
					16,
					16
				],
				"_iconAnchor": [
					8,
					8
				]
			}
		},
		{
			"type": "Feature",
			"geometry": {
				"type": "Point",
				"coordinates": [
					 139.0134,
					 35.6371
				]
			},
			"properties": {
				"name": "JA/YN-059(扇山)",
				"読み":"Ougiyama",
				"標高":"1138m 8pt ",
				"GL":"PM95mp",
				"市郡区":"C#1706 / C#1712 ",
				"登山日":"",
				"メモ":"",
				"_markerType": "Icon",
				"_iconUrl": "https://maps.gsi.go.jp/portal/sys/v4/symbols/104.png",
				"_iconSize": [
					16,
					16
				],
				"_iconAnchor": [
					8,
					8
				]
			}
		},
		{
			"type": "Feature",
			"geometry": {
				"type": "Point",
				"coordinates": [
					 138.981,
					 35.6381
				]
			},
			"properties": {
				"name": "JA/YN-060(百蔵山)",
				"読み":"Momokurasan",
				"標高":"1003m 6pt ",
				"GL":"PM95lp",
				"市郡区":"C#1706 ",
				"登山日":"",
				"メモ":"",
				"_markerType": "Icon",
				"_iconUrl": "https://maps.gsi.go.jp/portal/sys/v4/symbols/103.png",
				"_iconSize": [
					16,
					16
				],
				"_iconAnchor": [
					8,
					8
				]
			}
		},
		{
			"type": "Feature",
			"geometry": {
				"type": "Point",
				"coordinates": [
					 139.0198,
					 35.584
				]
			},
			"properties": {
				"name": "JA/YN-061(倉岳山)",
				"読み":"Kuratakeyama",
				"標高":"990m 6pt ",
				"GL":"PM95mo",
				"市郡区":"C#1712 / C#1706 ",
				"登山日":"",
				"メモ":"",
				"_markerType": "Icon",
				"_iconUrl": "https://maps.gsi.go.jp/portal/sys/v4/symbols/103.png",
				"_iconSize": [
					16,
					16
				],
				"_iconAnchor": [
					8,
					8
				]
			}
		},
		{
			"type": "Feature",
			"geometry": {
				"type": "Point",
				"coordinates": [
					 138.9019,
					 35.5861
				]
			},
			"properties": {
				"name": "JA/YN-062(高川山)",
				"読み":"Takagawayama",
				"標高":"976m 6pt ",
				"GL":"PM95ko",
				"市郡区":"C#1706 / C#1704 ",
				"登山日":"",
				"メモ":"",
				"_markerType": "Icon",
				"_iconUrl": "https://maps.gsi.go.jp/portal/sys/v4/symbols/103.png",
				"_iconSize": [
					16,
					16
				],
				"_iconAnchor": [
					8,
					8
				]
			}
		},
		{
			"type": "Feature",
			"geometry": {
				"type": "Point",
				"coordinates": [
					 138.9511,
					 35.5766
				]
			},
			"properties": {
				"name": "JA/YN-063(九鬼山)",
				"読み":"Kukisan",
				"標高":"970m 6pt ",
				"GL":"PM95ln",
				"市郡区":"C#1704 / C#1706 ",
				"登山日":"",
				"メモ":"",
				"_markerType": "Icon",
				"_iconUrl": "https://maps.gsi.go.jp/portal/sys/v4/symbols/103.png",
				"_iconSize": [
					16,
					16
				],
				"_iconAnchor": [
					8,
					8
				]
			}
		},
		{
			"type": "Feature",
			"geometry": {
				"type": "Point",
				"coordinates": [
					 138.3386,
					 35.7939
				]
			},
			"properties": {
				"name": "JA/YN-064(中山)",
				"読み":"Nakayama",
				"標高":"887m 6pt ",
				"GL":"PM95et",
				"市郡区":"C#1709 ",
				"登山日":"",
				"メモ":"",
				"_markerType": "Icon",
				"_iconUrl": "https://maps.gsi.go.jp/portal/sys/v4/symbols/103.png",
				"_iconSize": [
					16,
					16
				],
				"_iconAnchor": [
					8,
					8
				]
			}
		},
		{
			"type": "Feature",
			"geometry": {
				"type": "Point",
				"coordinates": [
					 139.0671,
					 35.5863
				]
			},
			"properties": {
				"name": "JA/YN-065(矢平山)",
				"読み":"Yadairayama",
				"標高":"860m 6pt ",
				"GL":"PM95mo",
				"市郡区":"C#1712 / C#1706 ",
				"登山日":"",
				"メモ":"",
				"_markerType": "Icon",
				"_iconUrl": "https://maps.gsi.go.jp/portal/sys/v4/symbols/103.png",
				"_iconSize": [
					16,
					16
				],
				"_iconAnchor": [
					8,
					8
				]
			}
		},
		{
			"type": "Feature",
			"geometry": {
				"type": "Point",
				"coordinates": [
					 138.5143,
					 35.2621
				]
			},
			"properties": {
				"name": "JA/YN-066(白水山)",
				"読み":"Shiromizuyama",
				"標高":"812m 4pt ",
				"GL":"PM95gg",
				"市郡区":"G#17007E / C#1807 ",
				"登山日":"",
				"メモ":"",
				"_markerType": "Icon",
				"_iconUrl": "https://maps.gsi.go.jp/portal/sys/v4/symbols/828.png",
				"_iconSize": [
					16,
					16
				],
				"_iconAnchor": [
					8,
					8
				]
			}
		},
		{
			"type": "Feature",
			"geometry": {
				"type": "Point",
				"coordinates": [
					 138.9518,
					 35.5953
				]
			},
			"properties": {
				"name": "JA/YN-067(馬立山)",
				"読み":"Matateyama",
				"標高":"797m 4pt ",
				"GL":"PM95lo",
				"市郡区":"C#1706 ",
				"登山日":"",
				"メモ":"",
				"_markerType": "Icon",
				"_iconUrl": "https://maps.gsi.go.jp/portal/sys/v4/symbols/828.png",
				"_iconSize": [
					16,
					16
				],
				"_iconAnchor": [
					8,
					8
				]
			}
		},
		{
			"type": "Feature",
			"geometry": {
				"type": "Point",
				"coordinates": [
					 138.5026,
					 35.474
				]
			},
			"properties": {
				"name": "JA/YN-068(丸山(こんぴらさん))",
				"読み":"Maruyama(Konpirasan)",
				"標高":"663m 4pt ",
				"GL":"PM95gl",
				"市郡区":"G#17007G ",
				"登山日":"",
				"メモ":"",
				"_markerType": "Icon",
				"_iconUrl": "https://maps.gsi.go.jp/portal/sys/v4/symbols/828.png",
				"_iconSize": [
					16,
					16
				],
				"_iconAnchor": [
					8,
					8
				]
			}
		},
		{
			"type": "Feature",
			"geometry": {
				"type": "Point",
				"coordinates": [
					 138.4275,
					 35.447
				]
			},
			"properties": {
				"name": "JA/YN-069(烏森山)",
				"読み":"Karasumoriyama",
				"標高":"645m 2pt ",
				"GL":"PM95fk",
				"市郡区":"G#17007G ",
				"登山日":"",
				"メモ":"",
				"_markerType": "Icon",
				"_iconUrl": "https://maps.gsi.go.jp/portal/sys/v4/symbols/102.png",
				"_iconSize": [
					16,
					16
				],
				"_iconAnchor": [
					8,
					8
				]
			}
		},
		{
			"type": "Feature",
			"geometry": {
				"type": "Point",
				"coordinates": [
					 138.4622,
					 35.4371
				]
			},
			"properties": {
				"name": "JA/YN-070(醍醐山)",
				"読み":"Daigoyama",
				"標高":"640m 2pt ",
				"GL":"PM95fk",
				"市郡区":"G#17007G ",
				"登山日":"",
				"メモ":"",
				"_markerType": "Icon",
				"_iconUrl": "https://maps.gsi.go.jp/portal/sys/v4/symbols/102.png",
				"_iconSize": [
					16,
					16
				],
				"_iconAnchor": [
					8,
					8
				]
			}
		},
		{
			"type": "Feature",
			"geometry": {
				"type": "Point",
				"coordinates": [
					 138.4732,
					 35.5199
				]
			},
			"properties": {
				"name": "JA/YN-071(点550)",
				"読み":"P550",
				"標高":"550m 2pt ",
				"GL":"PM95fm",
				"市郡区":"G#17004F ",
				"登山日":"",
				"メモ":"",
				"_markerType": "Icon",
				"_iconUrl": "https://maps.gsi.go.jp/portal/sys/v4/symbols/102.png",
				"_iconSize": [
					16,
					16
				],
				"_iconAnchor": [
					8,
					8
				]
			}
		},
		{
			"type": "Feature",
			"geometry": {
				"type": "Point",
				"coordinates": [
					 138.4631,
					 35.4754
				]
			},
			"properties": {
				"name": "JA/YN-072(点472)",
				"読み":"P472",
				"標高":"472m 1pt ",
				"GL":"PM95fl",
				"市郡区":"G#17007G ",
				"登山日":"",
				"メモ":"",
				"_markerType": "Icon",
				"_iconUrl": "https://maps.gsi.go.jp/portal/sys/v4/symbols/826.png",
				"_iconSize": [
					16,
					16
				],
				"_iconAnchor": [
					8,
					8
				]
			}
		},
		{
			"type": "Feature",
			"geometry": {
				"type": "Point",
				"coordinates": [
					 138.2582,
					 35.4085
				]
			},
			"properties": {
				"name": "JA/YN-073(布引山)",
				"読み":"Nunobikiyama",
				"標高":"2584m 10pt ",
				"GL":"PM95dj",
				"市郡区":"G#17007F / C#180101 ",
				"登山日":"",
				"メモ":"",
				"_markerType": "Icon",
				"_iconUrl": "https://maps.gsi.go.jp/portal/sys/v4/symbols/101.png",
				"_iconSize": [
					16,
					16
				],
				"_iconAnchor": [
					8,
					8
				]
			}
		},
		{
			"type": "Feature",
			"geometry": {
				"type": "Point",
				"coordinates": [
					 138.3494,
					 35.362
				]
			},
			"properties": {
				"name": "JA/YN-074(点1990)",
				"読み":"P1990",
				"標高":"1990m 10pt ",
				"GL":"PM95ei",
				"市郡区":"G#17007F ",
				"登山日":"",
				"メモ":"",
				"_markerType": "Icon",
				"_iconUrl": "https://maps.gsi.go.jp/portal/sys/v4/symbols/101.png",
				"_iconSize": [
					16,
					16
				],
				"_iconAnchor": [
					8,
					8
				]
			}
		},
		{
			"type": "Feature",
			"geometry": {
				"type": "Point",
				"coordinates": [
					 138.8848,
					 35.6868
				]
			},
			"properties": {
				"name": "JA/YN-075(雁ヶ腹摺山)",
				"読み":"Gangaharasuriyama",
				"標高":"1874m 10pt ",
				"GL":"PM95kq",
				"市郡区":"C#1706 ",
				"登山日":"",
				"メモ":"",
				"_markerType": "Icon",
				"_iconUrl": "https://maps.gsi.go.jp/portal/sys/v4/symbols/101.png",
				"_iconSize": [
					16,
					16
				],
				"_iconAnchor": [
					8,
					8
				]
			}
		},
		{
			"type": "Feature",
			"geometry": {
				"type": "Point",
				"coordinates": [
					 138.3273,
					 35.5876
				]
			},
			"properties": {
				"name": "JA/YN-076(高山)",
				"読み":"Takayama",
				"標高":"1801m 10pt ",
				"GL":"PM95do",
				"市郡区":"G#17007F ",
				"登山日":"",
				"メモ":"",
				"_markerType": "Icon",
				"_iconUrl": "https://maps.gsi.go.jp/portal/sys/v4/symbols/101.png",
				"_iconSize": [
					16,
					16
				],
				"_iconAnchor": [
					8,
					8
				]
			}
		},
		{
			"type": "Feature",
			"geometry": {
				"type": "Point",
				"coordinates": [
					 138.8356,
					 35.7885
				]
			},
			"properties": {
				"name": "JA/YN-077(黒川鶏冠山)",
				"読み":"Kurokawakeikanzan",
				"標高":"1716m 10pt ",
				"GL":"PM95ks",
				"市郡区":"C#1713 ",
				"登山日":"",
				"メモ":"",
				"_markerType": "Icon",
				"_iconUrl": "https://maps.gsi.go.jp/portal/sys/v4/symbols/101.png",
				"_iconSize": [
					16,
					16
				],
				"_iconAnchor": [
					8,
					8
				]
			}
		},
		{
			"type": "Feature",
			"geometry": {
				"type": "Point",
				"coordinates": [
					 138.572,
					 35.8744
				]
			},
			"properties": {
				"name": "JA/YN-078(摩子の山)",
				"読み":"Makonoyama",
				"標高":"1700m 10pt ",
				"GL":"PM95gu",
				"市郡区":"C#1709 ",
				"登山日":"",
				"メモ":"",
				"_markerType": "Icon",
				"_iconUrl": "https://maps.gsi.go.jp/portal/sys/v4/symbols/101.png",
				"_iconSize": [
					16,
					16
				],
				"_iconAnchor": [
					8,
					8
				]
			}
		},
		{
			"type": "Feature",
			"geometry": {
				"type": "Point",
				"coordinates": [
					 138.7209,
					 35.5629
				]
			},
			"properties": {
				"name": "JA/YN-079(釈迦ヶ岳)",
				"読み":"Shakagadake",
				"標高":"1641m 10pt ",
				"GL":"PM95in",
				"市郡区":"C#1711 ",
				"登山日":"",
				"メモ":"",
				"_markerType": "Icon",
				"_iconUrl": "https://maps.gsi.go.jp/portal/sys/v4/symbols/101.png",
				"_iconSize": [
					16,
					16
				],
				"_iconAnchor": [
					8,
					8
				]
			}
		},
		{
			"type": "Feature",
			"geometry": {
				"type": "Point",
				"coordinates": [
					 138.8881,
					 35.7675
				]
			},
			"properties": {
				"name": "JA/YN-080(サカリ山)",
				"読み":"Sakariyama",
				"標高":"1541m 10pt ",
				"GL":"PM95ks",
				"市郡区":"G#17002B / G#17002A ",
				"登山日":"",
				"メモ":"",
				"_markerType": "Icon",
				"_iconUrl": "https://maps.gsi.go.jp/portal/sys/v4/symbols/101.png",
				"_iconSize": [
					16,
					16
				],
				"_iconAnchor": [
					8,
					8
				]
			}
		},
		{
			"type": "Feature",
			"geometry": {
				"type": "Point",
				"coordinates": [
					 138.5835,
					 35.4468
				]
			},
			"properties": {
				"name": "JA/YN-081(竜ヶ岳)",
				"読み":"Ryugatake",
				"標高":"1485m 8pt ",
				"GL":"PM95hk",
				"市郡区":"G#17008J / G#17007G ",
				"登山日":"",
				"メモ":"",
				"_markerType": "Icon",
				"_iconUrl": "https://maps.gsi.go.jp/portal/sys/v4/symbols/104.png",
				"_iconSize": [
					16,
					16
				],
				"_iconAnchor": [
					8,
					8
				]
			}
		},
		{
			"type": "Feature",
			"geometry": {
				"type": "Point",
				"coordinates": [
					 138.6536,
					 35.4409
				]
			},
			"properties": {
				"name": "JA/YN-082(大室山)",
				"読み":"Oomuroyama",
				"標高":"1468m 8pt ",
				"GL":"PM95hk",
				"市郡区":"G#17008J ",
				"登山日":"",
				"メモ":"",
				"_markerType": "Icon",
				"_iconUrl": "https://maps.gsi.go.jp/portal/sys/v4/symbols/104.png",
				"_iconSize": [
					16,
					16
				],
				"_iconAnchor": [
					8,
					8
				]
			}
		},
		{
			"type": "Feature",
			"geometry": {
				"type": "Point",
				"coordinates": [
					 138.6998,
					 35.5809
				]
			},
			"properties": {
				"name": "JA/YN-083(大栃山)",
				"読み":"Ootochiyama",
				"標高":"1415m 8pt ",
				"GL":"PM95in",
				"市郡区":"C#1711 ",
				"登山日":"",
				"メモ":"",
				"_markerType": "Icon",
				"_iconUrl": "https://maps.gsi.go.jp/portal/sys/v4/symbols/104.png",
				"_iconSize": [
					16,
					16
				],
				"_iconAnchor": [
					8,
					8
				]
			}
		},
		{
			"type": "Feature",
			"geometry": {
				"type": "Point",
				"coordinates": [
					 138.5425,
					 35.7757
				]
			},
			"properties": {
				"name": "JA/YN-084(太刀岡山)",
				"読み":"Tachiokayama",
				"標高":"1322m 8pt ",
				"GL":"PM95gs",
				"市郡区":"C#1701 / C#1710 ",
				"登山日":"",
				"メモ":"",
				"_markerType": "Icon",
				"_iconUrl": "https://maps.gsi.go.jp/portal/sys/v4/symbols/104.png",
				"_iconSize": [
					16,
					16
				],
				"_iconAnchor": [
					8,
					8
				]
			}
		},
		{
			"type": "Feature",
			"geometry": {
				"type": "Point",
				"coordinates": [
					 138.522,
					 35.3403
				]
			},
			"properties": {
				"name": "JA/YN-085(点1300)",
				"読み":"P1300",
				"標高":"1300m 8pt ",
				"GL":"PM95gi",
				"市郡区":"G#17007E ",
				"登山日":"",
				"メモ":"",
				"_markerType": "Icon",
				"_iconUrl": "https://maps.gsi.go.jp/portal/sys/v4/symbols/104.png",
				"_iconSize": [
					16,
					16
				],
				"_iconAnchor": [
					8,
					8
				]
			}
		},
		{
			"type": "Feature",
			"geometry": {
				"type": "Point",
				"coordinates": [
					 139.0245,
					 35.5443
				]
			},
			"properties": {
				"name": "JA/YN-086(赤鞍ヶ岳)",
				"読み":"Akakuragatake",
				"標高":"1299m 8pt ",
				"GL":"PM95mn",
				"市郡区":"C#1704 / G#17008F / C#1712",
				"登山日":"",
				"メモ":"",
				"_markerType": "Icon",
				"_iconUrl": "https://maps.gsi.go.jp/portal/sys/v4/symbols/104.png",
				"_iconSize": [
					16,
					16
				],
				"_iconAnchor": [
					8,
					8
				]
			}
		},
		{
			"type": "Feature",
			"geometry": {
				"type": "Point",
				"coordinates": [
					 138.8557,
					 35.508
				]
			},
			"properties": {
				"name": "JA/YN-087(倉見山)",
				"読み":"Kuramiyama",
				"標高":"1256m 8pt ",
				"GL":"PM95km",
				"市郡区":"C#1704 / G#17008H ",
				"登山日":"",
				"メモ":"",
				"_markerType": "Icon",
				"_iconUrl": "https://maps.gsi.go.jp/portal/sys/v4/symbols/104.png",
				"_iconSize": [
					16,
					16
				],
				"_iconAnchor": [
					8,
					8
				]
			}
		},
		{
			"type": "Feature",
			"geometry": {
				"type": "Point",
				"coordinates": [
					 138.6157,
					 35.5482
				]
			},
			"properties": {
				"name": "JA/YN-088(千畳敷)",
				"読み":"Senjyoujiki",
				"標高":"1246m 8pt ",
				"GL":"PM95hn",
				"市郡区":"C#1701 / C#1711 ",
				"登山日":"",
				"メモ":"",
				"_markerType": "Icon",
				"_iconUrl": "https://maps.gsi.go.jp/portal/sys/v4/symbols/104.png",
				"_iconSize": [
					16,
					16
				],
				"_iconAnchor": [
					8,
					8
				]
			}
		},
		{
			"type": "Feature",
			"geometry": {
				"type": "Point",
				"coordinates": [
					 138.6526,
					 35.562
				]
			},
			"properties": {
				"name": "JA/YN-089(名所山)",
				"読み":"Meishozan",
				"標高":"1236m 8pt ",
				"GL":"PM95hn",
				"市郡区":"C#1711 ",
				"登山日":"",
				"メモ":"",
				"_markerType": "Icon",
				"_iconUrl": "https://maps.gsi.go.jp/portal/sys/v4/symbols/104.png",
				"_iconSize": [
					16,
					16
				],
				"_iconAnchor": [
					8,
					8
				]
			}
		},
		{
			"type": "Feature",
			"geometry": {
				"type": "Point",
				"coordinates": [
					 138.4178,
					 35.2066
				]
			},
			"properties": {
				"name": "JA/YN-090(徳間村（十）(三角点))",
				"読み":"Tokumamura10",
				"標高":"1205m 8pt ",
				"GL":"PM95fe",
				"市郡区":"G#17007E ",
				"登山日":"",
				"メモ":"",
				"_markerType": "Icon",
				"_iconUrl": "https://maps.gsi.go.jp/portal/sys/v4/symbols/104.png",
				"_iconSize": [
					16,
					16
				],
				"_iconAnchor": [
					8,
					8
				]
			}
		},
		{
			"type": "Feature",
			"geometry": {
				"type": "Point",
				"coordinates": [
					 138.3774,
					 35.7417
				]
			},
			"properties": {
				"name": "JA/YN-091(荒倉山)",
				"読み":"Arakurayama",
				"標高":"1132m 8pt ",
				"GL":"PM95er",
				"市郡区":"C#1707 ",
				"登山日":"",
				"メモ":"",
				"_markerType": "Icon",
				"_iconUrl": "https://maps.gsi.go.jp/portal/sys/v4/symbols/104.png",
				"_iconSize": [
					16,
					16
				],
				"_iconAnchor": [
					8,
					8
				]
			}
		},
		{
			"type": "Feature",
			"geometry": {
				"type": "Point",
				"coordinates": [
					 138.4569,
					 35.8335
				]
			},
			"properties": {
				"name": "JA/YN-092(斑山)",
				"読み":"Madarayama",
				"標高":"1120m 8pt ",
				"GL":"PM95fu",
				"市郡区":"C#1709 ",
				"登山日":"",
				"メモ":"",
				"_markerType": "Icon",
				"_iconUrl": "https://maps.gsi.go.jp/portal/sys/v4/symbols/104.png",
				"_iconSize": [
					16,
					16
				],
				"_iconAnchor": [
					8,
					8
				]
			}
		},
		{
			"type": "Feature",
			"geometry": {
				"type": "Point",
				"coordinates": [
					 138.4909,
					 35.2989
				]
			},
			"properties": {
				"name": "JA/YN-093(思親山)",
				"読み":"Shishinsan",
				"標高":"1040m 6pt ",
				"GL":"PM95fh",
				"市郡区":"G#17007E ",
				"登山日":"",
				"メモ":"",
				"_markerType": "Icon",
				"_iconUrl": "https://maps.gsi.go.jp/portal/sys/v4/symbols/103.png",
				"_iconSize": [
					16,
					16
				],
				"_iconAnchor": [
					8,
					8
				]
			}
		},
		{
			"type": "Feature",
			"geometry": {
				"type": "Point",
				"coordinates": [
					 138.9177,
					 35.6163
				]
			},
			"properties": {
				"name": "JA/YN-094(花咲山)",
				"読み":"Hanasakiyama",
				"標高":"750m 4pt ",
				"GL":"PM95lo",
				"市郡区":"C#1706 ",
				"登山日":"",
				"メモ":"",
				"_markerType": "Icon",
				"_iconUrl": "https://maps.gsi.go.jp/portal/sys/v4/symbols/828.png",
				"_iconSize": [
					16,
					16
				],
				"_iconAnchor": [
					8,
					8
				]
			}
		},
		{
			"type": "Feature",
			"geometry": {
				"type": "Point",
				"coordinates": [
					 138.9498,
					 35.6217
				]
			},
			"properties": {
				"name": "JA/YN-095(岩殿山)",
				"読み":"Iwadonosan",
				"標高":"634m 2pt ",
				"GL":"PM95lo",
				"市郡区":"C#1706 ",
				"登山日":"",
				"メモ":"",
				"_markerType": "Icon",
				"_iconUrl": "https://maps.gsi.go.jp/portal/sys/v4/symbols/102.png",
				"_iconSize": [
					16,
					16
				],
				"_iconAnchor": [
					8,
					8
				]
			}
		},
		{
			"type": "Feature",
			"geometry": {
				"type": "Point",
				"coordinates": [
					 139.0986,
					 35.6602
				]
			},
			"properties": {
				"name": "JA/YN-096(聖武連山)",
				"読み":"Syoumureyama",
				"標高":"542m 2pt ",
				"GL":"PM95np",
				"市郡区":"C#1712 ",
				"登山日":"",
				"メモ":"",
				"_markerType": "Icon",
				"_iconUrl": "https://maps.gsi.go.jp/portal/sys/v4/symbols/102.png",
				"_iconSize": [
					16,
					16
				],
				"_iconAnchor": [
					8,
					8
				]
			}
		},
		{
			"type": "Feature",
			"geometry": {
				"type": "Point",
				"coordinates": [
					 138.4305,
					 35.347
				]
			},
			"properties": {
				"name": "JA/YN-097(豊岡村（三角点近傍）)",
				"読み":"Near_Toyookamura",
				"標高":"540m 2pt ",
				"GL":"PM95fi",
				"市郡区":"G#17007G ",
				"登山日":"",
				"メモ":"",
				"_markerType": "Icon",
				"_iconUrl": "https://maps.gsi.go.jp/portal/sys/v4/symbols/102.png",
				"_iconSize": [
					16,
					16
				],
				"_iconAnchor": [
					8,
					8
				]
			}
		},
		{
			"type": "Feature",
			"geometry": {
				"type": "Point",
				"coordinates": [
					 139.0841,
					 35.6184
				]
			},
			"properties": {
				"name": "JA/YN-098(御前山)",
				"読み":"Gozenyama",
				"標高":"461m 1pt ",
				"GL":"PM95no",
				"市郡区":"C#1712 ",
				"登山日":"",
				"メモ":"",
				"_markerType": "Icon",
				"_iconUrl": "https://maps.gsi.go.jp/portal/sys/v4/symbols/826.png",
				"_iconSize": [
					16,
					16
				],
				"_iconAnchor": [
					8,
					8
				]
			}
		},
		{
			"type": "Feature",
			"geometry": {
				"type": "Point",
				"coordinates": [
					 138.287745,
					 35.709775
				]
			},
			"properties": {
				"name": "JA/YN-099(高嶺)",
				"読み":"Takane",
				"標高":"2779m 10pt ",
				"GL":"PM95dr",
				"市郡区":"C#1709 / C#1708 ",
				"登山日":"",
				"メモ":"",
				"_markerType": "Icon",
				"_iconUrl": "https://maps.gsi.go.jp/portal/sys/v4/symbols/101.png",
				"_iconSize": [
					16,
					16
				],
				"_iconAnchor": [
					8,
					8
				]
			}
		},
		{
			"type": "Feature",
			"geometry": {
				"type": "Point",
				"coordinates": [
					 138.588924,
					 35.862292
				]
			},
			"properties": {
				"name": "JA/YN-100(あるく岩)",
				"読み":"Arukuiwa",
				"標高":"1752m 10pt ",
				"GL":"PM95hu",
				"市郡区":"C#1709 ",
				"登山日":"",
				"メモ":"",
				"_markerType": "Icon",
				"_iconUrl": "https://maps.gsi.go.jp/portal/sys/v4/symbols/101.png",
				"_iconSize": [
					16,
					16
				],
				"_iconAnchor": [
					8,
					8
				]
			}
		},
		{
			"type": "Feature",
			"geometry": {
				"type": "Point",
				"coordinates": [
					 139.006603,
					 35.498697
				]
			},
			"properties": {
				"name": "JA/YN-101(鳥ノ胸山)",
				"読み":"Torinomuneyama(Tonnomuneyama)",
				"標高":"1208m 8pt ",
				"GL":"PM95ml",
				"市郡区":"G#17008F ",
				"登山日":"",
				"メモ":"",
				"_markerType": "Icon",
				"_iconUrl": "https://maps.gsi.go.jp/portal/sys/v4/symbols/104.png",
				"_iconSize": [
					16,
					16
				],
				"_iconAnchor": [
					8,
					8
				]
			}
		}
	]
}
