{
	"type": "FeatureCollection",
	"features": [
		{
			"type": "Feature",
			"geometry": {
				"type": "Point",
				"coordinates": [
					 137.6555,
					 35.2276
				]
			},
			"properties": {
				"name": "JA/AC-001(茶臼山)",
				"読み":"Chausuyama",
				"標高":"1415m 8pt ",
				"GL":"PM85tf",
				"市郡区":"G#20004D / G#09008K ",
				"登山日":"",
				"メモ":"",
				"_markerType": "Icon",
				"_iconUrl": "https://maps.gsi.go.jp/portal/sys/v4/symbols/104.png",
				"_iconSize": [
					16,
					16
				],
				"_iconAnchor": [
					8,
					8
				]
			}
		},
		{
			"type": "Feature",
			"geometry": {
				"type": "Point",
				"coordinates": [
					 137.5808,
					 35.1902
				]
			},
			"properties": {
				"name": "JA/AC-002(天狗棚)",
				"読み":"Tengudana",
				"標高":"1240m 8pt ",
				"GL":"PM85se",
				"市郡区":"G#20004E / C#2012 ",
				"登山日":"",
				"メモ":"",
				"_markerType": "Icon",
				"_iconUrl": "https://maps.gsi.go.jp/portal/sys/v4/symbols/104.png",
				"_iconSize": [
					16,
					16
				],
				"_iconAnchor": [
					8,
					8
				]
			}
		},
		{
			"type": "Feature",
			"geometry": {
				"type": "Point",
				"coordinates": [
					 137.495,
					 35.1526
				]
			},
			"properties": {
				"name": "JA/AC-003(鷹ノ巣山)",
				"読み":"Takanosuyama",
				"標高":"1152m 8pt ",
				"GL":"PM85rd",
				"市郡区":"G#20004E ",
				"登山日":"",
				"メモ":"",
				"_markerType": "Icon",
				"_iconUrl": "https://maps.gsi.go.jp/portal/sys/v4/symbols/104.png",
				"_iconSize": [
					16,
					16
				],
				"_iconAnchor": [
					8,
					8
				]
			}
		},
		{
			"type": "Feature",
			"geometry": {
				"type": "Point",
				"coordinates": [
					 137.4436,
					 35.1361
				]
			},
			"properties": {
				"name": "JA/AC-004(点1130(寧比曽岳近傍))",
				"読み":"P1130",
				"標高":"1130m 8pt ",
				"GL":"PM85rd",
				"市郡区":"G#20004E / C#2012 ",
				"登山日":"",
				"メモ":"",
				"_markerType": "Icon",
				"_iconUrl": "https://maps.gsi.go.jp/portal/sys/v4/symbols/104.png",
				"_iconSize": [
					16,
					16
				],
				"_iconAnchor": [
					8,
					8
				]
			}
		},
		{
			"type": "Feature",
			"geometry": {
				"type": "Point",
				"coordinates": [
					 137.7669,
					 35.1531
				]
			},
			"properties": {
				"name": "JA/AC-005(点1109(キビウ峠近傍))",
				"読み":"P1109",
				"標高":"1109m 8pt ",
				"GL":"PM85vd",
				"市郡区":"G#20004D ",
				"登山日":"",
				"メモ":"",
				"_markerType": "Icon",
				"_iconUrl": "https://maps.gsi.go.jp/portal/sys/v4/symbols/104.png",
				"_iconSize": [
					16,
					16
				],
				"_iconAnchor": [
					8,
					8
				]
			}
		},
		{
			"type": "Feature",
			"geometry": {
				"type": "Point",
				"coordinates": [
					 137.6626,
					 35.0497
				]
			},
			"properties": {
				"name": "JA/AC-006(明神山)",
				"読み":"Myoujinyama",
				"標高":"1016m 6pt ",
				"GL":"PM85tb",
				"市郡区":"C#2023 / G#20004F ",
				"登山日":"",
				"メモ":"",
				"_markerType": "Icon",
				"_iconUrl": "https://maps.gsi.go.jp/portal/sys/v4/symbols/103.png",
				"_iconSize": [
					16,
					16
				],
				"_iconAnchor": [
					8,
					8
				]
			}
		},
		{
			"type": "Feature",
			"geometry": {
				"type": "Point",
				"coordinates": [
					 137.6063,
					 35.1052
				]
			},
			"properties": {
				"name": "JA/AC-007(大鈴山)",
				"読み":"Oosuzuyama",
				"標高":"1012m 6pt ",
				"GL":"PM85tc",
				"市郡区":"G#20004F / G#20004E ",
				"登山日":"",
				"メモ":"",
				"_markerType": "Icon",
				"_iconUrl": "https://maps.gsi.go.jp/portal/sys/v4/symbols/103.png",
				"_iconSize": [
					16,
					16
				],
				"_iconAnchor": [
					8,
					8
				]
			}
		},
		{
			"type": "Feature",
			"geometry": {
				"type": "Point",
				"coordinates": [
					 137.7372,
					 35.1235
				]
			},
			"properties": {
				"name": "JA/AC-008(小岩岳)",
				"読み":"Koiwadake",
				"標高":"985m 6pt ",
				"GL":"PM85uc",
				"市郡区":"G#20004F / G#20004D ",
				"登山日":"",
				"メモ":"",
				"_markerType": "Icon",
				"_iconUrl": "https://maps.gsi.go.jp/portal/sys/v4/symbols/103.png",
				"_iconSize": [
					16,
					16
				],
				"_iconAnchor": [
					8,
					8
				]
			}
		},
		{
			"type": "Feature",
			"geometry": {
				"type": "Point",
				"coordinates": [
					 137.6514,
					 35.1602
				]
			},
			"properties": {
				"name": "JA/AC-009(白鳥山)",
				"読み":"Shiratoriyama",
				"標高":"968m 6pt ",
				"GL":"PM85td",
				"市郡区":"G#20004E ",
				"登山日":"",
				"メモ":"",
				"_markerType": "Icon",
				"_iconUrl": "https://maps.gsi.go.jp/portal/sys/v4/symbols/103.png",
				"_iconSize": [
					16,
					16
				],
				"_iconAnchor": [
					8,
					8
				]
			}
		},
		{
			"type": "Feature",
			"geometry": {
				"type": "Point",
				"coordinates": [
					 137.6554,
					 35.1391
				]
			},
			"properties": {
				"name": "JA/AC-010(大峠)",
				"読み":"Ootouge",
				"標高":"954m 6pt ",
				"GL":"PM85td",
				"市郡区":"G#20004D / G#20004F / G#20004E",
				"登山日":"",
				"メモ":"",
				"_markerType": "Icon",
				"_iconUrl": "https://maps.gsi.go.jp/portal/sys/v4/symbols/103.png",
				"_iconSize": [
					16,
					16
				],
				"_iconAnchor": [
					8,
					8
				]
			}
		},
		{
			"type": "Feature",
			"geometry": {
				"type": "Point",
				"coordinates": [
					 137.5979,
					 35.0228
				]
			},
			"properties": {
				"name": "JA/AC-011(宇連山)",
				"読み":"Ureyama",
				"標高":"929m 6pt ",
				"GL":"PM85ta",
				"市郡区":"G#20004E / C#2023 ",
				"登山日":"",
				"メモ":"",
				"_markerType": "Icon",
				"_iconUrl": "https://maps.gsi.go.jp/portal/sys/v4/symbols/103.png",
				"_iconSize": [
					16,
					16
				],
				"_iconAnchor": [
					8,
					8
				]
			}
		},
		{
			"type": "Feature",
			"geometry": {
				"type": "Point",
				"coordinates": [
					 137.777,
					 35.1127
				]
			},
			"properties": {
				"name": "JA/AC-012(離山)",
				"読み":"Hanareyama",
				"標高":"917m 6pt ",
				"GL":"PM85vc",
				"市郡区":"G#20004D ",
				"登山日":"",
				"メモ":"",
				"_markerType": "Icon",
				"_iconUrl": "https://maps.gsi.go.jp/portal/sys/v4/symbols/103.png",
				"_iconSize": [
					16,
					16
				],
				"_iconAnchor": [
					8,
					8
				]
			}
		},
		{
			"type": "Feature",
			"geometry": {
				"type": "Point",
				"coordinates": [
					 137.5799,
					 35.0579
				]
			},
			"properties": {
				"name": "JA/AC-013(鞍掛山近傍)",
				"読み":"Near_Kurakakeyama",
				"標高":"888m 6pt ",
				"GL":"PM85sb",
				"市郡区":"C#2023 / G#20004E ",
				"登山日":"",
				"メモ":"",
				"_markerType": "Icon",
				"_iconUrl": "https://maps.gsi.go.jp/portal/sys/v4/symbols/103.png",
				"_iconSize": [
					16,
					16
				],
				"_iconAnchor": [
					8,
					8
				]
			}
		},
		{
			"type": "Feature",
			"geometry": {
				"type": "Point",
				"coordinates": [
					 137.6266,
					 35.1409
				]
			},
			"properties": {
				"name": "JA/AC-014(水梨山)",
				"読み":"Mizunashiyama",
				"標高":"866m 6pt ",
				"GL":"PM85td",
				"市郡区":"G#20004E / G#20004F ",
				"登山日":"",
				"メモ":"",
				"_markerType": "Icon",
				"_iconUrl": "https://maps.gsi.go.jp/portal/sys/v4/symbols/103.png",
				"_iconSize": [
					16,
					16
				],
				"_iconAnchor": [
					8,
					8
				]
			}
		},
		{
			"type": "Feature",
			"geometry": {
				"type": "Point",
				"coordinates": [
					 137.4794,
					 35.2246
				]
			},
			"properties": {
				"name": "JA/AC-015(点865)",
				"読み":"P865",
				"標高":"865m 6pt ",
				"GL":"PM85rf",
				"市郡区":"C#2012 ",
				"登山日":"",
				"メモ":"",
				"_markerType": "Icon",
				"_iconUrl": "https://maps.gsi.go.jp/portal/sys/v4/symbols/103.png",
				"_iconSize": [
					16,
					16
				],
				"_iconAnchor": [
					8,
					8
				]
			}
		},
		{
			"type": "Feature",
			"geometry": {
				"type": "Point",
				"coordinates": [
					 137.6611,
					 35.0867
				]
			},
			"properties": {
				"name": "JA/AC-016(御殿山)",
				"読み":"Gotenyama",
				"標高":"789m 4pt ",
				"GL":"PM85tc",
				"市郡区":"G#20004F ",
				"登山日":"",
				"メモ":"",
				"_markerType": "Icon",
				"_iconUrl": "https://maps.gsi.go.jp/portal/sys/v4/symbols/828.png",
				"_iconSize": [
					16,
					16
				],
				"_iconAnchor": [
					8,
					8
				]
			}
		},
		{
			"type": "Feature",
			"geometry": {
				"type": "Point",
				"coordinates": [
					 137.4205,
					 34.9098
				]
			},
			"properties": {
				"name": "JA/AC-017(本宮山)",
				"読み":"Honguusan",
				"標高":"789m 4pt ",
				"GL":"PM84rv",
				"市郡区":"C#2003 / C#2023 / C#2008",
				"登山日":"",
				"メモ":"",
				"_markerType": "Icon",
				"_iconUrl": "https://maps.gsi.go.jp/portal/sys/v4/symbols/828.png",
				"_iconSize": [
					16,
					16
				],
				"_iconAnchor": [
					8,
					8
				]
			}
		},
		{
			"type": "Feature",
			"geometry": {
				"type": "Point",
				"coordinates": [
					 137.6316,
					 35.085
				]
			},
			"properties": {
				"name": "JA/AC-018(ウズ)",
				"読み":"Uzu",
				"標高":"757m 4pt ",
				"GL":"PM85tc",
				"市郡区":"G#20004F / G#20004E ",
				"登山日":"",
				"メモ":"",
				"_markerType": "Icon",
				"_iconUrl": "https://maps.gsi.go.jp/portal/sys/v4/symbols/828.png",
				"_iconSize": [
					16,
					16
				],
				"_iconAnchor": [
					8,
					8
				]
			}
		},
		{
			"type": "Feature",
			"geometry": {
				"type": "Point",
				"coordinates": [
					 137.7151,
					 35.0946
				]
			},
			"properties": {
				"name": "JA/AC-019(軒山)",
				"読み":"Nokiyama",
				"標高":"717m 4pt ",
				"GL":"PM85uc",
				"市郡区":"G#20004F ",
				"登山日":"",
				"メモ":"",
				"_markerType": "Icon",
				"_iconUrl": "https://maps.gsi.go.jp/portal/sys/v4/symbols/828.png",
				"_iconSize": [
					16,
					16
				],
				"_iconAnchor": [
					8,
					8
				]
			}
		},
		{
			"type": "Feature",
			"geometry": {
				"type": "Point",
				"coordinates": [
					 137.2604,
					 35.2809
				]
			},
			"properties": {
				"name": "JA/AC-020(西山(曽根山))",
				"読み":"Nishiyama(soneyama)",
				"標高":"712m 4pt ",
				"GL":"PM85pg",
				"市郡区":"C#2012 / C#1912 ",
				"登山日":"",
				"メモ":"",
				"_markerType": "Icon",
				"_iconUrl": "https://maps.gsi.go.jp/portal/sys/v4/symbols/828.png",
				"_iconSize": [
					16,
					16
				],
				"_iconAnchor": [
					8,
					8
				]
			}
		},
		{
			"type": "Feature",
			"geometry": {
				"type": "Point",
				"coordinates": [
					 137.1902,
					 35.2549
				]
			},
			"properties": {
				"name": "JA/AC-021(三国山)",
				"読み":"Mikuniyama",
				"標高":"701m 4pt ",
				"GL":"PM85og",
				"市郡区":"C#2012 / C#1912 ",
				"登山日":"",
				"メモ":"",
				"_markerType": "Icon",
				"_iconUrl": "https://maps.gsi.go.jp/portal/sys/v4/symbols/828.png",
				"_iconSize": [
					16,
					16
				],
				"_iconAnchor": [
					8,
					8
				]
			}
		},
		{
			"type": "Feature",
			"geometry": {
				"type": "Point",
				"coordinates": [
					 137.5828,
					 34.984
				]
			},
			"properties": {
				"name": "JA/AC-022(鳳来寺山)",
				"読み":"Houraijisan",
				"標高":"695m 4pt ",
				"GL":"PM84sx",
				"市郡区":"C#2023 ",
				"登山日":"",
				"メモ":"",
				"_markerType": "Icon",
				"_iconUrl": "https://maps.gsi.go.jp/portal/sys/v4/symbols/828.png",
				"_iconSize": [
					16,
					16
				],
				"_iconAnchor": [
					8,
					8
				]
			}
		},
		{
			"type": "Feature",
			"geometry": {
				"type": "Point",
				"coordinates": [
					 137.4931,
					 34.9407
				]
			},
			"properties": {
				"name": "JA/AC-023(須長雁峰)",
				"読み":"Sunagaganpou",
				"標高":"688m 4pt ",
				"GL":"PM84rw",
				"市郡区":"C#2023 ",
				"登山日":"",
				"メモ":"",
				"_markerType": "Icon",
				"_iconUrl": "https://maps.gsi.go.jp/portal/sys/v4/symbols/828.png",
				"_iconSize": [
					16,
					16
				],
				"_iconAnchor": [
					8,
					8
				]
			}
		},
		{
			"type": "Feature",
			"geometry": {
				"type": "Point",
				"coordinates": [
					 137.3029,
					 35.0603
				]
			},
			"properties": {
				"name": "JA/AC-024(炮烙山)",
				"読み":"Hourokusan",
				"標高":"684m 4pt ",
				"GL":"PM85pb",
				"市郡区":"C#2012 ",
				"登山日":"",
				"メモ":"",
				"_markerType": "Icon",
				"_iconUrl": "https://maps.gsi.go.jp/portal/sys/v4/symbols/828.png",
				"_iconSize": [
					16,
					16
				],
				"_iconAnchor": [
					8,
					8
				]
			}
		},
		{
			"type": "Feature",
			"geometry": {
				"type": "Point",
				"coordinates": [
					 137.1724,
					 35.2018
				]
			},
			"properties": {
				"name": "JA/AC-025(点632(猿投山近傍))",
				"読み":"P632",
				"標高":"632m 2pt ",
				"GL":"PM85oe",
				"市郡区":"C#2012 ",
				"登山日":"",
				"メモ":"",
				"_markerType": "Icon",
				"_iconUrl": "https://maps.gsi.go.jp/portal/sys/v4/symbols/102.png",
				"_iconSize": [
					16,
					16
				],
				"_iconAnchor": [
					8,
					8
				]
			}
		},
		{
			"type": "Feature",
			"geometry": {
				"type": "Point",
				"coordinates": [
					 137.2842,
					 35.0549
				]
			},
			"properties": {
				"name": "JA/AC-026(六所山)",
				"読み":"Rokusyosan",
				"標高":"611m 2pt ",
				"GL":"PM85pb",
				"市郡区":"C#2012 ",
				"登山日":"",
				"メモ":"",
				"_markerType": "Icon",
				"_iconUrl": "https://maps.gsi.go.jp/portal/sys/v4/symbols/102.png",
				"_iconSize": [
					16,
					16
				],
				"_iconAnchor": [
					8,
					8
				]
			}
		},
		{
			"type": "Feature",
			"geometry": {
				"type": "Point",
				"coordinates": [
					 137.6504,
					 34.9848
				]
			},
			"properties": {
				"name": "JA/AC-027(高土山)",
				"読み":"Koudosan",
				"標高":"583m 2pt ",
				"GL":"PM84tx",
				"市郡区":"C#2023 ",
				"登山日":"",
				"メモ":"",
				"_markerType": "Icon",
				"_iconUrl": "https://maps.gsi.go.jp/portal/sys/v4/symbols/102.png",
				"_iconSize": [
					16,
					16
				],
				"_iconAnchor": [
					8,
					8
				]
			}
		},
		{
			"type": "Feature",
			"geometry": {
				"type": "Point",
				"coordinates": [
					 137.5389,
					 35.0158
				]
			},
			"properties": {
				"name": "JA/AC-028(点524)",
				"読み":"P524",
				"標高":"524m 2pt ",
				"GL":"PM85sa",
				"市郡区":"C#2023 ",
				"登山日":"",
				"メモ":"",
				"_markerType": "Icon",
				"_iconUrl": "https://maps.gsi.go.jp/portal/sys/v4/symbols/102.png",
				"_iconSize": [
					16,
					16
				],
				"_iconAnchor": [
					8,
					8
				]
			}
		},
		{
			"type": "Feature",
			"geometry": {
				"type": "Point",
				"coordinates": [
					 137.5747,
					 34.8984
				]
			},
			"properties": {
				"name": "JA/AC-029(常寒山)",
				"読み":"Tokosabuyama",
				"標高":"482m 1pt ",
				"GL":"PM84sv",
				"市郡区":"C#2023 ",
				"登山日":"",
				"メモ":"",
				"_markerType": "Icon",
				"_iconUrl": "https://maps.gsi.go.jp/portal/sys/v4/symbols/826.png",
				"_iconSize": [
					16,
					16
				],
				"_iconAnchor": [
					8,
					8
				]
			}
		},
		{
			"type": "Feature",
			"geometry": {
				"type": "Point",
				"coordinates": [
					 137.2591,
					 34.8471
				]
			},
			"properties": {
				"name": "JA/AC-031(五井山)",
				"読み":"Goisan",
				"標高":"454m 1pt ",
				"GL":"PM84pu",
				"市郡区":"C#2015 / C#2008 ",
				"登山日":"",
				"メモ":"",
				"_markerType": "Icon",
				"_iconUrl": "https://maps.gsi.go.jp/portal/sys/v4/symbols/826.png",
				"_iconSize": [
					16,
					16
				],
				"_iconAnchor": [
					8,
					8
				]
			}
		},
		{
			"type": "Feature",
			"geometry": {
				"type": "Point",
				"coordinates": [
					 137.3226,
					 34.9007
				]
			},
			"properties": {
				"name": "JA/AC-032(京ヶ峯)",
				"読み":"Kyougamine",
				"標高":"442m 1pt ",
				"GL":"PM84pv",
				"市郡区":"C#2003 ",
				"登山日":"",
				"メモ":"",
				"_markerType": "Icon",
				"_iconUrl": "https://maps.gsi.go.jp/portal/sys/v4/symbols/826.png",
				"_iconSize": [
					16,
					16
				],
				"_iconAnchor": [
					8,
					8
				]
			}
		},
		{
			"type": "Feature",
			"geometry": {
				"type": "Point",
				"coordinates": [
					 137.5609,
					 34.9567
				]
			},
			"properties": {
				"name": "JA/AC-033(点410)",
				"読み":"P410",
				"標高":"410m 1pt ",
				"GL":"PM84sw",
				"市郡区":"C#2023 ",
				"登山日":"",
				"メモ":"",
				"_markerType": "Icon",
				"_iconUrl": "https://maps.gsi.go.jp/portal/sys/v4/symbols/826.png",
				"_iconSize": [
					16,
					16
				],
				"_iconAnchor": [
					8,
					8
				]
			}
		},
		{
			"type": "Feature",
			"geometry": {
				"type": "Point",
				"coordinates": [
					 137.4783,
					 34.8577
				]
			},
			"properties": {
				"name": "JA/AC-034(吉祥山)",
				"読み":"Kichijyozan",
				"標高":"383m 1pt ",
				"GL":"PM84ru",
				"市郡区":"C#2023 / C#2002 ",
				"登山日":"",
				"メモ":"",
				"_markerType": "Icon",
				"_iconUrl": "https://maps.gsi.go.jp/portal/sys/v4/symbols/826.png",
				"_iconSize": [
					16,
					16
				],
				"_iconAnchor": [
					8,
					8
				]
			}
		},
		{
			"type": "Feature",
			"geometry": {
				"type": "Point",
				"coordinates": [
					 137.5246,
					 34.887
				]
			},
			"properties": {
				"name": "JA/AC-035(日吉村１(三角点))",
				"読み":"Hiyoshimura1",
				"標高":"356m 1pt ",
				"GL":"PM84sv",
				"市郡区":"C#2023 ",
				"登山日":"",
				"メモ":"",
				"_markerType": "Icon",
				"_iconUrl": "https://maps.gsi.go.jp/portal/sys/v4/symbols/826.png",
				"_iconSize": [
					16,
					16
				],
				"_iconAnchor": [
					8,
					8
				]
			}
		},
		{
			"type": "Feature",
			"geometry": {
				"type": "Point",
				"coordinates": [
					 137.1464,
					 34.6021
				]
			},
			"properties": {
				"name": "JA/AC-037(大山)",
				"読み":"Ooyama",
				"標高":"328m 1pt ",
				"GL":"PM84no",
				"市郡区":"C#2033 ",
				"登山日":"",
				"メモ":"",
				"_markerType": "Icon",
				"_iconUrl": "https://maps.gsi.go.jp/portal/sys/v4/symbols/826.png",
				"_iconSize": [
					16,
					16
				],
				"_iconAnchor": [
					8,
					8
				]
			}
		},
		{
			"type": "Feature",
			"geometry": {
				"type": "Point",
				"coordinates": [
					 137.2686,
					 35.1192
				]
			},
			"properties": {
				"name": "JA/AC-038(大島(三角点))",
				"読み":"Ooshima",
				"標高":"326m 1pt ",
				"GL":"PM85pc",
				"市郡区":"C#2012 ",
				"登山日":"",
				"メモ":"",
				"_markerType": "Icon",
				"_iconUrl": "https://maps.gsi.go.jp/portal/sys/v4/symbols/826.png",
				"_iconSize": [
					16,
					16
				],
				"_iconAnchor": [
					8,
					8
				]
			}
		},
		{
			"type": "Feature",
			"geometry": {
				"type": "Point",
				"coordinates": [
					 137.2399,
					 34.6756
				]
			},
			"properties": {
				"name": "JA/AC-039(衣笠山)",
				"読み":"Kinugasayama",
				"標高":"278m 1pt ",
				"GL":"PM84oq",
				"市郡区":"C#2033 ",
				"登山日":"",
				"メモ":"",
				"_markerType": "Icon",
				"_iconUrl": "https://maps.gsi.go.jp/portal/sys/v4/symbols/826.png",
				"_iconSize": [
					16,
					16
				],
				"_iconAnchor": [
					8,
					8
				]
			}
		},
		{
			"type": "Feature",
			"geometry": {
				"type": "Point",
				"coordinates": [
					 137.4629,
					 35.2173
				]
			},
			"properties": {
				"name": "JA/AC-040(大洞峠(三角点))",
				"読み":"Ooboratouge",
				"標高":"868m 6pt ",
				"GL":"PM85rf",
				"市郡区":"C#2012 ",
				"登山日":"",
				"メモ":"",
				"_markerType": "Icon",
				"_iconUrl": "https://maps.gsi.go.jp/portal/sys/v4/symbols/103.png",
				"_iconSize": [
					16,
					16
				],
				"_iconAnchor": [
					8,
					8
				]
			}
		},
		{
			"type": "Feature",
			"geometry": {
				"type": "Point",
				"coordinates": [
					 137.5767,
					 35.0375
				]
			},
			"properties": {
				"name": "JA/AC-041(海老(三角点))",
				"読み":"Ebi",
				"標高":"762m 4pt ",
				"GL":"PM85sa",
				"市郡区":"C#2023 ",
				"登山日":"",
				"メモ":"",
				"_markerType": "Icon",
				"_iconUrl": "https://maps.gsi.go.jp/portal/sys/v4/symbols/828.png",
				"_iconSize": [
					16,
					16
				],
				"_iconAnchor": [
					8,
					8
				]
			}
		},
		{
			"type": "Feature",
			"geometry": {
				"type": "Point",
				"coordinates": [
					 137.4019,
					 34.976
				]
			},
			"properties": {
				"name": "JA/AC-042(巴山近傍)",
				"読み":"Near_Tomoeyama",
				"標高":"732m 4pt ",
				"GL":"PM84qx",
				"市郡区":"C#2023 / C#2003 ",
				"登山日":"",
				"メモ":"",
				"_markerType": "Icon",
				"_iconUrl": "https://maps.gsi.go.jp/portal/sys/v4/symbols/828.png",
				"_iconSize": [
					16,
					16
				],
				"_iconAnchor": [
					8,
					8
				]
			}
		},
		{
			"type": "Feature",
			"geometry": {
				"type": "Point",
				"coordinates": [
					 137.7147,
					 35.067
				]
			},
			"properties": {
				"name": "JA/AC-043(高塚)",
				"読み":"Takatsuka",
				"標高":"581m 2pt ",
				"GL":"PM85ub",
				"市郡区":"G#20004F ",
				"登山日":"",
				"メモ":"",
				"_markerType": "Icon",
				"_iconUrl": "https://maps.gsi.go.jp/portal/sys/v4/symbols/102.png",
				"_iconSize": [
					16,
					16
				],
				"_iconAnchor": [
					8,
					8
				]
			}
		},
		{
			"type": "Feature",
			"geometry": {
				"type": "Point",
				"coordinates": [
					 137.3549,
					 34.9101
				]
			},
			"properties": {
				"name": "JA/AC-044(高野御前山)",
				"読み":"Takanogozenyama",
				"標高":"480m 1pt ",
				"GL":"PM84qv",
				"市郡区":"C#2003 ",
				"登山日":"",
				"メモ":"",
				"_markerType": "Icon",
				"_iconUrl": "https://maps.gsi.go.jp/portal/sys/v4/symbols/826.png",
				"_iconSize": [
					16,
					16
				],
				"_iconAnchor": [
					8,
					8
				]
			}
		},
		{
			"type": "Feature",
			"geometry": {
				"type": "Point",
				"coordinates": [
					 137.1509,
					 34.8138
				]
			},
			"properties": {
				"name": "JA/AC-045(三ケ根山近傍)",
				"読み":"Sanganesan",
				"標高":"348m 1pt ",
				"GL":"PM84nt",
				"市郡区":"C#2014 ",
				"登山日":"",
				"メモ":"",
				"_markerType": "Icon",
				"_iconUrl": "https://maps.gsi.go.jp/portal/sys/v4/symbols/826.png",
				"_iconSize": [
					16,
					16
				],
				"_iconAnchor": [
					8,
					8
				]
			}
		},
		{
			"type": "Feature",
			"geometry": {
				"type": "Point",
				"coordinates": [
					 136.9797,
					 35.3338
				]
			},
			"properties": {
				"name": "JA/AC-046(本宮山)",
				"読み":"Motomiyayama",
				"標高":"293m 1pt ",
				"GL":"PM85li",
				"市郡区":"C#2016 ",
				"登山日":"",
				"メモ":"",
				"_markerType": "Icon",
				"_iconUrl": "https://maps.gsi.go.jp/portal/sys/v4/symbols/826.png",
				"_iconSize": [
					16,
					16
				],
				"_iconAnchor": [
					8,
					8
				]
			}
		},
		{
			"type": "Feature",
			"geometry": {
				"type": "Point",
				"coordinates": [
					 137.123,
					 34.8436
				]
			},
			"properties": {
				"name": "JA/AC-047(西尾茶臼山)",
				"読み":"Nishiochausuyama",
				"標高":"291m 1pt ",
				"GL":"PM84nu",
				"市郡区":"C#2014 / G#20010A ",
				"登山日":"",
				"メモ":"",
				"_markerType": "Icon",
				"_iconUrl": "https://maps.gsi.go.jp/portal/sys/v4/symbols/826.png",
				"_iconSize": [
					16,
					16
				],
				"_iconAnchor": [
					8,
					8
				]
			}
		},
		{
			"type": "Feature",
			"geometry": {
				"type": "Point",
				"coordinates": [
					 137.2621,
					 34.685
				]
			},
			"properties": {
				"name": "JA/AC-048(蔵王山)",
				"読み":"Zaousan",
				"標高":"250m 1pt ",
				"GL":"PM84pq",
				"市郡区":"C#2033 ",
				"登山日":"",
				"メモ":"",
				"_markerType": "Icon",
				"_iconUrl": "https://maps.gsi.go.jp/portal/sys/v4/symbols/826.png",
				"_iconSize": [
					16,
					16
				],
				"_iconAnchor": [
					8,
					8
				]
			}
		},
		{
			"type": "Feature",
			"geometry": {
				"type": "Point",
				"coordinates": [
					 137.2089,
					 34.6685
				]
			},
			"properties": {
				"name": "JA/AC-049(仁幸山(木落山))",
				"読み":"Nikouyama(Kiotoshiyama)",
				"標高":"223m 1pt ",
				"GL":"PM84oq",
				"市郡区":"C#2033 ",
				"登山日":"",
				"メモ":"",
				"_markerType": "Icon",
				"_iconUrl": "https://maps.gsi.go.jp/portal/sys/v4/symbols/826.png",
				"_iconSize": [
					16,
					16
				],
				"_iconAnchor": [
					8,
					8
				]
			}
		},
		{
			"type": "Feature",
			"geometry": {
				"type": "Point",
				"coordinates": [
					 137.187700,
					 34.647600
				]
			},
			"properties": {
				"name": "JA/AC-050(オオトギス)",
				"読み":"Ootogisu",
				"標高":"215m 1pt ",
				"GL":"PM84op",
				"市郡区":"C#2033 ",
				"登山日":"",
				"メモ":"",
				"_markerType": "Icon",
				"_iconUrl": "https://maps.gsi.go.jp/portal/sys/v4/symbols/826.png",
				"_iconSize": [
					16,
					16
				],
				"_iconAnchor": [
					8,
					8
				]
			}
		},
		{
			"type": "Feature",
			"geometry": {
				"type": "Point",
				"coordinates": [
					 137.205988,
					 34.856544
				]
			},
			"properties": {
				"name": "JA/AC-051(遠望峰山)",
				"読み":"Toboneyama",
				"標高":"443m 1pt ",
				"GL":"PM84ou",
				"市郡区":"C#2015 / G#20010A ",
				"登山日":"",
				"メモ":"",
				"_markerType": "Icon",
				"_iconUrl": "https://maps.gsi.go.jp/portal/sys/v4/symbols/826.png",
				"_iconSize": [
					16,
					16
				],
				"_iconAnchor": [
					8,
					8
				]
			}
		},
		{
			"type": "Feature",
			"geometry": {
				"type": "Point",
				"coordinates": [
					 136.983912,
					 35.344487
				]
			},
			"properties": {
				"name": "JA/AC-052(尾張富士)",
				"読み":"Owarifuji",
				"標高":"275m 1pt ",
				"GL":"PM85li",
				"市郡区":"C#2016 ",
				"登山日":"",
				"メモ":"",
				"_markerType": "Icon",
				"_iconUrl": "https://maps.gsi.go.jp/portal/sys/v4/symbols/826.png",
				"_iconSize": [
					16,
					16
				],
				"_iconAnchor": [
					8,
					8
				]
			}
		},
		{
			"type": "Feature",
			"geometry": {
				"type": "Point",
				"coordinates": [
					 137.218001,
					 34.623464
				]
			},
			"properties": {
				"name": "JA/AC-053(尾村山)",
				"読み":"Omurayama",
				"標高":"189m 1pt ",
				"GL":"PM84oo",
				"市郡区":"C#2033 ",
				"登山日":"",
				"メモ":"",
				"_markerType": "Icon",
				"_iconUrl": "https://maps.gsi.go.jp/portal/sys/v4/symbols/826.png",
				"_iconSize": [
					16,
					16
				],
				"_iconAnchor": [
					8,
					8
				]
			}
		},
		{
			"type": "Feature",
			"geometry": {
				"type": "Point",
				"coordinates": [
					 137.5536,
					 36.1065
				]
			},
			"properties": {
				"name": "JA/GF-001(乗鞍岳(剣ヶ峰))",
				"読み":"Norikuradake/Kengamine",
				"標高":"3026m 10pt ",
				"GL":"PM86sc",
				"市郡区":"C#1903 / C#0902 ",
				"登山日":"",
				"メモ":"",
				"_markerType": "Icon",
				"_iconUrl": "https://maps.gsi.go.jp/portal/sys/v4/symbols/101.png",
				"_iconSize": [
					16,
					16
				],
				"_iconAnchor": [
					8,
					8
				]
			}
		},
		{
			"type": "Feature",
			"geometry": {
				"type": "Point",
				"coordinates": [
					 137.5504,
					 36.3155
				]
			},
			"properties": {
				"name": "JA/GF-003(笠ヶ岳)",
				"読み":"Kasagatake",
				"標高":"2898m 10pt ",
				"GL":"PM86sh",
				"市郡区":"C#1903 ",
				"登山日":"",
				"メモ":"",
				"_markerType": "Icon",
				"_iconUrl": "https://maps.gsi.go.jp/portal/sys/v4/symbols/101.png",
				"_iconSize": [
					16,
					16
				],
				"_iconAnchor": [
					8,
					8
				]
			}
		},
		{
			"type": "Feature",
			"geometry": {
				"type": "Point",
				"coordinates": [
					 137.587,
					 36.3719
				]
			},
			"properties": {
				"name": "JA/GF-004(双六岳)",
				"読み":"Sugorokudake",
				"標高":"2860m 10pt ",
				"GL":"PM86ti",
				"市郡区":"C#1903 / C#0912 ",
				"登山日":"",
				"メモ":"",
				"_markerType": "Icon",
				"_iconUrl": "https://maps.gsi.go.jp/portal/sys/v4/symbols/101.png",
				"_iconSize": [
					16,
					16
				],
				"_iconAnchor": [
					8,
					8
				]
			}
		},
		{
			"type": "Feature",
			"geometry": {
				"type": "Point",
				"coordinates": [
					 137.54,
					 36.3925
				]
			},
			"properties": {
				"name": "JA/GF-005(黒部五郎岳(中ノ俣岳))",
				"読み":"Kurobegoroudake/Nakanomatadake",
				"標高":"2840m 10pt ",
				"GL":"PM86sj",
				"市郡区":"C#1903 / C#1917 / C#2801",
				"登山日":"",
				"メモ":"",
				"_markerType": "Icon",
				"_iconUrl": "https://maps.gsi.go.jp/portal/sys/v4/symbols/101.png",
				"_iconSize": [
					16,
					16
				],
				"_iconAnchor": [
					8,
					8
				]
			}
		},
		{
			"type": "Feature",
			"geometry": {
				"type": "Point",
				"coordinates": [
					 137.5525,
					 36.1477
				]
			},
			"properties": {
				"name": "JA/GF-006(四ッ岳)",
				"読み":"Yotsudake",
				"標高":"2745m 10pt ",
				"GL":"PM86sd",
				"市郡区":"C#1903 ",
				"登山日":"",
				"メモ":"",
				"_markerType": "Icon",
				"_iconUrl": "https://maps.gsi.go.jp/portal/sys/v4/symbols/101.png",
				"_iconSize": [
					16,
					16
				],
				"_iconAnchor": [
					8,
					8
				]
			}
		},
		{
			"type": "Feature",
			"geometry": {
				"type": "Point",
				"coordinates": [
					 136.7713,
					 36.1551
				]
			},
			"properties": {
				"name": "JA/GF-007(白山(御前峰))",
				"読み":"Hakusan/Gozengamine",
				"標高":"2702m 10pt ",
				"GL":"PM86jd",
				"市郡区":"G#19005G / C#3010 ",
				"登山日":"",
				"メモ":"",
				"_markerType": "Icon",
				"_iconUrl": "https://maps.gsi.go.jp/portal/sys/v4/symbols/101.png",
				"_iconSize": [
					16,
					16
				],
				"_iconAnchor": [
					8,
					8
				]
			}
		},
		{
			"type": "Feature",
			"geometry": {
				"type": "Point",
				"coordinates": [
					 136.7657,
					 36.1054
				]
			},
			"properties": {
				"name": "JA/GF-008(別山)",
				"読み":"Bessan",
				"標高":"2399m 10pt ",
				"GL":"PM86jc",
				"市郡区":"C#1903 / G#19005G / C#3010",
				"登山日":"",
				"メモ":"",
				"_markerType": "Icon",
				"_iconUrl": "https://maps.gsi.go.jp/portal/sys/v4/symbols/101.png",
				"_iconSize": [
					16,
					16
				],
				"_iconAnchor": [
					8,
					8
				]
			}
		},
		{
			"type": "Feature",
			"geometry": {
				"type": "Point",
				"coordinates": [
					 137.5421,
					 36.2726
				]
			},
			"properties": {
				"name": "JA/GF-009(大木場ノ辻)",
				"読み":"Ookibanotsuji",
				"標高":"2232m 10pt ",
				"GL":"PM86sg",
				"市郡区":"C#1903 ",
				"登山日":"",
				"メモ":"",
				"_markerType": "Icon",
				"_iconUrl": "https://maps.gsi.go.jp/portal/sys/v4/symbols/101.png",
				"_iconSize": [
					16,
					16
				],
				"_iconAnchor": [
					8,
					8
				]
			}
		},
		{
			"type": "Feature",
			"geometry": {
				"type": "Point",
				"coordinates": [
					 136.8463,
					 36.1797
				]
			},
			"properties": {
				"name": "JA/GF-010(奥三方岳)",
				"読み":"Okusanboudake",
				"標高":"2150m 10pt ",
				"GL":"PM86ke",
				"市郡区":"G#19005G ",
				"登山日":"",
				"メモ":"",
				"_markerType": "Icon",
				"_iconUrl": "https://maps.gsi.go.jp/portal/sys/v4/symbols/101.png",
				"_iconSize": [
					16,
					16
				],
				"_iconAnchor": [
					8,
					8
				]
			}
		},
		{
			"type": "Feature",
			"geometry": {
				"type": "Point",
				"coordinates": [
					 137.5221,
					 36.1941
				]
			},
			"properties": {
				"name": "JA/GF-011(輝山)",
				"読み":"Terashiyama",
				"標高":"2063m 10pt ",
				"GL":"PM86se",
				"市郡区":"C#1903 ",
				"登山日":"",
				"メモ":"",
				"_markerType": "Icon",
				"_iconUrl": "https://maps.gsi.go.jp/portal/sys/v4/symbols/101.png",
				"_iconSize": [
					16,
					16
				],
				"_iconAnchor": [
					8,
					8
				]
			}
		},
		{
			"type": "Feature",
			"geometry": {
				"type": "Point",
				"coordinates": [
					 137.4775,
					 36.3387
				]
			},
			"properties": {
				"name": "JA/GF-012(椹洞(三角点))",
				"読み":"Sawarabora",
				"標高":"2007m 10pt ",
				"GL":"PM86ri",
				"市郡区":"C#1903 ",
				"登山日":"",
				"メモ":"",
				"_markerType": "Icon",
				"_iconUrl": "https://maps.gsi.go.jp/portal/sys/v4/symbols/101.png",
				"_iconSize": [
					16,
					16
				],
				"_iconAnchor": [
					8,
					8
				]
			}
		},
		{
			"type": "Feature",
			"geometry": {
				"type": "Point",
				"coordinates": [
					 136.9429,
					 36.2259
				]
			},
			"properties": {
				"name": "JA/GF-013(猿ヶ馬場山)",
				"読み":"Sarugababayama",
				"標高":"1875m 10pt ",
				"GL":"PM86lf",
				"市郡区":"G#19005G ",
				"登山日":"",
				"メモ":"",
				"_markerType": "Icon",
				"_iconUrl": "https://maps.gsi.go.jp/portal/sys/v4/symbols/101.png",
				"_iconSize": [
					16,
					16
				],
				"_iconAnchor": [
					8,
					8
				]
			}
		},
		{
			"type": "Feature",
			"geometry": {
				"type": "Point",
				"coordinates": [
					 136.7922,
					 36.2985
				]
			},
			"properties": {
				"name": "JA/GF-014(笈ヶ岳)",
				"読み":"Oizurugadake",
				"標高":"1841m 10pt ",
				"GL":"PM86jh",
				"市郡区":"G#19005G / C#3010 / C#2810",
				"登山日":"",
				"メモ":"",
				"_markerType": "Icon",
				"_iconUrl": "https://maps.gsi.go.jp/portal/sys/v4/symbols/101.png",
				"_iconSize": [
					16,
					16
				],
				"_iconAnchor": [
					8,
					8
				]
			}
		},
		{
			"type": "Feature",
			"geometry": {
				"type": "Point",
				"coordinates": [
					 137.4789,
					 35.7267
				]
			},
			"properties": {
				"name": "JA/GF-015(天狗岩)",
				"読み":"Tengudake",
				"標高":"1824m 10pt ",
				"GL":"PM85rr",
				"市郡区":"C#1906 / G#09004B ",
				"登山日":"",
				"メモ":"",
				"_markerType": "Icon",
				"_iconUrl": "https://maps.gsi.go.jp/portal/sys/v4/symbols/101.png",
				"_iconSize": [
					16,
					16
				],
				"_iconAnchor": [
					8,
					8
				]
			}
		},
		{
			"type": "Feature",
			"geometry": {
				"type": "Point",
				"coordinates": [
					 137.5072,
					 35.6816
				]
			},
			"properties": {
				"name": "JA/GF-016(奥三界岳)",
				"読み":"Okusangaidake",
				"標高":"1811m 10pt ",
				"GL":"PM85sq",
				"市郡区":"C#1906 / G#09004C / G#09004J",
				"登山日":"",
				"メモ":"",
				"_markerType": "Icon",
				"_iconUrl": "https://maps.gsi.go.jp/portal/sys/v4/symbols/101.png",
				"_iconSize": [
					16,
					16
				],
				"_iconAnchor": [
					8,
					8
				]
			}
		},
		{
			"type": "Feature",
			"geometry": {
				"type": "Point",
				"coordinates": [
					 137.4563,
					 36.3981
				]
			},
			"properties": {
				"name": "JA/GF-017(本谷(三角点))",
				"読み":"Hondani",
				"標高":"1794m 10pt ",
				"GL":"PM86rj",
				"市郡区":"C#1917 ",
				"登山日":"",
				"メモ":"",
				"_markerType": "Icon",
				"_iconUrl": "https://maps.gsi.go.jp/portal/sys/v4/symbols/101.png",
				"_iconSize": [
					16,
					16
				],
				"_iconAnchor": [
					8,
					8
				]
			}
		},
		{
			"type": "Feature",
			"geometry": {
				"type": "Point",
				"coordinates": [
					 136.7969,
					 36.0497
				]
			},
			"properties": {
				"name": "JA/GF-018(丸山)",
				"読み":"Maruyama",
				"標高":"1786m 10pt ",
				"GL":"PM86jb",
				"市郡区":"C#1903 / C#1919 ",
				"登山日":"",
				"メモ":"",
				"_markerType": "Icon",
				"_iconUrl": "https://maps.gsi.go.jp/portal/sys/v4/symbols/101.png",
				"_iconSize": [
					16,
					16
				],
				"_iconAnchor": [
					8,
					8
				]
			}
		},
		{
			"type": "Feature",
			"geometry": {
				"type": "Point",
				"coordinates": [
					 136.9499,
					 36.338
				]
			},
			"properties": {
				"name": "JA/GF-019(三ヶ辻山)",
				"読み":"Mitsugatsujiyama",
				"標高":"1764m 10pt ",
				"GL":"PM86li",
				"市郡区":"G#19005G / C#2810 ",
				"登山日":"",
				"メモ":"",
				"_markerType": "Icon",
				"_iconUrl": "https://maps.gsi.go.jp/portal/sys/v4/symbols/101.png",
				"_iconSize": [
					16,
					16
				],
				"_iconAnchor": [
					8,
					8
				]
			}
		},
		{
			"type": "Feature",
			"geometry": {
				"type": "Point",
				"coordinates": [
					 137.427,
					 36.42
				]
			},
			"properties": {
				"name": "JA/GF-020(和佐府ゼッコ)",
				"読み":"Wasafuzekko",
				"標高":"1731m 10pt ",
				"GL":"PM86rk",
				"市郡区":"C#1917 / C#2801 ",
				"登山日":"",
				"メモ":"",
				"_markerType": "Icon",
				"_iconUrl": "https://maps.gsi.go.jp/portal/sys/v4/symbols/101.png",
				"_iconSize": [
					16,
					16
				],
				"_iconAnchor": [
					8,
					8
				]
			}
		},
		{
			"type": "Feature",
			"geometry": {
				"type": "Point",
				"coordinates": [
					 137.4184,
					 36.3511
				]
			},
			"properties": {
				"name": "JA/GF-021(桑崎山)",
				"読み":"Kuwasakiyama",
				"標高":"1728m 10pt ",
				"GL":"PM86ri",
				"市郡区":"C#1903 / C#1917 ",
				"登山日":"",
				"メモ":"",
				"_markerType": "Icon",
				"_iconUrl": "https://maps.gsi.go.jp/portal/sys/v4/symbols/101.png",
				"_iconSize": [
					16,
					16
				],
				"_iconAnchor": [
					8,
					8
				]
			}
		},
		{
			"type": "Feature",
			"geometry": {
				"type": "Point",
				"coordinates": [
					 137.5642,
					 35.4039
				]
			},
			"properties": {
				"name": "JA/GF-022(焼山)",
				"読み":"Yakeyama",
				"標高":"1710m 10pt ",
				"GL":"PM85sj",
				"市郡区":"C#1910 / C#1906 ",
				"登山日":"",
				"メモ":"",
				"_markerType": "Icon",
				"_iconUrl": "https://maps.gsi.go.jp/portal/sys/v4/symbols/101.png",
				"_iconSize": [
					16,
					16
				],
				"_iconAnchor": [
					8,
					8
				]
			}
		},
		{
			"type": "Feature",
			"geometry": {
				"type": "Point",
				"coordinates": [
					 136.8378,
					 36.0014
				]
			},
			"properties": {
				"name": "JA/GF-023(大日ヶ岳)",
				"読み":"Dainichigatake",
				"標高":"1709m 10pt ",
				"GL":"PM86ka",
				"市郡区":"C#1919 / C#1903 ",
				"登山日":"",
				"メモ":"",
				"_markerType": "Icon",
				"_iconUrl": "https://maps.gsi.go.jp/portal/sys/v4/symbols/101.png",
				"_iconSize": [
					16,
					16
				],
				"_iconAnchor": [
					8,
					8
				]
			}
		},
		{
			"type": "Feature",
			"geometry": {
				"type": "Point",
				"coordinates": [
					 136.7324,
					 36.0129
				]
			},
			"properties": {
				"name": "JA/GF-024(野伏ヶ岳)",
				"読み":"Nobusegadake",
				"標高":"1674m 10pt ",
				"GL":"PM86ia",
				"市郡区":"C#1919 / C#2905 ",
				"登山日":"",
				"メモ":"",
				"_markerType": "Icon",
				"_iconUrl": "https://maps.gsi.go.jp/portal/sys/v4/symbols/101.png",
				"_iconSize": [
					16,
					16
				],
				"_iconAnchor": [
					8,
					8
				]
			}
		},
		{
			"type": "Feature",
			"geometry": {
				"type": "Point",
				"coordinates": [
					 136.9715,
					 35.9404
				]
			},
			"properties": {
				"name": "JA/GF-025(鷲ヶ岳)",
				"読み":"Washigatake",
				"標高":"1672m 10pt ",
				"GL":"PM85lw",
				"市郡区":"C#1919 / C#1903 ",
				"登山日":"",
				"メモ":"",
				"_markerType": "Icon",
				"_iconUrl": "https://maps.gsi.go.jp/portal/sys/v4/symbols/101.png",
				"_iconSize": [
					16,
					16
				],
				"_iconAnchor": [
					8,
					8
				]
			}
		},
		{
			"type": "Feature",
			"geometry": {
				"type": "Point",
				"coordinates": [
					 136.7354,
					 36.0412
				]
			},
			"properties": {
				"name": "JA/GF-026(点1669)",
				"読み":"P1669",
				"標高":"1669m 10pt ",
				"GL":"PM86ia",
				"市郡区":"C#1919 / C#2905 ",
				"登山日":"",
				"メモ":"",
				"_markerType": "Icon",
				"_iconUrl": "https://maps.gsi.go.jp/portal/sys/v4/symbols/101.png",
				"_iconSize": [
					16,
					16
				],
				"_iconAnchor": [
					8,
					8
				]
			}
		},
		{
			"type": "Feature",
			"geometry": {
				"type": "Point",
				"coordinates": [
					 137.2685,
					 35.8833
				]
			},
			"properties": {
				"name": "JA/GF-027(点1650(御前山近傍))",
				"読み":"P1650",
				"標高":"1650m 10pt ",
				"GL":"PM85pv",
				"市郡区":"C#1920 ",
				"登山日":"",
				"メモ":"",
				"_markerType": "Icon",
				"_iconUrl": "https://maps.gsi.go.jp/portal/sys/v4/symbols/101.png",
				"_iconSize": [
					16,
					16
				],
				"_iconAnchor": [
					8,
					8
				]
			}
		},
		{
			"type": "Feature",
			"geometry": {
				"type": "Point",
				"coordinates": [
					 137.3992,
					 35.9612
				]
			},
			"properties": {
				"name": "JA/GF-028(濁河山)",
				"読み":"Nigorigoyama",
				"標高":"1634m 10pt ",
				"GL":"PM85qx",
				"市郡区":"C#1920 / C#1903 ",
				"登山日":"",
				"メモ":"",
				"_markerType": "Icon",
				"_iconUrl": "https://maps.gsi.go.jp/portal/sys/v4/symbols/101.png",
				"_iconSize": [
					16,
					16
				],
				"_iconAnchor": [
					8,
					8
				]
			}
		},
		{
			"type": "Feature",
			"geometry": {
				"type": "Point",
				"coordinates": [
					 137.0044,
					 35.9571
				]
			},
			"properties": {
				"name": "JA/GF-029(山中山)",
				"読み":"Yamanakayama",
				"標高":"1631m 10pt ",
				"GL":"PM85mw",
				"市郡区":"C#1903 ",
				"登山日":"",
				"メモ":"",
				"_markerType": "Icon",
				"_iconUrl": "https://maps.gsi.go.jp/portal/sys/v4/symbols/101.png",
				"_iconSize": [
					16,
					16
				],
				"_iconAnchor": [
					8,
					8
				]
			}
		},
		{
			"type": "Feature",
			"geometry": {
				"type": "Point",
				"coordinates": [
					 137.1496,
					 36.0082
				]
			},
			"properties": {
				"name": "JA/GF-030(川上岳)",
				"読み":"Kaoredake",
				"標高":"1626m 10pt ",
				"GL":"PM86na",
				"市郡区":"C#1903 / C#1920 ",
				"登山日":"",
				"メモ":"",
				"_markerType": "Icon",
				"_iconUrl": "https://maps.gsi.go.jp/portal/sys/v4/symbols/101.png",
				"_iconSize": [
					16,
					16
				],
				"_iconAnchor": [
					8,
					8
				]
			}
		},
		{
			"type": "Feature",
			"geometry": {
				"type": "Point",
				"coordinates": [
					 136.514,
					 35.7624
				]
			},
			"properties": {
				"name": "JA/GF-031(能郷白山(権現山))",
				"読み":"Nougouhakusan/Gongensan",
				"標高":"1617m 10pt ",
				"GL":"PM85gs",
				"市郡区":"C#1918 / G#19003B / C#2905",
				"登山日":"",
				"メモ":"",
				"_markerType": "Icon",
				"_iconUrl": "https://maps.gsi.go.jp/portal/sys/v4/symbols/101.png",
				"_iconSize": [
					16,
					16
				],
				"_iconAnchor": [
					8,
					8
				]
			}
		},
		{
			"type": "Feature",
			"geometry": {
				"type": "Point",
				"coordinates": [
					 137.1121,
					 36.4155
				]
			},
			"properties": {
				"name": "JA/GF-032(白木峰)",
				"読み":"Shirakimine",
				"標高":"1596m 10pt ",
				"GL":"PM86nj",
				"市郡区":"C#1917 / C#2801 ",
				"登山日":"",
				"メモ":"",
				"_markerType": "Icon",
				"_iconUrl": "https://maps.gsi.go.jp/portal/sys/v4/symbols/101.png",
				"_iconSize": [
					16,
					16
				],
				"_iconAnchor": [
					8,
					8
				]
			}
		},
		{
			"type": "Feature",
			"geometry": {
				"type": "Point",
				"coordinates": [
					 137.5099,
					 36.0365
				]
			},
			"properties": {
				"name": "JA/GF-033(石仏(三角点))",
				"読み":"Sekibutsu",
				"標高":"1594m 10pt ",
				"GL":"PM86sa",
				"市郡区":"C#1903 ",
				"登山日":"",
				"メモ":"",
				"_markerType": "Icon",
				"_iconUrl": "https://maps.gsi.go.jp/portal/sys/v4/symbols/101.png",
				"_iconSize": [
					16,
					16
				],
				"_iconAnchor": [
					8,
					8
				]
			}
		},
		{
			"type": "Feature",
			"geometry": {
				"type": "Point",
				"coordinates": [
					 137.407,
					 35.7329
				]
			},
			"properties": {
				"name": "JA/GF-034(高時山)",
				"読み":"Takatokiyama",
				"標高":"1564m 10pt ",
				"GL":"PM85qr",
				"市郡区":"C#1906 ",
				"登山日":"",
				"メモ":"",
				"_markerType": "Icon",
				"_iconUrl": "https://maps.gsi.go.jp/portal/sys/v4/symbols/101.png",
				"_iconSize": [
					16,
					16
				],
				"_iconAnchor": [
					8,
					8
				]
			}
		},
		{
			"type": "Feature",
			"geometry": {
				"type": "Point",
				"coordinates": [
					 136.9571,
					 36.28
				]
			},
			"properties": {
				"name": "JA/GF-035(北ソウレ山)",
				"読み":"Kitasoureyama",
				"標高":"1555m 10pt ",
				"GL":"PM86lg",
				"市郡区":"G#19005G / C#2810 ",
				"登山日":"",
				"メモ":"",
				"_markerType": "Icon",
				"_iconUrl": "https://maps.gsi.go.jp/portal/sys/v4/symbols/101.png",
				"_iconSize": [
					16,
					16
				],
				"_iconAnchor": [
					8,
					8
				]
			}
		},
		{
			"type": "Feature",
			"geometry": {
				"type": "Point",
				"coordinates": [
					 137.0037,
					 36.137
				]
			},
			"properties": {
				"name": "JA/GF-036(大谷(三角点))",
				"読み":"Ootani",
				"標高":"1536m 10pt ",
				"GL":"PM86md",
				"市郡区":"C#1903 ",
				"登山日":"",
				"メモ":"",
				"_markerType": "Icon",
				"_iconUrl": "https://maps.gsi.go.jp/portal/sys/v4/symbols/101.png",
				"_iconSize": [
					16,
					16
				],
				"_iconAnchor": [
					8,
					8
				]
			}
		},
		{
			"type": "Feature",
			"geometry": {
				"type": "Point",
				"coordinates": [
					 137.3623,
					 36.3503
				]
			},
			"properties": {
				"name": "JA/GF-037(天蓋山)",
				"読み":"Tengaisan",
				"標高":"1527m 10pt ",
				"GL":"PM86qi",
				"市郡区":"C#1917 / C#1903 ",
				"登山日":"",
				"メモ":"",
				"_markerType": "Icon",
				"_iconUrl": "https://maps.gsi.go.jp/portal/sys/v4/symbols/101.png",
				"_iconSize": [
					16,
					16
				],
				"_iconAnchor": [
					8,
					8
				]
			}
		},
		{
			"type": "Feature",
			"geometry": {
				"type": "Point",
				"coordinates": [
					 137.1126,
					 36.1899
				]
			},
			"properties": {
				"name": "JA/GF-038(猪臥山)",
				"読み":"Ibuseyama",
				"標高":"1519m 10pt ",
				"GL":"PM86ne",
				"市郡区":"C#1917 / C#1903 ",
				"登山日":"",
				"メモ":"",
				"_markerType": "Icon",
				"_iconUrl": "https://maps.gsi.go.jp/portal/sys/v4/symbols/101.png",
				"_iconSize": [
					16,
					16
				],
				"_iconAnchor": [
					8,
					8
				]
			}
		},
		{
			"type": "Feature",
			"geometry": {
				"type": "Point",
				"coordinates": [
					 137.1623,
					 35.9564
				]
			},
			"properties": {
				"name": "JA/GF-039(上小谷(三角点))",
				"読み":"Kamiodani",
				"標高":"1511m 10pt ",
				"GL":"PM85nw",
				"市郡区":"C#1920 ",
				"登山日":"",
				"メモ":"",
				"_markerType": "Icon",
				"_iconUrl": "https://maps.gsi.go.jp/portal/sys/v4/symbols/101.png",
				"_iconSize": [
					16,
					16
				],
				"_iconAnchor": [
					8,
					8
				]
			}
		},
		{
			"type": "Feature",
			"geometry": {
				"type": "Point",
				"coordinates": [
					 137.3505,
					 36.0196
				]
			},
			"properties": {
				"name": "JA/GF-040(点1485(六郎洞山近傍))",
				"読み":"P1485",
				"標高":"1485m 8pt ",
				"GL":"PM86qa",
				"市郡区":"C#1903 ",
				"登山日":"",
				"メモ":"",
				"_markerType": "Icon",
				"_iconUrl": "https://maps.gsi.go.jp/portal/sys/v4/symbols/104.png",
				"_iconSize": [
					16,
					16
				],
				"_iconAnchor": [
					8,
					8
				]
			}
		},
		{
			"type": "Feature",
			"geometry": {
				"type": "Point",
				"coordinates": [
					 136.9908,
					 36.0904
				]
			},
			"properties": {
				"name": "JA/GF-041(西ノ平(三角点))",
				"読み":"Nishinodaira",
				"標高":"1481m 8pt ",
				"GL":"PM86lc",
				"市郡区":"C#1903 ",
				"登山日":"",
				"メモ":"",
				"_markerType": "Icon",
				"_iconUrl": "https://maps.gsi.go.jp/portal/sys/v4/symbols/104.png",
				"_iconSize": [
					16,
					16
				],
				"_iconAnchor": [
					8,
					8
				]
			}
		},
		{
			"type": "Feature",
			"geometry": {
				"type": "Point",
				"coordinates": [
					 137.2395,
					 36.0242
				]
			},
			"properties": {
				"name": "JA/GF-042(船山)",
				"読み":"Funayama",
				"標高":"1479m 8pt ",
				"GL":"PM86oa",
				"市郡区":"C#1903 ",
				"登山日":"",
				"メモ":"",
				"_markerType": "Icon",
				"_iconUrl": "https://maps.gsi.go.jp/portal/sys/v4/symbols/104.png",
				"_iconSize": [
					16,
					16
				],
				"_iconAnchor": [
					8,
					8
				]
			}
		},
		{
			"type": "Feature",
			"geometry": {
				"type": "Point",
				"coordinates": [
					 137.045,
					 36.097
				]
			},
			"properties": {
				"name": "JA/GF-043(越ケ谷(三角点))",
				"読み":"Koshigaya",
				"標高":"1465m 8pt ",
				"GL":"PM86mc",
				"市郡区":"C#1903 ",
				"登山日":"",
				"メモ":"",
				"_markerType": "Icon",
				"_iconUrl": "https://maps.gsi.go.jp/portal/sys/v4/symbols/104.png",
				"_iconSize": [
					16,
					16
				],
				"_iconAnchor": [
					8,
					8
				]
			}
		},
		{
			"type": "Feature",
			"geometry": {
				"type": "Point",
				"coordinates": [
					 136.7407,
					 35.8011
				]
			},
			"properties": {
				"name": "JA/GF-044(美濃平家岳)",
				"読み":"Minoheikedake",
				"標高":"1450m 8pt ",
				"GL":"PM85it",
				"市郡区":"C#1905 / C#2905 ",
				"登山日":"",
				"メモ":"",
				"_markerType": "Icon",
				"_iconUrl": "https://maps.gsi.go.jp/portal/sys/v4/symbols/104.png",
				"_iconSize": [
					16,
					16
				],
				"_iconAnchor": [
					8,
					8
				]
			}
		},
		{
			"type": "Feature",
			"geometry": {
				"type": "Point",
				"coordinates": [
					 137.0521,
					 36.3346
				]
			},
			"properties": {
				"name": "JA/GF-045(東俣(三角点))",
				"読み":"Higashimata",
				"標高":"1444m 8pt ",
				"GL":"PM86mi",
				"市郡区":"C#1917 / C#2810 ",
				"登山日":"",
				"メモ":"",
				"_markerType": "Icon",
				"_iconUrl": "https://maps.gsi.go.jp/portal/sys/v4/symbols/104.png",
				"_iconSize": [
					16,
					16
				],
				"_iconAnchor": [
					8,
					8
				]
			}
		},
		{
			"type": "Feature",
			"geometry": {
				"type": "Point",
				"coordinates": [
					 137.4226,
					 36.3032
				]
			},
			"properties": {
				"name": "JA/GF-046(大谷(三角点))",
				"読み":"Ootani",
				"標高":"1440m 8pt ",
				"GL":"PM86rh",
				"市郡区":"C#1903 ",
				"登山日":"",
				"メモ":"",
				"_markerType": "Icon",
				"_iconUrl": "https://maps.gsi.go.jp/portal/sys/v4/symbols/104.png",
				"_iconSize": [
					16,
					16
				],
				"_iconAnchor": [
					8,
					8
				]
			}
		},
		{
			"type": "Feature",
			"geometry": {
				"type": "Point",
				"coordinates": [
					 137.08,
					 36.3513
				]
			},
			"properties": {
				"name": "JA/GF-047(点1439)",
				"読み":"P1439",
				"標高":"1439m 8pt ",
				"GL":"PM86mi",
				"市郡区":"C#1917 ",
				"登山日":"",
				"メモ":"",
				"_markerType": "Icon",
				"_iconUrl": "https://maps.gsi.go.jp/portal/sys/v4/symbols/104.png",
				"_iconSize": [
					16,
					16
				],
				"_iconAnchor": [
					8,
					8
				]
			}
		},
		{
			"type": "Feature",
			"geometry": {
				"type": "Point",
				"coordinates": [
					 137.3526,
					 36.0442
				]
			},
			"properties": {
				"name": "JA/GF-048(大広(三角点))",
				"読み":"Oohiro",
				"標高":"1434m 8pt ",
				"GL":"PM86qb",
				"市郡区":"C#1903 ",
				"登山日":"",
				"メモ":"",
				"_markerType": "Icon",
				"_iconUrl": "https://maps.gsi.go.jp/portal/sys/v4/symbols/104.png",
				"_iconSize": [
					16,
					16
				],
				"_iconAnchor": [
					8,
					8
				]
			}
		},
		{
			"type": "Feature",
			"geometry": {
				"type": "Point",
				"coordinates": [
					 137.2358,
					 36.3232
				]
			},
			"properties": {
				"name": "JA/GF-049(流葉山)",
				"読み":"Nagarehayama",
				"標高":"1423m 8pt ",
				"GL":"PM86oh",
				"市郡区":"C#1917 ",
				"登山日":"",
				"メモ":"",
				"_markerType": "Icon",
				"_iconUrl": "https://maps.gsi.go.jp/portal/sys/v4/symbols/104.png",
				"_iconSize": [
					16,
					16
				],
				"_iconAnchor": [
					8,
					8
				]
			}
		},
		{
			"type": "Feature",
			"geometry": {
				"type": "Point",
				"coordinates": [
					 136.7743,
					 35.7978
				]
			},
			"properties": {
				"name": "JA/GF-050(滝波山)",
				"読み":"Takinamiyama",
				"標高":"1412m 8pt ",
				"GL":"PM85jt",
				"市郡区":"C#1905 / C#2905 ",
				"登山日":"",
				"メモ":"",
				"_markerType": "Icon",
				"_iconUrl": "https://maps.gsi.go.jp/portal/sys/v4/symbols/104.png",
				"_iconSize": [
					16,
					16
				],
				"_iconAnchor": [
					8,
					8
				]
			}
		},
		{
			"type": "Feature",
			"geometry": {
				"type": "Point",
				"coordinates": [
					 137.2775,
					 35.8375
				]
			},
			"properties": {
				"name": "JA/GF-051(空谷山(下呂御前山))",
				"読み":"Karataniyama",
				"標高":"1412m 8pt ",
				"GL":"PM85pu",
				"市郡区":"C#1920 ",
				"登山日":"",
				"メモ":"",
				"_markerType": "Icon",
				"_iconUrl": "https://maps.gsi.go.jp/portal/sys/v4/symbols/104.png",
				"_iconSize": [
					16,
					16
				],
				"_iconAnchor": [
					8,
					8
				]
			}
		},
		{
			"type": "Feature",
			"geometry": {
				"type": "Point",
				"coordinates": [
					 137.1944,
					 36.0118
				]
			},
			"properties": {
				"name": "JA/GF-052(鈴ケ洞(三角点))",
				"読み":"Suzugahora",
				"標高":"1402m 8pt ",
				"GL":"PM86oa",
				"市郡区":"C#1920 ",
				"登山日":"",
				"メモ":"",
				"_markerType": "Icon",
				"_iconUrl": "https://maps.gsi.go.jp/portal/sys/v4/symbols/104.png",
				"_iconSize": [
					16,
					16
				],
				"_iconAnchor": [
					8,
					8
				]
			}
		},
		{
			"type": "Feature",
			"geometry": {
				"type": "Point",
				"coordinates": [
					 137.3087,
					 36.4637
				]
			},
			"properties": {
				"name": "JA/GF-053(六谷山)",
				"読み":"Rokutanyama",
				"標高":"1398m 8pt ",
				"GL":"PM86pl",
				"市郡区":"C#1917 / C#2801 ",
				"登山日":"",
				"メモ":"",
				"_markerType": "Icon",
				"_iconUrl": "https://maps.gsi.go.jp/portal/sys/v4/symbols/104.png",
				"_iconSize": [
					16,
					16
				],
				"_iconAnchor": [
					8,
					8
				]
			}
		},
		{
			"type": "Feature",
			"geometry": {
				"type": "Point",
				"coordinates": [
					 137.258,
					 36.4014
				]
			},
			"properties": {
				"name": "JA/GF-054(漆山岳)",
				"読み":"Urushiyamadake",
				"標高":"1393m 8pt ",
				"GL":"PM86pj",
				"市郡区":"C#1917 ",
				"登山日":"",
				"メモ":"",
				"_markerType": "Icon",
				"_iconUrl": "https://maps.gsi.go.jp/portal/sys/v4/symbols/104.png",
				"_iconSize": [
					16,
					16
				],
				"_iconAnchor": [
					8,
					8
				]
			}
		},
		{
			"type": "Feature",
			"geometry": {
				"type": "Point",
				"coordinates": [
					 137.1272,
					 36.0174
				]
			},
			"properties": {
				"name": "JA/GF-055(沼田洞(三角点))",
				"読み":"Numatabora",
				"標高":"1388m 8pt ",
				"GL":"PM86na",
				"市郡区":"C#1903 ",
				"登山日":"",
				"メモ":"",
				"_markerType": "Icon",
				"_iconUrl": "https://maps.gsi.go.jp/portal/sys/v4/symbols/104.png",
				"_iconSize": [
					16,
					16
				],
				"_iconAnchor": [
					8,
					8
				]
			}
		},
		{
			"type": "Feature",
			"geometry": {
				"type": "Point",
				"coordinates": [
					 136.7923,
					 35.9391
				]
			},
			"properties": {
				"name": "JA/GF-056(毘沙門岳)",
				"読み":"Bisyamondake",
				"標高":"1385m 8pt ",
				"GL":"PM85jw",
				"市郡区":"C#1919 / C#2905 ",
				"登山日":"",
				"メモ":"",
				"_markerType": "Icon",
				"_iconUrl": "https://maps.gsi.go.jp/portal/sys/v4/symbols/104.png",
				"_iconSize": [
					16,
					16
				],
				"_iconAnchor": [
					8,
					8
				]
			}
		},
		{
			"type": "Feature",
			"geometry": {
				"type": "Point",
				"coordinates": [
					 137.0494,
					 36.218
				]
			},
			"properties": {
				"name": "JA/GF-057(真ノ谷(三角点))",
				"読み":"Manoya",
				"標高":"1381m 8pt ",
				"GL":"PM86mf",
				"市郡区":"C#1917 ",
				"登山日":"",
				"メモ":"",
				"_markerType": "Icon",
				"_iconUrl": "https://maps.gsi.go.jp/portal/sys/v4/symbols/104.png",
				"_iconSize": [
					16,
					16
				],
				"_iconAnchor": [
					8,
					8
				]
			}
		},
		{
			"type": "Feature",
			"geometry": {
				"type": "Point",
				"coordinates": [
					 137.0488,
					 36.0442
				]
			},
			"properties": {
				"name": "JA/GF-058(火山)",
				"読み":"Hiyama",
				"標高":"1379m 8pt ",
				"GL":"PM86mb",
				"市郡区":"C#1903 ",
				"登山日":"",
				"メモ":"",
				"_markerType": "Icon",
				"_iconUrl": "https://maps.gsi.go.jp/portal/sys/v4/symbols/104.png",
				"_iconSize": [
					16,
					16
				],
				"_iconAnchor": [
					8,
					8
				]
			}
		},
		{
			"type": "Feature",
			"geometry": {
				"type": "Point",
				"coordinates": [
					 137.311,
					 36.427
				]
			},
			"properties": {
				"name": "JA/GF-059(池ノ山)",
				"読み":"Ikenoyama",
				"標高":"1369m 8pt ",
				"GL":"PM86pk",
				"市郡区":"C#1917 / C#2801 ",
				"登山日":"",
				"メモ":"",
				"_markerType": "Icon",
				"_iconUrl": "https://maps.gsi.go.jp/portal/sys/v4/symbols/104.png",
				"_iconSize": [
					16,
					16
				],
				"_iconAnchor": [
					8,
					8
				]
			}
		},
		{
			"type": "Feature",
			"geometry": {
				"type": "Point",
				"coordinates": [
					 137.1006,
					 36.2197
				]
			},
			"properties": {
				"name": "JA/GF-061(尾崎山)",
				"読み":"Ozakiyama",
				"標高":"1368m 8pt ",
				"GL":"PM86nf",
				"市郡区":"C#1917 / C#1903 ",
				"登山日":"",
				"メモ":"",
				"_markerType": "Icon",
				"_iconUrl": "https://maps.gsi.go.jp/portal/sys/v4/symbols/104.png",
				"_iconSize": [
					16,
					16
				],
				"_iconAnchor": [
					8,
					8
				]
			}
		},
		{
			"type": "Feature",
			"geometry": {
				"type": "Point",
				"coordinates": [
					 136.8896,
					 36.056
				]
			},
			"properties": {
				"name": "JA/GF-062(多高度(三角点))",
				"読み":"Takoudo",
				"標高":"1362m 8pt ",
				"GL":"PM86kb",
				"市郡区":"C#1903 ",
				"登山日":"",
				"メモ":"",
				"_markerType": "Icon",
				"_iconUrl": "https://maps.gsi.go.jp/portal/sys/v4/symbols/104.png",
				"_iconSize": [
					16,
					16
				],
				"_iconAnchor": [
					8,
					8
				]
			}
		},
		{
			"type": "Feature",
			"geometry": {
				"type": "Point",
				"coordinates": [
					 136.7838,
					 35.9276
				]
			},
			"properties": {
				"name": "JA/GF-063(西山)",
				"読み":"Nishiyama",
				"標高":"1359m 8pt ",
				"GL":"PM85jw",
				"市郡区":"C#1919 / C#2905 ",
				"登山日":"",
				"メモ":"",
				"_markerType": "Icon",
				"_iconUrl": "https://maps.gsi.go.jp/portal/sys/v4/symbols/104.png",
				"_iconSize": [
					16,
					16
				],
				"_iconAnchor": [
					8,
					8
				]
			}
		},
		{
			"type": "Feature",
			"geometry": {
				"type": "Point",
				"coordinates": [
					 136.6266,
					 35.7969
				]
			},
			"properties": {
				"name": "JA/GF-064(屏風山)",
				"読み":"Byoubuzan",
				"標高":"1354m 8pt ",
				"GL":"PM85ht",
				"市郡区":"C#1918 / C#2905 ",
				"登山日":"",
				"メモ":"",
				"_markerType": "Icon",
				"_iconUrl": "https://maps.gsi.go.jp/portal/sys/v4/symbols/104.png",
				"_iconSize": [
					16,
					16
				],
				"_iconAnchor": [
					8,
					8
				]
			}
		},
		{
			"type": "Feature",
			"geometry": {
				"type": "Point",
				"coordinates": [
					 137.6071,
					 35.5336
				]
			},
			"properties": {
				"name": "JA/GF-065(男だる山)",
				"読み":"Odaruyama",
				"標高":"1342m 8pt ",
				"GL":"PM85tm",
				"市郡区":"C#1906 / G#09004J ",
				"登山日":"",
				"メモ":"",
				"_markerType": "Icon",
				"_iconUrl": "https://maps.gsi.go.jp/portal/sys/v4/symbols/104.png",
				"_iconSize": [
					16,
					16
				],
				"_iconAnchor": [
					8,
					8
				]
			}
		},
		{
			"type": "Feature",
			"geometry": {
				"type": "Point",
				"coordinates": [
					 136.9697,
					 35.8829
				]
			},
			"properties": {
				"name": "JA/GF-066(母袋烏帽子岳)",
				"読み":"Motaieboshidake",
				"標高":"1341m 8pt ",
				"GL":"PM85lv",
				"市郡区":"C#1919 ",
				"登山日":"",
				"メモ":"",
				"_markerType": "Icon",
				"_iconUrl": "https://maps.gsi.go.jp/portal/sys/v4/symbols/104.png",
				"_iconSize": [
					16,
					16
				],
				"_iconAnchor": [
					8,
					8
				]
			}
		},
		{
			"type": "Feature",
			"geometry": {
				"type": "Point",
				"coordinates": [
					 137.1755,
					 36.3082
				]
			},
			"properties": {
				"name": "JA/GF-067(高山)",
				"読み":"Kouyama",
				"標高":"1337m 8pt ",
				"GL":"PM86oh",
				"市郡区":"C#1917 ",
				"登山日":"",
				"メモ":"",
				"_markerType": "Icon",
				"_iconUrl": "https://maps.gsi.go.jp/portal/sys/v4/symbols/104.png",
				"_iconSize": [
					16,
					16
				],
				"_iconAnchor": [
					8,
					8
				]
			}
		},
		{
			"type": "Feature",
			"geometry": {
				"type": "Point",
				"coordinates": [
					 137.2985,
					 36.2534
				]
			},
			"properties": {
				"name": "JA/GF-068(大雨見山)",
				"読み":"Ooamamiyama",
				"標高":"1336m 8pt ",
				"GL":"PM86pg",
				"市郡区":"C#1903 ",
				"登山日":"",
				"メモ":"",
				"_markerType": "Icon",
				"_iconUrl": "https://maps.gsi.go.jp/portal/sys/v4/symbols/104.png",
				"_iconSize": [
					16,
					16
				],
				"_iconAnchor": [
					8,
					8
				]
			}
		},
		{
			"type": "Feature",
			"geometry": {
				"type": "Point",
				"coordinates": [
					 136.6957,
					 35.752
				]
			},
			"properties": {
				"name": "JA/GF-069(ドウの天井)",
				"読み":"Dounotenjyo",
				"標高":"1333m 8pt ",
				"GL":"PM85is",
				"市郡区":"C#1905 ",
				"登山日":"",
				"メモ":"",
				"_markerType": "Icon",
				"_iconUrl": "https://maps.gsi.go.jp/portal/sys/v4/symbols/104.png",
				"_iconSize": [
					16,
					16
				],
				"_iconAnchor": [
					8,
					8
				]
			}
		},
		{
			"type": "Feature",
			"geometry": {
				"type": "Point",
				"coordinates": [
					 137.3402,
					 36.4332
				]
			},
			"properties": {
				"name": "JA/GF-070(高幡山)",
				"読み":"Takahatayama",
				"標高":"1332m 8pt ",
				"GL":"PM86qk",
				"市郡区":"C#1917 / C#2801 ",
				"登山日":"",
				"メモ":"",
				"_markerType": "Icon",
				"_iconUrl": "https://maps.gsi.go.jp/portal/sys/v4/symbols/104.png",
				"_iconSize": [
					16,
					16
				],
				"_iconAnchor": [
					8,
					8
				]
			}
		},
		{
			"type": "Feature",
			"geometry": {
				"type": "Point",
				"coordinates": [
					 137.3627,
					 36.2514
				]
			},
			"properties": {
				"name": "JA/GF-071(国見山)",
				"読み":"Kunimiyama",
				"標高":"1318m 8pt ",
				"GL":"PM86qg",
				"市郡区":"C#1903 ",
				"登山日":"",
				"メモ":"",
				"_markerType": "Icon",
				"_iconUrl": "https://maps.gsi.go.jp/portal/sys/v4/symbols/104.png",
				"_iconSize": [
					16,
					16
				],
				"_iconAnchor": [
					8,
					8
				]
			}
		},
		{
			"type": "Feature",
			"geometry": {
				"type": "Point",
				"coordinates": [
					 136.3371,
					 35.5502
				]
			},
			"properties": {
				"name": "JA/GF-072(金糞岳)",
				"読み":"Kanakusodake",
				"標高":"1317m 8pt ",
				"GL":"PM85en",
				"市郡区":"G#19003B / C#2303 ",
				"登山日":"",
				"メモ":"",
				"_markerType": "Icon",
				"_iconUrl": "https://maps.gsi.go.jp/portal/sys/v4/symbols/104.png",
				"_iconSize": [
					16,
					16
				],
				"_iconAnchor": [
					8,
					8
				]
			}
		},
		{
			"type": "Feature",
			"geometry": {
				"type": "Point",
				"coordinates": [
					 136.3168,
					 35.6723
				]
			},
			"properties": {
				"name": "JA/GF-073(高丸(三角点))",
				"読み":"Takamaru",
				"標高":"1316m 8pt ",
				"GL":"PM85dq",
				"市郡区":"G#19003B ",
				"登山日":"",
				"メモ":"",
				"_markerType": "Icon",
				"_iconUrl": "https://maps.gsi.go.jp/portal/sys/v4/symbols/104.png",
				"_iconSize": [
					16,
					16
				],
				"_iconAnchor": [
					8,
					8
				]
			}
		},
		{
			"type": "Feature",
			"geometry": {
				"type": "Point",
				"coordinates": [
					 137.0631,
					 36.2711
				]
			},
			"properties": {
				"name": "JA/GF-074(高登山)",
				"読み":"Takatoyama",
				"標高":"1297m 8pt ",
				"GL":"PM86mg",
				"市郡区":"C#1917 ",
				"登山日":"",
				"メモ":"",
				"_markerType": "Icon",
				"_iconUrl": "https://maps.gsi.go.jp/portal/sys/v4/symbols/104.png",
				"_iconSize": [
					16,
					16
				],
				"_iconAnchor": [
					8,
					8
				]
			}
		},
		{
			"type": "Feature",
			"geometry": {
				"type": "Point",
				"coordinates": [
					 136.4028,
					 35.6482
				]
			},
			"properties": {
				"name": "JA/GF-075(蕎麦粒山)",
				"読み":"Somugiyama",
				"標高":"1296m 8pt ",
				"GL":"PM85ep",
				"市郡区":"G#19003B ",
				"登山日":"",
				"メモ":"",
				"_markerType": "Icon",
				"_iconUrl": "https://maps.gsi.go.jp/portal/sys/v4/symbols/104.png",
				"_iconSize": [
					16,
					16
				],
				"_iconAnchor": [
					8,
					8
				]
			}
		},
		{
			"type": "Feature",
			"geometry": {
				"type": "Point",
				"coordinates": [
					 136.3247,
					 35.7274
				]
			},
			"properties": {
				"name": "JA/GF-076(点1294)",
				"読み":"P1294",
				"標高":"1294m 8pt ",
				"GL":"PM85dr",
				"市郡区":"G#19003B / G#29008D ",
				"登山日":"",
				"メモ":"",
				"_markerType": "Icon",
				"_iconUrl": "https://maps.gsi.go.jp/portal/sys/v4/symbols/104.png",
				"_iconSize": [
					16,
					16
				],
				"_iconAnchor": [
					8,
					8
				]
			}
		},
		{
			"type": "Feature",
			"geometry": {
				"type": "Point",
				"coordinates": [
					 136.3001,
					 35.6836
				]
			},
			"properties": {
				"name": "JA/GF-077(三周ヶ岳)",
				"読み":"Sanshyuugatake",
				"標高":"1292m 8pt ",
				"GL":"PM85dq",
				"市郡区":"G#19003B ",
				"登山日":"",
				"メモ":"",
				"_markerType": "Icon",
				"_iconUrl": "https://maps.gsi.go.jp/portal/sys/v4/symbols/104.png",
				"_iconSize": [
					16,
					16
				],
				"_iconAnchor": [
					8,
					8
				]
			}
		},
		{
			"type": "Feature",
			"geometry": {
				"type": "Point",
				"coordinates": [
					 137.1024,
					 35.9228
				]
			},
			"properties": {
				"name": "JA/GF-078(東ヶ洞)",
				"読み":"Higashigahora",
				"標高":"1287m 8pt ",
				"GL":"PM85nw",
				"市郡区":"C#1919 / C#1920 ",
				"登山日":"",
				"メモ":"",
				"_markerType": "Icon",
				"_iconUrl": "https://maps.gsi.go.jp/portal/sys/v4/symbols/104.png",
				"_iconSize": [
					16,
					16
				],
				"_iconAnchor": [
					8,
					8
				]
			}
		},
		{
			"type": "Feature",
			"geometry": {
				"type": "Point",
				"coordinates": [
					 136.8666,
					 36.3048
				]
			},
			"properties": {
				"name": "JA/GF-079(加須良(三角点))",
				"読み":"Kasura",
				"標高":"1279m 8pt ",
				"GL":"PM86kh",
				"市郡区":"G#19005G ",
				"登山日":"",
				"メモ":"",
				"_markerType": "Icon",
				"_iconUrl": "https://maps.gsi.go.jp/portal/sys/v4/symbols/104.png",
				"_iconSize": [
					16,
					16
				],
				"_iconAnchor": [
					8,
					8
				]
			}
		},
		{
			"type": "Feature",
			"geometry": {
				"type": "Point",
				"coordinates": [
					 136.9169,
					 36.0443
				]
			},
			"properties": {
				"name": "JA/GF-080(野々俣(三角点))",
				"読み":"Nonomata",
				"標高":"1265m 8pt ",
				"GL":"PM86lb",
				"市郡区":"C#1903 ",
				"登山日":"",
				"メモ":"",
				"_markerType": "Icon",
				"_iconUrl": "https://maps.gsi.go.jp/portal/sys/v4/symbols/104.png",
				"_iconSize": [
					16,
					16
				],
				"_iconAnchor": [
					8,
					8
				]
			}
		},
		{
			"type": "Feature",
			"geometry": {
				"type": "Point",
				"coordinates": [
					 136.3967,
					 35.5071
				]
			},
			"properties": {
				"name": "JA/GF-081(射能山)",
				"読み":"Bungen",
				"標高":"1259m 8pt ",
				"GL":"PM85em",
				"市郡区":"G#19003B / C#2314 ",
				"登山日":"",
				"メモ":"",
				"_markerType": "Icon",
				"_iconUrl": "https://maps.gsi.go.jp/portal/sys/v4/symbols/104.png",
				"_iconSize": [
					16,
					16
				],
				"_iconAnchor": [
					8,
					8
				]
			}
		},
		{
			"type": "Feature",
			"geometry": {
				"type": "Point",
				"coordinates": [
					 136.6872,
					 35.7741
				]
			},
			"properties": {
				"name": "JA/GF-082(点1251)",
				"読み":"P1251",
				"標高":"1251m 8pt ",
				"GL":"PM85is",
				"市郡区":"C#1905 ",
				"登山日":"",
				"メモ":"",
				"_markerType": "Icon",
				"_iconUrl": "https://maps.gsi.go.jp/portal/sys/v4/symbols/104.png",
				"_iconSize": [
					16,
					16
				],
				"_iconAnchor": [
					8,
					8
				]
			}
		},
		{
			"type": "Feature",
			"geometry": {
				"type": "Point",
				"coordinates": [
					 136.3718,
					 35.7237
				]
			},
			"properties": {
				"name": "JA/GF-083(千回沢山)",
				"読み":"Senkaizawayama",
				"標高":"1246m 8pt ",
				"GL":"PM85er",
				"市郡区":"G#19003B ",
				"登山日":"",
				"メモ":"",
				"_markerType": "Icon",
				"_iconUrl": "https://maps.gsi.go.jp/portal/sys/v4/symbols/104.png",
				"_iconSize": [
					16,
					16
				],
				"_iconAnchor": [
					8,
					8
				]
			}
		},
		{
			"type": "Feature",
			"geometry": {
				"type": "Point",
				"coordinates": [
					 136.4221,
					 35.5179
				]
			},
			"properties": {
				"name": "JA/GF-084(貝月山)",
				"読み":"Kaitsukiyama",
				"標高":"1234m 8pt ",
				"GL":"PM85fm",
				"市郡区":"G#19003B ",
				"登山日":"",
				"メモ":"",
				"_markerType": "Icon",
				"_iconUrl": "https://maps.gsi.go.jp/portal/sys/v4/symbols/104.png",
				"_iconSize": [
					16,
					16
				],
				"_iconAnchor": [
					8,
					8
				]
			}
		},
		{
			"type": "Feature",
			"geometry": {
				"type": "Point",
				"coordinates": [
					 136.6341,
					 35.7068
				]
			},
			"properties": {
				"name": "JA/GF-085(大白木山)",
				"読み":"Ojirogiyama",
				"標高":"1234m 8pt ",
				"GL":"PM85hq",
				"市郡区":"C#1918 ",
				"登山日":"",
				"メモ":"",
				"_markerType": "Icon",
				"_iconUrl": "https://maps.gsi.go.jp/portal/sys/v4/symbols/104.png",
				"_iconSize": [
					16,
					16
				],
				"_iconAnchor": [
					8,
					8
				]
			}
		},
		{
			"type": "Feature",
			"geometry": {
				"type": "Point",
				"coordinates": [
					 136.3601,
					 35.787
				]
			},
			"properties": {
				"name": "JA/GF-086(金草岳)",
				"読み":"Kanakusadake",
				"標高":"1227m 8pt ",
				"GL":"PM85es",
				"市郡区":"G#19003B / G#29002B ",
				"登山日":"",
				"メモ":"",
				"_markerType": "Icon",
				"_iconUrl": "https://maps.gsi.go.jp/portal/sys/v4/symbols/104.png",
				"_iconSize": [
					16,
					16
				],
				"_iconAnchor": [
					8,
					8
				]
			}
		},
		{
			"type": "Feature",
			"geometry": {
				"type": "Point",
				"coordinates": [
					 136.8593,
					 35.6718
				]
			},
			"properties": {
				"name": "JA/GF-087(高賀山)",
				"読み":"Kougasan",
				"標高":"1224m 8pt ",
				"GL":"PM85kq",
				"市郡区":"C#1905 / C#1919 ",
				"登山日":"",
				"メモ":"",
				"_markerType": "Icon",
				"_iconUrl": "https://maps.gsi.go.jp/portal/sys/v4/symbols/104.png",
				"_iconSize": [
					16,
					16
				],
				"_iconAnchor": [
					8,
					8
				]
			}
		},
		{
			"type": "Feature",
			"geometry": {
				"type": "Point",
				"coordinates": [
					 137.4004,
					 35.5719
				]
			},
			"properties": {
				"name": "JA/GF-088(二ッ森山)",
				"読み":"Futatsumoriyama",
				"標高":"1224m 8pt ",
				"GL":"PM85qn",
				"市郡区":"C#1906 / G#19008E ",
				"登山日":"",
				"メモ":"",
				"_markerType": "Icon",
				"_iconUrl": "https://maps.gsi.go.jp/portal/sys/v4/symbols/104.png",
				"_iconSize": [
					16,
					16
				],
				"_iconAnchor": [
					8,
					8
				]
			}
		},
		{
			"type": "Feature",
			"geometry": {
				"type": "Point",
				"coordinates": [
					 137.2234,
					 36.3689
				]
			},
			"properties": {
				"name": "JA/GF-089(長尾(三角点))",
				"読み":"Nagao",
				"標高":"1222m 8pt ",
				"GL":"PM86oi",
				"市郡区":"C#1917 ",
				"登山日":"",
				"メモ":"",
				"_markerType": "Icon",
				"_iconUrl": "https://maps.gsi.go.jp/portal/sys/v4/symbols/104.png",
				"_iconSize": [
					16,
					16
				],
				"_iconAnchor": [
					8,
					8
				]
			}
		},
		{
			"type": "Feature",
			"geometry": {
				"type": "Point",
				"coordinates": [
					 136.7028,
					 35.7202
				]
			},
			"properties": {
				"name": "JA/GF-090(日永岳)",
				"読み":"Ninagadake",
				"標高":"1216m 8pt ",
				"GL":"PM85ir",
				"市郡区":"C#1915 / C#1905 ",
				"登山日":"",
				"メモ":"",
				"_markerType": "Icon",
				"_iconUrl": "https://maps.gsi.go.jp/portal/sys/v4/symbols/104.png",
				"_iconSize": [
					16,
					16
				],
				"_iconAnchor": [
					8,
					8
				]
			}
		},
		{
			"type": "Feature",
			"geometry": {
				"type": "Point",
				"coordinates": [
					 137.1234,
					 35.8367
				]
			},
			"properties": {
				"name": "JA/GF-091(簗谷山)",
				"読み":"Yanadaniyama",
				"標高":"1214m 8pt ",
				"GL":"PM85nu",
				"市郡区":"C#1919 / C#1920 ",
				"登山日":"",
				"メモ":"",
				"_markerType": "Icon",
				"_iconUrl": "https://maps.gsi.go.jp/portal/sys/v4/symbols/104.png",
				"_iconSize": [
					16,
					16
				],
				"_iconAnchor": [
					8,
					8
				]
			}
		},
		{
			"type": "Feature",
			"geometry": {
				"type": "Point",
				"coordinates": [
					 137.1641,
					 36.4217
				]
			},
			"properties": {
				"name": "JA/GF-092(牛尾(三角点))",
				"読み":"Ushio",
				"標高":"1206m 8pt ",
				"GL":"PM86nk",
				"市郡区":"C#1917 ",
				"登山日":"",
				"メモ":"",
				"_markerType": "Icon",
				"_iconUrl": "https://maps.gsi.go.jp/portal/sys/v4/symbols/104.png",
				"_iconSize": [
					16,
					16
				],
				"_iconAnchor": [
					8,
					8
				]
			}
		},
		{
			"type": "Feature",
			"geometry": {
				"type": "Point",
				"coordinates": [
					 136.4266,
					 35.6359
				]
			},
			"properties": {
				"name": "JA/GF-093(黒津山)",
				"読み":"Kuroduyama",
				"標高":"1193m 8pt ",
				"GL":"PM85fp",
				"市郡区":"G#19003B ",
				"登山日":"",
				"メモ":"",
				"_markerType": "Icon",
				"_iconUrl": "https://maps.gsi.go.jp/portal/sys/v4/symbols/104.png",
				"_iconSize": [
					16,
					16
				],
				"_iconAnchor": [
					8,
					8
				]
			}
		},
		{
			"type": "Feature",
			"geometry": {
				"type": "Point",
				"coordinates": [
					 136.5193,
					 35.6202
				]
			},
			"properties": {
				"name": "JA/GF-094(花房山)",
				"読み":"Hanabusayama",
				"標高":"1189m 8pt ",
				"GL":"PM85go",
				"市郡区":"G#19003B ",
				"登山日":"",
				"メモ":"",
				"_markerType": "Icon",
				"_iconUrl": "https://maps.gsi.go.jp/portal/sys/v4/symbols/104.png",
				"_iconSize": [
					16,
					16
				],
				"_iconAnchor": [
					8,
					8
				]
			}
		},
		{
			"type": "Feature",
			"geometry": {
				"type": "Point",
				"coordinates": [
					 136.402,
					 35.4738
				]
			},
			"properties": {
				"name": "JA/GF-095(虎子山)",
				"読み":"Torasuyama",
				"標高":"1183m 8pt ",
				"GL":"PM85el",
				"市郡区":"G#19003B / C#2314 ",
				"登山日":"",
				"メモ":"",
				"_markerType": "Icon",
				"_iconUrl": "https://maps.gsi.go.jp/portal/sys/v4/symbols/104.png",
				"_iconSize": [
					16,
					16
				],
				"_iconAnchor": [
					8,
					8
				]
			}
		},
		{
			"type": "Feature",
			"geometry": {
				"type": "Point",
				"coordinates": [
					 136.3537,
					 35.7568
				]
			},
			"properties": {
				"name": "JA/GF-096(釈迦嶺)",
				"読み":"Syakamine",
				"標高":"1175m 8pt ",
				"GL":"PM85es",
				"市郡区":"G#19003B ",
				"登山日":"",
				"メモ":"",
				"_markerType": "Icon",
				"_iconUrl": "https://maps.gsi.go.jp/portal/sys/v4/symbols/104.png",
				"_iconSize": [
					16,
					16
				],
				"_iconAnchor": [
					8,
					8
				]
			}
		},
		{
			"type": "Feature",
			"geometry": {
				"type": "Point",
				"coordinates": [
					 136.5469,
					 35.6366
				]
			},
			"properties": {
				"name": "JA/GF-097(雷倉)",
				"読み":"Kaminarikura",
				"標高":"1169m 8pt ",
				"GL":"PM85gp",
				"市郡区":"C#1918 / G#19003B ",
				"登山日":"",
				"メモ":"",
				"_markerType": "Icon",
				"_iconUrl": "https://maps.gsi.go.jp/portal/sys/v4/symbols/104.png",
				"_iconSize": [
					16,
					16
				],
				"_iconAnchor": [
					8,
					8
				]
			}
		},
		{
			"type": "Feature",
			"geometry": {
				"type": "Point",
				"coordinates": [
					 136.4944,
					 35.5975
				]
			},
			"properties": {
				"name": "JA/GF-098(権現山)",
				"読み":"Gongendake",
				"標高":"1157m 8pt ",
				"GL":"PM85fo",
				"市郡区":"G#19003B ",
				"登山日":"",
				"メモ":"",
				"_markerType": "Icon",
				"_iconUrl": "https://maps.gsi.go.jp/portal/sys/v4/symbols/104.png",
				"_iconSize": [
					16,
					16
				],
				"_iconAnchor": [
					8,
					8
				]
			}
		},
		{
			"type": "Feature",
			"geometry": {
				"type": "Point",
				"coordinates": [
					 137.3867,
					 35.6029
				]
			},
			"properties": {
				"name": "JA/GF-099(点1156)",
				"読み":"P1156",
				"標高":"1156m 8pt ",
				"GL":"PM85qo",
				"市郡区":"G#19008E / C#1906 ",
				"登山日":"",
				"メモ":"",
				"_markerType": "Icon",
				"_iconUrl": "https://maps.gsi.go.jp/portal/sys/v4/symbols/104.png",
				"_iconSize": [
					16,
					16
				],
				"_iconAnchor": [
					8,
					8
				]
			}
		},
		{
			"type": "Feature",
			"geometry": {
				"type": "Point",
				"coordinates": [
					 137.0466,
					 35.832
				]
			},
			"properties": {
				"name": "JA/GF-100(トノ洞)",
				"読み":"Tonobora",
				"標高":"1154m 8pt ",
				"GL":"PM85mt",
				"市郡区":"C#1919 ",
				"登山日":"",
				"メモ":"",
				"_markerType": "Icon",
				"_iconUrl": "https://maps.gsi.go.jp/portal/sys/v4/symbols/104.png",
				"_iconSize": [
					16,
					16
				],
				"_iconAnchor": [
					8,
					8
				]
			}
		},
		{
			"type": "Feature",
			"geometry": {
				"type": "Point",
				"coordinates": [
					 137.3378,
					 35.7074
				]
			},
			"properties": {
				"name": "JA/GF-101(大ナギ)",
				"読み":"Oonagi",
				"標高":"1145m 8pt ",
				"GL":"PM85qq",
				"市郡区":"C#1906 / G#19008E ",
				"登山日":"",
				"メモ":"",
				"_markerType": "Icon",
				"_iconUrl": "https://maps.gsi.go.jp/portal/sys/v4/symbols/104.png",
				"_iconSize": [
					16,
					16
				],
				"_iconAnchor": [
					8,
					8
				]
			}
		},
		{
			"type": "Feature",
			"geometry": {
				"type": "Point",
				"coordinates": [
					 137.2037,
					 36.1024
				]
			},
			"properties": {
				"name": "JA/GF-102(源氏岳)",
				"読み":"Genjidake",
				"標高":"1143m 8pt ",
				"GL":"PM86oc",
				"市郡区":"C#1903 ",
				"登山日":"",
				"メモ":"",
				"_markerType": "Icon",
				"_iconUrl": "https://maps.gsi.go.jp/portal/sys/v4/symbols/104.png",
				"_iconSize": [
					16,
					16
				],
				"_iconAnchor": [
					8,
					8
				]
			}
		},
		{
			"type": "Feature",
			"geometry": {
				"type": "Point",
				"coordinates": [
					 137.1785,
					 35.9033
				]
			},
			"properties": {
				"name": "JA/GF-103(仏ケ尾山)",
				"読み":"Hotokegaoyama",
				"標高":"1139m 8pt ",
				"GL":"PM85ov",
				"市郡区":"C#1920 ",
				"登山日":"",
				"メモ":"",
				"_markerType": "Icon",
				"_iconUrl": "https://maps.gsi.go.jp/portal/sys/v4/symbols/104.png",
				"_iconSize": [
					16,
					16
				],
				"_iconAnchor": [
					8,
					8
				]
			}
		},
		{
			"type": "Feature",
			"geometry": {
				"type": "Point",
				"coordinates": [
					 137.2053,
					 36.2739
				]
			},
			"properties": {
				"name": "JA/GF-104(三ノ谷)",
				"読み":"Sannotani",
				"標高":"1137m 8pt ",
				"GL":"PM86og",
				"市郡区":"C#1917 ",
				"登山日":"",
				"メモ":"",
				"_markerType": "Icon",
				"_iconUrl": "https://maps.gsi.go.jp/portal/sys/v4/symbols/104.png",
				"_iconSize": [
					16,
					16
				],
				"_iconAnchor": [
					8,
					8
				]
			}
		},
		{
			"type": "Feature",
			"geometry": {
				"type": "Point",
				"coordinates": [
					 136.8606,
					 35.7505
				]
			},
			"properties": {
				"name": "JA/GF-105(点1132)",
				"読み":"P1132",
				"標高":"1132m 8pt ",
				"GL":"PM85ks",
				"市郡区":"C#1919 ",
				"登山日":"",
				"メモ":"",
				"_markerType": "Icon",
				"_iconUrl": "https://maps.gsi.go.jp/portal/sys/v4/symbols/104.png",
				"_iconSize": [
					16,
					16
				],
				"_iconAnchor": [
					8,
					8
				]
			}
		},
		{
			"type": "Feature",
			"geometry": {
				"type": "Point",
				"coordinates": [
					 137.2139,
					 36.0862
				]
			},
			"properties": {
				"name": "JA/GF-106(宮洞(三角点))",
				"読み":"Miyabora",
				"標高":"1131m 8pt ",
				"GL":"PM86oc",
				"市郡区":"C#1903 ",
				"登山日":"",
				"メモ":"",
				"_markerType": "Icon",
				"_iconUrl": "https://maps.gsi.go.jp/portal/sys/v4/symbols/104.png",
				"_iconSize": [
					16,
					16
				],
				"_iconAnchor": [
					8,
					8
				]
			}
		},
		{
			"type": "Feature",
			"geometry": {
				"type": "Point",
				"coordinates": [
					 137.3478,
					 35.5106
				]
			},
			"properties": {
				"name": "JA/GF-107(笠置山)",
				"読み":"Kasagiyama",
				"標高":"1128m 8pt ",
				"GL":"PM85qm",
				"市郡区":"C#1910 ",
				"登山日":"",
				"メモ":"",
				"_markerType": "Icon",
				"_iconUrl": "https://maps.gsi.go.jp/portal/sys/v4/symbols/104.png",
				"_iconSize": [
					16,
					16
				],
				"_iconAnchor": [
					8,
					8
				]
			}
		},
		{
			"type": "Feature",
			"geometry": {
				"type": "Point",
				"coordinates": [
					 136.4211,
					 35.4617
				]
			},
			"properties": {
				"name": "JA/GF-108(国見岳)",
				"読み":"Kunimidake",
				"標高":"1126m 8pt ",
				"GL":"PM85fl",
				"市郡区":"C#2314 / G#19003B ",
				"登山日":"",
				"メモ":"",
				"_markerType": "Icon",
				"_iconUrl": "https://maps.gsi.go.jp/portal/sys/v4/symbols/104.png",
				"_iconSize": [
					16,
					16
				],
				"_iconAnchor": [
					8,
					8
				]
			}
		},
		{
			"type": "Feature",
			"geometry": {
				"type": "Point",
				"coordinates": [
					 136.7695,
					 35.679
				]
			},
			"properties": {
				"name": "JA/GF-109(三尾山(三角点))",
				"読み":"Mitsuoyama",
				"標高":"1107m 8pt ",
				"GL":"PM85jq",
				"市郡区":"C#1915 / C#1905 ",
				"登山日":"",
				"メモ":"",
				"_markerType": "Icon",
				"_iconUrl": "https://maps.gsi.go.jp/portal/sys/v4/symbols/104.png",
				"_iconSize": [
					16,
					16
				],
				"_iconAnchor": [
					8,
					8
				]
			}
		},
		{
			"type": "Feature",
			"geometry": {
				"type": "Point",
				"coordinates": [
					 137.1506,
					 35.8656
				]
			},
			"properties": {
				"name": "JA/GF-110(浅谷(三角点))",
				"読み":"Asaya",
				"標高":"1103m 8pt ",
				"GL":"PM85nu",
				"市郡区":"C#1919 ",
				"登山日":"",
				"メモ":"",
				"_markerType": "Icon",
				"_iconUrl": "https://maps.gsi.go.jp/portal/sys/v4/symbols/104.png",
				"_iconSize": [
					16,
					16
				],
				"_iconAnchor": [
					8,
					8
				]
			}
		},
		{
			"type": "Feature",
			"geometry": {
				"type": "Point",
				"coordinates": [
					 137.2118,
					 35.7927
				]
			},
			"properties": {
				"name": "JA/GF-111(八尾山)",
				"読み":"Hachioyama",
				"標高":"1101m 8pt ",
				"GL":"PM85ot",
				"市郡区":"C#1920 ",
				"登山日":"",
				"メモ":"",
				"_markerType": "Icon",
				"_iconUrl": "https://maps.gsi.go.jp/portal/sys/v4/symbols/104.png",
				"_iconSize": [
					16,
					16
				],
				"_iconAnchor": [
					8,
					8
				]
			}
		},
		{
			"type": "Feature",
			"geometry": {
				"type": "Point",
				"coordinates": [
					 136.8606,
					 36.3396
				]
			},
			"properties": {
				"name": "JA/GF-112(オゾウゾ山)",
				"読み":"Ozouzoyama",
				"標高":"1085m 6pt ",
				"GL":"PM86ki",
				"市郡区":"G#19005G ",
				"登山日":"",
				"メモ":"",
				"_markerType": "Icon",
				"_iconUrl": "https://maps.gsi.go.jp/portal/sys/v4/symbols/103.png",
				"_iconSize": [
					16,
					16
				],
				"_iconAnchor": [
					8,
					8
				]
			}
		},
		{
			"type": "Feature",
			"geometry": {
				"type": "Point",
				"coordinates": [
					 136.3836,
					 35.6147
				]
			},
			"properties": {
				"name": "JA/GF-113(湧谷山)",
				"読み":"Wakidaniyama",
				"標高":"1080m 6pt ",
				"GL":"PM85eo",
				"市郡区":"G#19003B ",
				"登山日":"",
				"メモ":"",
				"_markerType": "Icon",
				"_iconUrl": "https://maps.gsi.go.jp/portal/sys/v4/symbols/103.png",
				"_iconSize": [
					16,
					16
				],
				"_iconAnchor": [
					8,
					8
				]
			}
		},
		{
			"type": "Feature",
			"geometry": {
				"type": "Point",
				"coordinates": [
					 137.3427,
					 35.5652
				]
			},
			"properties": {
				"name": "JA/GF-114(鹿遊山)",
				"読み":"Shikaasobiyama",
				"標高":"1080m 6pt ",
				"GL":"PM85qn",
				"市郡区":"G#19008E ",
				"登山日":"",
				"メモ":"",
				"_markerType": "Icon",
				"_iconUrl": "https://maps.gsi.go.jp/portal/sys/v4/symbols/103.png",
				"_iconSize": [
					16,
					16
				],
				"_iconAnchor": [
					8,
					8
				]
			}
		},
		{
			"type": "Feature",
			"geometry": {
				"type": "Point",
				"coordinates": [
					 136.7996,
					 35.7367
				]
			},
			"properties": {
				"name": "JA/GF-115(蕪山)",
				"読み":"Kaburayama",
				"標高":"1069m 6pt ",
				"GL":"PM85jr",
				"市郡区":"C#1905 ",
				"登山日":"",
				"メモ":"",
				"_markerType": "Icon",
				"_iconUrl": "https://maps.gsi.go.jp/portal/sys/v4/symbols/103.png",
				"_iconSize": [
					16,
					16
				],
				"_iconAnchor": [
					8,
					8
				]
			}
		},
		{
			"type": "Feature",
			"geometry": {
				"type": "Point",
				"coordinates": [
					 136.3377,
					 35.6248
				]
			},
			"properties": {
				"name": "JA/GF-116(大ダワ)",
				"読み":"Oodawa",
				"標高":"1068m 6pt ",
				"GL":"PM85eo",
				"市郡区":"G#19003B ",
				"登山日":"",
				"メモ":"",
				"_markerType": "Icon",
				"_iconUrl": "https://maps.gsi.go.jp/portal/sys/v4/symbols/103.png",
				"_iconSize": [
					16,
					16
				],
				"_iconAnchor": [
					8,
					8
				]
			}
		},
		{
			"type": "Feature",
			"geometry": {
				"type": "Point",
				"coordinates": [
					 137.2782,
					 36.0968
				]
			},
			"properties": {
				"name": "JA/GF-117(八尺谷(三角点))",
				"読み":"Hassyakudani",
				"標高":"1053m 6pt ",
				"GL":"PM86pc",
				"市郡区":"C#1903 ",
				"登山日":"",
				"メモ":"",
				"_markerType": "Icon",
				"_iconUrl": "https://maps.gsi.go.jp/portal/sys/v4/symbols/103.png",
				"_iconSize": [
					16,
					16
				],
				"_iconAnchor": [
					8,
					8
				]
			}
		},
		{
			"type": "Feature",
			"geometry": {
				"type": "Point",
				"coordinates": [
					 136.8653,
					 35.7953
				]
			},
			"properties": {
				"name": "JA/GF-118(西川山)",
				"読み":"Nishikawayama",
				"標高":"1052m 6pt ",
				"GL":"PM85kt",
				"市郡区":"C#1919 ",
				"登山日":"",
				"メモ":"",
				"_markerType": "Icon",
				"_iconUrl": "https://maps.gsi.go.jp/portal/sys/v4/symbols/103.png",
				"_iconSize": [
					16,
					16
				],
				"_iconAnchor": [
					8,
					8
				]
			}
		},
		{
			"type": "Feature",
			"geometry": {
				"type": "Point",
				"coordinates": [
					 136.4698,
					 35.529
				]
			},
			"properties": {
				"name": "JA/GF-119(鍋倉山)",
				"読み":"Nabekurayama",
				"標高":"1050m 6pt ",
				"GL":"PM85fm",
				"市郡区":"G#19003B ",
				"登山日":"",
				"メモ":"",
				"_markerType": "Icon",
				"_iconUrl": "https://maps.gsi.go.jp/portal/sys/v4/symbols/103.png",
				"_iconSize": [
					16,
					16
				],
				"_iconAnchor": [
					8,
					8
				]
			}
		},
		{
			"type": "Feature",
			"geometry": {
				"type": "Point",
				"coordinates": [
					 136.8418,
					 35.6684
				]
			},
			"properties": {
				"name": "JA/GF-120(タカネ)",
				"読み":"Takane",
				"標高":"1050m 6pt ",
				"GL":"PM85kq",
				"市郡区":"C#1905 ",
				"登山日":"",
				"メモ":"",
				"_markerType": "Icon",
				"_iconUrl": "https://maps.gsi.go.jp/portal/sys/v4/symbols/103.png",
				"_iconSize": [
					16,
					16
				],
				"_iconAnchor": [
					8,
					8
				]
			}
		},
		{
			"type": "Feature",
			"geometry": {
				"type": "Point",
				"coordinates": [
					 136.6186,
					 35.6749
				]
			},
			"properties": {
				"name": "JA/GF-121(岩岳近傍)",
				"読み":"Near_Iwadake",
				"標高":"1050m 6pt ",
				"GL":"PM85hq",
				"市郡区":"C#1918 ",
				"登山日":"",
				"メモ":"",
				"_markerType": "Icon",
				"_iconUrl": "https://maps.gsi.go.jp/portal/sys/v4/symbols/103.png",
				"_iconSize": [
					16,
					16
				],
				"_iconAnchor": [
					8,
					8
				]
			}
		},
		{
			"type": "Feature",
			"geometry": {
				"type": "Point",
				"coordinates": [
					 136.8779,
					 35.632
				]
			},
			"properties": {
				"name": "JA/GF-122(今淵ケ岳)",
				"読み":"Imabuchigatake",
				"標高":"1048m 6pt ",
				"GL":"PM85kp",
				"市郡区":"C#1907 ",
				"登山日":"",
				"メモ":"",
				"_markerType": "Icon",
				"_iconUrl": "https://maps.gsi.go.jp/portal/sys/v4/symbols/103.png",
				"_iconSize": [
					16,
					16
				],
				"_iconAnchor": [
					8,
					8
				]
			}
		},
		{
			"type": "Feature",
			"geometry": {
				"type": "Point",
				"coordinates": [
					 136.6815,
					 35.6583
				]
			},
			"properties": {
				"name": "JA/GF-123(舟伏山)",
				"読み":"Funabuseyama",
				"標高":"1040m 6pt ",
				"GL":"PM85ip",
				"市郡区":"C#1915 / C#1918 ",
				"登山日":"",
				"メモ":"",
				"_markerType": "Icon",
				"_iconUrl": "https://maps.gsi.go.jp/portal/sys/v4/symbols/103.png",
				"_iconSize": [
					16,
					16
				],
				"_iconAnchor": [
					8,
					8
				]
			}
		},
		{
			"type": "Feature",
			"geometry": {
				"type": "Point",
				"coordinates": [
					 136.7432,
					 35.6983
				]
			},
			"properties": {
				"name": "JA/GF-124(点1030)",
				"読み":"P1030",
				"標高":"1030m 6pt ",
				"GL":"PM85iq",
				"市郡区":"C#1905 ",
				"登山日":"",
				"メモ":"",
				"_markerType": "Icon",
				"_iconUrl": "https://maps.gsi.go.jp/portal/sys/v4/symbols/103.png",
				"_iconSize": [
					16,
					16
				],
				"_iconAnchor": [
					8,
					8
				]
			}
		},
		{
			"type": "Feature",
			"geometry": {
				"type": "Point",
				"coordinates": [
					 137.3697,
					 35.6394
				]
			},
			"properties": {
				"name": "JA/GF-125(高岩(三角点))",
				"読み":"Takaiwa",
				"標高":"1004m 6pt ",
				"GL":"PM85qp",
				"市郡区":"G#19008D ",
				"登山日":"",
				"メモ":"",
				"_markerType": "Icon",
				"_iconUrl": "https://maps.gsi.go.jp/portal/sys/v4/symbols/103.png",
				"_iconSize": [
					16,
					16
				],
				"_iconAnchor": [
					8,
					8
				]
			}
		},
		{
			"type": "Feature",
			"geometry": {
				"type": "Point",
				"coordinates": [
					 137.3446,
					 35.6174
				]
			},
			"properties": {
				"name": "JA/GF-126(笠の尾)",
				"読み":"Kasanoo",
				"標高":"1002m 6pt ",
				"GL":"PM85qo",
				"市郡区":"G#19008D / G#19008E ",
				"登山日":"",
				"メモ":"",
				"_markerType": "Icon",
				"_iconUrl": "https://maps.gsi.go.jp/portal/sys/v4/symbols/103.png",
				"_iconSize": [
					16,
					16
				],
				"_iconAnchor": [
					8,
					8
				]
			}
		},
		{
			"type": "Feature",
			"geometry": {
				"type": "Point",
				"coordinates": [
					 137.1154,
					 36.2713
				]
			},
			"properties": {
				"name": "JA/GF-127(本堂山)",
				"読み":"Hondouzan",
				"標高":"995m 6pt ",
				"GL":"PM86ng",
				"市郡区":"C#1917 ",
				"登山日":"",
				"メモ":"",
				"_markerType": "Icon",
				"_iconUrl": "https://maps.gsi.go.jp/portal/sys/v4/symbols/103.png",
				"_iconSize": [
					16,
					16
				],
				"_iconAnchor": [
					8,
					8
				]
			}
		},
		{
			"type": "Feature",
			"geometry": {
				"type": "Point",
				"coordinates": [
					 137.2801,
					 36.071
				]
			},
			"properties": {
				"name": "JA/GF-128(弥陀ヶ洞山)",
				"読み":"Midagahorayama",
				"標高":"994m 6pt ",
				"GL":"PM86pb",
				"市郡区":"C#1903 ",
				"登山日":"",
				"メモ":"",
				"_markerType": "Icon",
				"_iconUrl": "https://maps.gsi.go.jp/portal/sys/v4/symbols/103.png",
				"_iconSize": [
					16,
					16
				],
				"_iconAnchor": [
					8,
					8
				]
			}
		},
		{
			"type": "Feature",
			"geometry": {
				"type": "Point",
				"coordinates": [
					 137.3999,
					 35.6465
				]
			},
			"properties": {
				"name": "JA/GF-129(新巣山)",
				"読み":"Shinsuzan",
				"標高":"974m 6pt ",
				"GL":"PM85qp",
				"市郡区":"G#19008D / C#1906 ",
				"登山日":"",
				"メモ":"",
				"_markerType": "Icon",
				"_iconUrl": "https://maps.gsi.go.jp/portal/sys/v4/symbols/103.png",
				"_iconSize": [
					16,
					16
				],
				"_iconAnchor": [
					8,
					8
				]
			}
		},
		{
			"type": "Feature",
			"geometry": {
				"type": "Point",
				"coordinates": [
					 137.3386,
					 36.1318
				]
			},
			"properties": {
				"name": "JA/GF-130(点962)",
				"読み":"P962",
				"標高":"962m 6pt ",
				"GL":"PM86qd",
				"市郡区":"C#1903 ",
				"登山日":"",
				"メモ":"",
				"_markerType": "Icon",
				"_iconUrl": "https://maps.gsi.go.jp/portal/sys/v4/symbols/103.png",
				"_iconSize": [
					16,
					16
				],
				"_iconAnchor": [
					8,
					8
				]
			}
		},
		{
			"type": "Feature",
			"geometry": {
				"type": "Point",
				"coordinates": [
					 137.0112,
					 35.8191
				]
			},
			"properties": {
				"name": "JA/GF-131(絶高(三角点))",
				"読み":"Zekkou",
				"標高":"960m 6pt ",
				"GL":"PM85mt",
				"市郡区":"C#1919 ",
				"登山日":"",
				"メモ":"",
				"_markerType": "Icon",
				"_iconUrl": "https://maps.gsi.go.jp/portal/sys/v4/symbols/103.png",
				"_iconSize": [
					16,
					16
				],
				"_iconAnchor": [
					8,
					8
				]
			}
		},
		{
			"type": "Feature",
			"geometry": {
				"type": "Point",
				"coordinates": [
					 136.8903,
					 36.284
				]
			},
			"properties": {
				"name": "JA/GF-132(ゾウゾウ山)",
				"読み":"Zouzouyama",
				"標高":"952m 6pt ",
				"GL":"PM86kg",
				"市郡区":"G#19005G ",
				"登山日":"",
				"メモ":"",
				"_markerType": "Icon",
				"_iconUrl": "https://maps.gsi.go.jp/portal/sys/v4/symbols/103.png",
				"_iconSize": [
					16,
					16
				],
				"_iconAnchor": [
					8,
					8
				]
			}
		},
		{
			"type": "Feature",
			"geometry": {
				"type": "Point",
				"coordinates": [
					 136.756,
					 35.7313
				]
			},
			"properties": {
				"name": "JA/GF-133(点950)",
				"読み":"P950",
				"標高":"950m 6pt ",
				"GL":"PM85jr",
				"市郡区":"C#1905 ",
				"登山日":"",
				"メモ":"",
				"_markerType": "Icon",
				"_iconUrl": "https://maps.gsi.go.jp/portal/sys/v4/symbols/103.png",
				"_iconSize": [
					16,
					16
				],
				"_iconAnchor": [
					8,
					8
				]
			}
		},
		{
			"type": "Feature",
			"geometry": {
				"type": "Point",
				"coordinates": [
					 137.2827,
					 35.6502
				]
			},
			"properties": {
				"name": "JA/GF-134(藤島山)",
				"読み":"Fujishimayama",
				"標高":"945m 6pt ",
				"GL":"PM85pp",
				"市郡区":"G#19008E ",
				"登山日":"",
				"メモ":"",
				"_markerType": "Icon",
				"_iconUrl": "https://maps.gsi.go.jp/portal/sys/v4/symbols/103.png",
				"_iconSize": [
					16,
					16
				],
				"_iconAnchor": [
					8,
					8
				]
			}
		},
		{
			"type": "Feature",
			"geometry": {
				"type": "Point",
				"coordinates": [
					 137.5059,
					 35.5505
				]
			},
			"properties": {
				"name": "JA/GF-135(高峰山)",
				"読み":"Takamineyama",
				"標高":"945m 6pt ",
				"GL":"PM85sn",
				"市郡区":"C#1906 ",
				"登山日":"",
				"メモ":"",
				"_markerType": "Icon",
				"_iconUrl": "https://maps.gsi.go.jp/portal/sys/v4/symbols/103.png",
				"_iconSize": [
					16,
					16
				],
				"_iconAnchor": [
					8,
					8
				]
			}
		},
		{
			"type": "Feature",
			"geometry": {
				"type": "Point",
				"coordinates": [
					 136.517,
					 35.441
				]
			},
			"properties": {
				"name": "JA/GF-136(池田山)",
				"読み":"Ikedayama",
				"標高":"924m 6pt ",
				"GL":"PM85gk",
				"市郡区":"G#19003A / G#19003B ",
				"登山日":"",
				"メモ":"",
				"_markerType": "Icon",
				"_iconUrl": "https://maps.gsi.go.jp/portal/sys/v4/symbols/103.png",
				"_iconSize": [
					16,
					16
				],
				"_iconAnchor": [
					8,
					8
				]
			}
		},
		{
			"type": "Feature",
			"geometry": {
				"type": "Point",
				"coordinates": [
					 136.4653,
					 35.4364
				]
			},
			"properties": {
				"name": "JA/GF-137(点919)",
				"読み":"P919",
				"標高":"919m 6pt ",
				"GL":"PM85fk",
				"市郡区":"G#19003B ",
				"登山日":"",
				"メモ":"",
				"_markerType": "Icon",
				"_iconUrl": "https://maps.gsi.go.jp/portal/sys/v4/symbols/103.png",
				"_iconSize": [
					16,
					16
				],
				"_iconAnchor": [
					8,
					8
				]
			}
		},
		{
			"type": "Feature",
			"geometry": {
				"type": "Point",
				"coordinates": [
					 136.8549,
					 35.9293
				]
			},
			"properties": {
				"name": "JA/GF-138(向山)",
				"読み":"Mukouyama",
				"標高":"918m 6pt ",
				"GL":"PM85kw",
				"市郡区":"C#1919 ",
				"登山日":"",
				"メモ":"",
				"_markerType": "Icon",
				"_iconUrl": "https://maps.gsi.go.jp/portal/sys/v4/symbols/103.png",
				"_iconSize": [
					16,
					16
				],
				"_iconAnchor": [
					8,
					8
				]
			}
		},
		{
			"type": "Feature",
			"geometry": {
				"type": "Point",
				"coordinates": [
					 136.4992,
					 35.5017
				]
			},
			"properties": {
				"name": "JA/GF-139(点910)",
				"読み":"P910",
				"標高":"910m 6pt ",
				"GL":"PM85fm",
				"市郡区":"G#19003B ",
				"登山日":"",
				"メモ":"",
				"_markerType": "Icon",
				"_iconUrl": "https://maps.gsi.go.jp/portal/sys/v4/symbols/103.png",
				"_iconSize": [
					16,
					16
				],
				"_iconAnchor": [
					8,
					8
				]
			}
		},
		{
			"type": "Feature",
			"geometry": {
				"type": "Point",
				"coordinates": [
					 137.2425,
					 35.76
				]
			},
			"properties": {
				"name": "JA/GF-140(夏焼(三角点))",
				"読み":"Natsuyake",
				"標高":"909m 6pt ",
				"GL":"PM85os",
				"市郡区":"C#1920 ",
				"登山日":"",
				"メモ":"",
				"_markerType": "Icon",
				"_iconUrl": "https://maps.gsi.go.jp/portal/sys/v4/symbols/103.png",
				"_iconSize": [
					16,
					16
				],
				"_iconAnchor": [
					8,
					8
				]
			}
		},
		{
			"type": "Feature",
			"geometry": {
				"type": "Point",
				"coordinates": [
					 137.2184,
					 35.6817
				]
			},
			"properties": {
				"name": "JA/GF-141(高天良山)",
				"読み":"Takaterayama",
				"標高":"908m 6pt ",
				"GL":"PM85oq",
				"市郡区":"C#1920 / G#19008E ",
				"登山日":"",
				"メモ":"",
				"_markerType": "Icon",
				"_iconUrl": "https://maps.gsi.go.jp/portal/sys/v4/symbols/103.png",
				"_iconSize": [
					16,
					16
				],
				"_iconAnchor": [
					8,
					8
				]
			}
		},
		{
			"type": "Feature",
			"geometry": {
				"type": "Point",
				"coordinates": [
					 136.5112,
					 35.2837
				]
			},
			"properties": {
				"name": "JA/GF-142(笙ヶ岳)",
				"読み":"Shougadake",
				"標高":"908m 6pt ",
				"GL":"PM85gg",
				"市郡区":"C#1902 ",
				"登山日":"",
				"メモ":"",
				"_markerType": "Icon",
				"_iconUrl": "https://maps.gsi.go.jp/portal/sys/v4/symbols/103.png",
				"_iconSize": [
					16,
					16
				],
				"_iconAnchor": [
					8,
					8
				]
			}
		},
		{
			"type": "Feature",
			"geometry": {
				"type": "Point",
				"coordinates": [
					 137.269,
					 35.527
				]
			},
			"properties": {
				"name": "JA/GF-143(見行山)",
				"読み":"Kengyouzan",
				"標高":"905m 6pt ",
				"GL":"PM85pm",
				"市郡区":"G#19008G / C#1910 / G#19008E",
				"登山日":"",
				"メモ":"",
				"_markerType": "Icon",
				"_iconUrl": "https://maps.gsi.go.jp/portal/sys/v4/symbols/103.png",
				"_iconSize": [
					16,
					16
				],
				"_iconAnchor": [
					8,
					8
				]
			}
		},
		{
			"type": "Feature",
			"geometry": {
				"type": "Point",
				"coordinates": [
					 137.1945,
					 35.7693
				]
			},
			"properties": {
				"name": "JA/GF-144(厚谷(三角点))",
				"読み":"Atsutani",
				"標高":"898m 6pt ",
				"GL":"PM85os",
				"市郡区":"C#1920 ",
				"登山日":"",
				"メモ":"",
				"_markerType": "Icon",
				"_iconUrl": "https://maps.gsi.go.jp/portal/sys/v4/symbols/103.png",
				"_iconSize": [
					16,
					16
				],
				"_iconAnchor": [
					8,
					8
				]
			}
		},
		{
			"type": "Feature",
			"geometry": {
				"type": "Point",
				"coordinates": [
					 137.2834,
					 35.5978
				]
			},
			"properties": {
				"name": "JA/GF-145(無反山)",
				"読み":"Muzoreyama",
				"標高":"889m 6pt ",
				"GL":"PM85po",
				"市郡区":"G#19008E / G#19008D ",
				"登山日":"",
				"メモ":"",
				"_markerType": "Icon",
				"_iconUrl": "https://maps.gsi.go.jp/portal/sys/v4/symbols/103.png",
				"_iconSize": [
					16,
					16
				],
				"_iconAnchor": [
					8,
					8
				]
			}
		},
		{
			"type": "Feature",
			"geometry": {
				"type": "Point",
				"coordinates": [
					 137.2608,
					 35.7223
				]
			},
			"properties": {
				"name": "JA/GF-146(岩苔(三角点))",
				"読み":"Iwagoke",
				"標高":"887m 6pt ",
				"GL":"PM85pr",
				"市郡区":"C#1920 ",
				"登山日":"",
				"メモ":"",
				"_markerType": "Icon",
				"_iconUrl": "https://maps.gsi.go.jp/portal/sys/v4/symbols/103.png",
				"_iconSize": [
					16,
					16
				],
				"_iconAnchor": [
					8,
					8
				]
			}
		},
		{
			"type": "Feature",
			"geometry": {
				"type": "Point",
				"coordinates": [
					 136.7574,
					 35.6456
				]
			},
			"properties": {
				"name": "JA/GF-147(峰山)",
				"読み":"Mineyama",
				"標高":"881m 6pt ",
				"GL":"PM85jp",
				"市郡区":"C#1915 ",
				"登山日":"",
				"メモ":"",
				"_markerType": "Icon",
				"_iconUrl": "https://maps.gsi.go.jp/portal/sys/v4/symbols/103.png",
				"_iconSize": [
					16,
					16
				],
				"_iconAnchor": [
					8,
					8
				]
			}
		},
		{
			"type": "Feature",
			"geometry": {
				"type": "Point",
				"coordinates": [
					 137.1744,
					 35.7458
				]
			},
			"properties": {
				"name": "JA/GF-148(岩屋(三角点))",
				"読み":"Iwaya",
				"標高":"873m 6pt ",
				"GL":"PM85or",
				"市郡区":"C#1920 ",
				"登山日":"",
				"メモ":"",
				"_markerType": "Icon",
				"_iconUrl": "https://maps.gsi.go.jp/portal/sys/v4/symbols/103.png",
				"_iconSize": [
					16,
					16
				],
				"_iconAnchor": [
					8,
					8
				]
			}
		},
		{
			"type": "Feature",
			"geometry": {
				"type": "Point",
				"coordinates": [
					 136.5894,
					 35.7351
				]
			},
			"properties": {
				"name": "JA/GF-149(点870(台金(三角点)近傍))",
				"読み":"P870",
				"標高":"870m 6pt ",
				"GL":"PM85hr",
				"市郡区":"C#1918 ",
				"登山日":"",
				"メモ":"",
				"_markerType": "Icon",
				"_iconUrl": "https://maps.gsi.go.jp/portal/sys/v4/symbols/103.png",
				"_iconSize": [
					16,
					16
				],
				"_iconAnchor": [
					8,
					8
				]
			}
		},
		{
			"type": "Feature",
			"geometry": {
				"type": "Point",
				"coordinates": [
					 137.2893,
					 35.5311
				]
			},
			"properties": {
				"name": "JA/GF-150(権現山)",
				"読み":"Gongenyama",
				"標高":"867m 6pt ",
				"GL":"PM85pm",
				"市郡区":"C#1910 / G#19008E ",
				"登山日":"",
				"メモ":"",
				"_markerType": "Icon",
				"_iconUrl": "https://maps.gsi.go.jp/portal/sys/v4/symbols/103.png",
				"_iconSize": [
					16,
					16
				],
				"_iconAnchor": [
					8,
					8
				]
			}
		},
		{
			"type": "Feature",
			"geometry": {
				"type": "Point",
				"coordinates": [
					 137.2287,
					 35.6198
				]
			},
			"properties": {
				"name": "JA/GF-151(白山)",
				"読み":"Hakusan",
				"標高":"863m 6pt ",
				"GL":"PM85oo",
				"市郡区":"G#19008E ",
				"登山日":"",
				"メモ":"",
				"_markerType": "Icon",
				"_iconUrl": "https://maps.gsi.go.jp/portal/sys/v4/symbols/103.png",
				"_iconSize": [
					16,
					16
				],
				"_iconAnchor": [
					8,
					8
				]
			}
		},
		{
			"type": "Feature",
			"geometry": {
				"type": "Point",
				"coordinates": [
					 137.5138,
					 35.608
				]
			},
			"properties": {
				"name": "JA/GF-152(城ケ根山)",
				"読み":"Jyouganesan",
				"標高":"837m 4pt ",
				"GL":"PM85so",
				"市郡区":"C#1906 / G#09004J ",
				"登山日":"",
				"メモ":"",
				"_markerType": "Icon",
				"_iconUrl": "https://maps.gsi.go.jp/portal/sys/v4/symbols/828.png",
				"_iconSize": [
					16,
					16
				],
				"_iconAnchor": [
					8,
					8
				]
			}
		},
		{
			"type": "Feature",
			"geometry": {
				"type": "Point",
				"coordinates": [
					 136.4363,
					 35.5712
				]
			},
			"properties": {
				"name": "JA/GF-153(桧尾(三角点))",
				"読み":"Hinokio",
				"標高":"827m 4pt ",
				"GL":"PM85fn",
				"市郡区":"G#19003B ",
				"登山日":"",
				"メモ":"",
				"_markerType": "Icon",
				"_iconUrl": "https://maps.gsi.go.jp/portal/sys/v4/symbols/828.png",
				"_iconSize": [
					16,
					16
				],
				"_iconAnchor": [
					8,
					8
				]
			}
		},
		{
			"type": "Feature",
			"geometry": {
				"type": "Point",
				"coordinates": [
					 137.2304,
					 36.1805
				]
			},
			"properties": {
				"name": "JA/GF-154(深洞(三角点))",
				"読み":"Fukabora",
				"標高":"825m 4pt ",
				"GL":"PM86oe",
				"市郡区":"C#1903 ",
				"登山日":"",
				"メモ":"",
				"_markerType": "Icon",
				"_iconUrl": "https://maps.gsi.go.jp/portal/sys/v4/symbols/828.png",
				"_iconSize": [
					16,
					16
				],
				"_iconAnchor": [
					8,
					8
				]
			}
		},
		{
			"type": "Feature",
			"geometry": {
				"type": "Point",
				"coordinates": [
					 137.3273,
					 35.3527
				]
			},
			"properties": {
				"name": "JA/GF-155(田代山)",
				"読み":"Tashiroyama",
				"標高":"820m 4pt ",
				"GL":"PM85pi",
				"市郡区":"C#1910 ",
				"登山日":"",
				"メモ":"",
				"_markerType": "Icon",
				"_iconUrl": "https://maps.gsi.go.jp/portal/sys/v4/symbols/828.png",
				"_iconSize": [
					16,
					16
				],
				"_iconAnchor": [
					8,
					8
				]
			}
		},
		{
			"type": "Feature",
			"geometry": {
				"type": "Point",
				"coordinates": [
					 136.9938,
					 35.7515
				]
			},
			"properties": {
				"name": "JA/GF-156(稚児山)",
				"読み":"Chigosan",
				"標高":"818m 4pt ",
				"GL":"PM85ls",
				"市郡区":"C#1919 ",
				"登山日":"",
				"メモ":"",
				"_markerType": "Icon",
				"_iconUrl": "https://maps.gsi.go.jp/portal/sys/v4/symbols/828.png",
				"_iconSize": [
					16,
					16
				],
				"_iconAnchor": [
					8,
					8
				]
			}
		},
		{
			"type": "Feature",
			"geometry": {
				"type": "Point",
				"coordinates": [
					 137.0676,
					 35.7015
				]
			},
			"properties": {
				"name": "JA/GF-157(黒岳)",
				"読み":"Kurodake",
				"標高":"795m 4pt ",
				"GL":"PM85mq",
				"市郡区":"C#1920 / C#1919 ",
				"登山日":"",
				"メモ":"",
				"_markerType": "Icon",
				"_iconUrl": "https://maps.gsi.go.jp/portal/sys/v4/symbols/828.png",
				"_iconSize": [
					16,
					16
				],
				"_iconAnchor": [
					8,
					8
				]
			}
		},
		{
			"type": "Feature",
			"geometry": {
				"type": "Point",
				"coordinates": [
					 137.4306,
					 35.2431
				]
			},
			"properties": {
				"name": "JA/GF-158(高戸山)",
				"読み":"Takatoyama",
				"標高":"795m 4pt ",
				"GL":"PM85rf",
				"市郡区":"C#1910 ",
				"登山日":"",
				"メモ":"",
				"_markerType": "Icon",
				"_iconUrl": "https://maps.gsi.go.jp/portal/sys/v4/symbols/828.png",
				"_iconSize": [
					16,
					16
				],
				"_iconAnchor": [
					8,
					8
				]
			}
		},
		{
			"type": "Feature",
			"geometry": {
				"type": "Point",
				"coordinates": [
					 136.46,
					 35.4136
				]
			},
			"properties": {
				"name": "JA/GF-159(点790)",
				"読み":"P790",
				"標高":"790m 4pt ",
				"GL":"PM85fj",
				"市郡区":"G#19003B ",
				"登山日":"",
				"メモ":"",
				"_markerType": "Icon",
				"_iconUrl": "https://maps.gsi.go.jp/portal/sys/v4/symbols/828.png",
				"_iconSize": [
					16,
					16
				],
				"_iconAnchor": [
					8,
					8
				]
			}
		},
		{
			"type": "Feature",
			"geometry": {
				"type": "Point",
				"coordinates": [
					 137.0075,
					 35.7115
				]
			},
			"properties": {
				"name": "JA/GF-160(岳山)",
				"読み":"Takeyama",
				"標高":"775m 4pt ",
				"GL":"PM85mr",
				"市郡区":"C#1919 ",
				"登山日":"",
				"メモ":"",
				"_markerType": "Icon",
				"_iconUrl": "https://maps.gsi.go.jp/portal/sys/v4/symbols/828.png",
				"_iconSize": [
					16,
					16
				],
				"_iconAnchor": [
					8,
					8
				]
			}
		},
		{
			"type": "Feature",
			"geometry": {
				"type": "Point",
				"coordinates": [
					 137.1559,
					 35.706
				]
			},
			"properties": {
				"name": "JA/GF-161(大乱木(三角点))",
				"読み":"Tairangi",
				"標高":"773m 4pt ",
				"GL":"PM85nq",
				"市郡区":"C#1920 ",
				"登山日":"",
				"メモ":"",
				"_markerType": "Icon",
				"_iconUrl": "https://maps.gsi.go.jp/portal/sys/v4/symbols/828.png",
				"_iconSize": [
					16,
					16
				],
				"_iconAnchor": [
					8,
					8
				]
			}
		},
		{
			"type": "Feature",
			"geometry": {
				"type": "Point",
				"coordinates": [
					 137.4011,
					 35.4144
				]
			},
			"properties": {
				"name": "JA/GF-162(鍋山)",
				"読み":"Nabeyama",
				"標高":"771m 4pt ",
				"GL":"PM85qj",
				"市郡区":"C#1910 ",
				"登山日":"",
				"メモ":"",
				"_markerType": "Icon",
				"_iconUrl": "https://maps.gsi.go.jp/portal/sys/v4/symbols/828.png",
				"_iconSize": [
					16,
					16
				],
				"_iconAnchor": [
					8,
					8
				]
			}
		},
		{
			"type": "Feature",
			"geometry": {
				"type": "Point",
				"coordinates": [
					 137.0234,
					 35.7337
				]
			},
			"properties": {
				"name": "JA/GF-163(三庫(三角点))",
				"読み":"Mitsuko",
				"標高":"760m 4pt ",
				"GL":"PM85mr",
				"市郡区":"C#1919 ",
				"登山日":"",
				"メモ":"",
				"_markerType": "Icon",
				"_iconUrl": "https://maps.gsi.go.jp/portal/sys/v4/symbols/828.png",
				"_iconSize": [
					16,
					16
				],
				"_iconAnchor": [
					8,
					8
				]
			}
		},
		{
			"type": "Feature",
			"geometry": {
				"type": "Point",
				"coordinates": [
					 137.0004,
					 35.7308
				]
			},
			"properties": {
				"name": "JA/GF-164(点750)",
				"読み":"P750",
				"標高":"750m 4pt ",
				"GL":"PM85mr",
				"市郡区":"C#1919 ",
				"登山日":"",
				"メモ":"",
				"_markerType": "Icon",
				"_iconUrl": "https://maps.gsi.go.jp/portal/sys/v4/symbols/828.png",
				"_iconSize": [
					16,
					16
				],
				"_iconAnchor": [
					8,
					8
				]
			}
		},
		{
			"type": "Feature",
			"geometry": {
				"type": "Point",
				"coordinates": [
					 136.6634,
					 35.6025
				]
			},
			"properties": {
				"name": "JA/GF-165(コカシ洞)",
				"読み":"Kokashibora",
				"標高":"745m 4pt ",
				"GL":"PM85ho",
				"市郡区":"C#1918 / C#1915 ",
				"登山日":"",
				"メモ":"",
				"_markerType": "Icon",
				"_iconUrl": "https://maps.gsi.go.jp/portal/sys/v4/symbols/828.png",
				"_iconSize": [
					16,
					16
				],
				"_iconAnchor": [
					8,
					8
				]
			}
		},
		{
			"type": "Feature",
			"geometry": {
				"type": "Point",
				"coordinates": [
					 137.3666,
					 35.3219
				]
			},
			"properties": {
				"name": "JA/GF-166(大泉村(三角点)近傍)",
				"読み":"Ooizumimura",
				"標高":"740m 4pt ",
				"GL":"PM85qh",
				"市郡区":"C#1910 ",
				"登山日":"",
				"メモ":"",
				"_markerType": "Icon",
				"_iconUrl": "https://maps.gsi.go.jp/portal/sys/v4/symbols/828.png",
				"_iconSize": [
					16,
					16
				],
				"_iconAnchor": [
					8,
					8
				]
			}
		},
		{
			"type": "Feature",
			"geometry": {
				"type": "Point",
				"coordinates": [
					 137.167,
					 35.575
				]
			},
			"properties": {
				"name": "JA/GF-167(笹ガタワ)",
				"読み":"Sasagatawa",
				"標高":"740m 4pt ",
				"GL":"PM85on",
				"市郡区":"G#19008F / G#19008E ",
				"登山日":"",
				"メモ":"",
				"_markerType": "Icon",
				"_iconUrl": "https://maps.gsi.go.jp/portal/sys/v4/symbols/828.png",
				"_iconSize": [
					16,
					16
				],
				"_iconAnchor": [
					8,
					8
				]
			}
		},
		{
			"type": "Feature",
			"geometry": {
				"type": "Point",
				"coordinates": [
					 137.2065,
					 35.5446
				]
			},
			"properties": {
				"name": "JA/GF-168(無量寿山)",
				"読み":"Muryojyuzan",
				"標高":"730m 4pt ",
				"GL":"PM85on",
				"市郡区":"G#19008G / G#19008E ",
				"登山日":"",
				"メモ":"",
				"_markerType": "Icon",
				"_iconUrl": "https://maps.gsi.go.jp/portal/sys/v4/symbols/828.png",
				"_iconSize": [
					16,
					16
				],
				"_iconAnchor": [
					8,
					8
				]
			}
		},
		{
			"type": "Feature",
			"geometry": {
				"type": "Point",
				"coordinates": [
					 137.241,
					 35.589
				]
			},
			"properties": {
				"name": "JA/GF-169(大平(三角点))",
				"読み":"Oohira",
				"標高":"724m 4pt ",
				"GL":"PM85oo",
				"市郡区":"G#19008E ",
				"登山日":"",
				"メモ":"",
				"_markerType": "Icon",
				"_iconUrl": "https://maps.gsi.go.jp/portal/sys/v4/symbols/828.png",
				"_iconSize": [
					16,
					16
				],
				"_iconAnchor": [
					8,
					8
				]
			}
		},
		{
			"type": "Feature",
			"geometry": {
				"type": "Point",
				"coordinates": [
					 136.5362,
					 35.5509
				]
			},
			"properties": {
				"name": "JA/GF-170(塔ノ倉)",
				"読み":"Tounokura",
				"標高":"720m 4pt ",
				"GL":"PM85gn",
				"市郡区":"G#19003B ",
				"登山日":"",
				"メモ":"",
				"_markerType": "Icon",
				"_iconUrl": "https://maps.gsi.go.jp/portal/sys/v4/symbols/828.png",
				"_iconSize": [
					16,
					16
				],
				"_iconAnchor": [
					8,
					8
				]
			}
		},
		{
			"type": "Feature",
			"geometry": {
				"type": "Point",
				"coordinates": [
					 136.4282,
					 35.2554
				]
			},
			"properties": {
				"name": "JA/GF-171(点711)",
				"読み":"P711",
				"標高":"711m 4pt ",
				"GL":"PM85fg",
				"市郡区":"C#1902 ",
				"登山日":"",
				"メモ":"",
				"_markerType": "Icon",
				"_iconUrl": "https://maps.gsi.go.jp/portal/sys/v4/symbols/828.png",
				"_iconSize": [
					16,
					16
				],
				"_iconAnchor": [
					8,
					8
				]
			}
		},
		{
			"type": "Feature",
			"geometry": {
				"type": "Point",
				"coordinates": [
					 137.1095,
					 35.6809
				]
			},
			"properties": {
				"name": "JA/GF-172(点704)",
				"読み":"P704",
				"標高":"704m 4pt ",
				"GL":"PM85nq",
				"市郡区":"C#1920 ",
				"登山日":"",
				"メモ":"",
				"_markerType": "Icon",
				"_iconUrl": "https://maps.gsi.go.jp/portal/sys/v4/symbols/828.png",
				"_iconSize": [
					16,
					16
				],
				"_iconAnchor": [
					8,
					8
				]
			}
		},
		{
			"type": "Feature",
			"geometry": {
				"type": "Point",
				"coordinates": [
					 137.4453,
					 35.4283
				]
			},
			"properties": {
				"name": "JA/GF-173(花無山)",
				"読み":"Hananashiyama",
				"標高":"702m 4pt ",
				"GL":"PM85rk",
				"市郡区":"C#1910 ",
				"登山日":"",
				"メモ":"",
				"_markerType": "Icon",
				"_iconUrl": "https://maps.gsi.go.jp/portal/sys/v4/symbols/828.png",
				"_iconSize": [
					16,
					16
				],
				"_iconAnchor": [
					8,
					8
				]
			}
		},
		{
			"type": "Feature",
			"geometry": {
				"type": "Point",
				"coordinates": [
					 137.1389,
					 35.6216
				]
			},
			"properties": {
				"name": "JA/GF-174(水晶山)",
				"読み":"Suisyouyama",
				"標高":"688m 4pt ",
				"GL":"PM85no",
				"市郡区":"G#19008F / G#19008E ",
				"登山日":"",
				"メモ":"",
				"_markerType": "Icon",
				"_iconUrl": "https://maps.gsi.go.jp/portal/sys/v4/symbols/828.png",
				"_iconSize": [
					16,
					16
				],
				"_iconAnchor": [
					8,
					8
				]
			}
		},
		{
			"type": "Feature",
			"geometry": {
				"type": "Point",
				"coordinates": [
					 137.162,
					 35.5218
				]
			},
			"properties": {
				"name": "JA/GF-175(砥山)",
				"読み":"Toyama",
				"標高":"686m 4pt ",
				"GL":"PM85nm",
				"市郡区":"G#19008G ",
				"登山日":"",
				"メモ":"",
				"_markerType": "Icon",
				"_iconUrl": "https://maps.gsi.go.jp/portal/sys/v4/symbols/828.png",
				"_iconSize": [
					16,
					16
				],
				"_iconAnchor": [
					8,
					8
				]
			}
		},
		{
			"type": "Feature",
			"geometry": {
				"type": "Point",
				"coordinates": [
					 136.5962,
					 35.545
				]
			},
			"properties": {
				"name": "JA/GF-176(妙法ケ岳)",
				"読み":"Myouhougatake",
				"標高":"667m 4pt ",
				"GL":"PM85hn",
				"市郡区":"G#19003B ",
				"登山日":"",
				"メモ":"",
				"_markerType": "Icon",
				"_iconUrl": "https://maps.gsi.go.jp/portal/sys/v4/symbols/828.png",
				"_iconSize": [
					16,
					16
				],
				"_iconAnchor": [
					8,
					8
				]
			}
		},
		{
			"type": "Feature",
			"geometry": {
				"type": "Point",
				"coordinates": [
					 137.1863,
					 35.6016
				]
			},
			"properties": {
				"name": "JA/GF-177(田代山)",
				"読み":"Tashiroyama",
				"標高":"666m 4pt ",
				"GL":"PM85oo",
				"市郡区":"G#19008E ",
				"登山日":"",
				"メモ":"",
				"_markerType": "Icon",
				"_iconUrl": "https://maps.gsi.go.jp/portal/sys/v4/symbols/828.png",
				"_iconSize": [
					16,
					16
				],
				"_iconAnchor": [
					8,
					8
				]
			}
		},
		{
			"type": "Feature",
			"geometry": {
				"type": "Point",
				"coordinates": [
					 137.1095,
					 35.6601
				]
			},
			"properties": {
				"name": "JA/GF-178(御前ケ岳)",
				"読み":"Gozengatake",
				"標高":"664m 4pt ",
				"GL":"PM85np",
				"市郡区":"C#1920 ",
				"登山日":"",
				"メモ":"",
				"_markerType": "Icon",
				"_iconUrl": "https://maps.gsi.go.jp/portal/sys/v4/symbols/828.png",
				"_iconSize": [
					16,
					16
				],
				"_iconAnchor": [
					8,
					8
				]
			}
		},
		{
			"type": "Feature",
			"geometry": {
				"type": "Point",
				"coordinates": [
					 137.2991,
					 35.4534
				]
			},
			"properties": {
				"name": "JA/GF-179(深山(三角点))",
				"読み":"Miyama",
				"標高":"660m 4pt ",
				"GL":"PM85pk",
				"市郡区":"C#1908 ",
				"登山日":"",
				"メモ":"",
				"_markerType": "Icon",
				"_iconUrl": "https://maps.gsi.go.jp/portal/sys/v4/symbols/828.png",
				"_iconSize": [
					16,
					16
				],
				"_iconAnchor": [
					8,
					8
				]
			}
		},
		{
			"type": "Feature",
			"geometry": {
				"type": "Point",
				"coordinates": [
					 136.8951,
					 35.8403
				]
			},
			"properties": {
				"name": "JA/GF-180(劔(三角点))",
				"読み":"Tsurugi",
				"標高":"640m 2pt ",
				"GL":"PM85ku",
				"市郡区":"C#1919 ",
				"登山日":"",
				"メモ":"",
				"_markerType": "Icon",
				"_iconUrl": "https://maps.gsi.go.jp/portal/sys/v4/symbols/102.png",
				"_iconSize": [
					16,
					16
				],
				"_iconAnchor": [
					8,
					8
				]
			}
		},
		{
			"type": "Feature",
			"geometry": {
				"type": "Point",
				"coordinates": [
					 137.0941,
					 35.5451
				]
			},
			"properties": {
				"name": "JA/GF-181(納古山)",
				"読み":"Noukoyama",
				"標高":"633m 2pt ",
				"GL":"PM85nn",
				"市郡区":"G#19008F / G#19008A ",
				"登山日":"",
				"メモ":"",
				"_markerType": "Icon",
				"_iconUrl": "https://maps.gsi.go.jp/portal/sys/v4/symbols/102.png",
				"_iconSize": [
					16,
					16
				],
				"_iconAnchor": [
					8,
					8
				]
			}
		},
		{
			"type": "Feature",
			"geometry": {
				"type": "Point",
				"coordinates": [
					 137.0956,
					 35.6406
				]
			},
			"properties": {
				"name": "JA/GF-182(高岡山)",
				"読み":"Takaokayama",
				"標高":"603m 2pt ",
				"GL":"PM85np",
				"市郡区":"C#1920 / C#1905 ",
				"登山日":"",
				"メモ":"",
				"_markerType": "Icon",
				"_iconUrl": "https://maps.gsi.go.jp/portal/sys/v4/symbols/102.png",
				"_iconSize": [
					16,
					16
				],
				"_iconAnchor": [
					8,
					8
				]
			}
		},
		{
			"type": "Feature",
			"geometry": {
				"type": "Point",
				"coordinates": [
					 137.0562,
					 35.6044
				]
			},
			"properties": {
				"name": "JA/GF-183(岳山)",
				"読み":"Takeyama",
				"標高":"599m 2pt ",
				"GL":"PM85mo",
				"市郡区":"G#19008F / C#1905 ",
				"登山日":"",
				"メモ":"",
				"_markerType": "Icon",
				"_iconUrl": "https://maps.gsi.go.jp/portal/sys/v4/symbols/102.png",
				"_iconSize": [
					16,
					16
				],
				"_iconAnchor": [
					8,
					8
				]
			}
		},
		{
			"type": "Feature",
			"geometry": {
				"type": "Point",
				"coordinates": [
					 137.0114,
					 35.653
				]
			},
			"properties": {
				"name": "JA/GF-184(船山岳)",
				"読み":"Funayamadake",
				"標高":"591m 2pt ",
				"GL":"PM85mp",
				"市郡区":"C#1919 / C#1905 ",
				"登山日":"",
				"メモ":"",
				"_markerType": "Icon",
				"_iconUrl": "https://maps.gsi.go.jp/portal/sys/v4/symbols/102.png",
				"_iconSize": [
					16,
					16
				],
				"_iconAnchor": [
					8,
					8
				]
			}
		},
		{
			"type": "Feature",
			"geometry": {
				"type": "Point",
				"coordinates": [
					 137.3482,
					 35.4565
				]
			},
			"properties": {
				"name": "JA/GF-185(久須見(三角点))",
				"読み":"Kusumi",
				"標高":"580m 2pt ",
				"GL":"PM85qk",
				"市郡区":"C#1910 ",
				"登山日":"",
				"メモ":"",
				"_markerType": "Icon",
				"_iconUrl": "https://maps.gsi.go.jp/portal/sys/v4/symbols/102.png",
				"_iconSize": [
					16,
					16
				],
				"_iconAnchor": [
					8,
					8
				]
			}
		},
		{
			"type": "Feature",
			"geometry": {
				"type": "Point",
				"coordinates": [
					 136.9866,
					 35.6189
				]
			},
			"properties": {
				"name": "JA/GF-186(ナカザコ)",
				"読み":"Nakazako",
				"標高":"569m 2pt ",
				"GL":"PM85lo",
				"市郡区":"C#1919 / C#1905 ",
				"登山日":"",
				"メモ":"",
				"_markerType": "Icon",
				"_iconUrl": "https://maps.gsi.go.jp/portal/sys/v4/symbols/102.png",
				"_iconSize": [
					16,
					16
				],
				"_iconAnchor": [
					8,
					8
				]
			}
		},
		{
			"type": "Feature",
			"geometry": {
				"type": "Point",
				"coordinates": [
					 137.0477,
					 35.5481
				]
			},
			"properties": {
				"name": "JA/GF-187(御殿山近傍)",
				"読み":"Near_Gotenzan",
				"標高":"554m 2pt ",
				"GL":"PM85mn",
				"市郡区":"G#19008F / C#1911 ",
				"登山日":"",
				"メモ":"",
				"_markerType": "Icon",
				"_iconUrl": "https://maps.gsi.go.jp/portal/sys/v4/symbols/102.png",
				"_iconSize": [
					16,
					16
				],
				"_iconAnchor": [
					8,
					8
				]
			}
		},
		{
			"type": "Feature",
			"geometry": {
				"type": "Point",
				"coordinates": [
					 136.8668,
					 35.5611
				]
			},
			"properties": {
				"name": "JA/GF-188(天王山)",
				"読み":"Tennouzan",
				"標高":"538m 2pt ",
				"GL":"PM85kn",
				"市郡区":"C#1907 ",
				"登山日":"",
				"メモ":"",
				"_markerType": "Icon",
				"_iconUrl": "https://maps.gsi.go.jp/portal/sys/v4/symbols/102.png",
				"_iconSize": [
					16,
					16
				],
				"_iconAnchor": [
					8,
					8
				]
			}
		},
		{
			"type": "Feature",
			"geometry": {
				"type": "Point",
				"coordinates": [
					 136.8238,
					 35.5692
				]
			},
			"properties": {
				"name": "JA/GF-189(汾陽寺山)",
				"読み":"Funnyoujisan",
				"標高":"520m 2pt ",
				"GL":"PM85jn",
				"市郡区":"C#1905 ",
				"登山日":"",
				"メモ":"",
				"_markerType": "Icon",
				"_iconUrl": "https://maps.gsi.go.jp/portal/sys/v4/symbols/102.png",
				"_iconSize": [
					16,
					16
				],
				"_iconAnchor": [
					8,
					8
				]
			}
		},
		{
			"type": "Feature",
			"geometry": {
				"type": "Point",
				"coordinates": [
					 136.839,
					 35.5636
				]
			},
			"properties": {
				"name": "JA/GF-190(権現山)",
				"読み":"Gongenyama",
				"標高":"516m 2pt ",
				"GL":"PM85kn",
				"市郡区":"C#1905 / C#1907 ",
				"登山日":"",
				"メモ":"",
				"_markerType": "Icon",
				"_iconUrl": "https://maps.gsi.go.jp/portal/sys/v4/symbols/102.png",
				"_iconSize": [
					16,
					16
				],
				"_iconAnchor": [
					8,
					8
				]
			}
		},
		{
			"type": "Feature",
			"geometry": {
				"type": "Point",
				"coordinates": [
					 136.6597,
					 35.5439
				]
			},
			"properties": {
				"name": "JA/GF-191(大茂山)",
				"読み":"Oomoyama",
				"標高":"453m 1pt ",
				"GL":"PM85hn",
				"市郡区":"C#1918 ",
				"登山日":"",
				"メモ":"",
				"_markerType": "Icon",
				"_iconUrl": "https://maps.gsi.go.jp/portal/sys/v4/symbols/826.png",
				"_iconSize": [
					16,
					16
				],
				"_iconAnchor": [
					8,
					8
				]
			}
		},
		{
			"type": "Feature",
			"geometry": {
				"type": "Point",
				"coordinates": [
					 136.954,
					 35.6911
				]
			},
			"properties": {
				"name": "JA/GF-192(点448)",
				"読み":"P448",
				"標高":"448m 1pt ",
				"GL":"PM85lq",
				"市郡区":"C#1919 ",
				"登山日":"",
				"メモ":"",
				"_markerType": "Icon",
				"_iconUrl": "https://maps.gsi.go.jp/portal/sys/v4/symbols/826.png",
				"_iconSize": [
					16,
					16
				],
				"_iconAnchor": [
					8,
					8
				]
			}
		},
		{
			"type": "Feature",
			"geometry": {
				"type": "Point",
				"coordinates": [
					 136.8013,
					 35.6041
				]
			},
			"properties": {
				"name": "JA/GF-193(点444)",
				"読み":"P444",
				"標高":"444m 1pt ",
				"GL":"PM85jo",
				"市郡区":"C#1915 / C#1905 ",
				"登山日":"",
				"メモ":"",
				"_markerType": "Icon",
				"_iconUrl": "https://maps.gsi.go.jp/portal/sys/v4/symbols/826.png",
				"_iconSize": [
					16,
					16
				],
				"_iconAnchor": [
					8,
					8
				]
			}
		},
		{
			"type": "Feature",
			"geometry": {
				"type": "Point",
				"coordinates": [
					 136.538,
					 35.5243
				]
			},
			"properties": {
				"name": "JA/GF-194(間戸山)",
				"読み":"Matoyama",
				"標高":"443m 1pt ",
				"GL":"PM85gm",
				"市郡区":"G#19003B ",
				"登山日":"",
				"メモ":"",
				"_markerType": "Icon",
				"_iconUrl": "https://maps.gsi.go.jp/portal/sys/v4/symbols/826.png",
				"_iconSize": [
					16,
					16
				],
				"_iconAnchor": [
					8,
					8
				]
			}
		},
		{
			"type": "Feature",
			"geometry": {
				"type": "Point",
				"coordinates": [
					 137.0653,
					 35.3146
				]
			},
			"properties": {
				"name": "JA/GF-195(弥勒山)",
				"読み":"Mirokuyama",
				"標高":"437m 1pt ",
				"GL":"PM85mh",
				"市郡区":"C#1904 / C#2007 ",
				"登山日":"",
				"メモ":"",
				"_markerType": "Icon",
				"_iconUrl": "https://maps.gsi.go.jp/portal/sys/v4/symbols/826.png",
				"_iconSize": [
					16,
					16
				],
				"_iconAnchor": [
					8,
					8
				]
			}
		},
		{
			"type": "Feature",
			"geometry": {
				"type": "Point",
				"coordinates": [
					 136.9317,
					 35.5585
				]
			},
			"properties": {
				"name": "JA/GF-196(古城山)",
				"読み":"Kojyouzan",
				"標高":"437m 1pt ",
				"GL":"PM85ln",
				"市郡区":"C#1907 ",
				"登山日":"",
				"メモ":"",
				"_markerType": "Icon",
				"_iconUrl": "https://maps.gsi.go.jp/portal/sys/v4/symbols/826.png",
				"_iconSize": [
					16,
					16
				],
				"_iconAnchor": [
					8,
					8
				]
			}
		},
		{
			"type": "Feature",
			"geometry": {
				"type": "Point",
				"coordinates": [
					 136.9593,
					 35.5497
				]
			},
			"properties": {
				"name": "JA/GF-197(大仏(三角点))",
				"読み":"Oobotoke",
				"標高":"435m 1pt ",
				"GL":"PM85ln",
				"市郡区":"C#1907 / C#1905 ",
				"登山日":"",
				"メモ":"",
				"_markerType": "Icon",
				"_iconUrl": "https://maps.gsi.go.jp/portal/sys/v4/symbols/826.png",
				"_iconSize": [
					16,
					16
				],
				"_iconAnchor": [
					8,
					8
				]
			}
		},
		{
			"type": "Feature",
			"geometry": {
				"type": "Point",
				"coordinates": [
					 136.6361,
					 35.5055
				]
			},
			"properties": {
				"name": "JA/GF-198(雁又山)",
				"読み":"Ganmatayama",
				"標高":"430m 1pt ",
				"GL":"PM85hm",
				"市郡区":"G#19003C / G#19003B ",
				"登山日":"",
				"メモ":"",
				"_markerType": "Icon",
				"_iconUrl": "https://maps.gsi.go.jp/portal/sys/v4/symbols/826.png",
				"_iconSize": [
					16,
					16
				],
				"_iconAnchor": [
					8,
					8
				]
			}
		},
		{
			"type": "Feature",
			"geometry": {
				"type": "Point",
				"coordinates": [
					 136.5066,
					 35.3498
				]
			},
			"properties": {
				"name": "JA/GF-199(南宮山近傍)",
				"読み":"Near_Nanguusan",
				"標高":"420m 1pt ",
				"GL":"PM85gi",
				"市郡区":"C#1902 / G#19012B ",
				"登山日":"",
				"メモ":"",
				"_markerType": "Icon",
				"_iconUrl": "https://maps.gsi.go.jp/portal/sys/v4/symbols/826.png",
				"_iconSize": [
					16,
					16
				],
				"_iconAnchor": [
					8,
					8
				]
			}
		},
		{
			"type": "Feature",
			"geometry": {
				"type": "Point",
				"coordinates": [
					 136.8001,
					 35.4631
				]
			},
			"properties": {
				"name": "JA/GF-200(百々ケ峰)",
				"読み":"Todogamine",
				"標高":"418m 1pt ",
				"GL":"PM85jl",
				"市郡区":"C#1901 ",
				"登山日":"",
				"メモ":"",
				"_markerType": "Icon",
				"_iconUrl": "https://maps.gsi.go.jp/portal/sys/v4/symbols/826.png",
				"_iconSize": [
					16,
					16
				],
				"_iconAnchor": [
					8,
					8
				]
			}
		},
		{
			"type": "Feature",
			"geometry": {
				"type": "Point",
				"coordinates": [
					 136.9455,
					 35.4281
				]
			},
			"properties": {
				"name": "JA/GF-201(鵜沼村(三角点))",
				"読み":"Unumamura",
				"標高":"383m 1pt ",
				"GL":"PM85lk",
				"市郡区":"C#1913 / C#1905 ",
				"登山日":"",
				"メモ":"",
				"_markerType": "Icon",
				"_iconUrl": "https://maps.gsi.go.jp/portal/sys/v4/symbols/826.png",
				"_iconSize": [
					16,
					16
				],
				"_iconAnchor": [
					8,
					8
				]
			}
		},
		{
			"type": "Feature",
			"geometry": {
				"type": "Point",
				"coordinates": [
					 136.6853,
					 35.5145
				]
			},
			"properties": {
				"name": "JA/GF-202(祐向山)",
				"読み":"Yukouyama",
				"標高":"374m 1pt ",
				"GL":"PM85im",
				"市郡区":"C#1901 / C#1918 ",
				"登山日":"",
				"メモ":"",
				"_markerType": "Icon",
				"_iconUrl": "https://maps.gsi.go.jp/portal/sys/v4/symbols/826.png",
				"_iconSize": [
					16,
					16
				],
				"_iconAnchor": [
					8,
					8
				]
			}
		},
		{
			"type": "Feature",
			"geometry": {
				"type": "Point",
				"coordinates": [
					 136.9848,
					 35.4175
				]
			},
			"properties": {
				"name": "JA/GF-203(西山(三角点))",
				"読み":"Nishiyama",
				"標高":"340m 1pt ",
				"GL":"PM85lk",
				"市郡区":"C#1914 / C#2016 ",
				"登山日":"",
				"メモ":"",
				"_markerType": "Icon",
				"_iconUrl": "https://maps.gsi.go.jp/portal/sys/v4/symbols/826.png",
				"_iconSize": [
					16,
					16
				],
				"_iconAnchor": [
					8,
					8
				]
			}
		},
		{
			"type": "Feature",
			"geometry": {
				"type": "Point",
				"coordinates": [
					 136.7815,
					 35.4334
				]
			},
			"properties": {
				"name": "JA/GF-204(金華山)",
				"読み":"Kinkazan",
				"標高":"329m 1pt ",
				"GL":"PM85jk",
				"市郡区":"C#1901 ",
				"登山日":"",
				"メモ":"",
				"_markerType": "Icon",
				"_iconUrl": "https://maps.gsi.go.jp/portal/sys/v4/symbols/826.png",
				"_iconSize": [
					16,
					16
				],
				"_iconAnchor": [
					8,
					8
				]
			}
		},
		{
			"type": "Feature",
			"geometry": {
				"type": "Point",
				"coordinates": [
					 136.8683,
					 35.4445
				]
			},
			"properties": {
				"name": "JA/GF-205(権現山)",
				"読み":"Gongenyama",
				"標高":"317m 1pt ",
				"GL":"PM85kk",
				"市郡区":"C#1901 / C#1913 ",
				"登山日":"",
				"メモ":"",
				"_markerType": "Icon",
				"_iconUrl": "https://maps.gsi.go.jp/portal/sys/v4/symbols/826.png",
				"_iconSize": [
					16,
					16
				],
				"_iconAnchor": [
					8,
					8
				]
			}
		},
		{
			"type": "Feature",
			"geometry": {
				"type": "Point",
				"coordinates": [
					 136.7133,
					 35.5057
				]
			},
			"properties": {
				"name": "JA/GF-206(大洞(三角点))",
				"読み":"Oobora",
				"標高":"317m 1pt ",
				"GL":"PM85im",
				"市郡区":"C#1901 ",
				"登山日":"",
				"メモ":"",
				"_markerType": "Icon",
				"_iconUrl": "https://maps.gsi.go.jp/portal/sys/v4/symbols/826.png",
				"_iconSize": [
					16,
					16
				],
				"_iconAnchor": [
					8,
					8
				]
			}
		},
		{
			"type": "Feature",
			"geometry": {
				"type": "Point",
				"coordinates": [
					 136.7636,
					 35.4994
				]
			},
			"properties": {
				"name": "JA/GF-207(如来ケ岳)",
				"読み":"Nyoraigatake",
				"標高":"276m 1pt ",
				"GL":"PM85jl",
				"市郡区":"C#1901 / C#1915 ",
				"登山日":"",
				"メモ":"",
				"_markerType": "Icon",
				"_iconUrl": "https://maps.gsi.go.jp/portal/sys/v4/symbols/826.png",
				"_iconSize": [
					16,
					16
				],
				"_iconAnchor": [
					8,
					8
				]
			}
		},
		{
			"type": "Feature",
			"geometry": {
				"type": "Point",
				"coordinates": [
					 137.6079,
					 36.3666
				]
			},
			"properties": {
				"name": "JA/GF-208(樅沢岳)",
				"読み":"Momisawadake",
				"標高":"2755m 10pt ",
				"GL":"PM86ti",
				"市郡区":"C#1903 / C#0912 ",
				"登山日":"",
				"メモ":"",
				"_markerType": "Icon",
				"_iconUrl": "https://maps.gsi.go.jp/portal/sys/v4/symbols/101.png",
				"_iconSize": [
					16,
					16
				],
				"_iconAnchor": [
					8,
					8
				]
			}
		},
		{
			"type": "Feature",
			"geometry": {
				"type": "Point",
				"coordinates": [
					 137.4214,
					 35.9367
				]
			},
			"properties": {
				"name": "JA/GF-209(三間山)",
				"読み":"Sangenyama",
				"標高":"1800m 10pt ",
				"GL":"PM85rw",
				"市郡区":"C#1920 ",
				"登山日":"",
				"メモ":"",
				"_markerType": "Icon",
				"_iconUrl": "https://maps.gsi.go.jp/portal/sys/v4/symbols/101.png",
				"_iconSize": [
					16,
					16
				],
				"_iconAnchor": [
					8,
					8
				]
			}
		},
		{
			"type": "Feature",
			"geometry": {
				"type": "Point",
				"coordinates": [
					 136.9442,
					 36.1778
				]
			},
			"properties": {
				"name": "JA/GF-210(点1760)",
				"読み":"JA/GF-210",
				"標高":"1760m 10pt ",
				"GL":"PM86le",
				"市郡区":"G#19005G / C#1903 ",
				"登山日":"",
				"メモ":"",
				"_markerType": "Icon",
				"_iconUrl": "https://maps.gsi.go.jp/portal/sys/v4/symbols/101.png",
				"_iconSize": [
					16,
					16
				],
				"_iconAnchor": [
					8,
					8
				]
			}
		},
		{
			"type": "Feature",
			"geometry": {
				"type": "Point",
				"coordinates": [
					 136.8517,
					 36.2773
				]
			},
			"properties": {
				"name": "JA/GF-211(二重滝(三角点))",
				"読み":"Nijyudaki",
				"標高":"1441m 8pt ",
				"GL":"PM86kg",
				"市郡区":"G#19005G ",
				"登山日":"",
				"メモ":"",
				"_markerType": "Icon",
				"_iconUrl": "https://maps.gsi.go.jp/portal/sys/v4/symbols/104.png",
				"_iconSize": [
					16,
					16
				],
				"_iconAnchor": [
					8,
					8
				]
			}
		},
		{
			"type": "Feature",
			"geometry": {
				"type": "Point",
				"coordinates": [
					 136.9496,
					 36.2657
				]
			},
			"properties": {
				"name": "JA/GF-212(ソウレ山)",
				"読み":"Soureyama",
				"標高":"1433m 8pt ",
				"GL":"PM86lg",
				"市郡区":"G#19005G ",
				"登山日":"",
				"メモ":"",
				"_markerType": "Icon",
				"_iconUrl": "https://maps.gsi.go.jp/portal/sys/v4/symbols/104.png",
				"_iconSize": [
					16,
					16
				],
				"_iconAnchor": [
					8,
					8
				]
			}
		},
		{
			"type": "Feature",
			"geometry": {
				"type": "Point",
				"coordinates": [
					 137.4161,
					 36.0637
				]
			},
			"properties": {
				"name": "JA/GF-213(秋神権現山)",
				"読み":"Akigamigongensan",
				"標高":"1415m 8pt ",
				"GL":"PM86qb",
				"市郡区":"C#1903 ",
				"登山日":"",
				"メモ":"",
				"_markerType": "Icon",
				"_iconUrl": "https://maps.gsi.go.jp/portal/sys/v4/symbols/104.png",
				"_iconSize": [
					16,
					16
				],
				"_iconAnchor": [
					8,
					8
				]
			}
		},
		{
			"type": "Feature",
			"geometry": {
				"type": "Point",
				"coordinates": [
					 137.3996,
					 36.1117
				]
			},
			"properties": {
				"name": "JA/GF-214(六方山)",
				"読み":"Roppouzan",
				"標高":"1403m 8pt ",
				"GL":"PM86qc",
				"市郡区":"C#1903 ",
				"登山日":"",
				"メモ":"",
				"_markerType": "Icon",
				"_iconUrl": "https://maps.gsi.go.jp/portal/sys/v4/symbols/104.png",
				"_iconSize": [
					16,
					16
				],
				"_iconAnchor": [
					8,
					8
				]
			}
		},
		{
			"type": "Feature",
			"geometry": {
				"type": "Point",
				"coordinates": [
					 137.3123,
					 35.9414
				]
			},
			"properties": {
				"name": "JA/GF-215(大沢上山)",
				"読み":"Oozoreyama",
				"標高":"1367m 8pt ",
				"GL":"PM85pw",
				"市郡区":"C#1920 ",
				"登山日":"",
				"メモ":"",
				"_markerType": "Icon",
				"_iconUrl": "https://maps.gsi.go.jp/portal/sys/v4/symbols/104.png",
				"_iconSize": [
					16,
					16
				],
				"_iconAnchor": [
					8,
					8
				]
			}
		},
		{
			"type": "Feature",
			"geometry": {
				"type": "Point",
				"coordinates": [
					 136.9601,
					 35.9813
				]
			},
			"properties": {
				"name": "JA/GF-216(見当山)",
				"読み":"Kentouzan",
				"標高":"1352m 8pt ",
				"GL":"PM85lx",
				"市郡区":"C#1903 ",
				"登山日":"",
				"メモ":"",
				"_markerType": "Icon",
				"_iconUrl": "https://maps.gsi.go.jp/portal/sys/v4/symbols/104.png",
				"_iconSize": [
					16,
					16
				],
				"_iconAnchor": [
					8,
					8
				]
			}
		},
		{
			"type": "Feature",
			"geometry": {
				"type": "Point",
				"coordinates": [
					 137.268,
					 36.3379
				]
			},
			"properties": {
				"name": "JA/GF-217(大洞山近傍)",
				"読み":"Near_Ooborayama",
				"標高":"1351m 8pt ",
				"GL":"PM86pi",
				"市郡区":"C#1917 ",
				"登山日":"",
				"メモ":"",
				"_markerType": "Icon",
				"_iconUrl": "https://maps.gsi.go.jp/portal/sys/v4/symbols/104.png",
				"_iconSize": [
					16,
					16
				],
				"_iconAnchor": [
					8,
					8
				]
			}
		},
		{
			"type": "Feature",
			"geometry": {
				"type": "Point",
				"coordinates": [
					 137.4646,
					 36.0371
				]
			},
			"properties": {
				"name": "JA/GF-218(大古井(三角点))",
				"読み":"Oofurui",
				"標高":"1349m 8pt ",
				"GL":"PM86ra",
				"市郡区":"C#1903 ",
				"登山日":"",
				"メモ":"",
				"_markerType": "Icon",
				"_iconUrl": "https://maps.gsi.go.jp/portal/sys/v4/symbols/104.png",
				"_iconSize": [
					16,
					16
				],
				"_iconAnchor": [
					8,
					8
				]
			}
		},
		{
			"type": "Feature",
			"geometry": {
				"type": "Point",
				"coordinates": [
					 137.4086,
					 36.0495
				]
			},
			"properties": {
				"name": "JA/GF-219(棚洞山)",
				"読み":"Tanaborayama",
				"標高":"1320m 8pt ",
				"GL":"PM86qb",
				"市郡区":"C#1903 ",
				"登山日":"",
				"メモ":"",
				"_markerType": "Icon",
				"_iconUrl": "https://maps.gsi.go.jp/portal/sys/v4/symbols/104.png",
				"_iconSize": [
					16,
					16
				],
				"_iconAnchor": [
					8,
					8
				]
			}
		},
		{
			"type": "Feature",
			"geometry": {
				"type": "Point",
				"coordinates": [
					 137.3366,
					 36.0645
				]
			},
			"properties": {
				"name": "JA/GF-220(黒手山)",
				"読み":"Kuroteyama",
				"標高":"1316m 8pt ",
				"GL":"PM86qb",
				"市郡区":"C#1903 ",
				"登山日":"",
				"メモ":"",
				"_markerType": "Icon",
				"_iconUrl": "https://maps.gsi.go.jp/portal/sys/v4/symbols/104.png",
				"_iconSize": [
					16,
					16
				],
				"_iconAnchor": [
					8,
					8
				]
			}
		},
		{
			"type": "Feature",
			"geometry": {
				"type": "Point",
				"coordinates": [
					 137.3764,
					 36.1129
				]
			},
			"properties": {
				"name": "JA/GF-221(大向(三角点))",
				"読み":"Oomukai",
				"標高":"1316m 8pt ",
				"GL":"PM86qc",
				"市郡区":"C#1903 ",
				"登山日":"",
				"メモ":"",
				"_markerType": "Icon",
				"_iconUrl": "https://maps.gsi.go.jp/portal/sys/v4/symbols/104.png",
				"_iconSize": [
					16,
					16
				],
				"_iconAnchor": [
					8,
					8
				]
			}
		},
		{
			"type": "Feature",
			"geometry": {
				"type": "Point",
				"coordinates": [
					 136.4458,
					 35.7726
				]
			},
			"properties": {
				"name": "JA/GF-222(若丸山)",
				"読み":"Wakamaruyama",
				"標高":"1286m 8pt ",
				"GL":"PM85fs",
				"市郡区":"G#19003B / C#2905 ",
				"登山日":"",
				"メモ":"",
				"_markerType": "Icon",
				"_iconUrl": "https://maps.gsi.go.jp/portal/sys/v4/symbols/104.png",
				"_iconSize": [
					16,
					16
				],
				"_iconAnchor": [
					8,
					8
				]
			}
		},
		{
			"type": "Feature",
			"geometry": {
				"type": "Point",
				"coordinates": [
					 136.6864,
					 35.7315
				]
			},
			"properties": {
				"name": "JA/GF-223(小母倉(三角点))",
				"読み":"Kobokura",
				"標高":"1182m 8pt ",
				"GL":"PM85ir",
				"市郡区":"C#1918 / C#1905 ",
				"登山日":"",
				"メモ":"",
				"_markerType": "Icon",
				"_iconUrl": "https://maps.gsi.go.jp/portal/sys/v4/symbols/104.png",
				"_iconSize": [
					16,
					16
				],
				"_iconAnchor": [
					8,
					8
				]
			}
		},
		{
			"type": "Feature",
			"geometry": {
				"type": "Point",
				"coordinates": [
					 137.2748,
					 36.2832
				]
			},
			"properties": {
				"name": "JA/GF-224(戸谷（三角点近傍）)",
				"読み":"Near_Toya",
				"標高":"1140m 8pt ",
				"GL":"PM86pg",
				"市郡区":"C#1903 / C#1917 ",
				"登山日":"",
				"メモ":"",
				"_markerType": "Icon",
				"_iconUrl": "https://maps.gsi.go.jp/portal/sys/v4/symbols/104.png",
				"_iconSize": [
					16,
					16
				],
				"_iconAnchor": [
					8,
					8
				]
			}
		},
		{
			"type": "Feature",
			"geometry": {
				"type": "Point",
				"coordinates": [
					 137.0761,
					 35.8252
				]
			},
			"properties": {
				"name": "JA/GF-225(折洞(三角点))",
				"読み":"Orihora",
				"標高":"1110m 8pt ",
				"GL":"PM85mt",
				"市郡区":"C#1919 ",
				"登山日":"",
				"メモ":"",
				"_markerType": "Icon",
				"_iconUrl": "https://maps.gsi.go.jp/portal/sys/v4/symbols/104.png",
				"_iconSize": [
					16,
					16
				],
				"_iconAnchor": [
					8,
					8
				]
			}
		},
		{
			"type": "Feature",
			"geometry": {
				"type": "Point",
				"coordinates": [
					 136.3586,
					 35.6495
				]
			},
			"properties": {
				"name": "JA/GF-226(点1090)",
				"読み":"JA/GF-226",
				"標高":"1090m 6pt ",
				"GL":"PM85ep",
				"市郡区":"G#19003B ",
				"登山日":"",
				"メモ":"",
				"_markerType": "Icon",
				"_iconUrl": "https://maps.gsi.go.jp/portal/sys/v4/symbols/103.png",
				"_iconSize": [
					16,
					16
				],
				"_iconAnchor": [
					8,
					8
				]
			}
		},
		{
			"type": "Feature",
			"geometry": {
				"type": "Point",
				"coordinates": [
					 137.248,
					 36.0664
				]
			},
			"properties": {
				"name": "JA/GF-227(洞山(三角点))",
				"読み":"Horayama",
				"標高":"1089m 6pt ",
				"GL":"PM86ob",
				"市郡区":"C#1903 ",
				"登山日":"",
				"メモ":"",
				"_markerType": "Icon",
				"_iconUrl": "https://maps.gsi.go.jp/portal/sys/v4/symbols/103.png",
				"_iconSize": [
					16,
					16
				],
				"_iconAnchor": [
					8,
					8
				]
			}
		},
		{
			"type": "Feature",
			"geometry": {
				"type": "Point",
				"coordinates": [
					 136.7793,
					 35.6685
				]
			},
			"properties": {
				"name": "JA/GF-228(大洞(三角点))",
				"読み":"Oobora",
				"標高":"1089m 6pt ",
				"GL":"PM85jq",
				"市郡区":"C#1905 ",
				"登山日":"",
				"メモ":"",
				"_markerType": "Icon",
				"_iconUrl": "https://maps.gsi.go.jp/portal/sys/v4/symbols/103.png",
				"_iconSize": [
					16,
					16
				],
				"_iconAnchor": [
					8,
					8
				]
			}
		},
		{
			"type": "Feature",
			"geometry": {
				"type": "Point",
				"coordinates": [
					 136.3174,
					 35.6249
				]
			},
			"properties": {
				"name": "JA/GF-229(三ツ又（三角点近傍）)",
				"読み":"Near_Mitsumata",
				"標高":"1070m 6pt ",
				"GL":"PM85do",
				"市郡区":"G#19003B / C#2303 ",
				"登山日":"",
				"メモ":"",
				"_markerType": "Icon",
				"_iconUrl": "https://maps.gsi.go.jp/portal/sys/v4/symbols/103.png",
				"_iconSize": [
					16,
					16
				],
				"_iconAnchor": [
					8,
					8
				]
			}
		},
		{
			"type": "Feature",
			"geometry": {
				"type": "Point",
				"coordinates": [
					 137.2002,
					 35.8483
				]
			},
			"properties": {
				"name": "JA/GF-230(行水洞(三角点))",
				"読み":"Gyozuibora",
				"標高":"1069m 6pt ",
				"GL":"PM85ou",
				"市郡区":"C#1920 ",
				"登山日":"",
				"メモ":"",
				"_markerType": "Icon",
				"_iconUrl": "https://maps.gsi.go.jp/portal/sys/v4/symbols/103.png",
				"_iconSize": [
					16,
					16
				],
				"_iconAnchor": [
					8,
					8
				]
			}
		},
		{
			"type": "Feature",
			"geometry": {
				"type": "Point",
				"coordinates": [
					 136.5619,
					 35.5993
				]
			},
			"properties": {
				"name": "JA/GF-231(月夜谷山(三角点))",
				"読み":"Tsukiyodaniyama",
				"標高":"1066m 6pt ",
				"GL":"PM85go",
				"市郡区":"C#1918 / G#19003B ",
				"登山日":"",
				"メモ":"",
				"_markerType": "Icon",
				"_iconUrl": "https://maps.gsi.go.jp/portal/sys/v4/symbols/103.png",
				"_iconSize": [
					16,
					16
				],
				"_iconAnchor": [
					8,
					8
				]
			}
		},
		{
			"type": "Feature",
			"geometry": {
				"type": "Point",
				"coordinates": [
					 136.4717,
					 35.521
				]
			},
			"properties": {
				"name": "JA/GF-232(点1050)",
				"読み":"JA/GF-232",
				"標高":"1050m 6pt ",
				"GL":"PM85fm",
				"市郡区":"G#19003B ",
				"登山日":"",
				"メモ":"",
				"_markerType": "Icon",
				"_iconUrl": "https://maps.gsi.go.jp/portal/sys/v4/symbols/103.png",
				"_iconSize": [
					16,
					16
				],
				"_iconAnchor": [
					8,
					8
				]
			}
		},
		{
			"type": "Feature",
			"geometry": {
				"type": "Point",
				"coordinates": [
					 136.8447,
					 35.7678
				]
			},
			"properties": {
				"name": "JA/GF-233(馬瀬（三角点近傍）)",
				"読み":"Near_Umase",
				"標高":"990m 6pt ",
				"GL":"PM85ks",
				"市郡区":"C#1919 / C#1915 ",
				"登山日":"",
				"メモ":"",
				"_markerType": "Icon",
				"_iconUrl": "https://maps.gsi.go.jp/portal/sys/v4/symbols/103.png",
				"_iconSize": [
					16,
					16
				],
				"_iconAnchor": [
					8,
					8
				]
			}
		},
		{
			"type": "Feature",
			"geometry": {
				"type": "Point",
				"coordinates": [
					 137.3967,
					 35.6624
				]
			},
			"properties": {
				"name": "JA/GF-234(津賀立(三角点))",
				"読み":"Tsugadate",
				"標高":"984m 6pt ",
				"GL":"PM85qp",
				"市郡区":"G#19008D / C#1906 ",
				"登山日":"",
				"メモ":"",
				"_markerType": "Icon",
				"_iconUrl": "https://maps.gsi.go.jp/portal/sys/v4/symbols/103.png",
				"_iconSize": [
					16,
					16
				],
				"_iconAnchor": [
					8,
					8
				]
			}
		},
		{
			"type": "Feature",
			"geometry": {
				"type": "Point",
				"coordinates": [
					 137.2844,
					 36.193
				]
			},
			"properties": {
				"name": "JA/GF-235(岩崎(三角点))",
				"読み":"Iwasaki",
				"標高":"946m 6pt ",
				"GL":"PM86pe",
				"市郡区":"C#1903 ",
				"登山日":"",
				"メモ":"",
				"_markerType": "Icon",
				"_iconUrl": "https://maps.gsi.go.jp/portal/sys/v4/symbols/103.png",
				"_iconSize": [
					16,
					16
				],
				"_iconAnchor": [
					8,
					8
				]
			}
		},
		{
			"type": "Feature",
			"geometry": {
				"type": "Point",
				"coordinates": [
					 136.5986,
					 35.5967
				]
			},
			"properties": {
				"name": "JA/GF-236(魚金山)",
				"読み":"Youkinyama",
				"標高":"940m 6pt ",
				"GL":"PM85ho",
				"市郡区":"C#1918 ",
				"登山日":"",
				"メモ":"",
				"_markerType": "Icon",
				"_iconUrl": "https://maps.gsi.go.jp/portal/sys/v4/symbols/103.png",
				"_iconSize": [
					16,
					16
				],
				"_iconAnchor": [
					8,
					8
				]
			}
		},
		{
			"type": "Feature",
			"geometry": {
				"type": "Point",
				"coordinates": [
					 136.5949,
					 35.6796
				]
			},
			"properties": {
				"name": "JA/GF-237(倉見(三角点))",
				"読み":"Kurami",
				"標高":"927m 6pt ",
				"GL":"PM85hq",
				"市郡区":"C#1918 ",
				"登山日":"",
				"メモ":"",
				"_markerType": "Icon",
				"_iconUrl": "https://maps.gsi.go.jp/portal/sys/v4/symbols/103.png",
				"_iconSize": [
					16,
					16
				],
				"_iconAnchor": [
					8,
					8
				]
			}
		},
		{
			"type": "Feature",
			"geometry": {
				"type": "Point",
				"coordinates": [
					 137.1563,
					 36.231
				]
			},
			"properties": {
				"name": "JA/GF-238(平岩(三角点))",
				"読み":"Hiraiwa",
				"標高":"910m 6pt ",
				"GL":"PM86nf",
				"市郡区":"C#1917 ",
				"登山日":"",
				"メモ":"",
				"_markerType": "Icon",
				"_iconUrl": "https://maps.gsi.go.jp/portal/sys/v4/symbols/103.png",
				"_iconSize": [
					16,
					16
				],
				"_iconAnchor": [
					8,
					8
				]
			}
		},
		{
			"type": "Feature",
			"geometry": {
				"type": "Point",
				"coordinates": [
					 137.2767,
					 35.7606
				]
			},
			"properties": {
				"name": "JA/GF-239(野滝山)",
				"読み":"Notakiyama",
				"標高":"881m 6pt ",
				"GL":"PM85ps",
				"市郡区":"C#1920 ",
				"登山日":"",
				"メモ":"",
				"_markerType": "Icon",
				"_iconUrl": "https://maps.gsi.go.jp/portal/sys/v4/symbols/103.png",
				"_iconSize": [
					16,
					16
				],
				"_iconAnchor": [
					8,
					8
				]
			}
		},
		{
			"type": "Feature",
			"geometry": {
				"type": "Point",
				"coordinates": [
					 136.4334,
					 35.2282
				]
			},
			"properties": {
				"name": "JA/GF-240(烏帽子岳)",
				"読み":"Eboshidake",
				"標高":"870m 6pt ",
				"GL":"PM85ff",
				"市郡区":"C#1902 / C#2115 ",
				"登山日":"",
				"メモ":"",
				"_markerType": "Icon",
				"_iconUrl": "https://maps.gsi.go.jp/portal/sys/v4/symbols/103.png",
				"_iconSize": [
					16,
					16
				],
				"_iconAnchor": [
					8,
					8
				]
			}
		},
		{
			"type": "Feature",
			"geometry": {
				"type": "Point",
				"coordinates": [
					 136.9123,
					 35.7541
				]
			},
			"properties": {
				"name": "JA/GF-241(有坂（三角点近傍）)",
				"読み":"Near_Arisaka",
				"標高":"830m 4pt ",
				"GL":"PM85ks",
				"市郡区":"C#1919 ",
				"登山日":"",
				"メモ":"",
				"_markerType": "Icon",
				"_iconUrl": "https://maps.gsi.go.jp/portal/sys/v4/symbols/828.png",
				"_iconSize": [
					16,
					16
				],
				"_iconAnchor": [
					8,
					8
				]
			}
		},
		{
			"type": "Feature",
			"geometry": {
				"type": "Point",
				"coordinates": [
					 136.8148,
					 35.7227
				]
			},
			"properties": {
				"name": "JA/GF-242(点790)",
				"読み":"JA/GF-242",
				"標高":"790m 4pt ",
				"GL":"PM85jr",
				"市郡区":"C#1905 ",
				"登山日":"",
				"メモ":"",
				"_markerType": "Icon",
				"_iconUrl": "https://maps.gsi.go.jp/portal/sys/v4/symbols/828.png",
				"_iconSize": [
					16,
					16
				],
				"_iconAnchor": [
					8,
					8
				]
			}
		},
		{
			"type": "Feature",
			"geometry": {
				"type": "Point",
				"coordinates": [
					 137.2213,
					 35.7322
				]
			},
			"properties": {
				"name": "JA/GF-243(吐月峰)",
				"読み":"Togeppou",
				"標高":"775m 4pt ",
				"GL":"PM85or",
				"市郡区":"C#1920 ",
				"登山日":"",
				"メモ":"",
				"_markerType": "Icon",
				"_iconUrl": "https://maps.gsi.go.jp/portal/sys/v4/symbols/828.png",
				"_iconSize": [
					16,
					16
				],
				"_iconAnchor": [
					8,
					8
				]
			}
		},
		{
			"type": "Feature",
			"geometry": {
				"type": "Point",
				"coordinates": [
					 136.8866,
					 36.2998
				]
			},
			"properties": {
				"name": "JA/GF-244(内ヶ戸(三角点))",
				"読み":"Uchigato",
				"標高":"765m 4pt ",
				"GL":"PM86kh",
				"市郡区":"G#19005G ",
				"登山日":"",
				"メモ":"",
				"_markerType": "Icon",
				"_iconUrl": "https://maps.gsi.go.jp/portal/sys/v4/symbols/828.png",
				"_iconSize": [
					16,
					16
				],
				"_iconAnchor": [
					8,
					8
				]
			}
		},
		{
			"type": "Feature",
			"geometry": {
				"type": "Point",
				"coordinates": [
					 136.9266,
					 35.7074
				]
			},
			"properties": {
				"name": "JA/GF-245(西乙原(三角点))",
				"読み":"Nishinohara",
				"標高":"733m 4pt ",
				"GL":"PM85lq",
				"市郡区":"C#1919 ",
				"登山日":"",
				"メモ":"",
				"_markerType": "Icon",
				"_iconUrl": "https://maps.gsi.go.jp/portal/sys/v4/symbols/828.png",
				"_iconSize": [
					16,
					16
				],
				"_iconAnchor": [
					8,
					8
				]
			}
		},
		{
			"type": "Feature",
			"geometry": {
				"type": "Point",
				"coordinates": [
					 137.1971,
					 35.5639
				]
			},
			"properties": {
				"name": "JA/GF-246(河岐(三角点))",
				"読み":"Kawamata",
				"標高":"716m 4pt ",
				"GL":"PM85on",
				"市郡区":"G#19008E ",
				"登山日":"",
				"メモ":"",
				"_markerType": "Icon",
				"_iconUrl": "https://maps.gsi.go.jp/portal/sys/v4/symbols/828.png",
				"_iconSize": [
					16,
					16
				],
				"_iconAnchor": [
					8,
					8
				]
			}
		},
		{
			"type": "Feature",
			"geometry": {
				"type": "Point",
				"coordinates": [
					 137.1992,
					 35.6957
				]
			},
			"properties": {
				"name": "JA/GF-247(峠洞(三角点))",
				"読み":"Tougebora",
				"標高":"700m 4pt ",
				"GL":"PM85oq",
				"市郡区":"C#1920 ",
				"登山日":"",
				"メモ":"",
				"_markerType": "Icon",
				"_iconUrl": "https://maps.gsi.go.jp/portal/sys/v4/symbols/828.png",
				"_iconSize": [
					16,
					16
				],
				"_iconAnchor": [
					8,
					8
				]
			}
		},
		{
			"type": "Feature",
			"geometry": {
				"type": "Point",
				"coordinates": [
					 137.0723,
					 35.6862
				]
			},
			"properties": {
				"name": "JA/GF-248(点700)",
				"読み":"JA/GF-248",
				"標高":"700m 4pt ",
				"GL":"PM85mq",
				"市郡区":"C#1920 / C#1905 ",
				"登山日":"",
				"メモ":"",
				"_markerType": "Icon",
				"_iconUrl": "https://maps.gsi.go.jp/portal/sys/v4/symbols/828.png",
				"_iconSize": [
					16,
					16
				],
				"_iconAnchor": [
					8,
					8
				]
			}
		},
		{
			"type": "Feature",
			"geometry": {
				"type": "Point",
				"coordinates": [
					 136.7886,
					 35.6159
				]
			},
			"properties": {
				"name": "JA/GF-249(相戸岳)",
				"読み":"Aidodake",
				"標高":"671m 4pt ",
				"GL":"PM85jo",
				"市郡区":"C#1915 ",
				"登山日":"",
				"メモ":"",
				"_markerType": "Icon",
				"_iconUrl": "https://maps.gsi.go.jp/portal/sys/v4/symbols/828.png",
				"_iconSize": [
					16,
					16
				],
				"_iconAnchor": [
					8,
					8
				]
			}
		},
		{
			"type": "Feature",
			"geometry": {
				"type": "Point",
				"coordinates": [
					 137.1557,
					 35.6145
				]
			},
			"properties": {
				"name": "JA/GF-250(点663)",
				"読み":"P663",
				"標高":"663m 4pt ",
				"GL":"PM85no",
				"市郡区":"G#19008E / G#19008F ",
				"登山日":"",
				"メモ":"",
				"_markerType": "Icon",
				"_iconUrl": "https://maps.gsi.go.jp/portal/sys/v4/symbols/828.png",
				"_iconSize": [
					16,
					16
				],
				"_iconAnchor": [
					8,
					8
				]
			}
		},
		{
			"type": "Feature",
			"geometry": {
				"type": "Point",
				"coordinates": [
					 137.1196,
					 35.6203
				]
			},
			"properties": {
				"name": "JA/GF-251(点650)",
				"読み":"P650",
				"標高":"650m 4pt ",
				"GL":"PM85no",
				"市郡区":"G#19008F ",
				"登山日":"",
				"メモ":"",
				"_markerType": "Icon",
				"_iconUrl": "https://maps.gsi.go.jp/portal/sys/v4/symbols/828.png",
				"_iconSize": [
					16,
					16
				],
				"_iconAnchor": [
					8,
					8
				]
			}
		},
		{
			"type": "Feature",
			"geometry": {
				"type": "Point",
				"coordinates": [
					 137.2924,
					 35.4359
				]
			},
			"properties": {
				"name": "JA/GF-252(本陣山)",
				"読み":"Honjinyama",
				"標高":"633m 2pt ",
				"GL":"PM85pk",
				"市郡区":"C#1908 ",
				"登山日":"",
				"メモ":"",
				"_markerType": "Icon",
				"_iconUrl": "https://maps.gsi.go.jp/portal/sys/v4/symbols/102.png",
				"_iconSize": [
					16,
					16
				],
				"_iconAnchor": [
					8,
					8
				]
			}
		},
		{
			"type": "Feature",
			"geometry": {
				"type": "Point",
				"coordinates": [
					 136.9626,
					 35.7287
				]
			},
			"properties": {
				"name": "JA/GF-253(白山２(三角点))",
				"読み":"Hakusan2",
				"標高":"618m 2pt ",
				"GL":"PM85lr",
				"市郡区":"C#1919 ",
				"登山日":"",
				"メモ":"",
				"_markerType": "Icon",
				"_iconUrl": "https://maps.gsi.go.jp/portal/sys/v4/symbols/102.png",
				"_iconSize": [
					16,
					16
				],
				"_iconAnchor": [
					8,
					8
				]
			}
		},
		{
			"type": "Feature",
			"geometry": {
				"type": "Point",
				"coordinates": [
					 137.2261,
					 35.6531
				]
			},
			"properties": {
				"name": "JA/GF-254(滝場（三角点近傍）)",
				"読み":"Near_Takiba",
				"標高":"610m 2pt ",
				"GL":"PM85op",
				"市郡区":"G#19008E ",
				"登山日":"",
				"メモ":"",
				"_markerType": "Icon",
				"_iconUrl": "https://maps.gsi.go.jp/portal/sys/v4/symbols/102.png",
				"_iconSize": [
					16,
					16
				],
				"_iconAnchor": [
					8,
					8
				]
			}
		},
		{
			"type": "Feature",
			"geometry": {
				"type": "Point",
				"coordinates": [
					 137.1385,
					 35.6567
				]
			},
			"properties": {
				"name": "JA/GF-255(長洞(三角点))",
				"読み":"Nagahora",
				"標高":"565m 2pt ",
				"GL":"PM85np",
				"市郡区":"C#1920 ",
				"登山日":"",
				"メモ":"",
				"_markerType": "Icon",
				"_iconUrl": "https://maps.gsi.go.jp/portal/sys/v4/symbols/102.png",
				"_iconSize": [
					16,
					16
				],
				"_iconAnchor": [
					8,
					8
				]
			}
		},
		{
			"type": "Feature",
			"geometry": {
				"type": "Point",
				"coordinates": [
					 137.0908,
					 35.6313
				]
			},
			"properties": {
				"name": "JA/GF-256(少合峠近傍)",
				"読み":"Near_Shoaitouge",
				"標高":"550m 2pt ",
				"GL":"PM85np",
				"市郡区":"G#19008F / C#1905 / C#1920",
				"登山日":"",
				"メモ":"",
				"_markerType": "Icon",
				"_iconUrl": "https://maps.gsi.go.jp/portal/sys/v4/symbols/102.png",
				"_iconSize": [
					16,
					16
				],
				"_iconAnchor": [
					8,
					8
				]
			}
		},
		{
			"type": "Feature",
			"geometry": {
				"type": "Point",
				"coordinates": [
					 136.8883,
					 35.5574
				]
			},
			"properties": {
				"name": "JA/GF-257(誕生山)",
				"読み":"Tanjyoyama",
				"標高":"501m 2pt ",
				"GL":"PM85kn",
				"市郡区":"C#1907 ",
				"登山日":"",
				"メモ":"",
				"_markerType": "Icon",
				"_iconUrl": "https://maps.gsi.go.jp/portal/sys/v4/symbols/102.png",
				"_iconSize": [
					16,
					16
				],
				"_iconAnchor": [
					8,
					8
				]
			}
		},
		{
			"type": "Feature",
			"geometry": {
				"type": "Point",
				"coordinates": [
					 137.1611,
					 35.65
				]
			},
			"properties": {
				"name": "JA/GF-258(点420)",
				"読み":"P420",
				"標高":"420m 1pt ",
				"GL":"PM85np",
				"市郡区":"C#1920 ",
				"登山日":"",
				"メモ":"",
				"_markerType": "Icon",
				"_iconUrl": "https://maps.gsi.go.jp/portal/sys/v4/symbols/826.png",
				"_iconSize": [
					16,
					16
				],
				"_iconAnchor": [
					8,
					8
				]
			}
		},
		{
			"type": "Feature",
			"geometry": {
				"type": "Point",
				"coordinates": [
					 137.0691,
					 35.3467
				]
			},
			"properties": {
				"name": "JA/GF-259(高杜山)",
				"読み":"Takayashiroyama",
				"標高":"416m 1pt ",
				"GL":"PM85mi",
				"市郡区":"C#1904 ",
				"登山日":"",
				"メモ":"",
				"_markerType": "Icon",
				"_iconUrl": "https://maps.gsi.go.jp/portal/sys/v4/symbols/826.png",
				"_iconSize": [
					16,
					16
				],
				"_iconAnchor": [
					8,
					8
				]
			}
		},
		{
			"type": "Feature",
			"geometry": {
				"type": "Point",
				"coordinates": [
					 137.0199,
					 35.5158
				]
			},
			"properties": {
				"name": "JA/GF-260(大平山)",
				"読み":"Oohirayama",
				"標高":"380m 1pt ",
				"GL":"PM85mm",
				"市郡区":"C#1911 ",
				"登山日":"",
				"メモ":"",
				"_markerType": "Icon",
				"_iconUrl": "https://maps.gsi.go.jp/portal/sys/v4/symbols/826.png",
				"_iconSize": [
					16,
					16
				],
				"_iconAnchor": [
					8,
					8
				]
			}
		},
		{
			"type": "Feature",
			"geometry": {
				"type": "Point",
				"coordinates": [
					 137.0207,
					 35.5763
				]
			},
			"properties": {
				"name": "JA/GF-261(大加山)",
				"読み":"Ookayama",
				"標高":"359m 1pt ",
				"GL":"PM85mn",
				"市郡区":"C#1905 ",
				"登山日":"",
				"メモ":"",
				"_markerType": "Icon",
				"_iconUrl": "https://maps.gsi.go.jp/portal/sys/v4/symbols/826.png",
				"_iconSize": [
					16,
					16
				],
				"_iconAnchor": [
					8,
					8
				]
			}
		},
		{
			"type": "Feature",
			"geometry": {
				"type": "Point",
				"coordinates": [
					 137.0354,
					 35.509
				]
			},
			"properties": {
				"name": "JA/GF-262(富士山)",
				"読み":"Fujiyama",
				"標高":"357m 1pt ",
				"GL":"PM85mm",
				"市郡区":"C#1911 ",
				"登山日":"",
				"メモ":"",
				"_markerType": "Icon",
				"_iconUrl": "https://maps.gsi.go.jp/portal/sys/v4/symbols/826.png",
				"_iconSize": [
					16,
					16
				],
				"_iconAnchor": [
					8,
					8
				]
			}
		},
		{
			"type": "Feature",
			"geometry": {
				"type": "Point",
				"coordinates": [
					 137.0229,
					 35.5036
				]
			},
			"properties": {
				"name": "JA/GF-263(高木山)",
				"読み":"Takagiyama",
				"標高":"344m 1pt ",
				"GL":"PM85mm",
				"市郡区":"C#1911 ",
				"登山日":"",
				"メモ":"",
				"_markerType": "Icon",
				"_iconUrl": "https://maps.gsi.go.jp/portal/sys/v4/symbols/826.png",
				"_iconSize": [
					16,
					16
				],
				"_iconAnchor": [
					8,
					8
				]
			}
		},
		{
			"type": "Feature",
			"geometry": {
				"type": "Point",
				"coordinates": [
					 136.6427,
					 35.5695
				]
			},
			"properties": {
				"name": "JA/GF-264(金原（三角点近傍）)",
				"読み":"Near_Kinbara",
				"標高":"320m 1pt ",
				"GL":"PM85hn",
				"市郡区":"C#1918 ",
				"登山日":"",
				"メモ":"",
				"_markerType": "Icon",
				"_iconUrl": "https://maps.gsi.go.jp/portal/sys/v4/symbols/826.png",
				"_iconSize": [
					16,
					16
				],
				"_iconAnchor": [
					8,
					8
				]
			}
		},
		{
			"type": "Feature",
			"geometry": {
				"type": "Point",
				"coordinates": [
					 136.9187,
					 35.5335
				]
			},
			"properties": {
				"name": "JA/GF-265(松鞍山)",
				"読み":"Matsukurayama",
				"標高":"316m 1pt ",
				"GL":"PM85lm",
				"市郡区":"C#1907 ",
				"登山日":"",
				"メモ":"",
				"_markerType": "Icon",
				"_iconUrl": "https://maps.gsi.go.jp/portal/sys/v4/symbols/826.png",
				"_iconSize": [
					16,
					16
				],
				"_iconAnchor": [
					8,
					8
				]
			}
		},
		{
			"type": "Feature",
			"geometry": {
				"type": "Point",
				"coordinates": [
					 136.9215,
					 35.4261
				]
			},
			"properties": {
				"name": "JA/GF-266(北山)",
				"読み":"Kitayama",
				"標高":"289m 1pt ",
				"GL":"PM85lk",
				"市郡区":"C#1913 ",
				"登山日":"",
				"メモ":"",
				"_markerType": "Icon",
				"_iconUrl": "https://maps.gsi.go.jp/portal/sys/v4/symbols/826.png",
				"_iconSize": [
					16,
					16
				],
				"_iconAnchor": [
					8,
					8
				]
			}
		},
		{
			"type": "Feature",
			"geometry": {
				"type": "Point",
				"coordinates": [
					 136.7515,
					 35.4763
				]
			},
			"properties": {
				"name": "JA/GF-267(城ケ峰)",
				"読み":"Jyogamine",
				"標高":"288m 1pt ",
				"GL":"PM85jl",
				"市郡区":"C#1901 ",
				"登山日":"",
				"メモ":"",
				"_markerType": "Icon",
				"_iconUrl": "https://maps.gsi.go.jp/portal/sys/v4/symbols/826.png",
				"_iconSize": [
					16,
					16
				],
				"_iconAnchor": [
					8,
					8
				]
			}
		},
		{
			"type": "Feature",
			"geometry": {
				"type": "Point",
				"coordinates": [
					 136.8247,
					 35.4386
				]
			},
			"properties": {
				"name": "JA/GF-268(岩田山)",
				"読み":"Iwatayama",
				"標高":"270m 1pt ",
				"GL":"PM85jk",
				"市郡区":"C#1901 ",
				"登山日":"",
				"メモ":"",
				"_markerType": "Icon",
				"_iconUrl": "https://maps.gsi.go.jp/portal/sys/v4/symbols/826.png",
				"_iconSize": [
					16,
					16
				],
				"_iconAnchor": [
					8,
					8
				]
			}
		},
		{
			"type": "Feature",
			"geometry": {
				"type": "Point",
				"coordinates": [
					 136.9104,
					 35.4301
				]
			},
			"properties": {
				"name": "JA/GF-269(御坊山)",
				"読み":"Gobouyama",
				"標高":"262m 1pt ",
				"GL":"PM85kk",
				"市郡区":"C#1913 ",
				"登山日":"",
				"メモ":"",
				"_markerType": "Icon",
				"_iconUrl": "https://maps.gsi.go.jp/portal/sys/v4/symbols/826.png",
				"_iconSize": [
					16,
					16
				],
				"_iconAnchor": [
					8,
					8
				]
			}
		},
		{
			"type": "Feature",
			"geometry": {
				"type": "Point",
				"coordinates": [
					 136.8294,
					 35.4298
				]
			},
			"properties": {
				"name": "JA/GF-270(三峰山近傍)",
				"読み":"Near_Mitsuminesan",
				"標高":"245m 1pt ",
				"GL":"PM85jk",
				"市郡区":"C#1901 / C#1913 ",
				"登山日":"",
				"メモ":"",
				"_markerType": "Icon",
				"_iconUrl": "https://maps.gsi.go.jp/portal/sys/v4/symbols/826.png",
				"_iconSize": [
					16,
					16
				],
				"_iconAnchor": [
					8,
					8
				]
			}
		},
		{
			"type": "Feature",
			"geometry": {
				"type": "Point",
				"coordinates": [
					 136.7692,
					 35.4775
				]
			},
			"properties": {
				"name": "JA/GF-271(眉山)",
				"読み":"Mayuyama",
				"標高":"231m 1pt ",
				"GL":"PM85jl",
				"市郡区":"C#1901 ",
				"登山日":"",
				"メモ":"",
				"_markerType": "Icon",
				"_iconUrl": "https://maps.gsi.go.jp/portal/sys/v4/symbols/826.png",
				"_iconSize": [
					16,
					16
				],
				"_iconAnchor": [
					8,
					8
				]
			}
		},
		{
			"type": "Feature",
			"geometry": {
				"type": "Point",
				"coordinates": [
					 136.7117,
					 35.4791
				]
			},
			"properties": {
				"name": "JA/GF-272(御望山)",
				"読み":"Gomoyama",
				"標高":"225m 1pt ",
				"GL":"PM85il",
				"市郡区":"C#1901 ",
				"登山日":"",
				"メモ":"",
				"_markerType": "Icon",
				"_iconUrl": "https://maps.gsi.go.jp/portal/sys/v4/symbols/826.png",
				"_iconSize": [
					16,
					16
				],
				"_iconAnchor": [
					8,
					8
				]
			}
		},
		{
			"type": "Feature",
			"geometry": {
				"type": "Point",
				"coordinates": [
					 137.171677,
					 35.802539
				]
			},
			"properties": {
				"name": "JA/GF-273(桂畑（三角点）)",
				"読み":"Katsurabata",
				"標高":"888m 6pt ",
				"GL":"PM85ot",
				"市郡区":"C#1920 ",
				"登山日":"",
				"メモ":"",
				"_markerType": "Icon",
				"_iconUrl": "https://maps.gsi.go.jp/portal/sys/v4/symbols/103.png",
				"_iconSize": [
					16,
					16
				],
				"_iconAnchor": [
					8,
					8
				]
			}
		},
		{
			"type": "Feature",
			"geometry": {
				"type": "Point",
				"coordinates": [
					 137.056224,
					 35.643722
				]
			},
			"properties": {
				"name": "JA/GF-274(行合(三角点))",
				"読み":"Yukiai",
				"標高":"522m 2pt ",
				"GL":"PM85mp",
				"市郡区":"C#1905 ",
				"登山日":"",
				"メモ":"",
				"_markerType": "Icon",
				"_iconUrl": "https://maps.gsi.go.jp/portal/sys/v4/symbols/102.png",
				"_iconSize": [
					16,
					16
				],
				"_iconAnchor": [
					8,
					8
				]
			}
		},
		{
			"type": "Feature",
			"geometry": {
				"type": "Point",
				"coordinates": [
					 136.664279,
					 35.512588
				]
			},
			"properties": {
				"name": "JA/GF-275(山口(三角点))",
				"読み":"Yamaguchi",
				"標高":"297m 1pt ",
				"GL":"PM85hm",
				"市郡区":"C#1918 ",
				"登山日":"",
				"メモ":"",
				"_markerType": "Icon",
				"_iconUrl": "https://maps.gsi.go.jp/portal/sys/v4/symbols/826.png",
				"_iconSize": [
					16,
					16
				],
				"_iconAnchor": [
					8,
					8
				]
			}
		},
		{
			"type": "Feature",
			"geometry": {
				"type": "Point",
				"coordinates": [
					 136.1092,
					 34.1853
				]
			},
			"properties": {
				"name": "JA/ME-001(大台ヶ原山(日出ヶ岳))",
				"読み":"Oodaigaharazan/Hinodegatake",
				"標高":"1695m 10pt ",
				"GL":"PM84be",
				"市郡区":"G#21012C / G#24010A ",
				"登山日":"",
				"メモ":"",
				"_markerType": "Icon",
				"_iconUrl": "https://maps.gsi.go.jp/portal/sys/v4/symbols/101.png",
				"_iconSize": [
					16,
					16
				],
				"_iconAnchor": [
					8,
					8
				]
			}
		},
		{
			"type": "Feature",
			"geometry": {
				"type": "Point",
				"coordinates": [
					 136.0948,
					 34.361
				]
			},
			"properties": {
				"name": "JA/ME-002(穂高明神)",
				"読み":"Hotakamyoujin",
				"標高":"1432m 8pt ",
				"GL":"PM84bi",
				"市郡区":"C#2104 / G#24010F ",
				"登山日":"",
				"メモ":"",
				"_markerType": "Icon",
				"_iconUrl": "https://maps.gsi.go.jp/portal/sys/v4/symbols/104.png",
				"_iconSize": [
					16,
					16
				],
				"_iconAnchor": [
					8,
					8
				]
			}
		},
		{
			"type": "Feature",
			"geometry": {
				"type": "Point",
				"coordinates": [
					 136.1534,
					 34.1864
				]
			},
			"properties": {
				"name": "JA/ME-003(加茂助谷ノ頭)",
				"読み":"Kamosukedaninokashira",
				"標高":"1380m 8pt ",
				"GL":"PM84be",
				"市郡区":"G#21012C / G#21008C ",
				"登山日":"",
				"メモ":"",
				"_markerType": "Icon",
				"_iconUrl": "https://maps.gsi.go.jp/portal/sys/v4/symbols/104.png",
				"_iconSize": [
					16,
					16
				],
				"_iconAnchor": [
					8,
					8
				]
			}
		},
		{
			"type": "Feature",
			"geometry": {
				"type": "Point",
				"coordinates": [
					 136.1361,
					 34.2096
				]
			},
			"properties": {
				"name": "JA/ME-004(七ツ釜(三角点))",
				"読み":"Nanatsugama",
				"標高":"1355m 8pt ",
				"GL":"PM84bf",
				"市郡区":"G#21012C ",
				"登山日":"",
				"メモ":"",
				"_markerType": "Icon",
				"_iconUrl": "https://maps.gsi.go.jp/portal/sys/v4/symbols/104.png",
				"_iconSize": [
					16,
					16
				],
				"_iconAnchor": [
					8,
					8
				]
			}
		},
		{
			"type": "Feature",
			"geometry": {
				"type": "Point",
				"coordinates": [
					 136.2075,
					 34.3501
				]
			},
			"properties": {
				"name": "JA/ME-005(迷岳)",
				"読み":"Mayoidake",
				"標高":"1309m 8pt ",
				"GL":"PM84ci",
				"市郡区":"C#2104 / G#21012C ",
				"登山日":"",
				"メモ":"",
				"_markerType": "Icon",
				"_iconUrl": "https://maps.gsi.go.jp/portal/sys/v4/symbols/104.png",
				"_iconSize": [
					16,
					16
				],
				"_iconAnchor": [
					8,
					8
				]
			}
		},
		{
			"type": "Feature",
			"geometry": {
				"type": "Point",
				"coordinates": [
					 136.1463,
					 34.2809
				]
			},
			"properties": {
				"name": "JA/ME-006(国見山)",
				"読み":"Kunimiyama",
				"標高":"1283m 8pt ",
				"GL":"PM84bg",
				"市郡区":"G#21012C ",
				"登山日":"",
				"メモ":"",
				"_markerType": "Icon",
				"_iconUrl": "https://maps.gsi.go.jp/portal/sys/v4/symbols/104.png",
				"_iconSize": [
					16,
					16
				],
				"_iconAnchor": [
					8,
					8
				]
			}
		},
		{
			"type": "Feature",
			"geometry": {
				"type": "Point",
				"coordinates": [
					 136.163,
					 34.3222
				]
			},
			"properties": {
				"name": "JA/ME-008(江股ノ頭)",
				"読み":"Ematanokashira",
				"標高":"1270m 8pt ",
				"GL":"PM84bh",
				"市郡区":"G#21012C / C#2104 ",
				"登山日":"",
				"メモ":"",
				"_markerType": "Icon",
				"_iconUrl": "https://maps.gsi.go.jp/portal/sys/v4/symbols/104.png",
				"_iconSize": [
					16,
					16
				],
				"_iconAnchor": [
					8,
					8
				]
			}
		},
		{
			"type": "Feature",
			"geometry": {
				"type": "Point",
				"coordinates": [
					 136.0885,
					 34.4287
				]
			},
			"properties": {
				"name": "JA/ME-009(高見山)",
				"読み":"Takamiyama",
				"標高":"1248m 8pt ",
				"GL":"PM84bk",
				"市郡区":"C#2104 / G#24010L ",
				"登山日":"",
				"メモ":"",
				"_markerType": "Icon",
				"_iconUrl": "https://maps.gsi.go.jp/portal/sys/v4/symbols/104.png",
				"_iconSize": [
					16,
					16
				],
				"_iconAnchor": [
					8,
					8
				]
			}
		},
		{
			"type": "Feature",
			"geometry": {
				"type": "Point",
				"coordinates": [
					 136.2063,
					 34.4487
				]
			},
			"properties": {
				"name": "JA/ME-010(三峰山)",
				"読み":"Miuneyama",
				"標高":"1235m 8pt ",
				"GL":"PM84ck",
				"市郡区":"C#2104 / G#24002D / C#2101",
				"登山日":"",
				"メモ":"",
				"_markerType": "Icon",
				"_iconUrl": "https://maps.gsi.go.jp/portal/sys/v4/symbols/104.png",
				"_iconSize": [
					16,
					16
				],
				"_iconAnchor": [
					8,
					8
				]
			}
		},
		{
			"type": "Feature",
			"geometry": {
				"type": "Point",
				"coordinates": [
					 136.418,
					 35.0204
				]
			},
			"properties": {
				"name": "JA/ME-011(御在所山)",
				"読み":"Gozaishoyama",
				"標高":"1212m 8pt ",
				"GL":"PM85fa",
				"市郡区":"G#21014D / C#2313 ",
				"登山日":"",
				"メモ":"",
				"_markerType": "Icon",
				"_iconUrl": "https://maps.gsi.go.jp/portal/sys/v4/symbols/104.png",
				"_iconSize": [
					16,
					16
				],
				"_iconAnchor": [
					8,
					8
				]
			}
		},
		{
			"type": "Feature",
			"geometry": {
				"type": "Point",
				"coordinates": [
					 136.4212,
					 35.0013
				]
			},
			"properties": {
				"name": "JA/ME-012(鎌ヶ岳)",
				"読み":"Kamagatake",
				"標高":"1161m 8pt ",
				"GL":"PM85fa",
				"市郡区":"G#21014D / C#2309 ",
				"登山日":"",
				"メモ":"",
				"_markerType": "Icon",
				"_iconUrl": "https://maps.gsi.go.jp/portal/sys/v4/symbols/104.png",
				"_iconSize": [
					16,
					16
				],
				"_iconAnchor": [
					8,
					8
				]
			}
		},
		{
			"type": "Feature",
			"geometry": {
				"type": "Point",
				"coordinates": [
					 136.2177,
					 34.2461
				]
			},
			"properties": {
				"name": "JA/ME-013(仙千代ヶ峰)",
				"読み":"Senchiyogamine",
				"標高":"1100m 8pt ",
				"GL":"PM84cf",
				"市郡区":"G#21012C / G#21008C ",
				"登山日":"",
				"メモ":"",
				"_markerType": "Icon",
				"_iconUrl": "https://maps.gsi.go.jp/portal/sys/v4/symbols/104.png",
				"_iconSize": [
					16,
					16
				],
				"_iconAnchor": [
					8,
					8
				]
			}
		},
		{
			"type": "Feature",
			"geometry": {
				"type": "Point",
				"coordinates": [
					 136.4452,
					 35.1193
				]
			},
			"properties": {
				"name": "JA/ME-014(竜ヶ岳)",
				"読み":"Ryuugadake",
				"標高":"1099m 6pt ",
				"GL":"PM85fc",
				"市郡区":"C#2115 / C#2313 ",
				"登山日":"",
				"メモ":"",
				"_markerType": "Icon",
				"_iconUrl": "https://maps.gsi.go.jp/portal/sys/v4/symbols/103.png",
				"_iconSize": [
					16,
					16
				],
				"_iconAnchor": [
					8,
					8
				]
			}
		},
		{
			"type": "Feature",
			"geometry": {
				"type": "Point",
				"coordinates": [
					 136.2562,
					 34.4502
				]
			},
			"properties": {
				"name": "JA/ME-015(修験業山)",
				"読み":"Syugengyouyama",
				"標高":"1094m 6pt ",
				"GL":"PM84dk",
				"市郡区":"C#2104 / C#2101 ",
				"登山日":"",
				"メモ":"",
				"_markerType": "Icon",
				"_iconUrl": "https://maps.gsi.go.jp/portal/sys/v4/symbols/103.png",
				"_iconSize": [
					16,
					16
				],
				"_iconAnchor": [
					8,
					8
				]
			}
		},
		{
			"type": "Feature",
			"geometry": {
				"type": "Point",
				"coordinates": [
					 136.4414,
					 35.0657
				]
			},
			"properties": {
				"name": "JA/ME-016(釈迦ヶ岳)",
				"読み":"Syakagatake",
				"標高":"1092m 6pt ",
				"GL":"PM85fb",
				"市郡区":"G#21014D / C#2313 ",
				"登山日":"",
				"メモ":"",
				"_markerType": "Icon",
				"_iconUrl": "https://maps.gsi.go.jp/portal/sys/v4/symbols/103.png",
				"_iconSize": [
					16,
					16
				],
				"_iconAnchor": [
					8,
					8
				]
			}
		},
		{
			"type": "Feature",
			"geometry": {
				"type": "Point",
				"coordinates": [
					 136.2692,
					 34.2891
				]
			},
			"properties": {
				"name": "JA/ME-017(春日嶺)",
				"読み":"Kasugarei",
				"標高":"1038m 6pt ",
				"GL":"PM84dg",
				"市郡区":"G#21012C / G#21016K ",
				"登山日":"",
				"メモ":"",
				"_markerType": "Icon",
				"_iconUrl": "https://maps.gsi.go.jp/portal/sys/v4/symbols/103.png",
				"_iconSize": [
					16,
					16
				],
				"_iconAnchor": [
					8,
					8
				]
			}
		},
		{
			"type": "Feature",
			"geometry": {
				"type": "Point",
				"coordinates": [
					 136.1703,
					 34.5309
				]
			},
			"properties": {
				"name": "JA/ME-018(倶留尊山)",
				"読み":"Kurosoyama",
				"標高":"1037m 6pt ",
				"GL":"PM84cm",
				"市郡区":"C#2101 / G#24002C ",
				"登山日":"",
				"メモ":"",
				"_markerType": "Icon",
				"_iconUrl": "https://maps.gsi.go.jp/portal/sys/v4/symbols/103.png",
				"_iconSize": [
					16,
					16
				],
				"_iconAnchor": [
					8,
					8
				]
			}
		},
		{
			"type": "Feature",
			"geometry": {
				"type": "Point",
				"coordinates": [
					 136.095,
					 34.0035
				]
			},
			"properties": {
				"name": "JA/ME-019(保色山)",
				"読み":"Hoirosan",
				"標高":"1030m 6pt ",
				"GL":"PM84ba",
				"市郡区":"C#2112 ",
				"登山日":"",
				"メモ":"",
				"_markerType": "Icon",
				"_iconUrl": "https://maps.gsi.go.jp/portal/sys/v4/symbols/103.png",
				"_iconSize": [
					16,
					16
				],
				"_iconAnchor": [
					8,
					8
				]
			}
		},
		{
			"type": "Feature",
			"geometry": {
				"type": "Point",
				"coordinates": [
					 136.327,
					 34.4605
				]
			},
			"properties": {
				"name": "JA/ME-020(局ヶ岳)",
				"読み":"Tsubonegadake",
				"標高":"1029m 6pt ",
				"GL":"PM84dl",
				"市郡区":"C#2104 ",
				"登山日":"",
				"メモ":"",
				"_markerType": "Icon",
				"_iconUrl": "https://maps.gsi.go.jp/portal/sys/v4/symbols/103.png",
				"_iconSize": [
					16,
					16
				],
				"_iconAnchor": [
					8,
					8
				]
			}
		},
		{
			"type": "Feature",
			"geometry": {
				"type": "Point",
				"coordinates": [
					 136.2298,
					 34.492
				]
			},
			"properties": {
				"name": "JA/ME-021(学能堂山)",
				"読み":"Gakunodouyama",
				"標高":"1021m 6pt ",
				"GL":"PM84cl",
				"市郡区":"C#2101 / G#24002D ",
				"登山日":"",
				"メモ":"",
				"_markerType": "Icon",
				"_iconUrl": "https://maps.gsi.go.jp/portal/sys/v4/symbols/103.png",
				"_iconSize": [
					16,
					16
				],
				"_iconAnchor": [
					8,
					8
				]
			}
		},
		{
			"type": "Feature",
			"geometry": {
				"type": "Point",
				"coordinates": [
					 136.2149,
					 34.5387
				]
			},
			"properties": {
				"name": "JA/ME-022(大洞山・雄岳)",
				"読み":"Ooborayama_Odake",
				"標高":"1013m 6pt ",
				"GL":"PM84cm",
				"市郡区":"C#2101 ",
				"登山日":"",
				"メモ":"",
				"_markerType": "Icon",
				"_iconUrl": "https://maps.gsi.go.jp/portal/sys/v4/symbols/103.png",
				"_iconSize": [
					16,
					16
				],
				"_iconAnchor": [
					8,
					8
				]
			}
		},
		{
			"type": "Feature",
			"geometry": {
				"type": "Point",
				"coordinates": [
					 136.0181,
					 34.0358
				]
			},
			"properties": {
				"name": "JA/ME-023(西谷(三角点))",
				"読み":"Nishiya",
				"標高":"991m 6pt ",
				"GL":"PM84aa",
				"市郡区":"C#2112 / G#24010C ",
				"登山日":"",
				"メモ":"",
				"_markerType": "Icon",
				"_iconUrl": "https://maps.gsi.go.jp/portal/sys/v4/symbols/103.png",
				"_iconSize": [
					16,
					16
				],
				"_iconAnchor": [
					8,
					8
				]
			}
		},
		{
			"type": "Feature",
			"geometry": {
				"type": "Point",
				"coordinates": [
					 136.2197,
					 34.5576
				]
			},
			"properties": {
				"name": "JA/ME-024(尼ケ岳)",
				"読み":"Amagadake",
				"標高":"957m 6pt ",
				"GL":"PM84cn",
				"市郡区":"C#2101 / C#2117 ",
				"登山日":"",
				"メモ":"",
				"_markerType": "Icon",
				"_iconUrl": "https://maps.gsi.go.jp/portal/sys/v4/symbols/103.png",
				"_iconSize": [
					16,
					16
				],
				"_iconAnchor": [
					8,
					8
				]
			}
		},
		{
			"type": "Feature",
			"geometry": {
				"type": "Point",
				"coordinates": [
					 136.1565,
					 34.4045
				]
			},
			"properties": {
				"name": "JA/ME-025(マスガタ山)",
				"読み":"Masugatayama",
				"標高":"956m 6pt ",
				"GL":"PM84bj",
				"市郡区":"C#2104 ",
				"登山日":"",
				"メモ":"",
				"_markerType": "Icon",
				"_iconUrl": "https://maps.gsi.go.jp/portal/sys/v4/symbols/103.png",
				"_iconSize": [
					16,
					16
				],
				"_iconAnchor": [
					8,
					8
				]
			}
		},
		{
			"type": "Feature",
			"geometry": {
				"type": "Point",
				"coordinates": [
					 136.3229,
					 34.321
				]
			},
			"properties": {
				"name": "JA/ME-026(点952)",
				"読み":"P952",
				"標高":"952m 6pt ",
				"GL":"PM84dh",
				"市郡区":"G#21012C ",
				"登山日":"",
				"メモ":"",
				"_markerType": "Icon",
				"_iconUrl": "https://maps.gsi.go.jp/portal/sys/v4/symbols/103.png",
				"_iconSize": [
					16,
					16
				],
				"_iconAnchor": [
					8,
					8
				]
			}
		},
		{
			"type": "Feature",
			"geometry": {
				"type": "Point",
				"coordinates": [
					 136.0835,
					 33.9876
				]
			},
			"properties": {
				"name": "JA/ME-027(点944)",
				"読み":"P944",
				"標高":"944m 6pt ",
				"GL":"PM83bx",
				"市郡区":"C#2112 ",
				"登山日":"",
				"メモ":"",
				"_markerType": "Icon",
				"_iconUrl": "https://maps.gsi.go.jp/portal/sys/v4/symbols/103.png",
				"_iconSize": [
					16,
					16
				],
				"_iconAnchor": [
					8,
					8
				]
			}
		},
		{
			"type": "Feature",
			"geometry": {
				"type": "Point",
				"coordinates": [
					 136.0632,
					 34.0085
				]
			},
			"properties": {
				"name": "JA/ME-028(高代山)",
				"読み":"Takashiroyama",
				"標高":"938m 6pt ",
				"GL":"PM84aa",
				"市郡区":"C#2112 ",
				"登山日":"",
				"メモ":"",
				"_markerType": "Icon",
				"_iconUrl": "https://maps.gsi.go.jp/portal/sys/v4/symbols/103.png",
				"_iconSize": [
					16,
					16
				],
				"_iconAnchor": [
					8,
					8
				]
			}
		},
		{
			"type": "Feature",
			"geometry": {
				"type": "Point",
				"coordinates": [
					 135.9305,
					 33.7946
				]
			},
			"properties": {
				"name": "JA/ME-029(子ノ泊山)",
				"読み":"Nenotomariyama",
				"標高":"907m 6pt ",
				"GL":"PM73xt",
				"市郡区":"C#2112 / G#21015B ",
				"登山日":"",
				"メモ":"",
				"_markerType": "Icon",
				"_iconUrl": "https://maps.gsi.go.jp/portal/sys/v4/symbols/103.png",
				"_iconSize": [
					16,
					16
				],
				"_iconAnchor": [
					8,
					8
				]
			}
		},
		{
			"type": "Feature",
			"geometry": {
				"type": "Point",
				"coordinates": [
					 136.1905,
					 34.2249
				]
			},
			"properties": {
				"name": "JA/ME-030(点889(大河内山近傍))",
				"読み":"P889",
				"標高":"889m 6pt ",
				"GL":"PM84cf",
				"市郡区":"G#21012C ",
				"登山日":"",
				"メモ":"",
				"_markerType": "Icon",
				"_iconUrl": "https://maps.gsi.go.jp/portal/sys/v4/symbols/103.png",
				"_iconSize": [
					16,
					16
				],
				"_iconAnchor": [
					8,
					8
				]
			}
		},
		{
			"type": "Feature",
			"geometry": {
				"type": "Point",
				"coordinates": [
					 136.4488,
					 34.9991
				]
			},
			"properties": {
				"name": "JA/ME-031(雲母峰)",
				"読み":"Kiraramine",
				"標高":"888m 6pt ",
				"GL":"PM84fx",
				"市郡区":"G#21014D / C#2102 ",
				"登山日":"",
				"メモ":"",
				"_markerType": "Icon",
				"_iconUrl": "https://maps.gsi.go.jp/portal/sys/v4/symbols/103.png",
				"_iconSize": [
					16,
					16
				],
				"_iconAnchor": [
					8,
					8
				]
			}
		},
		{
			"type": "Feature",
			"geometry": {
				"type": "Point",
				"coordinates": [
					 136.1621,
					 34.5485
				]
			},
			"properties": {
				"name": "JA/ME-032(国見山)",
				"読み":"Kunimiyama",
				"標高":"880m 6pt ",
				"GL":"PM84bn",
				"市郡区":"C#2101 / C#2108 / G#24002C",
				"登山日":"",
				"メモ":"",
				"_markerType": "Icon",
				"_iconUrl": "https://maps.gsi.go.jp/portal/sys/v4/symbols/103.png",
				"_iconSize": [
					16,
					16
				],
				"_iconAnchor": [
					8,
					8
				]
			}
		},
		{
			"type": "Feature",
			"geometry": {
				"type": "Point",
				"coordinates": [
					 136.039,
					 33.9126
				]
			},
			"properties": {
				"name": "JA/ME-033(丸尾山)",
				"読み":"Maruoyama",
				"標高":"851m 6pt ",
				"GL":"PM83av",
				"市郡区":"C#2112 ",
				"登山日":"",
				"メモ":"",
				"_markerType": "Icon",
				"_iconUrl": "https://maps.gsi.go.jp/portal/sys/v4/symbols/103.png",
				"_iconSize": [
					16,
					16
				],
				"_iconAnchor": [
					8,
					8
				]
			}
		},
		{
			"type": "Feature",
			"geometry": {
				"type": "Point",
				"coordinates": [
					 136.2964,
					 34.734
				]
			},
			"properties": {
				"name": "JA/ME-034(笠取山)",
				"読み":"Kasatoriyama",
				"標高":"842m 4pt ",
				"GL":"PM84dr",
				"市郡区":"C#2117 / C#2101 ",
				"登山日":"",
				"メモ":"",
				"_markerType": "Icon",
				"_iconUrl": "https://maps.gsi.go.jp/portal/sys/v4/symbols/828.png",
				"_iconSize": [
					16,
					16
				],
				"_iconAnchor": [
					8,
					8
				]
			}
		},
		{
			"type": "Feature",
			"geometry": {
				"type": "Point",
				"coordinates": [
					 136.4075,
					 34.5059
				]
			},
			"properties": {
				"name": "JA/ME-035(白猪山)",
				"読み":"Shiraisan",
				"標高":"819m 4pt ",
				"GL":"PM84em",
				"市郡区":"C#2104 ",
				"登山日":"",
				"メモ":"",
				"_markerType": "Icon",
				"_iconUrl": "https://maps.gsi.go.jp/portal/sys/v4/symbols/828.png",
				"_iconSize": [
					16,
					16
				],
				"_iconAnchor": [
					8,
					8
				]
			}
		},
		{
			"type": "Feature",
			"geometry": {
				"type": "Point",
				"coordinates": [
					 136.3744,
					 34.7665
				]
			},
			"properties": {
				"name": "JA/ME-036(経ヶ峰)",
				"読み":"Kyougamine",
				"標高":"819m 4pt ",
				"GL":"PM84es",
				"市郡区":"C#2101 ",
				"登山日":"",
				"メモ":"",
				"_markerType": "Icon",
				"_iconUrl": "https://maps.gsi.go.jp/portal/sys/v4/symbols/828.png",
				"_iconSize": [
					16,
					16
				],
				"_iconAnchor": [
					8,
					8
				]
			}
		},
		{
			"type": "Feature",
			"geometry": {
				"type": "Point",
				"coordinates": [
					 135.9126,
					 33.8236
				]
			},
			"properties": {
				"name": "JA/ME-037(点815(天瀬(三角点)近傍))",
				"読み":"P815",
				"標高":"815m 4pt ",
				"GL":"PM73wt",
				"市郡区":"C#2112 ",
				"登山日":"",
				"メモ":"",
				"_markerType": "Icon",
				"_iconUrl": "https://maps.gsi.go.jp/portal/sys/v4/symbols/828.png",
				"_iconSize": [
					16,
					16
				],
				"_iconAnchor": [
					8,
					8
				]
			}
		},
		{
			"type": "Feature",
			"geometry": {
				"type": "Point",
				"coordinates": [
					 135.9822,
					 33.8795
				]
			},
			"properties": {
				"name": "JA/ME-038(ひよどり山)",
				"読み":"Hiyodoriyama",
				"標高":"813m 4pt ",
				"GL":"PM73xv",
				"市郡区":"G#21015D ",
				"登山日":"",
				"メモ":"",
				"_markerType": "Icon",
				"_iconUrl": "https://maps.gsi.go.jp/portal/sys/v4/symbols/828.png",
				"_iconSize": [
					16,
					16
				],
				"_iconAnchor": [
					8,
					8
				]
			}
		},
		{
			"type": "Feature",
			"geometry": {
				"type": "Point",
				"coordinates": [
					 135.9245,
					 33.8566
				]
			},
			"properties": {
				"name": "JA/ME-039(一族山)",
				"読み":"Ichizokusan",
				"標高":"801m 4pt ",
				"GL":"PM73xu",
				"市郡区":"C#2112 ",
				"登山日":"",
				"メモ":"",
				"_markerType": "Icon",
				"_iconUrl": "https://maps.gsi.go.jp/portal/sys/v4/symbols/828.png",
				"_iconSize": [
					16,
					16
				],
				"_iconAnchor": [
					8,
					8
				]
			}
		},
		{
			"type": "Feature",
			"geometry": {
				"type": "Point",
				"coordinates": [
					 136.2979,
					 34.8758
				]
			},
			"properties": {
				"name": "JA/ME-040(那須ヶ原山)",
				"読み":"Nasugaharayama",
				"標高":"800m 4pt ",
				"GL":"PM84dv",
				"市郡区":"C#2110 / C#2309 ",
				"登山日":"",
				"メモ":"",
				"_markerType": "Icon",
				"_iconUrl": "https://maps.gsi.go.jp/portal/sys/v4/symbols/828.png",
				"_iconSize": [
					16,
					16
				],
				"_iconAnchor": [
					8,
					8
				]
			}
		},
		{
			"type": "Feature",
			"geometry": {
				"type": "Point",
				"coordinates": [
					 136.3013,
					 34.8092
				]
			},
			"properties": {
				"name": "JA/ME-041(小笠ノ峰)",
				"読み":"Kogasanomine",
				"標高":"788m 4pt ",
				"GL":"PM84dt",
				"市郡区":"C#2117 / C#2110 ",
				"登山日":"",
				"メモ":"",
				"_markerType": "Icon",
				"_iconUrl": "https://maps.gsi.go.jp/portal/sys/v4/symbols/828.png",
				"_iconSize": [
					16,
					16
				],
				"_iconAnchor": [
					8,
					8
				]
			}
		},
		{
			"type": "Feature",
			"geometry": {
				"type": "Point",
				"coordinates": [
					 136.5123,
					 34.3381
				]
			},
			"properties": {
				"name": "JA/ME-042(町楽(三角点))",
				"読み":"Choraku",
				"標高":"784m 4pt ",
				"GL":"PM84gi",
				"市郡区":"G#21016J / G#21016L / G#21016K",
				"登山日":"",
				"メモ":"",
				"_markerType": "Icon",
				"_iconUrl": "https://maps.gsi.go.jp/portal/sys/v4/symbols/828.png",
				"_iconSize": [
					16,
					16
				],
				"_iconAnchor": [
					8,
					8
				]
			}
		},
		{
			"type": "Feature",
			"geometry": {
				"type": "Point",
				"coordinates": [
					 136.2498,
					 34.6011
				]
			},
			"properties": {
				"name": "JA/ME-043(元取岳(三角点))",
				"読み":"Mototoridake",
				"標高":"779m 4pt ",
				"GL":"PM84do",
				"市郡区":"C#2117 / C#2101 ",
				"登山日":"",
				"メモ":"",
				"_markerType": "Icon",
				"_iconUrl": "https://maps.gsi.go.jp/portal/sys/v4/symbols/828.png",
				"_iconSize": [
					16,
					16
				],
				"_iconAnchor": [
					8,
					8
				]
			}
		},
		{
			"type": "Feature",
			"geometry": {
				"type": "Point",
				"coordinates": [
					 136.5157,
					 34.3731
				]
			},
			"properties": {
				"name": "JA/ME-044(七洞岳)",
				"読み":"Nanahoragatake",
				"標高":"778m 4pt ",
				"GL":"PM84gi",
				"市郡区":"G#21016K / G#21016J ",
				"登山日":"",
				"メモ":"",
				"_markerType": "Icon",
				"_iconUrl": "https://maps.gsi.go.jp/portal/sys/v4/symbols/828.png",
				"_iconSize": [
					16,
					16
				],
				"_iconAnchor": [
					8,
					8
				]
			}
		},
		{
			"type": "Feature",
			"geometry": {
				"type": "Point",
				"coordinates": [
					 135.935,
					 33.8357
				]
			},
			"properties": {
				"name": "JA/ME-045(桧尾(三角点))",
				"読み":"Hinokio",
				"標高":"776m 4pt ",
				"GL":"PM73xu",
				"市郡区":"C#2112 / G#21015D ",
				"登山日":"",
				"メモ":"",
				"_markerType": "Icon",
				"_iconUrl": "https://maps.gsi.go.jp/portal/sys/v4/symbols/828.png",
				"_iconSize": [
					16,
					16
				],
				"_iconAnchor": [
					8,
					8
				]
			}
		},
		{
			"type": "Feature",
			"geometry": {
				"type": "Point",
				"coordinates": [
					 136.1306,
					 33.9608
				]
			},
			"properties": {
				"name": "JA/ME-046(西又(三角点))",
				"読み":"Nishimata",
				"標高":"775m 4pt ",
				"GL":"PM83bx",
				"市郡区":"C#2112 ",
				"登山日":"",
				"メモ":"",
				"_markerType": "Icon",
				"_iconUrl": "https://maps.gsi.go.jp/portal/sys/v4/symbols/828.png",
				"_iconSize": [
					16,
					16
				],
				"_iconAnchor": [
					8,
					8
				]
			}
		},
		{
			"type": "Feature",
			"geometry": {
				"type": "Point",
				"coordinates": [
					 136.2916,
					 34.5543
				]
			},
			"properties": {
				"name": "JA/ME-047(高所山近傍)",
				"読み":"Near_Takansyoyama",
				"標高":"772m 4pt ",
				"GL":"PM84dn",
				"市郡区":"C#2101 ",
				"登山日":"",
				"メモ":"",
				"_markerType": "Icon",
				"_iconUrl": "https://maps.gsi.go.jp/portal/sys/v4/symbols/828.png",
				"_iconSize": [
					16,
					16
				],
				"_iconAnchor": [
					8,
					8
				]
			}
		},
		{
			"type": "Feature",
			"geometry": {
				"type": "Point",
				"coordinates": [
					 136.2299,
					 34.5956
				]
			},
			"properties": {
				"name": "JA/ME-048(点770(上高尾(三角点)近傍))",
				"読み":"P770",
				"標高":"770m 4pt ",
				"GL":"PM84co",
				"市郡区":"C#2117 ",
				"登山日":"",
				"メモ":"",
				"_markerType": "Icon",
				"_iconUrl": "https://maps.gsi.go.jp/portal/sys/v4/symbols/828.png",
				"_iconSize": [
					16,
					16
				],
				"_iconAnchor": [
					8,
					8
				]
			}
		},
		{
			"type": "Feature",
			"geometry": {
				"type": "Point",
				"coordinates": [
					 136.2605,
					 34.8172
				]
			},
			"properties": {
				"name": "JA/ME-049(霊山)",
				"読み":"Reisan",
				"標高":"766m 4pt ",
				"GL":"PM84dt",
				"市郡区":"C#2117 ",
				"登山日":"",
				"メモ":"",
				"_markerType": "Icon",
				"_iconUrl": "https://maps.gsi.go.jp/portal/sys/v4/symbols/828.png",
				"_iconSize": [
					16,
					16
				],
				"_iconAnchor": [
					8,
					8
				]
			}
		},
		{
			"type": "Feature",
			"geometry": {
				"type": "Point",
				"coordinates": [
					 136.4329,
					 34.5465
				]
			},
			"properties": {
				"name": "JA/ME-050(堀坂山)",
				"読み":"Hossakasan",
				"標高":"757m 4pt ",
				"GL":"PM84fn",
				"市郡区":"C#2104 ",
				"登山日":"",
				"メモ":"",
				"_markerType": "Icon",
				"_iconUrl": "https://maps.gsi.go.jp/portal/sys/v4/symbols/828.png",
				"_iconSize": [
					16,
					16
				],
				"_iconAnchor": [
					8,
					8
				]
			}
		},
		{
			"type": "Feature",
			"geometry": {
				"type": "Point",
				"coordinates": [
					 136.1994,
					 34.0231
				]
			},
			"properties": {
				"name": "JA/ME-051(三田谷(三角点))",
				"読み":"Mitatani",
				"標高":"752m 4pt ",
				"GL":"PM84ca",
				"市郡区":"C#2109 ",
				"登山日":"",
				"メモ":"",
				"_markerType": "Icon",
				"_iconUrl": "https://maps.gsi.go.jp/portal/sys/v4/symbols/828.png",
				"_iconSize": [
					16,
					16
				],
				"_iconAnchor": [
					8,
					8
				]
			}
		},
		{
			"type": "Feature",
			"geometry": {
				"type": "Point",
				"coordinates": [
					 136.3137,
					 34.5711
				]
			},
			"properties": {
				"name": "JA/ME-052(竹原山(三角点))",
				"読み":"Takeharayama",
				"標高":"745m 4pt ",
				"GL":"PM84dn",
				"市郡区":"C#2101 ",
				"登山日":"",
				"メモ":"",
				"_markerType": "Icon",
				"_iconUrl": "https://maps.gsi.go.jp/portal/sys/v4/symbols/828.png",
				"_iconSize": [
					16,
					16
				],
				"_iconAnchor": [
					8,
					8
				]
			}
		},
		{
			"type": "Feature",
			"geometry": {
				"type": "Point",
				"coordinates": [
					 136.3084,
					 34.2631
				]
			},
			"properties": {
				"name": "JA/ME-053(池ノ谷越(三角点))",
				"読み":"Ikenotanigoe",
				"標高":"738m 4pt ",
				"GL":"PM84dg",
				"市郡区":"G#21016K ",
				"登山日":"",
				"メモ":"",
				"_markerType": "Icon",
				"_iconUrl": "https://maps.gsi.go.jp/portal/sys/v4/symbols/828.png",
				"_iconSize": [
					16,
					16
				],
				"_iconAnchor": [
					8,
					8
				]
			}
		},
		{
			"type": "Feature",
			"geometry": {
				"type": "Point",
				"coordinates": [
					 136.4705,
					 34.329
				]
			},
			"properties": {
				"name": "JA/ME-054(国見岩)",
				"読み":"Kunimiiwa",
				"標高":"734m 4pt ",
				"GL":"PM84fh",
				"市郡区":"G#21016K / G#21016L ",
				"登山日":"",
				"メモ":"",
				"_markerType": "Icon",
				"_iconUrl": "https://maps.gsi.go.jp/portal/sys/v4/symbols/828.png",
				"_iconSize": [
					16,
					16
				],
				"_iconAnchor": [
					8,
					8
				]
			}
		},
		{
			"type": "Feature",
			"geometry": {
				"type": "Point",
				"coordinates": [
					 136.4532,
					 34.3561
				]
			},
			"properties": {
				"name": "JA/ME-055(浅間山)",
				"読み":"Sengenyama",
				"標高":"733m 4pt ",
				"GL":"PM84fi",
				"市郡区":"G#21016K ",
				"登山日":"",
				"メモ":"",
				"_markerType": "Icon",
				"_iconUrl": "https://maps.gsi.go.jp/portal/sys/v4/symbols/828.png",
				"_iconSize": [
					16,
					16
				],
				"_iconAnchor": [
					8,
					8
				]
			}
		},
		{
			"type": "Feature",
			"geometry": {
				"type": "Point",
				"coordinates": [
					 136.3701,
					 34.574
				]
			},
			"properties": {
				"name": "JA/ME-056(矢頭山)",
				"読み":"Yazusan",
				"標高":"731m 4pt ",
				"GL":"PM84en",
				"市郡区":"C#2101 ",
				"登山日":"",
				"メモ":"",
				"_markerType": "Icon",
				"_iconUrl": "https://maps.gsi.go.jp/portal/sys/v4/symbols/828.png",
				"_iconSize": [
					16,
					16
				],
				"_iconAnchor": [
					8,
					8
				]
			}
		},
		{
			"type": "Feature",
			"geometry": {
				"type": "Point",
				"coordinates": [
					 136.2834,
					 34.4947
				]
			},
			"properties": {
				"name": "JA/ME-057(点727)",
				"読み":"P727",
				"標高":"727m 4pt ",
				"GL":"PM84dl",
				"市郡区":"C#2101 ",
				"登山日":"",
				"メモ":"",
				"_markerType": "Icon",
				"_iconUrl": "https://maps.gsi.go.jp/portal/sys/v4/symbols/828.png",
				"_iconSize": [
					16,
					16
				],
				"_iconAnchor": [
					8,
					8
				]
			}
		},
		{
			"type": "Feature",
			"geometry": {
				"type": "Point",
				"coordinates": [
					 136.0063,
					 33.932
				]
			},
			"properties": {
				"name": "JA/ME-058(日暮山)",
				"読み":"Higureyama",
				"標高":"723m 4pt ",
				"GL":"PM83aw",
				"市郡区":"C#2112 ",
				"登山日":"",
				"メモ":"",
				"_markerType": "Icon",
				"_iconUrl": "https://maps.gsi.go.jp/portal/sys/v4/symbols/828.png",
				"_iconSize": [
					16,
					16
				],
				"_iconAnchor": [
					8,
					8
				]
			}
		},
		{
			"type": "Feature",
			"geometry": {
				"type": "Point",
				"coordinates": [
					 135.9063,
					 33.8996
				]
			},
			"properties": {
				"name": "JA/ME-059(点704)",
				"読み":"P704",
				"標高":"704m 4pt ",
				"GL":"PM73wv",
				"市郡区":"C#2112 ",
				"登山日":"",
				"メモ":"",
				"_markerType": "Icon",
				"_iconUrl": "https://maps.gsi.go.jp/portal/sys/v4/symbols/828.png",
				"_iconSize": [
					16,
					16
				],
				"_iconAnchor": [
					8,
					8
				]
			}
		},
		{
			"type": "Feature",
			"geometry": {
				"type": "Point",
				"coordinates": [
					 136.5869,
					 35.1759
				]
			},
			"properties": {
				"name": "JA/ME-060(恋路山)",
				"読み":"Koihimeyama",
				"標高":"694m 4pt ",
				"GL":"PM85he",
				"市郡区":"C#2105 / C#2115 ",
				"登山日":"",
				"メモ":"",
				"_markerType": "Icon",
				"_iconUrl": "https://maps.gsi.go.jp/portal/sys/v4/symbols/828.png",
				"_iconSize": [
					16,
					16
				],
				"_iconAnchor": [
					8,
					8
				]
			}
		},
		{
			"type": "Feature",
			"geometry": {
				"type": "Point",
				"coordinates": [
					 136.3605,
					 34.5502
				]
			},
			"properties": {
				"name": "JA/ME-061(髯山)",
				"読み":"Higeyama",
				"標高":"688m 4pt ",
				"GL":"PM84en",
				"市郡区":"C#2104 / C#2101 ",
				"登山日":"",
				"メモ":"",
				"_markerType": "Icon",
				"_iconUrl": "https://maps.gsi.go.jp/portal/sys/v4/symbols/828.png",
				"_iconSize": [
					16,
					16
				],
				"_iconAnchor": [
					8,
					8
				]
			}
		},
		{
			"type": "Feature",
			"geometry": {
				"type": "Point",
				"coordinates": [
					 136.1158,
					 33.9313
				]
			},
			"properties": {
				"name": "JA/ME-062(大蛇峰)",
				"読み":"Ojyamine(Daijyamine)",
				"標高":"687m 4pt ",
				"GL":"PM83bw",
				"市郡区":"C#2112 ",
				"登山日":"",
				"メモ":"",
				"_markerType": "Icon",
				"_iconUrl": "https://maps.gsi.go.jp/portal/sys/v4/symbols/828.png",
				"_iconSize": [
					16,
					16
				],
				"_iconAnchor": [
					8,
					8
				]
			}
		},
		{
			"type": "Feature",
			"geometry": {
				"type": "Point",
				"coordinates": [
					 136.3557,
					 34.8214
				]
			},
			"properties": {
				"name": "JA/ME-063(錫杖ヶ岳)",
				"読み":"Shakujyougatake",
				"標高":"676m 4pt ",
				"GL":"PM84et",
				"市郡区":"C#2101 / C#2110 ",
				"登山日":"",
				"メモ":"",
				"_markerType": "Icon",
				"_iconUrl": "https://maps.gsi.go.jp/portal/sys/v4/symbols/828.png",
				"_iconSize": [
					16,
					16
				],
				"_iconAnchor": [
					8,
					8
				]
			}
		},
		{
			"type": "Feature",
			"geometry": {
				"type": "Point",
				"coordinates": [
					 136.3296,
					 34.4085
				]
			},
			"properties": {
				"name": "JA/ME-064(高山(三角点))",
				"読み":"Takayama",
				"標高":"675m 4pt ",
				"GL":"PM84dj",
				"市郡区":"C#2104 / G#21012C ",
				"登山日":"",
				"メモ":"",
				"_markerType": "Icon",
				"_iconUrl": "https://maps.gsi.go.jp/portal/sys/v4/symbols/828.png",
				"_iconSize": [
					16,
					16
				],
				"_iconAnchor": [
					8,
					8
				]
			}
		},
		{
			"type": "Feature",
			"geometry": {
				"type": "Point",
				"coordinates": [
					 136.3595,
					 34.9029
				]
			},
			"properties": {
				"name": "JA/ME-065(四方草山)",
				"読み":"Shiosoyama",
				"標高":"667m 4pt ",
				"GL":"PM84ev",
				"市郡区":"C#2110 / C#2309 ",
				"登山日":"",
				"メモ":"",
				"_markerType": "Icon",
				"_iconUrl": "https://maps.gsi.go.jp/portal/sys/v4/symbols/828.png",
				"_iconSize": [
					16,
					16
				],
				"_iconAnchor": [
					8,
					8
				]
			}
		},
		{
			"type": "Feature",
			"geometry": {
				"type": "Point",
				"coordinates": [
					 136.3419,
					 34.2707
				]
			},
			"properties": {
				"name": "JA/ME-066(矢ヶ峯)",
				"読み":"Yagamine",
				"標高":"637m 2pt ",
				"GL":"PM84eg",
				"市郡区":"G#21016K ",
				"登山日":"",
				"メモ":"",
				"_markerType": "Icon",
				"_iconUrl": "https://maps.gsi.go.jp/portal/sys/v4/symbols/102.png",
				"_iconSize": [
					16,
					16
				],
				"_iconAnchor": [
					8,
					8
				]
			}
		},
		{
			"type": "Feature",
			"geometry": {
				"type": "Point",
				"coordinates": [
					 136.3792,
					 34.2673
				]
			},
			"properties": {
				"name": "JA/ME-067(芦ヶ谷(三角点))",
				"読み":"Ashigaya",
				"標高":"628m 2pt ",
				"GL":"PM84eg",
				"市郡区":"G#21016K ",
				"登山日":"",
				"メモ":"",
				"_markerType": "Icon",
				"_iconUrl": "https://maps.gsi.go.jp/portal/sys/v4/symbols/102.png",
				"_iconSize": [
					16,
					16
				],
				"_iconAnchor": [
					8,
					8
				]
			}
		},
		{
			"type": "Feature",
			"geometry": {
				"type": "Point",
				"coordinates": [
					 135.9595,
					 33.8451
				]
			},
			"properties": {
				"name": "JA/ME-068(大瀬山)",
				"読み":"Ooseyama",
				"標高":"627m 2pt ",
				"GL":"PM73xu",
				"市郡区":"G#21015D / C#2112 ",
				"登山日":"",
				"メモ":"",
				"_markerType": "Icon",
				"_iconUrl": "https://maps.gsi.go.jp/portal/sys/v4/symbols/102.png",
				"_iconSize": [
					16,
					16
				],
				"_iconAnchor": [
					8,
					8
				]
			}
		},
		{
			"type": "Feature",
			"geometry": {
				"type": "Point",
				"coordinates": [
					 135.9841,
					 33.8202
				]
			},
			"properties": {
				"name": "JA/ME-069(大地山)",
				"読み":"Oojiyama",
				"標高":"601m 2pt ",
				"GL":"PM73xt",
				"市郡区":"G#21015B / G#21015D ",
				"登山日":"",
				"メモ":"",
				"_markerType": "Icon",
				"_iconUrl": "https://maps.gsi.go.jp/portal/sys/v4/symbols/102.png",
				"_iconSize": [
					16,
					16
				],
				"_iconAnchor": [
					8,
					8
				]
			}
		},
		{
			"type": "Feature",
			"geometry": {
				"type": "Point",
				"coordinates": [
					 136.1837,
					 34.095
				]
			},
			"properties": {
				"name": "JA/ME-070(便石山)",
				"読み":"Binshiyama",
				"標高":"599m 2pt ",
				"GL":"PM84cc",
				"市郡区":"G#21008C / C#2109 ",
				"登山日":"",
				"メモ":"",
				"_markerType": "Icon",
				"_iconUrl": "https://maps.gsi.go.jp/portal/sys/v4/symbols/102.png",
				"_iconSize": [
					16,
					16
				],
				"_iconAnchor": [
					8,
					8
				]
			}
		},
		{
			"type": "Feature",
			"geometry": {
				"type": "Point",
				"coordinates": [
					 136.0155,
					 33.9864
				]
			},
			"properties": {
				"name": "JA/ME-071(中峰(三角点))",
				"読み":"Nakamine",
				"標高":"593m 2pt ",
				"GL":"PM83ax",
				"市郡区":"C#2112 ",
				"登山日":"",
				"メモ":"",
				"_markerType": "Icon",
				"_iconUrl": "https://maps.gsi.go.jp/portal/sys/v4/symbols/102.png",
				"_iconSize": [
					16,
					16
				],
				"_iconAnchor": [
					8,
					8
				]
			}
		},
		{
			"type": "Feature",
			"geometry": {
				"type": "Point",
				"coordinates": [
					 136.244,
					 34.1796
				]
			},
			"properties": {
				"name": "JA/ME-072(大河内山(三角点))",
				"読み":"Ookouchiyama",
				"標高":"570m 2pt ",
				"GL":"PM84ce",
				"市郡区":"G#21008C ",
				"登山日":"",
				"メモ":"",
				"_markerType": "Icon",
				"_iconUrl": "https://maps.gsi.go.jp/portal/sys/v4/symbols/102.png",
				"_iconSize": [
					16,
					16
				],
				"_iconAnchor": [
					8,
					8
				]
			}
		},
		{
			"type": "Feature",
			"geometry": {
				"type": "Point",
				"coordinates": [
					 136.2587,
					 34.5299
				]
			},
			"properties": {
				"name": "JA/ME-073(五葉(三角点))",
				"読み":"Goyou",
				"標高":"569m 2pt ",
				"GL":"PM84dm",
				"市郡区":"C#2101 ",
				"登山日":"",
				"メモ":"",
				"_markerType": "Icon",
				"_iconUrl": "https://maps.gsi.go.jp/portal/sys/v4/symbols/102.png",
				"_iconSize": [
					16,
					16
				],
				"_iconAnchor": [
					8,
					8
				]
			}
		},
		{
			"type": "Feature",
			"geometry": {
				"type": "Point",
				"coordinates": [
					 136.3491,
					 34.8563
				]
			},
			"properties": {
				"name": "JA/ME-074(仏ヶ平)",
				"読み":"Hotokegataira",
				"標高":"568m 2pt ",
				"GL":"PM84eu",
				"市郡区":"C#2110 ",
				"登山日":"",
				"メモ":"",
				"_markerType": "Icon",
				"_iconUrl": "https://maps.gsi.go.jp/portal/sys/v4/symbols/102.png",
				"_iconSize": [
					16,
					16
				],
				"_iconAnchor": [
					8,
					8
				]
			}
		},
		{
			"type": "Feature",
			"geometry": {
				"type": "Point",
				"coordinates": [
					 136.3865,
					 34.8896
				]
			},
			"properties": {
				"name": "JA/ME-075(点560(明星ヶ岳近傍))",
				"読み":"P560",
				"標高":"560m 2pt ",
				"GL":"PM84ev",
				"市郡区":"C#2110 ",
				"登山日":"",
				"メモ":"",
				"_markerType": "Icon",
				"_iconUrl": "https://maps.gsi.go.jp/portal/sys/v4/symbols/102.png",
				"_iconSize": [
					16,
					16
				],
				"_iconAnchor": [
					8,
					8
				]
			}
		},
		{
			"type": "Feature",
			"geometry": {
				"type": "Point",
				"coordinates": [
					 136.4252,
					 34.2663
				]
			},
			"properties": {
				"name": "JA/ME-076(有地山)",
				"読み":"Arujiyama",
				"標高":"556m 2pt ",
				"GL":"PM84fg",
				"市郡区":"G#21016L / G#21016K ",
				"登山日":"",
				"メモ":"",
				"_markerType": "Icon",
				"_iconUrl": "https://maps.gsi.go.jp/portal/sys/v4/symbols/102.png",
				"_iconSize": [
					16,
					16
				],
				"_iconAnchor": [
					8,
					8
				]
			}
		},
		{
			"type": "Feature",
			"geometry": {
				"type": "Point",
				"coordinates": [
					 136.7816,
					 34.4611
				]
			},
			"properties": {
				"name": "JA/ME-077(朝熊ヶ岳)",
				"読み":"Asamagatake",
				"標高":"555m 2pt ",
				"GL":"PM84jl",
				"市郡区":"C#2103 ",
				"登山日":"",
				"メモ":"",
				"_markerType": "Icon",
				"_iconUrl": "https://maps.gsi.go.jp/portal/sys/v4/symbols/102.png",
				"_iconSize": [
					16,
					16
				],
				"_iconAnchor": [
					8,
					8
				]
			}
		},
		{
			"type": "Feature",
			"geometry": {
				"type": "Point",
				"coordinates": [
					 136.3543,
					 34.5814
				]
			},
			"properties": {
				"name": "JA/ME-078(鴉止(三角点))",
				"読み":"Karasudome",
				"標高":"555m 2pt ",
				"GL":"PM84en",
				"市郡区":"C#2101 ",
				"登山日":"",
				"メモ":"",
				"_markerType": "Icon",
				"_iconUrl": "https://maps.gsi.go.jp/portal/sys/v4/symbols/102.png",
				"_iconSize": [
					16,
					16
				],
				"_iconAnchor": [
					8,
					8
				]
			}
		},
		{
			"type": "Feature",
			"geometry": {
				"type": "Point",
				"coordinates": [
					 136.6376,
					 34.3869
				]
			},
			"properties": {
				"name": "JA/ME-079(牛草山)",
				"読み":"Ushikusayama",
				"標高":"550m 2pt ",
				"GL":"PM84hj",
				"市郡区":"G#21016J / G#21016L ",
				"登山日":"",
				"メモ":"",
				"_markerType": "Icon",
				"_iconUrl": "https://maps.gsi.go.jp/portal/sys/v4/symbols/102.png",
				"_iconSize": [
					16,
					16
				],
				"_iconAnchor": [
					8,
					8
				]
			}
		},
		{
			"type": "Feature",
			"geometry": {
				"type": "Point",
				"coordinates": [
					 136.6917,
					 34.426
				]
			},
			"properties": {
				"name": "JA/ME-080(鷲嶺(袴腰山))",
				"読み":"Washimine/Hakamagoshiyama",
				"標高":"548m 2pt ",
				"GL":"PM84ik",
				"市郡区":"C#2103 ",
				"登山日":"",
				"メモ":"",
				"_markerType": "Icon",
				"_iconUrl": "https://maps.gsi.go.jp/portal/sys/v4/symbols/102.png",
				"_iconSize": [
					16,
					16
				],
				"_iconAnchor": [
					8,
					8
				]
			}
		},
		{
			"type": "Feature",
			"geometry": {
				"type": "Point",
				"coordinates": [
					 136.335,
					 34.6013
				]
			},
			"properties": {
				"name": "JA/ME-081(高峰)",
				"読み":"Takamine",
				"標高":"547m 2pt ",
				"GL":"PM84eo",
				"市郡区":"C#2101 ",
				"登山日":"",
				"メモ":"",
				"_markerType": "Icon",
				"_iconUrl": "https://maps.gsi.go.jp/portal/sys/v4/symbols/102.png",
				"_iconSize": [
					16,
					16
				],
				"_iconAnchor": [
					8,
					8
				]
			}
		},
		{
			"type": "Feature",
			"geometry": {
				"type": "Point",
				"coordinates": [
					 136.42,
					 34.4604
				]
			},
			"properties": {
				"name": "JA/ME-082(烏岳)",
				"読み":"Karasudake",
				"標高":"545m 2pt ",
				"GL":"PM84fl",
				"市郡区":"C#2104 / G#21012B ",
				"登山日":"",
				"メモ":"",
				"_markerType": "Icon",
				"_iconUrl": "https://maps.gsi.go.jp/portal/sys/v4/symbols/102.png",
				"_iconSize": [
					16,
					16
				],
				"_iconAnchor": [
					8,
					8
				]
			}
		},
		{
			"type": "Feature",
			"geometry": {
				"type": "Point",
				"coordinates": [
					 136.3246,
					 34.3834
				]
			},
			"properties": {
				"name": "JA/ME-083(点543)",
				"読み":"P543",
				"標高":"543m 2pt ",
				"GL":"PM84dj",
				"市郡区":"G#21012C ",
				"登山日":"",
				"メモ":"",
				"_markerType": "Icon",
				"_iconUrl": "https://maps.gsi.go.jp/portal/sys/v4/symbols/102.png",
				"_iconSize": [
					16,
					16
				],
				"_iconAnchor": [
					8,
					8
				]
			}
		},
		{
			"type": "Feature",
			"geometry": {
				"type": "Point",
				"coordinates": [
					 136.2089,
					 34.0914
				]
			},
			"properties": {
				"name": "JA/ME-084(天狗倉山)",
				"読み":"Tengukurayama",
				"標高":"522m 2pt ",
				"GL":"PM84cc",
				"市郡区":"G#21008C / C#2109 ",
				"登山日":"",
				"メモ":"",
				"_markerType": "Icon",
				"_iconUrl": "https://maps.gsi.go.jp/portal/sys/v4/symbols/102.png",
				"_iconSize": [
					16,
					16
				],
				"_iconAnchor": [
					8,
					8
				]
			}
		},
		{
			"type": "Feature",
			"geometry": {
				"type": "Point",
				"coordinates": [
					 135.943,
					 33.9182
				]
			},
			"properties": {
				"name": "JA/ME-085(平谷(三角点))",
				"読み":"Hiratani",
				"標高":"513m 2pt ",
				"GL":"PM73xw",
				"市郡区":"C#2112 ",
				"登山日":"",
				"メモ":"",
				"_markerType": "Icon",
				"_iconUrl": "https://maps.gsi.go.jp/portal/sys/v4/symbols/102.png",
				"_iconSize": [
					16,
					16
				],
				"_iconAnchor": [
					8,
					8
				]
			}
		},
		{
			"type": "Feature",
			"geometry": {
				"type": "Point",
				"coordinates": [
					 136.4179,
					 34.2341
				]
			},
			"properties": {
				"name": "JA/ME-086(姫越山)",
				"読み":"Himegoyama",
				"標高":"503m 2pt ",
				"GL":"PM84ff",
				"市郡区":"G#21016K / G#21016L ",
				"登山日":"",
				"メモ":"",
				"_markerType": "Icon",
				"_iconUrl": "https://maps.gsi.go.jp/portal/sys/v4/symbols/102.png",
				"_iconSize": [
					16,
					16
				],
				"_iconAnchor": [
					8,
					8
				]
			}
		},
		{
			"type": "Feature",
			"geometry": {
				"type": "Point",
				"coordinates": [
					 136.6435,
					 34.4164
				]
			},
			"properties": {
				"name": "JA/ME-087(神岳)",
				"読み":"Kamidake",
				"標高":"492m 1pt ",
				"GL":"PM84hj",
				"市郡区":"G#21016J / C#2103 ",
				"登山日":"",
				"メモ":"",
				"_markerType": "Icon",
				"_iconUrl": "https://maps.gsi.go.jp/portal/sys/v4/symbols/826.png",
				"_iconSize": [
					16,
					16
				],
				"_iconAnchor": [
					8,
					8
				]
			}
		},
		{
			"type": "Feature",
			"geometry": {
				"type": "Point",
				"coordinates": [
					 136.0041,
					 33.9975
				]
			},
			"properties": {
				"name": "JA/ME-088(土場(三角点))",
				"読み":"Tsuchiba",
				"標高":"446m 1pt ",
				"GL":"PM83ax",
				"市郡区":"C#2112 ",
				"登山日":"",
				"メモ":"",
				"_markerType": "Icon",
				"_iconUrl": "https://maps.gsi.go.jp/portal/sys/v4/symbols/826.png",
				"_iconSize": [
					16,
					16
				],
				"_iconAnchor": [
					8,
					8
				]
			}
		},
		{
			"type": "Feature",
			"geometry": {
				"type": "Point",
				"coordinates": [
					 135.8735,
					 33.84
				]
			},
			"properties": {
				"name": "JA/ME-089(点430)",
				"読み":"P430",
				"標高":"430m 1pt ",
				"GL":"PM73wu",
				"市郡区":"C#2112 ",
				"登山日":"",
				"メモ":"",
				"_markerType": "Icon",
				"_iconUrl": "https://maps.gsi.go.jp/portal/sys/v4/symbols/826.png",
				"_iconSize": [
					16,
					16
				],
				"_iconAnchor": [
					8,
					8
				]
			}
		},
		{
			"type": "Feature",
			"geometry": {
				"type": "Point",
				"coordinates": [
					 136.5817,
					 34.4489
				]
			},
			"properties": {
				"name": "JA/ME-090(国束山)",
				"読み":"Kuzukayama",
				"標高":"411m 1pt ",
				"GL":"PM84gk",
				"市郡区":"G#21016J / G#21016C ",
				"登山日":"",
				"メモ":"",
				"_markerType": "Icon",
				"_iconUrl": "https://maps.gsi.go.jp/portal/sys/v4/symbols/826.png",
				"_iconSize": [
					16,
					16
				],
				"_iconAnchor": [
					8,
					8
				]
			}
		},
		{
			"type": "Feature",
			"geometry": {
				"type": "Point",
				"coordinates": [
					 136.2003,
					 34.7546
				]
			},
			"properties": {
				"name": "JA/ME-091(点409)",
				"読み":"P409",
				"標高":"409m 1pt ",
				"GL":"PM84cs",
				"市郡区":"C#2117 ",
				"登山日":"",
				"メモ":"",
				"_markerType": "Icon",
				"_iconUrl": "https://maps.gsi.go.jp/portal/sys/v4/symbols/826.png",
				"_iconSize": [
					16,
					16
				],
				"_iconAnchor": [
					8,
					8
				]
			}
		},
		{
			"type": "Feature",
			"geometry": {
				"type": "Point",
				"coordinates": [
					 136.6776,
					 34.3636
				]
			},
			"properties": {
				"name": "JA/ME-092(龍仙山)",
				"読み":"Ryusenzan",
				"標高":"402m 1pt ",
				"GL":"PM84ii",
				"市郡区":"G#21016L ",
				"登山日":"",
				"メモ":"",
				"_markerType": "Icon",
				"_iconUrl": "https://maps.gsi.go.jp/portal/sys/v4/symbols/826.png",
				"_iconSize": [
					16,
					16
				],
				"_iconAnchor": [
					8,
					8
				]
			}
		},
		{
			"type": "Feature",
			"geometry": {
				"type": "Point",
				"coordinates": [
					 136.4712,
					 34.5077
				]
			},
			"properties": {
				"name": "JA/ME-093(大明神山)",
				"読み":"Daimyojinyama",
				"標高":"400m 1pt ",
				"GL":"PM84fm",
				"市郡区":"C#2104 ",
				"登山日":"",
				"メモ":"",
				"_markerType": "Icon",
				"_iconUrl": "https://maps.gsi.go.jp/portal/sys/v4/symbols/826.png",
				"_iconSize": [
					16,
					16
				],
				"_iconAnchor": [
					8,
					8
				]
			}
		},
		{
			"type": "Feature",
			"geometry": {
				"type": "Point",
				"coordinates": [
					 136.2384,
					 34.1262
				]
			},
			"properties": {
				"name": "JA/ME-094(小浦(三角点))",
				"読み":"Koura",
				"標高":"380m 1pt ",
				"GL":"PM84cd",
				"市郡区":"G#21008C ",
				"登山日":"",
				"メモ":"",
				"_markerType": "Icon",
				"_iconUrl": "https://maps.gsi.go.jp/portal/sys/v4/symbols/826.png",
				"_iconSize": [
					16,
					16
				],
				"_iconAnchor": [
					8,
					8
				]
			}
		},
		{
			"type": "Feature",
			"geometry": {
				"type": "Point",
				"coordinates": [
					 136.4462,
					 34.3987
				]
			},
			"properties": {
				"name": "JA/ME-095(長ケ(三角点))",
				"読み":"Naga",
				"標高":"380m 1pt ",
				"GL":"PM84fj",
				"市郡区":"G#21012C ",
				"登山日":"",
				"メモ":"",
				"_markerType": "Icon",
				"_iconUrl": "https://maps.gsi.go.jp/portal/sys/v4/symbols/826.png",
				"_iconSize": [
					16,
					16
				],
				"_iconAnchor": [
					8,
					8
				]
			}
		},
		{
			"type": "Feature",
			"geometry": {
				"type": "Point",
				"coordinates": [
					 136.0715,
					 34.6589
				]
			},
			"properties": {
				"name": "JA/ME-096(点365)",
				"読み":"P365",
				"標高":"365m 1pt ",
				"GL":"PM84ap",
				"市郡区":"C#2108 / G#24009B ",
				"登山日":"",
				"メモ":"",
				"_markerType": "Icon",
				"_iconUrl": "https://maps.gsi.go.jp/portal/sys/v4/symbols/826.png",
				"_iconSize": [
					16,
					16
				],
				"_iconAnchor": [
					8,
					8
				]
			}
		},
		{
			"type": "Feature",
			"geometry": {
				"type": "Point",
				"coordinates": [
					 136.0764,
					 34.7414
				]
			},
			"properties": {
				"name": "JA/ME-097(竜王山)",
				"読み":"Ryuouzan",
				"標高":"361m 1pt ",
				"GL":"PM84ar",
				"市郡区":"C#2117 ",
				"登山日":"",
				"メモ":"",
				"_markerType": "Icon",
				"_iconUrl": "https://maps.gsi.go.jp/portal/sys/v4/symbols/826.png",
				"_iconSize": [
					16,
					16
				],
				"_iconAnchor": [
					8,
					8
				]
			}
		},
		{
			"type": "Feature",
			"geometry": {
				"type": "Point",
				"coordinates": [
					 135.9817,
					 33.7501
				]
			},
			"properties": {
				"name": "JA/ME-098(点337(鮒田(三角点)近傍))",
				"読み":"P337",
				"標高":"337m 1pt ",
				"GL":"PM73xs",
				"市郡区":"G#21015B ",
				"登山日":"",
				"メモ":"",
				"_markerType": "Icon",
				"_iconUrl": "https://maps.gsi.go.jp/portal/sys/v4/symbols/826.png",
				"_iconSize": [
					16,
					16
				],
				"_iconAnchor": [
					8,
					8
				]
			}
		},
		{
			"type": "Feature",
			"geometry": {
				"type": "Point",
				"coordinates": [
					 136.8242,
					 34.4089
				]
			},
			"properties": {
				"name": "JA/ME-099(青峰山)",
				"読み":"Aominesan",
				"標高":"336m 1pt ",
				"GL":"PM84jj",
				"市郡区":"C#2111 / C#2116 ",
				"登山日":"",
				"メモ":"",
				"_markerType": "Icon",
				"_iconUrl": "https://maps.gsi.go.jp/portal/sys/v4/symbols/826.png",
				"_iconSize": [
					16,
					16
				],
				"_iconAnchor": [
					8,
					8
				]
			}
		},
		{
			"type": "Feature",
			"geometry": {
				"type": "Point",
				"coordinates": [
					 136.4332,
					 34.7337
				]
			},
			"properties": {
				"name": "JA/ME-100(長谷山)",
				"読み":"Haseyama",
				"標高":"320m 1pt ",
				"GL":"PM84fr",
				"市郡区":"C#2101 ",
				"登山日":"",
				"メモ":"",
				"_markerType": "Icon",
				"_iconUrl": "https://maps.gsi.go.jp/portal/sys/v4/symbols/826.png",
				"_iconSize": [
					16,
					16
				],
				"_iconAnchor": [
					8,
					8
				]
			}
		},
		{
			"type": "Feature",
			"geometry": {
				"type": "Point",
				"coordinates": [
					 136.529,
					 34.4548
				]
			},
			"properties": {
				"name": "JA/ME-101(栃原(三角点))",
				"読み":"Tochihara",
				"標高":"317m 1pt ",
				"GL":"PM84gk",
				"市郡区":"G#21012C / G#21012B ",
				"登山日":"",
				"メモ":"",
				"_markerType": "Icon",
				"_iconUrl": "https://maps.gsi.go.jp/portal/sys/v4/symbols/826.png",
				"_iconSize": [
					16,
					16
				],
				"_iconAnchor": [
					8,
					8
				]
			}
		},
		{
			"type": "Feature",
			"geometry": {
				"type": "Point",
				"coordinates": [
					 136.6219,
					 34.2828
				]
			},
			"properties": {
				"name": "JA/ME-102(局ヶ頂)",
				"読み":"Tsubonegacho",
				"標高":"311m 1pt ",
				"GL":"PM84hg",
				"市郡区":"G#21016L ",
				"登山日":"",
				"メモ":"",
				"_markerType": "Icon",
				"_iconUrl": "https://maps.gsi.go.jp/portal/sys/v4/symbols/826.png",
				"_iconSize": [
					16,
					16
				],
				"_iconAnchor": [
					8,
					8
				]
			}
		},
		{
			"type": "Feature",
			"geometry": {
				"type": "Point",
				"coordinates": [
					 136.6465,
					 34.3336
				]
			},
			"properties": {
				"name": "JA/ME-104(鶴路山)",
				"読み":"Kakuroyama",
				"標高":"292m 1pt ",
				"GL":"PM84hi",
				"市郡区":"G#21016L ",
				"登山日":"",
				"メモ":"",
				"_markerType": "Icon",
				"_iconUrl": "https://maps.gsi.go.jp/portal/sys/v4/symbols/826.png",
				"_iconSize": [
					16,
					16
				],
				"_iconAnchor": [
					8,
					8
				]
			}
		},
		{
			"type": "Feature",
			"geometry": {
				"type": "Point",
				"coordinates": [
					 136.5125,
					 34.4849
				]
			},
			"properties": {
				"name": "JA/ME-105(城山)",
				"読み":"Shiroyama",
				"標高":"291m 1pt ",
				"GL":"PM84gl",
				"市郡区":"G#21012B ",
				"登山日":"",
				"メモ":"",
				"_markerType": "Icon",
				"_iconUrl": "https://maps.gsi.go.jp/portal/sys/v4/symbols/826.png",
				"_iconSize": [
					16,
					16
				],
				"_iconAnchor": [
					8,
					8
				]
			}
		},
		{
			"type": "Feature",
			"geometry": {
				"type": "Point",
				"coordinates": [
					 135.9294,
					 33.9201
				]
			},
			"properties": {
				"name": "JA/ME-106(点290(北山村))",
				"読み":"P290",
				"標高":"290m 1pt ",
				"GL":"PM73xw",
				"市郡区":"G#26006A ",
				"登山日":"",
				"メモ":"",
				"_markerType": "Icon",
				"_iconUrl": "https://maps.gsi.go.jp/portal/sys/v4/symbols/826.png",
				"_iconSize": [
					16,
					16
				],
				"_iconAnchor": [
					8,
					8
				]
			}
		},
		{
			"type": "Feature",
			"geometry": {
				"type": "Point",
				"coordinates": [
					 136.8895,
					 34.4918
				]
			},
			"properties": {
				"name": "JA/ME-107(大山)",
				"読み":"Ooyama",
				"標高":"236m 1pt ",
				"GL":"PM84kl",
				"市郡区":"C#2111 ",
				"登山日":"",
				"メモ":"",
				"_markerType": "Icon",
				"_iconUrl": "https://maps.gsi.go.jp/portal/sys/v4/symbols/826.png",
				"_iconSize": [
					16,
					16
				],
				"_iconAnchor": [
					8,
					8
				]
			}
		},
		{
			"type": "Feature",
			"geometry": {
				"type": "Point",
				"coordinates": [
					 136.9847,
					 34.5484
				]
			},
			"properties": {
				"name": "JA/ME-108(灯明山)",
				"読み":"Toumyouyama",
				"標高":"171m 1pt ",
				"GL":"PM84ln",
				"市郡区":"C#2111 ",
				"登山日":"",
				"メモ":"",
				"_markerType": "Icon",
				"_iconUrl": "https://maps.gsi.go.jp/portal/sys/v4/symbols/826.png",
				"_iconSize": [
					16,
					16
				],
				"_iconAnchor": [
					8,
					8
				]
			}
		},
		{
			"type": "Feature",
			"geometry": {
				"type": "Point",
				"coordinates": [
					 136.8602,
					 34.5106
				]
			},
			"properties": {
				"name": "JA/ME-109(桃取山(三角点))",
				"読み":"Momotoriyama",
				"標高":"167m 1pt ",
				"GL":"PM84km",
				"市郡区":"C#2111 ",
				"登山日":"",
				"メモ":"",
				"_markerType": "Icon",
				"_iconUrl": "https://maps.gsi.go.jp/portal/sys/v4/symbols/826.png",
				"_iconSize": [
					16,
					16
				],
				"_iconAnchor": [
					8,
					8
				]
			}
		},
		{
			"type": "Feature",
			"geometry": {
				"type": "Point",
				"coordinates": [
					 136.156,
					 34.2491
				]
			},
			"properties": {
				"name": "JA/ME-110(鰔谷(三角点))",
				"読み":"Uguidani",
				"標高":"1291m 8pt ",
				"GL":"PM84bf",
				"市郡区":"G#21012C ",
				"登山日":"",
				"メモ":"",
				"_markerType": "Icon",
				"_iconUrl": "https://maps.gsi.go.jp/portal/sys/v4/symbols/104.png",
				"_iconSize": [
					16,
					16
				],
				"_iconAnchor": [
					8,
					8
				]
			}
		},
		{
			"type": "Feature",
			"geometry": {
				"type": "Point",
				"coordinates": [
					 136.1472,
					 34.032
				]
			},
			"properties": {
				"name": "JA/ME-111(高峰山)",
				"読み":"Takamineyama",
				"標高":"1045m 6pt ",
				"GL":"PM84ba",
				"市郡区":"C#2109 ",
				"登山日":"",
				"メモ":"",
				"_markerType": "Icon",
				"_iconUrl": "https://maps.gsi.go.jp/portal/sys/v4/symbols/103.png",
				"_iconSize": [
					16,
					16
				],
				"_iconAnchor": [
					8,
					8
				]
			}
		},
		{
			"type": "Feature",
			"geometry": {
				"type": "Point",
				"coordinates": [
					 136.3954,
					 34.9519
				]
			},
			"properties": {
				"name": "JA/ME-112(仙ヶ岳)",
				"読み":"Sengadake",
				"標高":"961m 6pt ",
				"GL":"PM84ew",
				"市郡区":"C#2107 / C#2110 / C#2309",
				"登山日":"",
				"メモ":"",
				"_markerType": "Icon",
				"_iconUrl": "https://maps.gsi.go.jp/portal/sys/v4/symbols/103.png",
				"_iconSize": [
					16,
					16
				],
				"_iconAnchor": [
					8,
					8
				]
			}
		},
		{
			"type": "Feature",
			"geometry": {
				"type": "Point",
				"coordinates": [
					 136.1337,
					 33.9856
				]
			},
			"properties": {
				"name": "JA/ME-113(ゲジョ山)",
				"読み":"Gejyoyama",
				"標高":"927m 6pt ",
				"GL":"PM83bx",
				"市郡区":"C#2109 / C#2112 ",
				"登山日":"",
				"メモ":"",
				"_markerType": "Icon",
				"_iconUrl": "https://maps.gsi.go.jp/portal/sys/v4/symbols/103.png",
				"_iconSize": [
					16,
					16
				],
				"_iconAnchor": [
					8,
					8
				]
			}
		},
		{
			"type": "Feature",
			"geometry": {
				"type": "Point",
				"coordinates": [
					 136.4162,
					 35.2148
				]
			},
			"properties": {
				"name": "JA/ME-114(三国岳)",
				"読み":"Mikunidake",
				"標高":"911m 6pt ",
				"GL":"PM85ef",
				"市郡区":"C#2115 / G#23002C ",
				"登山日":"",
				"メモ":"",
				"_markerType": "Icon",
				"_iconUrl": "https://maps.gsi.go.jp/portal/sys/v4/symbols/103.png",
				"_iconSize": [
					16,
					16
				],
				"_iconAnchor": [
					8,
					8
				]
			}
		},
		{
			"type": "Feature",
			"geometry": {
				"type": "Point",
				"coordinates": [
					 136.0875,
					 33.966
				]
			},
			"properties": {
				"name": "JA/ME-115(清水谷(三角点))",
				"読み":"Kiyomizudani",
				"標高":"903m 6pt ",
				"GL":"PM83bx",
				"市郡区":"C#2112 ",
				"登山日":"",
				"メモ":"",
				"_markerType": "Icon",
				"_iconUrl": "https://maps.gsi.go.jp/portal/sys/v4/symbols/103.png",
				"_iconSize": [
					16,
					16
				],
				"_iconAnchor": [
					8,
					8
				]
			}
		},
		{
			"type": "Feature",
			"geometry": {
				"type": "Point",
				"coordinates": [
					 136.1206,
					 33.9813
				]
			},
			"properties": {
				"name": "JA/ME-116(点854)",
				"読み":"P854",
				"標高":"854m 6pt ",
				"GL":"PM83bx",
				"市郡区":"C#2112 ",
				"登山日":"",
				"メモ":"",
				"_markerType": "Icon",
				"_iconUrl": "https://maps.gsi.go.jp/portal/sys/v4/symbols/103.png",
				"_iconSize": [
					16,
					16
				],
				"_iconAnchor": [
					8,
					8
				]
			}
		},
		{
			"type": "Feature",
			"geometry": {
				"type": "Point",
				"coordinates": [
					 136.3267,
					 34.5327
				]
			},
			"properties": {
				"name": "JA/ME-118(雨乞山)",
				"読み":"Amagoiyama",
				"標高":"698m 4pt ",
				"GL":"PM84dm",
				"市郡区":"C#2101 ",
				"登山日":"",
				"メモ":"",
				"_markerType": "Icon",
				"_iconUrl": "https://maps.gsi.go.jp/portal/sys/v4/symbols/828.png",
				"_iconSize": [
					16,
					16
				],
				"_iconAnchor": [
					8,
					8
				]
			}
		},
		{
			"type": "Feature",
			"geometry": {
				"type": "Point",
				"coordinates": [
					 136.3162,
					 34.4987
				]
			},
			"properties": {
				"name": "JA/ME-119(点692)",
				"読み":"P692",
				"標高":"692m 4pt ",
				"GL":"PM84dl",
				"市郡区":"C#2101 ",
				"登山日":"",
				"メモ":"",
				"_markerType": "Icon",
				"_iconUrl": "https://maps.gsi.go.jp/portal/sys/v4/symbols/828.png",
				"_iconSize": [
					16,
					16
				],
				"_iconAnchor": [
					8,
					8
				]
			}
		},
		{
			"type": "Feature",
			"geometry": {
				"type": "Point",
				"coordinates": [
					 136.3549,
					 34.4019
				]
			},
			"properties": {
				"name": "JA/ME-120(点614)",
				"読み":"P614",
				"標高":"614m 2pt ",
				"GL":"PM84ej",
				"市郡区":"G#21012C ",
				"登山日":"",
				"メモ":"",
				"_markerType": "Icon",
				"_iconUrl": "https://maps.gsi.go.jp/portal/sys/v4/symbols/102.png",
				"_iconSize": [
					16,
					16
				],
				"_iconAnchor": [
					8,
					8
				]
			}
		},
		{
			"type": "Feature",
			"geometry": {
				"type": "Point",
				"coordinates": [
					 136.4712,
					 35.0885
				]
			},
			"properties": {
				"name": "JA/ME-121(福王山)",
				"読み":"Fukuouyama",
				"標高":"598m 2pt ",
				"GL":"PM85fc",
				"市郡区":"G#21014D ",
				"登山日":"",
				"メモ":"",
				"_markerType": "Icon",
				"_iconUrl": "https://maps.gsi.go.jp/portal/sys/v4/symbols/102.png",
				"_iconSize": [
					16,
					16
				],
				"_iconAnchor": [
					8,
					8
				]
			}
		},
		{
			"type": "Feature",
			"geometry": {
				"type": "Point",
				"coordinates": [
					 136.1687,
					 33.9566
				]
			},
			"properties": {
				"name": "JA/ME-122(二木島(三角点))",
				"読み":"Nikijima",
				"標高":"581m 2pt ",
				"GL":"PM83cw",
				"市郡区":"C#2112 ",
				"登山日":"",
				"メモ":"",
				"_markerType": "Icon",
				"_iconUrl": "https://maps.gsi.go.jp/portal/sys/v4/symbols/102.png",
				"_iconSize": [
					16,
					16
				],
				"_iconAnchor": [
					8,
					8
				]
			}
		},
		{
			"type": "Feature",
			"geometry": {
				"type": "Point",
				"coordinates": [
					 136.5529,
					 34.3643
				]
			},
			"properties": {
				"name": "JA/ME-123(点570)",
				"読み":"P570",
				"標高":"570m 2pt ",
				"GL":"PM84gi",
				"市郡区":"G#21016J ",
				"登山日":"",
				"メモ":"",
				"_markerType": "Icon",
				"_iconUrl": "https://maps.gsi.go.jp/portal/sys/v4/symbols/102.png",
				"_iconSize": [
					16,
					16
				],
				"_iconAnchor": [
					8,
					8
				]
			}
		},
		{
			"type": "Feature",
			"geometry": {
				"type": "Point",
				"coordinates": [
					 136.2532,
					 34.2127
				]
			},
			"properties": {
				"name": "JA/ME-124(点540)",
				"読み":"P540",
				"標高":"540m 2pt ",
				"GL":"PM84df",
				"市郡区":"G#21008C ",
				"登山日":"",
				"メモ":"",
				"_markerType": "Icon",
				"_iconUrl": "https://maps.gsi.go.jp/portal/sys/v4/symbols/102.png",
				"_iconSize": [
					16,
					16
				],
				"_iconAnchor": [
					8,
					8
				]
			}
		},
		{
			"type": "Feature",
			"geometry": {
				"type": "Point",
				"coordinates": [
					 136.3908,
					 34.5448
				]
			},
			"properties": {
				"name": "JA/ME-125(黒米山)",
				"読み":"Kokumaiyama",
				"標高":"540m 2pt ",
				"GL":"PM84en",
				"市郡区":"C#2104 ",
				"登山日":"",
				"メモ":"",
				"_markerType": "Icon",
				"_iconUrl": "https://maps.gsi.go.jp/portal/sys/v4/symbols/102.png",
				"_iconSize": [
					16,
					16
				],
				"_iconAnchor": [
					8,
					8
				]
			}
		},
		{
			"type": "Feature",
			"geometry": {
				"type": "Point",
				"coordinates": [
					 136.3408,
					 34.2433
				]
			},
			"properties": {
				"name": "JA/ME-126(郡界嶺)",
				"読み":"Gunkaimine",
				"標高":"535m 2pt ",
				"GL":"PM84ef",
				"市郡区":"G#21008C / G#21016K ",
				"登山日":"",
				"メモ":"",
				"_markerType": "Icon",
				"_iconUrl": "https://maps.gsi.go.jp/portal/sys/v4/symbols/102.png",
				"_iconSize": [
					16,
					16
				],
				"_iconAnchor": [
					8,
					8
				]
			}
		},
		{
			"type": "Feature",
			"geometry": {
				"type": "Point",
				"coordinates": [
					 136.4248,
					 34.4204
				]
			},
			"properties": {
				"name": "JA/ME-127(点510)",
				"読み":"P510",
				"標高":"510m 2pt ",
				"GL":"PM84fk",
				"市郡区":"G#21012B ",
				"登山日":"",
				"メモ":"",
				"_markerType": "Icon",
				"_iconUrl": "https://maps.gsi.go.jp/portal/sys/v4/symbols/102.png",
				"_iconSize": [
					16,
					16
				],
				"_iconAnchor": [
					8,
					8
				]
			}
		},
		{
			"type": "Feature",
			"geometry": {
				"type": "Point",
				"coordinates": [
					 136.5556,
					 34.2993
				]
			},
			"properties": {
				"name": "JA/ME-128(高山)",
				"読み":"Takayama",
				"標高":"497m 1pt ",
				"GL":"PM84gh",
				"市郡区":"G#21016L ",
				"登山日":"",
				"メモ":"",
				"_markerType": "Icon",
				"_iconUrl": "https://maps.gsi.go.jp/portal/sys/v4/symbols/826.png",
				"_iconSize": [
					16,
					16
				],
				"_iconAnchor": [
					8,
					8
				]
			}
		},
		{
			"type": "Feature",
			"geometry": {
				"type": "Point",
				"coordinates": [
					 136.7407,
					 34.4358
				]
			},
			"properties": {
				"name": "JA/ME-129(口島路(三角点))",
				"読み":"Kuchijimaji",
				"標高":"405m 1pt ",
				"GL":"PM84ik",
				"市郡区":"C#2103 ",
				"登山日":"",
				"メモ":"",
				"_markerType": "Icon",
				"_iconUrl": "https://maps.gsi.go.jp/portal/sys/v4/symbols/826.png",
				"_iconSize": [
					16,
					16
				],
				"_iconAnchor": [
					8,
					8
				]
			}
		},
		{
			"type": "Feature",
			"geometry": {
				"type": "Point",
				"coordinates": [
					 136.2612,
					 34.0207
				]
			},
			"properties": {
				"name": "JA/ME-130(頂山)",
				"読み":"Itadakiyama",
				"標高":"397m 1pt ",
				"GL":"PM84da",
				"市郡区":"C#2109 ",
				"登山日":"",
				"メモ":"",
				"_markerType": "Icon",
				"_iconUrl": "https://maps.gsi.go.jp/portal/sys/v4/symbols/826.png",
				"_iconSize": [
					16,
					16
				],
				"_iconAnchor": [
					8,
					8
				]
			}
		},
		{
			"type": "Feature",
			"geometry": {
				"type": "Point",
				"coordinates": [
					 136.008,
					 33.771
				]
			},
			"properties": {
				"name": "JA/ME-131(大烏帽子山)",
				"読み":"Ooeboshiyama",
				"標高":"362m 1pt ",
				"GL":"PM83as",
				"市郡区":"G#21015B ",
				"登山日":"",
				"メモ":"",
				"_markerType": "Icon",
				"_iconUrl": "https://maps.gsi.go.jp/portal/sys/v4/symbols/826.png",
				"_iconSize": [
					16,
					16
				],
				"_iconAnchor": [
					8,
					8
				]
			}
		},
		{
			"type": "Feature",
			"geometry": {
				"type": "Point",
				"coordinates": [
					 136.1719,
					 34.7851
				]
			},
			"properties": {
				"name": "JA/ME-132(伊賀小富士(南宮山))",
				"読み":"Igakofuji/Nanguusan",
				"標高":"349m 1pt ",
				"GL":"PM84cs",
				"市郡区":"C#2117 ",
				"登山日":"",
				"メモ":"",
				"_markerType": "Icon",
				"_iconUrl": "https://maps.gsi.go.jp/portal/sys/v4/symbols/826.png",
				"_iconSize": [
					16,
					16
				],
				"_iconAnchor": [
					8,
					8
				]
			}
		},
		{
			"type": "Feature",
			"geometry": {
				"type": "Point",
				"coordinates": [
					 136.2743,
					 34.0935
				]
			},
			"properties": {
				"name": "JA/ME-133(日和山)",
				"読み":"Hiyoriyama",
				"標高":"301m 1pt ",
				"GL":"PM84dc",
				"市郡区":"C#2109 ",
				"登山日":"",
				"メモ":"",
				"_markerType": "Icon",
				"_iconUrl": "https://maps.gsi.go.jp/portal/sys/v4/symbols/826.png",
				"_iconSize": [
					16,
					16
				],
				"_iconAnchor": [
					8,
					8
				]
			}
		},
		{
			"type": "Feature",
			"geometry": {
				"type": "Point",
				"coordinates": [
					 136.4746,
					 34.241
				]
			},
			"properties": {
				"name": "JA/ME-134(天神山)",
				"読み":"Tenjinyama",
				"標高":"290m 1pt ",
				"GL":"PM84ff",
				"市郡区":"G#21016L ",
				"登山日":"",
				"メモ":"",
				"_markerType": "Icon",
				"_iconUrl": "https://maps.gsi.go.jp/portal/sys/v4/symbols/826.png",
				"_iconSize": [
					16,
					16
				],
				"_iconAnchor": [
					8,
					8
				]
			}
		},
		{
			"type": "Feature",
			"geometry": {
				"type": "Point",
				"coordinates": [
					 136.5437,
					 34.4279
				]
			},
			"properties": {
				"name": "JA/ME-135(田口(三角点))",
				"読み":"Taguchi",
				"標高":"287m 1pt ",
				"GL":"PM84gk",
				"市郡区":"G#21016J ",
				"登山日":"",
				"メモ":"",
				"_markerType": "Icon",
				"_iconUrl": "https://maps.gsi.go.jp/portal/sys/v4/symbols/826.png",
				"_iconSize": [
					16,
					16
				],
				"_iconAnchor": [
					8,
					8
				]
			}
		},
		{
			"type": "Feature",
			"geometry": {
				"type": "Point",
				"coordinates": [
					 136.5231,
					 34.4227
				]
			},
			"properties": {
				"name": "JA/ME-136(伊谷(三角点))",
				"読み":"Idani",
				"標高":"266m 1pt ",
				"GL":"PM84gk",
				"市郡区":"G#21016K ",
				"登山日":"",
				"メモ":"",
				"_markerType": "Icon",
				"_iconUrl": "https://maps.gsi.go.jp/portal/sys/v4/symbols/826.png",
				"_iconSize": [
					16,
					16
				],
				"_iconAnchor": [
					8,
					8
				]
			}
		},
		{
			"type": "Feature",
			"geometry": {
				"type": "Point",
				"coordinates": [
					 136.4632,
					 34.4855
				]
			},
			"properties": {
				"name": "JA/ME-137(城ノ峰(三角点))",
				"読み":"Jyonomine",
				"標高":"265m 1pt ",
				"GL":"PM84fl",
				"市郡区":"C#2104 / G#21012B ",
				"登山日":"",
				"メモ":"",
				"_markerType": "Icon",
				"_iconUrl": "https://maps.gsi.go.jp/portal/sys/v4/symbols/826.png",
				"_iconSize": [
					16,
					16
				],
				"_iconAnchor": [
					8,
					8
				]
			}
		},
		{
			"type": "Feature",
			"geometry": {
				"type": "Point",
				"coordinates": [
					 136.5995,
					 34.2741
				]
			},
			"properties": {
				"name": "JA/ME-138(点258)",
				"読み":"P258",
				"標高":"258m 1pt ",
				"GL":"PM84hg",
				"市郡区":"G#21016L ",
				"登山日":"",
				"メモ":"",
				"_markerType": "Icon",
				"_iconUrl": "https://maps.gsi.go.jp/portal/sys/v4/symbols/826.png",
				"_iconSize": [
					16,
					16
				],
				"_iconAnchor": [
					8,
					8
				]
			}
		},
		{
			"type": "Feature",
			"geometry": {
				"type": "Point",
				"coordinates": [
					 136.7536,
					 34.3474
				]
			},
			"properties": {
				"name": "JA/ME-139(中河内(三角点))",
				"読み":"Nakakouchi",
				"標高":"212m 1pt ",
				"GL":"PM84ji",
				"市郡区":"G#21016L / C#2116 ",
				"登山日":"",
				"メモ":"",
				"_markerType": "Icon",
				"_iconUrl": "https://maps.gsi.go.jp/portal/sys/v4/symbols/826.png",
				"_iconSize": [
					16,
					16
				],
				"_iconAnchor": [
					8,
					8
				]
			}
		},
		{
			"type": "Feature",
			"geometry": {
				"type": "Point",
				"coordinates": [
					 136.7881,
					 34.3243
				]
			},
			"properties": {
				"name": "JA/ME-140(横山)",
				"読み":"Yokoyama",
				"標高":"203m 1pt ",
				"GL":"PM84jh",
				"市郡区":"C#2116 ",
				"登山日":"",
				"メモ":"",
				"_markerType": "Icon",
				"_iconUrl": "https://maps.gsi.go.jp/portal/sys/v4/symbols/826.png",
				"_iconSize": [
					16,
					16
				],
				"_iconAnchor": [
					8,
					8
				]
			}
		},
		{
			"type": "Feature",
			"geometry": {
				"type": "Point",
				"coordinates": [
					 136.5493,
					 34.2694
				]
			},
			"properties": {
				"name": "JA/ME-141(智那(三角点))",
				"読み":"Nachi",
				"標高":"191m 1pt ",
				"GL":"PM84gg",
				"市郡区":"G#21016L ",
				"登山日":"",
				"メモ":"",
				"_markerType": "Icon",
				"_iconUrl": "https://maps.gsi.go.jp/portal/sys/v4/symbols/826.png",
				"_iconSize": [
					16,
					16
				],
				"_iconAnchor": [
					8,
					8
				]
			}
		},
		{
			"type": "Feature",
			"geometry": {
				"type": "Point",
				"coordinates": [
					 136.296,
					 34.0906
				]
			},
			"properties": {
				"name": "JA/ME-142(点175)",
				"読み":"P175",
				"標高":"175m 1pt ",
				"GL":"PM84dc",
				"市郡区":"C#2109 ",
				"登山日":"",
				"メモ":"",
				"_markerType": "Icon",
				"_iconUrl": "https://maps.gsi.go.jp/portal/sys/v4/symbols/826.png",
				"_iconSize": [
					16,
					16
				],
				"_iconAnchor": [
					8,
					8
				]
			}
		},
		{
			"type": "Feature",
			"geometry": {
				"type": "Point",
				"coordinates": [
					 136.261,
					 34.0598
				]
			},
			"properties": {
				"name": "JA/ME-143(桃頭島)",
				"読み":"Togajima",
				"標高":"167m 1pt ",
				"GL":"PM84db",
				"市郡区":"C#2109 ",
				"登山日":"",
				"メモ":"",
				"_markerType": "Icon",
				"_iconUrl": "https://maps.gsi.go.jp/portal/sys/v4/symbols/826.png",
				"_iconSize": [
					16,
					16
				],
				"_iconAnchor": [
					8,
					8
				]
			}
		},
		{
			"type": "Feature",
			"geometry": {
				"type": "Point",
				"coordinates": [
					 136.5455,
					 34.2566
				]
			},
			"properties": {
				"name": "JA/ME-144(点165)",
				"読み":"P165",
				"標高":"165m 1pt ",
				"GL":"PM84gg",
				"市郡区":"G#21016L ",
				"登山日":"",
				"メモ":"",
				"_markerType": "Icon",
				"_iconUrl": "https://maps.gsi.go.jp/portal/sys/v4/symbols/826.png",
				"_iconSize": [
					16,
					16
				],
				"_iconAnchor": [
					8,
					8
				]
			}
		},
		{
			"type": "Feature",
			"geometry": {
				"type": "Point",
				"coordinates": [
					 135.928119,
					 33.899193
				]
			},
			"properties": {
				"name": "JA/ME-145(西山)",
				"読み":"Nishiyama",
				"標高":"627m 2pt ",
				"GL":"PM73xv",
				"市郡区":"C#2112 ",
				"登山日":"",
				"メモ":"",
				"_markerType": "Icon",
				"_iconUrl": "https://maps.gsi.go.jp/portal/sys/v4/symbols/102.png",
				"_iconSize": [
					16,
					16
				],
				"_iconAnchor": [
					8,
					8
				]
			}
		},
		{
			"type": "Feature",
			"geometry": {
				"type": "Point",
				"coordinates": [
					 138.7274,
					 35.3606
				]
			},
			"properties": {
				"name": "JA/SO-001(富士山剣ヶ峰)",
				"読み":"FujisanKengamine",
				"標高":"3776m 10pt ",
				"GL":"PM95ii",
				"市郡区":"C#1807 ",
				"登山日":"",
				"メモ":"",
				"_markerType": "Icon",
				"_iconUrl": "https://maps.gsi.go.jp/portal/sys/v4/symbols/101.png",
				"_iconSize": [
					16,
					16
				],
				"_iconAnchor": [
					8,
					8
				]
			}
		},
		{
			"type": "Feature",
			"geometry": {
				"type": "Point",
				"coordinates": [
					 138.1823,
					 35.5007
				]
			},
			"properties": {
				"name": "JA/SO-002(悪沢岳)",
				"読み":"Warusawadake",
				"標高":"3141m 10pt ",
				"GL":"PM95cm",
				"市郡区":"C#180101 ",
				"登山日":"",
				"メモ":"",
				"_markerType": "Icon",
				"_iconUrl": "https://maps.gsi.go.jp/portal/sys/v4/symbols/101.png",
				"_iconSize": [
					16,
					16
				],
				"_iconAnchor": [
					8,
					8
				]
			}
		},
		{
			"type": "Feature",
			"geometry": {
				"type": "Point",
				"coordinates": [
					 138.1574,
					 35.4612
				]
			},
			"properties": {
				"name": "JA/SO-003(赤石岳)",
				"読み":"Akaishidake",
				"標高":"3121m 10pt ",
				"GL":"PM95bl",
				"市郡区":"C#180101 / G#09008C ",
				"登山日":"",
				"メモ":"",
				"_markerType": "Icon",
				"_iconUrl": "https://maps.gsi.go.jp/portal/sys/v4/symbols/101.png",
				"_iconSize": [
					16,
					16
				],
				"_iconAnchor": [
					8,
					8
				]
			}
		},
		{
			"type": "Feature",
			"geometry": {
				"type": "Point",
				"coordinates": [
					 138.1671,
					 35.4966
				]
			},
			"properties": {
				"name": "JA/SO-004(荒川岳(中岳))",
				"読み":"Arakawadake/Nakadake",
				"標高":"3083m 10pt ",
				"GL":"PM95cl",
				"市郡区":"C#180101 ",
				"登山日":"",
				"メモ":"",
				"_markerType": "Icon",
				"_iconUrl": "https://maps.gsi.go.jp/portal/sys/v4/symbols/101.png",
				"_iconSize": [
					16,
					16
				],
				"_iconAnchor": [
					8,
					8
				]
			}
		},
		{
			"type": "Feature",
			"geometry": {
				"type": "Point",
				"coordinates": [
					 138.2303,
					 35.6247
				]
			},
			"properties": {
				"name": "JA/SO-005(農鳥岳(西農鳥岳))",
				"読み":"Noutoridake/Nishinoutoridake",
				"標高":"3051m 10pt ",
				"GL":"PM95co",
				"市郡区":"C#180101 / G#17007F ",
				"登山日":"",
				"メモ":"",
				"_markerType": "Icon",
				"_iconUrl": "https://maps.gsi.go.jp/portal/sys/v4/symbols/101.png",
				"_iconSize": [
					16,
					16
				],
				"_iconAnchor": [
					8,
					8
				]
			}
		},
		{
			"type": "Feature",
			"geometry": {
				"type": "Point",
				"coordinates": [
					 138.1831,
					 35.5738
				]
			},
			"properties": {
				"name": "JA/SO-006(塩見岳)",
				"読み":"Shiomidake",
				"標高":"3047m 10pt ",
				"GL":"PM95cn",
				"市郡区":"C#180101 / C#0909 ",
				"登山日":"",
				"メモ":"",
				"_markerType": "Icon",
				"_iconUrl": "https://maps.gsi.go.jp/portal/sys/v4/symbols/101.png",
				"_iconSize": [
					16,
					16
				],
				"_iconAnchor": [
					8,
					8
				]
			}
		},
		{
			"type": "Feature",
			"geometry": {
				"type": "Point",
				"coordinates": [
					 138.1397,
					 35.4225
				]
			},
			"properties": {
				"name": "JA/SO-007(聖岳(前聖岳))",
				"読み":"Hijiridake/Maehijiridake",
				"標高":"3013m 10pt ",
				"GL":"PM95bk",
				"市郡区":"C#180101 / C#0905 ",
				"登山日":"",
				"メモ":"",
				"_markerType": "Icon",
				"_iconUrl": "https://maps.gsi.go.jp/portal/sys/v4/symbols/101.png",
				"_iconSize": [
					16,
					16
				],
				"_iconAnchor": [
					8,
					8
				]
			}
		},
		{
			"type": "Feature",
			"geometry": {
				"type": "Point",
				"coordinates": [
					 138.1528,
					 35.3896
				]
			},
			"properties": {
				"name": "JA/SO-008(上河内岳)",
				"読み":"Kamikouchidake",
				"標高":"2803m 10pt ",
				"GL":"PM95bj",
				"市郡区":"C#180101 ",
				"登山日":"",
				"メモ":"",
				"_markerType": "Icon",
				"_iconUrl": "https://maps.gsi.go.jp/portal/sys/v4/symbols/101.png",
				"_iconSize": [
					16,
					16
				],
				"_iconAnchor": [
					8,
					8
				]
			}
		},
		{
			"type": "Feature",
			"geometry": {
				"type": "Point",
				"coordinates": [
					 138.1529,
					 35.5378
				]
			},
			"properties": {
				"name": "JA/SO-009(小河内岳)",
				"読み":"Kogouchidake",
				"標高":"2802m 10pt ",
				"GL":"PM95bm",
				"市郡区":"C#180101 / G#09008C ",
				"登山日":"",
				"メモ":"",
				"_markerType": "Icon",
				"_iconUrl": "https://maps.gsi.go.jp/portal/sys/v4/symbols/101.png",
				"_iconSize": [
					16,
					16
				],
				"_iconAnchor": [
					8,
					8
				]
			}
		},
		{
			"type": "Feature",
			"geometry": {
				"type": "Point",
				"coordinates": [
					 138.0838,
					 35.3382
				]
			},
			"properties": {
				"name": "JA/SO-010(光岳)",
				"読み":"Tekaridake",
				"標高":"2591m 10pt ",
				"GL":"PM95bi",
				"市郡区":"G#18011I / C#0905 ",
				"登山日":"",
				"メモ":"",
				"_markerType": "Icon",
				"_iconUrl": "https://maps.gsi.go.jp/portal/sys/v4/symbols/101.png",
				"_iconSize": [
					16,
					16
				],
				"_iconAnchor": [
					8,
					8
				]
			}
		},
		{
			"type": "Feature",
			"geometry": {
				"type": "Point",
				"coordinates": [
					 138.0383,
					 35.3302
				]
			},
			"properties": {
				"name": "JA/SO-011(池口岳)",
				"読み":"Ikeguchidake",
				"標高":"2392m 10pt ",
				"GL":"PM95ah",
				"市郡区":"G#18011I / C#0905 ",
				"登山日":"",
				"メモ":"",
				"_markerType": "Icon",
				"_iconUrl": "https://maps.gsi.go.jp/portal/sys/v4/symbols/101.png",
				"_iconSize": [
					16,
					16
				],
				"_iconAnchor": [
					8,
					8
				]
			}
		},
		{
			"type": "Feature",
			"geometry": {
				"type": "Point",
				"coordinates": [
					 138.0983,
					 35.307
				]
			},
			"properties": {
				"name": "JA/SO-012(信濃俣)",
				"読み":"Shinanomata",
				"標高":"2332m 10pt ",
				"GL":"PM95bh",
				"市郡区":"C#180101 / G#18011I ",
				"登山日":"",
				"メモ":"",
				"_markerType": "Icon",
				"_iconUrl": "https://maps.gsi.go.jp/portal/sys/v4/symbols/101.png",
				"_iconSize": [
					16,
					16
				],
				"_iconAnchor": [
					8,
					8
				]
			}
		},
		{
			"type": "Feature",
			"geometry": {
				"type": "Point",
				"coordinates": [
					 138.1616,
					 35.256
				]
			},
			"properties": {
				"name": "JA/SO-013(大無間山)",
				"読み":"Daimugenzan",
				"標高":"2329m 10pt ",
				"GL":"PM95bg",
				"市郡区":"C#180101 / G#18011I ",
				"登山日":"",
				"メモ":"",
				"_markerType": "Icon",
				"_iconUrl": "https://maps.gsi.go.jp/portal/sys/v4/symbols/101.png",
				"_iconSize": [
					16,
					16
				],
				"_iconAnchor": [
					8,
					8
				]
			}
		},
		{
			"type": "Feature",
			"geometry": {
				"type": "Point",
				"coordinates": [
					 138.0181,
					 35.2942
				]
			},
			"properties": {
				"name": "JA/SO-014(中ノ尾根山)",
				"読み":"Nakanooneyama",
				"標高":"2296m 10pt ",
				"GL":"PM95ah",
				"市郡区":"C#180207 / G#18011I ",
				"登山日":"",
				"メモ":"",
				"_markerType": "Icon",
				"_iconUrl": "https://maps.gsi.go.jp/portal/sys/v4/symbols/101.png",
				"_iconSize": [
					16,
					16
				],
				"_iconAnchor": [
					8,
					8
				]
			}
		},
		{
			"type": "Feature",
			"geometry": {
				"type": "Point",
				"coordinates": [
					 138.1374,
					 35.2833
				]
			},
			"properties": {
				"name": "JA/SO-015(大根沢山)",
				"読み":"Oonezawayama",
				"標高":"2240m 10pt ",
				"GL":"PM95bg",
				"市郡区":"C#180101 / G#18011I ",
				"登山日":"",
				"メモ":"",
				"_markerType": "Icon",
				"_iconUrl": "https://maps.gsi.go.jp/portal/sys/v4/symbols/101.png",
				"_iconSize": [
					16,
					16
				],
				"_iconAnchor": [
					8,
					8
				]
			}
		},
		{
			"type": "Feature",
			"geometry": {
				"type": "Point",
				"coordinates": [
					 138.0411,
					 35.2354
				]
			},
			"properties": {
				"name": "JA/SO-016(不動岳)",
				"読み":"Fudougatake",
				"標高":"2171m 10pt ",
				"GL":"PM95af",
				"市郡区":"G#18011I ",
				"登山日":"",
				"メモ":"",
				"_markerType": "Icon",
				"_iconUrl": "https://maps.gsi.go.jp/portal/sys/v4/symbols/101.png",
				"_iconSize": [
					16,
					16
				],
				"_iconAnchor": [
					8,
					8
				]
			}
		},
		{
			"type": "Feature",
			"geometry": {
				"type": "Point",
				"coordinates": [
					 138.0294,
					 35.1962
				]
			},
			"properties": {
				"name": "JA/SO-017(黒法師岳)",
				"読み":"Kuroboushigatake",
				"標高":"2067m 10pt ",
				"GL":"PM95ae",
				"市郡区":"G#18011I / C#180207 ",
				"登山日":"",
				"メモ":"",
				"_markerType": "Icon",
				"_iconUrl": "https://maps.gsi.go.jp/portal/sys/v4/symbols/101.png",
				"_iconSize": [
					16,
					16
				],
				"_iconAnchor": [
					8,
					8
				]
			}
		},
		{
			"type": "Feature",
			"geometry": {
				"type": "Point",
				"coordinates": [
					 138.2853,
					 35.3043
				]
			},
			"properties": {
				"name": "JA/SO-018(山伏)",
				"読み":"Yanbushi",
				"標高":"2010m 10pt ",
				"GL":"PM95dh",
				"市郡区":"C#180101 / G#17007F ",
				"登山日":"",
				"メモ":"",
				"_markerType": "Icon",
				"_iconUrl": "https://maps.gsi.go.jp/portal/sys/v4/symbols/101.png",
				"_iconSize": [
					16,
					16
				],
				"_iconAnchor": [
					8,
					8
				]
			}
		},
		{
			"type": "Feature",
			"geometry": {
				"type": "Point",
				"coordinates": [
					 138.5439,
					 35.4158
				]
			},
			"properties": {
				"name": "JA/SO-019(毛無山)",
				"読み":"Kenashiyama",
				"標高":"1964m 10pt ",
				"GL":"PM95gj",
				"市郡区":"C#1807 / G#17007G ",
				"登山日":"",
				"メモ":"",
				"_markerType": "Icon",
				"_iconUrl": "https://maps.gsi.go.jp/portal/sys/v4/symbols/101.png",
				"_iconSize": [
					16,
					16
				],
				"_iconAnchor": [
					8,
					8
				]
			}
		},
		{
			"type": "Feature",
			"geometry": {
				"type": "Point",
				"coordinates": [
					 138.0701,
					 35.1873
				]
			},
			"properties": {
				"name": "JA/SO-020(前黒法師岳)",
				"読み":"Maekuroboushidake",
				"標高":"1943m 10pt ",
				"GL":"PM95ae",
				"市郡区":"G#18011I ",
				"登山日":"",
				"メモ":"",
				"_markerType": "Icon",
				"_iconUrl": "https://maps.gsi.go.jp/portal/sys/v4/symbols/101.png",
				"_iconSize": [
					16,
					16
				],
				"_iconAnchor": [
					8,
					8
				]
			}
		},
		{
			"type": "Feature",
			"geometry": {
				"type": "Point",
				"coordinates": [
					 138.1323,
					 35.2069
				]
			},
			"properties": {
				"name": "JA/SO-021(朝日岳)",
				"読み":"Asahidake",
				"標高":"1827m 10pt ",
				"GL":"PM95be",
				"市郡区":"G#18011I ",
				"登山日":"",
				"メモ":"",
				"_markerType": "Icon",
				"_iconUrl": "https://maps.gsi.go.jp/portal/sys/v4/symbols/101.png",
				"_iconSize": [
					16,
					16
				],
				"_iconAnchor": [
					8,
					8
				]
			}
		},
		{
			"type": "Feature",
			"geometry": {
				"type": "Point",
				"coordinates": [
					 137.9856,
					 35.1947
				]
			},
			"properties": {
				"name": "JA/SO-022(前黒法師山)",
				"読み":"Maekuroboushiyama",
				"標高":"1782m 10pt ",
				"GL":"PM85xe",
				"市郡区":"C#180207 ",
				"登山日":"",
				"メモ":"",
				"_markerType": "Icon",
				"_iconUrl": "https://maps.gsi.go.jp/portal/sys/v4/symbols/101.png",
				"_iconSize": [
					16,
					16
				],
				"_iconAnchor": [
					8,
					8
				]
			}
		},
		{
			"type": "Feature",
			"geometry": {
				"type": "Point",
				"coordinates": [
					 138.2764,
					 35.2682
				]
			},
			"properties": {
				"name": "JA/SO-023(笹山)",
				"読み":"Sasayama",
				"標高":"1763m 10pt ",
				"GL":"PM95dg",
				"市郡区":"C#180101 ",
				"登山日":"",
				"メモ":"",
				"_markerType": "Icon",
				"_iconUrl": "https://maps.gsi.go.jp/portal/sys/v4/symbols/101.png",
				"_iconSize": [
					16,
					16
				],
				"_iconAnchor": [
					8,
					8
				]
			}
		},
		{
			"type": "Feature",
			"geometry": {
				"type": "Point",
				"coordinates": [
					 138.079,
					 35.2586
				]
			},
			"properties": {
				"name": "JA/SO-024(諸沢山)",
				"読み":"Syonosawayama",
				"標高":"1750m 10pt ",
				"GL":"PM95ag",
				"市郡区":"G#18011I ",
				"登山日":"",
				"メモ":"",
				"_markerType": "Icon",
				"_iconUrl": "https://maps.gsi.go.jp/portal/sys/v4/symbols/101.png",
				"_iconSize": [
					16,
					16
				],
				"_iconAnchor": [
					8,
					8
				]
			}
		},
		{
			"type": "Feature",
			"geometry": {
				"type": "Point",
				"coordinates": [
					 138.0354,
					 35.1261
				]
			},
			"properties": {
				"name": "JA/SO-025(蕎麦粒山)",
				"読み":"Sobatsubuyama",
				"標高":"1627m 10pt ",
				"GL":"PM95ad",
				"市郡区":"G#18011I / C#180207 ",
				"登山日":"",
				"メモ":"",
				"_markerType": "Icon",
				"_iconUrl": "https://maps.gsi.go.jp/portal/sys/v4/symbols/101.png",
				"_iconSize": [
					16,
					16
				],
				"_iconAnchor": [
					8,
					8
				]
			}
		},
		{
			"type": "Feature",
			"geometry": {
				"type": "Point",
				"coordinates": [
					 138.2189,
					 35.1566
				]
			},
			"properties": {
				"name": "JA/SO-026(七ッ峰)",
				"読み":"Nanatsumine",
				"標高":"1533m 10pt ",
				"GL":"PM95cd",
				"市郡区":"G#18011I / C#180101 ",
				"登山日":"",
				"メモ":"",
				"_markerType": "Icon",
				"_iconUrl": "https://maps.gsi.go.jp/portal/sys/v4/symbols/101.png",
				"_iconSize": [
					16,
					16
				],
				"_iconAnchor": [
					8,
					8
				]
			}
		},
		{
			"type": "Feature",
			"geometry": {
				"type": "Point",
				"coordinates": [
					 138.794,
					 35.2381
				]
			},
			"properties": {
				"name": "JA/SO-027(愛鷹山(越前岳))",
				"読み":"Ashitakayama/Echizendake",
				"標高":"1504m 10pt ",
				"GL":"PM95jf",
				"市郡区":"C#1821 / C#1813 ",
				"登山日":"",
				"メモ":"",
				"_markerType": "Icon",
				"_iconUrl": "https://maps.gsi.go.jp/portal/sys/v4/symbols/101.png",
				"_iconSize": [
					16,
					16
				],
				"_iconAnchor": [
					8,
					8
				]
			}
		},
		{
			"type": "Feature",
			"geometry": {
				"type": "Point",
				"coordinates": [
					 138.0105,
					 35.1
				]
			},
			"properties": {
				"name": "JA/SO-028(竜馬ヶ岳)",
				"読み":"Ryuumagatake",
				"標高":"1501m 10pt ",
				"GL":"PM95ac",
				"市郡区":"C#180207 ",
				"登山日":"",
				"メモ":"",
				"_markerType": "Icon",
				"_iconUrl": "https://maps.gsi.go.jp/portal/sys/v4/symbols/101.png",
				"_iconSize": [
					16,
					16
				],
				"_iconAnchor": [
					8,
					8
				]
			}
		},
		{
			"type": "Feature",
			"geometry": {
				"type": "Point",
				"coordinates": [
					 138.8099,
					 35.2238
				]
			},
			"properties": {
				"name": "JA/SO-029(位牌岳)",
				"読み":"Ihaidake",
				"標高":"1458m 8pt ",
				"GL":"PM95jf",
				"市郡区":"C#1821 / C#1813 ",
				"登山日":"",
				"メモ":"",
				"_markerType": "Icon",
				"_iconUrl": "https://maps.gsi.go.jp/portal/sys/v4/symbols/104.png",
				"_iconSize": [
					16,
					16
				],
				"_iconAnchor": [
					8,
					8
				]
			}
		},
		{
			"type": "Feature",
			"geometry": {
				"type": "Point",
				"coordinates": [
					 139.0018,
					 34.8629
				]
			},
			"properties": {
				"name": "JA/SO-030(天城山(万三郎岳))",
				"読み":"Amagisan/Banzaburoudake",
				"標高":"1405m 8pt ",
				"GL":"PM94mu",
				"市郡区":"C#1823 / G#18006E ",
				"登山日":"",
				"メモ":"",
				"_markerType": "Icon",
				"_iconUrl": "https://maps.gsi.go.jp/portal/sys/v4/symbols/104.png",
				"_iconSize": [
					16,
					16
				],
				"_iconAnchor": [
					8,
					8
				]
			}
		},
		{
			"type": "Feature",
			"geometry": {
				"type": "Point",
				"coordinates": [
					 138.8919,
					 35.3896
				]
			},
			"properties": {
				"name": "JA/SO-031(大洞山)",
				"読み":"Oohorayama",
				"標高":"1384m 8pt ",
				"GL":"PM95kj",
				"市郡区":"G#18009C / G#17008I ",
				"登山日":"",
				"メモ":"",
				"_markerType": "Icon",
				"_iconUrl": "https://maps.gsi.go.jp/portal/sys/v4/symbols/104.png",
				"_iconSize": [
					16,
					16
				],
				"_iconAnchor": [
					8,
					8
				]
			}
		},
		{
			"type": "Feature",
			"geometry": {
				"type": "Point",
				"coordinates": [
					 137.9188,
					 35.2546
				]
			},
			"properties": {
				"name": "JA/SO-032(青崩峠東(三角点))",
				"読み":"Aokuzuretougehigashi",
				"標高":"1368m 8pt ",
				"GL":"PM85xg",
				"市郡区":"C#180207 / C#0905 ",
				"登山日":"",
				"メモ":"",
				"_markerType": "Icon",
				"_iconUrl": "https://maps.gsi.go.jp/portal/sys/v4/symbols/104.png",
				"_iconSize": [
					16,
					16
				],
				"_iconAnchor": [
					8,
					8
				]
			}
		},
		{
			"type": "Feature",
			"geometry": {
				"type": "Point",
				"coordinates": [
					 138.1841,
					 35.1368
				]
			},
			"properties": {
				"name": "JA/SO-033(天狗石山)",
				"読み":"Tenguishidake",
				"標高":"1366m 8pt ",
				"GL":"PM95cd",
				"市郡区":"G#18011I / C#180101 ",
				"登山日":"",
				"メモ":"",
				"_markerType": "Icon",
				"_iconUrl": "https://maps.gsi.go.jp/portal/sys/v4/symbols/104.png",
				"_iconSize": [
					16,
					16
				],
				"_iconAnchor": [
					8,
					8
				]
			}
		},
		{
			"type": "Feature",
			"geometry": {
				"type": "Point",
				"coordinates": [
					 137.8823,
					 35.0693
				]
			},
			"properties": {
				"name": "JA/SO-034(竜頭山)",
				"読み":"Ryuutouzan",
				"標高":"1352m 8pt ",
				"GL":"PM85wb",
				"市郡区":"C#180207 ",
				"登山日":"",
				"メモ":"",
				"_markerType": "Icon",
				"_iconUrl": "https://maps.gsi.go.jp/portal/sys/v4/symbols/104.png",
				"_iconSize": [
					16,
					16
				],
				"_iconAnchor": [
					8,
					8
				]
			}
		},
		{
			"type": "Feature",
			"geometry": {
				"type": "Point",
				"coordinates": [
					 137.8968,
					 35.1211
				]
			},
			"properties": {
				"name": "JA/SO-035(井戸口山)",
				"読み":"Idoguchiyama",
				"標高":"1335m 8pt ",
				"GL":"PM85wc",
				"市郡区":"C#180207 ",
				"登山日":"",
				"メモ":"",
				"_markerType": "Icon",
				"_iconUrl": "https://maps.gsi.go.jp/portal/sys/v4/symbols/104.png",
				"_iconSize": [
					16,
					16
				],
				"_iconAnchor": [
					8,
					8
				]
			}
		},
		{
			"type": "Feature",
			"geometry": {
				"type": "Point",
				"coordinates": [
					 138.1672,
					 35.1778
				]
			},
			"properties": {
				"name": "JA/SO-036(三ツ峰(三角点))",
				"読み":"Mitsumine",
				"標高":"1294m 8pt ",
				"GL":"PM95ce",
				"市郡区":"G#18011I ",
				"登山日":"",
				"メモ":"",
				"_markerType": "Icon",
				"_iconUrl": "https://maps.gsi.go.jp/portal/sys/v4/symbols/104.png",
				"_iconSize": [
					16,
					16
				],
				"_iconAnchor": [
					8,
					8
				]
			}
		},
		{
			"type": "Feature",
			"geometry": {
				"type": "Point",
				"coordinates": [
					 138.3231,
					 35.22
				]
			},
			"properties": {
				"name": "JA/SO-037(二王山)",
				"読み":"Niouyama",
				"標高":"1208m 8pt ",
				"GL":"PM95df",
				"市郡区":"C#180101 ",
				"登山日":"",
				"メモ":"",
				"_markerType": "Icon",
				"_iconUrl": "https://maps.gsi.go.jp/portal/sys/v4/symbols/104.png",
				"_iconSize": [
					16,
					16
				],
				"_iconAnchor": [
					8,
					8
				]
			}
		},
		{
			"type": "Feature",
			"geometry": {
				"type": "Point",
				"coordinates": [
					 139.0325,
					 34.8789
				]
			},
			"properties": {
				"name": "JA/SO-038(遠笠山)",
				"読み":"Tougasayama",
				"標高":"1197m 8pt ",
				"GL":"PM94mv",
				"市郡区":"C#1823 / G#18006E ",
				"登山日":"",
				"メモ":"",
				"_markerType": "Icon",
				"_iconUrl": "https://maps.gsi.go.jp/portal/sys/v4/symbols/104.png",
				"_iconSize": [
					16,
					16
				],
				"_iconAnchor": [
					8,
					8
				]
			}
		},
		{
			"type": "Feature",
			"geometry": {
				"type": "Point",
				"coordinates": [
					 138.438,
					 35.1785
				]
			},
			"properties": {
				"name": "JA/SO-040(高ドッキョウ)",
				"読み":"Takadokkyou",
				"標高":"1134m 8pt ",
				"GL":"PM95fe",
				"市郡区":"C#180103 / G#17007E ",
				"登山日":"",
				"メモ":"",
				"_markerType": "Icon",
				"_iconUrl": "https://maps.gsi.go.jp/portal/sys/v4/symbols/104.png",
				"_iconSize": [
					16,
					16
				],
				"_iconAnchor": [
					8,
					8
				]
			}
		},
		{
			"type": "Feature",
			"geometry": {
				"type": "Point",
				"coordinates": [
					 138.1499,
					 35.0613
				]
			},
			"properties": {
				"name": "JA/SO-041(点1110(本城山(三角点)近傍))",
				"読み":"P1110",
				"標高":"1110m 8pt ",
				"GL":"PM95bb",
				"市郡区":"G#18011I / C#1809 ",
				"登山日":"",
				"メモ":"",
				"_markerType": "Icon",
				"_iconUrl": "https://maps.gsi.go.jp/portal/sys/v4/symbols/104.png",
				"_iconSize": [
					16,
					16
				],
				"_iconAnchor": [
					8,
					8
				]
			}
		},
		{
			"type": "Feature",
			"geometry": {
				"type": "Point",
				"coordinates": [
					 137.8134,
					 35.0435
				]
			},
			"properties": {
				"name": "JA/SO-042(橿山)",
				"読み":"Kashiyama",
				"標高":"1059m 6pt ",
				"GL":"PM85vb",
				"市郡区":"C#180207 ",
				"登山日":"",
				"メモ":"",
				"_markerType": "Icon",
				"_iconUrl": "https://maps.gsi.go.jp/portal/sys/v4/symbols/103.png",
				"_iconSize": [
					16,
					16
				],
				"_iconAnchor": [
					8,
					8
				]
			}
		},
		{
			"type": "Feature",
			"geometry": {
				"type": "Point",
				"coordinates": [
					 138.4035,
					 35.0883
				]
			},
			"properties": {
				"name": "JA/SO-043(竜爪山)",
				"読み":"Ryuusouzan",
				"標高":"1051m 6pt ",
				"GL":"PM95ec",
				"市郡区":"C#180101 / C#180103 ",
				"登山日":"",
				"メモ":"",
				"_markerType": "Icon",
				"_iconUrl": "https://maps.gsi.go.jp/portal/sys/v4/symbols/103.png",
				"_iconSize": [
					16,
					16
				],
				"_iconAnchor": [
					8,
					8
				]
			}
		},
		{
			"type": "Feature",
			"geometry": {
				"type": "Point",
				"coordinates": [
					 137.7722,
					 35.0132
				]
			},
			"properties": {
				"name": "JA/SO-044(点1050(白倉山近傍))",
				"読み":"P1050",
				"標高":"1050m 6pt ",
				"GL":"PM85va",
				"市郡区":"C#180207 ",
				"登山日":"",
				"メモ":"",
				"_markerType": "Icon",
				"_iconUrl": "https://maps.gsi.go.jp/portal/sys/v4/symbols/103.png",
				"_iconSize": [
					16,
					16
				],
				"_iconAnchor": [
					8,
					8
				]
			}
		},
		{
			"type": "Feature",
			"geometry": {
				"type": "Point",
				"coordinates": [
					 138.3485,
					 35.1598
				]
			},
			"properties": {
				"name": "JA/SO-045(見月山)",
				"読み":"Mitsukiyama",
				"標高":"1047m 6pt ",
				"GL":"PM95ed",
				"市郡区":"C#180101 ",
				"登山日":"",
				"メモ":"",
				"_markerType": "Icon",
				"_iconUrl": "https://maps.gsi.go.jp/portal/sys/v4/symbols/103.png",
				"_iconSize": [
					16,
					16
				],
				"_iconAnchor": [
					8,
					8
				]
			}
		},
		{
			"type": "Feature",
			"geometry": {
				"type": "Point",
				"coordinates": [
					 138.3061,
					 35.091
				]
			},
			"properties": {
				"name": "JA/SO-046(大棚山)",
				"読み":"Ootanayama",
				"標高":"1035m 6pt ",
				"GL":"PM95dc",
				"市郡区":"C#180101 ",
				"登山日":"",
				"メモ":"",
				"_markerType": "Icon",
				"_iconUrl": "https://maps.gsi.go.jp/portal/sys/v4/symbols/103.png",
				"_iconSize": [
					16,
					16
				],
				"_iconAnchor": [
					8,
					8
				]
			}
		},
		{
			"type": "Feature",
			"geometry": {
				"type": "Point",
				"coordinates": [
					 138.8637,
					 34.8578
				]
			},
			"properties": {
				"name": "JA/SO-047(猫越岳)",
				"読み":"Nekkodake",
				"標高":"1035m 6pt ",
				"GL":"PM94ku",
				"市郡区":"C#1823 / G#18006B ",
				"登山日":"",
				"メモ":"",
				"_markerType": "Icon",
				"_iconUrl": "https://maps.gsi.go.jp/portal/sys/v4/symbols/103.png",
				"_iconSize": [
					16,
					16
				],
				"_iconAnchor": [
					8,
					8
				]
			}
		},
		{
			"type": "Feature",
			"geometry": {
				"type": "Point",
				"coordinates": [
					 138.2766,
					 35.0784
				]
			},
			"properties": {
				"name": "JA/SO-048(突先山)",
				"読み":"Tossakiyama",
				"標高":"1022m 6pt ",
				"GL":"PM95db",
				"市郡区":"C#180101 ",
				"登山日":"",
				"メモ":"",
				"_markerType": "Icon",
				"_iconUrl": "https://maps.gsi.go.jp/portal/sys/v4/symbols/103.png",
				"_iconSize": [
					16,
					16
				],
				"_iconAnchor": [
					8,
					8
				]
			}
		},
		{
			"type": "Feature",
			"geometry": {
				"type": "Point",
				"coordinates": [
					 138.0316,
					 34.9959
				]
			},
			"properties": {
				"name": "JA/SO-049(点1009(夕日峠近傍))",
				"読み":"P1009",
				"標高":"1009m 6pt ",
				"GL":"PM94ax",
				"市郡区":"C#180207 / C#1809 ",
				"登山日":"",
				"メモ":"",
				"_markerType": "Icon",
				"_iconUrl": "https://maps.gsi.go.jp/portal/sys/v4/symbols/103.png",
				"_iconSize": [
					16,
					16
				],
				"_iconAnchor": [
					8,
					8
				]
			}
		},
		{
			"type": "Feature",
			"geometry": {
				"type": "Point",
				"coordinates": [
					 138.868,
					 34.7884
				]
			},
			"properties": {
				"name": "JA/SO-050(長九郎山)",
				"読み":"Chyoukurouyama",
				"標高":"996m 6pt ",
				"GL":"PM94ks",
				"市郡区":"G#18006C / G#18006B ",
				"登山日":"",
				"メモ":"",
				"_markerType": "Icon",
				"_iconUrl": "https://maps.gsi.go.jp/portal/sys/v4/symbols/103.png",
				"_iconSize": [
					16,
					16
				],
				"_iconAnchor": [
					8,
					8
				]
			}
		},
		{
			"type": "Feature",
			"geometry": {
				"type": "Point",
				"coordinates": [
					 138.8391,
					 34.955
				]
			},
			"properties": {
				"name": "JA/SO-051(達磨山)",
				"読み":"Darumayama",
				"標高":"982m 6pt ",
				"GL":"PM94kw",
				"市郡区":"C#1823 / C#1803 ",
				"登山日":"",
				"メモ":"",
				"_markerType": "Icon",
				"_iconUrl": "https://maps.gsi.go.jp/portal/sys/v4/symbols/103.png",
				"_iconSize": [
					16,
					16
				],
				"_iconAnchor": [
					8,
					8
				]
			}
		},
		{
			"type": "Feature",
			"geometry": {
				"type": "Point",
				"coordinates": [
					 137.8269,
					 35.1331
				]
			},
			"properties": {
				"name": "JA/SO-052(点956)",
				"読み":"P956",
				"標高":"956m 6pt ",
				"GL":"PM85vd",
				"市郡区":"C#180207 ",
				"登山日":"",
				"メモ":"",
				"_markerType": "Icon",
				"_iconUrl": "https://maps.gsi.go.jp/portal/sys/v4/symbols/103.png",
				"_iconSize": [
					16,
					16
				],
				"_iconAnchor": [
					8,
					8
				]
			}
		},
		{
			"type": "Feature",
			"geometry": {
				"type": "Point",
				"coordinates": [
					 138.478,
					 35.1775
				]
			},
			"properties": {
				"name": "JA/SO-053(平治の段)",
				"読み":"Heijinodan",
				"標高":"937m 6pt ",
				"GL":"PM95fe",
				"市郡区":"C#180103 / G#17007E ",
				"登山日":"",
				"メモ":"",
				"_markerType": "Icon",
				"_iconUrl": "https://maps.gsi.go.jp/portal/sys/v4/symbols/103.png",
				"_iconSize": [
					16,
					16
				],
				"_iconAnchor": [
					8,
					8
				]
			}
		},
		{
			"type": "Feature",
			"geometry": {
				"type": "Point",
				"coordinates": [
					 138.006,
					 34.9383
				]
			},
			"properties": {
				"name": "JA/SO-054(大日山)",
				"読み":"Dainichisan",
				"標高":"881m 6pt ",
				"GL":"PM94aw",
				"市郡区":"G#18008B ",
				"登山日":"",
				"メモ":"",
				"_markerType": "Icon",
				"_iconUrl": "https://maps.gsi.go.jp/portal/sys/v4/symbols/103.png",
				"_iconSize": [
					16,
					16
				],
				"_iconAnchor": [
					8,
					8
				]
			}
		},
		{
			"type": "Feature",
			"geometry": {
				"type": "Point",
				"coordinates": [
					 138.183,
					 34.9798
				]
			},
			"properties": {
				"name": "JA/SO-055(高根山)",
				"読み":"Takanesan",
				"標高":"871m 6pt ",
				"GL":"PM94cx",
				"市郡区":"C#1815 / C#1809 ",
				"登山日":"",
				"メモ":"",
				"_markerType": "Icon",
				"_iconUrl": "https://maps.gsi.go.jp/portal/sys/v4/symbols/103.png",
				"_iconSize": [
					16,
					16
				],
				"_iconAnchor": [
					8,
					8
				]
			}
		},
		{
			"type": "Feature",
			"geometry": {
				"type": "Point",
				"coordinates": [
					 138.1875,
					 35.0226
				]
			},
			"properties": {
				"name": "JA/SO-056(樫山(三角点))",
				"読み":"Kashiyama",
				"標高":"869m 6pt ",
				"GL":"PM95ca",
				"市郡区":"C#180101 / C#1809 ",
				"登山日":"",
				"メモ":"",
				"_markerType": "Icon",
				"_iconUrl": "https://maps.gsi.go.jp/portal/sys/v4/symbols/103.png",
				"_iconSize": [
					16,
					16
				],
				"_iconAnchor": [
					8,
					8
				]
			}
		},
		{
			"type": "Feature",
			"geometry": {
				"type": "Point",
				"coordinates": [
					 137.7497,
					 34.9816
				]
			},
			"properties": {
				"name": "JA/SO-057(箒木山)",
				"読み":"Houkigiyama",
				"標高":"841m 4pt ",
				"GL":"PM84ux",
				"市郡区":"C#180207 ",
				"登山日":"",
				"メモ":"",
				"_markerType": "Icon",
				"_iconUrl": "https://maps.gsi.go.jp/portal/sys/v4/symbols/828.png",
				"_iconSize": [
					16,
					16
				],
				"_iconAnchor": [
					8,
					8
				]
			}
		},
		{
			"type": "Feature",
			"geometry": {
				"type": "Point",
				"coordinates": [
					 138.2009,
					 35.0094
				]
			},
			"properties": {
				"name": "JA/SO-058(点834)",
				"読み":"P834",
				"標高":"834m 4pt ",
				"GL":"PM95ca",
				"市郡区":"C#180101 / C#1815 ",
				"登山日":"",
				"メモ":"",
				"_markerType": "Icon",
				"_iconUrl": "https://maps.gsi.go.jp/portal/sys/v4/symbols/828.png",
				"_iconSize": [
					16,
					16
				],
				"_iconAnchor": [
					8,
					8
				]
			}
		},
		{
			"type": "Feature",
			"geometry": {
				"type": "Point",
				"coordinates": [
					 138.0566,
					 34.9074
				]
			},
			"properties": {
				"name": "JA/SO-059(八高山)",
				"読み":"Hakkousan",
				"標高":"832m 4pt ",
				"GL":"PM94av",
				"市郡区":"C#1809 / C#1814 ",
				"登山日":"",
				"メモ":"",
				"_markerType": "Icon",
				"_iconUrl": "https://maps.gsi.go.jp/portal/sys/v4/symbols/828.png",
				"_iconSize": [
					16,
					16
				],
				"_iconAnchor": [
					8,
					8
				]
			}
		},
		{
			"type": "Feature",
			"geometry": {
				"type": "Point",
				"coordinates": [
					 137.8394,
					 35.1183
				]
			},
			"properties": {
				"name": "JA/SO-060(点810)",
				"読み":"P810",
				"標高":"810m 4pt ",
				"GL":"PM85wc",
				"市郡区":"C#180207 ",
				"登山日":"",
				"メモ":"",
				"_markerType": "Icon",
				"_iconUrl": "https://maps.gsi.go.jp/portal/sys/v4/symbols/828.png",
				"_iconSize": [
					16,
					16
				],
				"_iconAnchor": [
					8,
					8
				]
			}
		},
		{
			"type": "Feature",
			"geometry": {
				"type": "Point",
				"coordinates": [
					 139.0281,
					 35.0817
				]
			},
			"properties": {
				"name": "JA/SO-061(玄岳)",
				"読み":"Kurotake",
				"標高":"798m 4pt ",
				"GL":"PM95mb",
				"市郡区":"G#18010I / C#1805 / C#1826",
				"登山日":"",
				"メモ":"",
				"_markerType": "Icon",
				"_iconUrl": "https://maps.gsi.go.jp/portal/sys/v4/symbols/828.png",
				"_iconSize": [
					16,
					16
				],
				"_iconAnchor": [
					8,
					8
				]
			}
		},
		{
			"type": "Feature",
			"geometry": {
				"type": "Point",
				"coordinates": [
					 138.5172,
					 35.2933
				]
			},
			"properties": {
				"name": "JA/SO-063(天子湖(三角点))",
				"読み":"Tenshiko",
				"標高":"731m 4pt ",
				"GL":"PM95gh",
				"市郡区":"C#1807 / G#17007E ",
				"登山日":"",
				"メモ":"",
				"_markerType": "Icon",
				"_iconUrl": "https://maps.gsi.go.jp/portal/sys/v4/symbols/828.png",
				"_iconSize": [
					16,
					16
				],
				"_iconAnchor": [
					8,
					8
				]
			}
		},
		{
			"type": "Feature",
			"geometry": {
				"type": "Point",
				"coordinates": [
					 138.1166,
					 34.9646
				]
			},
			"properties": {
				"name": "JA/SO-064(点720)",
				"読み":"P720",
				"標高":"720m 4pt ",
				"GL":"PM94bx",
				"市郡区":"C#1809 ",
				"登山日":"",
				"メモ":"",
				"_markerType": "Icon",
				"_iconUrl": "https://maps.gsi.go.jp/portal/sys/v4/symbols/828.png",
				"_iconSize": [
					16,
					16
				],
				"_iconAnchor": [
					8,
					8
				]
			}
		},
		{
			"type": "Feature",
			"geometry": {
				"type": "Point",
				"coordinates": [
					 138.3178,
					 35.0511
				]
			},
			"properties": {
				"name": "JA/SO-065(高山)",
				"読み":"Takayama",
				"標高":"717m 4pt ",
				"GL":"PM95db",
				"市郡区":"C#180101 ",
				"登山日":"",
				"メモ":"",
				"_markerType": "Icon",
				"_iconUrl": "https://maps.gsi.go.jp/portal/sys/v4/symbols/828.png",
				"_iconSize": [
					16,
					16
				],
				"_iconAnchor": [
					8,
					8
				]
			}
		},
		{
			"type": "Feature",
			"geometry": {
				"type": "Point",
				"coordinates": [
					 137.7648,
					 34.9561
				]
			},
			"properties": {
				"name": "JA/SO-066(ヲト山(三角点))",
				"読み":"Wotoyama",
				"標高":"714m 4pt ",
				"GL":"PM84vw",
				"市郡区":"C#180207 ",
				"登山日":"",
				"メモ":"",
				"_markerType": "Icon",
				"_iconUrl": "https://maps.gsi.go.jp/portal/sys/v4/symbols/828.png",
				"_iconSize": [
					16,
					16
				],
				"_iconAnchor": [
					8,
					8
				]
			}
		},
		{
			"type": "Feature",
			"geometry": {
				"type": "Point",
				"coordinates": [
					 137.7009,
					 35.0035
				]
			},
			"properties": {
				"name": "JA/SO-067(点710(茅野峠(三角点)近傍))",
				"読み":"P710",
				"標高":"710m 4pt ",
				"GL":"PM85ua",
				"市郡区":"C#2023 / C#180207 ",
				"登山日":"",
				"メモ":"",
				"_markerType": "Icon",
				"_iconUrl": "https://maps.gsi.go.jp/portal/sys/v4/symbols/828.png",
				"_iconSize": [
					16,
					16
				],
				"_iconAnchor": [
					8,
					8
				]
			}
		},
		{
			"type": "Feature",
			"geometry": {
				"type": "Point",
				"coordinates": [
					 138.5335,
					 35.1201
				]
			},
			"properties": {
				"name": "JA/SO-068(浜石岳)",
				"読み":"Hamaishidake",
				"標高":"707m 4pt ",
				"GL":"PM95gc",
				"市郡区":"C#180103 ",
				"登山日":"",
				"メモ":"",
				"_markerType": "Icon",
				"_iconUrl": "https://maps.gsi.go.jp/portal/sys/v4/symbols/828.png",
				"_iconSize": [
					16,
					16
				],
				"_iconAnchor": [
					8,
					8
				]
			}
		},
		{
			"type": "Feature",
			"geometry": {
				"type": "Point",
				"coordinates": [
					 138.7943,
					 34.8173
				]
			},
			"properties": {
				"name": "JA/SO-069(笠蓋山)",
				"読み":"Kasabutayama",
				"標高":"703m 4pt ",
				"GL":"PM94jt",
				"市郡区":"G#18006B ",
				"登山日":"",
				"メモ":"",
				"_markerType": "Icon",
				"_iconUrl": "https://maps.gsi.go.jp/portal/sys/v4/symbols/828.png",
				"_iconSize": [
					16,
					16
				],
				"_iconAnchor": [
					8,
					8
				]
			}
		},
		{
			"type": "Feature",
			"geometry": {
				"type": "Point",
				"coordinates": [
					 138.1602,
					 34.9415
				]
			},
			"properties": {
				"name": "JA/SO-070(菩提山)",
				"読み":"Bodaisan",
				"標高":"691m 4pt ",
				"GL":"PM94bw",
				"市郡区":"C#1815 / C#1809 ",
				"登山日":"",
				"メモ":"",
				"_markerType": "Icon",
				"_iconUrl": "https://maps.gsi.go.jp/portal/sys/v4/symbols/828.png",
				"_iconSize": [
					16,
					16
				],
				"_iconAnchor": [
					8,
					8
				]
			}
		},
		{
			"type": "Feature",
			"geometry": {
				"type": "Point",
				"coordinates": [
					 138.183,
					 34.9539
				]
			},
			"properties": {
				"name": "JA/SO-071(笠張山)",
				"読み":"Kasahariyama",
				"標高":"690m 4pt ",
				"GL":"PM94cw",
				"市郡区":"C#1815 ",
				"登山日":"",
				"メモ":"",
				"_markerType": "Icon",
				"_iconUrl": "https://maps.gsi.go.jp/portal/sys/v4/symbols/828.png",
				"_iconSize": [
					16,
					16
				],
				"_iconAnchor": [
					8,
					8
				]
			}
		},
		{
			"type": "Feature",
			"geometry": {
				"type": "Point",
				"coordinates": [
					 137.6508,
					 34.9329
				]
			},
			"properties": {
				"name": "JA/SO-072(弓張山)",
				"読み":"Yumiharisan",
				"標高":"679m 4pt ",
				"GL":"PM84tw",
				"市郡区":"C#180209 / C#2023 ",
				"登山日":"",
				"メモ":"",
				"_markerType": "Icon",
				"_iconUrl": "https://maps.gsi.go.jp/portal/sys/v4/symbols/828.png",
				"_iconSize": [
					16,
					16
				],
				"_iconAnchor": [
					8,
					8
				]
			}
		},
		{
			"type": "Feature",
			"geometry": {
				"type": "Point",
				"coordinates": [
					 137.8553,
					 35.0672
				]
			},
			"properties": {
				"name": "JA/SO-073(大平(三角点))",
				"読み":"Oohira",
				"標高":"679m 4pt ",
				"GL":"PM85wb",
				"市郡区":"C#180207 ",
				"登山日":"",
				"メモ":"",
				"_markerType": "Icon",
				"_iconUrl": "https://maps.gsi.go.jp/portal/sys/v4/symbols/828.png",
				"_iconSize": [
					16,
					16
				],
				"_iconAnchor": [
					8,
					8
				]
			}
		},
		{
			"type": "Feature",
			"geometry": {
				"type": "Point",
				"coordinates": [
					 138.078,
					 34.8819
				]
			},
			"properties": {
				"name": "JA/SO-074(経塚山)",
				"読み":"Kyoudukayama",
				"標高":"670m 4pt ",
				"GL":"PM94av",
				"市郡区":"C#1809 ",
				"登山日":"",
				"メモ":"",
				"_markerType": "Icon",
				"_iconUrl": "https://maps.gsi.go.jp/portal/sys/v4/symbols/828.png",
				"_iconSize": [
					16,
					16
				],
				"_iconAnchor": [
					8,
					8
				]
			}
		},
		{
			"type": "Feature",
			"geometry": {
				"type": "Point",
				"coordinates": [
					 137.9459,
					 34.9781
				]
			},
			"properties": {
				"name": "JA/SO-075(高塚山)",
				"読み":"Takatsukayama",
				"標高":"660m 4pt ",
				"GL":"PM84xx",
				"市郡区":"C#180207 ",
				"登山日":"",
				"メモ":"",
				"_markerType": "Icon",
				"_iconUrl": "https://maps.gsi.go.jp/portal/sys/v4/symbols/828.png",
				"_iconSize": [
					16,
					16
				],
				"_iconAnchor": [
					8,
					8
				]
			}
		},
		{
			"type": "Feature",
			"geometry": {
				"type": "Point",
				"coordinates": [
					 137.7466,
					 34.9472
				]
			},
			"properties": {
				"name": "JA/SO-076(神明山)",
				"読み":"Shinmeiyama",
				"標高":"658m 4pt ",
				"GL":"PM84uw",
				"市郡区":"C#180207 ",
				"登山日":"",
				"メモ":"",
				"_markerType": "Icon",
				"_iconUrl": "https://maps.gsi.go.jp/portal/sys/v4/symbols/828.png",
				"_iconSize": [
					16,
					16
				],
				"_iconAnchor": [
					8,
					8
				]
			}
		},
		{
			"type": "Feature",
			"geometry": {
				"type": "Point",
				"coordinates": [
					 137.9777,
					 34.9157
				]
			},
			"properties": {
				"name": "JA/SO-077(菰張山)",
				"読み":"Komohariyama",
				"標高":"629m 2pt ",
				"GL":"PM84xv",
				"市郡区":"G#18008B ",
				"登山日":"",
				"メモ":"",
				"_markerType": "Icon",
				"_iconUrl": "https://maps.gsi.go.jp/portal/sys/v4/symbols/102.png",
				"_iconSize": [
					16,
					16
				],
				"_iconAnchor": [
					8,
					8
				]
			}
		},
		{
			"type": "Feature",
			"geometry": {
				"type": "Point",
				"coordinates": [
					 138.9645,
					 34.9279
				]
			},
			"properties": {
				"name": "JA/SO-078(天子山(天主山))",
				"読み":"Tenshiyama(Tensyuyama)",
				"標高":"608m 2pt ",
				"GL":"PM94lw",
				"市郡区":"C#1823 ",
				"登山日":"",
				"メモ":"",
				"_markerType": "Icon",
				"_iconUrl": "https://maps.gsi.go.jp/portal/sys/v4/symbols/102.png",
				"_iconSize": [
					16,
					16
				],
				"_iconAnchor": [
					8,
					8
				]
			}
		},
		{
			"type": "Feature",
			"geometry": {
				"type": "Point",
				"coordinates": [
					 138.8593,
					 34.7378
				]
			},
			"properties": {
				"name": "JA/SO-079(婆娑羅山)",
				"読み":"Basarayama",
				"標高":"608m 2pt ",
				"GL":"PM94kr",
				"市郡区":"C#1820 / G#18006C ",
				"登山日":"",
				"メモ":"",
				"_markerType": "Icon",
				"_iconUrl": "https://maps.gsi.go.jp/portal/sys/v4/symbols/102.png",
				"_iconSize": [
					16,
					16
				],
				"_iconAnchor": [
					8,
					8
				]
			}
		},
		{
			"type": "Feature",
			"geometry": {
				"type": "Point",
				"coordinates": [
					 138.5893,
					 35.1446
				]
			},
			"properties": {
				"name": "JA/SO-080(大平山近傍)",
				"読み":"Near_Oohirayama",
				"標高":"598m 2pt ",
				"GL":"PM95hd",
				"市郡区":"C#1813 ",
				"登山日":"",
				"メモ":"",
				"_markerType": "Icon",
				"_iconUrl": "https://maps.gsi.go.jp/portal/sys/v4/symbols/102.png",
				"_iconSize": [
					16,
					16
				],
				"_iconAnchor": [
					8,
					8
				]
			}
		},
		{
			"type": "Feature",
			"geometry": {
				"type": "Point",
				"coordinates": [
					 138.0679,
					 34.8577
				]
			},
			"properties": {
				"name": "JA/SO-081(岳山)",
				"読み":"Dakeyama",
				"標高":"585m 2pt ",
				"GL":"PM94au",
				"市郡区":"C#1809 / C#1814 ",
				"登山日":"",
				"メモ":"",
				"_markerType": "Icon",
				"_iconUrl": "https://maps.gsi.go.jp/portal/sys/v4/symbols/102.png",
				"_iconSize": [
					16,
					16
				],
				"_iconAnchor": [
					8,
					8
				]
			}
		},
		{
			"type": "Feature",
			"geometry": {
				"type": "Point",
				"coordinates": [
					 139.0946,
					 34.9031
				]
			},
			"properties": {
				"name": "JA/SO-082(大室山)",
				"読み":"Oomuroyama",
				"標高":"580m 2pt ",
				"GL":"PM94nv",
				"市郡区":"C#1808 ",
				"登山日":"",
				"メモ":"",
				"_markerType": "Icon",
				"_iconUrl": "https://maps.gsi.go.jp/portal/sys/v4/symbols/102.png",
				"_iconSize": [
					16,
					16
				],
				"_iconAnchor": [
					8,
					8
				]
			}
		},
		{
			"type": "Feature",
			"geometry": {
				"type": "Point",
				"coordinates": [
					 137.9208,
					 34.8973
				]
			},
			"properties": {
				"name": "JA/SO-083(点580)",
				"読み":"P580",
				"標高":"580m 2pt ",
				"GL":"PM84xv",
				"市郡区":"C#180207 / G#18008B ",
				"登山日":"",
				"メモ":"",
				"_markerType": "Icon",
				"_iconUrl": "https://maps.gsi.go.jp/portal/sys/v4/symbols/102.png",
				"_iconSize": [
					16,
					16
				],
				"_iconAnchor": [
					8,
					8
				]
			}
		},
		{
			"type": "Feature",
			"geometry": {
				"type": "Point",
				"coordinates": [
					 137.7445,
					 34.9
				]
			},
			"properties": {
				"name": "JA/SO-084(観音山)",
				"読み":"Kannonyama",
				"標高":"575m 2pt ",
				"GL":"PM84uv",
				"市郡区":"C#180207 / C#180209 ",
				"登山日":"",
				"メモ":"",
				"_markerType": "Icon",
				"_iconUrl": "https://maps.gsi.go.jp/portal/sys/v4/symbols/102.png",
				"_iconSize": [
					16,
					16
				],
				"_iconAnchor": [
					8,
					8
				]
			}
		},
		{
			"type": "Feature",
			"geometry": {
				"type": "Point",
				"coordinates": [
					 138.2583,
					 35.0047
				]
			},
			"properties": {
				"name": "JA/SO-085(点570)",
				"読み":"P570",
				"標高":"570m 2pt ",
				"GL":"PM95da",
				"市郡区":"C#180101 ",
				"登山日":"",
				"メモ":"",
				"_markerType": "Icon",
				"_iconUrl": "https://maps.gsi.go.jp/portal/sys/v4/symbols/102.png",
				"_iconSize": [
					16,
					16
				],
				"_iconAnchor": [
					8,
					8
				]
			}
		},
		{
			"type": "Feature",
			"geometry": {
				"type": "Point",
				"coordinates": [
					 138.1299,
					 34.8938
				]
			},
			"properties": {
				"name": "JA/SO-086(高山)",
				"読み":"Takayama",
				"標高":"569m 2pt ",
				"GL":"PM94bv",
				"市郡区":"C#1809 ",
				"登山日":"",
				"メモ":"",
				"_markerType": "Icon",
				"_iconUrl": "https://maps.gsi.go.jp/portal/sys/v4/symbols/102.png",
				"_iconSize": [
					16,
					16
				],
				"_iconAnchor": [
					8,
					8
				]
			}
		},
		{
			"type": "Feature",
			"geometry": {
				"type": "Point",
				"coordinates": [
					 138.5331,
					 35.2077
				]
			},
			"properties": {
				"name": "JA/SO-087(白鳥山)",
				"読み":"Shiratoriyama",
				"標高":"567m 2pt ",
				"GL":"PM95ge",
				"市郡区":"C#1807 / G#17007E ",
				"登山日":"",
				"メモ":"",
				"_markerType": "Icon",
				"_iconUrl": "https://maps.gsi.go.jp/portal/sys/v4/symbols/102.png",
				"_iconSize": [
					16,
					16
				],
				"_iconAnchor": [
					8,
					8
				]
			}
		},
		{
			"type": "Feature",
			"geometry": {
				"type": "Point",
				"coordinates": [
					 138.5538,
					 35.1614
				]
			},
			"properties": {
				"name": "JA/SO-088(内房村（五）(三角点))",
				"読み":"Uchiboson5",
				"標高":"564m 2pt ",
				"GL":"PM95gd",
				"市郡区":"C#1807 ",
				"登山日":"",
				"メモ":"",
				"_markerType": "Icon",
				"_iconUrl": "https://maps.gsi.go.jp/portal/sys/v4/symbols/102.png",
				"_iconSize": [
					16,
					16
				],
				"_iconAnchor": [
					8,
					8
				]
			}
		},
		{
			"type": "Feature",
			"geometry": {
				"type": "Point",
				"coordinates": [
					 137.5872,
					 34.8496
				]
			},
			"properties": {
				"name": "JA/SO-089(富幕山)",
				"読み":"Tonmakuyama",
				"標高":"563m 2pt ",
				"GL":"PM84tu",
				"市郡区":"C#180209 / C#2023 ",
				"登山日":"",
				"メモ":"",
				"_markerType": "Icon",
				"_iconUrl": "https://maps.gsi.go.jp/portal/sys/v4/symbols/102.png",
				"_iconSize": [
					16,
					16
				],
				"_iconAnchor": [
					8,
					8
				]
			}
		},
		{
			"type": "Feature",
			"geometry": {
				"type": "Point",
				"coordinates": [
					 138.2725,
					 34.9922
				]
			},
			"properties": {
				"name": "JA/SO-090(ダイラボウ)",
				"読み":"Dairabou",
				"標高":"561m 2pt ",
				"GL":"PM94dx",
				"市郡区":"C#180101 ",
				"登山日":"",
				"メモ":"",
				"_markerType": "Icon",
				"_iconUrl": "https://maps.gsi.go.jp/portal/sys/v4/symbols/102.png",
				"_iconSize": [
					16,
					16
				],
				"_iconAnchor": [
					8,
					8
				]
			}
		},
		{
			"type": "Feature",
			"geometry": {
				"type": "Point",
				"coordinates": [
					 137.8583,
					 34.927
				]
			},
			"properties": {
				"name": "JA/SO-091(点552(光明山近傍))",
				"読み":"P552",
				"標高":"552m 2pt ",
				"GL":"PM84ww",
				"市郡区":"C#180207 ",
				"登山日":"",
				"メモ":"",
				"_markerType": "Icon",
				"_iconUrl": "https://maps.gsi.go.jp/portal/sys/v4/symbols/102.png",
				"_iconSize": [
					16,
					16
				],
				"_iconAnchor": [
					8,
					8
				]
			}
		},
		{
			"type": "Feature",
			"geometry": {
				"type": "Point",
				"coordinates": [
					 138.8552,
					 34.7035
				]
			},
			"properties": {
				"name": "JA/SO-092(馬夫石)",
				"読み":"Mabuishi",
				"標高":"545m 2pt ",
				"GL":"PM94kq",
				"市郡区":"G#18006F ",
				"登山日":"",
				"メモ":"",
				"_markerType": "Icon",
				"_iconUrl": "https://maps.gsi.go.jp/portal/sys/v4/symbols/102.png",
				"_iconSize": [
					16,
					16
				],
				"_iconAnchor": [
					8,
					8
				]
			}
		},
		{
			"type": "Feature",
			"geometry": {
				"type": "Point",
				"coordinates": [
					 138.8171,
					 34.7966
				]
			},
			"properties": {
				"name": "JA/SO-093(大昌山)",
				"読み":"Daisyouyama",
				"標高":"545m 2pt ",
				"GL":"PM94jt",
				"市郡区":"G#18006B ",
				"登山日":"",
				"メモ":"",
				"_markerType": "Icon",
				"_iconUrl": "https://maps.gsi.go.jp/portal/sys/v4/symbols/102.png",
				"_iconSize": [
					16,
					16
				],
				"_iconAnchor": [
					8,
					8
				]
			}
		},
		{
			"type": "Feature",
			"geometry": {
				"type": "Point",
				"coordinates": [
					 137.7454,
					 35.0598
				]
			},
			"properties": {
				"name": "JA/SO-094(点544)",
				"読み":"P544",
				"標高":"544m 2pt ",
				"GL":"PM85ub",
				"市郡区":"C#180207 / G#20004F ",
				"登山日":"",
				"メモ":"",
				"_markerType": "Icon",
				"_iconUrl": "https://maps.gsi.go.jp/portal/sys/v4/symbols/102.png",
				"_iconSize": [
					16,
					16
				],
				"_iconAnchor": [
					8,
					8
				]
			}
		},
		{
			"type": "Feature",
			"geometry": {
				"type": "Point",
				"coordinates": [
					 138.7832,
					 34.7134
				]
			},
			"properties": {
				"name": "JA/SO-095(暗沢山)",
				"読み":"Kurasawayama",
				"標高":"520m 2pt ",
				"GL":"PM94jr",
				"市郡区":"G#18006C / G#18006F ",
				"登山日":"",
				"メモ":"",
				"_markerType": "Icon",
				"_iconUrl": "https://maps.gsi.go.jp/portal/sys/v4/symbols/102.png",
				"_iconSize": [
					16,
					16
				],
				"_iconAnchor": [
					8,
					8
				]
			}
		},
		{
			"type": "Feature",
			"geometry": {
				"type": "Point",
				"coordinates": [
					 137.6241,
					 34.8813
				]
			},
			"properties": {
				"name": "JA/SO-096(浅間山)",
				"読み":"Sengenyama",
				"標高":"519m 2pt ",
				"GL":"PM84tv",
				"市郡区":"C#180209 / C#2023 ",
				"登山日":"",
				"メモ":"",
				"_markerType": "Icon",
				"_iconUrl": "https://maps.gsi.go.jp/portal/sys/v4/symbols/102.png",
				"_iconSize": [
					16,
					16
				],
				"_iconAnchor": [
					8,
					8
				]
			}
		},
		{
			"type": "Feature",
			"geometry": {
				"type": "Point",
				"coordinates": [
					 138.7519,
					 34.707
				]
			},
			"properties": {
				"name": "JA/SO-097(高通山)",
				"読み":"Takatoriyama",
				"標高":"519m 2pt ",
				"GL":"PM94jq",
				"市郡区":"G#18006C / G#18006F ",
				"登山日":"",
				"メモ":"",
				"_markerType": "Icon",
				"_iconUrl": "https://maps.gsi.go.jp/portal/sys/v4/symbols/102.png",
				"_iconSize": [
					16,
					16
				],
				"_iconAnchor": [
					8,
					8
				]
			}
		},
		{
			"type": "Feature",
			"geometry": {
				"type": "Point",
				"coordinates": [
					 138.0052,
					 34.8642
				]
			},
			"properties": {
				"name": "JA/SO-098(大和田村(三角点))",
				"読み":"Oowadamura",
				"標高":"508m 2pt ",
				"GL":"PM94au",
				"市郡区":"C#1814 ",
				"登山日":"",
				"メモ":"",
				"_markerType": "Icon",
				"_iconUrl": "https://maps.gsi.go.jp/portal/sys/v4/symbols/102.png",
				"_iconSize": [
					16,
					16
				],
				"_iconAnchor": [
					8,
					8
				]
			}
		},
		{
			"type": "Feature",
			"geometry": {
				"type": "Point",
				"coordinates": [
					 138.5034,
					 35.093
				]
			},
			"properties": {
				"name": "JA/SO-099(高根山)",
				"読み":"Takaneyama",
				"標高":"504m 2pt ",
				"GL":"PM95gc",
				"市郡区":"C#180103 ",
				"登山日":"",
				"メモ":"",
				"_markerType": "Icon",
				"_iconUrl": "https://maps.gsi.go.jp/portal/sys/v4/symbols/102.png",
				"_iconSize": [
					16,
					16
				],
				"_iconAnchor": [
					8,
					8
				]
			}
		},
		{
			"type": "Feature",
			"geometry": {
				"type": "Point",
				"coordinates": [
					 138.3193,
					 34.9053
				]
			},
			"properties": {
				"name": "JA/SO-100(高草山)",
				"読み":"Takakusayama",
				"標高":"503m 2pt ",
				"GL":"PM94dv",
				"市郡区":"C#1815 / C#1812 ",
				"登山日":"",
				"メモ":"",
				"_markerType": "Icon",
				"_iconUrl": "https://maps.gsi.go.jp/portal/sys/v4/symbols/102.png",
				"_iconSize": [
					16,
					16
				],
				"_iconAnchor": [
					8,
					8
				]
			}
		},
		{
			"type": "Feature",
			"geometry": {
				"type": "Point",
				"coordinates": [
					 138.1589,
					 34.8924
				]
			},
			"properties": {
				"name": "JA/SO-101(千葉山)",
				"読み":"Chibasan",
				"標高":"496m 1pt ",
				"GL":"PM94bv",
				"市郡区":"C#1809 ",
				"登山日":"",
				"メモ":"",
				"_markerType": "Icon",
				"_iconUrl": "https://maps.gsi.go.jp/portal/sys/v4/symbols/826.png",
				"_iconSize": [
					16,
					16
				],
				"_iconAnchor": [
					8,
					8
				]
			}
		},
		{
			"type": "Feature",
			"geometry": {
				"type": "Point",
				"coordinates": [
					 138.298,
					 35.0173
				]
			},
			"properties": {
				"name": "JA/SO-102(只間沢山(三角点))",
				"読み":"Tadamasawayama",
				"標高":"494m 1pt ",
				"GL":"PM95da",
				"市郡区":"C#180101 ",
				"登山日":"",
				"メモ":"",
				"_markerType": "Icon",
				"_iconUrl": "https://maps.gsi.go.jp/portal/sys/v4/symbols/826.png",
				"_iconSize": [
					16,
					16
				],
				"_iconAnchor": [
					8,
					8
				]
			}
		},
		{
			"type": "Feature",
			"geometry": {
				"type": "Point",
				"coordinates": [
					 138.301,
					 34.9532
				]
			},
			"properties": {
				"name": "JA/SO-103(宇津谷村(三角点))",
				"読み":"Uzutanimura",
				"標高":"482m 1pt ",
				"GL":"PM94dw",
				"市郡区":"C#180102 / C#180101 ",
				"登山日":"",
				"メモ":"",
				"_markerType": "Icon",
				"_iconUrl": "https://maps.gsi.go.jp/portal/sys/v4/symbols/826.png",
				"_iconSize": [
					16,
					16
				],
				"_iconAnchor": [
					8,
					8
				]
			}
		},
		{
			"type": "Feature",
			"geometry": {
				"type": "Point",
				"coordinates": [
					 138.3262,
					 34.9227
				]
			},
			"properties": {
				"name": "JA/SO-104(満観峰)",
				"読み":"Manganhou",
				"標高":"470m 1pt ",
				"GL":"PM94dw",
				"市郡区":"C#180102 / C#1812 ",
				"登山日":"",
				"メモ":"",
				"_markerType": "Icon",
				"_iconUrl": "https://maps.gsi.go.jp/portal/sys/v4/symbols/826.png",
				"_iconSize": [
					16,
					16
				],
				"_iconAnchor": [
					8,
					8
				]
			}
		},
		{
			"type": "Feature",
			"geometry": {
				"type": "Point",
				"coordinates": [
					 137.691,
					 34.8528
				]
			},
			"properties": {
				"name": "JA/SO-105(三岳山)",
				"読み":"Mitakeyama",
				"標高":"467m 1pt ",
				"GL":"PM84uu",
				"市郡区":"C#180209 ",
				"登山日":"",
				"メモ":"",
				"_markerType": "Icon",
				"_iconUrl": "https://maps.gsi.go.jp/portal/sys/v4/symbols/826.png",
				"_iconSize": [
					16,
					16
				],
				"_iconAnchor": [
					8,
					8
				]
			}
		},
		{
			"type": "Feature",
			"geometry": {
				"type": "Point",
				"coordinates": [
					 137.4979,
					 34.8268
				]
			},
			"properties": {
				"name": "JA/SO-106(平尾山)",
				"読み":"Hiraoyama",
				"標高":"464m 1pt ",
				"GL":"PM84rt",
				"市郡区":"C#180209 / C#2023 / C#2002",
				"登山日":"",
				"メモ":"",
				"_markerType": "Icon",
				"_iconUrl": "https://maps.gsi.go.jp/portal/sys/v4/symbols/826.png",
				"_iconSize": [
					16,
					16
				],
				"_iconAnchor": [
					8,
					8
				]
			}
		},
		{
			"type": "Feature",
			"geometry": {
				"type": "Point",
				"coordinates": [
					 138.9592,
					 34.7457
				]
			},
			"properties": {
				"name": "JA/SO-107(谷津山)",
				"読み":"Yatsuyama",
				"標高":"459m 1pt ",
				"GL":"PM94lr",
				"市郡区":"G#18006D / C#1820 ",
				"登山日":"",
				"メモ":"",
				"_markerType": "Icon",
				"_iconUrl": "https://maps.gsi.go.jp/portal/sys/v4/symbols/826.png",
				"_iconSize": [
					16,
					16
				],
				"_iconAnchor": [
					8,
					8
				]
			}
		},
		{
			"type": "Feature",
			"geometry": {
				"type": "Point",
				"coordinates": [
					 138.9203,
					 35.0118
				]
			},
			"properties": {
				"name": "JA/SO-108(葛城山)",
				"読み":"Katsuragiyama",
				"標高":"452m 1pt ",
				"GL":"PM95la",
				"市郡区":"C#1826 ",
				"登山日":"",
				"メモ":"",
				"_markerType": "Icon",
				"_iconUrl": "https://maps.gsi.go.jp/portal/sys/v4/symbols/826.png",
				"_iconSize": [
					16,
					16
				],
				"_iconAnchor": [
					8,
					8
				]
			}
		},
		{
			"type": "Feature",
			"geometry": {
				"type": "Point",
				"coordinates": [
					 137.8729,
					 34.9469
				]
			},
			"properties": {
				"name": "JA/SO-109(川下(三角点近傍))",
				"読み":"Near_Kawashimo",
				"標高":"450m 1pt ",
				"GL":"PM84ww",
				"市郡区":"C#180207 ",
				"登山日":"",
				"メモ":"",
				"_markerType": "Icon",
				"_iconUrl": "https://maps.gsi.go.jp/portal/sys/v4/symbols/826.png",
				"_iconSize": [
					16,
					16
				],
				"_iconAnchor": [
					8,
					8
				]
			}
		},
		{
			"type": "Feature",
			"geometry": {
				"type": "Point",
				"coordinates": [
					 138.3387,
					 35.0062
				]
			},
			"properties": {
				"name": "JA/SO-110(羽鳥村(三角点))",
				"読み":"Hatorimura",
				"標高":"435m 1pt ",
				"GL":"PM95ea",
				"市郡区":"C#180101 ",
				"登山日":"",
				"メモ":"",
				"_markerType": "Icon",
				"_iconUrl": "https://maps.gsi.go.jp/portal/sys/v4/symbols/826.png",
				"_iconSize": [
					16,
					16
				],
				"_iconAnchor": [
					8,
					8
				]
			}
		},
		{
			"type": "Feature",
			"geometry": {
				"type": "Point",
				"coordinates": [
					 137.6087,
					 34.8228
				]
			},
			"properties": {
				"name": "JA/SO-111(尉ヶ峰)",
				"読み":"Jyougamine",
				"標高":"433m 1pt ",
				"GL":"PM84tt",
				"市郡区":"C#180209 ",
				"登山日":"",
				"メモ":"",
				"_markerType": "Icon",
				"_iconUrl": "https://maps.gsi.go.jp/portal/sys/v4/symbols/826.png",
				"_iconSize": [
					16,
					16
				],
				"_iconAnchor": [
					8,
					8
				]
			}
		},
		{
			"type": "Feature",
			"geometry": {
				"type": "Point",
				"coordinates": [
					 137.6914,
					 34.8777
				]
			},
			"properties": {
				"name": "JA/SO-112(霧山)",
				"読み":"Kiriyama",
				"標高":"430m 1pt ",
				"GL":"PM84uv",
				"市郡区":"C#180209 ",
				"登山日":"",
				"メモ":"",
				"_markerType": "Icon",
				"_iconUrl": "https://maps.gsi.go.jp/portal/sys/v4/symbols/826.png",
				"_iconSize": [
					16,
					16
				],
				"_iconAnchor": [
					8,
					8
				]
			}
		},
		{
			"type": "Feature",
			"geometry": {
				"type": "Point",
				"coordinates": [
					 137.5469,
					 34.8474
				]
			},
			"properties": {
				"name": "JA/SO-113(金山)",
				"読み":"Kanayama",
				"標高":"424m 1pt ",
				"GL":"PM84su",
				"市郡区":"C#180209 / C#2023 ",
				"登山日":"",
				"メモ":"",
				"_markerType": "Icon",
				"_iconUrl": "https://maps.gsi.go.jp/portal/sys/v4/symbols/826.png",
				"_iconSize": [
					16,
					16
				],
				"_iconAnchor": [
					8,
					8
				]
			}
		},
		{
			"type": "Feature",
			"geometry": {
				"type": "Point",
				"coordinates": [
					 138.2128,
					 34.9114
				]
			},
			"properties": {
				"name": "JA/SO-114(烏帽子形山)",
				"読み":"Eboshigatayama",
				"標高":"393m 1pt ",
				"GL":"PM94cv",
				"市郡区":"C#1815 ",
				"登山日":"",
				"メモ":"",
				"_markerType": "Icon",
				"_iconUrl": "https://maps.gsi.go.jp/portal/sys/v4/symbols/826.png",
				"_iconSize": [
					16,
					16
				],
				"_iconAnchor": [
					8,
					8
				]
			}
		},
		{
			"type": "Feature",
			"geometry": {
				"type": "Point",
				"coordinates": [
					 138.8939,
					 35.0594
				]
			},
			"properties": {
				"name": "JA/SO-115(鷲頭山)",
				"読み":"Washizusan",
				"標高":"392m 1pt ",
				"GL":"PM95kb",
				"市郡区":"C#1803 ",
				"登山日":"",
				"メモ":"",
				"_markerType": "Icon",
				"_iconUrl": "https://maps.gsi.go.jp/portal/sys/v4/symbols/826.png",
				"_iconSize": [
					16,
					16
				],
				"_iconAnchor": [
					8,
					8
				]
			}
		},
		{
			"type": "Feature",
			"geometry": {
				"type": "Point",
				"coordinates": [
					 138.3408,
					 34.962
				]
			},
			"properties": {
				"name": "JA/SO-116(梵天山)",
				"読み":"Bontenyama",
				"標高":"376m 1pt ",
				"GL":"PM94ex",
				"市郡区":"C#180101 / C#180102 ",
				"登山日":"",
				"メモ":"",
				"_markerType": "Icon",
				"_iconUrl": "https://maps.gsi.go.jp/portal/sys/v4/symbols/826.png",
				"_iconSize": [
					16,
					16
				],
				"_iconAnchor": [
					8,
					8
				]
			}
		},
		{
			"type": "Feature",
			"geometry": {
				"type": "Point",
				"coordinates": [
					 137.6548,
					 34.8495
				]
			},
			"properties": {
				"name": "JA/SO-117(竜ヶ石山)",
				"読み":"Ryugashisan",
				"標高":"360m 1pt ",
				"GL":"PM84tu",
				"市郡区":"C#180209 ",
				"登山日":"",
				"メモ":"",
				"_markerType": "Icon",
				"_iconUrl": "https://maps.gsi.go.jp/portal/sys/v4/symbols/826.png",
				"_iconSize": [
					16,
					16
				],
				"_iconAnchor": [
					8,
					8
				]
			}
		},
		{
			"type": "Feature",
			"geometry": {
				"type": "Point",
				"coordinates": [
					 138.9552,
					 34.7027
				]
			},
			"properties": {
				"name": "JA/SO-118(高根山)",
				"読み":"Takanesan",
				"標高":"344m 1pt ",
				"GL":"PM94lq",
				"市郡区":"C#1820 ",
				"登山日":"",
				"メモ":"",
				"_markerType": "Icon",
				"_iconUrl": "https://maps.gsi.go.jp/portal/sys/v4/symbols/826.png",
				"_iconSize": [
					16,
					16
				],
				"_iconAnchor": [
					8,
					8
				]
			}
		},
		{
			"type": "Feature",
			"geometry": {
				"type": "Point",
				"coordinates": [
					 138.838,
					 34.6351
				]
			},
			"properties": {
				"name": "JA/SO-119(点309)",
				"読み":"P309",
				"標高":"309m 1pt ",
				"GL":"PM94kp",
				"市郡区":"G#18006F ",
				"登山日":"",
				"メモ":"",
				"_markerType": "Icon",
				"_iconUrl": "https://maps.gsi.go.jp/portal/sys/v4/symbols/826.png",
				"_iconSize": [
					16,
					16
				],
				"_iconAnchor": [
					8,
					8
				]
			}
		},
		{
			"type": "Feature",
			"geometry": {
				"type": "Point",
				"coordinates": [
					 138.4697,
					 34.9731
				]
			},
			"properties": {
				"name": "JA/SO-120(有度山)",
				"読み":"Udoyama",
				"標高":"307m 1pt ",
				"GL":"PM94fx",
				"市郡区":"C#180103 / C#180102 ",
				"登山日":"",
				"メモ":"",
				"_markerType": "Icon",
				"_iconUrl": "https://maps.gsi.go.jp/portal/sys/v4/symbols/826.png",
				"_iconSize": [
					16,
					16
				],
				"_iconAnchor": [
					8,
					8
				]
			}
		},
		{
			"type": "Feature",
			"geometry": {
				"type": "Point",
				"coordinates": [
					 138.7591,
					 34.819
				]
			},
			"properties": {
				"name": "JA/SO-121(今山)",
				"読み":"Imayama",
				"標高":"303m 1pt ",
				"GL":"PM94jt",
				"市郡区":"G#18006B ",
				"登山日":"",
				"メモ":"",
				"_markerType": "Icon",
				"_iconUrl": "https://maps.gsi.go.jp/portal/sys/v4/symbols/826.png",
				"_iconSize": [
					16,
					16
				],
				"_iconAnchor": [
					8,
					8
				]
			}
		},
		{
			"type": "Feature",
			"geometry": {
				"type": "Point",
				"coordinates": [
					 138.9122,
					 35.0361
				]
			},
			"properties": {
				"name": "JA/SO-122(大堤山)",
				"読み":"Oozutsumiyama",
				"標高":"273m 1pt ",
				"GL":"PM95ka",
				"市郡区":"C#1826 / C#1803 ",
				"登山日":"",
				"メモ":"",
				"_markerType": "Icon",
				"_iconUrl": "https://maps.gsi.go.jp/portal/sys/v4/symbols/826.png",
				"_iconSize": [
					16,
					16
				],
				"_iconAnchor": [
					8,
					8
				]
			}
		},
		{
			"type": "Feature",
			"geometry": {
				"type": "Point",
				"coordinates": [
					 138.1203,
					 35.4494
				]
			},
			"properties": {
				"name": "JA/SO-123(大沢岳)",
				"読み":"Oosawadake",
				"標高":"2820m 10pt ",
				"GL":"PM95bk",
				"市郡区":"C#180101 / C#0905 ",
				"登山日":"",
				"メモ":"",
				"_markerType": "Icon",
				"_iconUrl": "https://maps.gsi.go.jp/portal/sys/v4/symbols/101.png",
				"_iconSize": [
					16,
					16
				],
				"_iconAnchor": [
					8,
					8
				]
			}
		},
		{
			"type": "Feature",
			"geometry": {
				"type": "Point",
				"coordinates": [
					 138.0613,
					 35.3472
				]
			},
			"properties": {
				"name": "JA/SO-124(加加森山近傍)",
				"読み":"Near_Kakamoryama",
				"標高":"2430m 10pt ",
				"GL":"PM95ai",
				"市郡区":"G#18011I / C#0905 ",
				"登山日":"",
				"メモ":"",
				"_markerType": "Icon",
				"_iconUrl": "https://maps.gsi.go.jp/portal/sys/v4/symbols/101.png",
				"_iconSize": [
					16,
					16
				],
				"_iconAnchor": [
					8,
					8
				]
			}
		},
		{
			"type": "Feature",
			"geometry": {
				"type": "Point",
				"coordinates": [
					 138.1745,
					 35.3837
				]
			},
			"properties": {
				"name": "JA/SO-125(点2423)",
				"読み":"P2423",
				"標高":"2423m 10pt ",
				"GL":"PM95cj",
				"市郡区":"C#180101 ",
				"登山日":"",
				"メモ":"",
				"_markerType": "Icon",
				"_iconUrl": "https://maps.gsi.go.jp/portal/sys/v4/symbols/101.png",
				"_iconSize": [
					16,
					16
				],
				"_iconAnchor": [
					8,
					8
				]
			}
		},
		{
			"type": "Feature",
			"geometry": {
				"type": "Point",
				"coordinates": [
					 138.2287,
					 35.3698
				]
			},
			"properties": {
				"name": "JA/SO-126(青薙山)",
				"読み":"Aonagiyama",
				"標高":"2406m 10pt ",
				"GL":"PM95ci",
				"市郡区":"C#180101 ",
				"登山日":"",
				"メモ":"",
				"_markerType": "Icon",
				"_iconUrl": "https://maps.gsi.go.jp/portal/sys/v4/symbols/101.png",
				"_iconSize": [
					16,
					16
				],
				"_iconAnchor": [
					8,
					8
				]
			}
		},
		{
			"type": "Feature",
			"geometry": {
				"type": "Point",
				"coordinates": [
					 138.0427,
					 35.2849
				]
			},
			"properties": {
				"name": "JA/SO-127(合地山)",
				"読み":"Gachiyama",
				"標高":"2149m 10pt ",
				"GL":"PM95ag",
				"市郡区":"G#18011I ",
				"登山日":"",
				"メモ":"",
				"_markerType": "Icon",
				"_iconUrl": "https://maps.gsi.go.jp/portal/sys/v4/symbols/101.png",
				"_iconSize": [
					16,
					16
				],
				"_iconAnchor": [
					8,
					8
				]
			}
		},
		{
			"type": "Feature",
			"geometry": {
				"type": "Point",
				"coordinates": [
					 138.3858,
					 35.2435
				]
			},
			"properties": {
				"name": "JA/SO-128(下十枚(三角点))",
				"読み":"Kudarijyumai",
				"標高":"1732m 10pt ",
				"GL":"PM95ef",
				"市郡区":"C#180101 / G#17007E ",
				"登山日":"",
				"メモ":"",
				"_markerType": "Icon",
				"_iconUrl": "https://maps.gsi.go.jp/portal/sys/v4/symbols/101.png",
				"_iconSize": [
					16,
					16
				],
				"_iconAnchor": [
					8,
					8
				]
			}
		},
		{
			"type": "Feature",
			"geometry": {
				"type": "Point",
				"coordinates": [
					 138.2174,
					 35.2407
				]
			},
			"properties": {
				"name": "JA/SO-129(禿峠（三角点近傍）)",
				"読み":"Near_Hagetouge",
				"標高":"1712m 10pt ",
				"GL":"PM95cf",
				"市郡区":"C#180101 ",
				"登山日":"",
				"メモ":"",
				"_markerType": "Icon",
				"_iconUrl": "https://maps.gsi.go.jp/portal/sys/v4/symbols/101.png",
				"_iconSize": [
					16,
					16
				],
				"_iconAnchor": [
					8,
					8
				]
			}
		},
		{
			"type": "Feature",
			"geometry": {
				"type": "Point",
				"coordinates": [
					 138.2071,
					 35.4205
				]
			},
			"properties": {
				"name": "JA/SO-130(鳥森山)",
				"読み":"Torimoriyama",
				"標高":"1571m 10pt ",
				"GL":"PM95ck",
				"市郡区":"C#180101 ",
				"登山日":"",
				"メモ":"",
				"_markerType": "Icon",
				"_iconUrl": "https://maps.gsi.go.jp/portal/sys/v4/symbols/101.png",
				"_iconSize": [
					16,
					16
				],
				"_iconAnchor": [
					8,
					8
				]
			}
		},
		{
			"type": "Feature",
			"geometry": {
				"type": "Point",
				"coordinates": [
					 138.0573,
					 35.1374
				]
			},
			"properties": {
				"name": "JA/SO-131(八丁段)",
				"読み":"Hachonodan",
				"標高":"1562m 10pt ",
				"GL":"PM95ad",
				"市郡区":"G#18011I ",
				"登山日":"",
				"メモ":"",
				"_markerType": "Icon",
				"_iconUrl": "https://maps.gsi.go.jp/portal/sys/v4/symbols/101.png",
				"_iconSize": [
					16,
					16
				],
				"_iconAnchor": [
					8,
					8
				]
			}
		},
		{
			"type": "Feature",
			"geometry": {
				"type": "Point",
				"coordinates": [
					 137.9659,
					 35.096
				]
			},
			"properties": {
				"name": "JA/SO-132(京丸山)",
				"読み":"Kyomaruyama",
				"標高":"1469m 8pt ",
				"GL":"PM85xc",
				"市郡区":"C#180207 ",
				"登山日":"",
				"メモ":"",
				"_markerType": "Icon",
				"_iconUrl": "https://maps.gsi.go.jp/portal/sys/v4/symbols/104.png",
				"_iconSize": [
					16,
					16
				],
				"_iconAnchor": [
					8,
					8
				]
			}
		},
		{
			"type": "Feature",
			"geometry": {
				"type": "Point",
				"coordinates": [
					 137.9146,
					 35.1581
				]
			},
			"properties": {
				"name": "JA/SO-133(常光寺山)",
				"読み":"Jyokoujiyama",
				"標高":"1438m 8pt ",
				"GL":"PM85wd",
				"市郡区":"C#180207 ",
				"登山日":"",
				"メモ":"",
				"_markerType": "Icon",
				"_iconUrl": "https://maps.gsi.go.jp/portal/sys/v4/symbols/104.png",
				"_iconSize": [
					16,
					16
				],
				"_iconAnchor": [
					8,
					8
				]
			}
		},
		{
			"type": "Feature",
			"geometry": {
				"type": "Point",
				"coordinates": [
					 137.9425,
					 35.1059
				]
			},
			"properties": {
				"name": "JA/SO-134(三ツ森(三角点))",
				"読み":"Mitsumori",
				"標高":"1436m 8pt ",
				"GL":"PM85xc",
				"市郡区":"C#180207 ",
				"登山日":"",
				"メモ":"",
				"_markerType": "Icon",
				"_iconUrl": "https://maps.gsi.go.jp/portal/sys/v4/symbols/104.png",
				"_iconSize": [
					16,
					16
				],
				"_iconAnchor": [
					8,
					8
				]
			}
		},
		{
			"type": "Feature",
			"geometry": {
				"type": "Point",
				"coordinates": [
					 138.1075,
					 35.1564
				]
			},
			"properties": {
				"name": "JA/SO-135(沢口山)",
				"読み":"Sawaguchiyama",
				"標高":"1425m 8pt ",
				"GL":"PM95bd",
				"市郡区":"G#18011I ",
				"登山日":"",
				"メモ":"",
				"_markerType": "Icon",
				"_iconUrl": "https://maps.gsi.go.jp/portal/sys/v4/symbols/104.png",
				"_iconSize": [
					16,
					16
				],
				"_iconAnchor": [
					8,
					8
				]
			}
		},
		{
			"type": "Feature",
			"geometry": {
				"type": "Point",
				"coordinates": [
					 138.059,
					 35.1051
				]
			},
			"properties": {
				"name": "JA/SO-136(大札山近傍)",
				"読み":"Near_Oofudayama",
				"標高":"1380m 8pt ",
				"GL":"PM95ac",
				"市郡区":"C#180207 / G#18011I ",
				"登山日":"",
				"メモ":"",
				"_markerType": "Icon",
				"_iconUrl": "https://maps.gsi.go.jp/portal/sys/v4/symbols/104.png",
				"_iconSize": [
					16,
					16
				],
				"_iconAnchor": [
					8,
					8
				]
			}
		},
		{
			"type": "Feature",
			"geometry": {
				"type": "Point",
				"coordinates": [
					 137.9061,
					 35.2017
				]
			},
			"properties": {
				"name": "JA/SO-137(青ナギ)",
				"読み":"Aonagi",
				"標高":"1169m 8pt ",
				"GL":"PM85we",
				"市郡区":"C#180207 ",
				"登山日":"",
				"メモ":"",
				"_markerType": "Icon",
				"_iconUrl": "https://maps.gsi.go.jp/portal/sys/v4/symbols/104.png",
				"_iconSize": [
					16,
					16
				],
				"_iconAnchor": [
					8,
					8
				]
			}
		},
		{
			"type": "Feature",
			"geometry": {
				"type": "Point",
				"coordinates": [
					 138.2898,
					 35.0918
				]
			},
			"properties": {
				"name": "JA/SO-138(点1036)",
				"読み":"P1036",
				"標高":"1036m 6pt ",
				"GL":"PM95dc",
				"市郡区":"C#180101 ",
				"登山日":"",
				"メモ":"",
				"_markerType": "Icon",
				"_iconUrl": "https://maps.gsi.go.jp/portal/sys/v4/symbols/103.png",
				"_iconSize": [
					16,
					16
				],
				"_iconAnchor": [
					8,
					8
				]
			}
		},
		{
			"type": "Feature",
			"geometry": {
				"type": "Point",
				"coordinates": [
					 138.8403,
					 34.8845
				]
			},
			"properties": {
				"name": "JA/SO-139(魂ノ山)",
				"読み":"Konnoyama",
				"標高":"933m 6pt ",
				"GL":"PM94kv",
				"市郡区":"C#1823 ",
				"登山日":"",
				"メモ":"",
				"_markerType": "Icon",
				"_iconUrl": "https://maps.gsi.go.jp/portal/sys/v4/symbols/103.png",
				"_iconSize": [
					16,
					16
				],
				"_iconAnchor": [
					8,
					8
				]
			}
		},
		{
			"type": "Feature",
			"geometry": {
				"type": "Point",
				"coordinates": [
					 137.8139,
					 35.1212
				]
			},
			"properties": {
				"name": "JA/SO-140(矢岳山)",
				"読み":"Yadakeyama",
				"標高":"926m 6pt ",
				"GL":"PM85vc",
				"市郡区":"C#180207 ",
				"登山日":"",
				"メモ":"",
				"_markerType": "Icon",
				"_iconUrl": "https://maps.gsi.go.jp/portal/sys/v4/symbols/103.png",
				"_iconSize": [
					16,
					16
				],
				"_iconAnchor": [
					8,
					8
				]
			}
		},
		{
			"type": "Feature",
			"geometry": {
				"type": "Point",
				"coordinates": [
					 137.8157,
					 34.9909
				]
			},
			"properties": {
				"name": "JA/SO-141(ハサカ山)",
				"読み":"Hasakayama",
				"標高":"775m 4pt ",
				"GL":"PM84vx",
				"市郡区":"C#180207 ",
				"登山日":"",
				"メモ":"",
				"_markerType": "Icon",
				"_iconUrl": "https://maps.gsi.go.jp/portal/sys/v4/symbols/828.png",
				"_iconSize": [
					16,
					16
				],
				"_iconAnchor": [
					8,
					8
				]
			}
		},
		{
			"type": "Feature",
			"geometry": {
				"type": "Point",
				"coordinates": [
					 138.506,
					 35.1459
				]
			},
			"properties": {
				"name": "JA/SO-142(小河内村（一）(三角点))",
				"読み":"Kokawachimura1",
				"標高":"618m 2pt ",
				"GL":"PM95gd",
				"市郡区":"C#180103 ",
				"登山日":"",
				"メモ":"",
				"_markerType": "Icon",
				"_iconUrl": "https://maps.gsi.go.jp/portal/sys/v4/symbols/102.png",
				"_iconSize": [
					16,
					16
				],
				"_iconAnchor": [
					8,
					8
				]
			}
		},
		{
			"type": "Feature",
			"geometry": {
				"type": "Point",
				"coordinates": [
					 139.0602,
					 34.9717
				]
			},
			"properties": {
				"name": "JA/SO-143(大平山近傍)",
				"読み":"Near_Oobirayama",
				"標高":"592m 2pt ",
				"GL":"PM94mx",
				"市郡区":"C#1823 / C#1808 ",
				"登山日":"",
				"メモ":"",
				"_markerType": "Icon",
				"_iconUrl": "https://maps.gsi.go.jp/portal/sys/v4/symbols/102.png",
				"_iconSize": [
					16,
					16
				],
				"_iconAnchor": [
					8,
					8
				]
			}
		},
		{
			"type": "Feature",
			"geometry": {
				"type": "Point",
				"coordinates": [
					 138.4254,
					 35.1309
				]
			},
			"properties": {
				"name": "JA/SO-144(河内村（三）(三角点))",
				"読み":"Kawachimura3",
				"標高":"563m 2pt ",
				"GL":"PM95fd",
				"市郡区":"C#180103 ",
				"登山日":"",
				"メモ":"",
				"_markerType": "Icon",
				"_iconUrl": "https://maps.gsi.go.jp/portal/sys/v4/symbols/102.png",
				"_iconSize": [
					16,
					16
				],
				"_iconAnchor": [
					8,
					8
				]
			}
		},
		{
			"type": "Feature",
			"geometry": {
				"type": "Point",
				"coordinates": [
					 137.9246,
					 34.928
				]
			},
			"properties": {
				"name": "JA/SO-145(三丸山)",
				"読み":"Sanmaruyama",
				"標高":"548m 2pt ",
				"GL":"PM84xw",
				"市郡区":"G#18008B ",
				"登山日":"",
				"メモ":"",
				"_markerType": "Icon",
				"_iconUrl": "https://maps.gsi.go.jp/portal/sys/v4/symbols/102.png",
				"_iconSize": [
					16,
					16
				],
				"_iconAnchor": [
					8,
					8
				]
			}
		},
		{
			"type": "Feature",
			"geometry": {
				"type": "Point",
				"coordinates": [
					 137.8479,
					 35.08
				]
			},
			"properties": {
				"name": "JA/SO-146(浅間山)",
				"読み":"Sengenyama",
				"標高":"540m 2pt ",
				"GL":"PM85wb",
				"市郡区":"C#180207 ",
				"登山日":"",
				"メモ":"",
				"_markerType": "Icon",
				"_iconUrl": "https://maps.gsi.go.jp/portal/sys/v4/symbols/102.png",
				"_iconSize": [
					16,
					16
				],
				"_iconAnchor": [
					8,
					8
				]
			}
		},
		{
			"type": "Feature",
			"geometry": {
				"type": "Point",
				"coordinates": [
					 138.4894,
					 35.1293
				]
			},
			"properties": {
				"name": "JA/SO-147(点531)",
				"読み":"P531",
				"標高":"531m 2pt ",
				"GL":"PM95fd",
				"市郡区":"C#180103 ",
				"登山日":"",
				"メモ":"",
				"_markerType": "Icon",
				"_iconUrl": "https://maps.gsi.go.jp/portal/sys/v4/symbols/102.png",
				"_iconSize": [
					16,
					16
				],
				"_iconAnchor": [
					8,
					8
				]
			}
		},
		{
			"type": "Feature",
			"geometry": {
				"type": "Point",
				"coordinates": [
					 138.15,
					 35.1379
				]
			},
			"properties": {
				"name": "JA/SO-148(点520)",
				"読み":"P520",
				"標高":"520m 2pt ",
				"GL":"PM95bd",
				"市郡区":"G#18011I ",
				"登山日":"",
				"メモ":"",
				"_markerType": "Icon",
				"_iconUrl": "https://maps.gsi.go.jp/portal/sys/v4/symbols/102.png",
				"_iconSize": [
					16,
					16
				],
				"_iconAnchor": [
					8,
					8
				]
			}
		},
		{
			"type": "Feature",
			"geometry": {
				"type": "Point",
				"coordinates": [
					 138.4799,
					 35.0919
				]
			},
			"properties": {
				"name": "JA/SO-149(茂畑村(三角点))",
				"読み":"Shigehatamura",
				"標高":"415m 1pt ",
				"GL":"PM95fc",
				"市郡区":"C#180103 ",
				"登山日":"",
				"メモ":"",
				"_markerType": "Icon",
				"_iconUrl": "https://maps.gsi.go.jp/portal/sys/v4/symbols/826.png",
				"_iconSize": [
					16,
					16
				],
				"_iconAnchor": [
					8,
					8
				]
			}
		},
		{
			"type": "Feature",
			"geometry": {
				"type": "Point",
				"coordinates": [
					 137.8233,
					 34.9245
				]
			},
			"properties": {
				"name": "JA/SO-150(点399)",
				"読み":"P399",
				"標高":"399m 1pt ",
				"GL":"PM84vw",
				"市郡区":"C#180207 ",
				"登山日":"",
				"メモ":"",
				"_markerType": "Icon",
				"_iconUrl": "https://maps.gsi.go.jp/portal/sys/v4/symbols/826.png",
				"_iconSize": [
					16,
					16
				],
				"_iconAnchor": [
					8,
					8
				]
			}
		},
		{
			"type": "Feature",
			"geometry": {
				"type": "Point",
				"coordinates": [
					 138.7696,
					 34.7321
				]
			},
			"properties": {
				"name": "JA/SO-151(岩知村(三角点))",
				"読み":"Iwachimura",
				"標高":"358m 1pt ",
				"GL":"PM94jr",
				"市郡区":"G#18006C ",
				"登山日":"",
				"メモ":"",
				"_markerType": "Icon",
				"_iconUrl": "https://maps.gsi.go.jp/portal/sys/v4/symbols/826.png",
				"_iconSize": [
					16,
					16
				],
				"_iconAnchor": [
					8,
					8
				]
			}
		},
		{
			"type": "Feature",
			"geometry": {
				"type": "Point",
				"coordinates": [
					 138.8103,
					 34.6773
				]
			},
			"properties": {
				"name": "JA/SO-152(市ノ瀬村(三角点))",
				"読み":"Ichinosemura",
				"標高":"352m 1pt ",
				"GL":"PM94jq",
				"市郡区":"G#18006F ",
				"登山日":"",
				"メモ":"",
				"_markerType": "Icon",
				"_iconUrl": "https://maps.gsi.go.jp/portal/sys/v4/symbols/826.png",
				"_iconSize": [
					16,
					16
				],
				"_iconAnchor": [
					8,
					8
				]
			}
		},
		{
			"type": "Feature",
			"geometry": {
				"type": "Point",
				"coordinates": [
					 139.1314,
					 34.9396
				]
			},
			"properties": {
				"name": "JA/SO-153(小室山)",
				"読み":"Komuroyama",
				"標高":"321m 1pt ",
				"GL":"PM94nw",
				"市郡区":"C#1808 ",
				"登山日":"",
				"メモ":"",
				"_markerType": "Icon",
				"_iconUrl": "https://maps.gsi.go.jp/portal/sys/v4/symbols/826.png",
				"_iconSize": [
					16,
					16
				],
				"_iconAnchor": [
					8,
					8
				]
			}
		},
		{
			"type": "Feature",
			"geometry": {
				"type": "Point",
				"coordinates": [
					 138.0055,
					 34.7333
				]
			},
			"properties": {
				"name": "JA/SO-154(点265(小笠山近傍))",
				"読み":"P265",
				"標高":"265m 1pt ",
				"GL":"PM94ar",
				"市郡区":"C#1814 / C#1817 ",
				"登山日":"",
				"メモ":"",
				"_markerType": "Icon",
				"_iconUrl": "https://maps.gsi.go.jp/portal/sys/v4/symbols/826.png",
				"_iconSize": [
					16,
					16
				],
				"_iconAnchor": [
					8,
					8
				]
			}
		},
		{
			"type": "Feature",
			"geometry": {
				"type": "Point",
				"coordinates": [
					 138.2228,
					 34.8858
				]
			},
			"properties": {
				"name": "JA/SO-155(京塚山)",
				"読み":"Kyozukayama",
				"標高":"245m 1pt ",
				"GL":"PM94cv",
				"市郡区":"C#1815 ",
				"登山日":"",
				"メモ":"",
				"_markerType": "Icon",
				"_iconUrl": "https://maps.gsi.go.jp/portal/sys/v4/symbols/826.png",
				"_iconSize": [
					16,
					16
				],
				"_iconAnchor": [
					8,
					8
				]
			}
		},
		{
			"type": "Feature",
			"geometry": {
				"type": "Point",
				"coordinates": [
					 138.9258,
					 35.0464
				]
			},
			"properties": {
				"name": "JA/SO-156(大男山)",
				"読み":"Otokoyama",
				"標高":"207m 1pt ",
				"GL":"PM95lb",
				"市郡区":"C#1826 ",
				"登山日":"",
				"メモ":"",
				"_markerType": "Icon",
				"_iconUrl": "https://maps.gsi.go.jp/portal/sys/v4/symbols/826.png",
				"_iconSize": [
					16,
					16
				],
				"_iconAnchor": [
					8,
					8
				]
			}
		},
		{
			"type": "Feature",
			"geometry": {
				"type": "Point",
				"coordinates": [
					 138.2679,
					 34.8965
				]
			},
			"properties": {
				"name": "JA/SO-157(潮山)",
				"読み":"Ushioyama",
				"標高":"204m 1pt ",
				"GL":"PM94dv",
				"市郡区":"C#1815 ",
				"登山日":"",
				"メモ":"",
				"_markerType": "Icon",
				"_iconUrl": "https://maps.gsi.go.jp/portal/sys/v4/symbols/826.png",
				"_iconSize": [
					16,
					16
				],
				"_iconAnchor": [
					8,
					8
				]
			}
		},
		{
			"type": "Feature",
			"geometry": {
				"type": "Point",
				"coordinates": [
					 138.8976,
					 34.6553
				]
			},
			"properties": {
				"name": "JA/SO-158(吉佐根山)",
				"読み":"Kisaneyama",
				"標高":"200m 1pt ",
				"GL":"PM94kp",
				"市郡区":"C#1820 / G#18006F ",
				"登山日":"",
				"メモ":"",
				"_markerType": "Icon",
				"_iconUrl": "https://maps.gsi.go.jp/portal/sys/v4/symbols/826.png",
				"_iconSize": [
					16,
					16
				],
				"_iconAnchor": [
					8,
					8
				]
			}
		},
		{
			"type": "Feature",
			"geometry": {
				"type": "Point",
				"coordinates": [
					 138.8776,
					 35.0923
				]
			},
			"properties": {
				"name": "JA/SO-159(香貫山)",
				"読み":"Kanukiyama",
				"標高":"193m 1pt ",
				"GL":"PM95kc",
				"市郡区":"C#1803 ",
				"登山日":"",
				"メモ":"",
				"_markerType": "Icon",
				"_iconUrl": "https://maps.gsi.go.jp/portal/sys/v4/symbols/826.png",
				"_iconSize": [
					16,
					16
				],
				"_iconAnchor": [
					8,
					8
				]
			}
		},
		{
			"type": "Feature",
			"geometry": {
				"type": "Point",
				"coordinates": [
					 138.207318,
					 35.556902
				]
			},
			"properties": {
				"name": "JA/SO-160(蝙蝠岳)",
				"読み":"Koumoridake",
				"標高":"2865m 10pt ",
				"GL":"PM95cn",
				"市郡区":"C#180101 ",
				"登山日":"",
				"メモ":"",
				"_markerType": "Icon",
				"_iconUrl": "https://maps.gsi.go.jp/portal/sys/v4/symbols/101.png",
				"_iconSize": [
					16,
					16
				],
				"_iconAnchor": [
					8,
					8
				]
			}
		},
		{
			"type": "Feature",
			"geometry": {
				"type": "Point",
				"coordinates": [
					 139.057345,
					 34.894828
				]
			},
			"properties": {
				"name": "JA/SO-161(矢筈山)",
				"読み":"Yahazuyama",
				"標高":"816m 4pt ",
				"GL":"PM94mv",
				"市郡区":"C#1808 ",
				"登山日":"",
				"メモ":"",
				"_markerType": "Icon",
				"_iconUrl": "https://maps.gsi.go.jp/portal/sys/v4/symbols/828.png",
				"_iconSize": [
					16,
					16
				],
				"_iconAnchor": [
					8,
					8
				]
			}
		},
		{
			"type": "Feature",
			"geometry": {
				"type": "Point",
				"coordinates": [
					 138.989990,
					 34.737160
				]
			},
			"properties": {
				"name": "JA/SO-162(天嶺山)",
				"読み":"Tenreizan",
				"標高":"350m 1pt ",
				"GL":"PM94lr",
				"市郡区":"G#18006D ",
				"登山日":"",
				"メモ":"",
				"_markerType": "Icon",
				"_iconUrl": "https://maps.gsi.go.jp/portal/sys/v4/symbols/826.png",
				"_iconSize": [
					16,
					16
				],
				"_iconAnchor": [
					8,
					8
				]
			}
		},
		{
			"type": "Feature",
			"geometry": {
				"type": "Point",
				"coordinates": [
					 138.926665,
					 34.673515
				]
			},
			"properties": {
				"name": "JA/SO-163(相ノ山)",
				"読み":"Ainoyama",
				"標高":"253m 1pt ",
				"GL":"PM94lq",
				"市郡区":"C#1820 ",
				"登山日":"",
				"メモ":"",
				"_markerType": "Icon",
				"_iconUrl": "https://maps.gsi.go.jp/portal/sys/v4/symbols/826.png",
				"_iconSize": [
					16,
					16
				],
				"_iconAnchor": [
					8,
					8
				]
			}
		}
	]
}
