{
	"type": "FeatureCollection",
	"features": [
		{
			"type": "Feature",
			"geometry": {
				"type": "Point",
				"coordinates": [
					 134.5138,
					 35.354
				]
			},
			"properties": {
				"name": "JA/HG-001(氷ノ山(須賀ノ山))",
				"読み":"Hyonosen(Suganosen)",
				"標高":"1510m 10pt ",
				"GL":"PM75gi",
				"市郡区":"C#2723 / G#34006D ",
				"登山日":"",
				"メモ":"",
				"_markerType": "Icon",
				"_iconUrl": "https://maps.gsi.go.jp/portal/sys/v4/symbols/101.png",
				"_iconSize": [
					16,
					16
				],
				"_iconAnchor": [
					8,
					8
				]
			}
		},
		{
			"type": "Feature",
			"geometry": {
				"type": "Point",
				"coordinates": [
					 134.4628,
					 35.2367
				]
			},
			"properties": {
				"name": "JA/HG-002(三室山)",
				"読み":"Mimuroyama",
				"標高":"1358m 8pt ",
				"GL":"PM75ff",
				"市郡区":"C#2728 / G#34006D ",
				"登山日":"",
				"メモ":"",
				"_markerType": "Icon",
				"_iconUrl": "https://maps.gsi.go.jp/portal/sys/v4/symbols/104.png",
				"_iconSize": [
					16,
					16
				],
				"_iconAnchor": [
					8,
					8
				]
			}
		},
		{
			"type": "Feature",
			"geometry": {
				"type": "Point",
				"coordinates": [
					 134.4112,
					 35.1868
				]
			},
			"properties": {
				"name": "JA/HG-003(後山)",
				"読み":"Ushiroyama",
				"標高":"1344m 8pt ",
				"GL":"PM75ee",
				"市郡区":"C#2728 / C#3117 ",
				"登山日":"",
				"メモ":"",
				"_markerType": "Icon",
				"_iconUrl": "https://maps.gsi.go.jp/portal/sys/v4/symbols/104.png",
				"_iconSize": [
					16,
					16
				],
				"_iconAnchor": [
					8,
					8
				]
			}
		},
		{
			"type": "Feature",
			"geometry": {
				"type": "Point",
				"coordinates": [
					 134.4204,
					 35.2373
				]
			},
			"properties": {
				"name": "JA/HG-004(天児屋山)",
				"読み":"Tengoyasan",
				"標高":"1245m 8pt ",
				"GL":"PM75ff",
				"市郡区":"C#2728 / G#34006D ",
				"登山日":"",
				"メモ":"",
				"_markerType": "Icon",
				"_iconUrl": "https://maps.gsi.go.jp/portal/sys/v4/symbols/104.png",
				"_iconSize": [
					16,
					16
				],
				"_iconAnchor": [
					8,
					8
				]
			}
		},
		{
			"type": "Feature",
			"geometry": {
				"type": "Point",
				"coordinates": [
					 134.4759,
					 35.4236
				]
			},
			"properties": {
				"name": "JA/HG-005(青ケ丸(三角点))",
				"読み":"Aogamaru",
				"標高":"1239m 8pt ",
				"GL":"PM75fk",
				"市郡区":"G#27020E / G#34006D ",
				"登山日":"",
				"メモ":"",
				"_markerType": "Icon",
				"_iconUrl": "https://maps.gsi.go.jp/portal/sys/v4/symbols/104.png",
				"_iconSize": [
					16,
					16
				],
				"_iconAnchor": [
					8,
					8
				]
			}
		},
		{
			"type": "Feature",
			"geometry": {
				"type": "Point",
				"coordinates": [
					 134.5363,
					 35.3954
				]
			},
			"properties": {
				"name": "JA/HG-006(鉢伏山)",
				"読み":"Hachibuseyama",
				"標高":"1222m 8pt ",
				"GL":"PM75gj",
				"市郡区":"G#27020E / C#2723 ",
				"登山日":"",
				"メモ":"",
				"_markerType": "Icon",
				"_iconUrl": "https://maps.gsi.go.jp/portal/sys/v4/symbols/104.png",
				"_iconSize": [
					16,
					16
				],
				"_iconAnchor": [
					8,
					8
				]
			}
		},
		{
			"type": "Feature",
			"geometry": {
				"type": "Point",
				"coordinates": [
					 134.5134,
					 35.2801
				]
			},
			"properties": {
				"name": "JA/HG-007(赤谷山)",
				"読み":"Akataniyama",
				"標高":"1217m 8pt ",
				"GL":"PM75gg",
				"市郡区":"C#2728 / G#34006D ",
				"登山日":"",
				"メモ":"",
				"_markerType": "Icon",
				"_iconUrl": "https://maps.gsi.go.jp/portal/sys/v4/symbols/104.png",
				"_iconSize": [
					16,
					16
				],
				"_iconAnchor": [
					8,
					8
				]
			}
		},
		{
			"type": "Feature",
			"geometry": {
				"type": "Point",
				"coordinates": [
					 134.4847,
					 35.1759
				]
			},
			"properties": {
				"name": "JA/HG-008(植松山)",
				"読み":"Uematsuyama",
				"標高":"1191m 8pt ",
				"GL":"PM75fe",
				"市郡区":"C#2728 ",
				"登山日":"",
				"メモ":"",
				"_markerType": "Icon",
				"_iconUrl": "https://maps.gsi.go.jp/portal/sys/v4/symbols/104.png",
				"_iconSize": [
					16,
					16
				],
				"_iconAnchor": [
					8,
					8
				]
			}
		},
		{
			"type": "Feature",
			"geometry": {
				"type": "Point",
				"coordinates": [
					 134.6976,
					 35.1834
				]
			},
			"properties": {
				"name": "JA/HG-009(千町ケ峰)",
				"読み":"Senchougamine",
				"標高":"1141m 8pt ",
				"GL":"PM75ie",
				"市郡区":"C#2728 / G#27011F ",
				"登山日":"",
				"メモ":"",
				"_markerType": "Icon",
				"_iconUrl": "https://maps.gsi.go.jp/portal/sys/v4/symbols/104.png",
				"_iconSize": [
					16,
					16
				],
				"_iconAnchor": [
					8,
					8
				]
			}
		},
		{
			"type": "Feature",
			"geometry": {
				"type": "Point",
				"coordinates": [
					 134.6005,
					 35.2667
				]
			},
			"properties": {
				"name": "JA/HG-010(藤無山)",
				"読み":"Fujinashiyama",
				"標高":"1139m 8pt ",
				"GL":"PM75hg",
				"市郡区":"C#2728 / C#2723 ",
				"登山日":"",
				"メモ":"",
				"_markerType": "Icon",
				"_iconUrl": "https://maps.gsi.go.jp/portal/sys/v4/symbols/104.png",
				"_iconSize": [
					16,
					16
				],
				"_iconAnchor": [
					8,
					8
				]
			}
		},
		{
			"type": "Feature",
			"geometry": {
				"type": "Point",
				"coordinates": [
					 134.6438,
					 35.4106
				]
			},
			"properties": {
				"name": "JA/HG-011(妙見山)",
				"読み":"Myoukenyama",
				"標高":"1139m 8pt ",
				"GL":"PM75hj",
				"市郡区":"C#2723 / G#27020E ",
				"登山日":"",
				"メモ":"",
				"_markerType": "Icon",
				"_iconUrl": "https://maps.gsi.go.jp/portal/sys/v4/symbols/104.png",
				"_iconSize": [
					16,
					16
				],
				"_iconAnchor": [
					8,
					8
				]
			}
		},
		{
			"type": "Feature",
			"geometry": {
				"type": "Point",
				"coordinates": [
					 134.5721,
					 35.2471
				]
			},
			"properties": {
				"name": "JA/HG-012(三久安山)",
				"読み":"Sankyuanzan",
				"標高":"1123m 8pt ",
				"GL":"PM75gf",
				"市郡区":"C#2728 ",
				"登山日":"",
				"メモ":"",
				"_markerType": "Icon",
				"_iconUrl": "https://maps.gsi.go.jp/portal/sys/v4/symbols/104.png",
				"_iconSize": [
					16,
					16
				],
				"_iconAnchor": [
					8,
					8
				]
			}
		},
		{
			"type": "Feature",
			"geometry": {
				"type": "Point",
				"coordinates": [
					 134.7274,
					 35.1916
				]
			},
			"properties": {
				"name": "JA/HG-013(段ヶ峰)",
				"読み":"Dangamine",
				"標高":"1103m 8pt ",
				"GL":"PM75ie",
				"市郡区":"C#2726 / C#2728 ",
				"登山日":"",
				"メモ":"",
				"_markerType": "Icon",
				"_iconUrl": "https://maps.gsi.go.jp/portal/sys/v4/symbols/104.png",
				"_iconSize": [
					16,
					16
				],
				"_iconAnchor": [
					8,
					8
				]
			}
		},
		{
			"type": "Feature",
			"geometry": {
				"type": "Point",
				"coordinates": [
					 134.5606,
					 35.2212
				]
			},
			"properties": {
				"name": "JA/HG-014(阿舎利山)",
				"読み":"Ajyariyama",
				"標高":"1087m 6pt ",
				"GL":"PM75gf",
				"市郡区":"C#2728 ",
				"登山日":"",
				"メモ":"",
				"_markerType": "Icon",
				"_iconUrl": "https://maps.gsi.go.jp/portal/sys/v4/symbols/103.png",
				"_iconSize": [
					16,
					16
				],
				"_iconAnchor": [
					8,
					8
				]
			}
		},
		{
			"type": "Feature",
			"geometry": {
				"type": "Point",
				"coordinates": [
					 134.6567,
					 35.1323
				]
			},
			"properties": {
				"name": "JA/HG-015(暁晴山)",
				"読み":"Gyouseizan",
				"標高":"1077m 6pt ",
				"GL":"PM75hd",
				"市郡区":"G#27011F / C#2728 ",
				"登山日":"",
				"メモ":"",
				"_markerType": "Icon",
				"_iconUrl": "https://maps.gsi.go.jp/portal/sys/v4/symbols/103.png",
				"_iconSize": [
					16,
					16
				],
				"_iconAnchor": [
					8,
					8
				]
			}
		},
		{
			"type": "Feature",
			"geometry": {
				"type": "Point",
				"coordinates": [
					 134.638,
					 35.4708
				]
			},
			"properties": {
				"name": "JA/HG-016(蘇武岳)",
				"読み":"Sobugatake",
				"標高":"1074m 6pt ",
				"GL":"PM75hl",
				"市郡区":"C#2710 / G#27020E ",
				"登山日":"",
				"メモ":"",
				"_markerType": "Icon",
				"_iconUrl": "https://maps.gsi.go.jp/portal/sys/v4/symbols/103.png",
				"_iconSize": [
					16,
					16
				],
				"_iconAnchor": [
					8,
					8
				]
			}
		},
		{
			"type": "Feature",
			"geometry": {
				"type": "Point",
				"coordinates": [
					 134.5808,
					 35.207
				]
			},
			"properties": {
				"name": "JA/HG-017(一山)",
				"読み":"Hitotsuyama",
				"標高":"1065m 6pt ",
				"GL":"PM75ge",
				"市郡区":"C#2728 ",
				"登山日":"",
				"メモ":"",
				"_markerType": "Icon",
				"_iconUrl": "https://maps.gsi.go.jp/portal/sys/v4/symbols/103.png",
				"_iconSize": [
					16,
					16
				],
				"_iconAnchor": [
					8,
					8
				]
			}
		},
		{
			"type": "Feature",
			"geometry": {
				"type": "Point",
				"coordinates": [
					 134.696,
					 35.286
				]
			},
			"properties": {
				"name": "JA/HG-018(須留ケ峰)",
				"読み":"Surugamine",
				"標高":"1054m 6pt ",
				"GL":"PM75ig",
				"市郡区":"C#2723 / C#2726 ",
				"登山日":"",
				"メモ":"",
				"_markerType": "Icon",
				"_iconUrl": "https://maps.gsi.go.jp/portal/sys/v4/symbols/103.png",
				"_iconSize": [
					16,
					16
				],
				"_iconAnchor": [
					8,
					8
				]
			}
		},
		{
			"type": "Feature",
			"geometry": {
				"type": "Point",
				"coordinates": [
					 134.4086,
					 35.1479
				]
			},
			"properties": {
				"name": "JA/HG-019(日名倉山)",
				"読み":"Hinakurasan",
				"標高":"1047m 6pt ",
				"GL":"PM75ed",
				"市郡区":"C#2728 / G#27013C / C#3117",
				"登山日":"",
				"メモ":"",
				"_markerType": "Icon",
				"_iconUrl": "https://maps.gsi.go.jp/portal/sys/v4/symbols/103.png",
				"_iconSize": [
					16,
					16
				],
				"_iconAnchor": [
					8,
					8
				]
			}
		},
		{
			"type": "Feature",
			"geometry": {
				"type": "Point",
				"coordinates": [
					 134.5396,
					 35.1056
				]
			},
			"properties": {
				"name": "JA/HG-020(黒尾山)",
				"読み":"Kuroozan",
				"標高":"1025m 6pt ",
				"GL":"PM75gc",
				"市郡区":"C#2728 ",
				"登山日":"",
				"メモ":"",
				"_markerType": "Icon",
				"_iconUrl": "https://maps.gsi.go.jp/portal/sys/v4/symbols/103.png",
				"_iconSize": [
					16,
					16
				],
				"_iconAnchor": [
					8,
					8
				]
			}
		},
		{
			"type": "Feature",
			"geometry": {
				"type": "Point",
				"coordinates": [
					 134.5844,
					 35.1704
				]
			},
			"properties": {
				"name": "JA/HG-021(東山)",
				"読み":"Higashiyama",
				"標高":"1016m 6pt ",
				"GL":"PM75he",
				"市郡区":"C#2728 ",
				"登山日":"",
				"メモ":"",
				"_markerType": "Icon",
				"_iconUrl": "https://maps.gsi.go.jp/portal/sys/v4/symbols/103.png",
				"_iconSize": [
					16,
					16
				],
				"_iconAnchor": [
					8,
					8
				]
			}
		},
		{
			"type": "Feature",
			"geometry": {
				"type": "Point",
				"coordinates": [
					 134.8839,
					 35.1447
				]
			},
			"properties": {
				"name": "JA/HG-022(千ヶ峰)",
				"読み":"Sengamine",
				"標高":"1005m 6pt ",
				"GL":"PM75kd",
				"市郡区":"G#27011F / G#27016E ",
				"登山日":"",
				"メモ":"",
				"_markerType": "Icon",
				"_iconUrl": "https://maps.gsi.go.jp/portal/sys/v4/symbols/103.png",
				"_iconSize": [
					16,
					16
				],
				"_iconAnchor": [
					8,
					8
				]
			}
		},
		{
			"type": "Feature",
			"geometry": {
				"type": "Point",
				"coordinates": [
					 134.8171,
					 35.1441
				]
			},
			"properties": {
				"name": "JA/HG-023(高畑山)",
				"読み":"Takahatayama",
				"標高":"984m 6pt ",
				"GL":"PM75jd",
				"市郡区":"C#2726 / G#27011F ",
				"登山日":"",
				"メモ":"",
				"_markerType": "Icon",
				"_iconUrl": "https://maps.gsi.go.jp/portal/sys/v4/symbols/103.png",
				"_iconSize": [
					16,
					16
				],
				"_iconAnchor": [
					8,
					8
				]
			}
		},
		{
			"type": "Feature",
			"geometry": {
				"type": "Point",
				"coordinates": [
					 134.702,
					 35.254
				]
			},
			"properties": {
				"name": "JA/HG-024(点980(間歩谷(三角点)近傍))",
				"読み":"P980",
				"標高":"980m 6pt ",
				"GL":"PM75ig",
				"市郡区":"C#2726 ",
				"登山日":"",
				"メモ":"",
				"_markerType": "Icon",
				"_iconUrl": "https://maps.gsi.go.jp/portal/sys/v4/symbols/103.png",
				"_iconSize": [
					16,
					16
				],
				"_iconAnchor": [
					8,
					8
				]
			}
		},
		{
			"type": "Feature",
			"geometry": {
				"type": "Point",
				"coordinates": [
					 134.6622,
					 35.0897
				]
			},
			"properties": {
				"name": "JA/HG-025(黒滝)",
				"読み":"Kurotaki",
				"標高":"977m 6pt ",
				"GL":"PM75hc",
				"市郡区":"C#2702 / C#2728 ",
				"登山日":"",
				"メモ":"",
				"_markerType": "Icon",
				"_iconUrl": "https://maps.gsi.go.jp/portal/sys/v4/symbols/103.png",
				"_iconSize": [
					16,
					16
				],
				"_iconAnchor": [
					8,
					8
				]
			}
		},
		{
			"type": "Feature",
			"geometry": {
				"type": "Point",
				"coordinates": [
					 134.6787,
					 35.1985
				]
			},
			"properties": {
				"name": "JA/HG-026(大段山)",
				"読み":"Oodanyama",
				"標高":"966m 6pt ",
				"GL":"PM75ie",
				"市郡区":"C#2728 ",
				"登山日":"",
				"メモ":"",
				"_markerType": "Icon",
				"_iconUrl": "https://maps.gsi.go.jp/portal/sys/v4/symbols/103.png",
				"_iconSize": [
					16,
					16
				],
				"_iconAnchor": [
					8,
					8
				]
			}
		},
		{
			"type": "Feature",
			"geometry": {
				"type": "Point",
				"coordinates": [
					 134.9154,
					 35.2728
				]
			},
			"properties": {
				"name": "JA/HG-027(粟鹿山)",
				"読み":"Awagayama",
				"標高":"962m 6pt ",
				"GL":"PM75kg",
				"市郡区":"C#2726 / C#2724 ",
				"登山日":"",
				"メモ":"",
				"_markerType": "Icon",
				"_iconUrl": "https://maps.gsi.go.jp/portal/sys/v4/symbols/103.png",
				"_iconSize": [
					16,
					16
				],
				"_iconAnchor": [
					8,
					8
				]
			}
		},
		{
			"type": "Feature",
			"geometry": {
				"type": "Point",
				"coordinates": [
					 134.8347,
					 35.0642
				]
			},
			"properties": {
				"name": "JA/HG-028(笠形山)",
				"読み":"Kasagatayama",
				"標高":"939m 6pt ",
				"GL":"PM75kb",
				"市郡区":"G#27016E / G#27011F ",
				"登山日":"",
				"メモ":"",
				"_markerType": "Icon",
				"_iconUrl": "https://maps.gsi.go.jp/portal/sys/v4/symbols/103.png",
				"_iconSize": [
					16,
					16
				],
				"_iconAnchor": [
					8,
					8
				]
			}
		},
		{
			"type": "Feature",
			"geometry": {
				"type": "Point",
				"coordinates": [
					 135.2637,
					 34.778
				]
			},
			"properties": {
				"name": "JA/HG-029(六甲山)",
				"読み":"Rokkousan",
				"標高":"931m 6pt ",
				"GL":"PM74ps",
				"市郡区":"C#270107 / C#270102 ",
				"登山日":"",
				"メモ":"",
				"_markerType": "Icon",
				"_iconUrl": "https://maps.gsi.go.jp/portal/sys/v4/symbols/103.png",
				"_iconSize": [
					16,
					16
				],
				"_iconAnchor": [
					8,
					8
				]
			}
		},
		{
			"type": "Feature",
			"geometry": {
				"type": "Point",
				"coordinates": [
					 134.9025,
					 35.1649
				]
			},
			"properties": {
				"name": "JA/HG-030(マタニ山)",
				"読み":"Mataniyama",
				"標高":"928m 6pt ",
				"GL":"PM75kd",
				"市郡区":"G#27016E / G#27011F ",
				"登山日":"",
				"メモ":"",
				"_markerType": "Icon",
				"_iconUrl": "https://maps.gsi.go.jp/portal/sys/v4/symbols/103.png",
				"_iconSize": [
					16,
					16
				],
				"_iconAnchor": [
					8,
					8
				]
			}
		},
		{
			"type": "Feature",
			"geometry": {
				"type": "Point",
				"coordinates": [
					 134.5288,
					 35.1242
				]
			},
			"properties": {
				"name": "JA/HG-031(点920)",
				"読み":"P920",
				"標高":"920m 6pt ",
				"GL":"PM75gc",
				"市郡区":"C#2728 ",
				"登山日":"",
				"メモ":"",
				"_markerType": "Icon",
				"_iconUrl": "https://maps.gsi.go.jp/portal/sys/v4/symbols/103.png",
				"_iconSize": [
					16,
					16
				],
				"_iconAnchor": [
					8,
					8
				]
			}
		},
		{
			"type": "Feature",
			"geometry": {
				"type": "Point",
				"coordinates": [
					 134.637,
					 35.5372
				]
			},
			"properties": {
				"name": "JA/HG-032(点917)",
				"読み":"P917",
				"標高":"917m 6pt ",
				"GL":"PM75hm",
				"市郡区":"C#2710 / G#27020E ",
				"登山日":"",
				"メモ":"",
				"_markerType": "Icon",
				"_iconUrl": "https://maps.gsi.go.jp/portal/sys/v4/symbols/103.png",
				"_iconSize": [
					16,
					16
				],
				"_iconAnchor": [
					8,
					8
				]
			}
		},
		{
			"type": "Feature",
			"geometry": {
				"type": "Point",
				"coordinates": [
					 134.8086,
					 35.1093
				]
			},
			"properties": {
				"name": "JA/HG-033(点882)",
				"読み":"P882",
				"標高":"882m 6pt ",
				"GL":"PM75jc",
				"市郡区":"G#27011F ",
				"登山日":"",
				"メモ":"",
				"_markerType": "Icon",
				"_iconUrl": "https://maps.gsi.go.jp/portal/sys/v4/symbols/103.png",
				"_iconSize": [
					16,
					16
				],
				"_iconAnchor": [
					8,
					8
				]
			}
		},
		{
			"type": "Feature",
			"geometry": {
				"type": "Point",
				"coordinates": [
					 134.8995,
					 35.242
				]
			},
			"properties": {
				"name": "JA/HG-034(雲須山)",
				"読み":"Kumosuyama",
				"標高":"876m 6pt ",
				"GL":"PM75kf",
				"市郡区":"C#2726 ",
				"登山日":"",
				"メモ":"",
				"_markerType": "Icon",
				"_iconUrl": "https://maps.gsi.go.jp/portal/sys/v4/symbols/103.png",
				"_iconSize": [
					16,
					16
				],
				"_iconAnchor": [
					8,
					8
				]
			}
		},
		{
			"type": "Feature",
			"geometry": {
				"type": "Point",
				"coordinates": [
					 134.523983,
					 35.074078
				]
			},
			"properties": {
				"name": "JA/HG-035(水剣山(北東ピーク))",
				"読み":"Suikenzan(Northeast_Peak)",
				"標高":"880m 6pt ",
				"GL":"PM75gb",
				"市郡区":"C#2728 ",
				"登山日":"",
				"メモ":"",
				"_markerType": "Icon",
				"_iconUrl": "https://maps.gsi.go.jp/portal/sys/v4/symbols/103.png",
				"_iconSize": [
					16,
					16
				],
				"_iconAnchor": [
					8,
					8
				]
			}
		},
		{
			"type": "Feature",
			"geometry": {
				"type": "Point",
				"coordinates": [
					 134.7674,
					 35.3235
				]
			},
			"properties": {
				"name": "JA/HG-036(建屋山)",
				"読み":"Takinoyasan",
				"標高":"856m 6pt ",
				"GL":"PM75jh",
				"市郡区":"C#2723 ",
				"登山日":"",
				"メモ":"",
				"_markerType": "Icon",
				"_iconUrl": "https://maps.gsi.go.jp/portal/sys/v4/symbols/103.png",
				"_iconSize": [
					16,
					16
				],
				"_iconAnchor": [
					8,
					8
				]
			}
		},
		{
			"type": "Feature",
			"geometry": {
				"type": "Point",
				"coordinates": [
					 134.647,
					 35.1782
				]
			},
			"properties": {
				"name": "JA/HG-037(高峰)",
				"読み":"Takamine",
				"標高":"845m 4pt ",
				"GL":"PM75he",
				"市郡区":"C#2728 ",
				"登山日":"",
				"メモ":"",
				"_markerType": "Icon",
				"_iconUrl": "https://maps.gsi.go.jp/portal/sys/v4/symbols/828.png",
				"_iconSize": [
					16,
					16
				],
				"_iconAnchor": [
					8,
					8
				]
			}
		},
		{
			"type": "Feature",
			"geometry": {
				"type": "Point",
				"coordinates": [
					 134.9029,
					 35.4074
				]
			},
			"properties": {
				"name": "JA/HG-038(西床尾山)",
				"読み":"Nishitokonoozan",
				"標高":"843m 4pt ",
				"GL":"PM75kj",
				"市郡区":"C#2726 / C#2710 ",
				"登山日":"",
				"メモ":"",
				"_markerType": "Icon",
				"_iconUrl": "https://maps.gsi.go.jp/portal/sys/v4/symbols/828.png",
				"_iconSize": [
					16,
					16
				],
				"_iconAnchor": [
					8,
					8
				]
			}
		},
		{
			"type": "Feature",
			"geometry": {
				"type": "Point",
				"coordinates": [
					 134.9611,
					 35.1477
				]
			},
			"properties": {
				"name": "JA/HG-039(篠ケ峰)",
				"読み":"Sasagamine",
				"標高":"827m 4pt ",
				"GL":"PM75ld",
				"市郡区":"G#27016E / C#2724 ",
				"登山日":"",
				"メモ":"",
				"_markerType": "Icon",
				"_iconUrl": "https://maps.gsi.go.jp/portal/sys/v4/symbols/828.png",
				"_iconSize": [
					16,
					16
				],
				"_iconAnchor": [
					8,
					8
				]
			}
		},
		{
			"type": "Feature",
			"geometry": {
				"type": "Point",
				"coordinates": [
					 134.3821,
					 35.1517
				]
			},
			"properties": {
				"name": "JA/HG-040(総検行山)",
				"読み":"Soukengyousan",
				"標高":"824m 4pt ",
				"GL":"PM75ed",
				"市郡区":"G#27013C / C#3117 ",
				"登山日":"",
				"メモ":"",
				"_markerType": "Icon",
				"_iconUrl": "https://maps.gsi.go.jp/portal/sys/v4/symbols/828.png",
				"_iconSize": [
					16,
					16
				],
				"_iconAnchor": [
					8,
					8
				]
			}
		},
		{
			"type": "Feature",
			"geometry": {
				"type": "Point",
				"coordinates": [
					 134.867,
					 35.2254
				]
			},
			"properties": {
				"name": "JA/HG-041(直谷(三角点))",
				"読み":"Naoya",
				"標高":"823m 4pt ",
				"GL":"PM75kf",
				"市郡区":"C#2726 ",
				"登山日":"",
				"メモ":"",
				"_markerType": "Icon",
				"_iconUrl": "https://maps.gsi.go.jp/portal/sys/v4/symbols/828.png",
				"_iconSize": [
					16,
					16
				],
				"_iconAnchor": [
					8,
					8
				]
			}
		},
		{
			"type": "Feature",
			"geometry": {
				"type": "Point",
				"coordinates": [
					 134.7606,
					 35.108
				]
			},
			"properties": {
				"name": "JA/HG-042(点820(栗村(三角点)近傍))",
				"読み":"P820",
				"標高":"820m 4pt ",
				"GL":"PM75jc",
				"市郡区":"G#27011F ",
				"登山日":"",
				"メモ":"",
				"_markerType": "Icon",
				"_iconUrl": "https://maps.gsi.go.jp/portal/sys/v4/symbols/828.png",
				"_iconSize": [
					16,
					16
				],
				"_iconAnchor": [
					8,
					8
				]
			}
		},
		{
			"type": "Feature",
			"geometry": {
				"type": "Point",
				"coordinates": [
					 134.9467,
					 35.1724
				]
			},
			"properties": {
				"name": "JA/HG-043(竜ケ岳)",
				"読み":"Ryugatake",
				"標高":"817m 4pt ",
				"GL":"PM75le",
				"市郡区":"G#27016E / C#2724 ",
				"登山日":"",
				"メモ":"",
				"_markerType": "Icon",
				"_iconUrl": "https://maps.gsi.go.jp/portal/sys/v4/symbols/828.png",
				"_iconSize": [
					16,
					16
				],
				"_iconAnchor": [
					8,
					8
				]
			}
		},
		{
			"type": "Feature",
			"geometry": {
				"type": "Point",
				"coordinates": [
					 134.6443,
					 35.3027
				]
			},
			"properties": {
				"name": "JA/HG-044(和田山(三角点))",
				"読み":"Wadayama",
				"標高":"809m 4pt ",
				"GL":"PM75hh",
				"市郡区":"C#2723 ",
				"登山日":"",
				"メモ":"",
				"_markerType": "Icon",
				"_iconUrl": "https://maps.gsi.go.jp/portal/sys/v4/symbols/828.png",
				"_iconSize": [
					16,
					16
				],
				"_iconAnchor": [
					8,
					8
				]
			}
		},
		{
			"type": "Feature",
			"geometry": {
				"type": "Point",
				"coordinates": [
					 134.8274,
					 35.2038
				]
			},
			"properties": {
				"name": "JA/HG-045(上生野(三角点))",
				"読み":"Kamiikuno",
				"標高":"806m 4pt ",
				"GL":"PM75je",
				"市郡区":"C#2726 ",
				"登山日":"",
				"メモ":"",
				"_markerType": "Icon",
				"_iconUrl": "https://maps.gsi.go.jp/portal/sys/v4/symbols/828.png",
				"_iconSize": [
					16,
					16
				],
				"_iconAnchor": [
					8,
					8
				]
			}
		},
		{
			"type": "Feature",
			"geometry": {
				"type": "Point",
				"coordinates": [
					 134.6157,
					 35.3799
				]
			},
			"properties": {
				"name": "JA/HG-046(宝引山)",
				"読み":"Houbikiyama",
				"標高":"804m 4pt ",
				"GL":"PM75hj",
				"市郡区":"C#2723 ",
				"登山日":"",
				"メモ":"",
				"_markerType": "Icon",
				"_iconUrl": "https://maps.gsi.go.jp/portal/sys/v4/symbols/828.png",
				"_iconSize": [
					16,
					16
				],
				"_iconAnchor": [
					8,
					8
				]
			}
		},
		{
			"type": "Feature",
			"geometry": {
				"type": "Point",
				"coordinates": [
					 134.7448,
					 35.2571
				]
			},
			"properties": {
				"name": "JA/HG-047(大宮山(三角点))",
				"読み":"Oomiyasan",
				"標高":"798m 4pt ",
				"GL":"PM75ig",
				"市郡区":"C#2726 ",
				"登山日":"",
				"メモ":"",
				"_markerType": "Icon",
				"_iconUrl": "https://maps.gsi.go.jp/portal/sys/v4/symbols/828.png",
				"_iconSize": [
					16,
					16
				],
				"_iconAnchor": [
					8,
					8
				]
			}
		},
		{
			"type": "Feature",
			"geometry": {
				"type": "Point",
				"coordinates": [
					 135.2449,
					 35.1273
				]
			},
			"properties": {
				"name": "JA/HG-048(三嶽)",
				"読み":"Mitake",
				"標高":"793m 4pt ",
				"GL":"PM75od",
				"市郡区":"C#2731 ",
				"登山日":"",
				"メモ":"",
				"_markerType": "Icon",
				"_iconUrl": "https://maps.gsi.go.jp/portal/sys/v4/symbols/828.png",
				"_iconSize": [
					16,
					16
				],
				"_iconAnchor": [
					8,
					8
				]
			}
		},
		{
			"type": "Feature",
			"geometry": {
				"type": "Point",
				"coordinates": [
					 134.5756,
					 35.1486
				]
			},
			"properties": {
				"name": "JA/HG-049(五蔵山)",
				"読み":"Gozouyama",
				"標高":"791m 4pt ",
				"GL":"PM75gd",
				"市郡区":"C#2728 ",
				"登山日":"",
				"メモ":"",
				"_markerType": "Icon",
				"_iconUrl": "https://maps.gsi.go.jp/portal/sys/v4/symbols/828.png",
				"_iconSize": [
					16,
					16
				],
				"_iconAnchor": [
					8,
					8
				]
			}
		},
		{
			"type": "Feature",
			"geometry": {
				"type": "Point",
				"coordinates": [
					 134.701,
					 35.3239
				]
			},
			"properties": {
				"name": "JA/HG-050(御祓山)",
				"読み":"Miharaisan",
				"標高":"773m 4pt ",
				"GL":"PM75ih",
				"市郡区":"C#2723 ",
				"登山日":"",
				"メモ":"",
				"_markerType": "Icon",
				"_iconUrl": "https://maps.gsi.go.jp/portal/sys/v4/symbols/828.png",
				"_iconSize": [
					16,
					16
				],
				"_iconAnchor": [
					8,
					8
				]
			}
		},
		{
			"type": "Feature",
			"geometry": {
				"type": "Point",
				"coordinates": [
					 134.8449,
					 35.2766
				]
			},
			"properties": {
				"name": "JA/HG-051(朝来山)",
				"読み":"Asagoyama",
				"標高":"756m 4pt ",
				"GL":"PM75kg",
				"市郡区":"C#2726 ",
				"登山日":"",
				"メモ":"",
				"_markerType": "Icon",
				"_iconUrl": "https://maps.gsi.go.jp/portal/sys/v4/symbols/828.png",
				"_iconSize": [
					16,
					16
				],
				"_iconAnchor": [
					8,
					8
				]
			}
		},
		{
			"type": "Feature",
			"geometry": {
				"type": "Point",
				"coordinates": [
					 135.3127,
					 35.0102
				]
			},
			"properties": {
				"name": "JA/HG-052(大野山)",
				"読み":"Ooyasan",
				"標高":"754m 4pt ",
				"GL":"PM75pa",
				"市郡区":"G#27010A ",
				"登山日":"",
				"メモ":"",
				"_markerType": "Icon",
				"_iconUrl": "https://maps.gsi.go.jp/portal/sys/v4/symbols/828.png",
				"_iconSize": [
					16,
					16
				],
				"_iconAnchor": [
					8,
					8
				]
			}
		},
		{
			"type": "Feature",
			"geometry": {
				"type": "Point",
				"coordinates": [
					 134.9698,
					 35.2192
				]
			},
			"properties": {
				"name": "JA/HG-053(カヤマチ山)",
				"読み":"Kayamachisan",
				"標高":"748m 4pt ",
				"GL":"PM75lf",
				"市郡区":"C#2724 ",
				"登山日":"",
				"メモ":"",
				"_markerType": "Icon",
				"_iconUrl": "https://maps.gsi.go.jp/portal/sys/v4/symbols/828.png",
				"_iconSize": [
					16,
					16
				],
				"_iconAnchor": [
					8,
					8
				]
			}
		},
		{
			"type": "Feature",
			"geometry": {
				"type": "Point",
				"coordinates": [
					 134.7742,
					 35.2571
				]
			},
			"properties": {
				"name": "JA/HG-054(婆々山)",
				"読み":"Babayama",
				"標高":"743m 4pt ",
				"GL":"PM75jg",
				"市郡区":"C#2726 ",
				"登山日":"",
				"メモ":"",
				"_markerType": "Icon",
				"_iconUrl": "https://maps.gsi.go.jp/portal/sys/v4/symbols/828.png",
				"_iconSize": [
					16,
					16
				],
				"_iconAnchor": [
					8,
					8
				]
			}
		},
		{
			"type": "Feature",
			"geometry": {
				"type": "Point",
				"coordinates": [
					 134.452,
					 35.1287
				]
			},
			"properties": {
				"name": "JA/HG-055(大鳴山(三角点))",
				"読み":"Oonariyama",
				"標高":"743m 4pt ",
				"GL":"PM75fd",
				"市郡区":"C#2728 ",
				"登山日":"",
				"メモ":"",
				"_markerType": "Icon",
				"_iconUrl": "https://maps.gsi.go.jp/portal/sys/v4/symbols/828.png",
				"_iconSize": [
					16,
					16
				],
				"_iconAnchor": [
					8,
					8
				]
			}
		},
		{
			"type": "Feature",
			"geometry": {
				"type": "Point",
				"coordinates": [
					 135.2662,
					 35.1267
				]
			},
			"properties": {
				"name": "JA/HG-056(小金ケ嶽)",
				"読み":"Koganegadake",
				"標高":"725m 4pt ",
				"GL":"PM75pd",
				"市郡区":"C#2731 ",
				"登山日":"",
				"メモ":"",
				"_markerType": "Icon",
				"_iconUrl": "https://maps.gsi.go.jp/portal/sys/v4/symbols/828.png",
				"_iconSize": [
					16,
					16
				],
				"_iconAnchor": [
					8,
					8
				]
			}
		},
		{
			"type": "Feature",
			"geometry": {
				"type": "Point",
				"coordinates": [
					 135.3272,
					 35.0516
				]
			},
			"properties": {
				"name": "JA/HG-057(丈山北峰)",
				"読み":"Jyousenkitamine",
				"標高":"723m 4pt ",
				"GL":"PM75pb",
				"市郡区":"C#2731 ",
				"登山日":"",
				"メモ":"",
				"_markerType": "Icon",
				"_iconUrl": "https://maps.gsi.go.jp/portal/sys/v4/symbols/828.png",
				"_iconSize": [
					16,
					16
				],
				"_iconAnchor": [
					8,
					8
				]
			}
		},
		{
			"type": "Feature",
			"geometry": {
				"type": "Point",
				"coordinates": [
					 135.1348,
					 35.046
				]
			},
			"properties": {
				"name": "JA/HG-058(白髪岳)",
				"読み":"Shiragadake",
				"標高":"722m 4pt ",
				"GL":"PM75nb",
				"市郡区":"C#2731 ",
				"登山日":"",
				"メモ":"",
				"_markerType": "Icon",
				"_iconUrl": "https://maps.gsi.go.jp/portal/sys/v4/symbols/828.png",
				"_iconSize": [
					16,
					16
				],
				"_iconAnchor": [
					8,
					8
				]
			}
		},
		{
			"type": "Feature",
			"geometry": {
				"type": "Point",
				"coordinates": [
					 134.4346,
					 35.555
				]
			},
			"properties": {
				"name": "JA/HG-059(鐘尾(三角点))",
				"読み":"Kaneo",
				"標高":"715m 4pt ",
				"GL":"PM75fn",
				"市郡区":"G#27020F ",
				"登山日":"",
				"メモ":"",
				"_markerType": "Icon",
				"_iconUrl": "https://maps.gsi.go.jp/portal/sys/v4/symbols/828.png",
				"_iconSize": [
					16,
					16
				],
				"_iconAnchor": [
					8,
					8
				]
			}
		},
		{
			"type": "Feature",
			"geometry": {
				"type": "Point",
				"coordinates": [
					 135.0655,
					 35.017
				]
			},
			"properties": {
				"name": "JA/HG-060(西光寺山)",
				"読み":"Saikoujiyama",
				"標高":"713m 4pt ",
				"GL":"PM75ma",
				"市郡区":"C#2714 / C#2731 ",
				"登山日":"",
				"メモ":"",
				"_markerType": "Icon",
				"_iconUrl": "https://maps.gsi.go.jp/portal/sys/v4/symbols/828.png",
				"_iconSize": [
					16,
					16
				],
				"_iconAnchor": [
					8,
					8
				]
			}
		},
		{
			"type": "Feature",
			"geometry": {
				"type": "Point",
				"coordinates": [
					 134.7943,
					 35.2846
				]
			},
			"properties": {
				"name": "JA/HG-061(物部山(三角点))",
				"読み":"Monobeyama",
				"標高":"708m 4pt ",
				"GL":"PM75jg",
				"市郡区":"C#2723 / C#2726 ",
				"登山日":"",
				"メモ":"",
				"_markerType": "Icon",
				"_iconUrl": "https://maps.gsi.go.jp/portal/sys/v4/symbols/828.png",
				"_iconSize": [
					16,
					16
				],
				"_iconAnchor": [
					8,
					8
				]
			}
		},
		{
			"type": "Feature",
			"geometry": {
				"type": "Point",
				"coordinates": [
					 134.7667,
					 35.1456
				]
			},
			"properties": {
				"name": "JA/HG-062(渕(三角点))",
				"読み":"Fuchi",
				"標高":"699m 4pt ",
				"GL":"PM75jd",
				"市郡区":"C#2726 / G#27011F ",
				"登山日":"",
				"メモ":"",
				"_markerType": "Icon",
				"_iconUrl": "https://maps.gsi.go.jp/portal/sys/v4/symbols/828.png",
				"_iconSize": [
					16,
					16
				],
				"_iconAnchor": [
					8,
					8
				]
			}
		},
		{
			"type": "Feature",
			"geometry": {
				"type": "Point",
				"coordinates": [
					 135.2582,
					 35.0113
				]
			},
			"properties": {
				"name": "JA/HG-063(三国ヶ嶽)",
				"読み":"Mikunigatake",
				"標高":"698m 4pt ",
				"GL":"PM75pa",
				"市郡区":"C#2720 / C#2731 ",
				"登山日":"",
				"メモ":"",
				"_markerType": "Icon",
				"_iconUrl": "https://maps.gsi.go.jp/portal/sys/v4/symbols/828.png",
				"_iconSize": [
					16,
					16
				],
				"_iconAnchor": [
					8,
					8
				]
			}
		},
		{
			"type": "Feature",
			"geometry": {
				"type": "Point",
				"coordinates": [
					 134.9711,
					 35.523
				]
			},
			"properties": {
				"name": "JA/HG-064(高竜寺ケ岳)",
				"読み":"Kouryujigadake",
				"標高":"697m 4pt ",
				"GL":"PM75lm",
				"市郡区":"C#2710 / C#2213 ",
				"登山日":"",
				"メモ":"",
				"_markerType": "Icon",
				"_iconUrl": "https://maps.gsi.go.jp/portal/sys/v4/symbols/828.png",
				"_iconSize": [
					16,
					16
				],
				"_iconAnchor": [
					8,
					8
				]
			}
		},
		{
			"type": "Feature",
			"geometry": {
				"type": "Point",
				"coordinates": [
					 134.9146,
					 35.0921
				]
			},
			"properties": {
				"name": "JA/HG-065(妙見山)",
				"読み":"Myoukousan",
				"標高":"692m 4pt ",
				"GL":"PM75kc",
				"市郡区":"G#27016E ",
				"登山日":"",
				"メモ":"",
				"_markerType": "Icon",
				"_iconUrl": "https://maps.gsi.go.jp/portal/sys/v4/symbols/828.png",
				"_iconSize": [
					16,
					16
				],
				"_iconAnchor": [
					8,
					8
				]
			}
		},
		{
			"type": "Feature",
			"geometry": {
				"type": "Point",
				"coordinates": [
					 134.8128,
					 35.3274
				]
			},
			"properties": {
				"name": "JA/HG-066(大倉部山)",
				"読み":"Okurabeyama",
				"標高":"692m 4pt ",
				"GL":"PM75jh",
				"市郡区":"C#2726 ",
				"登山日":"",
				"メモ":"",
				"_markerType": "Icon",
				"_iconUrl": "https://maps.gsi.go.jp/portal/sys/v4/symbols/828.png",
				"_iconSize": [
					16,
					16
				],
				"_iconAnchor": [
					8,
					8
				]
			}
		},
		{
			"type": "Feature",
			"geometry": {
				"type": "Point",
				"coordinates": [
					 134.7036,
					 35.0159
				]
			},
			"properties": {
				"name": "JA/HG-067(七種山)",
				"読み":"Nagusayama",
				"標高":"683m 4pt ",
				"GL":"PM75ia",
				"市郡区":"G#27011C ",
				"登山日":"",
				"メモ":"",
				"_markerType": "Icon",
				"_iconUrl": "https://maps.gsi.go.jp/portal/sys/v4/symbols/828.png",
				"_iconSize": [
					16,
					16
				],
				"_iconAnchor": [
					8,
					8
				]
			}
		},
		{
			"type": "Feature",
			"geometry": {
				"type": "Point",
				"coordinates": [
					 135.319,
					 35.1341
				]
			},
			"properties": {
				"name": "JA/HG-068(八ケ尾山)",
				"読み":"Hachigaoyama",
				"標高":"678m 4pt ",
				"GL":"PM75pd",
				"市郡区":"C#2731 ",
				"登山日":"",
				"メモ":"",
				"_markerType": "Icon",
				"_iconUrl": "https://maps.gsi.go.jp/portal/sys/v4/symbols/828.png",
				"_iconSize": [
					16,
					16
				],
				"_iconAnchor": [
					8,
					8
				]
			}
		},
		{
			"type": "Feature",
			"geometry": {
				"type": "Point",
				"coordinates": [
					 134.5716,
					 35.619
				]
			},
			"properties": {
				"name": "JA/HG-069(久斗山)",
				"読み":"Kutosan",
				"標高":"671m 4pt ",
				"GL":"PM75go",
				"市郡区":"G#27020E / G#27020F ",
				"登山日":"",
				"メモ":"",
				"_markerType": "Icon",
				"_iconUrl": "https://maps.gsi.go.jp/portal/sys/v4/symbols/828.png",
				"_iconSize": [
					16,
					16
				],
				"_iconAnchor": [
					8,
					8
				]
			}
		},
		{
			"type": "Feature",
			"geometry": {
				"type": "Point",
				"coordinates": [
					 134.6531,
					 35.0012
				]
			},
			"properties": {
				"name": "JA/HG-070(明神山)",
				"読み":"Myoujinsan",
				"標高":"668m 4pt ",
				"GL":"PM75ha",
				"市郡区":"C#2702 ",
				"登山日":"",
				"メモ":"",
				"_markerType": "Icon",
				"_iconUrl": "https://maps.gsi.go.jp/portal/sys/v4/symbols/828.png",
				"_iconSize": [
					16,
					16
				],
				"_iconAnchor": [
					8,
					8
				]
			}
		},
		{
			"type": "Feature",
			"geometry": {
				"type": "Point",
				"coordinates": [
					 134.9783,
					 35.4753
				]
			},
			"properties": {
				"name": "JA/HG-071(東里ケ岳)",
				"読み":"Tourigadake",
				"標高":"664m 4pt ",
				"GL":"PM75ll",
				"市郡区":"C#2710 ",
				"登山日":"",
				"メモ":"",
				"_markerType": "Icon",
				"_iconUrl": "https://maps.gsi.go.jp/portal/sys/v4/symbols/828.png",
				"_iconSize": [
					16,
					16
				],
				"_iconAnchor": [
					8,
					8
				]
			}
		},
		{
			"type": "Feature",
			"geometry": {
				"type": "Point",
				"coordinates": [
					 135.081,
					 35.0518
				]
			},
			"properties": {
				"name": "JA/HG-072(高山(三角点))",
				"読み":"Takayama",
				"標高":"660m 4pt ",
				"GL":"PM75mb",
				"市郡区":"C#2714 / C#2724 ",
				"登山日":"",
				"メモ":"",
				"_markerType": "Icon",
				"_iconUrl": "https://maps.gsi.go.jp/portal/sys/v4/symbols/828.png",
				"_iconSize": [
					16,
					16
				],
				"_iconAnchor": [
					8,
					8
				]
			}
		},
		{
			"type": "Feature",
			"geometry": {
				"type": "Point",
				"coordinates": [
					 134.7145,
					 35.5118
				]
			},
			"properties": {
				"name": "JA/HG-073(大岡山)",
				"読み":"Ookayama",
				"標高":"660m 4pt ",
				"GL":"PM75im",
				"市郡区":"C#2710 ",
				"登山日":"",
				"メモ":"",
				"_markerType": "Icon",
				"_iconUrl": "https://maps.gsi.go.jp/portal/sys/v4/symbols/828.png",
				"_iconSize": [
					16,
					16
				],
				"_iconAnchor": [
					8,
					8
				]
			}
		},
		{
			"type": "Feature",
			"geometry": {
				"type": "Point",
				"coordinates": [
					 135.1923,
					 35.0176
				]
			},
			"properties": {
				"name": "JA/HG-074(点659)",
				"読み":"P659",
				"標高":"659m 4pt ",
				"GL":"PM75oa",
				"市郡区":"C#2720 / C#2731 ",
				"登山日":"",
				"メモ":"",
				"_markerType": "Icon",
				"_iconUrl": "https://maps.gsi.go.jp/portal/sys/v4/symbols/828.png",
				"_iconSize": [
					16,
					16
				],
				"_iconAnchor": [
					8,
					8
				]
			}
		},
		{
			"type": "Feature",
			"geometry": {
				"type": "Point",
				"coordinates": [
					 135.0687,
					 35.2232
				]
			},
			"properties": {
				"name": "JA/HG-075(五台山)",
				"読み":"Godaisan",
				"標高":"655m 4pt ",
				"GL":"PM75mf",
				"市郡区":"C#2724 ",
				"登山日":"",
				"メモ":"",
				"_markerType": "Icon",
				"_iconUrl": "https://maps.gsi.go.jp/portal/sys/v4/symbols/828.png",
				"_iconSize": [
					16,
					16
				],
				"_iconAnchor": [
					8,
					8
				]
			}
		},
		{
			"type": "Feature",
			"geometry": {
				"type": "Point",
				"coordinates": [
					 135.2822,
					 34.9578
				]
			},
			"properties": {
				"name": "JA/HG-076(大船山)",
				"読み":"Oofunayama",
				"標高":"653m 4pt ",
				"GL":"PM74pw",
				"市郡区":"C#2720 ",
				"登山日":"",
				"メモ":"",
				"_markerType": "Icon",
				"_iconUrl": "https://maps.gsi.go.jp/portal/sys/v4/symbols/828.png",
				"_iconSize": [
					16,
					16
				],
				"_iconAnchor": [
					8,
					8
				]
			}
		},
		{
			"type": "Feature",
			"geometry": {
				"type": "Point",
				"coordinates": [
					 135.1123,
					 35.0176
				]
			},
			"properties": {
				"name": "JA/HG-077(西寺山)",
				"読み":"Nishiterayama",
				"標高":"646m 2pt ",
				"GL":"PM75na",
				"市郡区":"C#2731 ",
				"登山日":"",
				"メモ":"",
				"_markerType": "Icon",
				"_iconUrl": "https://maps.gsi.go.jp/portal/sys/v4/symbols/102.png",
				"_iconSize": [
					16,
					16
				],
				"_iconAnchor": [
					8,
					8
				]
			}
		},
		{
			"type": "Feature",
			"geometry": {
				"type": "Point",
				"coordinates": [
					 134.5538,
					 35.0514
				]
			},
			"properties": {
				"name": "JA/HG-078(宮山)",
				"読み":"Miyayama",
				"標高":"646m 2pt ",
				"GL":"PM75gb",
				"市郡区":"C#2728 ",
				"登山日":"",
				"メモ":"",
				"_markerType": "Icon",
				"_iconUrl": "https://maps.gsi.go.jp/portal/sys/v4/symbols/102.png",
				"_iconSize": [
					16,
					16
				],
				"_iconAnchor": [
					8,
					8
				]
			}
		},
		{
			"type": "Feature",
			"geometry": {
				"type": "Point",
				"coordinates": [
					 134.9269,
					 35.5125
				]
			},
			"properties": {
				"name": "JA/HG-079(法沢山)",
				"読み":"Houtakuyama",
				"標高":"643m 2pt ",
				"GL":"PM75lm",
				"市郡区":"C#2710 / C#2213 ",
				"登山日":"",
				"メモ":"",
				"_markerType": "Icon",
				"_iconUrl": "https://maps.gsi.go.jp/portal/sys/v4/symbols/102.png",
				"_iconSize": [
					16,
					16
				],
				"_iconAnchor": [
					8,
					8
				]
			}
		},
		{
			"type": "Feature",
			"geometry": {
				"type": "Point",
				"coordinates": [
					 135.3432,
					 35.1357
				]
			},
			"properties": {
				"name": "JA/HG-080(岩尾峰)",
				"読み":"Iwaomine",
				"標高":"630m 2pt ",
				"GL":"PM75qd",
				"市郡区":"C#2731 / G#22012G ",
				"登山日":"",
				"メモ":"",
				"_markerType": "Icon",
				"_iconUrl": "https://maps.gsi.go.jp/portal/sys/v4/symbols/102.png",
				"_iconSize": [
					16,
					16
				],
				"_iconAnchor": [
					8,
					8
				]
			}
		},
		{
			"type": "Feature",
			"geometry": {
				"type": "Point",
				"coordinates": [
					 135.0368,
					 35.0538
				]
			},
			"properties": {
				"name": "JA/HG-081(妙見山近傍)",
				"読み":"Near_Myokenzan",
				"標高":"630m 2pt ",
				"GL":"PM75mb",
				"市郡区":"C#2724 / C#2714 ",
				"登山日":"",
				"メモ":"",
				"_markerType": "Icon",
				"_iconUrl": "https://maps.gsi.go.jp/portal/sys/v4/symbols/102.png",
				"_iconSize": [
					16,
					16
				],
				"_iconAnchor": [
					8,
					8
				]
			}
		},
		{
			"type": "Feature",
			"geometry": {
				"type": "Point",
				"coordinates": [
					 135.1428,
					 35.1226
				]
			},
			"properties": {
				"name": "JA/HG-082(黒頭峰)",
				"読み":"Kurozuhou",
				"標高":"620m 2pt ",
				"GL":"PM75nc",
				"市郡区":"C#2731 / C#2724 ",
				"登山日":"",
				"メモ":"",
				"_markerType": "Icon",
				"_iconUrl": "https://maps.gsi.go.jp/portal/sys/v4/symbols/102.png",
				"_iconSize": [
					16,
					16
				],
				"_iconAnchor": [
					8,
					8
				]
			}
		},
		{
			"type": "Feature",
			"geometry": {
				"type": "Point",
				"coordinates": [
					 134.8142,
					 34.2349
				]
			},
			"properties": {
				"name": "JA/HG-083(諭鶴羽山)",
				"読み":"Yuzuruhasan",
				"標高":"608m 2pt ",
				"GL":"PM74jf",
				"市郡区":"C#2725 ",
				"登山日":"",
				"メモ":"",
				"_markerType": "Icon",
				"_iconUrl": "https://maps.gsi.go.jp/portal/sys/v4/symbols/102.png",
				"_iconSize": [
					16,
					16
				],
				"_iconAnchor": [
					8,
					8
				]
			}
		},
		{
			"type": "Feature",
			"geometry": {
				"type": "Point",
				"coordinates": [
					 135.0912,
					 35.258
				]
			},
			"properties": {
				"name": "JA/HG-084(親不知)",
				"読み":"Oyashirazu",
				"標高":"605m 2pt ",
				"GL":"PM75ng",
				"市郡区":"C#2724 / C#2202 ",
				"登山日":"",
				"メモ":"",
				"_markerType": "Icon",
				"_iconUrl": "https://maps.gsi.go.jp/portal/sys/v4/symbols/102.png",
				"_iconSize": [
					16,
					16
				],
				"_iconAnchor": [
					8,
					8
				]
			}
		},
		{
			"type": "Feature",
			"geometry": {
				"type": "Point",
				"coordinates": [
					 134.5677,
					 35.5674
				]
			},
			"properties": {
				"name": "JA/HG-085(点600)",
				"読み":"P600",
				"標高":"600m 2pt ",
				"GL":"PM75gn",
				"市郡区":"G#27020E / G#27020F ",
				"登山日":"",
				"メモ":"",
				"_markerType": "Icon",
				"_iconUrl": "https://maps.gsi.go.jp/portal/sys/v4/symbols/102.png",
				"_iconSize": [
					16,
					16
				],
				"_iconAnchor": [
					8,
					8
				]
			}
		},
		{
			"type": "Feature",
			"geometry": {
				"type": "Point",
				"coordinates": [
					 135.1401,
					 34.7836
				]
			},
			"properties": {
				"name": "JA/HG-086(稚子ヶ墓山)",
				"読み":"Chigogahakayama",
				"標高":"596m 2pt ",
				"GL":"PM74ns",
				"市郡区":"C#270107 ",
				"登山日":"",
				"メモ":"",
				"_markerType": "Icon",
				"_iconUrl": "https://maps.gsi.go.jp/portal/sys/v4/symbols/102.png",
				"_iconSize": [
					16,
					16
				],
				"_iconAnchor": [
					8,
					8
				]
			}
		},
		{
			"type": "Feature",
			"geometry": {
				"type": "Point",
				"coordinates": [
					 135.104,
					 35.134
				]
			},
			"properties": {
				"name": "JA/HG-087(譲葉山)",
				"読み":"Yuzurihayama",
				"標高":"594m 2pt ",
				"GL":"PM75nd",
				"市郡区":"C#2724 ",
				"登山日":"",
				"メモ":"",
				"_markerType": "Icon",
				"_iconUrl": "https://maps.gsi.go.jp/portal/sys/v4/symbols/102.png",
				"_iconSize": [
					16,
					16
				],
				"_iconAnchor": [
					8,
					8
				]
			}
		},
		{
			"type": "Feature",
			"geometry": {
				"type": "Point",
				"coordinates": [
					 135.1392,
					 34.985
				]
			},
			"properties": {
				"name": "JA/HG-088(虚空蔵山)",
				"読み":"Kokuzousan",
				"標高":"592m 2pt ",
				"GL":"PM74nx",
				"市郡区":"C#2731 / C#2720 ",
				"登山日":"",
				"メモ":"",
				"_markerType": "Icon",
				"_iconUrl": "https://maps.gsi.go.jp/portal/sys/v4/symbols/102.png",
				"_iconSize": [
					16,
					16
				],
				"_iconAnchor": [
					8,
					8
				]
			}
		},
		{
			"type": "Feature",
			"geometry": {
				"type": "Point",
				"coordinates": [
					 135.1135,
					 34.9923
				]
			},
			"properties": {
				"name": "JA/HG-089(和田寺山)",
				"読み":"Wadenjiyama",
				"標高":"591m 2pt ",
				"GL":"PM74nx",
				"市郡区":"C#2731 ",
				"登山日":"",
				"メモ":"",
				"_markerType": "Icon",
				"_iconUrl": "https://maps.gsi.go.jp/portal/sys/v4/symbols/102.png",
				"_iconSize": [
					16,
					16
				],
				"_iconAnchor": [
					8,
					8
				]
			}
		},
		{
			"type": "Feature",
			"geometry": {
				"type": "Point",
				"coordinates": [
					 135.2219,
					 34.9674
				]
			},
			"properties": {
				"name": "JA/HG-090(千丈寺山)",
				"読み":"Senjyoujisan",
				"標高":"590m 2pt ",
				"GL":"PM74ox",
				"市郡区":"C#2720 ",
				"登山日":"",
				"メモ":"",
				"_markerType": "Icon",
				"_iconUrl": "https://maps.gsi.go.jp/portal/sys/v4/symbols/102.png",
				"_iconSize": [
					16,
					16
				],
				"_iconAnchor": [
					8,
					8
				]
			}
		},
		{
			"type": "Feature",
			"geometry": {
				"type": "Point",
				"coordinates": [
					 134.8381,
					 34.2455
				]
			},
			"properties": {
				"name": "JA/HG-091(中向背(三角点))",
				"読み":"Nakamukase",
				"標高":"586m 2pt ",
				"GL":"PM74kf",
				"市郡区":"C#2725 ",
				"登山日":"",
				"メモ":"",
				"_markerType": "Icon",
				"_iconUrl": "https://maps.gsi.go.jp/portal/sys/v4/symbols/102.png",
				"_iconSize": [
					16,
					16
				],
				"_iconAnchor": [
					8,
					8
				]
			}
		},
		{
			"type": "Feature",
			"geometry": {
				"type": "Point",
				"coordinates": [
					 134.5282,
					 35.0442
				]
			},
			"properties": {
				"name": "JA/HG-092(長水山)",
				"読み":"Chouzuisan",
				"標高":"584m 2pt ",
				"GL":"PM75gb",
				"市郡区":"C#2728 ",
				"登山日":"",
				"メモ":"",
				"_markerType": "Icon",
				"_iconUrl": "https://maps.gsi.go.jp/portal/sys/v4/symbols/102.png",
				"_iconSize": [
					16,
					16
				],
				"_iconAnchor": [
					8,
					8
				]
			}
		},
		{
			"type": "Feature",
			"geometry": {
				"type": "Point",
				"coordinates": [
					 134.7211,
					 35.013
				]
			},
			"properties": {
				"name": "JA/HG-093(七種槍)",
				"読み":"Nagusayari",
				"標高":"577m 2pt ",
				"GL":"PM75ia",
				"市郡区":"G#27011A / G#27011C ",
				"登山日":"",
				"メモ":"",
				"_markerType": "Icon",
				"_iconUrl": "https://maps.gsi.go.jp/portal/sys/v4/symbols/102.png",
				"_iconSize": [
					16,
					16
				],
				"_iconAnchor": [
					8,
					8
				]
			}
		},
		{
			"type": "Feature",
			"geometry": {
				"type": "Point",
				"coordinates": [
					 134.5276,
					 35.5461
				]
			},
			"properties": {
				"name": "JA/HG-094(大空山)",
				"読み":"Oozorayama",
				"標高":"576m 2pt ",
				"GL":"PM75gn",
				"市郡区":"G#27020F ",
				"登山日":"",
				"メモ":"",
				"_markerType": "Icon",
				"_iconUrl": "https://maps.gsi.go.jp/portal/sys/v4/symbols/102.png",
				"_iconSize": [
					16,
					16
				],
				"_iconAnchor": [
					8,
					8
				]
			}
		},
		{
			"type": "Feature",
			"geometry": {
				"type": "Point",
				"coordinates": [
					 134.4188,
					 35.0854
				]
			},
			"properties": {
				"name": "JA/HG-095(上三河(三角点))",
				"読み":"Kamimikawa",
				"標高":"574m 2pt ",
				"GL":"PM75fc",
				"市郡区":"G#27013C ",
				"登山日":"",
				"メモ":"",
				"_markerType": "Icon",
				"_iconUrl": "https://maps.gsi.go.jp/portal/sys/v4/symbols/102.png",
				"_iconSize": [
					16,
					16
				],
				"_iconAnchor": [
					8,
					8
				]
			}
		},
		{
			"type": "Feature",
			"geometry": {
				"type": "Point",
				"coordinates": [
					 134.8968,
					 34.2838
				]
			},
			"properties": {
				"name": "JA/HG-096(柏原山)",
				"読み":"Kashiwarayama",
				"標高":"569m 2pt ",
				"GL":"PM74kg",
				"市郡区":"C#2706 ",
				"登山日":"",
				"メモ":"",
				"_markerType": "Icon",
				"_iconUrl": "https://maps.gsi.go.jp/portal/sys/v4/symbols/102.png",
				"_iconSize": [
					16,
					16
				],
				"_iconAnchor": [
					8,
					8
				]
			}
		},
		{
			"type": "Feature",
			"geometry": {
				"type": "Point",
				"coordinates": [
					 134.739,
					 35.5509
				]
			},
			"properties": {
				"name": "JA/HG-097(矢次山)",
				"読み":"Yatsugiyama",
				"標高":"568m 2pt ",
				"GL":"PM75in",
				"市郡区":"C#2710 ",
				"登山日":"",
				"メモ":"",
				"_markerType": "Icon",
				"_iconUrl": "https://maps.gsi.go.jp/portal/sys/v4/symbols/102.png",
				"_iconSize": [
					16,
					16
				],
				"_iconAnchor": [
					8,
					8
				]
			}
		},
		{
			"type": "Feature",
			"geometry": {
				"type": "Point",
				"coordinates": [
					 134.7854,
					 35.612
				]
			},
			"properties": {
				"name": "JA/HG-098(来日岳)",
				"読み":"Kuruhidake",
				"標高":"567m 2pt ",
				"GL":"PM75jo",
				"市郡区":"C#2710 ",
				"登山日":"",
				"メモ":"",
				"_markerType": "Icon",
				"_iconUrl": "https://maps.gsi.go.jp/portal/sys/v4/symbols/102.png",
				"_iconSize": [
					16,
					16
				],
				"_iconAnchor": [
					8,
					8
				]
			}
		},
		{
			"type": "Feature",
			"geometry": {
				"type": "Point",
				"coordinates": [
					 135.1608,
					 35.1727
				]
			},
			"properties": {
				"name": "JA/HG-099(妙高山)",
				"読み":"Myoukousan",
				"標高":"565m 2pt ",
				"GL":"PM75ne",
				"市郡区":"C#2724 ",
				"登山日":"",
				"メモ":"",
				"_markerType": "Icon",
				"_iconUrl": "https://maps.gsi.go.jp/portal/sys/v4/symbols/102.png",
				"_iconSize": [
					16,
					16
				],
				"_iconAnchor": [
					8,
					8
				]
			}
		},
		{
			"type": "Feature",
			"geometry": {
				"type": "Point",
				"coordinates": [
					 134.5409,
					 35.5252
				]
			},
			"properties": {
				"name": "JA/HG-100(城ケ山)",
				"読み":"Jyougayama",
				"標高":"563m 2pt ",
				"GL":"PM75gm",
				"市郡区":"G#27020F ",
				"登山日":"",
				"メモ":"",
				"_markerType": "Icon",
				"_iconUrl": "https://maps.gsi.go.jp/portal/sys/v4/symbols/102.png",
				"_iconSize": [
					16,
					16
				],
				"_iconAnchor": [
					8,
					8
				]
			}
		},
		{
			"type": "Feature",
			"geometry": {
				"type": "Point",
				"coordinates": [
					 134.753,
					 35.3751
				]
			},
			"properties": {
				"name": "JA/HG-101(大徳山)",
				"読み":"Daitokuzan",
				"標高":"556m 2pt ",
				"GL":"PM75jj",
				"市郡区":"C#2723 ",
				"登山日":"",
				"メモ":"",
				"_markerType": "Icon",
				"_iconUrl": "https://maps.gsi.go.jp/portal/sys/v4/symbols/102.png",
				"_iconSize": [
					16,
					16
				],
				"_iconAnchor": [
					8,
					8
				]
			}
		},
		{
			"type": "Feature",
			"geometry": {
				"type": "Point",
				"coordinates": [
					 134.6422,
					 35.2054
				]
			},
			"properties": {
				"name": "JA/HG-102(嘉門橋(三角点))",
				"読み":"Kamonbashi",
				"標高":"555m 2pt ",
				"GL":"PM75he",
				"市郡区":"C#2728 ",
				"登山日":"",
				"メモ":"",
				"_markerType": "Icon",
				"_iconUrl": "https://maps.gsi.go.jp/portal/sys/v4/symbols/102.png",
				"_iconSize": [
					16,
					16
				],
				"_iconAnchor": [
					8,
					8
				]
			}
		},
		{
			"type": "Feature",
			"geometry": {
				"type": "Point",
				"coordinates": [
					 135.332,
					 34.8553
				]
			},
			"properties": {
				"name": "JA/HG-103(大峰山)",
				"読み":"Oominesan",
				"標高":"552m 2pt ",
				"GL":"PM74pu",
				"市郡区":"C#2715 ",
				"登山日":"",
				"メモ":"",
				"_markerType": "Icon",
				"_iconUrl": "https://maps.gsi.go.jp/portal/sys/v4/symbols/102.png",
				"_iconSize": [
					16,
					16
				],
				"_iconAnchor": [
					8,
					8
				]
			}
		},
		{
			"type": "Feature",
			"geometry": {
				"type": "Point",
				"coordinates": [
					 135.0725,
					 34.9933
				]
			},
			"properties": {
				"name": "JA/HG-104(北山(三角点))",
				"読み":"Kitayama",
				"標高":"552m 2pt ",
				"GL":"PM74mx",
				"市郡区":"C#2731 / C#2729 ",
				"登山日":"",
				"メモ":"",
				"_markerType": "Icon",
				"_iconUrl": "https://maps.gsi.go.jp/portal/sys/v4/symbols/102.png",
				"_iconSize": [
					16,
					16
				],
				"_iconAnchor": [
					8,
					8
				]
			}
		},
		{
			"type": "Feature",
			"geometry": {
				"type": "Point",
				"coordinates": [
					 134.5254,
					 35.6446
				]
			},
			"properties": {
				"name": "JA/HG-105(砥石場(三角点))",
				"読み":"Toishiba",
				"標高":"551m 2pt ",
				"GL":"PM75gp",
				"市郡区":"G#27020E / G#27020F ",
				"登山日":"",
				"メモ":"",
				"_markerType": "Icon",
				"_iconUrl": "https://maps.gsi.go.jp/portal/sys/v4/symbols/102.png",
				"_iconSize": [
					16,
					16
				],
				"_iconAnchor": [
					8,
					8
				]
			}
		},
		{
			"type": "Feature",
			"geometry": {
				"type": "Point",
				"coordinates": [
					 135.0323,
					 35.1079
				]
			},
			"properties": {
				"name": "JA/HG-106(石戸山)",
				"読み":"Ishidoyama",
				"標高":"549m 2pt ",
				"GL":"PM75mc",
				"市郡区":"C#2724 ",
				"登山日":"",
				"メモ":"",
				"_markerType": "Icon",
				"_iconUrl": "https://maps.gsi.go.jp/portal/sys/v4/symbols/102.png",
				"_iconSize": [
					16,
					16
				],
				"_iconAnchor": [
					8,
					8
				]
			}
		},
		{
			"type": "Feature",
			"geometry": {
				"type": "Point",
				"coordinates": [
					 134.4579,
					 35.0332
				]
			},
			"properties": {
				"name": "JA/HG-107(点540)",
				"読み":"P540",
				"標高":"540m 2pt ",
				"GL":"PM75fa",
				"市郡区":"C#2728 / G#27013C ",
				"登山日":"",
				"メモ":"",
				"_markerType": "Icon",
				"_iconUrl": "https://maps.gsi.go.jp/portal/sys/v4/symbols/102.png",
				"_iconSize": [
					16,
					16
				],
				"_iconAnchor": [
					8,
					8
				]
			}
		},
		{
			"type": "Feature",
			"geometry": {
				"type": "Point",
				"coordinates": [
					 135.0827,
					 34.9745
				]
			},
			"properties": {
				"name": "JA/HG-108(清水寺)",
				"読み":"Shimizudera",
				"標高":"540m 2pt ",
				"GL":"PM74mx",
				"市郡区":"C#2729 ",
				"登山日":"",
				"メモ":"",
				"_markerType": "Icon",
				"_iconUrl": "https://maps.gsi.go.jp/portal/sys/v4/symbols/102.png",
				"_iconSize": [
					16,
					16
				],
				"_iconAnchor": [
					8,
					8
				]
			}
		},
		{
			"type": "Feature",
			"geometry": {
				"type": "Point",
				"coordinates": [
					 134.9479,
					 35.0923
				]
			},
			"properties": {
				"name": "JA/HG-109(延命寺山(三角点))",
				"読み":"Enmeijiyama",
				"標高":"540m 2pt ",
				"GL":"PM75lc",
				"市郡区":"C#2724 ",
				"登山日":"",
				"メモ":"",
				"_markerType": "Icon",
				"_iconUrl": "https://maps.gsi.go.jp/portal/sys/v4/symbols/102.png",
				"_iconSize": [
					16,
					16
				],
				"_iconAnchor": [
					8,
					8
				]
			}
		},
		{
			"type": "Feature",
			"geometry": {
				"type": "Point",
				"coordinates": [
					 135.259,
					 34.9516
				]
			},
			"properties": {
				"name": "JA/HG-110(点539)",
				"読み":"P539",
				"標高":"539m 2pt ",
				"GL":"PM74pw",
				"市郡区":"C#2720 ",
				"登山日":"",
				"メモ":"",
				"_markerType": "Icon",
				"_iconUrl": "https://maps.gsi.go.jp/portal/sys/v4/symbols/102.png",
				"_iconSize": [
					16,
					16
				],
				"_iconAnchor": [
					8,
					8
				]
			}
		},
		{
			"type": "Feature",
			"geometry": {
				"type": "Point",
				"coordinates": [
					 134.7963,
					 35.3526
				]
			},
			"properties": {
				"name": "JA/HG-111(上野(三角点))",
				"読み":"Ueno",
				"標高":"538m 2pt ",
				"GL":"PM75ji",
				"市郡区":"C#2723 / C#2726 ",
				"登山日":"",
				"メモ":"",
				"_markerType": "Icon",
				"_iconUrl": "https://maps.gsi.go.jp/portal/sys/v4/symbols/102.png",
				"_iconSize": [
					16,
					16
				],
				"_iconAnchor": [
					8,
					8
				]
			}
		},
		{
			"type": "Feature",
			"geometry": {
				"type": "Point",
				"coordinates": [
					 134.4501,
					 35.5888
				]
			},
			"properties": {
				"name": "JA/HG-112(三成山)",
				"読み":"Minarusan",
				"標高":"536m 2pt ",
				"GL":"PM75fo",
				"市郡区":"G#27020F ",
				"登山日":"",
				"メモ":"",
				"_markerType": "Icon",
				"_iconUrl": "https://maps.gsi.go.jp/portal/sys/v4/symbols/102.png",
				"_iconSize": [
					16,
					16
				],
				"_iconAnchor": [
					8,
					8
				]
			}
		},
		{
			"type": "Feature",
			"geometry": {
				"type": "Point",
				"coordinates": [
					 134.8521,
					 35.3766
				]
			},
			"properties": {
				"name": "JA/HG-113(黒谷(三角点))",
				"読み":"Kurotani",
				"標高":"536m 2pt ",
				"GL":"PM75kj",
				"市郡区":"C#2726 / C#2723 ",
				"登山日":"",
				"メモ":"",
				"_markerType": "Icon",
				"_iconUrl": "https://maps.gsi.go.jp/portal/sys/v4/symbols/102.png",
				"_iconSize": [
					16,
					16
				],
				"_iconAnchor": [
					8,
					8
				]
			}
		},
		{
			"type": "Feature",
			"geometry": {
				"type": "Point",
				"coordinates": [
					 134.8833,
					 35.0689
				]
			},
			"properties": {
				"name": "JA/HG-114(冷谷(三角点))",
				"読み":"Hiedani",
				"標高":"532m 2pt ",
				"GL":"PM75kb",
				"市郡区":"G#27016E ",
				"登山日":"",
				"メモ":"",
				"_markerType": "Icon",
				"_iconUrl": "https://maps.gsi.go.jp/portal/sys/v4/symbols/102.png",
				"_iconSize": [
					16,
					16
				],
				"_iconAnchor": [
					8,
					8
				]
			}
		},
		{
			"type": "Feature",
			"geometry": {
				"type": "Point",
				"coordinates": [
					 134.8661,
					 34.2759
				]
			},
			"properties": {
				"name": "JA/HG-115(点530)",
				"読み":"P530",
				"標高":"530m 2pt ",
				"GL":"PM74kg",
				"市郡区":"C#2706 ",
				"登山日":"",
				"メモ":"",
				"_markerType": "Icon",
				"_iconUrl": "https://maps.gsi.go.jp/portal/sys/v4/symbols/102.png",
				"_iconSize": [
					16,
					16
				],
				"_iconAnchor": [
					8,
					8
				]
			}
		},
		{
			"type": "Feature",
			"geometry": {
				"type": "Point",
				"coordinates": [
					 134.8411,
					 35.4198
				]
			},
			"properties": {
				"name": "JA/HG-116(点530)",
				"読み":"P530",
				"標高":"530m 2pt ",
				"GL":"PM75kk",
				"市郡区":"C#2710 / C#2723 ",
				"登山日":"",
				"メモ":"",
				"_markerType": "Icon",
				"_iconUrl": "https://maps.gsi.go.jp/portal/sys/v4/symbols/102.png",
				"_iconSize": [
					16,
					16
				],
				"_iconAnchor": [
					8,
					8
				]
			}
		},
		{
			"type": "Feature",
			"geometry": {
				"type": "Point",
				"coordinates": [
					 135.2679,
					 34.9186
				]
			},
			"properties": {
				"name": "JA/HG-117(羽束山)",
				"読み":"Hatsukayama",
				"標高":"524m 2pt ",
				"GL":"PM74pw",
				"市郡区":"C#2720 ",
				"登山日":"",
				"メモ":"",
				"_markerType": "Icon",
				"_iconUrl": "https://maps.gsi.go.jp/portal/sys/v4/symbols/102.png",
				"_iconSize": [
					16,
					16
				],
				"_iconAnchor": [
					8,
					8
				]
			}
		},
		{
			"type": "Feature",
			"geometry": {
				"type": "Point",
				"coordinates": [
					 134.9435,
					 34.4972
				]
			},
			"properties": {
				"name": "JA/HG-118(妙見山)",
				"読み":"Myoukenyama",
				"標高":"522m 2pt ",
				"GL":"PM74ll",
				"市郡区":"C#2727 ",
				"登山日":"",
				"メモ":"",
				"_markerType": "Icon",
				"_iconUrl": "https://maps.gsi.go.jp/portal/sys/v4/symbols/102.png",
				"_iconSize": [
					16,
					16
				],
				"_iconAnchor": [
					8,
					8
				]
			}
		},
		{
			"type": "Feature",
			"geometry": {
				"type": "Point",
				"coordinates": [
					 135.0167,
					 35.1621
				]
			},
			"properties": {
				"name": "JA/HG-119(弘浪山)",
				"読み":"Kourousan",
				"標高":"520m 2pt ",
				"GL":"PM75md",
				"市郡区":"C#2724 ",
				"登山日":"",
				"メモ":"",
				"_markerType": "Icon",
				"_iconUrl": "https://maps.gsi.go.jp/portal/sys/v4/symbols/102.png",
				"_iconSize": [
					16,
					16
				],
				"_iconAnchor": [
					8,
					8
				]
			}
		},
		{
			"type": "Feature",
			"geometry": {
				"type": "Point",
				"coordinates": [
					 134.5098,
					 34.8927
				]
			},
			"properties": {
				"name": "JA/HG-120(大倉山)",
				"読み":"Ookurayama",
				"標高":"520m 2pt ",
				"GL":"PM74gv",
				"市郡区":"C#2730 ",
				"登山日":"",
				"メモ":"",
				"_markerType": "Icon",
				"_iconUrl": "https://maps.gsi.go.jp/portal/sys/v4/symbols/102.png",
				"_iconSize": [
					16,
					16
				],
				"_iconAnchor": [
					8,
					8
				]
			}
		},
		{
			"type": "Feature",
			"geometry": {
				"type": "Point",
				"coordinates": [
					 135.0344,
					 35.246
				]
			},
			"properties": {
				"name": "JA/HG-121(吼子尾山)",
				"読み":"Kuzuosan",
				"標高":"519m 2pt ",
				"GL":"PM75mf",
				"市郡区":"C#2724 ",
				"登山日":"",
				"メモ":"",
				"_markerType": "Icon",
				"_iconUrl": "https://maps.gsi.go.jp/portal/sys/v4/symbols/102.png",
				"_iconSize": [
					16,
					16
				],
				"_iconAnchor": [
					8,
					8
				]
			}
		},
		{
			"type": "Feature",
			"geometry": {
				"type": "Point",
				"coordinates": [
					 134.4798,
					 35.536
				]
			},
			"properties": {
				"name": "JA/HG-122(草太山)",
				"読み":"Kusabutoyama",
				"標高":"516m 2pt ",
				"GL":"PM75fm",
				"市郡区":"G#27020F ",
				"登山日":"",
				"メモ":"",
				"_markerType": "Icon",
				"_iconUrl": "https://maps.gsi.go.jp/portal/sys/v4/symbols/102.png",
				"_iconSize": [
					16,
					16
				],
				"_iconAnchor": [
					8,
					8
				]
			}
		},
		{
			"type": "Feature",
			"geometry": {
				"type": "Point",
				"coordinates": [
					 134.9855,
					 35.2929
				]
			},
			"properties": {
				"name": "JA/HG-123(点513)",
				"読み":"P513",
				"標高":"513m 2pt ",
				"GL":"PM75lh",
				"市郡区":"C#2724 / C#2202 ",
				"登山日":"",
				"メモ":"",
				"_markerType": "Icon",
				"_iconUrl": "https://maps.gsi.go.jp/portal/sys/v4/symbols/102.png",
				"_iconSize": [
					16,
					16
				],
				"_iconAnchor": [
					8,
					8
				]
			}
		},
		{
			"type": "Feature",
			"geometry": {
				"type": "Point",
				"coordinates": [
					 134.6105,
					 35.0044
				]
			},
			"properties": {
				"name": "JA/HG-124(点511)",
				"読み":"P511",
				"標高":"511m 2pt ",
				"GL":"PM75ha",
				"市郡区":"C#2702 ",
				"登山日":"",
				"メモ":"",
				"_markerType": "Icon",
				"_iconUrl": "https://maps.gsi.go.jp/portal/sys/v4/symbols/102.png",
				"_iconSize": [
					16,
					16
				],
				"_iconAnchor": [
					8,
					8
				]
			}
		},
		{
			"type": "Feature",
			"geometry": {
				"type": "Point",
				"coordinates": [
					 134.4485,
					 34.909
				]
			},
			"properties": {
				"name": "JA/HG-125(三濃山)",
				"読み":"Minousan",
				"標高":"508m 2pt ",
				"GL":"PM74fv",
				"市郡区":"C#2709 / G#27001A / C#2730",
				"登山日":"",
				"メモ":"",
				"_markerType": "Icon",
				"_iconUrl": "https://maps.gsi.go.jp/portal/sys/v4/symbols/102.png",
				"_iconSize": [
					16,
					16
				],
				"_iconAnchor": [
					8,
					8
				]
			}
		},
		{
			"type": "Feature",
			"geometry": {
				"type": "Point",
				"coordinates": [
					 134.977,
					 35.0707
				]
			},
			"properties": {
				"name": "JA/HG-126(石金山)",
				"読み":"Ishiganesan",
				"標高":"508m 2pt ",
				"GL":"PM75lb",
				"市郡区":"C#2724 / G#27016E ",
				"登山日":"",
				"メモ":"",
				"_markerType": "Icon",
				"_iconUrl": "https://maps.gsi.go.jp/portal/sys/v4/symbols/102.png",
				"_iconSize": [
					16,
					16
				],
				"_iconAnchor": [
					8,
					8
				]
			}
		},
		{
			"type": "Feature",
			"geometry": {
				"type": "Point",
				"coordinates": [
					 134.3259,
					 34.9288
				]
			},
			"properties": {
				"name": "JA/HG-127(船岩)",
				"読み":"Funaiwa",
				"標高":"507m 2pt ",
				"GL":"PM74dw",
				"市郡区":"G#27001A ",
				"登山日":"",
				"メモ":"",
				"_markerType": "Icon",
				"_iconUrl": "https://maps.gsi.go.jp/portal/sys/v4/symbols/102.png",
				"_iconSize": [
					16,
					16
				],
				"_iconAnchor": [
					8,
					8
				]
			}
		},
		{
			"type": "Feature",
			"geometry": {
				"type": "Point",
				"coordinates": [
					 134.8924,
					 35.3349
				]
			},
			"properties": {
				"name": "JA/HG-128(点501)",
				"読み":"P501",
				"標高":"501m 2pt ",
				"GL":"PM75ki",
				"市郡区":"C#2726 ",
				"登山日":"",
				"メモ":"",
				"_markerType": "Icon",
				"_iconUrl": "https://maps.gsi.go.jp/portal/sys/v4/symbols/102.png",
				"_iconSize": [
					16,
					16
				],
				"_iconAnchor": [
					8,
					8
				]
			}
		},
		{
			"type": "Feature",
			"geometry": {
				"type": "Point",
				"coordinates": [
					 134.8993,
					 34.9898
				]
			},
			"properties": {
				"name": "JA/HG-129(貴船(三角点))",
				"読み":"Kifune",
				"標高":"497m 1pt ",
				"GL":"PM74kx",
				"市郡区":"G#27016E ",
				"登山日":"",
				"メモ":"",
				"_markerType": "Icon",
				"_iconUrl": "https://maps.gsi.go.jp/portal/sys/v4/symbols/826.png",
				"_iconSize": [
					16,
					16
				],
				"_iconAnchor": [
					8,
					8
				]
			}
		},
		{
			"type": "Feature",
			"geometry": {
				"type": "Point",
				"coordinates": [
					 134.5987,
					 34.9706
				]
			},
			"properties": {
				"name": "JA/HG-130(黒谷(三角点))",
				"読み":"Kurotani",
				"標高":"494m 1pt ",
				"GL":"PM74hx",
				"市郡区":"C#2702 ",
				"登山日":"",
				"メモ":"",
				"_markerType": "Icon",
				"_iconUrl": "https://maps.gsi.go.jp/portal/sys/v4/symbols/826.png",
				"_iconSize": [
					16,
					16
				],
				"_iconAnchor": [
					8,
					8
				]
			}
		},
		{
			"type": "Feature",
			"geometry": {
				"type": "Point",
				"coordinates": [
					 134.3212,
					 35.0675
				]
			},
			"properties": {
				"name": "JA/HG-131(豊福(三角点))",
				"読み":"Toyofuku",
				"標高":"493m 1pt ",
				"GL":"PM75db",
				"市郡区":"G#27013C / C#3117 ",
				"登山日":"",
				"メモ":"",
				"_markerType": "Icon",
				"_iconUrl": "https://maps.gsi.go.jp/portal/sys/v4/symbols/826.png",
				"_iconSize": [
					16,
					16
				],
				"_iconAnchor": [
					8,
					8
				]
			}
		},
		{
			"type": "Feature",
			"geometry": {
				"type": "Point",
				"coordinates": [
					 134.6,
					 34.9466
				]
			},
			"properties": {
				"name": "JA/HG-132(不動山(三角点))",
				"読み":"Fudousan",
				"標高":"479m 1pt ",
				"GL":"PM74hw",
				"市郡区":"C#2702 ",
				"登山日":"",
				"メモ":"",
				"_markerType": "Icon",
				"_iconUrl": "https://maps.gsi.go.jp/portal/sys/v4/symbols/826.png",
				"_iconSize": [
					16,
					16
				],
				"_iconAnchor": [
					8,
					8
				]
			}
		},
		{
			"type": "Feature",
			"geometry": {
				"type": "Point",
				"coordinates": [
					 134.3746,
					 34.9367
				]
			},
			"properties": {
				"name": "JA/HG-133(楠山(三角点))",
				"読み":"Kusuyama",
				"標高":"478m 1pt ",
				"GL":"PM74ew",
				"市郡区":"G#27001A ",
				"登山日":"",
				"メモ":"",
				"_markerType": "Icon",
				"_iconUrl": "https://maps.gsi.go.jp/portal/sys/v4/symbols/826.png",
				"_iconSize": [
					16,
					16
				],
				"_iconAnchor": [
					8,
					8
				]
			}
		},
		{
			"type": "Feature",
			"geometry": {
				"type": "Point",
				"coordinates": [
					 135.1384,
					 35.0101
				]
			},
			"properties": {
				"name": "JA/HG-135(東山(三角点))",
				"読み":"Higashiyama",
				"標高":"471m 1pt ",
				"GL":"PM75na",
				"市郡区":"C#2731 ",
				"登山日":"",
				"メモ":"",
				"_markerType": "Icon",
				"_iconUrl": "https://maps.gsi.go.jp/portal/sys/v4/symbols/826.png",
				"_iconSize": [
					16,
					16
				],
				"_iconAnchor": [
					8,
					8
				]
			}
		},
		{
			"type": "Feature",
			"geometry": {
				"type": "Point",
				"coordinates": [
					 135.19,
					 35.052
				]
			},
			"properties": {
				"name": "JA/HG-136(槙ケ峰)",
				"読み":"Makigamine",
				"標高":"467m 1pt ",
				"GL":"PM75ob",
				"市郡区":"C#2731 ",
				"登山日":"",
				"メモ":"",
				"_markerType": "Icon",
				"_iconUrl": "https://maps.gsi.go.jp/portal/sys/v4/symbols/826.png",
				"_iconSize": [
					16,
					16
				],
				"_iconAnchor": [
					8,
					8
				]
			}
		},
		{
			"type": "Feature",
			"geometry": {
				"type": "Point",
				"coordinates": [
					 134.8494,
					 35.2978
				]
			},
			"properties": {
				"name": "JA/HG-137(金梨山)",
				"読み":"Kanashiyama",
				"標高":"464m 1pt ",
				"GL":"PM75kh",
				"市郡区":"C#2726 ",
				"登山日":"",
				"メモ":"",
				"_markerType": "Icon",
				"_iconUrl": "https://maps.gsi.go.jp/portal/sys/v4/symbols/826.png",
				"_iconSize": [
					16,
					16
				],
				"_iconAnchor": [
					8,
					8
				]
			}
		},
		{
			"type": "Feature",
			"geometry": {
				"type": "Point",
				"coordinates": [
					 135.0278,
					 34.967
				]
			},
			"properties": {
				"name": "JA/HG-138(点459)",
				"読み":"P459",
				"標高":"459m 1pt ",
				"GL":"PM74mx",
				"市郡区":"C#2729 / C#2714 ",
				"登山日":"",
				"メモ":"",
				"_markerType": "Icon",
				"_iconUrl": "https://maps.gsi.go.jp/portal/sys/v4/symbols/826.png",
				"_iconSize": [
					16,
					16
				],
				"_iconAnchor": [
					8,
					8
				]
			}
		},
		{
			"type": "Feature",
			"geometry": {
				"type": "Point",
				"coordinates": [
					 135.3176,
					 34.8832
				]
			},
			"properties": {
				"name": "JA/HG-139(古宝山)",
				"読み":"Furubousan",
				"標高":"459m 1pt ",
				"GL":"PM74pv",
				"市郡区":"C#2715 ",
				"登山日":"",
				"メモ":"",
				"_markerType": "Icon",
				"_iconUrl": "https://maps.gsi.go.jp/portal/sys/v4/symbols/826.png",
				"_iconSize": [
					16,
					16
				],
				"_iconAnchor": [
					8,
					8
				]
			}
		},
		{
			"type": "Feature",
			"geometry": {
				"type": "Point",
				"coordinates": [
					 134.4162,
					 35.0415
				]
			},
			"properties": {
				"name": "JA/HG-140(漆野(三角点))",
				"読み":"Urushino",
				"標高":"458m 1pt ",
				"GL":"PM75ea",
				"市郡区":"G#27013C ",
				"登山日":"",
				"メモ":"",
				"_markerType": "Icon",
				"_iconUrl": "https://maps.gsi.go.jp/portal/sys/v4/symbols/826.png",
				"_iconSize": [
					16,
					16
				],
				"_iconAnchor": [
					8,
					8
				]
			}
		},
		{
			"type": "Feature",
			"geometry": {
				"type": "Point",
				"coordinates": [
					 134.5263,
					 34.8966
				]
			},
			"properties": {
				"name": "JA/HG-141(亀山)",
				"読み":"Kinoyama",
				"標高":"458m 1pt ",
				"GL":"PM74gv",
				"市郡区":"C#2730 ",
				"登山日":"",
				"メモ":"",
				"_markerType": "Icon",
				"_iconUrl": "https://maps.gsi.go.jp/portal/sys/v4/symbols/826.png",
				"_iconSize": [
					16,
					16
				],
				"_iconAnchor": [
					8,
					8
				]
			}
		},
		{
			"type": "Feature",
			"geometry": {
				"type": "Point",
				"coordinates": [
					 134.6474,
					 34.9527
				]
			},
			"properties": {
				"name": "JA/HG-142(芦田(三角点))",
				"読み":"Ashida",
				"標高":"457m 1pt ",
				"GL":"PM74hw",
				"市郡区":"C#2702 ",
				"登山日":"",
				"メモ":"",
				"_markerType": "Icon",
				"_iconUrl": "https://maps.gsi.go.jp/portal/sys/v4/symbols/826.png",
				"_iconSize": [
					16,
					16
				],
				"_iconAnchor": [
					8,
					8
				]
			}
		},
		{
			"type": "Feature",
			"geometry": {
				"type": "Point",
				"coordinates": [
					 135.0119,
					 35.0214
				]
			},
			"properties": {
				"name": "JA/HG-143(上比延(三角点))",
				"読み":"Kamihiei",
				"標高":"457m 1pt ",
				"GL":"PM75ma",
				"市郡区":"C#2714 ",
				"登山日":"",
				"メモ":"",
				"_markerType": "Icon",
				"_iconUrl": "https://maps.gsi.go.jp/portal/sys/v4/symbols/826.png",
				"_iconSize": [
					16,
					16
				],
				"_iconAnchor": [
					8,
					8
				]
			}
		},
		{
			"type": "Feature",
			"geometry": {
				"type": "Point",
				"coordinates": [
					 134.4307,
					 35.0228
				]
			},
			"properties": {
				"name": "JA/HG-144(平松(三角点))",
				"読み":"Hiramatsu",
				"標高":"453m 1pt ",
				"GL":"PM75fa",
				"市郡区":"G#27013C ",
				"登山日":"",
				"メモ":"",
				"_markerType": "Icon",
				"_iconUrl": "https://maps.gsi.go.jp/portal/sys/v4/symbols/826.png",
				"_iconSize": [
					16,
					16
				],
				"_iconAnchor": [
					8,
					8
				]
			}
		},
		{
			"type": "Feature",
			"geometry": {
				"type": "Point",
				"coordinates": [
					 134.5654,
					 34.9708
				]
			},
			"properties": {
				"name": "JA/HG-145(禅師山近傍)",
				"読み":"Near_Zenjiyama",
				"標高":"450m 1pt ",
				"GL":"PM74gx",
				"市郡区":"C#2702 / C#2728 ",
				"登山日":"",
				"メモ":"",
				"_markerType": "Icon",
				"_iconUrl": "https://maps.gsi.go.jp/portal/sys/v4/symbols/826.png",
				"_iconSize": [
					16,
					16
				],
				"_iconAnchor": [
					8,
					8
				]
			}
		},
		{
			"type": "Feature",
			"geometry": {
				"type": "Point",
				"coordinates": [
					 134.8479,
					 35.5853
				]
			},
			"properties": {
				"name": "JA/HG-146(点450(下宮(三角点)近傍))",
				"読み":"P450",
				"標高":"450m 1pt ",
				"GL":"PM75ko",
				"市郡区":"C#2710 ",
				"登山日":"",
				"メモ":"",
				"_markerType": "Icon",
				"_iconUrl": "https://maps.gsi.go.jp/portal/sys/v4/symbols/826.png",
				"_iconSize": [
					16,
					16
				],
				"_iconAnchor": [
					8,
					8
				]
			}
		},
		{
			"type": "Feature",
			"geometry": {
				"type": "Point",
				"coordinates": [
					 134.8055,
					 35.4509
				]
			},
			"properties": {
				"name": "JA/HG-147(須留岐山)",
				"読み":"Surugisan",
				"標高":"449m 1pt ",
				"GL":"PM75jk",
				"市郡区":"C#2723 / C#2710 ",
				"登山日":"",
				"メモ":"",
				"_markerType": "Icon",
				"_iconUrl": "https://maps.gsi.go.jp/portal/sys/v4/symbols/826.png",
				"_iconSize": [
					16,
					16
				],
				"_iconAnchor": [
					8,
					8
				]
			}
		},
		{
			"type": "Feature",
			"geometry": {
				"type": "Point",
				"coordinates": [
					 134.8388,
					 34.3577
				]
			},
			"properties": {
				"name": "JA/HG-148(先山)",
				"読み":"Senzan",
				"標高":"448m 1pt ",
				"GL":"PM74ki",
				"市郡区":"C#2706 ",
				"登山日":"",
				"メモ":"",
				"_markerType": "Icon",
				"_iconUrl": "https://maps.gsi.go.jp/portal/sys/v4/symbols/826.png",
				"_iconSize": [
					16,
					16
				],
				"_iconAnchor": [
					8,
					8
				]
			}
		},
		{
			"type": "Feature",
			"geometry": {
				"type": "Point",
				"coordinates": [
					 135.151,
					 35.2258
				]
			},
			"properties": {
				"name": "JA/HG-149(高谷山)",
				"読み":"Koudaniyama",
				"標高":"443m 1pt ",
				"GL":"PM75nf",
				"市郡区":"C#2724 ",
				"登山日":"",
				"メモ":"",
				"_markerType": "Icon",
				"_iconUrl": "https://maps.gsi.go.jp/portal/sys/v4/symbols/826.png",
				"_iconSize": [
					16,
					16
				],
				"_iconAnchor": [
					8,
					8
				]
			}
		},
		{
			"type": "Feature",
			"geometry": {
				"type": "Point",
				"coordinates": [
					 134.6892,
					 34.9235
				]
			},
			"properties": {
				"name": "JA/HG-150(谷山(三角点))",
				"読み":"Taniyama",
				"標高":"440m 1pt ",
				"GL":"PM74iw",
				"市郡区":"C#2702 ",
				"登山日":"",
				"メモ":"",
				"_markerType": "Icon",
				"_iconUrl": "https://maps.gsi.go.jp/portal/sys/v4/symbols/826.png",
				"_iconSize": [
					16,
					16
				],
				"_iconAnchor": [
					8,
					8
				]
			}
		},
		{
			"type": "Feature",
			"geometry": {
				"type": "Point",
				"coordinates": [
					 134.3808,
					 34.9082
				]
			},
			"properties": {
				"name": "JA/HG-151(白旗山)",
				"読み":"Shirahatayama",
				"標高":"440m 1pt ",
				"GL":"PM74ev",
				"市郡区":"G#27001A ",
				"登山日":"",
				"メモ":"",
				"_markerType": "Icon",
				"_iconUrl": "https://maps.gsi.go.jp/portal/sys/v4/symbols/826.png",
				"_iconSize": [
					16,
					16
				],
				"_iconAnchor": [
					8,
					8
				]
			}
		},
		{
			"type": "Feature",
			"geometry": {
				"type": "Point",
				"coordinates": [
					 135.1894,
					 34.9787
				]
			},
			"properties": {
				"name": "JA/HG-152(天神岳)",
				"読み":"Tenjindake",
				"標高":"440m 1pt ",
				"GL":"PM74ox",
				"市郡区":"C#2720 ",
				"登山日":"",
				"メモ":"",
				"_markerType": "Icon",
				"_iconUrl": "https://maps.gsi.go.jp/portal/sys/v4/symbols/826.png",
				"_iconSize": [
					16,
					16
				],
				"_iconAnchor": [
					8,
					8
				]
			}
		},
		{
			"type": "Feature",
			"geometry": {
				"type": "Point",
				"coordinates": [
					 134.3355,
					 35.0256
				]
			},
			"properties": {
				"name": "JA/HG-153(大撫山)",
				"読み":"Oonadesan",
				"標高":"436m 1pt ",
				"GL":"PM75ea",
				"市郡区":"G#27013C ",
				"登山日":"",
				"メモ":"",
				"_markerType": "Icon",
				"_iconUrl": "https://maps.gsi.go.jp/portal/sys/v4/symbols/826.png",
				"_iconSize": [
					16,
					16
				],
				"_iconAnchor": [
					8,
					8
				]
			}
		},
		{
			"type": "Feature",
			"geometry": {
				"type": "Point",
				"coordinates": [
					 134.3434,
					 34.7919
				]
			},
			"properties": {
				"name": "JA/HG-154(百間岳)",
				"読み":"Hyakkendake",
				"標高":"435m 1pt ",
				"GL":"PM74et",
				"市郡区":"C#2713 ",
				"登山日":"",
				"メモ":"",
				"_markerType": "Icon",
				"_iconUrl": "https://maps.gsi.go.jp/portal/sys/v4/symbols/826.png",
				"_iconSize": [
					16,
					16
				],
				"_iconAnchor": [
					8,
					8
				]
			}
		},
		{
			"type": "Feature",
			"geometry": {
				"type": "Point",
				"coordinates": [
					 134.7142,
					 35.6164
				]
			},
			"properties": {
				"name": "JA/HG-155(点435)",
				"読み":"P435",
				"標高":"435m 1pt ",
				"GL":"PM75io",
				"市郡区":"C#2710 / G#27020E ",
				"登山日":"",
				"メモ":"",
				"_markerType": "Icon",
				"_iconUrl": "https://maps.gsi.go.jp/portal/sys/v4/symbols/826.png",
				"_iconSize": [
					16,
					16
				],
				"_iconAnchor": [
					8,
					8
				]
			}
		},
		{
			"type": "Feature",
			"geometry": {
				"type": "Point",
				"coordinates": [
					 134.5694,
					 34.9541
				]
			},
			"properties": {
				"name": "JA/HG-156(南山)",
				"読み":"Minamiyama",
				"標高":"431m 1pt ",
				"GL":"PM74gw",
				"市郡区":"C#2728 / C#2730 / C#2702",
				"登山日":"",
				"メモ":"",
				"_markerType": "Icon",
				"_iconUrl": "https://maps.gsi.go.jp/portal/sys/v4/symbols/826.png",
				"_iconSize": [
					16,
					16
				],
				"_iconAnchor": [
					8,
					8
				]
			}
		},
		{
			"type": "Feature",
			"geometry": {
				"type": "Point",
				"coordinates": [
					 135.0773,
					 34.9524
				]
			},
			"properties": {
				"name": "JA/HG-157(吉川ロイヤルGC_６ホール)",
				"読み":"YokawaRoyalGC",
				"標高":"430m 1pt ",
				"GL":"PM74mw",
				"市郡区":"C#2729 ",
				"登山日":"",
				"メモ":"",
				"_markerType": "Icon",
				"_iconUrl": "https://maps.gsi.go.jp/portal/sys/v4/symbols/826.png",
				"_iconSize": [
					16,
					16
				],
				"_iconAnchor": [
					8,
					8
				]
			}
		},
		{
			"type": "Feature",
			"geometry": {
				"type": "Point",
				"coordinates": [
					 134.5177,
					 34.945
				]
			},
			"properties": {
				"name": "JA/HG-158(高倉山)",
				"読み":"Takakurayama(Oragayama)",
				"標高":"427m 1pt ",
				"GL":"PM74gw",
				"市郡区":"C#2730 ",
				"登山日":"",
				"メモ":"",
				"_markerType": "Icon",
				"_iconUrl": "https://maps.gsi.go.jp/portal/sys/v4/symbols/826.png",
				"_iconSize": [
					16,
					16
				],
				"_iconAnchor": [
					8,
					8
				]
			}
		},
		{
			"type": "Feature",
			"geometry": {
				"type": "Point",
				"coordinates": [
					 134.8055,
					 35.6528
				]
			},
			"properties": {
				"name": "JA/HG-159(田久日(三角点))",
				"読み":"Takubi",
				"標高":"427m 1pt ",
				"GL":"PM75jp",
				"市郡区":"C#2710 ",
				"登山日":"",
				"メモ":"",
				"_markerType": "Icon",
				"_iconUrl": "https://maps.gsi.go.jp/portal/sys/v4/symbols/826.png",
				"_iconSize": [
					16,
					16
				],
				"_iconAnchor": [
					8,
					8
				]
			}
		},
		{
			"type": "Feature",
			"geometry": {
				"type": "Point",
				"coordinates": [
					 135.4032,
					 34.9306
				]
			},
			"properties": {
				"name": "JA/HG-160(点427)",
				"読み":"P427",
				"標高":"427m 1pt ",
				"GL":"PM74qw",
				"市郡区":"G#27010A ",
				"登山日":"",
				"メモ":"",
				"_markerType": "Icon",
				"_iconUrl": "https://maps.gsi.go.jp/portal/sys/v4/symbols/826.png",
				"_iconSize": [
					16,
					16
				],
				"_iconAnchor": [
					8,
					8
				]
			}
		},
		{
			"type": "Feature",
			"geometry": {
				"type": "Point",
				"coordinates": [
					 135.0363,
					 34.9454
				]
			},
			"properties": {
				"name": "JA/HG-161(三草山)",
				"読み":"Mikusayama",
				"標高":"424m 1pt ",
				"GL":"PM74mw",
				"市郡区":"C#2729 ",
				"登山日":"",
				"メモ":"",
				"_markerType": "Icon",
				"_iconUrl": "https://maps.gsi.go.jp/portal/sys/v4/symbols/826.png",
				"_iconSize": [
					16,
					16
				],
				"_iconAnchor": [
					8,
					8
				]
			}
		},
		{
			"type": "Feature",
			"geometry": {
				"type": "Point",
				"coordinates": [
					 134.5703,
					 34.9857
				]
			},
			"properties": {
				"name": "JA/HG-162(塩野(三角点))",
				"読み":"Shiono",
				"標高":"422m 1pt ",
				"GL":"PM74gx",
				"市郡区":"C#2728 / C#2702 ",
				"登山日":"",
				"メモ":"",
				"_markerType": "Icon",
				"_iconUrl": "https://maps.gsi.go.jp/portal/sys/v4/symbols/826.png",
				"_iconSize": [
					16,
					16
				],
				"_iconAnchor": [
					8,
					8
				]
			}
		},
		{
			"type": "Feature",
			"geometry": {
				"type": "Point",
				"coordinates": [
					 134.8802,
					 35.0248
				]
			},
			"properties": {
				"name": "JA/HG-164(点410)",
				"読み":"P410",
				"標高":"410m 1pt ",
				"GL":"PM75ka",
				"市郡区":"G#27016E ",
				"登山日":"",
				"メモ":"",
				"_markerType": "Icon",
				"_iconUrl": "https://maps.gsi.go.jp/portal/sys/v4/symbols/826.png",
				"_iconSize": [
					16,
					16
				],
				"_iconAnchor": [
					8,
					8
				]
			}
		},
		{
			"type": "Feature",
			"geometry": {
				"type": "Point",
				"coordinates": [
					 134.9986,
					 34.9719
				]
			},
			"properties": {
				"name": "JA/HG-165(金城山(三角点))",
				"読み":"Kanashiroyama",
				"標高":"399m 1pt ",
				"GL":"PM74lx",
				"市郡区":"C#2714 ",
				"登山日":"",
				"メモ":"",
				"_markerType": "Icon",
				"_iconUrl": "https://maps.gsi.go.jp/portal/sys/v4/symbols/826.png",
				"_iconSize": [
					16,
					16
				],
				"_iconAnchor": [
					8,
					8
				]
			}
		},
		{
			"type": "Feature",
			"geometry": {
				"type": "Point",
				"coordinates": [
					 134.3171,
					 34.7909
				]
			},
			"properties": {
				"name": "JA/HG-166(相場ヶ裏山)",
				"読み":"Soubagaurayama",
				"標高":"395m 1pt ",
				"GL":"PM74ds",
				"市郡区":"C#2713 / C#3113 ",
				"登山日":"",
				"メモ":"",
				"_markerType": "Icon",
				"_iconUrl": "https://maps.gsi.go.jp/portal/sys/v4/symbols/826.png",
				"_iconSize": [
					16,
					16
				],
				"_iconAnchor": [
					8,
					8
				]
			}
		},
		{
			"type": "Feature",
			"geometry": {
				"type": "Point",
				"coordinates": [
					 134.9397,
					 35.4808
				]
			},
			"properties": {
				"name": "JA/HG-167(平山(三角点))",
				"読み":"Hirayama",
				"標高":"391m 1pt ",
				"GL":"PM75ll",
				"市郡区":"C#2710 ",
				"登山日":"",
				"メモ":"",
				"_markerType": "Icon",
				"_iconUrl": "https://maps.gsi.go.jp/portal/sys/v4/symbols/826.png",
				"_iconSize": [
					16,
					16
				],
				"_iconAnchor": [
					8,
					8
				]
			}
		},
		{
			"type": "Feature",
			"geometry": {
				"type": "Point",
				"coordinates": [
					 134.4142,
					 34.8509
				]
			},
			"properties": {
				"name": "JA/HG-168(宝台山)",
				"読み":"Houdaisan",
				"標高":"379m 1pt ",
				"GL":"PM74eu",
				"市郡区":"C#2709 ",
				"登山日":"",
				"メモ":"",
				"_markerType": "Icon",
				"_iconUrl": "https://maps.gsi.go.jp/portal/sys/v4/symbols/826.png",
				"_iconSize": [
					16,
					16
				],
				"_iconAnchor": [
					8,
					8
				]
			}
		},
		{
			"type": "Feature",
			"geometry": {
				"type": "Point",
				"coordinates": [
					 134.9738,
					 35.0366
				]
			},
			"properties": {
				"name": "JA/HG-169(大木山(三角点))",
				"読み":"Ookiyama",
				"標高":"375m 1pt ",
				"GL":"PM75la",
				"市郡区":"C#2714 ",
				"登山日":"",
				"メモ":"",
				"_markerType": "Icon",
				"_iconUrl": "https://maps.gsi.go.jp/portal/sys/v4/symbols/826.png",
				"_iconSize": [
					16,
					16
				],
				"_iconAnchor": [
					8,
					8
				]
			}
		},
		{
			"type": "Feature",
			"geometry": {
				"type": "Point",
				"coordinates": [
					 134.6948,
					 34.8988
				]
			},
			"properties": {
				"name": "JA/HG-170(狼谷(三角点))",
				"読み":"Ookamidani",
				"標高":"372m 1pt ",
				"GL":"PM74iv",
				"市郡区":"C#2702 ",
				"登山日":"",
				"メモ":"",
				"_markerType": "Icon",
				"_iconUrl": "https://maps.gsi.go.jp/portal/sys/v4/symbols/826.png",
				"_iconSize": [
					16,
					16
				],
				"_iconAnchor": [
					8,
					8
				]
			}
		},
		{
			"type": "Feature",
			"geometry": {
				"type": "Point",
				"coordinates": [
					 134.8025,
					 35.3774
				]
			},
			"properties": {
				"name": "JA/HG-171(堀畑山)",
				"読み":"Horihatayama",
				"標高":"372m 1pt ",
				"GL":"PM75jj",
				"市郡区":"C#2723 ",
				"登山日":"",
				"メモ":"",
				"_markerType": "Icon",
				"_iconUrl": "https://maps.gsi.go.jp/portal/sys/v4/symbols/826.png",
				"_iconSize": [
					16,
					16
				],
				"_iconAnchor": [
					8,
					8
				]
			}
		},
		{
			"type": "Feature",
			"geometry": {
				"type": "Point",
				"coordinates": [
					 134.6564,
					 34.8925
				]
			},
			"properties": {
				"name": "JA/HG-172(書写山)",
				"読み":"Shoshazan",
				"標高":"371m 1pt ",
				"GL":"PM74hv",
				"市郡区":"C#2702 ",
				"登山日":"",
				"メモ":"",
				"_markerType": "Icon",
				"_iconUrl": "https://maps.gsi.go.jp/portal/sys/v4/symbols/826.png",
				"_iconSize": [
					16,
					16
				],
				"_iconAnchor": [
					8,
					8
				]
			}
		},
		{
			"type": "Feature",
			"geometry": {
				"type": "Point",
				"coordinates": [
					 134.6743,
					 35.6425
				]
			},
			"properties": {
				"name": "JA/HG-173(神ノ浦山)",
				"読み":"Kannourayama",
				"標高":"365m 1pt ",
				"GL":"PM75ip",
				"市郡区":"G#27020E ",
				"登山日":"",
				"メモ":"",
				"_markerType": "Icon",
				"_iconUrl": "https://maps.gsi.go.jp/portal/sys/v4/symbols/826.png",
				"_iconSize": [
					16,
					16
				],
				"_iconAnchor": [
					8,
					8
				]
			}
		},
		{
			"type": "Feature",
			"geometry": {
				"type": "Point",
				"coordinates": [
					 134.9506,
					 34.9916
				]
			},
			"properties": {
				"name": "JA/HG-174(矢筈山(三角点))",
				"読み":"Yahazuyama",
				"標高":"363m 1pt ",
				"GL":"PM74lx",
				"市郡区":"C#2714 ",
				"登山日":"",
				"メモ":"",
				"_markerType": "Icon",
				"_iconUrl": "https://maps.gsi.go.jp/portal/sys/v4/symbols/826.png",
				"_iconSize": [
					16,
					16
				],
				"_iconAnchor": [
					8,
					8
				]
			}
		},
		{
			"type": "Feature",
			"geometry": {
				"type": "Point",
				"coordinates": [
					 134.3555,
					 34.9789
				]
			},
			"properties": {
				"name": "JA/HG-175(高倉山)",
				"読み":"Takakurayama",
				"標高":"357m 1pt ",
				"GL":"PM74ex",
				"市郡区":"G#27013C ",
				"登山日":"",
				"メモ":"",
				"_markerType": "Icon",
				"_iconUrl": "https://maps.gsi.go.jp/portal/sys/v4/symbols/826.png",
				"_iconSize": [
					16,
					16
				],
				"_iconAnchor": [
					8,
					8
				]
			}
		},
		{
			"type": "Feature",
			"geometry": {
				"type": "Point",
				"coordinates": [
					 134.664,
					 34.9539
				]
			},
			"properties": {
				"name": "JA/HG-176(高長(三角点))",
				"読み":"Takanaga",
				"標高":"355m 1pt ",
				"GL":"PM74hw",
				"市郡区":"C#2702 ",
				"登山日":"",
				"メモ":"",
				"_markerType": "Icon",
				"_iconUrl": "https://maps.gsi.go.jp/portal/sys/v4/symbols/826.png",
				"_iconSize": [
					16,
					16
				],
				"_iconAnchor": [
					8,
					8
				]
			}
		},
		{
			"type": "Feature",
			"geometry": {
				"type": "Point",
				"coordinates": [
					 134.6243,
					 34.9184
				]
			},
			"properties": {
				"name": "JA/HG-177(伊勢山)",
				"読み":"Iseyama",
				"標高":"353m 1pt ",
				"GL":"PM74hw",
				"市郡区":"C#2702 ",
				"登山日":"",
				"メモ":"",
				"_markerType": "Icon",
				"_iconUrl": "https://maps.gsi.go.jp/portal/sys/v4/symbols/826.png",
				"_iconSize": [
					16,
					16
				],
				"_iconAnchor": [
					8,
					8
				]
			}
		},
		{
			"type": "Feature",
			"geometry": {
				"type": "Point",
				"coordinates": [
					 134.871,
					 35.3192
				]
			},
			"properties": {
				"name": "JA/HG-178(比治山(三角点))",
				"読み":"Hijisan",
				"標高":"352m 1pt ",
				"GL":"PM75kh",
				"市郡区":"C#2726 ",
				"登山日":"",
				"メモ":"",
				"_markerType": "Icon",
				"_iconUrl": "https://maps.gsi.go.jp/portal/sys/v4/symbols/826.png",
				"_iconSize": [
					16,
					16
				],
				"_iconAnchor": [
					8,
					8
				]
			}
		},
		{
			"type": "Feature",
			"geometry": {
				"type": "Point",
				"coordinates": [
					 134.8582,
					 35.3483
				]
			},
			"properties": {
				"name": "JA/HG-179(寺谷(三角点))",
				"読み":"Teradani",
				"標高":"345m 1pt ",
				"GL":"PM75ki",
				"市郡区":"C#2726 ",
				"登山日":"",
				"メモ":"",
				"_markerType": "Icon",
				"_iconUrl": "https://maps.gsi.go.jp/portal/sys/v4/symbols/826.png",
				"_iconSize": [
					16,
					16
				],
				"_iconAnchor": [
					8,
					8
				]
			}
		},
		{
			"type": "Feature",
			"geometry": {
				"type": "Point",
				"coordinates": [
					 134.3644,
					 34.8419
				]
			},
			"properties": {
				"name": "JA/HG-180(黒沢山(三角点))",
				"読み":"Kurosawayama",
				"標高":"335m 1pt ",
				"GL":"PM74eu",
				"市郡区":"C#2713 / G#27001A ",
				"登山日":"",
				"メモ":"",
				"_markerType": "Icon",
				"_iconUrl": "https://maps.gsi.go.jp/portal/sys/v4/symbols/826.png",
				"_iconSize": [
					16,
					16
				],
				"_iconAnchor": [
					8,
					8
				]
			}
		},
		{
			"type": "Feature",
			"geometry": {
				"type": "Point",
				"coordinates": [
					 134.2966,
					 34.8533
				]
			},
			"properties": {
				"name": "JA/HG-181(大石(三角点))",
				"読み":"Ooishi",
				"標高":"333m 1pt ",
				"GL":"PM74du",
				"市郡区":"G#27001A ",
				"登山日":"",
				"メモ":"",
				"_markerType": "Icon",
				"_iconUrl": "https://maps.gsi.go.jp/portal/sys/v4/symbols/826.png",
				"_iconSize": [
					16,
					16
				],
				"_iconAnchor": [
					8,
					8
				]
			}
		},
		{
			"type": "Feature",
			"geometry": {
				"type": "Point",
				"coordinates": [
					 134.744,
					 35.4802
				]
			},
			"properties": {
				"name": "JA/HG-182(久田谷(三角点))",
				"読み":"kutaya",
				"標高":"333m 1pt ",
				"GL":"PM75il",
				"市郡区":"C#2710 ",
				"登山日":"",
				"メモ":"",
				"_markerType": "Icon",
				"_iconUrl": "https://maps.gsi.go.jp/portal/sys/v4/symbols/826.png",
				"_iconSize": [
					16,
					16
				],
				"_iconAnchor": [
					8,
					8
				]
			}
		},
		{
			"type": "Feature",
			"geometry": {
				"type": "Point",
				"coordinates": [
					 134.4994,
					 34.7919
				]
			},
			"properties": {
				"name": "JA/HG-183(野瀬奥山)",
				"読み":"Noseokuyama",
				"標高":"328m 1pt ",
				"GL":"PM74ft",
				"市郡区":"C#2709 / C#2730 ",
				"登山日":"",
				"メモ":"",
				"_markerType": "Icon",
				"_iconUrl": "https://maps.gsi.go.jp/portal/sys/v4/symbols/826.png",
				"_iconSize": [
					16,
					16
				],
				"_iconAnchor": [
					8,
					8
				]
			}
		},
		{
			"type": "Feature",
			"geometry": {
				"type": "Point",
				"coordinates": [
					 134.7819,
					 34.9854
				]
			},
			"properties": {
				"name": "JA/HG-184(城山)",
				"読み":"Shiroyama",
				"標高":"323m 1pt ",
				"GL":"PM74jx",
				"市郡区":"G#27011A ",
				"登山日":"",
				"メモ":"",
				"_markerType": "Icon",
				"_iconUrl": "https://maps.gsi.go.jp/portal/sys/v4/symbols/826.png",
				"_iconSize": [
					16,
					16
				],
				"_iconAnchor": [
					8,
					8
				]
			}
		},
		{
			"type": "Feature",
			"geometry": {
				"type": "Point",
				"coordinates": [
					 134.4093,
					 34.8242
				]
			},
			"properties": {
				"name": "JA/HG-185(荒山)",
				"読み":"Arayama",
				"標高":"316m 1pt ",
				"GL":"PM74et",
				"市郡区":"C#2709 / C#2713 ",
				"登山日":"",
				"メモ":"",
				"_markerType": "Icon",
				"_iconUrl": "https://maps.gsi.go.jp/portal/sys/v4/symbols/826.png",
				"_iconSize": [
					16,
					16
				],
				"_iconAnchor": [
					8,
					8
				]
			}
		},
		{
			"type": "Feature",
			"geometry": {
				"type": "Point",
				"coordinates": [
					 134.7631,
					 34.8888
				]
			},
			"properties": {
				"name": "JA/HG-186(畑山)",
				"読み":"hatayama",
				"標高":"312m 1pt ",
				"GL":"PM74jv",
				"市郡区":"C#2702 ",
				"登山日":"",
				"メモ":"",
				"_markerType": "Icon",
				"_iconUrl": "https://maps.gsi.go.jp/portal/sys/v4/symbols/826.png",
				"_iconSize": [
					16,
					16
				],
				"_iconAnchor": [
					8,
					8
				]
			}
		},
		{
			"type": "Feature",
			"geometry": {
				"type": "Point",
				"coordinates": [
					 134.7929,
					 34.8131
				]
			},
			"properties": {
				"name": "JA/HG-187(高御位山)",
				"読み":"Takamikurayama",
				"標高":"300m 1pt ",
				"GL":"PM74jt",
				"市郡区":"C#2711 / C#2717 ",
				"登山日":"",
				"メモ":"",
				"_markerType": "Icon",
				"_iconUrl": "https://maps.gsi.go.jp/portal/sys/v4/symbols/826.png",
				"_iconSize": [
					16,
					16
				],
				"_iconAnchor": [
					8,
					8
				]
			}
		},
		{
			"type": "Feature",
			"geometry": {
				"type": "Point",
				"coordinates": [
					 134.7816,
					 34.8391
				]
			},
			"properties": {
				"name": "JA/HG-188(高山)",
				"読み":"Takayama",
				"標高":"298m 1pt ",
				"GL":"PM74ju",
				"市郡区":"C#2702 / C#2711 ",
				"登山日":"",
				"メモ":"",
				"_markerType": "Icon",
				"_iconUrl": "https://maps.gsi.go.jp/portal/sys/v4/symbols/826.png",
				"_iconSize": [
					16,
					16
				],
				"_iconAnchor": [
					8,
					8
				]
			}
		},
		{
			"type": "Feature",
			"geometry": {
				"type": "Point",
				"coordinates": [
					 134.7482,
					 34.8591
				]
			},
			"properties": {
				"name": "JA/HG-189(豊富(三角点))",
				"読み":"Toyofu",
				"標高":"287m 1pt ",
				"GL":"PM74iu",
				"市郡区":"C#2702 ",
				"登山日":"",
				"メモ":"",
				"_markerType": "Icon",
				"_iconUrl": "https://maps.gsi.go.jp/portal/sys/v4/symbols/826.png",
				"_iconSize": [
					16,
					16
				],
				"_iconAnchor": [
					8,
					8
				]
			}
		},
		{
			"type": "Feature",
			"geometry": {
				"type": "Point",
				"coordinates": [
					 134.3941,
					 34.8133
				]
			},
			"properties": {
				"name": "JA/HG-190(川向山)",
				"読み":"Kawamukouyama",
				"標高":"287m 1pt ",
				"GL":"PM74et",
				"市郡区":"C#2713 ",
				"登山日":"",
				"メモ":"",
				"_markerType": "Icon",
				"_iconUrl": "https://maps.gsi.go.jp/portal/sys/v4/symbols/826.png",
				"_iconSize": [
					16,
					16
				],
				"_iconAnchor": [
					8,
					8
				]
			}
		},
		{
			"type": "Feature",
			"geometry": {
				"type": "Point",
				"coordinates": [
					 134.4923,
					 35.6358
				]
			},
			"properties": {
				"name": "JA/HG-191(点284)",
				"読み":"P284",
				"標高":"284m 1pt ",
				"GL":"PM75fp",
				"市郡区":"G#27020F ",
				"登山日":"",
				"メモ":"",
				"_markerType": "Icon",
				"_iconUrl": "https://maps.gsi.go.jp/portal/sys/v4/symbols/826.png",
				"_iconSize": [
					16,
					16
				],
				"_iconAnchor": [
					8,
					8
				]
			}
		},
		{
			"type": "Feature",
			"geometry": {
				"type": "Point",
				"coordinates": [
					 134.4405,
					 34.7794
				]
			},
			"properties": {
				"name": "JA/HG-192(高伏山)",
				"読み":"Takafuseyama",
				"標高":"280m 1pt ",
				"GL":"PM74fs",
				"市郡区":"C#2713 / C#2709 ",
				"登山日":"",
				"メモ":"",
				"_markerType": "Icon",
				"_iconUrl": "https://maps.gsi.go.jp/portal/sys/v4/symbols/826.png",
				"_iconSize": [
					16,
					16
				],
				"_iconAnchor": [
					8,
					8
				]
			}
		},
		{
			"type": "Feature",
			"geometry": {
				"type": "Point",
				"coordinates": [
					 134.8551,
					 34.8318
				]
			},
			"properties": {
				"name": "JA/HG-193(城山)",
				"読み":"Shiroyama",
				"標高":"271m 1pt ",
				"GL":"PM74kt",
				"市郡区":"C#2711 ",
				"登山日":"",
				"メモ":"",
				"_markerType": "Icon",
				"_iconUrl": "https://maps.gsi.go.jp/portal/sys/v4/symbols/826.png",
				"_iconSize": [
					16,
					16
				],
				"_iconAnchor": [
					8,
					8
				]
			}
		},
		{
			"type": "Feature",
			"geometry": {
				"type": "Point",
				"coordinates": [
					 134.4724,
					 34.8489
				]
			},
			"properties": {
				"name": "JA/HG-194(光明山)",
				"読み":"Koumyousan",
				"標高":"261m 1pt ",
				"GL":"PM74fu",
				"市郡区":"C#2709 / C#2730 ",
				"登山日":"",
				"メモ":"",
				"_markerType": "Icon",
				"_iconUrl": "https://maps.gsi.go.jp/portal/sys/v4/symbols/826.png",
				"_iconSize": [
					16,
					16
				],
				"_iconAnchor": [
					8,
					8
				]
			}
		},
		{
			"type": "Feature",
			"geometry": {
				"type": "Point",
				"coordinates": [
					 134.4665,
					 34.6489
				]
			},
			"properties": {
				"name": "JA/HG-195(頂ノ岩)",
				"読み":"Itadakinoiwa",
				"標高":"250m 1pt ",
				"GL":"PM74fp",
				"市郡区":"C#2702 ",
				"登山日":"",
				"メモ":"",
				"_markerType": "Icon",
				"_iconUrl": "https://maps.gsi.go.jp/portal/sys/v4/symbols/826.png",
				"_iconSize": [
					16,
					16
				],
				"_iconAnchor": [
					8,
					8
				]
			}
		},
		{
			"type": "Feature",
			"geometry": {
				"type": "Point",
				"coordinates": [
					 134.576,
					 34.6667
				]
			},
			"properties": {
				"name": "JA/HG-196(男鹿島)",
				"読み":"Tangajima",
				"標高":"193m 1pt ",
				"GL":"PM74gp",
				"市郡区":"C#2702 ",
				"登山日":"",
				"メモ":"",
				"_markerType": "Icon",
				"_iconUrl": "https://maps.gsi.go.jp/portal/sys/v4/symbols/826.png",
				"_iconSize": [
					16,
					16
				],
				"_iconAnchor": [
					8,
					8
				]
			}
		},
		{
			"type": "Feature",
			"geometry": {
				"type": "Point",
				"coordinates": [
					 134.5562,
					 35.4188
				]
			},
			"properties": {
				"name": "JA/HG-197(瀞川山)",
				"読み":"Torokawayama",
				"標高":"1039m 6pt ",
				"GL":"PM75gk",
				"市郡区":"G#27020E ",
				"登山日":"",
				"メモ":"",
				"_markerType": "Icon",
				"_iconUrl": "https://maps.gsi.go.jp/portal/sys/v4/symbols/103.png",
				"_iconSize": [
					16,
					16
				],
				"_iconAnchor": [
					8,
					8
				]
			}
		},
		{
			"type": "Feature",
			"geometry": {
				"type": "Point",
				"coordinates": [
					 134.6563,
					 35.1132
				]
			},
			"properties": {
				"name": "JA/HG-198(平野(三角点))",
				"読み":"Hirano",
				"標高":"1002m 6pt ",
				"GL":"PM75hc",
				"市郡区":"G#27011F / C#2728 ",
				"登山日":"",
				"メモ":"",
				"_markerType": "Icon",
				"_iconUrl": "https://maps.gsi.go.jp/portal/sys/v4/symbols/103.png",
				"_iconSize": [
					16,
					16
				],
				"_iconAnchor": [
					8,
					8
				]
			}
		},
		{
			"type": "Feature",
			"geometry": {
				"type": "Point",
				"coordinates": [
					 134.8607,
					 35.1144
				]
			},
			"properties": {
				"name": "JA/HG-199(飯森山)",
				"読み":"Iimoriyama",
				"標高":"900m 6pt ",
				"GL":"PM75kc",
				"市郡区":"G#27011F / G#27016E ",
				"登山日":"",
				"メモ":"",
				"_markerType": "Icon",
				"_iconUrl": "https://maps.gsi.go.jp/portal/sys/v4/symbols/103.png",
				"_iconSize": [
					16,
					16
				],
				"_iconAnchor": [
					8,
					8
				]
			}
		},
		{
			"type": "Feature",
			"geometry": {
				"type": "Point",
				"coordinates": [
					 134.5004,
					 35.1203
				]
			},
			"properties": {
				"name": "JA/HG-200(住山(三角点))",
				"読み":"Sumikawa",
				"標高":"880m 6pt ",
				"GL":"PM75gc",
				"市郡区":"C#2728 ",
				"登山日":"",
				"メモ":"",
				"_markerType": "Icon",
				"_iconUrl": "https://maps.gsi.go.jp/portal/sys/v4/symbols/103.png",
				"_iconSize": [
					16,
					16
				],
				"_iconAnchor": [
					8,
					8
				]
			}
		},
		{
			"type": "Feature",
			"geometry": {
				"type": "Point",
				"coordinates": [
					 134.9186,
					 35.2121
				]
			},
			"properties": {
				"name": "JA/HG-201(三国岳)",
				"読み":"Mikunidake",
				"標高":"855m 6pt ",
				"GL":"PM75lf",
				"市郡区":"C#2726 / G#27016E / C#2724",
				"登山日":"",
				"メモ":"",
				"_markerType": "Icon",
				"_iconUrl": "https://maps.gsi.go.jp/portal/sys/v4/symbols/103.png",
				"_iconSize": [
					16,
					16
				],
				"_iconAnchor": [
					8,
					8
				]
			}
		},
		{
			"type": "Feature",
			"geometry": {
				"type": "Point",
				"coordinates": [
					 134.6105,
					 35.2941
				]
			},
			"properties": {
				"name": "JA/HG-202(点848)",
				"読み":"P848",
				"標高":"848m 4pt ",
				"GL":"PM75hh",
				"市郡区":"C#2723 ",
				"登山日":"",
				"メモ":"",
				"_markerType": "Icon",
				"_iconUrl": "https://maps.gsi.go.jp/portal/sys/v4/symbols/828.png",
				"_iconSize": [
					16,
					16
				],
				"_iconAnchor": [
					8,
					8
				]
			}
		},
		{
			"type": "Feature",
			"geometry": {
				"type": "Point",
				"coordinates": [
					 134.8705,
					 35.2536
				]
			},
			"properties": {
				"name": "JA/HG-203(青倉山)",
				"読み":"Aokurayama",
				"標高":"810m 4pt ",
				"GL":"PM75kg",
				"市郡区":"C#2726 ",
				"登山日":"",
				"メモ":"",
				"_markerType": "Icon",
				"_iconUrl": "https://maps.gsi.go.jp/portal/sys/v4/symbols/828.png",
				"_iconSize": [
					16,
					16
				],
				"_iconAnchor": [
					8,
					8
				]
			}
		},
		{
			"type": "Feature",
			"geometry": {
				"type": "Point",
				"coordinates": [
					 134.6346,
					 35.347
				]
			},
			"properties": {
				"name": "JA/HG-204(大杉(三角点))",
				"読み":"Oosugi",
				"標高":"794m 4pt ",
				"GL":"PM75hi",
				"市郡区":"C#2723 ",
				"登山日":"",
				"メモ":"",
				"_markerType": "Icon",
				"_iconUrl": "https://maps.gsi.go.jp/portal/sys/v4/symbols/828.png",
				"_iconSize": [
					16,
					16
				],
				"_iconAnchor": [
					8,
					8
				]
			}
		},
		{
			"type": "Feature",
			"geometry": {
				"type": "Point",
				"coordinates": [
					 134.5592,
					 35.1569
				]
			},
			"properties": {
				"name": "JA/HG-205(谷村(三角点))",
				"読み":"Tanimura",
				"標高":"769m 4pt ",
				"GL":"PM75gd",
				"市郡区":"C#2728 ",
				"登山日":"",
				"メモ":"",
				"_markerType": "Icon",
				"_iconUrl": "https://maps.gsi.go.jp/portal/sys/v4/symbols/828.png",
				"_iconSize": [
					16,
					16
				],
				"_iconAnchor": [
					8,
					8
				]
			}
		},
		{
			"type": "Feature",
			"geometry": {
				"type": "Point",
				"coordinates": [
					 134.9577,
					 35.1906
				]
			},
			"properties": {
				"name": "JA/HG-206(三方(三角点))",
				"読み":"Mikata",
				"標高":"753m 4pt ",
				"GL":"PM75le",
				"市郡区":"C#2724 / G#27016E ",
				"登山日":"",
				"メモ":"",
				"_markerType": "Icon",
				"_iconUrl": "https://maps.gsi.go.jp/portal/sys/v4/symbols/828.png",
				"_iconSize": [
					16,
					16
				],
				"_iconAnchor": [
					8,
					8
				]
			}
		},
		{
			"type": "Feature",
			"geometry": {
				"type": "Point",
				"coordinates": [
					 134.9431,
					 35.2222
				]
			},
			"properties": {
				"name": "JA/HG-207(松尾（三角点近傍）)",
				"読み":"Near_Matsuo",
				"標高":"680m 4pt ",
				"GL":"PM75lf",
				"市郡区":"C#2724 ",
				"登山日":"",
				"メモ":"",
				"_markerType": "Icon",
				"_iconUrl": "https://maps.gsi.go.jp/portal/sys/v4/symbols/828.png",
				"_iconSize": [
					16,
					16
				],
				"_iconAnchor": [
					8,
					8
				]
			}
		},
		{
			"type": "Feature",
			"geometry": {
				"type": "Point",
				"coordinates": [
					 134.7696,
					 35.2244
				]
			},
			"properties": {
				"name": "JA/HG-208(西山(三角点))",
				"読み":"Nishiyama",
				"標高":"667m 4pt ",
				"GL":"PM75jf",
				"市郡区":"C#2726 ",
				"登山日":"",
				"メモ":"",
				"_markerType": "Icon",
				"_iconUrl": "https://maps.gsi.go.jp/portal/sys/v4/symbols/828.png",
				"_iconSize": [
					16,
					16
				],
				"_iconAnchor": [
					8,
					8
				]
			}
		},
		{
			"type": "Feature",
			"geometry": {
				"type": "Point",
				"coordinates": [
					 134.9048,
					 35.1253
				]
			},
			"properties": {
				"name": "JA/HG-209(森内山(三角点))",
				"読み":"Moriuchiyama",
				"標高":"651m 4pt ",
				"GL":"PM75kd",
				"市郡区":"G#27016E ",
				"登山日":"",
				"メモ":"",
				"_markerType": "Icon",
				"_iconUrl": "https://maps.gsi.go.jp/portal/sys/v4/symbols/828.png",
				"_iconSize": [
					16,
					16
				],
				"_iconAnchor": [
					8,
					8
				]
			}
		},
		{
			"type": "Feature",
			"geometry": {
				"type": "Point",
				"coordinates": [
					 135.2353,
					 35.0287
				]
			},
			"properties": {
				"name": "JA/HG-210(三国ヶ岳)",
				"読み":"Mikunigatake",
				"標高":"648m 2pt ",
				"GL":"PM75oa",
				"市郡区":"C#2720 / C#2731 ",
				"登山日":"",
				"メモ":"",
				"_markerType": "Icon",
				"_iconUrl": "https://maps.gsi.go.jp/portal/sys/v4/symbols/102.png",
				"_iconSize": [
					16,
					16
				],
				"_iconAnchor": [
					8,
					8
				]
			}
		},
		{
			"type": "Feature",
			"geometry": {
				"type": "Point",
				"coordinates": [
					 135.216,
					 35.0092
				]
			},
			"properties": {
				"name": "JA/HG-211(点637)",
				"読み":"P637",
				"標高":"637m 2pt ",
				"GL":"PM75oa",
				"市郡区":"C#2720 ",
				"登山日":"",
				"メモ":"",
				"_markerType": "Icon",
				"_iconUrl": "https://maps.gsi.go.jp/portal/sys/v4/symbols/102.png",
				"_iconSize": [
					16,
					16
				],
				"_iconAnchor": [
					8,
					8
				]
			}
		},
		{
			"type": "Feature",
			"geometry": {
				"type": "Point",
				"coordinates": [
					 134.983,
					 35.2621
				]
			},
			"properties": {
				"name": "JA/HG-212(大箕山)",
				"読み":"Oominoyama",
				"標高":"626m 2pt ",
				"GL":"PM75lg",
				"市郡区":"C#2724 ",
				"登山日":"",
				"メモ":"",
				"_markerType": "Icon",
				"_iconUrl": "https://maps.gsi.go.jp/portal/sys/v4/symbols/102.png",
				"_iconSize": [
					16,
					16
				],
				"_iconAnchor": [
					8,
					8
				]
			}
		},
		{
			"type": "Feature",
			"geometry": {
				"type": "Point",
				"coordinates": [
					 135.0593,
					 35.0537
				]
			},
			"properties": {
				"name": "JA/HG-213(天徳山)",
				"読み":"Tenrokusan",
				"標高":"619m 2pt ",
				"GL":"PM75mb",
				"市郡区":"C#2724 / C#2714 ",
				"登山日":"",
				"メモ":"",
				"_markerType": "Icon",
				"_iconUrl": "https://maps.gsi.go.jp/portal/sys/v4/symbols/102.png",
				"_iconSize": [
					16,
					16
				],
				"_iconAnchor": [
					8,
					8
				]
			}
		},
		{
			"type": "Feature",
			"geometry": {
				"type": "Point",
				"coordinates": [
					 135.0012,
					 35.5342
				]
			},
			"properties": {
				"name": "JA/HG-214(点610)",
				"読み":"P610",
				"標高":"610m 2pt ",
				"GL":"PM75mm",
				"市郡区":"C#2710 / C#2213 ",
				"登山日":"",
				"メモ":"",
				"_markerType": "Icon",
				"_iconUrl": "https://maps.gsi.go.jp/portal/sys/v4/symbols/102.png",
				"_iconSize": [
					16,
					16
				],
				"_iconAnchor": [
					8,
					8
				]
			}
		},
		{
			"type": "Feature",
			"geometry": {
				"type": "Point",
				"coordinates": [
					 135.1778,
					 35.1275
				]
			},
			"properties": {
				"name": "JA/HG-215(鋸山)",
				"読み":"Nokogiriyama",
				"標高":"605m 2pt ",
				"GL":"PM75od",
				"市郡区":"C#2731 / C#2724 ",
				"登山日":"",
				"メモ":"",
				"_markerType": "Icon",
				"_iconUrl": "https://maps.gsi.go.jp/portal/sys/v4/symbols/102.png",
				"_iconSize": [
					16,
					16
				],
				"_iconAnchor": [
					8,
					8
				]
			}
		},
		{
			"type": "Feature",
			"geometry": {
				"type": "Point",
				"coordinates": [
					 135.298,
					 34.9758
				]
			},
			"properties": {
				"name": "JA/HG-216(昼ヶ岳)",
				"読み":"Hirugatake",
				"標高":"595m 2pt ",
				"GL":"PM74px",
				"市郡区":"G#27010A / C#2720 ",
				"登山日":"",
				"メモ":"",
				"_markerType": "Icon",
				"_iconUrl": "https://maps.gsi.go.jp/portal/sys/v4/symbols/102.png",
				"_iconSize": [
					16,
					16
				],
				"_iconAnchor": [
					8,
					8
				]
			}
		},
		{
			"type": "Feature",
			"geometry": {
				"type": "Point",
				"coordinates": [
					 134.7942,
					 35.0374
				]
			},
			"properties": {
				"name": "JA/HG-217(奥山(三角点))",
				"読み":"Okuyama",
				"標高":"574m 2pt ",
				"GL":"PM75ja",
				"市郡区":"G#27011F / G#27011A ",
				"登山日":"",
				"メモ":"",
				"_markerType": "Icon",
				"_iconUrl": "https://maps.gsi.go.jp/portal/sys/v4/symbols/102.png",
				"_iconSize": [
					16,
					16
				],
				"_iconAnchor": [
					8,
					8
				]
			}
		},
		{
			"type": "Feature",
			"geometry": {
				"type": "Point",
				"coordinates": [
					 134.8069,
					 35.0331
				]
			},
			"properties": {
				"name": "JA/HG-218(河内(三角点))",
				"読み":"Kawachi",
				"標高":"562m 2pt ",
				"GL":"PM75ja",
				"市郡区":"G#27011A ",
				"登山日":"",
				"メモ":"",
				"_markerType": "Icon",
				"_iconUrl": "https://maps.gsi.go.jp/portal/sys/v4/symbols/102.png",
				"_iconSize": [
					16,
					16
				],
				"_iconAnchor": [
					8,
					8
				]
			}
		},
		{
			"type": "Feature",
			"geometry": {
				"type": "Point",
				"coordinates": [
					 134.8564,
					 35.4049
				]
			},
			"properties": {
				"name": "JA/HG-219(川見（三角点近傍）)",
				"読み":"Near_Kawami",
				"標高":"560m 2pt ",
				"GL":"PM75kj",
				"市郡区":"C#2723 / C#2726 ",
				"登山日":"",
				"メモ":"",
				"_markerType": "Icon",
				"_iconUrl": "https://maps.gsi.go.jp/portal/sys/v4/symbols/102.png",
				"_iconSize": [
					16,
					16
				],
				"_iconAnchor": [
					8,
					8
				]
			}
		},
		{
			"type": "Feature",
			"geometry": {
				"type": "Point",
				"coordinates": [
					 134.8207,
					 35.3995
				]
			},
			"properties": {
				"name": "JA/HG-220(光明山)",
				"読み":"Koumyouzan",
				"標高":"551m 2pt ",
				"GL":"PM75jj",
				"市郡区":"C#2723 ",
				"登山日":"",
				"メモ":"",
				"_markerType": "Icon",
				"_iconUrl": "https://maps.gsi.go.jp/portal/sys/v4/symbols/102.png",
				"_iconSize": [
					16,
					16
				],
				"_iconAnchor": [
					8,
					8
				]
			}
		},
		{
			"type": "Feature",
			"geometry": {
				"type": "Point",
				"coordinates": [
					 135.2308,
					 35.178
				]
			},
			"properties": {
				"name": "JA/HG-221(鹿倉山)",
				"読み":"Shikakurayama",
				"標高":"547m 2pt ",
				"GL":"PM75oe",
				"市郡区":"C#2202 / C#2731 ",
				"登山日":"",
				"メモ":"",
				"_markerType": "Icon",
				"_iconUrl": "https://maps.gsi.go.jp/portal/sys/v4/symbols/102.png",
				"_iconSize": [
					16,
					16
				],
				"_iconAnchor": [
					8,
					8
				]
			}
		},
		{
			"type": "Feature",
			"geometry": {
				"type": "Point",
				"coordinates": [
					 135.2331,
					 35.1462
				]
			},
			"properties": {
				"name": "JA/HG-222(高王山(三角点))",
				"読み":"Takaouzan",
				"標高":"543m 2pt ",
				"GL":"PM75od",
				"市郡区":"C#2731 ",
				"登山日":"",
				"メモ":"",
				"_markerType": "Icon",
				"_iconUrl": "https://maps.gsi.go.jp/portal/sys/v4/symbols/102.png",
				"_iconSize": [
					16,
					16
				],
				"_iconAnchor": [
					8,
					8
				]
			}
		},
		{
			"type": "Feature",
			"geometry": {
				"type": "Point",
				"coordinates": [
					 135.1139,
					 35.114
				]
			},
			"properties": {
				"name": "JA/HG-223(金山)",
				"読み":"Kanayama",
				"標高":"540m 2pt ",
				"GL":"PM75nc",
				"市郡区":"C#2724 / C#2731 ",
				"登山日":"",
				"メモ":"",
				"_markerType": "Icon",
				"_iconUrl": "https://maps.gsi.go.jp/portal/sys/v4/symbols/102.png",
				"_iconSize": [
					16,
					16
				],
				"_iconAnchor": [
					8,
					8
				]
			}
		},
		{
			"type": "Feature",
			"geometry": {
				"type": "Point",
				"coordinates": [
					 134.8357,
					 34.2722
				]
			},
			"properties": {
				"name": "JA/HG-225(兜布丸山近傍)",
				"読み":"Near_Kabutoyama",
				"標高":"535m 2pt ",
				"GL":"PM74kg",
				"市郡区":"C#2725 / C#2706 ",
				"登山日":"",
				"メモ":"",
				"_markerType": "Icon",
				"_iconUrl": "https://maps.gsi.go.jp/portal/sys/v4/symbols/102.png",
				"_iconSize": [
					16,
					16
				],
				"_iconAnchor": [
					8,
					8
				]
			}
		},
		{
			"type": "Feature",
			"geometry": {
				"type": "Point",
				"coordinates": [
					 134.5839,
					 35.0043
				]
			},
			"properties": {
				"name": "JA/HG-226(安志(三角点))",
				"読み":"Yasushi",
				"標高":"517m 2pt ",
				"GL":"PM75ha",
				"市郡区":"C#2702 / C#2728 ",
				"登山日":"",
				"メモ":"",
				"_markerType": "Icon",
				"_iconUrl": "https://maps.gsi.go.jp/portal/sys/v4/symbols/102.png",
				"_iconSize": [
					16,
					16
				],
				"_iconAnchor": [
					8,
					8
				]
			}
		},
		{
			"type": "Feature",
			"geometry": {
				"type": "Point",
				"coordinates": [
					 135.3324,
					 34.9665
				]
			},
			"properties": {
				"name": "JA/HG-227(愛宕山)",
				"読み":"Atagoyama",
				"標高":"514m 2pt ",
				"GL":"PM74px",
				"市郡区":"G#27010A ",
				"登山日":"",
				"メモ":"",
				"_markerType": "Icon",
				"_iconUrl": "https://maps.gsi.go.jp/portal/sys/v4/symbols/102.png",
				"_iconSize": [
					16,
					16
				],
				"_iconAnchor": [
					8,
					8
				]
			}
		},
		{
			"type": "Feature",
			"geometry": {
				"type": "Point",
				"coordinates": [
					 134.5034,
					 35.0343
				]
			},
			"properties": {
				"name": "JA/HG-228(篠の丸)",
				"読み":"Sasanomaru",
				"標高":"512m 2pt ",
				"GL":"PM75ga",
				"市郡区":"C#2728 ",
				"登山日":"",
				"メモ":"",
				"_markerType": "Icon",
				"_iconUrl": "https://maps.gsi.go.jp/portal/sys/v4/symbols/102.png",
				"_iconSize": [
					16,
					16
				],
				"_iconAnchor": [
					8,
					8
				]
			}
		},
		{
			"type": "Feature",
			"geometry": {
				"type": "Point",
				"coordinates": [
					 134.5102,
					 34.9861
				]
			},
			"properties": {
				"name": "JA/HG-229(点510)",
				"読み":"P510",
				"標高":"510m 2pt ",
				"GL":"PM74gx",
				"市郡区":"C#2730 / C#2728 ",
				"登山日":"",
				"メモ":"",
				"_markerType": "Icon",
				"_iconUrl": "https://maps.gsi.go.jp/portal/sys/v4/symbols/102.png",
				"_iconSize": [
					16,
					16
				],
				"_iconAnchor": [
					8,
					8
				]
			}
		},
		{
			"type": "Feature",
			"geometry": {
				"type": "Point",
				"coordinates": [
					 135.1387,
					 35.0216
				]
			},
			"properties": {
				"name": "JA/HG-230(不来坂(三角点))",
				"読み":"Fugizaka",
				"標高":"501m 2pt ",
				"GL":"PM75na",
				"市郡区":"C#2731 ",
				"登山日":"",
				"メモ":"",
				"_markerType": "Icon",
				"_iconUrl": "https://maps.gsi.go.jp/portal/sys/v4/symbols/102.png",
				"_iconSize": [
					16,
					16
				],
				"_iconAnchor": [
					8,
					8
				]
			}
		},
		{
			"type": "Feature",
			"geometry": {
				"type": "Point",
				"coordinates": [
					 134.8471,
					 35.0205
				]
			},
			"properties": {
				"name": "JA/HG-231(茅野（三角点近傍）)",
				"読み":"Near_Chino",
				"標高":"490m 1pt ",
				"GL":"PM75ka",
				"市郡区":"G#27016E / G#27010A ",
				"登山日":"",
				"メモ":"",
				"_markerType": "Icon",
				"_iconUrl": "https://maps.gsi.go.jp/portal/sys/v4/symbols/826.png",
				"_iconSize": [
					16,
					16
				],
				"_iconAnchor": [
					8,
					8
				]
			}
		},
		{
			"type": "Feature",
			"geometry": {
				"type": "Point",
				"coordinates": [
					 134.9041,
					 35.4796
				]
			},
			"properties": {
				"name": "JA/HG-232(権現山)",
				"読み":"Gongenyama",
				"標高":"475m 1pt ",
				"GL":"PM75kl",
				"市郡区":"C#2710 ",
				"登山日":"",
				"メモ":"",
				"_markerType": "Icon",
				"_iconUrl": "https://maps.gsi.go.jp/portal/sys/v4/symbols/826.png",
				"_iconSize": [
					16,
					16
				],
				"_iconAnchor": [
					8,
					8
				]
			}
		},
		{
			"type": "Feature",
			"geometry": {
				"type": "Point",
				"coordinates": [
					 134.3964,
					 35.067
				]
			},
			"properties": {
				"name": "JA/HG-233(点460)",
				"読み":"P460",
				"標高":"460m 1pt ",
				"GL":"PM75eb",
				"市郡区":"G#27013C ",
				"登山日":"",
				"メモ":"",
				"_markerType": "Icon",
				"_iconUrl": "https://maps.gsi.go.jp/portal/sys/v4/symbols/826.png",
				"_iconSize": [
					16,
					16
				],
				"_iconAnchor": [
					8,
					8
				]
			}
		},
		{
			"type": "Feature",
			"geometry": {
				"type": "Point",
				"coordinates": [
					 134.4329,
					 35.037
				]
			},
			"properties": {
				"name": "JA/HG-234(真宗(三角点))",
				"読み":"Shinsyu",
				"標高":"441m 1pt ",
				"GL":"PM75fa",
				"市郡区":"G#27013C ",
				"登山日":"",
				"メモ":"",
				"_markerType": "Icon",
				"_iconUrl": "https://maps.gsi.go.jp/portal/sys/v4/symbols/826.png",
				"_iconSize": [
					16,
					16
				],
				"_iconAnchor": [
					8,
					8
				]
			}
		},
		{
			"type": "Feature",
			"geometry": {
				"type": "Point",
				"coordinates": [
					 134.9278,
					 34.9997
				]
			},
			"properties": {
				"name": "JA/HG-235(点423)",
				"読み":"P423",
				"標高":"423m 1pt ",
				"GL":"PM74lx",
				"市郡区":"G#27016E / C#2714 ",
				"登山日":"",
				"メモ":"",
				"_markerType": "Icon",
				"_iconUrl": "https://maps.gsi.go.jp/portal/sys/v4/symbols/826.png",
				"_iconSize": [
					16,
					16
				],
				"_iconAnchor": [
					8,
					8
				]
			}
		},
		{
			"type": "Feature",
			"geometry": {
				"type": "Point",
				"coordinates": [
					 134.8093,
					 34.9708
				]
			},
			"properties": {
				"name": "JA/HG-236(深山)",
				"読み":"Miyama",
				"標高":"420m 1pt ",
				"GL":"PM74jx",
				"市郡区":"C#2721 / G#27011A ",
				"登山日":"",
				"メモ":"",
				"_markerType": "Icon",
				"_iconUrl": "https://maps.gsi.go.jp/portal/sys/v4/symbols/826.png",
				"_iconSize": [
					16,
					16
				],
				"_iconAnchor": [
					8,
					8
				]
			}
		},
		{
			"type": "Feature",
			"geometry": {
				"type": "Point",
				"coordinates": [
					 134.8876,
					 35.052
				]
			},
			"properties": {
				"name": "JA/HG-237(点416)",
				"読み":"P416",
				"標高":"416m 1pt ",
				"GL":"PM75kb",
				"市郡区":"G#27016E ",
				"登山日":"",
				"メモ":"",
				"_markerType": "Icon",
				"_iconUrl": "https://maps.gsi.go.jp/portal/sys/v4/symbols/826.png",
				"_iconSize": [
					16,
					16
				],
				"_iconAnchor": [
					8,
					8
				]
			}
		},
		{
			"type": "Feature",
			"geometry": {
				"type": "Point",
				"coordinates": [
					 135.329,
					 34.9328
				]
			},
			"properties": {
				"name": "JA/HG-238(三蔵山)",
				"読み":"Mikurayama",
				"標高":"411m 1pt ",
				"GL":"PM74pw",
				"市郡区":"C#2715 / G#27010A ",
				"登山日":"",
				"メモ":"",
				"_markerType": "Icon",
				"_iconUrl": "https://maps.gsi.go.jp/portal/sys/v4/symbols/826.png",
				"_iconSize": [
					16,
					16
				],
				"_iconAnchor": [
					8,
					8
				]
			}
		},
		{
			"type": "Feature",
			"geometry": {
				"type": "Point",
				"coordinates": [
					 134.5249,
					 35.5908
				]
			},
			"properties": {
				"name": "JA/HG-239(点410)",
				"読み":"P410",
				"標高":"410m 1pt ",
				"GL":"PM75go",
				"市郡区":"G#27020F ",
				"登山日":"",
				"メモ":"",
				"_markerType": "Icon",
				"_iconUrl": "https://maps.gsi.go.jp/portal/sys/v4/symbols/826.png",
				"_iconSize": [
					16,
					16
				],
				"_iconAnchor": [
					8,
					8
				]
			}
		},
		{
			"type": "Feature",
			"geometry": {
				"type": "Point",
				"coordinates": [
					 135.1598,
					 35.0186
				]
			},
			"properties": {
				"name": "JA/HG-240(点406)",
				"読み":"P406",
				"標高":"406m 1pt ",
				"GL":"PM75na",
				"市郡区":"C#2731 ",
				"登山日":"",
				"メモ":"",
				"_markerType": "Icon",
				"_iconUrl": "https://maps.gsi.go.jp/portal/sys/v4/symbols/826.png",
				"_iconSize": [
					16,
					16
				],
				"_iconAnchor": [
					8,
					8
				]
			}
		},
		{
			"type": "Feature",
			"geometry": {
				"type": "Point",
				"coordinates": [
					 135.0615,
					 34.9544
				]
			},
			"properties": {
				"name": "JA/HG-241(西山(三角点))",
				"読み":"Nishiyama",
				"標高":"405m 1pt ",
				"GL":"PM74mw",
				"市郡区":"C#2729 ",
				"登山日":"",
				"メモ":"",
				"_markerType": "Icon",
				"_iconUrl": "https://maps.gsi.go.jp/portal/sys/v4/symbols/826.png",
				"_iconSize": [
					16,
					16
				],
				"_iconAnchor": [
					8,
					8
				]
			}
		},
		{
			"type": "Feature",
			"geometry": {
				"type": "Point",
				"coordinates": [
					 134.5696,
					 34.9236
				]
			},
			"properties": {
				"name": "JA/HG-242(北山(三角点))",
				"読み":"Kitayama",
				"標高":"396m 1pt ",
				"GL":"PM74gw",
				"市郡区":"C#2702 / C#2730 ",
				"登山日":"",
				"メモ":"",
				"_markerType": "Icon",
				"_iconUrl": "https://maps.gsi.go.jp/portal/sys/v4/symbols/826.png",
				"_iconSize": [
					16,
					16
				],
				"_iconAnchor": [
					8,
					8
				]
			}
		},
		{
			"type": "Feature",
			"geometry": {
				"type": "Point",
				"coordinates": [
					 135.2803,
					 34.8858
				]
			},
			"properties": {
				"name": "JA/HG-243(大岩岳)",
				"読み":"Ooiwadake",
				"標高":"384m 1pt ",
				"GL":"PM74pv",
				"市郡区":"C#2720 / C#270107 / C#2715",
				"登山日":"",
				"メモ":"",
				"_markerType": "Icon",
				"_iconUrl": "https://maps.gsi.go.jp/portal/sys/v4/symbols/826.png",
				"_iconSize": [
					16,
					16
				],
				"_iconAnchor": [
					8,
					8
				]
			}
		},
		{
			"type": "Feature",
			"geometry": {
				"type": "Point",
				"coordinates": [
					 134.7175,
					 34.9647
				]
			},
			"properties": {
				"name": "JA/HG-244(大倉山)",
				"読み":"Ookurayama",
				"標高":"384m 1pt ",
				"GL":"PM74ix",
				"市郡区":"C#2702 / G#27011C ",
				"登山日":"",
				"メモ":"",
				"_markerType": "Icon",
				"_iconUrl": "https://maps.gsi.go.jp/portal/sys/v4/symbols/826.png",
				"_iconSize": [
					16,
					16
				],
				"_iconAnchor": [
					8,
					8
				]
			}
		},
		{
			"type": "Feature",
			"geometry": {
				"type": "Point",
				"coordinates": [
					 135.2305,
					 34.924
				]
			},
			"properties": {
				"name": "JA/HG-245(有馬富士)",
				"読み":"Arimafuji",
				"標高":"373m 1pt ",
				"GL":"PM74ow",
				"市郡区":"C#2720 ",
				"登山日":"",
				"メモ":"",
				"_markerType": "Icon",
				"_iconUrl": "https://maps.gsi.go.jp/portal/sys/v4/symbols/826.png",
				"_iconSize": [
					16,
					16
				],
				"_iconAnchor": [
					8,
					8
				]
			}
		},
		{
			"type": "Feature",
			"geometry": {
				"type": "Point",
				"coordinates": [
					 135.0521,
					 35.1721
				]
			},
			"properties": {
				"name": "JA/HG-246(霧山)",
				"読み":"Kiriyama",
				"標高":"371m 1pt ",
				"GL":"PM75me",
				"市郡区":"C#2724 ",
				"登山日":"",
				"メモ":"",
				"_markerType": "Icon",
				"_iconUrl": "https://maps.gsi.go.jp/portal/sys/v4/symbols/826.png",
				"_iconSize": [
					16,
					16
				],
				"_iconAnchor": [
					8,
					8
				]
			}
		},
		{
			"type": "Feature",
			"geometry": {
				"type": "Point",
				"coordinates": [
					 135.2577,
					 35.1775
				]
			},
			"properties": {
				"name": "JA/HG-247(点370)",
				"読み":"P370",
				"標高":"370m 1pt ",
				"GL":"PM75pe",
				"市郡区":"C#2731 / C#2202 ",
				"登山日":"",
				"メモ":"",
				"_markerType": "Icon",
				"_iconUrl": "https://maps.gsi.go.jp/portal/sys/v4/symbols/826.png",
				"_iconSize": [
					16,
					16
				],
				"_iconAnchor": [
					8,
					8
				]
			}
		},
		{
			"type": "Feature",
			"geometry": {
				"type": "Point",
				"coordinates": [
					 134.3319,
					 34.8159
				]
			},
			"properties": {
				"name": "JA/HG-248(六道山)",
				"読み":"Rokudouyama",
				"標高":"354m 1pt ",
				"GL":"PM74dt",
				"市郡区":"C#2713 ",
				"登山日":"",
				"メモ":"",
				"_markerType": "Icon",
				"_iconUrl": "https://maps.gsi.go.jp/portal/sys/v4/symbols/826.png",
				"_iconSize": [
					16,
					16
				],
				"_iconAnchor": [
					8,
					8
				]
			}
		},
		{
			"type": "Feature",
			"geometry": {
				"type": "Point",
				"coordinates": [
					 134.8492,
					 34.981
				]
			},
			"properties": {
				"name": "JA/HG-249(谷田(三角点))",
				"読み":"Yada",
				"標高":"350m 1pt ",
				"GL":"PM74kx",
				"市郡区":"C#2721 ",
				"登山日":"",
				"メモ":"",
				"_markerType": "Icon",
				"_iconUrl": "https://maps.gsi.go.jp/portal/sys/v4/symbols/826.png",
				"_iconSize": [
					16,
					16
				],
				"_iconAnchor": [
					8,
					8
				]
			}
		},
		{
			"type": "Feature",
			"geometry": {
				"type": "Point",
				"coordinates": [
					 134.9337,
					 34.9635
				]
			},
			"properties": {
				"name": "JA/HG-250(角尾山)",
				"読み":"Tsunooyama",
				"標高":"343m 1pt ",
				"GL":"PM74lx",
				"市郡区":"C#2714 ",
				"登山日":"",
				"メモ":"",
				"_markerType": "Icon",
				"_iconUrl": "https://maps.gsi.go.jp/portal/sys/v4/symbols/826.png",
				"_iconSize": [
					16,
					16
				],
				"_iconAnchor": [
					8,
					8
				]
			}
		},
		{
			"type": "Feature",
			"geometry": {
				"type": "Point",
				"coordinates": [
					 134.7529,
					 34.9778
				]
			},
			"properties": {
				"name": "JA/HG-251(点332)",
				"読み":"P332",
				"標高":"332m 1pt ",
				"GL":"PM74jx",
				"市郡区":"G#27011C ",
				"登山日":"",
				"メモ":"",
				"_markerType": "Icon",
				"_iconUrl": "https://maps.gsi.go.jp/portal/sys/v4/symbols/826.png",
				"_iconSize": [
					16,
					16
				],
				"_iconAnchor": [
					8,
					8
				]
			}
		},
		{
			"type": "Feature",
			"geometry": {
				"type": "Point",
				"coordinates": [
					 135.1302,
					 34.6766
				]
			},
			"properties": {
				"name": "JA/HG-252(高取山)",
				"読み":"Takatoriyama",
				"標高":"328m 1pt ",
				"GL":"PM74nq",
				"市郡区":"C#270104 / C#270105 ",
				"登山日":"",
				"メモ":"",
				"_markerType": "Icon",
				"_iconUrl": "https://maps.gsi.go.jp/portal/sys/v4/symbols/826.png",
				"_iconSize": [
					16,
					16
				],
				"_iconAnchor": [
					8,
					8
				]
			}
		},
		{
			"type": "Feature",
			"geometry": {
				"type": "Point",
				"coordinates": [
					 134.7788,
					 35.39
				]
			},
			"properties": {
				"name": "JA/HG-253(大滝(三角点))",
				"読み":"Ootaki",
				"標高":"327m 1pt ",
				"GL":"PM75jj",
				"市郡区":"C#2723 ",
				"登山日":"",
				"メモ":"",
				"_markerType": "Icon",
				"_iconUrl": "https://maps.gsi.go.jp/portal/sys/v4/symbols/826.png",
				"_iconSize": [
					16,
					16
				],
				"_iconAnchor": [
					8,
					8
				]
			}
		},
		{
			"type": "Feature",
			"geometry": {
				"type": "Point",
				"coordinates": [
					 134.878,
					 35.4555
				]
			},
			"properties": {
				"name": "JA/HG-254(城山)",
				"読み":"Shiroyama",
				"標高":"321m 1pt ",
				"GL":"PM75kk",
				"市郡区":"C#2710 ",
				"登山日":"",
				"メモ":"",
				"_markerType": "Icon",
				"_iconUrl": "https://maps.gsi.go.jp/portal/sys/v4/symbols/826.png",
				"_iconSize": [
					16,
					16
				],
				"_iconAnchor": [
					8,
					8
				]
			}
		},
		{
			"type": "Feature",
			"geometry": {
				"type": "Point",
				"coordinates": [
					 135.1083,
					 34.6656
				]
			},
			"properties": {
				"name": "JA/HG-255(横尾山)",
				"読み":"Yokooyama",
				"標高":"312m 1pt ",
				"GL":"PM74np",
				"市郡区":"C#270105 ",
				"登山日":"",
				"メモ":"",
				"_markerType": "Icon",
				"_iconUrl": "https://maps.gsi.go.jp/portal/sys/v4/symbols/826.png",
				"_iconSize": [
					16,
					16
				],
				"_iconAnchor": [
					8,
					8
				]
			}
		},
		{
			"type": "Feature",
			"geometry": {
				"type": "Point",
				"coordinates": [
					 134.5907,
					 34.9599
				]
			},
			"properties": {
				"name": "JA/HG-256(瀬川(三角点))",
				"読み":"Segawa",
				"標高":"311m 1pt ",
				"GL":"PM74hx",
				"市郡区":"C#2702 ",
				"登山日":"",
				"メモ":"",
				"_markerType": "Icon",
				"_iconUrl": "https://maps.gsi.go.jp/portal/sys/v4/symbols/826.png",
				"_iconSize": [
					16,
					16
				],
				"_iconAnchor": [
					8,
					8
				]
			}
		},
		{
			"type": "Feature",
			"geometry": {
				"type": "Point",
				"coordinates": [
					 134.6664,
					 34.9162
				]
			},
			"properties": {
				"name": "JA/HG-257(倉掛山(三角点))",
				"読み":"Kurakakeyama",
				"標高":"311m 1pt ",
				"GL":"PM74iv",
				"市郡区":"C#2702 ",
				"登山日":"",
				"メモ":"",
				"_markerType": "Icon",
				"_iconUrl": "https://maps.gsi.go.jp/portal/sys/v4/symbols/826.png",
				"_iconSize": [
					16,
					16
				],
				"_iconAnchor": [
					8,
					8
				]
			}
		},
		{
			"type": "Feature",
			"geometry": {
				"type": "Point",
				"coordinates": [
					 134.6189,
					 34.9353
				]
			},
			"properties": {
				"name": "JA/HG-258(点300)",
				"読み":"P300",
				"標高":"300m 1pt ",
				"GL":"PM74hw",
				"市郡区":"C#2702 ",
				"登山日":"",
				"メモ":"",
				"_markerType": "Icon",
				"_iconUrl": "https://maps.gsi.go.jp/portal/sys/v4/symbols/826.png",
				"_iconSize": [
					16,
					16
				],
				"_iconAnchor": [
					8,
					8
				]
			}
		},
		{
			"type": "Feature",
			"geometry": {
				"type": "Point",
				"coordinates": [
					 134.9503,
					 35.4571
				]
			},
			"properties": {
				"name": "JA/HG-259(出合(三角点))",
				"読み":"Deai",
				"標高":"292m 1pt ",
				"GL":"PM75lk",
				"市郡区":"C#2710 ",
				"登山日":"",
				"メモ":"",
				"_markerType": "Icon",
				"_iconUrl": "https://maps.gsi.go.jp/portal/sys/v4/symbols/826.png",
				"_iconSize": [
					16,
					16
				],
				"_iconAnchor": [
					8,
					8
				]
			}
		},
		{
			"type": "Feature",
			"geometry": {
				"type": "Point",
				"coordinates": [
					 134.7626,
					 35.5145
				]
			},
			"properties": {
				"name": "JA/HG-260(点290)",
				"読み":"P290",
				"標高":"290m 1pt ",
				"GL":"PM75jm",
				"市郡区":"C#2710 ",
				"登山日":"",
				"メモ":"",
				"_markerType": "Icon",
				"_iconUrl": "https://maps.gsi.go.jp/portal/sys/v4/symbols/826.png",
				"_iconSize": [
					16,
					16
				],
				"_iconAnchor": [
					8,
					8
				]
			}
		},
		{
			"type": "Feature",
			"geometry": {
				"type": "Point",
				"coordinates": [
					 134.6335,
					 34.9319
				]
			},
			"properties": {
				"name": "JA/HG-261(塚本(三角点))",
				"読み":"Tsukamoto",
				"標高":"285m 1pt ",
				"GL":"PM74hw",
				"市郡区":"C#2702 ",
				"登山日":"",
				"メモ":"",
				"_markerType": "Icon",
				"_iconUrl": "https://maps.gsi.go.jp/portal/sys/v4/symbols/826.png",
				"_iconSize": [
					16,
					16
				],
				"_iconAnchor": [
					8,
					8
				]
			}
		},
		{
			"type": "Feature",
			"geometry": {
				"type": "Point",
				"coordinates": [
					 134.5709,
					 35.6459
				]
			},
			"properties": {
				"name": "JA/HG-262(丹生野(三角点))",
				"読み":"Niuno",
				"標高":"284m 1pt ",
				"GL":"PM75gp",
				"市郡区":"G#27020E ",
				"登山日":"",
				"メモ":"",
				"_markerType": "Icon",
				"_iconUrl": "https://maps.gsi.go.jp/portal/sys/v4/symbols/826.png",
				"_iconSize": [
					16,
					16
				],
				"_iconAnchor": [
					8,
					8
				]
			}
		},
		{
			"type": "Feature",
			"geometry": {
				"type": "Point",
				"coordinates": [
					 134.7259,
					 34.2767
				]
			},
			"properties": {
				"name": "JA/HG-263(南遍寺山(三角点))",
				"読み":"Nanhenjiyama",
				"標高":"274m 1pt ",
				"GL":"PM74ig",
				"市郡区":"C#2725 ",
				"登山日":"",
				"メモ":"",
				"_markerType": "Icon",
				"_iconUrl": "https://maps.gsi.go.jp/portal/sys/v4/symbols/826.png",
				"_iconSize": [
					16,
					16
				],
				"_iconAnchor": [
					8,
					8
				]
			}
		},
		{
			"type": "Feature",
			"geometry": {
				"type": "Point",
				"coordinates": [
					 134.5119,
					 34.7768
				]
			},
			"properties": {
				"name": "JA/HG-264(嫦娥山)",
				"読み":"Jyougayama",
				"標高":"265m 1pt ",
				"GL":"PM74gs",
				"市郡区":"C#2730 ",
				"登山日":"",
				"メモ":"",
				"_markerType": "Icon",
				"_iconUrl": "https://maps.gsi.go.jp/portal/sys/v4/symbols/826.png",
				"_iconSize": [
					16,
					16
				],
				"_iconAnchor": [
					8,
					8
				]
			}
		},
		{
			"type": "Feature",
			"geometry": {
				"type": "Point",
				"coordinates": [
					 134.8317,
					 35.6231
				]
			},
			"properties": {
				"name": "JA/HG-265(点262)",
				"読み":"P262",
				"標高":"262m 1pt ",
				"GL":"PM75jo",
				"市郡区":"C#2710 ",
				"登山日":"",
				"メモ":"",
				"_markerType": "Icon",
				"_iconUrl": "https://maps.gsi.go.jp/portal/sys/v4/symbols/826.png",
				"_iconSize": [
					16,
					16
				],
				"_iconAnchor": [
					8,
					8
				]
			}
		},
		{
			"type": "Feature",
			"geometry": {
				"type": "Point",
				"coordinates": [
					 134.7991,
					 34.9415
				]
			},
			"properties": {
				"name": "JA/HG-266(八千種山（三角点近傍）)",
				"読み":"Yachigusayama",
				"標高":"260m 1pt ",
				"GL":"PM74jw",
				"市郡区":"G#27011C / C#2721 ",
				"登山日":"",
				"メモ":"",
				"_markerType": "Icon",
				"_iconUrl": "https://maps.gsi.go.jp/portal/sys/v4/symbols/826.png",
				"_iconSize": [
					16,
					16
				],
				"_iconAnchor": [
					8,
					8
				]
			}
		},
		{
			"type": "Feature",
			"geometry": {
				"type": "Point",
				"coordinates": [
					 134.3358,
					 34.8523
				]
			},
			"properties": {
				"name": "JA/HG-267(天王山(三角点))",
				"読み":"Tennouzan",
				"標高":"260m 1pt ",
				"GL":"PM74eu",
				"市郡区":"G#27001A / C#2713 ",
				"登山日":"",
				"メモ":"",
				"_markerType": "Icon",
				"_iconUrl": "https://maps.gsi.go.jp/portal/sys/v4/symbols/826.png",
				"_iconSize": [
					16,
					16
				],
				"_iconAnchor": [
					8,
					8
				]
			}
		},
		{
			"type": "Feature",
			"geometry": {
				"type": "Point",
				"coordinates": [
					 134.5959,
					 34.8782
				]
			},
			"properties": {
				"name": "JA/HG-268(点260)",
				"読み":"P260",
				"標高":"260m 1pt ",
				"GL":"PM74hv",
				"市郡区":"C#2730 / C#2702 ",
				"登山日":"",
				"メモ":"",
				"_markerType": "Icon",
				"_iconUrl": "https://maps.gsi.go.jp/portal/sys/v4/symbols/826.png",
				"_iconSize": [
					16,
					16
				],
				"_iconAnchor": [
					8,
					8
				]
			}
		},
		{
			"type": "Feature",
			"geometry": {
				"type": "Point",
				"coordinates": [
					 134.8312,
					 34.8785
				]
			},
			"properties": {
				"name": "JA/HG-269(善防山)",
				"読み":"Zenbouyama",
				"標高":"251m 1pt ",
				"GL":"PM74jv",
				"市郡区":"C#2721 ",
				"登山日":"",
				"メモ":"",
				"_markerType": "Icon",
				"_iconUrl": "https://maps.gsi.go.jp/portal/sys/v4/symbols/826.png",
				"_iconSize": [
					16,
					16
				],
				"_iconAnchor": [
					8,
					8
				]
			}
		},
		{
			"type": "Feature",
			"geometry": {
				"type": "Point",
				"coordinates": [
					 134.7177,
					 34.3023
				]
			},
			"properties": {
				"name": "JA/HG-270(点250)",
				"読み":"P250",
				"標高":"250m 1pt ",
				"GL":"PM74ih",
				"市郡区":"C#2725 ",
				"登山日":"",
				"メモ":"",
				"_markerType": "Icon",
				"_iconUrl": "https://maps.gsi.go.jp/portal/sys/v4/symbols/826.png",
				"_iconSize": [
					16,
					16
				],
				"_iconAnchor": [
					8,
					8
				]
			}
		},
		{
			"type": "Feature",
			"geometry": {
				"type": "Point",
				"coordinates": [
					 134.807,
					 34.8621
				]
			},
			"properties": {
				"name": "JA/HG-271(点250)",
				"読み":"P250",
				"標高":"250m 1pt ",
				"GL":"PM74ju",
				"市郡区":"C#2711 / C#2702 ",
				"登山日":"",
				"メモ":"",
				"_markerType": "Icon",
				"_iconUrl": "https://maps.gsi.go.jp/portal/sys/v4/symbols/826.png",
				"_iconSize": [
					16,
					16
				],
				"_iconAnchor": [
					8,
					8
				]
			}
		},
		{
			"type": "Feature",
			"geometry": {
				"type": "Point",
				"coordinates": [
					 134.6117,
					 34.8402
				]
			},
			"properties": {
				"name": "JA/HG-272(城山)",
				"読み":"Shiroyama",
				"標高":"250m 1pt ",
				"GL":"PM74hu",
				"市郡区":"G#27005D ",
				"登山日":"",
				"メモ":"",
				"_markerType": "Icon",
				"_iconUrl": "https://maps.gsi.go.jp/portal/sys/v4/symbols/826.png",
				"_iconSize": [
					16,
					16
				],
				"_iconAnchor": [
					8,
					8
				]
			}
		},
		{
			"type": "Feature",
			"geometry": {
				"type": "Point",
				"coordinates": [
					 134.6764,
					 34.3005
				]
			},
			"properties": {
				"name": "JA/HG-273(阿那賀(三角点))",
				"読み":"Anaga",
				"標高":"249m 1pt ",
				"GL":"PM74ih",
				"市郡区":"C#2725 ",
				"登山日":"",
				"メモ":"",
				"_markerType": "Icon",
				"_iconUrl": "https://maps.gsi.go.jp/portal/sys/v4/symbols/826.png",
				"_iconSize": [
					16,
					16
				],
				"_iconAnchor": [
					8,
					8
				]
			}
		},
		{
			"type": "Feature",
			"geometry": {
				"type": "Point",
				"coordinates": [
					 134.4622,
					 35.6333
				]
			},
			"properties": {
				"name": "JA/HG-274(観音山)",
				"読み":"Kannonyama",
				"標高":"245m 1pt ",
				"GL":"PM75fp",
				"市郡区":"G#27020F ",
				"登山日":"",
				"メモ":"",
				"_markerType": "Icon",
				"_iconUrl": "https://maps.gsi.go.jp/portal/sys/v4/symbols/826.png",
				"_iconSize": [
					16,
					16
				],
				"_iconAnchor": [
					8,
					8
				]
			}
		},
		{
			"type": "Feature",
			"geometry": {
				"type": "Point",
				"coordinates": [
					 134.7982,
					 34.8544
				]
			},
			"properties": {
				"name": "JA/HG-275(野深(三角点))",
				"読み":"Nobuka",
				"標高":"243m 1pt ",
				"GL":"PM74ju",
				"市郡区":"C#2702 ",
				"登山日":"",
				"メモ":"",
				"_markerType": "Icon",
				"_iconUrl": "https://maps.gsi.go.jp/portal/sys/v4/symbols/826.png",
				"_iconSize": [
					16,
					16
				],
				"_iconAnchor": [
					8,
					8
				]
			}
		},
		{
			"type": "Feature",
			"geometry": {
				"type": "Point",
				"coordinates": [
					 134.8078,
					 34.3182
				]
			},
			"properties": {
				"name": "JA/HG-276(点233)",
				"読み":"P233",
				"標高":"233m 1pt ",
				"GL":"PM74jh",
				"市郡区":"C#2725 ",
				"登山日":"",
				"メモ":"",
				"_markerType": "Icon",
				"_iconUrl": "https://maps.gsi.go.jp/portal/sys/v4/symbols/826.png",
				"_iconSize": [
					16,
					16
				],
				"_iconAnchor": [
					8,
					8
				]
			}
		},
		{
			"type": "Feature",
			"geometry": {
				"type": "Point",
				"coordinates": [
					 134.884,
					 34.3643
				]
			},
			"properties": {
				"name": "JA/HG-277(宇山(三角点))",
				"読み":"Uyama",
				"標高":"233m 1pt ",
				"GL":"PM74ki",
				"市郡区":"C#2706 ",
				"登山日":"",
				"メモ":"",
				"_markerType": "Icon",
				"_iconUrl": "https://maps.gsi.go.jp/portal/sys/v4/symbols/826.png",
				"_iconSize": [
					16,
					16
				],
				"_iconAnchor": [
					8,
					8
				]
			}
		},
		{
			"type": "Feature",
			"geometry": {
				"type": "Point",
				"coordinates": [
					 134.3235,
					 34.8691
				]
			},
			"properties": {
				"name": "JA/HG-278(井谷(三角点))",
				"読み":"Idani",
				"標高":"231m 1pt ",
				"GL":"PM74du",
				"市郡区":"G#27001A ",
				"登山日":"",
				"メモ":"",
				"_markerType": "Icon",
				"_iconUrl": "https://maps.gsi.go.jp/portal/sys/v4/symbols/826.png",
				"_iconSize": [
					16,
					16
				],
				"_iconAnchor": [
					8,
					8
				]
			}
		},
		{
			"type": "Feature",
			"geometry": {
				"type": "Point",
				"coordinates": [
					 134.5953,
					 34.8975
				]
			},
			"properties": {
				"name": "JA/HG-279(川原垣内(三角点))",
				"読み":"Kawaragaichi",
				"標高":"228m 1pt ",
				"GL":"PM74hv",
				"市郡区":"C#2730 / C#2702 ",
				"登山日":"",
				"メモ":"",
				"_markerType": "Icon",
				"_iconUrl": "https://maps.gsi.go.jp/portal/sys/v4/symbols/826.png",
				"_iconSize": [
					16,
					16
				],
				"_iconAnchor": [
					8,
					8
				]
			}
		},
		{
			"type": "Feature",
			"geometry": {
				"type": "Point",
				"coordinates": [
					 134.5606,
					 34.8727
				]
			},
			"properties": {
				"name": "JA/HG-280(片山(三角点))",
				"読み":"Katayama",
				"標高":"227m 1pt ",
				"GL":"PM74gu",
				"市郡区":"C#2730 ",
				"登山日":"",
				"メモ":"",
				"_markerType": "Icon",
				"_iconUrl": "https://maps.gsi.go.jp/portal/sys/v4/symbols/826.png",
				"_iconSize": [
					16,
					16
				],
				"_iconAnchor": [
					8,
					8
				]
			}
		},
		{
			"type": "Feature",
			"geometry": {
				"type": "Point",
				"coordinates": [
					 134.6909,
					 35.6627
				]
			},
			"properties": {
				"name": "JA/HG-281(柴山(三角点))",
				"読み":"Shibayama",
				"標高":"223m 1pt ",
				"GL":"PM75ip",
				"市郡区":"G#27020E ",
				"登山日":"",
				"メモ":"",
				"_markerType": "Icon",
				"_iconUrl": "https://maps.gsi.go.jp/portal/sys/v4/symbols/826.png",
				"_iconSize": [
					16,
					16
				],
				"_iconAnchor": [
					8,
					8
				]
			}
		},
		{
			"type": "Feature",
			"geometry": {
				"type": "Point",
				"coordinates": [
					 134.8667,
					 34.8489
				]
			},
			"properties": {
				"name": "JA/HG-282(経納(三角点))",
				"読み":"Kyonou",
				"標高":"220m 1pt ",
				"GL":"PM74ku",
				"市郡区":"C#2721 ",
				"登山日":"",
				"メモ":"",
				"_markerType": "Icon",
				"_iconUrl": "https://maps.gsi.go.jp/portal/sys/v4/symbols/826.png",
				"_iconSize": [
					16,
					16
				],
				"_iconAnchor": [
					8,
					8
				]
			}
		},
		{
			"type": "Feature",
			"geometry": {
				"type": "Point",
				"coordinates": [
					 134.8489,
					 34.8053
				]
			},
			"properties": {
				"name": "JA/HG-283(飯盛山)",
				"読み":"Iimoriyama",
				"標高":"216m 1pt ",
				"GL":"PM74kt",
				"市郡区":"C#2711 ",
				"登山日":"",
				"メモ":"",
				"_markerType": "Icon",
				"_iconUrl": "https://maps.gsi.go.jp/portal/sys/v4/symbols/826.png",
				"_iconSize": [
					16,
					16
				],
				"_iconAnchor": [
					8,
					8
				]
			}
		},
		{
			"type": "Feature",
			"geometry": {
				"type": "Point",
				"coordinates": [
					 134.6167,
					 34.8174
				]
			},
			"properties": {
				"name": "JA/HG-284(京見山)",
				"読み":"Kyoumiyama",
				"標高":"215m 1pt ",
				"GL":"PM74ht",
				"市郡区":"C#2702 / G#27005D ",
				"登山日":"",
				"メモ":"",
				"_markerType": "Icon",
				"_iconUrl": "https://maps.gsi.go.jp/portal/sys/v4/symbols/826.png",
				"_iconSize": [
					16,
					16
				],
				"_iconAnchor": [
					8,
					8
				]
			}
		},
		{
			"type": "Feature",
			"geometry": {
				"type": "Point",
				"coordinates": [
					 134.635,
					 34.8561
				]
			},
			"properties": {
				"name": "JA/HG-285(遠山(三角点))",
				"読み":"Touyama",
				"標高":"213m 1pt ",
				"GL":"PM74hu",
				"市郡区":"C#2702 ",
				"登山日":"",
				"メモ":"",
				"_markerType": "Icon",
				"_iconUrl": "https://maps.gsi.go.jp/portal/sys/v4/symbols/826.png",
				"_iconSize": [
					16,
					16
				],
				"_iconAnchor": [
					8,
					8
				]
			}
		},
		{
			"type": "Feature",
			"geometry": {
				"type": "Point",
				"coordinates": [
					 134.4219,
					 34.7479
				]
			},
			"properties": {
				"name": "JA/HG-286(尾崎(三角点))",
				"読み":"Ozaki",
				"標高":"209m 1pt ",
				"GL":"PM74fr",
				"市郡区":"C#2713 ",
				"登山日":"",
				"メモ":"",
				"_markerType": "Icon",
				"_iconUrl": "https://maps.gsi.go.jp/portal/sys/v4/symbols/826.png",
				"_iconSize": [
					16,
					16
				],
				"_iconAnchor": [
					8,
					8
				]
			}
		},
		{
			"type": "Feature",
			"geometry": {
				"type": "Point",
				"coordinates": [
					 134.6516,
					 34.8352
				]
			},
			"properties": {
				"name": "JA/HG-287(籾取(三角点))",
				"読み":"Momitori",
				"標高":"200m 1pt ",
				"GL":"PM74hu",
				"市郡区":"C#2702 / C#2702 ",
				"登山日":"",
				"メモ":"",
				"_markerType": "Icon",
				"_iconUrl": "https://maps.gsi.go.jp/portal/sys/v4/symbols/826.png",
				"_iconSize": [
					16,
					16
				],
				"_iconAnchor": [
					8,
					8
				]
			}
		},
		{
			"type": "Feature",
			"geometry": {
				"type": "Point",
				"coordinates": [
					 134.4373,
					 35.6314
				]
			},
			"properties": {
				"name": "JA/HG-288(点174)",
				"読み":"P174",
				"標高":"190m 1pt ",
				"GL":"PM75fp",
				"市郡区":"G#27020F ",
				"登山日":"",
				"メモ":"",
				"_markerType": "Icon",
				"_iconUrl": "https://maps.gsi.go.jp/portal/sys/v4/symbols/826.png",
				"_iconSize": [
					16,
					16
				],
				"_iconAnchor": [
					8,
					8
				]
			}
		},
		{
			"type": "Feature",
			"geometry": {
				"type": "Point",
				"coordinates": [
					 134.7107,
					 34.8063
				]
			},
			"properties": {
				"name": "JA/HG-289(仁寿山)",
				"読み":"Jinjyuzan",
				"標高":"174m 1pt ",
				"GL":"PM74it",
				"市郡区":"C#2702 ",
				"登山日":"",
				"メモ":"",
				"_markerType": "Icon",
				"_iconUrl": "https://maps.gsi.go.jp/portal/sys/v4/symbols/826.png",
				"_iconSize": [
					16,
					16
				],
				"_iconAnchor": [
					8,
					8
				]
			}
		},
		{
			"type": "Feature",
			"geometry": {
				"type": "Point",
				"coordinates": [
					 134.7397,
					 34.8053
				]
			},
			"properties": {
				"name": "JA/HG-290(南山)",
				"読み":"Minamiyama",
				"標高":"166m 1pt ",
				"GL":"PM74it",
				"市郡区":"C#2702 ",
				"登山日":"",
				"メモ":"",
				"_markerType": "Icon",
				"_iconUrl": "https://maps.gsi.go.jp/portal/sys/v4/symbols/826.png",
				"_iconSize": [
					16,
					16
				],
				"_iconAnchor": [
					8,
					8
				]
			}
		},
		{
			"type": "Feature",
			"geometry": {
				"type": "Point",
				"coordinates": [
					 134.8341,
					 35.6535
				]
			},
			"properties": {
				"name": "JA/HG-291(津居山)",
				"読み":"Tsuiyama",
				"標高":"159m 1pt ",
				"GL":"PM75kp",
				"市郡区":"C#2710 ",
				"登山日":"",
				"メモ":"",
				"_markerType": "Icon",
				"_iconUrl": "https://maps.gsi.go.jp/portal/sys/v4/symbols/826.png",
				"_iconSize": [
					16,
					16
				],
				"_iconAnchor": [
					8,
					8
				]
			}
		},
		{
			"type": "Feature",
			"geometry": {
				"type": "Point",
				"coordinates": [
					 134.5987,
					 34.8509
				]
			},
			"properties": {
				"name": "JA/HG-292(馬山)",
				"読み":"Umayama",
				"標高":"174m 1pt ",
				"GL":"PM74hu",
				"市郡区":"G#27005D ",
				"登山日":"",
				"メモ":"",
				"_markerType": "Icon",
				"_iconUrl": "https://maps.gsi.go.jp/portal/sys/v4/symbols/826.png",
				"_iconSize": [
					16,
					16
				],
				"_iconAnchor": [
					8,
					8
				]
			}
		},
		{
			"type": "Feature",
			"geometry": {
				"type": "Point",
				"coordinates": [
					 135.8237,
					 35.2374
				]
			},
			"properties": {
				"name": "JA/KT-001(峰床山)",
				"読み":"Minetokoyama",
				"標高":"970m 6pt ",
				"GL":"PM75vf",
				"市郡区":"C#220103 ",
				"登山日":"",
				"メモ":"",
				"_markerType": "Icon",
				"_iconUrl": "https://maps.gsi.go.jp/portal/sys/v4/symbols/103.png",
				"_iconSize": [
					16,
					16
				],
				"_iconAnchor": [
					8,
					8
				]
			}
		},
		{
			"type": "Feature",
			"geometry": {
				"type": "Point",
				"coordinates": [
					 135.7939,
					 35.3207
				]
			},
			"properties": {
				"name": "JA/KT-002(三国岳)",
				"読み":"Mikunidake",
				"標高":"959m 6pt ",
				"GL":"PM75vh",
				"市郡区":"C#2214 / C#2312 ",
				"登山日":"",
				"メモ":"",
				"_markerType": "Icon",
				"_iconUrl": "https://maps.gsi.go.jp/portal/sys/v4/symbols/103.png",
				"_iconSize": [
					16,
					16
				],
				"_iconAnchor": [
					8,
					8
				]
			}
		},
		{
			"type": "Feature",
			"geometry": {
				"type": "Point",
				"coordinates": [
					 135.6235,
					 35.0754
				]
			},
			"properties": {
				"name": "JA/KT-003(地蔵山)",
				"読み":"Jizouyama",
				"標高":"947m 6pt ",
				"GL":"PM75tb",
				"市郡区":"C#220108 ",
				"登山日":"",
				"メモ":"",
				"_markerType": "Icon",
				"_iconUrl": "https://maps.gsi.go.jp/portal/sys/v4/symbols/103.png",
				"_iconSize": [
					16,
					16
				],
				"_iconAnchor": [
					8,
					8
				]
			}
		},
		{
			"type": "Feature",
			"geometry": {
				"type": "Point",
				"coordinates": [
					 135.743,
					 35.3249
				]
			},
			"properties": {
				"name": "JA/KT-004(ブナノキ峠)",
				"読み":"Bunanokitouge",
				"標高":"939m 6pt ",
				"GL":"PM75uh",
				"市郡区":"C#2214 ",
				"登山日":"",
				"メモ":"",
				"_markerType": "Icon",
				"_iconUrl": "https://maps.gsi.go.jp/portal/sys/v4/symbols/103.png",
				"_iconSize": [
					16,
					16
				],
				"_iconAnchor": [
					8,
					8
				]
			}
		},
		{
			"type": "Feature",
			"geometry": {
				"type": "Point",
				"coordinates": [
					 135.7943,
					 35.2541
				]
			},
			"properties": {
				"name": "JA/KT-005(桑谷山(東峰))",
				"読み":"Kuwataniyama",
				"標高":"930m 6pt ",
				"GL":"PM75vg",
				"市郡区":"C#220103 ",
				"登山日":"",
				"メモ":"",
				"_markerType": "Icon",
				"_iconUrl": "https://maps.gsi.go.jp/portal/sys/v4/symbols/103.png",
				"_iconSize": [
					16,
					16
				],
				"_iconAnchor": [
					8,
					8
				]
			}
		},
		{
			"type": "Feature",
			"geometry": {
				"type": "Point",
				"coordinates": [
					 135.474,
					 35.3032
				]
			},
			"properties": {
				"name": "JA/KT-006(長老ヶ岳)",
				"読み":"Chyourougadake",
				"標高":"917m 6pt ",
				"GL":"PM75rh",
				"市郡区":"C#2214 / G#22012G ",
				"登山日":"",
				"メモ":"",
				"_markerType": "Icon",
				"_iconUrl": "https://maps.gsi.go.jp/portal/sys/v4/symbols/103.png",
				"_iconSize": [
					16,
					16
				],
				"_iconAnchor": [
					8,
					8
				]
			}
		},
		{
			"type": "Feature",
			"geometry": {
				"type": "Point",
				"coordinates": [
					 135.7647,
					 35.1784
				]
			},
			"properties": {
				"name": "JA/KT-007(雲取山)",
				"読み":"Kumotoriyama",
				"標高":"911m 6pt ",
				"GL":"PM75ve",
				"市郡区":"C#220108 ",
				"登山日":"",
				"メモ":"",
				"_markerType": "Icon",
				"_iconUrl": "https://maps.gsi.go.jp/portal/sys/v4/symbols/103.png",
				"_iconSize": [
					16,
					16
				],
				"_iconAnchor": [
					8,
					8
				]
			}
		},
		{
			"type": "Feature",
			"geometry": {
				"type": "Point",
				"coordinates": [
					 135.5027,
					 35.3252
				]
			},
			"properties": {
				"name": "JA/KT-008(地蔵杉(三角点))",
				"読み":"Jizousugi",
				"標高":"899m 6pt ",
				"GL":"PM75sh",
				"市郡区":"G#22012G / C#2214 ",
				"登山日":"",
				"メモ":"",
				"_markerType": "Icon",
				"_iconUrl": "https://maps.gsi.go.jp/portal/sys/v4/symbols/103.png",
				"_iconSize": [
					16,
					16
				],
				"_iconAnchor": [
					8,
					8
				]
			}
		},
		{
			"type": "Feature",
			"geometry": {
				"type": "Point",
				"coordinates": [
					 135.7172,
					 35.1592
				]
			},
			"properties": {
				"name": "JA/KT-009(桟敷ヶ岳)",
				"読み":"Sajikigadake",
				"標高":"896m 6pt ",
				"GL":"PM75ud",
				"市郡区":"C#220101 ",
				"登山日":"",
				"メモ":"",
				"_markerType": "Icon",
				"_iconUrl": "https://maps.gsi.go.jp/portal/sys/v4/symbols/103.png",
				"_iconSize": [
					16,
					16
				],
				"_iconAnchor": [
					8,
					8
				]
			}
		},
		{
			"type": "Feature",
			"geometry": {
				"type": "Point",
				"coordinates": [
					 135.5344,
					 35.3774
				]
			},
			"properties": {
				"name": "JA/KT-010(頭巾山)",
				"読み":"Toukinzan",
				"標高":"871m 6pt ",
				"GL":"PM75sj",
				"市郡区":"C#2214 / C#2204 / G#29003C",
				"登山日":"",
				"メモ":"",
				"_markerType": "Icon",
				"_iconUrl": "https://maps.gsi.go.jp/portal/sys/v4/symbols/103.png",
				"_iconSize": [
					16,
					16
				],
				"_iconAnchor": [
					8,
					8
				]
			}
		},
		{
			"type": "Feature",
			"geometry": {
				"type": "Point",
				"coordinates": [
					 135.0577,
					 35.3941
				]
			},
			"properties": {
				"name": "JA/KT-011(三岳山)",
				"読み":"Mitakesan",
				"標高":"839m 4pt ",
				"GL":"PM75mj",
				"市郡区":"C#2202 ",
				"登山日":"",
				"メモ":"",
				"_markerType": "Icon",
				"_iconUrl": "https://maps.gsi.go.jp/portal/sys/v4/symbols/828.png",
				"_iconSize": [
					16,
					16
				],
				"_iconAnchor": [
					8,
					8
				]
			}
		},
		{
			"type": "Feature",
			"geometry": {
				"type": "Point",
				"coordinates": [
					 135.1066,
					 35.4535
				]
			},
			"properties": {
				"name": "JA/KT-012(大江山(千丈ヶ嶽))",
				"読み":"Ooeyama/Senjyougatake",
				"標高":"832m 4pt ",
				"GL":"PM75nk",
				"市郡区":"C#2202 / G#22014E ",
				"登山日":"",
				"メモ":"",
				"_markerType": "Icon",
				"_iconUrl": "https://maps.gsi.go.jp/portal/sys/v4/symbols/828.png",
				"_iconSize": [
					16,
					16
				],
				"_iconAnchor": [
					8,
					8
				]
			}
		},
		{
			"type": "Feature",
			"geometry": {
				"type": "Point",
				"coordinates": [
					 135.6787,
					 35.3021
				]
			},
			"properties": {
				"name": "JA/KT-013(オークラノ尾)",
				"読み":"Ookuranoo",
				"標高":"826m 4pt ",
				"GL":"PM75uh",
				"市郡区":"C#2214 ",
				"登山日":"",
				"メモ":"",
				"_markerType": "Icon",
				"_iconUrl": "https://maps.gsi.go.jp/portal/sys/v4/symbols/828.png",
				"_iconSize": [
					16,
					16
				],
				"_iconAnchor": [
					8,
					8
				]
			}
		},
		{
			"type": "Feature",
			"geometry": {
				"type": "Point",
				"coordinates": [
					 135.3773,
					 35.0418
				]
			},
			"properties": {
				"name": "JA/KT-014(深山)",
				"読み":"Miyama",
				"標高":"791m 4pt ",
				"GL":"PM75qb",
				"市郡区":"C#2214 / G#25004B ",
				"登山日":"",
				"メモ":"",
				"_markerType": "Icon",
				"_iconUrl": "https://maps.gsi.go.jp/portal/sys/v4/symbols/828.png",
				"_iconSize": [
					16,
					16
				],
				"_iconAnchor": [
					8,
					8
				]
			}
		},
		{
			"type": "Feature",
			"geometry": {
				"type": "Point",
				"coordinates": [
					 134.9634,
					 35.3998
				]
			},
			"properties": {
				"name": "JA/KT-015(深山)",
				"読み":"Miyama",
				"標高":"780m 4pt ",
				"GL":"PM75lj",
				"市郡区":"C#2202 ",
				"登山日":"",
				"メモ":"",
				"_markerType": "Icon",
				"_iconUrl": "https://maps.gsi.go.jp/portal/sys/v4/symbols/828.png",
				"_iconSize": [
					16,
					16
				],
				"_iconAnchor": [
					8,
					8
				]
			}
		},
		{
			"type": "Feature",
			"geometry": {
				"type": "Point",
				"coordinates": [
					 135.6071,
					 35.3335
				]
			},
			"properties": {
				"name": "JA/KT-016(鉢ヶ峰)",
				"読み":"Hachigamine",
				"標高":"779m 4pt ",
				"GL":"PM75ti",
				"市郡区":"C#2214 ",
				"登山日":"",
				"メモ":"",
				"_markerType": "Icon",
				"_iconUrl": "https://maps.gsi.go.jp/portal/sys/v4/symbols/828.png",
				"_iconSize": [
					16,
					16
				],
				"_iconAnchor": [
					8,
					8
				]
			}
		},
		{
			"type": "Feature",
			"geometry": {
				"type": "Point",
				"coordinates": [
					 135.4515,
					 35.03
				]
			},
			"properties": {
				"name": "JA/KT-017(半国山)",
				"読み":"Hangokusan",
				"標高":"774m 4pt ",
				"GL":"PM75ra",
				"市郡区":"C#2207 ",
				"登山日":"",
				"メモ":"",
				"_markerType": "Icon",
				"_iconUrl": "https://maps.gsi.go.jp/portal/sys/v4/symbols/828.png",
				"_iconSize": [
					16,
					16
				],
				"_iconAnchor": [
					8,
					8
				]
			}
		},
		{
			"type": "Feature",
			"geometry": {
				"type": "Point",
				"coordinates": [
					 135.7613,
					 35.2254
				]
			},
			"properties": {
				"name": "JA/KT-018(湯槽山(片波山))",
				"読み":"Yubunezan(Katanamiyama)",
				"標高":"763m 4pt ",
				"GL":"PM75vf",
				"市郡区":"C#220108 / C#220103 ",
				"登山日":"",
				"メモ":"",
				"_markerType": "Icon",
				"_iconUrl": "https://maps.gsi.go.jp/portal/sys/v4/symbols/828.png",
				"_iconSize": [
					16,
					16
				],
				"_iconAnchor": [
					8,
					8
				]
			}
		},
		{
			"type": "Feature",
			"geometry": {
				"type": "Point",
				"coordinates": [
					 135.5194,
					 35.2479
				]
			},
			"properties": {
				"name": "JA/KT-019(大岩山)",
				"読み":"Ooiwayama",
				"標高":"758m 4pt ",
				"GL":"PM75sf",
				"市郡区":"C#2214 ",
				"登山日":"",
				"メモ":"",
				"_markerType": "Icon",
				"_iconUrl": "https://maps.gsi.go.jp/portal/sys/v4/symbols/828.png",
				"_iconSize": [
					16,
					16
				],
				"_iconAnchor": [
					8,
					8
				]
			}
		},
		{
			"type": "Feature",
			"geometry": {
				"type": "Point",
				"coordinates": [
					 135.0855,
					 35.4444
				]
			},
			"properties": {
				"name": "JA/KT-020(赤石ケ岳)",
				"読み":"Akaishigatake",
				"標高":"736m 4pt ",
				"GL":"PM75nk",
				"市郡区":"G#22014E / C#2202 ",
				"登山日":"",
				"メモ":"",
				"_markerType": "Icon",
				"_iconUrl": "https://maps.gsi.go.jp/portal/sys/v4/symbols/828.png",
				"_iconSize": [
					16,
					16
				],
				"_iconAnchor": [
					8,
					8
				]
			}
		},
		{
			"type": "Feature",
			"geometry": {
				"type": "Point",
				"coordinates": [
					 134.9923,
					 35.3736
				]
			},
			"properties": {
				"name": "JA/KT-021(居母山)",
				"読み":"Imoyama",
				"標高":"731m 4pt ",
				"GL":"PM75li",
				"市郡区":"C#2202 ",
				"登山日":"",
				"メモ":"",
				"_markerType": "Icon",
				"_iconUrl": "https://maps.gsi.go.jp/portal/sys/v4/symbols/828.png",
				"_iconSize": [
					16,
					16
				],
				"_iconAnchor": [
					8,
					8
				]
			}
		},
		{
			"type": "Feature",
			"geometry": {
				"type": "Point",
				"coordinates": [
					 135.05,
					 35.451
				]
			},
			"properties": {
				"name": "JA/KT-022(江笠山)",
				"読み":"Egasayama",
				"標高":"728m 4pt ",
				"GL":"PM75mk",
				"市郡区":"C#2710 / G#22014E / C#2202",
				"登山日":"",
				"メモ":"",
				"_markerType": "Icon",
				"_iconUrl": "https://maps.gsi.go.jp/portal/sys/v4/symbols/828.png",
				"_iconSize": [
					16,
					16
				],
				"_iconAnchor": [
					8,
					8
				]
			}
		},
		{
			"type": "Feature",
			"geometry": {
				"type": "Point",
				"coordinates": [
					 135.8177,
					 35.1365
				]
			},
			"properties": {
				"name": "JA/KT-023(焼杉山)",
				"読み":"Yakisugiyama",
				"標高":"717m 4pt ",
				"GL":"PM75vd",
				"市郡区":"C#220103 ",
				"登山日":"",
				"メモ":"",
				"_markerType": "Icon",
				"_iconUrl": "https://maps.gsi.go.jp/portal/sys/v4/symbols/828.png",
				"_iconSize": [
					16,
					16
				],
				"_iconAnchor": [
					8,
					8
				]
			}
		},
		{
			"type": "Feature",
			"geometry": {
				"type": "Point",
				"coordinates": [
					 135.1298,
					 35.4479
				]
			},
			"properties": {
				"name": "JA/KT-024(空山)",
				"読み":"Sorayama",
				"標高":"717m 4pt ",
				"GL":"PM75nk",
				"市郡区":"C#2202 ",
				"登山日":"",
				"メモ":"",
				"_markerType": "Icon",
				"_iconUrl": "https://maps.gsi.go.jp/portal/sys/v4/symbols/828.png",
				"_iconSize": [
					16,
					16
				],
				"_iconAnchor": [
					8,
					8
				]
			}
		},
		{
			"type": "Feature",
			"geometry": {
				"type": "Point",
				"coordinates": [
					 135.025,
					 35.3843
				]
			},
			"properties": {
				"name": "JA/KT-025(伏見山)",
				"読み":"Bukumiyama",
				"標高":"710m 4pt ",
				"GL":"PM75mj",
				"市郡区":"C#2202 ",
				"登山日":"",
				"メモ":"",
				"_markerType": "Icon",
				"_iconUrl": "https://maps.gsi.go.jp/portal/sys/v4/symbols/828.png",
				"_iconSize": [
					16,
					16
				],
				"_iconAnchor": [
					8,
					8
				]
			}
		},
		{
			"type": "Feature",
			"geometry": {
				"type": "Point",
				"coordinates": [
					 135.1694,
					 35.6262
				]
			},
			"properties": {
				"name": "JA/KT-026(高山)",
				"読み":"Takayama",
				"標高":"702m 4pt ",
				"GL":"PM75op",
				"市郡区":"C#2213 / C#2206 ",
				"登山日":"",
				"メモ":"",
				"_markerType": "Icon",
				"_iconUrl": "https://maps.gsi.go.jp/portal/sys/v4/symbols/828.png",
				"_iconSize": [
					16,
					16
				],
				"_iconAnchor": [
					8,
					8
				]
			}
		},
		{
			"type": "Feature",
			"geometry": {
				"type": "Point",
				"coordinates": [
					 135.1966,
					 35.4896
				]
			},
			"properties": {
				"name": "JA/KT-027(杉山)",
				"読み":"Sugiyama",
				"標高":"697m 4pt ",
				"GL":"PM75ol",
				"市郡区":"C#2206 ",
				"登山日":"",
				"メモ":"",
				"_markerType": "Icon",
				"_iconUrl": "https://maps.gsi.go.jp/portal/sys/v4/symbols/828.png",
				"_iconSize": [
					16,
					16
				],
				"_iconAnchor": [
					8,
					8
				]
			}
		},
		{
			"type": "Feature",
			"geometry": {
				"type": "Point",
				"coordinates": [
					 135.9244,
					 34.8333
				]
			},
			"properties": {
				"name": "JA/KT-028(点684)",
				"読み":"P684",
				"標高":"684m 4pt ",
				"GL":"PM74xt",
				"市郡区":"G#22010B / G#22008G ",
				"登山日":"",
				"メモ":"",
				"_markerType": "Icon",
				"_iconUrl": "https://maps.gsi.go.jp/portal/sys/v4/symbols/828.png",
				"_iconSize": [
					16,
					16
				],
				"_iconAnchor": [
					8,
					8
				]
			}
		},
		{
			"type": "Feature",
			"geometry": {
				"type": "Point",
				"coordinates": [
					 135.2042,
					 35.6953
				]
			},
			"properties": {
				"name": "JA/KT-029(太鼓山)",
				"読み":"Taikoyama",
				"標高":"683m 4pt ",
				"GL":"PM75oq",
				"市郡区":"C#2213 / G#22014D ",
				"登山日":"",
				"メモ":"",
				"_markerType": "Icon",
				"_iconUrl": "https://maps.gsi.go.jp/portal/sys/v4/symbols/828.png",
				"_iconSize": [
					16,
					16
				],
				"_iconAnchor": [
					8,
					8
				]
			}
		},
		{
			"type": "Feature",
			"geometry": {
				"type": "Point",
				"coordinates": [
					 135.3667,
					 35.2482
				]
			},
			"properties": {
				"name": "JA/KT-030(三峠山)",
				"読み":"Mitokeyama",
				"標高":"668m 4pt ",
				"GL":"PM75qf",
				"市郡区":"G#22012G ",
				"登山日":"",
				"メモ":"",
				"_markerType": "Icon",
				"_iconUrl": "https://maps.gsi.go.jp/portal/sys/v4/symbols/828.png",
				"_iconSize": [
					16,
					16
				],
				"_iconAnchor": [
					8,
					8
				]
			}
		},
		{
			"type": "Feature",
			"geometry": {
				"type": "Point",
				"coordinates": [
					 135.4519,
					 35.4365
				]
			},
			"properties": {
				"name": "JA/KT-031(養老山)",
				"読み":"Yourouyama",
				"標高":"665m 4pt ",
				"GL":"PM75rk",
				"市郡区":"C#2204 / C#2203 ",
				"登山日":"",
				"メモ":"",
				"_markerType": "Icon",
				"_iconUrl": "https://maps.gsi.go.jp/portal/sys/v4/symbols/828.png",
				"_iconSize": [
					16,
					16
				],
				"_iconAnchor": [
					8,
					8
				]
			}
		},
		{
			"type": "Feature",
			"geometry": {
				"type": "Point",
				"coordinates": [
					 135.3781,
					 35.3911
				]
			},
			"properties": {
				"name": "JA/KT-032(弥仙山)",
				"読み":"Misensan",
				"標高":"664m 4pt ",
				"GL":"PM75qj",
				"市郡区":"C#2203 / C#2204 ",
				"登山日":"",
				"メモ":"",
				"_markerType": "Icon",
				"_iconUrl": "https://maps.gsi.go.jp/portal/sys/v4/symbols/828.png",
				"_iconSize": [
					16,
					16
				],
				"_iconAnchor": [
					8,
					8
				]
			}
		},
		{
			"type": "Feature",
			"geometry": {
				"type": "Point",
				"coordinates": [
					 135.0381,
					 35.5485
				]
			},
			"properties": {
				"name": "JA/KT-033(磯砂山)",
				"読み":"Isanagosan",
				"標高":"661m 4pt ",
				"GL":"PM75mn",
				"市郡区":"C#2213 ",
				"登山日":"",
				"メモ":"",
				"_markerType": "Icon",
				"_iconUrl": "https://maps.gsi.go.jp/portal/sys/v4/symbols/828.png",
				"_iconSize": [
					16,
					16
				],
				"_iconAnchor": [
					8,
					8
				]
			}
		},
		{
			"type": "Feature",
			"geometry": {
				"type": "Point",
				"coordinates": [
					 135.0297,
					 35.3558
				]
			},
			"properties": {
				"name": "JA/KT-034(龍ケ城)",
				"読み":"Tatsugajyo",
				"標高":"646m 2pt ",
				"GL":"PM75mi",
				"市郡区":"C#2202 ",
				"登山日":"",
				"メモ":"",
				"_markerType": "Icon",
				"_iconUrl": "https://maps.gsi.go.jp/portal/sys/v4/symbols/102.png",
				"_iconSize": [
					16,
					16
				],
				"_iconAnchor": [
					8,
					8
				]
			}
		},
		{
			"type": "Feature",
			"geometry": {
				"type": "Point",
				"coordinates": [
					 135.6342,
					 34.9617
				]
			},
			"properties": {
				"name": "JA/KT-035(小塩山)",
				"読み":"Oshioyama",
				"標高":"642m 2pt ",
				"GL":"PM74tx",
				"市郡区":"C#220111 ",
				"登山日":"",
				"メモ":"",
				"_markerType": "Icon",
				"_iconUrl": "https://maps.gsi.go.jp/portal/sys/v4/symbols/102.png",
				"_iconSize": [
					16,
					16
				],
				"_iconAnchor": [
					8,
					8
				]
			}
		},
		{
			"type": "Feature",
			"geometry": {
				"type": "Point",
				"coordinates": [
					 135.2567,
					 35.5075
				]
			},
			"properties": {
				"name": "JA/KT-036(由良ケ岳)",
				"読み":"Yuragatake",
				"標高":"640m 2pt ",
				"GL":"PM75pm",
				"市郡区":"C#2203 / C#2206 ",
				"登山日":"",
				"メモ":"",
				"_markerType": "Icon",
				"_iconUrl": "https://maps.gsi.go.jp/portal/sys/v4/symbols/102.png",
				"_iconSize": [
					16,
					16
				],
				"_iconAnchor": [
					8,
					8
				]
			}
		},
		{
			"type": "Feature",
			"geometry": {
				"type": "Point",
				"coordinates": [
					 135.1033,
					 35.4111
				]
			},
			"properties": {
				"name": "JA/KT-037(天ケ峰)",
				"読み":"Tengamine",
				"標高":"632m 2pt ",
				"GL":"PM75nj",
				"市郡区":"C#2202 ",
				"登山日":"",
				"メモ":"",
				"_markerType": "Icon",
				"_iconUrl": "https://maps.gsi.go.jp/portal/sys/v4/symbols/102.png",
				"_iconSize": [
					16,
					16
				],
				"_iconAnchor": [
					8,
					8
				]
			}
		},
		{
			"type": "Feature",
			"geometry": {
				"type": "Point",
				"coordinates": [
					 135.4209,
					 35.2798
				]
			},
			"properties": {
				"name": "JA/KT-038(篠原(三角点))",
				"読み":"Shinohara",
				"標高":"629m 2pt ",
				"GL":"PM75rg",
				"市郡区":"G#22012G ",
				"登山日":"",
				"メモ":"",
				"_markerType": "Icon",
				"_iconUrl": "https://maps.gsi.go.jp/portal/sys/v4/symbols/102.png",
				"_iconSize": [
					16,
					16
				],
				"_iconAnchor": [
					8,
					8
				]
			}
		},
		{
			"type": "Feature",
			"geometry": {
				"type": "Point",
				"coordinates": [
					 135.5795,
					 35.1174
				]
			},
			"properties": {
				"name": "JA/KT-039(千歳山)",
				"読み":"Chitoseyama",
				"標高":"627m 2pt ",
				"GL":"PM75sc",
				"市郡区":"C#2214 ",
				"登山日":"",
				"メモ":"",
				"_markerType": "Icon",
				"_iconUrl": "https://maps.gsi.go.jp/portal/sys/v4/symbols/102.png",
				"_iconSize": [
					16,
					16
				],
				"_iconAnchor": [
					8,
					8
				]
			}
		},
		{
			"type": "Feature",
			"geometry": {
				"type": "Point",
				"coordinates": [
					 135.5907,
					 35.0762
				]
			},
			"properties": {
				"name": "JA/KT-040(点625)",
				"読み":"P625",
				"標高":"625m 2pt ",
				"GL":"PM75tb",
				"市郡区":"C#220108 / C#2207 ",
				"登山日":"",
				"メモ":"",
				"_markerType": "Icon",
				"_iconUrl": "https://maps.gsi.go.jp/portal/sys/v4/symbols/102.png",
				"_iconSize": [
					16,
					16
				],
				"_iconAnchor": [
					8,
					8
				]
			}
		},
		{
			"type": "Feature",
			"geometry": {
				"type": "Point",
				"coordinates": [
					 135.5285,
					 34.9357
				]
			},
			"properties": {
				"name": "JA/KT-041(湯谷ケ岳)",
				"読み":"Yuuyagatake",
				"標高":"622m 2pt ",
				"GL":"PM74sw",
				"市郡区":"C#2207 ",
				"登山日":"",
				"メモ":"",
				"_markerType": "Icon",
				"_iconUrl": "https://maps.gsi.go.jp/portal/sys/v4/symbols/102.png",
				"_iconSize": [
					16,
					16
				],
				"_iconAnchor": [
					8,
					8
				]
			}
		},
		{
			"type": "Feature",
			"geometry": {
				"type": "Point",
				"coordinates": [
					 135.8592,
					 34.9586
				]
			},
			"properties": {
				"name": "JA/KT-042(西千頭岳)",
				"読み":"Nishisenzudake",
				"標高":"602m 2pt ",
				"GL":"PM74wx",
				"市郡区":"C#220109 ",
				"登山日":"",
				"メモ":"",
				"_markerType": "Icon",
				"_iconUrl": "https://maps.gsi.go.jp/portal/sys/v4/symbols/102.png",
				"_iconSize": [
					16,
					16
				],
				"_iconAnchor": [
					8,
					8
				]
			}
		},
		{
			"type": "Feature",
			"geometry": {
				"type": "Point",
				"coordinates": [
					 135.22,
					 35.7417
				]
			},
			"properties": {
				"name": "JA/KT-043(権現山)",
				"読み":"Gongenyama",
				"標高":"601m 2pt ",
				"GL":"PM75or",
				"市郡区":"G#22014D / C#2213 ",
				"登山日":"",
				"メモ":"",
				"_markerType": "Icon",
				"_iconUrl": "https://maps.gsi.go.jp/portal/sys/v4/symbols/102.png",
				"_iconSize": [
					16,
					16
				],
				"_iconAnchor": [
					8,
					8
				]
			}
		},
		{
			"type": "Feature",
			"geometry": {
				"type": "Point",
				"coordinates": [
					 135.4492,
					 35.4091
				]
			},
			"properties": {
				"name": "JA/KT-044(点592)",
				"読み":"P592",
				"標高":"592m 2pt ",
				"GL":"PM75rj",
				"市郡区":"C#2204 ",
				"登山日":"",
				"メモ":"",
				"_markerType": "Icon",
				"_iconUrl": "https://maps.gsi.go.jp/portal/sys/v4/symbols/102.png",
				"_iconSize": [
					16,
					16
				],
				"_iconAnchor": [
					8,
					8
				]
			}
		},
		{
			"type": "Feature",
			"geometry": {
				"type": "Point",
				"coordinates": [
					 135.699,
					 35.0858
				]
			},
			"properties": {
				"name": "JA/KT-045(点570)",
				"読み":"P570",
				"標高":"570m 2pt ",
				"GL":"PM75uc",
				"市郡区":"C#220101 ",
				"登山日":"",
				"メモ":"",
				"_markerType": "Icon",
				"_iconUrl": "https://maps.gsi.go.jp/portal/sys/v4/symbols/102.png",
				"_iconSize": [
					16,
					16
				],
				"_iconAnchor": [
					8,
					8
				]
			}
		},
		{
			"type": "Feature",
			"geometry": {
				"type": "Point",
				"coordinates": [
					 135.5681,
					 35.1611
				]
			},
			"properties": {
				"name": "JA/KT-046(黒尾山)",
				"読み":"Kurooyama",
				"標高":"569m 2pt ",
				"GL":"PM75sd",
				"市郡区":"C#220108 / C#2214 ",
				"登山日":"",
				"メモ":"",
				"_markerType": "Icon",
				"_iconUrl": "https://maps.gsi.go.jp/portal/sys/v4/symbols/102.png",
				"_iconSize": [
					16,
					16
				],
				"_iconAnchor": [
					8,
					8
				]
			}
		},
		{
			"type": "Feature",
			"geometry": {
				"type": "Point",
				"coordinates": [
					 135.3242,
					 35.2145
				]
			},
			"properties": {
				"name": "JA/KT-047(五条山)",
				"読み":"Gojyoyama",
				"標高":"568m 2pt ",
				"GL":"PM75pf",
				"市郡区":"G#22012G ",
				"登山日":"",
				"メモ":"",
				"_markerType": "Icon",
				"_iconUrl": "https://maps.gsi.go.jp/portal/sys/v4/symbols/102.png",
				"_iconSize": [
					16,
					16
				],
				"_iconAnchor": [
					8,
					8
				]
			}
		},
		{
			"type": "Feature",
			"geometry": {
				"type": "Point",
				"coordinates": [
					 135.3237,
					 35.2313
				]
			},
			"properties": {
				"name": "JA/KT-048(点568)",
				"読み":"P568",
				"標高":"568m 2pt ",
				"GL":"PM75pf",
				"市郡区":"G#22012G ",
				"登山日":"",
				"メモ":"",
				"_markerType": "Icon",
				"_iconUrl": "https://maps.gsi.go.jp/portal/sys/v4/symbols/102.png",
				"_iconSize": [
					16,
					16
				],
				"_iconAnchor": [
					8,
					8
				]
			}
		},
		{
			"type": "Feature",
			"geometry": {
				"type": "Point",
				"coordinates": [
					 135.3447,
					 35.1496
				]
			},
			"properties": {
				"name": "JA/KT-049(西山)",
				"読み":"Nishiyama",
				"標高":"560m 2pt ",
				"GL":"PM75qd",
				"市郡区":"G#22012G ",
				"登山日":"",
				"メモ":"",
				"_markerType": "Icon",
				"_iconUrl": "https://maps.gsi.go.jp/portal/sys/v4/symbols/102.png",
				"_iconSize": [
					16,
					16
				],
				"_iconAnchor": [
					8,
					8
				]
			}
		},
		{
			"type": "Feature",
			"geometry": {
				"type": "Point",
				"coordinates": [
					 135.4255,
					 35.5483
				]
			},
			"properties": {
				"name": "JA/KT-050(空山近傍)",
				"読み":"Near_Sorayama",
				"標高":"560m 2pt ",
				"GL":"PM75rn",
				"市郡区":"C#2203 ",
				"登山日":"",
				"メモ":"",
				"_markerType": "Icon",
				"_iconUrl": "https://maps.gsi.go.jp/portal/sys/v4/symbols/102.png",
				"_iconSize": [
					16,
					16
				],
				"_iconAnchor": [
					8,
					8
				]
			}
		},
		{
			"type": "Feature",
			"geometry": {
				"type": "Point",
				"coordinates": [
					 135.4098,
					 35.058
				]
			},
			"properties": {
				"name": "JA/KT-051(点557)",
				"読み":"P557",
				"標高":"557m 2pt ",
				"GL":"PM75qb",
				"市郡区":"C#2214 ",
				"登山日":"",
				"メモ":"",
				"_markerType": "Icon",
				"_iconUrl": "https://maps.gsi.go.jp/portal/sys/v4/symbols/102.png",
				"_iconSize": [
					16,
					16
				],
				"_iconAnchor": [
					8,
					8
				]
			}
		},
		{
			"type": "Feature",
			"geometry": {
				"type": "Point",
				"coordinates": [
					 135.381,
					 35.5389
				]
			},
			"properties": {
				"name": "JA/KT-052(多称寺山(三角点))",
				"読み":"Tashojiyama",
				"標高":"556m 2pt ",
				"GL":"PM75qm",
				"市郡区":"C#2203 ",
				"登山日":"",
				"メモ":"",
				"_markerType": "Icon",
				"_iconUrl": "https://maps.gsi.go.jp/portal/sys/v4/symbols/102.png",
				"_iconSize": [
					16,
					16
				],
				"_iconAnchor": [
					8,
					8
				]
			}
		},
		{
			"type": "Feature",
			"geometry": {
				"type": "Point",
				"coordinates": [
					 135.5165,
					 34.9852
				]
			},
			"properties": {
				"name": "JA/KT-053(れいせんGC)",
				"読み":"Reisen_Golf_Course/Nr_4th_green",
				"標高":"550m 2pt ",
				"GL":"PM74sx",
				"市郡区":"C#2207 ",
				"登山日":"",
				"メモ":"",
				"_markerType": "Icon",
				"_iconUrl": "https://maps.gsi.go.jp/portal/sys/v4/symbols/102.png",
				"_iconSize": [
					16,
					16
				],
				"_iconAnchor": [
					8,
					8
				]
			}
		},
		{
			"type": "Feature",
			"geometry": {
				"type": "Point",
				"coordinates": [
					 135.3686,
					 35.1475
				]
			},
			"properties": {
				"name": "JA/KT-054(点550)",
				"読み":"P550",
				"標高":"550m 2pt ",
				"GL":"PM75qd",
				"市郡区":"G#22012G ",
				"登山日":"",
				"メモ":"",
				"_markerType": "Icon",
				"_iconUrl": "https://maps.gsi.go.jp/portal/sys/v4/symbols/102.png",
				"_iconSize": [
					16,
					16
				],
				"_iconAnchor": [
					8,
					8
				]
			}
		},
		{
			"type": "Feature",
			"geometry": {
				"type": "Point",
				"coordinates": [
					 135.2332,
					 35.7415
				]
			},
			"properties": {
				"name": "JA/KT-055(船津山)",
				"読み":"Funatsuyama",
				"標高":"548m 2pt ",
				"GL":"PM75or",
				"市郡区":"G#22014D ",
				"登山日":"",
				"メモ":"",
				"_markerType": "Icon",
				"_iconUrl": "https://maps.gsi.go.jp/portal/sys/v4/symbols/102.png",
				"_iconSize": [
					16,
					16
				],
				"_iconAnchor": [
					8,
					8
				]
			}
		},
		{
			"type": "Feature",
			"geometry": {
				"type": "Point",
				"coordinates": [
					 135.007,
					 35.5921
				]
			},
			"properties": {
				"name": "JA/KT-056(久次岳)",
				"読み":"Hisatsugidake",
				"標高":"541m 2pt ",
				"GL":"PM75mo",
				"市郡区":"C#2213 ",
				"登山日":"",
				"メモ":"",
				"_markerType": "Icon",
				"_iconUrl": "https://maps.gsi.go.jp/portal/sys/v4/symbols/102.png",
				"_iconSize": [
					16,
					16
				],
				"_iconAnchor": [
					8,
					8
				]
			}
		},
		{
			"type": "Feature",
			"geometry": {
				"type": "Point",
				"coordinates": [
					 135.1375,
					 35.7341
				]
			},
			"properties": {
				"name": "JA/KT-057(依遅ケ尾山)",
				"読み":"Ichigaosan",
				"標高":"540m 2pt ",
				"GL":"PM75nr",
				"市郡区":"C#2213 ",
				"登山日":"",
				"メモ":"",
				"_markerType": "Icon",
				"_iconUrl": "https://maps.gsi.go.jp/portal/sys/v4/symbols/102.png",
				"_iconSize": [
					16,
					16
				],
				"_iconAnchor": [
					8,
					8
				]
			}
		},
		{
			"type": "Feature",
			"geometry": {
				"type": "Point",
				"coordinates": [
					 135.1423,
					 35.3415
				]
			},
			"properties": {
				"name": "JA/KT-058(鬼ヶ城)",
				"読み":"Onigajyo",
				"標高":"540m 2pt ",
				"GL":"PM75ni",
				"市郡区":"C#2202 ",
				"登山日":"",
				"メモ":"",
				"_markerType": "Icon",
				"_iconUrl": "https://maps.gsi.go.jp/portal/sys/v4/symbols/102.png",
				"_iconSize": [
					16,
					16
				],
				"_iconAnchor": [
					8,
					8
				]
			}
		},
		{
			"type": "Feature",
			"geometry": {
				"type": "Point",
				"coordinates": [
					 135.6137,
					 35.1246
				]
			},
			"properties": {
				"name": "JA/KT-059(尾山(三角点))",
				"読み":"Oyama",
				"標高":"539m 2pt ",
				"GL":"PM75tc",
				"市郡区":"C#220108 ",
				"登山日":"",
				"メモ":"",
				"_markerType": "Icon",
				"_iconUrl": "https://maps.gsi.go.jp/portal/sys/v4/symbols/102.png",
				"_iconSize": [
					16,
					16
				],
				"_iconAnchor": [
					8,
					8
				]
			}
		},
		{
			"type": "Feature",
			"geometry": {
				"type": "Point",
				"coordinates": [
					 135.8098,
					 35.0922
				]
			},
			"properties": {
				"name": "JA/KT-060(瓢箪崩山)",
				"読み":"Hyoutankuzureyama",
				"標高":"532m 2pt ",
				"GL":"PM75vc",
				"市郡区":"C#220103 ",
				"登山日":"",
				"メモ":"",
				"_markerType": "Icon",
				"_iconUrl": "https://maps.gsi.go.jp/portal/sys/v4/symbols/102.png",
				"_iconSize": [
					16,
					16
				],
				"_iconAnchor": [
					8,
					8
				]
			}
		},
		{
			"type": "Feature",
			"geometry": {
				"type": "Point",
				"coordinates": [
					 135.0502,
					 35.4921
				]
			},
			"properties": {
				"name": "JA/KT-061(権現山)",
				"読み":"Gongenyama",
				"標高":"527m 2pt ",
				"GL":"PM75ml",
				"市郡区":"G#22014E ",
				"登山日":"",
				"メモ":"",
				"_markerType": "Icon",
				"_iconUrl": "https://maps.gsi.go.jp/portal/sys/v4/symbols/102.png",
				"_iconSize": [
					16,
					16
				],
				"_iconAnchor": [
					8,
					8
				]
			}
		},
		{
			"type": "Feature",
			"geometry": {
				"type": "Point",
				"coordinates": [
					 135.6913,
					 35.0593
				]
			},
			"properties": {
				"name": "JA/KT-062(点520)",
				"読み":"P520",
				"標高":"520m 2pt ",
				"GL":"PM75ub",
				"市郡区":"C#220108 ",
				"登山日":"",
				"メモ":"",
				"_markerType": "Icon",
				"_iconUrl": "https://maps.gsi.go.jp/portal/sys/v4/symbols/102.png",
				"_iconSize": [
					16,
					16
				],
				"_iconAnchor": [
					8,
					8
				]
			}
		},
		{
			"type": "Feature",
			"geometry": {
				"type": "Point",
				"coordinates": [
					 135.8568,
					 34.8724
				]
			},
			"properties": {
				"name": "JA/KT-063(大峰山)",
				"読み":"Oominesan",
				"標高":"510m 2pt ",
				"GL":"PM74wu",
				"市郡区":"G#22010B ",
				"登山日":"",
				"メモ":"",
				"_markerType": "Icon",
				"_iconUrl": "https://maps.gsi.go.jp/portal/sys/v4/symbols/102.png",
				"_iconSize": [
					16,
					16
				],
				"_iconAnchor": [
					8,
					8
				]
			}
		},
		{
			"type": "Feature",
			"geometry": {
				"type": "Point",
				"coordinates": [
					 135.0627,
					 35.3705
				]
			},
			"properties": {
				"name": "JA/KT-065(一の室(三角点))",
				"読み":"Ichinomuro",
				"標高":"486m 1pt ",
				"GL":"PM75mi",
				"市郡区":"C#2202 ",
				"登山日":"",
				"メモ":"",
				"_markerType": "Icon",
				"_iconUrl": "https://maps.gsi.go.jp/portal/sys/v4/symbols/826.png",
				"_iconSize": [
					16,
					16
				],
				"_iconAnchor": [
					8,
					8
				]
			}
		},
		{
			"type": "Feature",
			"geometry": {
				"type": "Point",
				"coordinates": [
					 135.31,
					 35.5047
				]
			},
			"properties": {
				"name": "JA/KT-066(槙山)",
				"読み":"Makiyama",
				"標高":"483m 1pt ",
				"GL":"PM75pm",
				"市郡区":"C#2203 ",
				"登山日":"",
				"メモ":"",
				"_markerType": "Icon",
				"_iconUrl": "https://maps.gsi.go.jp/portal/sys/v4/symbols/826.png",
				"_iconSize": [
					16,
					16
				],
				"_iconAnchor": [
					8,
					8
				]
			}
		},
		{
			"type": "Feature",
			"geometry": {
				"type": "Point",
				"coordinates": [
					 135.4406,
					 35.1537
				]
			},
			"properties": {
				"name": "JA/KT-067(美女山)",
				"読み":"Bijyozan",
				"標高":"482m 1pt ",
				"GL":"PM75rd",
				"市郡区":"G#22012G ",
				"登山日":"",
				"メモ":"",
				"_markerType": "Icon",
				"_iconUrl": "https://maps.gsi.go.jp/portal/sys/v4/symbols/826.png",
				"_iconSize": [
					16,
					16
				],
				"_iconAnchor": [
					8,
					8
				]
			}
		},
		{
			"type": "Feature",
			"geometry": {
				"type": "Point",
				"coordinates": [
					 135.648,
					 35.0174
				]
			},
			"properties": {
				"name": "JA/KT-068(山上ヶ峰)",
				"読み":"Sanjyogamine",
				"標高":"482m 1pt ",
				"GL":"PM75ta",
				"市郡区":"C#220111 ",
				"登山日":"",
				"メモ":"",
				"_markerType": "Icon",
				"_iconUrl": "https://maps.gsi.go.jp/portal/sys/v4/symbols/826.png",
				"_iconSize": [
					16,
					16
				],
				"_iconAnchor": [
					8,
					8
				]
			}
		},
		{
			"type": "Feature",
			"geometry": {
				"type": "Point",
				"coordinates": [
					 135.2652,
					 35.2241
				]
			},
			"properties": {
				"name": "JA/KT-069(菟原(三角点))",
				"読み":"Ubara",
				"標高":"480m 1pt ",
				"GL":"PM75pf",
				"市郡区":"C#2202 ",
				"登山日":"",
				"メモ":"",
				"_markerType": "Icon",
				"_iconUrl": "https://maps.gsi.go.jp/portal/sys/v4/symbols/826.png",
				"_iconSize": [
					16,
					16
				],
				"_iconAnchor": [
					8,
					8
				]
			}
		},
		{
			"type": "Feature",
			"geometry": {
				"type": "Point",
				"coordinates": [
					 135.0506,
					 35.3043
				]
			},
			"properties": {
				"name": "JA/KT-070(点472)",
				"読み":"P472",
				"標高":"472m 1pt ",
				"GL":"PM75mh",
				"市郡区":"C#2202 ",
				"登山日":"",
				"メモ":"",
				"_markerType": "Icon",
				"_iconUrl": "https://maps.gsi.go.jp/portal/sys/v4/symbols/826.png",
				"_iconSize": [
					16,
					16
				],
				"_iconAnchor": [
					8,
					8
				]
			}
		},
		{
			"type": "Feature",
			"geometry": {
				"type": "Point",
				"coordinates": [
					 135.2891,
					 35.1648
				]
			},
			"properties": {
				"name": "JA/KT-071(点469)",
				"読み":"P469",
				"標高":"469m 1pt ",
				"GL":"PM75pd",
				"市郡区":"C#2731 / G#22012G ",
				"登山日":"",
				"メモ":"",
				"_markerType": "Icon",
				"_iconUrl": "https://maps.gsi.go.jp/portal/sys/v4/symbols/826.png",
				"_iconSize": [
					16,
					16
				],
				"_iconAnchor": [
					8,
					8
				]
			}
		},
		{
			"type": "Feature",
			"geometry": {
				"type": "Point",
				"coordinates": [
					 135.484,
					 35.069
				]
			},
			"properties": {
				"name": "JA/KT-072(大内(三角点))",
				"読み":"Oouchi",
				"標高":"466m 1pt ",
				"GL":"PM75rb",
				"市郡区":"C#2207 / C#2214 ",
				"登山日":"",
				"メモ":"",
				"_markerType": "Icon",
				"_iconUrl": "https://maps.gsi.go.jp/portal/sys/v4/symbols/826.png",
				"_iconSize": [
					16,
					16
				],
				"_iconAnchor": [
					8,
					8
				]
			}
		},
		{
			"type": "Feature",
			"geometry": {
				"type": "Point",
				"coordinates": [
					 135.5059,
					 35.0393
				]
			},
			"properties": {
				"name": "JA/KT-073(点461)",
				"読み":"P461",
				"標高":"461m 1pt ",
				"GL":"PM75sa",
				"市郡区":"C#2207 ",
				"登山日":"",
				"メモ":"",
				"_markerType": "Icon",
				"_iconUrl": "https://maps.gsi.go.jp/portal/sys/v4/symbols/826.png",
				"_iconSize": [
					16,
					16
				],
				"_iconAnchor": [
					8,
					8
				]
			}
		},
		{
			"type": "Feature",
			"geometry": {
				"type": "Point",
				"coordinates": [
					 135.5106,
					 35.0112
				]
			},
			"properties": {
				"name": "JA/KT-074(点460(朝日山近傍))",
				"読み":"Asahiyama",
				"標高":"460m 1pt ",
				"GL":"PM75sa",
				"市郡区":"C#2207 ",
				"登山日":"",
				"メモ":"",
				"_markerType": "Icon",
				"_iconUrl": "https://maps.gsi.go.jp/portal/sys/v4/symbols/826.png",
				"_iconSize": [
					16,
					16
				],
				"_iconAnchor": [
					8,
					8
				]
			}
		},
		{
			"type": "Feature",
			"geometry": {
				"type": "Point",
				"coordinates": [
					 135.2625,
					 35.266
				]
			},
			"properties": {
				"name": "JA/KT-075(上川合(三角点))",
				"読み":"Kamikawagou",
				"標高":"453m 1pt ",
				"GL":"PM75pg",
				"市郡区":"C#2202 ",
				"登山日":"",
				"メモ":"",
				"_markerType": "Icon",
				"_iconUrl": "https://maps.gsi.go.jp/portal/sys/v4/symbols/826.png",
				"_iconSize": [
					16,
					16
				],
				"_iconAnchor": [
					8,
					8
				]
			}
		},
		{
			"type": "Feature",
			"geometry": {
				"type": "Point",
				"coordinates": [
					 135.1408,
					 35.7079
				]
			},
			"properties": {
				"name": "JA/KT-076(大石(三角点))",
				"読み":"Ooishi",
				"標高":"447m 1pt ",
				"GL":"PM75nq",
				"市郡区":"C#2213 ",
				"登山日":"",
				"メモ":"",
				"_markerType": "Icon",
				"_iconUrl": "https://maps.gsi.go.jp/portal/sys/v4/symbols/826.png",
				"_iconSize": [
					16,
					16
				],
				"_iconAnchor": [
					8,
					8
				]
			}
		},
		{
			"type": "Feature",
			"geometry": {
				"type": "Point",
				"coordinates": [
					 135.0017,
					 35.622
				]
			},
			"properties": {
				"name": "JA/KT-077(点441)",
				"読み":"P441",
				"標高":"441m 1pt ",
				"GL":"PM75mo",
				"市郡区":"C#2213 ",
				"登山日":"",
				"メモ":"",
				"_markerType": "Icon",
				"_iconUrl": "https://maps.gsi.go.jp/portal/sys/v4/symbols/826.png",
				"_iconSize": [
					16,
					16
				],
				"_iconAnchor": [
					8,
					8
				]
			}
		},
		{
			"type": "Feature",
			"geometry": {
				"type": "Point",
				"coordinates": [
					 135.7819,
					 35.0987
				]
			},
			"properties": {
				"name": "JA/KT-078(蓑ノ浦ケ岳)",
				"読み":"Minouragatake",
				"標高":"432m 1pt ",
				"GL":"PM75vc",
				"市郡区":"C#220103 ",
				"登山日":"",
				"メモ":"",
				"_markerType": "Icon",
				"_iconUrl": "https://maps.gsi.go.jp/portal/sys/v4/symbols/826.png",
				"_iconSize": [
					16,
					16
				],
				"_iconAnchor": [
					8,
					8
				]
			}
		},
		{
			"type": "Feature",
			"geometry": {
				"type": "Point",
				"coordinates": [
					 135.4224,
					 35.0778
				]
			},
			"properties": {
				"name": "JA/KT-079(点431)",
				"読み":"P431",
				"標高":"431m 1pt ",
				"GL":"PM75rb",
				"市郡区":"C#2214 ",
				"登山日":"",
				"メモ":"",
				"_markerType": "Icon",
				"_iconUrl": "https://maps.gsi.go.jp/portal/sys/v4/symbols/826.png",
				"_iconSize": [
					16,
					16
				],
				"_iconAnchor": [
					8,
					8
				]
			}
		},
		{
			"type": "Feature",
			"geometry": {
				"type": "Point",
				"coordinates": [
					 135.142,
					 35.4324
				]
			},
			"properties": {
				"name": "JA/KT-080(城山)",
				"読み":"Jyouyama",
				"標高":"429m 1pt ",
				"GL":"PM75nk",
				"市郡区":"C#2202 ",
				"登山日":"",
				"メモ":"",
				"_markerType": "Icon",
				"_iconUrl": "https://maps.gsi.go.jp/portal/sys/v4/symbols/826.png",
				"_iconSize": [
					16,
					16
				],
				"_iconAnchor": [
					8,
					8
				]
			}
		},
		{
			"type": "Feature",
			"geometry": {
				"type": "Point",
				"coordinates": [
					 135.4475,
					 35.1918
				]
			},
			"properties": {
				"name": "JA/KT-081(高原2(三角点))",
				"読み":"Takahara2",
				"標高":"424m 1pt ",
				"GL":"PM75re",
				"市郡区":"C#2214 / G#22012G ",
				"登山日":"",
				"メモ":"",
				"_markerType": "Icon",
				"_iconUrl": "https://maps.gsi.go.jp/portal/sys/v4/symbols/826.png",
				"_iconSize": [
					16,
					16
				],
				"_iconAnchor": [
					8,
					8
				]
			}
		},
		{
			"type": "Feature",
			"geometry": {
				"type": "Point",
				"coordinates": [
					 135.2045,
					 35.2841
				]
			},
			"properties": {
				"name": "JA/KT-082(高嶽)",
				"読み":"Takadake",
				"標高":"416m 1pt ",
				"GL":"PM75og",
				"市郡区":"C#2202 / C#2204 ",
				"登山日":"",
				"メモ":"",
				"_markerType": "Icon",
				"_iconUrl": "https://maps.gsi.go.jp/portal/sys/v4/symbols/826.png",
				"_iconSize": [
					16,
					16
				],
				"_iconAnchor": [
					8,
					8
				]
			}
		},
		{
			"type": "Feature",
			"geometry": {
				"type": "Point",
				"coordinates": [
					 135.1932,
					 35.4482
				]
			},
			"properties": {
				"name": "JA/KT-083(砥石岳)",
				"読み":"Toishidake",
				"標高":"408m 1pt ",
				"GL":"PM75ok",
				"市郡区":"C#2203 ",
				"登山日":"",
				"メモ":"",
				"_markerType": "Icon",
				"_iconUrl": "https://maps.gsi.go.jp/portal/sys/v4/symbols/826.png",
				"_iconSize": [
					16,
					16
				],
				"_iconAnchor": [
					8,
					8
				]
			}
		},
		{
			"type": "Feature",
			"geometry": {
				"type": "Point",
				"coordinates": [
					 135.0782,
					 35.3156
				]
			},
			"properties": {
				"name": "JA/KT-084(姫髪山)",
				"読み":"Himekamiyama",
				"標高":"406m 1pt ",
				"GL":"PM75mh",
				"市郡区":"C#2202 ",
				"登山日":"",
				"メモ":"",
				"_markerType": "Icon",
				"_iconUrl": "https://maps.gsi.go.jp/portal/sys/v4/symbols/826.png",
				"_iconSize": [
					16,
					16
				],
				"_iconAnchor": [
					8,
					8
				]
			}
		},
		{
			"type": "Feature",
			"geometry": {
				"type": "Point",
				"coordinates": [
					 135.2817,
					 35.3849
				]
			},
			"properties": {
				"name": "JA/KT-085(奥山(三角点))",
				"読み":"Okuyama",
				"標高":"403m 1pt ",
				"GL":"PM75pj",
				"市郡区":"C#2204 ",
				"登山日":"",
				"メモ":"",
				"_markerType": "Icon",
				"_iconUrl": "https://maps.gsi.go.jp/portal/sys/v4/symbols/826.png",
				"_iconSize": [
					16,
					16
				],
				"_iconAnchor": [
					8,
					8
				]
			}
		},
		{
			"type": "Feature",
			"geometry": {
				"type": "Point",
				"coordinates": [
					 135.1126,
					 35.6405
				]
			},
			"properties": {
				"name": "JA/KT-086(点403)",
				"読み":"P403",
				"標高":"403m 1pt ",
				"GL":"PM75np",
				"市郡区":"C#2213 ",
				"登山日":"",
				"メモ":"",
				"_markerType": "Icon",
				"_iconUrl": "https://maps.gsi.go.jp/portal/sys/v4/symbols/826.png",
				"_iconSize": [
					16,
					16
				],
				"_iconAnchor": [
					8,
					8
				]
			}
		},
		{
			"type": "Feature",
			"geometry": {
				"type": "Point",
				"coordinates": [
					 135.3719,
					 35.4431
				]
			},
			"properties": {
				"name": "JA/KT-087(天台(三角点))",
				"読み":"Tendai",
				"標高":"402m 1pt ",
				"GL":"PM75qk",
				"市郡区":"C#2203 ",
				"登山日":"",
				"メモ":"",
				"_markerType": "Icon",
				"_iconUrl": "https://maps.gsi.go.jp/portal/sys/v4/symbols/826.png",
				"_iconSize": [
					16,
					16
				],
				"_iconAnchor": [
					8,
					8
				]
			}
		},
		{
			"type": "Feature",
			"geometry": {
				"type": "Point",
				"coordinates": [
					 135.4311,
					 35.5151
				]
			},
			"properties": {
				"name": "JA/KT-088(河辺原(三角点))",
				"読み":"Kawabehara",
				"標高":"396m 1pt ",
				"GL":"PM75rm",
				"市郡区":"C#2203 ",
				"登山日":"",
				"メモ":"",
				"_markerType": "Icon",
				"_iconUrl": "https://maps.gsi.go.jp/portal/sys/v4/symbols/826.png",
				"_iconSize": [
					16,
					16
				],
				"_iconAnchor": [
					8,
					8
				]
			}
		},
		{
			"type": "Feature",
			"geometry": {
				"type": "Point",
				"coordinates": [
					 135.899,
					 34.7815
				]
			},
			"properties": {
				"name": "JA/KT-089(湯谷山)",
				"読み":"Yutanisan",
				"標高":"381m 1pt ",
				"GL":"PM74ws",
				"市郡区":"G#22008G ",
				"登山日":"",
				"メモ":"",
				"_markerType": "Icon",
				"_iconUrl": "https://maps.gsi.go.jp/portal/sys/v4/symbols/826.png",
				"_iconSize": [
					16,
					16
				],
				"_iconAnchor": [
					8,
					8
				]
			}
		},
		{
			"type": "Feature",
			"geometry": {
				"type": "Point",
				"coordinates": [
					 135.0994,
					 35.3491
				]
			},
			"properties": {
				"name": "JA/KT-090(下天津(三角点))",
				"読み":"Shimotenzu",
				"標高":"375m 1pt ",
				"GL":"PM75ni",
				"市郡区":"C#2202 ",
				"登山日":"",
				"メモ":"",
				"_markerType": "Icon",
				"_iconUrl": "https://maps.gsi.go.jp/portal/sys/v4/symbols/826.png",
				"_iconSize": [
					16,
					16
				],
				"_iconAnchor": [
					8,
					8
				]
			}
		},
		{
			"type": "Feature",
			"geometry": {
				"type": "Point",
				"coordinates": [
					 135.8293,
					 34.8649
				]
			},
			"properties": {
				"name": "JA/KT-091(六石山)",
				"読み":"Rokkokuyama",
				"標高":"366m 1pt ",
				"GL":"PM74vu",
				"市郡区":"G#22006A / G#22010B / C#2205",
				"登山日":"",
				"メモ":"",
				"_markerType": "Icon",
				"_iconUrl": "https://maps.gsi.go.jp/portal/sys/v4/symbols/826.png",
				"_iconSize": [
					16,
					16
				],
				"_iconAnchor": [
					8,
					8
				]
			}
		},
		{
			"type": "Feature",
			"geometry": {
				"type": "Point",
				"coordinates": [
					 135.1892,
					 35.3391
				]
			},
			"properties": {
				"name": "JA/KT-092(空山(三角点))",
				"読み":"Sorayama",
				"標高":"352m 1pt ",
				"GL":"PM75oi",
				"市郡区":"C#2204 / C#2202 ",
				"登山日":"",
				"メモ":"",
				"_markerType": "Icon",
				"_iconUrl": "https://maps.gsi.go.jp/portal/sys/v4/symbols/826.png",
				"_iconSize": [
					16,
					16
				],
				"_iconAnchor": [
					8,
					8
				]
			}
		},
		{
			"type": "Feature",
			"geometry": {
				"type": "Point",
				"coordinates": [
					 135.0937,
					 35.5487
				]
			},
			"properties": {
				"name": "JA/KT-093(崇山)",
				"読み":"Aratayama",
				"標高":"344m 1pt ",
				"GL":"PM75nn",
				"市郡区":"C#2213 / G#22014E ",
				"登山日":"",
				"メモ":"",
				"_markerType": "Icon",
				"_iconUrl": "https://maps.gsi.go.jp/portal/sys/v4/symbols/826.png",
				"_iconSize": [
					16,
					16
				],
				"_iconAnchor": [
					8,
					8
				]
			}
		},
		{
			"type": "Feature",
			"geometry": {
				"type": "Point",
				"coordinates": [
					 134.8705,
					 35.6321
				]
			},
			"properties": {
				"name": "JA/KT-094(湊(三角点))",
				"読み":"Minato",
				"標高":"334m 1pt ",
				"GL":"PM75kp",
				"市郡区":"C#2213 / C#2710 ",
				"登山日":"",
				"メモ":"",
				"_markerType": "Icon",
				"_iconUrl": "https://maps.gsi.go.jp/portal/sys/v4/symbols/826.png",
				"_iconSize": [
					16,
					16
				],
				"_iconAnchor": [
					8,
					8
				]
			}
		},
		{
			"type": "Feature",
			"geometry": {
				"type": "Point",
				"coordinates": [
					 135.3069,
					 35.3051
				]
			},
			"properties": {
				"name": "JA/KT-095(鷹栖(三角点))",
				"読み":"Takasu",
				"標高":"331m 1pt ",
				"GL":"PM75ph",
				"市郡区":"C#2204 ",
				"登山日":"",
				"メモ":"",
				"_markerType": "Icon",
				"_iconUrl": "https://maps.gsi.go.jp/portal/sys/v4/symbols/826.png",
				"_iconSize": [
					16,
					16
				],
				"_iconAnchor": [
					8,
					8
				]
			}
		},
		{
			"type": "Feature",
			"geometry": {
				"type": "Point",
				"coordinates": [
					 135.1275,
					 35.5555
				]
			},
			"properties": {
				"name": "JA/KT-096(三重村(三角点))",
				"読み":"Miemura",
				"標高":"330m 1pt ",
				"GL":"PM75nn",
				"市郡区":"G#22014E / C#2213 ",
				"登山日":"",
				"メモ":"",
				"_markerType": "Icon",
				"_iconUrl": "https://maps.gsi.go.jp/portal/sys/v4/symbols/826.png",
				"_iconSize": [
					16,
					16
				],
				"_iconAnchor": [
					8,
					8
				]
			}
		},
		{
			"type": "Feature",
			"geometry": {
				"type": "Point",
				"coordinates": [
					 134.9739,
					 35.3174
				]
			},
			"properties": {
				"name": "JA/KT-097(点329)",
				"読み":"P329",
				"標高":"329m 1pt ",
				"GL":"PM75lh",
				"市郡区":"C#2202 ",
				"登山日":"",
				"メモ":"",
				"_markerType": "Icon",
				"_iconUrl": "https://maps.gsi.go.jp/portal/sys/v4/symbols/826.png",
				"_iconSize": [
					16,
					16
				],
				"_iconAnchor": [
					8,
					8
				]
			}
		},
		{
			"type": "Feature",
			"geometry": {
				"type": "Point",
				"coordinates": [
					 135.2041,
					 35.2651
				]
			},
			"properties": {
				"name": "JA/KT-098(岩崎(三角点))",
				"読み":"Iwasaki",
				"標高":"321m 1pt ",
				"GL":"PM75og",
				"市郡区":"C#2202 ",
				"登山日":"",
				"メモ":"",
				"_markerType": "Icon",
				"_iconUrl": "https://maps.gsi.go.jp/portal/sys/v4/symbols/826.png",
				"_iconSize": [
					16,
					16
				],
				"_iconAnchor": [
					8,
					8
				]
			}
		},
		{
			"type": "Feature",
			"geometry": {
				"type": "Point",
				"coordinates": [
					 135.2957,
					 35.6924
				]
			},
			"properties": {
				"name": "JA/KT-099(蝙蝠岳)",
				"読み":"Koumoridake",
				"標高":"320m 1pt ",
				"GL":"PM75pq",
				"市郡区":"G#22014D ",
				"登山日":"",
				"メモ":"",
				"_markerType": "Icon",
				"_iconUrl": "https://maps.gsi.go.jp/portal/sys/v4/symbols/826.png",
				"_iconSize": [
					16,
					16
				],
				"_iconAnchor": [
					8,
					8
				]
			}
		},
		{
			"type": "Feature",
			"geometry": {
				"type": "Point",
				"coordinates": [
					 135.4925,
					 35.1237
				]
			},
			"properties": {
				"name": "JA/KT-100(朝倉(三角点))",
				"読み":"Asakura",
				"標高":"320m 1pt ",
				"GL":"PM75rc",
				"市郡区":"C#2214 ",
				"登山日":"",
				"メモ":"",
				"_markerType": "Icon",
				"_iconUrl": "https://maps.gsi.go.jp/portal/sys/v4/symbols/826.png",
				"_iconSize": [
					16,
					16
				],
				"_iconAnchor": [
					8,
					8
				]
			}
		},
		{
			"type": "Feature",
			"geometry": {
				"type": "Point",
				"coordinates": [
					 134.9933,
					 35.679
				]
			},
			"properties": {
				"name": "JA/KT-101(点316)",
				"読み":"P316",
				"標高":"316m 1pt ",
				"GL":"PM75lq",
				"市郡区":"C#2213 ",
				"登山日":"",
				"メモ":"",
				"_markerType": "Icon",
				"_iconUrl": "https://maps.gsi.go.jp/portal/sys/v4/symbols/826.png",
				"_iconSize": [
					16,
					16
				],
				"_iconAnchor": [
					8,
					8
				]
			}
		},
		{
			"type": "Feature",
			"geometry": {
				"type": "Point",
				"coordinates": [
					 135.2978,
					 35.4572
				]
			},
			"properties": {
				"name": "JA/KT-102(舞鶴富士(三角点))",
				"読み":"Maizurufuji",
				"標高":"316m 1pt ",
				"GL":"PM75pk",
				"市郡区":"C#2203 ",
				"登山日":"",
				"メモ":"",
				"_markerType": "Icon",
				"_iconUrl": "https://maps.gsi.go.jp/portal/sys/v4/symbols/826.png",
				"_iconSize": [
					16,
					16
				],
				"_iconAnchor": [
					8,
					8
				]
			}
		},
		{
			"type": "Feature",
			"geometry": {
				"type": "Point",
				"coordinates": [
					 135.2647,
					 35.6934
				]
			},
			"properties": {
				"name": "JA/KT-103(畑谷(三角点))",
				"読み":"Hataya",
				"標高":"314m 1pt ",
				"GL":"PM75pq",
				"市郡区":"G#22014D / C#2206 ",
				"登山日":"",
				"メモ":"",
				"_markerType": "Icon",
				"_iconUrl": "https://maps.gsi.go.jp/portal/sys/v4/symbols/826.png",
				"_iconSize": [
					16,
					16
				],
				"_iconAnchor": [
					8,
					8
				]
			}
		},
		{
			"type": "Feature",
			"geometry": {
				"type": "Point",
				"coordinates": [
					 135.4224,
					 35.4931
				]
			},
			"properties": {
				"name": "JA/KT-104(点310(泉源寺(三角点)近傍))",
				"読み":"P310",
				"標高":"310m 1pt ",
				"GL":"PM75rl",
				"市郡区":"C#2203 ",
				"登山日":"",
				"メモ":"",
				"_markerType": "Icon",
				"_iconUrl": "https://maps.gsi.go.jp/portal/sys/v4/symbols/826.png",
				"_iconSize": [
					16,
					16
				],
				"_iconAnchor": [
					8,
					8
				]
			}
		},
		{
			"type": "Feature",
			"geometry": {
				"type": "Point",
				"coordinates": [
					 135.1604,
					 35.409
				]
			},
			"properties": {
				"name": "JA/KT-105(矢部山)",
				"読み":"Yabesan",
				"標高":"310m 1pt ",
				"GL":"PM75nj",
				"市郡区":"C#2202 ",
				"登山日":"",
				"メモ":"",
				"_markerType": "Icon",
				"_iconUrl": "https://maps.gsi.go.jp/portal/sys/v4/symbols/826.png",
				"_iconSize": [
					16,
					16
				],
				"_iconAnchor": [
					8,
					8
				]
			}
		},
		{
			"type": "Feature",
			"geometry": {
				"type": "Point",
				"coordinates": [
					 135.3435,
					 35.4649
				]
			},
			"properties": {
				"name": "JA/KT-106(五老岳)",
				"読み":"Goroudake",
				"標高":"301m 1pt ",
				"GL":"PM75ql",
				"市郡区":"C#2203 ",
				"登山日":"",
				"メモ":"",
				"_markerType": "Icon",
				"_iconUrl": "https://maps.gsi.go.jp/portal/sys/v4/symbols/826.png",
				"_iconSize": [
					16,
					16
				],
				"_iconAnchor": [
					8,
					8
				]
			}
		},
		{
			"type": "Feature",
			"geometry": {
				"type": "Point",
				"coordinates": [
					 135.3019,
					 35.3488
				]
			},
			"properties": {
				"name": "JA/KT-107(高城山)",
				"読み":"Takashiroyama",
				"標高":"300m 1pt ",
				"GL":"PM75pi",
				"市郡区":"C#2204 ",
				"登山日":"",
				"メモ":"",
				"_markerType": "Icon",
				"_iconUrl": "https://maps.gsi.go.jp/portal/sys/v4/symbols/826.png",
				"_iconSize": [
					16,
					16
				],
				"_iconAnchor": [
					8,
					8
				]
			}
		},
		{
			"type": "Feature",
			"geometry": {
				"type": "Point",
				"coordinates": [
					 135.2513,
					 35.3454
				]
			},
			"properties": {
				"name": "JA/KT-108(高波山)",
				"読み":"Takanamiyama",
				"標高":"296m 1pt ",
				"GL":"PM75pi",
				"市郡区":"C#2204 ",
				"登山日":"",
				"メモ":"",
				"_markerType": "Icon",
				"_iconUrl": "https://maps.gsi.go.jp/portal/sys/v4/symbols/826.png",
				"_iconSize": [
					16,
					16
				],
				"_iconAnchor": [
					8,
					8
				]
			}
		},
		{
			"type": "Feature",
			"geometry": {
				"type": "Point",
				"coordinates": [
					 135.2753,
					 35.7156
				]
			},
			"properties": {
				"name": "JA/KT-109(点292)",
				"読み":"P292",
				"標高":"292m 1pt ",
				"GL":"PM75pr",
				"市郡区":"G#22014D ",
				"登山日":"",
				"メモ":"",
				"_markerType": "Icon",
				"_iconUrl": "https://maps.gsi.go.jp/portal/sys/v4/symbols/826.png",
				"_iconSize": [
					16,
					16
				],
				"_iconAnchor": [
					8,
					8
				]
			}
		},
		{
			"type": "Feature",
			"geometry": {
				"type": "Point",
				"coordinates": [
					 135.7335,
					 35.2555
				]
			},
			"properties": {
				"name": "JA/KT-110(八丁山)",
				"読み":"Hatchoyama",
				"標高":"892m 6pt ",
				"GL":"PM75ug",
				"市郡区":"C#220103 / C#220108 ",
				"登山日":"",
				"メモ":"",
				"_markerType": "Icon",
				"_iconUrl": "https://maps.gsi.go.jp/portal/sys/v4/symbols/103.png",
				"_iconSize": [
					16,
					16
				],
				"_iconAnchor": [
					8,
					8
				]
			}
		},
		{
			"type": "Feature",
			"geometry": {
				"type": "Point",
				"coordinates": [
					 135.8256,
					 35.1647
				]
			},
			"properties": {
				"name": "JA/KT-111(ナッチョ(天ケ森))",
				"読み":"Nacho/Amagamori",
				"標高":"812m 4pt ",
				"GL":"PM75vd",
				"市郡区":"C#220103 ",
				"登山日":"",
				"メモ":"",
				"_markerType": "Icon",
				"_iconUrl": "https://maps.gsi.go.jp/portal/sys/v4/symbols/828.png",
				"_iconSize": [
					16,
					16
				],
				"_iconAnchor": [
					8,
					8
				]
			}
		},
		{
			"type": "Feature",
			"geometry": {
				"type": "Point",
				"coordinates": [
					 135.7037,
					 35.3187
				]
			},
			"properties": {
				"name": "JA/KT-112(芦生(三角点))",
				"読み":"Ashio",
				"標高":"811m 4pt ",
				"GL":"PM75uh",
				"市郡区":"C#2214 ",
				"登山日":"",
				"メモ":"",
				"_markerType": "Icon",
				"_iconUrl": "https://maps.gsi.go.jp/portal/sys/v4/symbols/828.png",
				"_iconSize": [
					16,
					16
				],
				"_iconAnchor": [
					8,
					8
				]
			}
		},
		{
			"type": "Feature",
			"geometry": {
				"type": "Point",
				"coordinates": [
					 135.6273,
					 35.2848
				]
			},
			"properties": {
				"name": "JA/KT-113(ホサビ山)",
				"読み":"Hosabiyama",
				"標高":"750m 4pt ",
				"GL":"PM75tg",
				"市郡区":"C#2214 ",
				"登山日":"",
				"メモ":"",
				"_markerType": "Icon",
				"_iconUrl": "https://maps.gsi.go.jp/portal/sys/v4/symbols/828.png",
				"_iconSize": [
					16,
					16
				],
				"_iconAnchor": [
					8,
					8
				]
			}
		},
		{
			"type": "Feature",
			"geometry": {
				"type": "Point",
				"coordinates": [
					 135.1372,
					 35.4813
				]
			},
			"properties": {
				"name": "JA/KT-114(鬼の岩屋)",
				"読み":"Oninoiwaya",
				"標高":"740m 4pt ",
				"GL":"PM75nl",
				"市郡区":"C#2206 / G#22014E ",
				"登山日":"",
				"メモ":"",
				"_markerType": "Icon",
				"_iconUrl": "https://maps.gsi.go.jp/portal/sys/v4/symbols/828.png",
				"_iconSize": [
					16,
					16
				],
				"_iconAnchor": [
					8,
					8
				]
			}
		},
		{
			"type": "Feature",
			"geometry": {
				"type": "Point",
				"coordinates": [
					 135.6185,
					 35.1004
				]
			},
			"properties": {
				"name": "JA/KT-115(三頭山近傍)",
				"読み":"Near_Mitsuzukoyama",
				"標高":"730m 4pt ",
				"GL":"PM75tc",
				"市郡区":"C#220108 ",
				"登山日":"",
				"メモ":"",
				"_markerType": "Icon",
				"_iconUrl": "https://maps.gsi.go.jp/portal/sys/v4/symbols/828.png",
				"_iconSize": [
					16,
					16
				],
				"_iconAnchor": [
					8,
					8
				]
			}
		},
		{
			"type": "Feature",
			"geometry": {
				"type": "Point",
				"coordinates": [
					 135.6289,
					 35.2452
				]
			},
			"properties": {
				"name": "JA/KT-116(点677)",
				"読み":"P677",
				"標高":"677m 4pt ",
				"GL":"PM75tf",
				"市郡区":"C#2214 / C#220108 ",
				"登山日":"",
				"メモ":"",
				"_markerType": "Icon",
				"_iconUrl": "https://maps.gsi.go.jp/portal/sys/v4/symbols/828.png",
				"_iconSize": [
					16,
					16
				],
				"_iconAnchor": [
					8,
					8
				]
			}
		},
		{
			"type": "Feature",
			"geometry": {
				"type": "Point",
				"coordinates": [
					 135.3786,
					 35.302
				]
			},
			"properties": {
				"name": "JA/KT-117(点626)",
				"読み":"P626",
				"標高":"626m 2pt ",
				"GL":"PM75qh",
				"市郡区":"C#2204 / G#22012G ",
				"登山日":"",
				"メモ":"",
				"_markerType": "Icon",
				"_iconUrl": "https://maps.gsi.go.jp/portal/sys/v4/symbols/102.png",
				"_iconSize": [
					16,
					16
				],
				"_iconAnchor": [
					8,
					8
				]
			}
		},
		{
			"type": "Feature",
			"geometry": {
				"type": "Point",
				"coordinates": [
					 135.5975,
					 35.11
				]
			},
			"properties": {
				"name": "JA/KT-118(鎌ヶ岳)",
				"読み":"Kamagatake",
				"標高":"623m 2pt ",
				"GL":"PM75tc",
				"市郡区":"C#2214 / C#220108 ",
				"登山日":"",
				"メモ":"",
				"_markerType": "Icon",
				"_iconUrl": "https://maps.gsi.go.jp/portal/sys/v4/symbols/102.png",
				"_iconSize": [
					16,
					16
				],
				"_iconAnchor": [
					8,
					8
				]
			}
		},
		{
			"type": "Feature",
			"geometry": {
				"type": "Point",
				"coordinates": [
					 135.142,
					 35.6595
				]
			},
			"properties": {
				"name": "JA/KT-119(金剛童子山)",
				"読み":"Kongoudoujiyama",
				"標高":"613m 2pt ",
				"GL":"PM75np",
				"市郡区":"C#2213 ",
				"登山日":"",
				"メモ":"",
				"_markerType": "Icon",
				"_iconUrl": "https://maps.gsi.go.jp/portal/sys/v4/symbols/102.png",
				"_iconSize": [
					16,
					16
				],
				"_iconAnchor": [
					8,
					8
				]
			}
		},
		{
			"type": "Feature",
			"geometry": {
				"type": "Point",
				"coordinates": [
					 134.9408,
					 35.3091
				]
			},
			"properties": {
				"name": "JA/KT-120(夫婦岩(三角点))",
				"読み":"Meotoiwa",
				"標高":"597m 2pt ",
				"GL":"PM75lh",
				"市郡区":"C#2202 / C#2724 ",
				"登山日":"",
				"メモ":"",
				"_markerType": "Icon",
				"_iconUrl": "https://maps.gsi.go.jp/portal/sys/v4/symbols/102.png",
				"_iconSize": [
					16,
					16
				],
				"_iconAnchor": [
					8,
					8
				]
			}
		},
		{
			"type": "Feature",
			"geometry": {
				"type": "Point",
				"coordinates": [
					 135.3691,
					 35.1321
				]
			},
			"properties": {
				"name": "JA/KT-121(櫃ケ嶽)",
				"読み":"Hitsugadake",
				"標高":"582m 2pt ",
				"GL":"PM75qd",
				"市郡区":"G#22012G / C#2731 ",
				"登山日":"",
				"メモ":"",
				"_markerType": "Icon",
				"_iconUrl": "https://maps.gsi.go.jp/portal/sys/v4/symbols/102.png",
				"_iconSize": [
					16,
					16
				],
				"_iconAnchor": [
					8,
					8
				]
			}
		},
		{
			"type": "Feature",
			"geometry": {
				"type": "Point",
				"coordinates": [
					 135.4958,
					 35.425
				]
			},
			"properties": {
				"name": "JA/KT-122(川上(三角点))",
				"読み":"Kawakami",
				"標高":"574m 2pt ",
				"GL":"PM75rk",
				"市郡区":"C#2204 / G#29003C ",
				"登山日":"",
				"メモ":"",
				"_markerType": "Icon",
				"_iconUrl": "https://maps.gsi.go.jp/portal/sys/v4/symbols/102.png",
				"_iconSize": [
					16,
					16
				],
				"_iconAnchor": [
					8,
					8
				]
			}
		},
		{
			"type": "Feature",
			"geometry": {
				"type": "Point",
				"coordinates": [
					 135.7121,
					 35.107
				]
			},
			"properties": {
				"name": "JA/KT-123(白木谷(三角点))",
				"読み":"Shirokiya",
				"標高":"565m 2pt ",
				"GL":"PM75uc",
				"市郡区":"C#220101 ",
				"登山日":"",
				"メモ":"",
				"_markerType": "Icon",
				"_iconUrl": "https://maps.gsi.go.jp/portal/sys/v4/symbols/102.png",
				"_iconSize": [
					16,
					16
				],
				"_iconAnchor": [
					8,
					8
				]
			}
		},
		{
			"type": "Feature",
			"geometry": {
				"type": "Point",
				"coordinates": [
					 135.5785,
					 35.1801
				]
			},
			"properties": {
				"name": "JA/KT-124(宇野(三角点))",
				"読み":"Uno",
				"標高":"555m 2pt ",
				"GL":"PM75se",
				"市郡区":"C#220108 / C#2214 ",
				"登山日":"",
				"メモ":"",
				"_markerType": "Icon",
				"_iconUrl": "https://maps.gsi.go.jp/portal/sys/v4/symbols/102.png",
				"_iconSize": [
					16,
					16
				],
				"_iconAnchor": [
					8,
					8
				]
			}
		},
		{
			"type": "Feature",
			"geometry": {
				"type": "Point",
				"coordinates": [
					 135.2024,
					 35.7351
				]
			},
			"properties": {
				"name": "JA/KT-125(点555)",
				"読み":"P555",
				"標高":"555m 2pt ",
				"GL":"PM75or",
				"市郡区":"C#2213 / G#22014D ",
				"登山日":"",
				"メモ":"",
				"_markerType": "Icon",
				"_iconUrl": "https://maps.gsi.go.jp/portal/sys/v4/symbols/102.png",
				"_iconSize": [
					16,
					16
				],
				"_iconAnchor": [
					8,
					8
				]
			}
		},
		{
			"type": "Feature",
			"geometry": {
				"type": "Point",
				"coordinates": [
					 135.5684,
					 35.1363
				]
			},
			"properties": {
				"name": "JA/KT-126(点551)",
				"読み":"P551",
				"標高":"551m 2pt ",
				"GL":"PM75sd",
				"市郡区":"C#220108 ",
				"登山日":"",
				"メモ":"",
				"_markerType": "Icon",
				"_iconUrl": "https://maps.gsi.go.jp/portal/sys/v4/symbols/102.png",
				"_iconSize": [
					16,
					16
				],
				"_iconAnchor": [
					8,
					8
				]
			}
		},
		{
			"type": "Feature",
			"geometry": {
				"type": "Point",
				"coordinates": [
					 135.5784,
					 35.1602
				]
			},
			"properties": {
				"name": "JA/KT-127(白岩山)",
				"読み":"Shiroiwayama",
				"標高":"540m 2pt ",
				"GL":"PM75sd",
				"市郡区":"C#220108 ",
				"登山日":"",
				"メモ":"",
				"_markerType": "Icon",
				"_iconUrl": "https://maps.gsi.go.jp/portal/sys/v4/symbols/102.png",
				"_iconSize": [
					16,
					16
				],
				"_iconAnchor": [
					8,
					8
				]
			}
		},
		{
			"type": "Feature",
			"geometry": {
				"type": "Point",
				"coordinates": [
					 135.8802,
					 34.812
				]
			},
			"properties": {
				"name": "JA/KT-128(奥岸谷山)",
				"読み":"Okugantaniyama",
				"標高":"521m 2pt ",
				"GL":"PM74wt",
				"市郡区":"G#22008G ",
				"登山日":"",
				"メモ":"",
				"_markerType": "Icon",
				"_iconUrl": "https://maps.gsi.go.jp/portal/sys/v4/symbols/102.png",
				"_iconSize": [
					16,
					16
				],
				"_iconAnchor": [
					8,
					8
				]
			}
		},
		{
			"type": "Feature",
			"geometry": {
				"type": "Point",
				"coordinates": [
					 135.5804,
					 35.1339
				]
			},
			"properties": {
				"name": "JA/KT-129(点510)",
				"読み":"P510",
				"標高":"510m 2pt ",
				"GL":"PM75sd",
				"市郡区":"C#220108 ",
				"登山日":"",
				"メモ":"",
				"_markerType": "Icon",
				"_iconUrl": "https://maps.gsi.go.jp/portal/sys/v4/symbols/102.png",
				"_iconSize": [
					16,
					16
				],
				"_iconAnchor": [
					8,
					8
				]
			}
		},
		{
			"type": "Feature",
			"geometry": {
				"type": "Point",
				"coordinates": [
					 135.5373,
					 35.1132
				]
			},
			"properties": {
				"name": "JA/KT-130(諸木山近傍)",
				"読み":"Near_Morokiyama",
				"標高":"510m 2pt ",
				"GL":"PM75sc",
				"市郡区":"C#2214 ",
				"登山日":"",
				"メモ":"",
				"_markerType": "Icon",
				"_iconUrl": "https://maps.gsi.go.jp/portal/sys/v4/symbols/102.png",
				"_iconSize": [
					16,
					16
				],
				"_iconAnchor": [
					8,
					8
				]
			}
		},
		{
			"type": "Feature",
			"geometry": {
				"type": "Point",
				"coordinates": [
					 135.6102,
					 35.1532
				]
			},
			"properties": {
				"name": "JA/KT-131(黒尾山近傍)",
				"読み":"Near_Kurooyama",
				"標高":"510m 2pt ",
				"GL":"PM75td",
				"市郡区":"C#220108 ",
				"登山日":"",
				"メモ":"",
				"_markerType": "Icon",
				"_iconUrl": "https://maps.gsi.go.jp/portal/sys/v4/symbols/102.png",
				"_iconSize": [
					16,
					16
				],
				"_iconAnchor": [
					8,
					8
				]
			}
		},
		{
			"type": "Feature",
			"geometry": {
				"type": "Point",
				"coordinates": [
					 135.5528,
					 34.968
				]
			},
			"properties": {
				"name": "JA/KT-132(桜峠近傍)",
				"読み":"Near_Sakuratouge",
				"標高":"470m 1pt ",
				"GL":"PM74sx",
				"市郡区":"C#2207 ",
				"登山日":"",
				"メモ":"",
				"_markerType": "Icon",
				"_iconUrl": "https://maps.gsi.go.jp/portal/sys/v4/symbols/826.png",
				"_iconSize": [
					16,
					16
				],
				"_iconAnchor": [
					8,
					8
				]
			}
		},
		{
			"type": "Feature",
			"geometry": {
				"type": "Point",
				"coordinates": [
					 135.2011,
					 35.7522
				]
			},
			"properties": {
				"name": "JA/KT-133(点450)",
				"読み":"P450",
				"標高":"450m 1pt ",
				"GL":"PM75os",
				"市郡区":"C#2213 ",
				"登山日":"",
				"メモ":"",
				"_markerType": "Icon",
				"_iconUrl": "https://maps.gsi.go.jp/portal/sys/v4/symbols/826.png",
				"_iconSize": [
					16,
					16
				],
				"_iconAnchor": [
					8,
					8
				]
			}
		},
		{
			"type": "Feature",
			"geometry": {
				"type": "Point",
				"coordinates": [
					 134.9538,
					 35.5507
				]
			},
			"properties": {
				"name": "JA/KT-134(青地岳)",
				"読み":"Aojidake",
				"標高":"445m 1pt ",
				"GL":"PM75ln",
				"市郡区":"C#2213 ",
				"登山日":"",
				"メモ":"",
				"_markerType": "Icon",
				"_iconUrl": "https://maps.gsi.go.jp/portal/sys/v4/symbols/826.png",
				"_iconSize": [
					16,
					16
				],
				"_iconAnchor": [
					8,
					8
				]
			}
		},
		{
			"type": "Feature",
			"geometry": {
				"type": "Point",
				"coordinates": [
					 135.0466,
					 35.5091
				]
			},
			"properties": {
				"name": "JA/KT-135(点424)",
				"読み":"P424",
				"標高":"424m 1pt ",
				"GL":"PM75mm",
				"市郡区":"G#22014E ",
				"登山日":"",
				"メモ":"",
				"_markerType": "Icon",
				"_iconUrl": "https://maps.gsi.go.jp/portal/sys/v4/symbols/826.png",
				"_iconSize": [
					16,
					16
				],
				"_iconAnchor": [
					8,
					8
				]
			}
		},
		{
			"type": "Feature",
			"geometry": {
				"type": "Point",
				"coordinates": [
					 135.4625,
					 35.075
				]
			},
			"properties": {
				"name": "JA/KT-136(宮谷(三角点))",
				"読み":"Miyatani",
				"標高":"401m 1pt ",
				"GL":"PM75rb",
				"市郡区":"C#2214 ",
				"登山日":"",
				"メモ":"",
				"_markerType": "Icon",
				"_iconUrl": "https://maps.gsi.go.jp/portal/sys/v4/symbols/826.png",
				"_iconSize": [
					16,
					16
				],
				"_iconAnchor": [
					8,
					8
				]
			}
		},
		{
			"type": "Feature",
			"geometry": {
				"type": "Point",
				"coordinates": [
					 135.4688,
					 35.1664
				]
			},
			"properties": {
				"name": "JA/KT-137(大日向(三角点))",
				"読み":"Oohinata",
				"標高":"395m 1pt ",
				"GL":"PM75rd",
				"市郡区":"C#2214 ",
				"登山日":"",
				"メモ":"",
				"_markerType": "Icon",
				"_iconUrl": "https://maps.gsi.go.jp/portal/sys/v4/symbols/826.png",
				"_iconSize": [
					16,
					16
				],
				"_iconAnchor": [
					8,
					8
				]
			}
		},
		{
			"type": "Feature",
			"geometry": {
				"type": "Point",
				"coordinates": [
					 135.4177,
					 35.2072
				]
			},
			"properties": {
				"name": "JA/KT-138(吉尾山)",
				"読み":"Yoshioyama",
				"標高":"392m 1pt ",
				"GL":"PM75re",
				"市郡区":"G#22012G ",
				"登山日":"",
				"メモ":"",
				"_markerType": "Icon",
				"_iconUrl": "https://maps.gsi.go.jp/portal/sys/v4/symbols/826.png",
				"_iconSize": [
					16,
					16
				],
				"_iconAnchor": [
					8,
					8
				]
			}
		},
		{
			"type": "Feature",
			"geometry": {
				"type": "Point",
				"coordinates": [
					 135.5076,
					 35.1718
				]
			},
			"properties": {
				"name": "JA/KT-139(高山)",
				"読み":"Takayama",
				"標高":"381m 1pt ",
				"GL":"PM75se",
				"市郡区":"C#2214 ",
				"登山日":"",
				"メモ":"",
				"_markerType": "Icon",
				"_iconUrl": "https://maps.gsi.go.jp/portal/sys/v4/symbols/826.png",
				"_iconSize": [
					16,
					16
				],
				"_iconAnchor": [
					8,
					8
				]
			}
		},
		{
			"type": "Feature",
			"geometry": {
				"type": "Point",
				"coordinates": [
					 135.3852,
					 35.4328
				]
			},
			"properties": {
				"name": "JA/KT-140(小谷(三角点))",
				"読み":"Odani",
				"標高":"379m 1pt ",
				"GL":"PM75qk",
				"市郡区":"C#2203 ",
				"登山日":"",
				"メモ":"",
				"_markerType": "Icon",
				"_iconUrl": "https://maps.gsi.go.jp/portal/sys/v4/symbols/826.png",
				"_iconSize": [
					16,
					16
				],
				"_iconAnchor": [
					8,
					8
				]
			}
		},
		{
			"type": "Feature",
			"geometry": {
				"type": "Point",
				"coordinates": [
					 135.169,
					 35.4302
				]
			},
			"properties": {
				"name": "JA/KT-141(点374)",
				"読み":"P374",
				"標高":"374m 1pt ",
				"GL":"PM75ok",
				"市郡区":"C#2202 / C#2203 ",
				"登山日":"",
				"メモ":"",
				"_markerType": "Icon",
				"_iconUrl": "https://maps.gsi.go.jp/portal/sys/v4/symbols/826.png",
				"_iconSize": [
					16,
					16
				],
				"_iconAnchor": [
					8,
					8
				]
			}
		},
		{
			"type": "Feature",
			"geometry": {
				"type": "Point",
				"coordinates": [
					 135.0552,
					 35.3444
				]
			},
			"properties": {
				"name": "JA/KT-142(常願寺(三角点))",
				"読み":"Jyouganji",
				"標高":"344m 1pt ",
				"GL":"PM75mi",
				"市郡区":"C#2202 ",
				"登山日":"",
				"メモ":"",
				"_markerType": "Icon",
				"_iconUrl": "https://maps.gsi.go.jp/portal/sys/v4/symbols/826.png",
				"_iconSize": [
					16,
					16
				],
				"_iconAnchor": [
					8,
					8
				]
			}
		},
		{
			"type": "Feature",
			"geometry": {
				"type": "Point",
				"coordinates": [
					 135.0498,
					 35.3523
				]
			},
			"properties": {
				"name": "JA/KT-143(愛宕山)",
				"読み":"Atagoyama",
				"標高":"338m 1pt ",
				"GL":"PM75mi",
				"市郡区":"C#2202 ",
				"登山日":"",
				"メモ":"",
				"_markerType": "Icon",
				"_iconUrl": "https://maps.gsi.go.jp/portal/sys/v4/symbols/826.png",
				"_iconSize": [
					16,
					16
				],
				"_iconAnchor": [
					8,
					8
				]
			}
		},
		{
			"type": "Feature",
			"geometry": {
				"type": "Point",
				"coordinates": [
					 135.3588,
					 35.3325
				]
			},
			"properties": {
				"name": "JA/KT-144(一番谷(三角点))",
				"読み":"Ichibandani",
				"標高":"320m 1pt ",
				"GL":"PM75qh",
				"市郡区":"C#2204 ",
				"登山日":"",
				"メモ":"",
				"_markerType": "Icon",
				"_iconUrl": "https://maps.gsi.go.jp/portal/sys/v4/symbols/826.png",
				"_iconSize": [
					16,
					16
				],
				"_iconAnchor": [
					8,
					8
				]
			}
		},
		{
			"type": "Feature",
			"geometry": {
				"type": "Point",
				"coordinates": [
					 135.5253,
					 35.0887
				]
			},
			"properties": {
				"name": "JA/KT-145(筏森山)",
				"読み":"Ikadamoriyama",
				"標高":"294m 1pt ",
				"GL":"PM75sc",
				"市郡区":"C#2214 ",
				"登山日":"",
				"メモ":"",
				"_markerType": "Icon",
				"_iconUrl": "https://maps.gsi.go.jp/portal/sys/v4/symbols/826.png",
				"_iconSize": [
					16,
					16
				],
				"_iconAnchor": [
					8,
					8
				]
			}
		},
		{
			"type": "Feature",
			"geometry": {
				"type": "Point",
				"coordinates": [
					 135.0186,
					 35.3146
				]
			},
			"properties": {
				"name": "JA/KT-146(点288)",
				"読み":"P288",
				"標高":"288m 1pt ",
				"GL":"PM75mh",
				"市郡区":"C#2202 ",
				"登山日":"",
				"メモ":"",
				"_markerType": "Icon",
				"_iconUrl": "https://maps.gsi.go.jp/portal/sys/v4/symbols/826.png",
				"_iconSize": [
					16,
					16
				],
				"_iconAnchor": [
					8,
					8
				]
			}
		},
		{
			"type": "Feature",
			"geometry": {
				"type": "Point",
				"coordinates": [
					 135.2058,
					 35.3719
				]
			},
			"properties": {
				"name": "JA/KT-147(西坂(三角点))",
				"読み":"Nishizaka",
				"標高":"287m 1pt ",
				"GL":"PM75oi",
				"市郡区":"C#2204 ",
				"登山日":"",
				"メモ":"",
				"_markerType": "Icon",
				"_iconUrl": "https://maps.gsi.go.jp/portal/sys/v4/symbols/826.png",
				"_iconSize": [
					16,
					16
				],
				"_iconAnchor": [
					8,
					8
				]
			}
		},
		{
			"type": "Feature",
			"geometry": {
				"type": "Point",
				"coordinates": [
					 135.2453,
					 35.2948
				]
			},
			"properties": {
				"name": "JA/KT-148(四尾山)",
				"読み":"Yotsuoyama",
				"標高":"287m 1pt ",
				"GL":"PM75oh",
				"市郡区":"C#2204 ",
				"登山日":"",
				"メモ":"",
				"_markerType": "Icon",
				"_iconUrl": "https://maps.gsi.go.jp/portal/sys/v4/symbols/826.png",
				"_iconSize": [
					16,
					16
				],
				"_iconAnchor": [
					8,
					8
				]
			}
		},
		{
			"type": "Feature",
			"geometry": {
				"type": "Point",
				"coordinates": [
					 135.285,
					 35.2966
				]
			},
			"properties": {
				"name": "JA/KT-149(点270)",
				"読み":"P270",
				"標高":"270m 1pt ",
				"GL":"PM75ph",
				"市郡区":"C#2204 ",
				"登山日":"",
				"メモ":"",
				"_markerType": "Icon",
				"_iconUrl": "https://maps.gsi.go.jp/portal/sys/v4/symbols/826.png",
				"_iconSize": [
					16,
					16
				],
				"_iconAnchor": [
					8,
					8
				]
			}
		},
		{
			"type": "Feature",
			"geometry": {
				"type": "Point",
				"coordinates": [
					 135.4128,
					 35.4541
				]
			},
			"properties": {
				"name": "JA/KT-150(倉梯山)",
				"読み":"Kurahasayama",
				"標高":"260m 1pt ",
				"GL":"PM75qk",
				"市郡区":"C#2203 ",
				"登山日":"",
				"メモ":"",
				"_markerType": "Icon",
				"_iconUrl": "https://maps.gsi.go.jp/portal/sys/v4/symbols/826.png",
				"_iconSize": [
					16,
					16
				],
				"_iconAnchor": [
					8,
					8
				]
			}
		},
		{
			"type": "Feature",
			"geometry": {
				"type": "Point",
				"coordinates": [
					 135.0812,
					 35.6932
				]
			},
			"properties": {
				"name": "JA/KT-151(大谷(三角点))",
				"読み":"Ootani",
				"標高":"258m 1pt ",
				"GL":"PM75mq",
				"市郡区":"C#2213 ",
				"登山日":"",
				"メモ":"",
				"_markerType": "Icon",
				"_iconUrl": "https://maps.gsi.go.jp/portal/sys/v4/symbols/826.png",
				"_iconSize": [
					16,
					16
				],
				"_iconAnchor": [
					8,
					8
				]
			}
		},
		{
			"type": "Feature",
			"geometry": {
				"type": "Point",
				"coordinates": [
					 135.2977,
					 35.6653
				]
			},
			"properties": {
				"name": "JA/KT-152(鷲ケ岬(三角点))",
				"読み":"Washigasaki",
				"標高":"221m 1pt ",
				"GL":"PM75pp",
				"市郡区":"G#22014D ",
				"登山日":"",
				"メモ":"",
				"_markerType": "Icon",
				"_iconUrl": "https://maps.gsi.go.jp/portal/sys/v4/symbols/826.png",
				"_iconSize": [
					16,
					16
				],
				"_iconAnchor": [
					8,
					8
				]
			}
		},
		{
			"type": "Feature",
			"geometry": {
				"type": "Point",
				"coordinates": [
					 135.0781,
					 35.7143
				]
			},
			"properties": {
				"name": "JA/KT-153(徳良(三角点))",
				"読み":"Tokura",
				"標高":"220m 1pt ",
				"GL":"PM75mr",
				"市郡区":"C#2213 ",
				"登山日":"",
				"メモ":"",
				"_markerType": "Icon",
				"_iconUrl": "https://maps.gsi.go.jp/portal/sys/v4/symbols/826.png",
				"_iconSize": [
					16,
					16
				],
				"_iconAnchor": [
					8,
					8
				]
			}
		},
		{
			"type": "Feature",
			"geometry": {
				"type": "Point",
				"coordinates": [
					 135.2402,
					 35.4337
				]
			},
			"properties": {
				"name": "JA/KT-154(点218)",
				"読み":"P218",
				"標高":"218m 1pt ",
				"GL":"PM75ok",
				"市郡区":"C#2203 ",
				"登山日":"",
				"メモ":"",
				"_markerType": "Icon",
				"_iconUrl": "https://maps.gsi.go.jp/portal/sys/v4/symbols/826.png",
				"_iconSize": [
					16,
					16
				],
				"_iconAnchor": [
					8,
					8
				]
			}
		},
		{
			"type": "Feature",
			"geometry": {
				"type": "Point",
				"coordinates": [
					 135.315,
					 35.4438
				]
			},
			"properties": {
				"name": "JA/KT-155(愛宕山)",
				"読み":"Atagoyama",
				"標高":"213m 1pt ",
				"GL":"PM75pk",
				"市郡区":"C#2203 ",
				"登山日":"",
				"メモ":"",
				"_markerType": "Icon",
				"_iconUrl": "https://maps.gsi.go.jp/portal/sys/v4/symbols/826.png",
				"_iconSize": [
					16,
					16
				],
				"_iconAnchor": [
					8,
					8
				]
			}
		},
		{
			"type": "Feature",
			"geometry": {
				"type": "Point",
				"coordinates": [
					 135.2422,
					 35.5672
				]
			},
			"properties": {
				"name": "JA/KT-156(洞ケ谷(三角点))",
				"読み":"Horagaya",
				"標高":"210m 1pt ",
				"GL":"PM75on",
				"市郡区":"C#2206 ",
				"登山日":"",
				"メモ":"",
				"_markerType": "Icon",
				"_iconUrl": "https://maps.gsi.go.jp/portal/sys/v4/symbols/826.png",
				"_iconSize": [
					16,
					16
				],
				"_iconAnchor": [
					8,
					8
				]
			}
		},
		{
			"type": "Feature",
			"geometry": {
				"type": "Point",
				"coordinates": [
					 135.2522,
					 35.5916
				]
			},
			"properties": {
				"name": "JA/KT-157(黒崎(三角点))",
				"読み":"Kurosaki",
				"標高":"205m 1pt ",
				"GL":"PM75po",
				"市郡区":"C#2206 ",
				"登山日":"",
				"メモ":"",
				"_markerType": "Icon",
				"_iconUrl": "https://maps.gsi.go.jp/portal/sys/v4/symbols/826.png",
				"_iconSize": [
					16,
					16
				],
				"_iconAnchor": [
					8,
					8
				]
			}
		},
		{
			"type": "Feature",
			"geometry": {
				"type": "Point",
				"coordinates": [
					 135.418,
					 35.4696
				]
			},
			"properties": {
				"name": "JA/KT-158(宮谷山(三角点))",
				"読み":"Miyataniyama",
				"標高":"200m 1pt ",
				"GL":"PM75rl",
				"市郡区":"C#2203 ",
				"登山日":"",
				"メモ":"",
				"_markerType": "Icon",
				"_iconUrl": "https://maps.gsi.go.jp/portal/sys/v4/symbols/826.png",
				"_iconSize": [
					16,
					16
				],
				"_iconAnchor": [
					8,
					8
				]
			}
		},
		{
			"type": "Feature",
			"geometry": {
				"type": "Point",
				"coordinates": [
					 134.9335,
					 35.6196
				]
			},
			"properties": {
				"name": "JA/KT-159(浦明(三角点))",
				"読み":"Uraake",
				"標高":"193m 1pt ",
				"GL":"PM75lo",
				"市郡区":"C#2213 ",
				"登山日":"",
				"メモ":"",
				"_markerType": "Icon",
				"_iconUrl": "https://maps.gsi.go.jp/portal/sys/v4/symbols/826.png",
				"_iconSize": [
					16,
					16
				],
				"_iconAnchor": [
					8,
					8
				]
			}
		},
		{
			"type": "Feature",
			"geometry": {
				"type": "Point",
				"coordinates": [
					 134.9112,
					 35.6129
				]
			},
			"properties": {
				"name": "JA/KT-160(兜山)",
				"読み":"Kabutoyama",
				"標高":"191m 1pt ",
				"GL":"PM75ko",
				"市郡区":"C#2213 ",
				"登山日":"",
				"メモ":"",
				"_markerType": "Icon",
				"_iconUrl": "https://maps.gsi.go.jp/portal/sys/v4/symbols/826.png",
				"_iconSize": [
					16,
					16
				],
				"_iconAnchor": [
					8,
					8
				]
			}
		},
		{
			"type": "Feature",
			"geometry": {
				"type": "Point",
				"coordinates": [
					 135.2185,
					 35.4301
				]
			},
			"properties": {
				"name": "JA/KT-161(点190)",
				"読み":"JA/KT-161",
				"標高":"190m 1pt ",
				"GL":"PM75ok",
				"市郡区":"C#2203 ",
				"登山日":"",
				"メモ":"",
				"_markerType": "Icon",
				"_iconUrl": "https://maps.gsi.go.jp/portal/sys/v4/symbols/826.png",
				"_iconSize": [
					16,
					16
				],
				"_iconAnchor": [
					8,
					8
				]
			}
		},
		{
			"type": "Feature",
			"geometry": {
				"type": "Point",
				"coordinates": [
					 135.4785,
					 35.5969
				]
			},
			"properties": {
				"name": "JA/KT-162(毛島)",
				"読み":"Kejima",
				"標高":"187m 1pt ",
				"GL":"PM75ro",
				"市郡区":"C#2203 ",
				"登山日":"",
				"メモ":"",
				"_markerType": "Icon",
				"_iconUrl": "https://maps.gsi.go.jp/portal/sys/v4/symbols/826.png",
				"_iconSize": [
					16,
					16
				],
				"_iconAnchor": [
					8,
					8
				]
			}
		},
		{
			"type": "Feature",
			"geometry": {
				"type": "Point",
				"coordinates": [
					 135.2606,
					 35.5631
				]
			},
			"properties": {
				"name": "JA/KT-163(無双岬)",
				"読み":"Musoumisaki",
				"標高":"180m 1pt ",
				"GL":"PM75pn",
				"市郡区":"C#2206 ",
				"登山日":"",
				"メモ":"",
				"_markerType": "Icon",
				"_iconUrl": "https://maps.gsi.go.jp/portal/sys/v4/symbols/826.png",
				"_iconSize": [
					16,
					16
				],
				"_iconAnchor": [
					8,
					8
				]
			}
		},
		{
			"type": "Feature",
			"geometry": {
				"type": "Point",
				"coordinates": [
					 135.4252,
					 35.6812
				]
			},
			"properties": {
				"name": "JA/KT-164(冠島)",
				"読み":"Kanmurijima",
				"標高":"169m 1pt ",
				"GL":"PM75rq",
				"市郡区":"C#2203 ",
				"登山日":"",
				"メモ":"",
				"_markerType": "Icon",
				"_iconUrl": "https://maps.gsi.go.jp/portal/sys/v4/symbols/826.png",
				"_iconSize": [
					16,
					16
				],
				"_iconAnchor": [
					8,
					8
				]
			}
		},
		{
			"type": "Feature",
			"geometry": {
				"type": "Point",
				"coordinates": [
					 135.9075,
					 34.1736
				]
			},
			"properties": {
				"name": "JA/NR-001(八経ヶ岳)",
				"読み":"Hakkyougadake",
				"標高":"1915m 10pt ",
				"GL":"PM74we",
				"市郡区":"G#24010H / G#24010A ",
				"登山日":"",
				"メモ":"",
				"_markerType": "Icon",
				"_iconUrl": "https://maps.gsi.go.jp/portal/sys/v4/symbols/101.png",
				"_iconSize": [
					16,
					16
				],
				"_iconAnchor": [
					8,
					8
				]
			}
		},
		{
			"type": "Feature",
			"geometry": {
				"type": "Point",
				"coordinates": [
					 135.9131,
					 34.1345
				]
			},
			"properties": {
				"name": "JA/NR-002(仏生嶽)",
				"読み":"Busshougadake",
				"標高":"1805m 10pt ",
				"GL":"PM74wd",
				"市郡区":"G#24010A / G#24010I ",
				"登山日":"",
				"メモ":"",
				"_markerType": "Icon",
				"_iconUrl": "https://maps.gsi.go.jp/portal/sys/v4/symbols/101.png",
				"_iconSize": [
					16,
					16
				],
				"_iconAnchor": [
					8,
					8
				]
			}
		},
		{
			"type": "Feature",
			"geometry": {
				"type": "Point",
				"coordinates": [
					 135.9628,
					 34.2279
				]
			},
			"properties": {
				"name": "JA/NR-003(大普賢岳)",
				"読み":"Daifugendake",
				"標高":"1780m 10pt ",
				"GL":"PM74xf",
				"市郡区":"G#24010A / G#24010H / G#24010F",
				"登山日":"",
				"メモ":"",
				"_markerType": "Icon",
				"_iconUrl": "https://maps.gsi.go.jp/portal/sys/v4/symbols/101.png",
				"_iconSize": [
					16,
					16
				],
				"_iconAnchor": [
					8,
					8
				]
			}
		},
		{
			"type": "Feature",
			"geometry": {
				"type": "Point",
				"coordinates": [
					 135.9237,
					 34.2376
				]
			},
			"properties": {
				"name": "JA/NR-004(稲村ヶ岳)",
				"読み":"Inamuragatake",
				"標高":"1726m 10pt ",
				"GL":"PM74xf",
				"市郡区":"G#24010H ",
				"登山日":"",
				"メモ":"",
				"_markerType": "Icon",
				"_iconUrl": "https://maps.gsi.go.jp/portal/sys/v4/symbols/101.png",
				"_iconSize": [
					16,
					16
				],
				"_iconAnchor": [
					8,
					8
				]
			}
		},
		{
			"type": "Feature",
			"geometry": {
				"type": "Point",
				"coordinates": [
					 135.9552,
					 34.2443
				]
			},
			"properties": {
				"name": "JA/NR-005(竜ヶ岳)",
				"読み":"Ryuugatake",
				"標高":"1725m 10pt ",
				"GL":"PM74xf",
				"市郡区":"G#24010H ",
				"登山日":"",
				"メモ":"",
				"_markerType": "Icon",
				"_iconUrl": "https://maps.gsi.go.jp/portal/sys/v4/symbols/101.png",
				"_iconSize": [
					16,
					16
				],
				"_iconAnchor": [
					8,
					8
				]
			}
		},
		{
			"type": "Feature",
			"geometry": {
				"type": "Point",
				"coordinates": [
					 135.9144,
					 34.2846
				]
			},
			"properties": {
				"name": "JA/NR-006(大天井ヶ岳)",
				"読み":"Ootenjougadake",
				"標高":"1439m 8pt ",
				"GL":"PM74wg",
				"市郡区":"G#24010F / G#24010H / G#24010B",
				"登山日":"",
				"メモ":"",
				"_markerType": "Icon",
				"_iconUrl": "https://maps.gsi.go.jp/portal/sys/v4/symbols/104.png",
				"_iconSize": [
					16,
					16
				],
				"_iconAnchor": [
					8,
					8
				]
			}
		},
		{
			"type": "Feature",
			"geometry": {
				"type": "Point",
				"coordinates": [
					 135.8607,
					 34.0287
				]
			},
			"properties": {
				"name": "JA/NR-007(南八人山)",
				"読み":"Minamihachininyama",
				"標高":"1408m 8pt ",
				"GL":"PM74wa",
				"市郡区":"G#24010I ",
				"登山日":"",
				"メモ":"",
				"_markerType": "Icon",
				"_iconUrl": "https://maps.gsi.go.jp/portal/sys/v4/symbols/104.png",
				"_iconSize": [
					16,
					16
				],
				"_iconAnchor": [
					8,
					8
				]
			}
		},
		{
			"type": "Feature",
			"geometry": {
				"type": "Point",
				"coordinates": [
					 136.1146,
					 34.3271
				]
			},
			"properties": {
				"name": "JA/NR-008(千里峰)",
				"読み":"Senrimine",
				"標高":"1400m 8pt ",
				"GL":"PM84bh",
				"市郡区":"G#24010F / C#2104 ",
				"登山日":"",
				"メモ":"",
				"_markerType": "Icon",
				"_iconUrl": "https://maps.gsi.go.jp/portal/sys/v4/symbols/104.png",
				"_iconSize": [
					16,
					16
				],
				"_iconAnchor": [
					8,
					8
				]
			}
		},
		{
			"type": "Feature",
			"geometry": {
				"type": "Point",
				"coordinates": [
					 135.894,
					 34.2545
				]
			},
			"properties": {
				"name": "JA/NR-009(三ツ塚)",
				"読み":"Mitsuzuka",
				"標高":"1380m 8pt ",
				"GL":"PM74wg",
				"市郡区":"G#24010H ",
				"登山日":"",
				"メモ":"",
				"_markerType": "Icon",
				"_iconUrl": "https://maps.gsi.go.jp/portal/sys/v4/symbols/104.png",
				"_iconSize": [
					16,
					16
				],
				"_iconAnchor": [
					8,
					8
				]
			}
		},
		{
			"type": "Feature",
			"geometry": {
				"type": "Point",
				"coordinates": [
					 136.0469,
					 34.2929
				]
			},
			"properties": {
				"name": "JA/NR-010(白鬚岳)",
				"読み":"Shirahigedake",
				"標高":"1378m 8pt ",
				"GL":"PM84ah",
				"市郡区":"G#24010F ",
				"登山日":"",
				"メモ":"",
				"_markerType": "Icon",
				"_iconUrl": "https://maps.gsi.go.jp/portal/sys/v4/symbols/104.png",
				"_iconSize": [
					16,
					16
				],
				"_iconAnchor": [
					8,
					8
				]
			}
		},
		{
			"type": "Feature",
			"geometry": {
				"type": "Point",
				"coordinates": [
					 135.8969,
					 34.0582
				]
			},
			"properties": {
				"name": "JA/NR-011(涅槃岳)",
				"読み":"Nehandake",
				"標高":"1376m 8pt ",
				"GL":"PM74wb",
				"市郡区":"G#24010C / G#24010I ",
				"登山日":"",
				"メモ":"",
				"_markerType": "Icon",
				"_iconUrl": "https://maps.gsi.go.jp/portal/sys/v4/symbols/104.png",
				"_iconSize": [
					16,
					16
				],
				"_iconAnchor": [
					8,
					8
				]
			}
		},
		{
			"type": "Feature",
			"geometry": {
				"type": "Point",
				"coordinates": [
					 135.8983,
					 33.9828
				]
			},
			"properties": {
				"name": "JA/NR-012(笠捨山)",
				"読み":"Kasasuteyama",
				"標高":"1353m 8pt ",
				"GL":"PM73wx",
				"市郡区":"G#24010I / G#24010C ",
				"登山日":"",
				"メモ":"",
				"_markerType": "Icon",
				"_iconUrl": "https://maps.gsi.go.jp/portal/sys/v4/symbols/104.png",
				"_iconSize": [
					16,
					16
				],
				"_iconAnchor": [
					8,
					8
				]
			}
		},
		{
			"type": "Feature",
			"geometry": {
				"type": "Point",
				"coordinates": [
					 135.928,
					 34.0842
				]
			},
			"properties": {
				"name": "JA/NR-013(黒谷の頭)",
				"読み":"Kurotaninokashira",
				"標高":"1334m 8pt ",
				"GL":"PM74xc",
				"市郡区":"G#24010C ",
				"登山日":"",
				"メモ":"",
				"_markerType": "Icon",
				"_iconUrl": "https://maps.gsi.go.jp/portal/sys/v4/symbols/104.png",
				"_iconSize": [
					16,
					16
				],
				"_iconAnchor": [
					8,
					8
				]
			}
		},
		{
			"type": "Feature",
			"geometry": {
				"type": "Point",
				"coordinates": [
					 135.6253,
					 34.0072
				]
			},
			"properties": {
				"name": "JA/NR-014(鉾尖岳)",
				"読み":"Hokozaidake",
				"標高":"1320m 8pt ",
				"GL":"PM74ta",
				"市郡区":"G#24010I / C#2604 ",
				"登山日":"",
				"メモ":"",
				"_markerType": "Icon",
				"_iconUrl": "https://maps.gsi.go.jp/portal/sys/v4/symbols/104.png",
				"_iconSize": [
					16,
					16
				],
				"_iconAnchor": [
					8,
					8
				]
			}
		},
		{
			"type": "Feature",
			"geometry": {
				"type": "Point",
				"coordinates": [
					 136.027,
					 34.3433
				]
			},
			"properties": {
				"name": "JA/NR-015(ショウブツ山南峰)",
				"読み":"Shoubutsuyama_Nanpou",
				"標高":"1310m 8pt ",
				"GL":"PM84ai",
				"市郡区":"G#24010F ",
				"登山日":"",
				"メモ":"",
				"_markerType": "Icon",
				"_iconUrl": "https://maps.gsi.go.jp/portal/sys/v4/symbols/104.png",
				"_iconSize": [
					16,
					16
				],
				"_iconAnchor": [
					8,
					8
				]
			}
		},
		{
			"type": "Feature",
			"geometry": {
				"type": "Point",
				"coordinates": [
					 135.9098,
					 34.0246
				]
			},
			"properties": {
				"name": "JA/NR-016(転法輪岳)",
				"読み":"Tenhourindake",
				"標高":"1282m 8pt ",
				"GL":"PM74wa",
				"市郡区":"G#24010I / G#24010C ",
				"登山日":"",
				"メモ":"",
				"_markerType": "Icon",
				"_iconUrl": "https://maps.gsi.go.jp/portal/sys/v4/symbols/104.png",
				"_iconSize": [
					16,
					16
				],
				"_iconAnchor": [
					8,
					8
				]
			}
		},
		{
			"type": "Feature",
			"geometry": {
				"type": "Point",
				"coordinates": [
					 136.0553,
					 34.1197
				]
			},
			"properties": {
				"name": "JA/NR-017(荒谷山(於古谷(三角点)))",
				"読み":"Arataniyama",
				"標高":"1267m 8pt ",
				"GL":"PM84ac",
				"市郡区":"G#24010A ",
				"登山日":"",
				"メモ":"",
				"_markerType": "Icon",
				"_iconUrl": "https://maps.gsi.go.jp/portal/sys/v4/symbols/104.png",
				"_iconSize": [
					16,
					16
				],
				"_iconAnchor": [
					8,
					8
				]
			}
		},
		{
			"type": "Feature",
			"geometry": {
				"type": "Point",
				"coordinates": [
					 135.6528,
					 33.8991
				]
			},
			"properties": {
				"name": "JA/NR-018(冷水山)",
				"読み":"Hiyamizuyama",
				"標高":"1262m 8pt ",
				"GL":"PM73tv",
				"市郡区":"G#24010I ",
				"登山日":"",
				"メモ":"",
				"_markerType": "Icon",
				"_iconUrl": "https://maps.gsi.go.jp/portal/sys/v4/symbols/104.png",
				"_iconSize": [
					16,
					16
				],
				"_iconAnchor": [
					8,
					8
				]
			}
		},
		{
			"type": "Feature",
			"geometry": {
				"type": "Point",
				"coordinates": [
					 135.6545,
					 34.1524
				]
			},
			"properties": {
				"name": "JA/NR-019(荒神岳)",
				"読み":"Koujindake",
				"標高":"1260m 8pt ",
				"GL":"PM74td",
				"市郡区":"G#24010K ",
				"登山日":"",
				"メモ":"",
				"_markerType": "Icon",
				"_iconUrl": "https://maps.gsi.go.jp/portal/sys/v4/symbols/104.png",
				"_iconSize": [
					16,
					16
				],
				"_iconAnchor": [
					8,
					8
				]
			}
		},
		{
			"type": "Feature",
			"geometry": {
				"type": "Point",
				"coordinates": [
					 135.6949,
					 34.1092
				]
			},
			"properties": {
				"name": "JA/NR-020(裸岳(三角点))",
				"読み":"Hadakadake",
				"標高":"1259m 8pt ",
				"GL":"PM74uc",
				"市郡区":"C#2407 / G#24010K ",
				"登山日":"",
				"メモ":"",
				"_markerType": "Icon",
				"_iconUrl": "https://maps.gsi.go.jp/portal/sys/v4/symbols/104.png",
				"_iconSize": [
					16,
					16
				],
				"_iconAnchor": [
					8,
					8
				]
			}
		},
		{
			"type": "Feature",
			"geometry": {
				"type": "Point",
				"coordinates": [
					 135.5958,
					 34.0288
				]
			},
			"properties": {
				"name": "JA/NR-021(野々原辻(三角点))",
				"読み":"Nonoharatsuji",
				"標高":"1240m 8pt ",
				"GL":"PM74ta",
				"市郡区":"G#24010I / C#2604 ",
				"登山日":"",
				"メモ":"",
				"_markerType": "Icon",
				"_iconUrl": "https://maps.gsi.go.jp/portal/sys/v4/symbols/104.png",
				"_iconSize": [
					16,
					16
				],
				"_iconAnchor": [
					8,
					8
				]
			}
		},
		{
			"type": "Feature",
			"geometry": {
				"type": "Point",
				"coordinates": [
					 135.9099,
					 34.3209
				]
			},
			"properties": {
				"name": "JA/NR-022(四寸岩山)",
				"読み":"Shisuniwayama",
				"標高":"1236m 8pt ",
				"GL":"PM74wh",
				"市郡区":"G#24010B / G#24010F ",
				"登山日":"",
				"メモ":"",
				"_markerType": "Icon",
				"_iconUrl": "https://maps.gsi.go.jp/portal/sys/v4/symbols/104.png",
				"_iconSize": [
					16,
					16
				],
				"_iconAnchor": [
					8,
					8
				]
			}
		},
		{
			"type": "Feature",
			"geometry": {
				"type": "Point",
				"coordinates": [
					 135.6182,
					 33.9547
				]
			},
			"properties": {
				"name": "JA/NR-023(大峠山)",
				"読み":"Ootougeyama",
				"標高":"1212m 8pt ",
				"GL":"PM73tw",
				"市郡区":"G#24010I / C#2604 ",
				"登山日":"",
				"メモ":"",
				"_markerType": "Icon",
				"_iconUrl": "https://maps.gsi.go.jp/portal/sys/v4/symbols/104.png",
				"_iconSize": [
					16,
					16
				],
				"_iconAnchor": [
					8,
					8
				]
			}
		},
		{
			"type": "Feature",
			"geometry": {
				"type": "Point",
				"coordinates": [
					 135.7331,
					 34.0263
				]
			},
			"properties": {
				"name": "JA/NR-024(ヒウラ山)",
				"読み":"Hiurayama",
				"標高":"1194m 8pt ",
				"GL":"PM74ua",
				"市郡区":"G#24010I ",
				"登山日":"",
				"メモ":"",
				"_markerType": "Icon",
				"_iconUrl": "https://maps.gsi.go.jp/portal/sys/v4/symbols/104.png",
				"_iconSize": [
					16,
					16
				],
				"_iconAnchor": [
					8,
					8
				]
			}
		},
		{
			"type": "Feature",
			"geometry": {
				"type": "Point",
				"coordinates": [
					 135.7778,
					 34.1645
				]
			},
			"properties": {
				"name": "JA/NR-025(白六山)",
				"読み":"Hakurokusan",
				"標高":"1189m 8pt ",
				"GL":"PM74vd",
				"市郡区":"C#2407 ",
				"登山日":"",
				"メモ":"",
				"_markerType": "Icon",
				"_iconUrl": "https://maps.gsi.go.jp/portal/sys/v4/symbols/104.png",
				"_iconSize": [
					16,
					16
				],
				"_iconAnchor": [
					8,
					8
				]
			}
		},
		{
			"type": "Feature",
			"geometry": {
				"type": "Point",
				"coordinates": [
					 135.6166,
					 34.1556
				]
			},
			"properties": {
				"name": "JA/NR-026(水ヶ峰南峰)",
				"読み":"Mizugamine_Nanpou",
				"標高":"1184m 8pt ",
				"GL":"PM74td",
				"市郡区":"G#24010K / G#26002D ",
				"登山日":"",
				"メモ":"",
				"_markerType": "Icon",
				"_iconUrl": "https://maps.gsi.go.jp/portal/sys/v4/symbols/104.png",
				"_iconSize": [
					16,
					16
				],
				"_iconAnchor": [
					8,
					8
				]
			}
		},
		{
			"type": "Feature",
			"geometry": {
				"type": "Point",
				"coordinates": [
					 136.0726,
					 34.064
				]
			},
			"properties": {
				"name": "JA/NR-027(雷峠2(三角点))",
				"読み":"Kaminaritouge2",
				"標高":"1182m 8pt ",
				"GL":"PM84ab",
				"市郡区":"G#24010A ",
				"登山日":"",
				"メモ":"",
				"_markerType": "Icon",
				"_iconUrl": "https://maps.gsi.go.jp/portal/sys/v4/symbols/104.png",
				"_iconSize": [
					16,
					16
				],
				"_iconAnchor": [
					8,
					8
				]
			}
		},
		{
			"type": "Feature",
			"geometry": {
				"type": "Point",
				"coordinates": [
					 135.7251,
					 34.1617
				]
			},
			"properties": {
				"name": "JA/NR-028(陣の峰)",
				"読み":"Jinomune",
				"標高":"1178m 8pt ",
				"GL":"PM74ud",
				"市郡区":"G#24010K / C#2407 ",
				"登山日":"",
				"メモ":"",
				"_markerType": "Icon",
				"_iconUrl": "https://maps.gsi.go.jp/portal/sys/v4/symbols/104.png",
				"_iconSize": [
					16,
					16
				],
				"_iconAnchor": [
					8,
					8
				]
			}
		},
		{
			"type": "Feature",
			"geometry": {
				"type": "Point",
				"coordinates": [
					 135.6729,
					 34.4194
				]
			},
			"properties": {
				"name": "JA/NR-029(金剛山)",
				"読み":"Kongouzan",
				"標高":"1125m 8pt ",
				"GL":"PM74uk",
				"市郡区":"C#2408 ",
				"登山日":"",
				"メモ":"",
				"_markerType": "Icon",
				"_iconUrl": "https://maps.gsi.go.jp/portal/sys/v4/symbols/104.png",
				"_iconSize": [
					16,
					16
				],
				"_iconAnchor": [
					8,
					8
				]
			}
		},
		{
			"type": "Feature",
			"geometry": {
				"type": "Point",
				"coordinates": [
					 135.7893,
					 34.211
				]
			},
			"properties": {
				"name": "JA/NR-030(白石山)",
				"読み":"Shiraishiyama",
				"標高":"1120m 8pt ",
				"GL":"PM74vf",
				"市郡区":"G#24010H ",
				"登山日":"",
				"メモ":"",
				"_markerType": "Icon",
				"_iconUrl": "https://maps.gsi.go.jp/portal/sys/v4/symbols/104.png",
				"_iconSize": [
					16,
					16
				],
				"_iconAnchor": [
					8,
					8
				]
			}
		},
		{
			"type": "Feature",
			"geometry": {
				"type": "Point",
				"coordinates": [
					 135.7585,
					 34.192
				]
			},
			"properties": {
				"name": "JA/NR-031(唐笠山)",
				"読み":"Togasayama",
				"標高":"1118m 8pt ",
				"GL":"PM74ve",
				"市郡区":"G#24010H / C#2407 ",
				"登山日":"",
				"メモ":"",
				"_markerType": "Icon",
				"_iconUrl": "https://maps.gsi.go.jp/portal/sys/v4/symbols/104.png",
				"_iconSize": [
					16,
					16
				],
				"_iconAnchor": [
					8,
					8
				]
			}
		},
		{
			"type": "Feature",
			"geometry": {
				"type": "Point",
				"coordinates": [
					 136.0236,
					 34.0979
				]
			},
			"properties": {
				"name": "JA/NR-032(ウルメ谷の頭)",
				"読み":"Urumetaninokashira",
				"標高":"1114m 8pt ",
				"GL":"PM84ac",
				"市郡区":"G#24010A ",
				"登山日":"",
				"メモ":"",
				"_markerType": "Icon",
				"_iconUrl": "https://maps.gsi.go.jp/portal/sys/v4/symbols/104.png",
				"_iconSize": [
					16,
					16
				],
				"_iconAnchor": [
					8,
					8
				]
			}
		},
		{
			"type": "Feature",
			"geometry": {
				"type": "Point",
				"coordinates": [
					 135.8051,
					 34.2347
				]
			},
			"properties": {
				"name": "JA/NR-033(高城山)",
				"読み":"Takashiroyama",
				"標高":"1111m 8pt ",
				"GL":"PM74vf",
				"市郡区":"C#2407 / G#24010H ",
				"登山日":"",
				"メモ":"",
				"_markerType": "Icon",
				"_iconUrl": "https://maps.gsi.go.jp/portal/sys/v4/symbols/104.png",
				"_iconSize": [
					16,
					16
				],
				"_iconAnchor": [
					8,
					8
				]
			}
		},
		{
			"type": "Feature",
			"geometry": {
				"type": "Point",
				"coordinates": [
					 135.6347,
					 34.2039
				]
			},
			"properties": {
				"name": "JA/NR-034(陣ヶ峰)",
				"読み":"Jingamine",
				"標高":"1106m 8pt ",
				"GL":"PM74te",
				"市郡区":"G#24010K / G#26002D ",
				"登山日":"",
				"メモ":"",
				"_markerType": "Icon",
				"_iconUrl": "https://maps.gsi.go.jp/portal/sys/v4/symbols/104.png",
				"_iconSize": [
					16,
					16
				],
				"_iconAnchor": [
					8,
					8
				]
			}
		},
		{
			"type": "Feature",
			"geometry": {
				"type": "Point",
				"coordinates": [
					 135.8316,
					 33.9266
				]
			},
			"properties": {
				"name": "JA/NR-035(玉置山)",
				"読み":"Tamakiyama",
				"標高":"1077m 6pt ",
				"GL":"PM73vw",
				"市郡区":"G#24010I ",
				"登山日":"",
				"メモ":"",
				"_markerType": "Icon",
				"_iconUrl": "https://maps.gsi.go.jp/portal/sys/v4/symbols/103.png",
				"_iconSize": [
					16,
					16
				],
				"_iconAnchor": [
					8,
					8
				]
			}
		},
		{
			"type": "Feature",
			"geometry": {
				"type": "Point",
				"coordinates": [
					 136.0934,
					 34.5165
				]
			},
			"properties": {
				"name": "JA/NR-036(国見山)",
				"読み":"Kunimiyama",
				"標高":"1016m 6pt ",
				"GL":"PM84bm",
				"市郡区":"G#24002C / C#2412 ",
				"登山日":"",
				"メモ":"",
				"_markerType": "Icon",
				"_iconUrl": "https://maps.gsi.go.jp/portal/sys/v4/symbols/103.png",
				"_iconSize": [
					16,
					16
				],
				"_iconAnchor": [
					8,
					8
				]
			}
		},
		{
			"type": "Feature",
			"geometry": {
				"type": "Point",
				"coordinates": [
					 136.1515,
					 34.5026
				]
			},
			"properties": {
				"name": "JA/NR-037(古光山近傍)",
				"読み":"Near_Kogoyama",
				"標高":"960m 6pt ",
				"GL":"PM84bm",
				"市郡区":"G#24002D / G#24002C ",
				"登山日":"",
				"メモ":"",
				"_markerType": "Icon",
				"_iconUrl": "https://maps.gsi.go.jp/portal/sys/v4/symbols/103.png",
				"_iconSize": [
					16,
					16
				],
				"_iconAnchor": [
					8,
					8
				]
			}
		},
		{
			"type": "Feature",
			"geometry": {
				"type": "Point",
				"coordinates": [
					 136.1206,
					 34.5258
				]
			},
			"properties": {
				"name": "JA/NR-038(兜岳)",
				"読み":"Kabutodake",
				"標高":"920m 6pt ",
				"GL":"PM84bm",
				"市郡区":"G#24002C ",
				"登山日":"",
				"メモ":"",
				"_markerType": "Icon",
				"_iconUrl": "https://maps.gsi.go.jp/portal/sys/v4/symbols/103.png",
				"_iconSize": [
					16,
					16
				],
				"_iconAnchor": [
					8,
					8
				]
			}
		},
		{
			"type": "Feature",
			"geometry": {
				"type": "Point",
				"coordinates": [
					 135.8919,
					 34.4671
				]
			},
			"properties": {
				"name": "JA/NR-039(熊ヶ岳)",
				"読み":"Kumagadake",
				"標高":"904m 6pt ",
				"GL":"PM74wl",
				"市郡区":"C#2406 / C#2412 ",
				"登山日":"",
				"メモ":"",
				"_markerType": "Icon",
				"_iconUrl": "https://maps.gsi.go.jp/portal/sys/v4/symbols/103.png",
				"_iconSize": [
					16,
					16
				],
				"_iconAnchor": [
					8,
					8
				]
			}
		},
		{
			"type": "Feature",
			"geometry": {
				"type": "Point",
				"coordinates": [
					 136.0273,
					 34.5058
				]
			},
			"properties": {
				"name": "JA/NR-040(三郎岳)",
				"読み":"Saburoudake",
				"標高":"879m 6pt ",
				"GL":"PM84am",
				"市郡区":"C#2412 ",
				"登山日":"",
				"メモ":"",
				"_markerType": "Icon",
				"_iconUrl": "https://maps.gsi.go.jp/portal/sys/v4/symbols/103.png",
				"_iconSize": [
					16,
					16
				],
				"_iconAnchor": [
					8,
					8
				]
			}
		},
		{
			"type": "Feature",
			"geometry": {
				"type": "Point",
				"coordinates": [
					 135.7842,
					 33.9739
				]
			},
			"properties": {
				"name": "JA/NR-041(小原峰)",
				"読み":"Oharamine",
				"標高":"863m 6pt ",
				"GL":"PM73vx",
				"市郡区":"G#24010I ",
				"登山日":"",
				"メモ":"",
				"_markerType": "Icon",
				"_iconUrl": "https://maps.gsi.go.jp/portal/sys/v4/symbols/103.png",
				"_iconSize": [
					16,
					16
				],
				"_iconAnchor": [
					8,
					8
				]
			}
		},
		{
			"type": "Feature",
			"geometry": {
				"type": "Point",
				"coordinates": [
					 135.9463,
					 34.5603
				]
			},
			"properties": {
				"name": "JA/NR-042(貝ヶ平山)",
				"読み":"Kaigahirayama",
				"標高":"822m 4pt ",
				"GL":"PM74xn",
				"市郡区":"C#2401 / C#2406 / C#2412",
				"登山日":"",
				"メモ":"",
				"_markerType": "Icon",
				"_iconUrl": "https://maps.gsi.go.jp/portal/sys/v4/symbols/828.png",
				"_iconSize": [
					16,
					16
				],
				"_iconAnchor": [
					8,
					8
				]
			}
		},
		{
			"type": "Feature",
			"geometry": {
				"type": "Point",
				"coordinates": [
					 135.969,
					 34.5589
				]
			},
			"properties": {
				"name": "JA/NR-043(額井岳)",
				"読み":"Nukaidake",
				"標高":"812m 4pt ",
				"GL":"PM74xn",
				"市郡区":"C#2401 / C#2412 ",
				"登山日":"",
				"メモ":"",
				"_markerType": "Icon",
				"_iconUrl": "https://maps.gsi.go.jp/portal/sys/v4/symbols/828.png",
				"_iconSize": [
					16,
					16
				],
				"_iconAnchor": [
					8,
					8
				]
			}
		},
		{
			"type": "Feature",
			"geometry": {
				"type": "Point",
				"coordinates": [
					 136.1282,
					 34.494
				]
			},
			"properties": {
				"name": "JA/NR-044(点794)",
				"読み":"P794",
				"標高":"794m 4pt ",
				"GL":"PM84bl",
				"市郡区":"G#24002C / G#24002D ",
				"登山日":"",
				"メモ":"",
				"_markerType": "Icon",
				"_iconUrl": "https://maps.gsi.go.jp/portal/sys/v4/symbols/828.png",
				"_iconSize": [
					16,
					16
				],
				"_iconAnchor": [
					8,
					8
				]
			}
		},
		{
			"type": "Feature",
			"geometry": {
				"type": "Point",
				"coordinates": [
					 135.9633,
					 34.0201
				]
			},
			"properties": {
				"name": "JA/NR-045(長谷(三角点))",
				"読み":"Hase",
				"標高":"704m 4pt ",
				"GL":"PM74xa",
				"市郡区":"G#24010C ",
				"登山日":"",
				"メモ":"",
				"_markerType": "Icon",
				"_iconUrl": "https://maps.gsi.go.jp/portal/sys/v4/symbols/828.png",
				"_iconSize": [
					16,
					16
				],
				"_iconAnchor": [
					8,
					8
				]
			}
		},
		{
			"type": "Feature",
			"geometry": {
				"type": "Point",
				"coordinates": [
					 135.8387,
					 34.3174
				]
			},
			"properties": {
				"name": "JA/NR-046(点694)",
				"読み":"P694",
				"標高":"694m 4pt ",
				"GL":"PM74wh",
				"市郡区":"G#24010B ",
				"登山日":"",
				"メモ":"",
				"_markerType": "Icon",
				"_iconUrl": "https://maps.gsi.go.jp/portal/sys/v4/symbols/828.png",
				"_iconSize": [
					16,
					16
				],
				"_iconAnchor": [
					8,
					8
				]
			}
		},
		{
			"type": "Feature",
			"geometry": {
				"type": "Point",
				"coordinates": [
					 135.9012,
					 34.6348
				]
			},
			"properties": {
				"name": "JA/NR-048(国見山)",
				"読み":"Kunimiyama",
				"標高":"680m 4pt ",
				"GL":"PM74wp",
				"市郡区":"C#2404 / C#2401 ",
				"登山日":"",
				"メモ":"",
				"_markerType": "Icon",
				"_iconUrl": "https://maps.gsi.go.jp/portal/sys/v4/symbols/828.png",
				"_iconSize": [
					16,
					16
				],
				"_iconAnchor": [
					8,
					8
				]
			}
		},
		{
			"type": "Feature",
			"geometry": {
				"type": "Point",
				"coordinates": [
					 135.679,
					 34.6785
				]
			},
			"properties": {
				"name": "JA/NR-049(生駒山)",
				"読み":"Ikomayama",
				"標高":"642m 2pt ",
				"GL":"PM74uq",
				"市郡区":"C#2409 / C#2531 ",
				"登山日":"",
				"メモ":"",
				"_markerType": "Icon",
				"_iconUrl": "https://maps.gsi.go.jp/portal/sys/v4/symbols/102.png",
				"_iconSize": [
					16,
					16
				],
				"_iconAnchor": [
					8,
					8
				]
			}
		},
		{
			"type": "Feature",
			"geometry": {
				"type": "Point",
				"coordinates": [
					 135.9666,
					 34.5049
				]
			},
			"properties": {
				"name": "JA/NR-050(伊那佐山)",
				"読み":"Inasayama",
				"標高":"637m 2pt ",
				"GL":"PM74xm",
				"市郡区":"C#2412 ",
				"登山日":"",
				"メモ":"",
				"_markerType": "Icon",
				"_iconUrl": "https://maps.gsi.go.jp/portal/sys/v4/symbols/102.png",
				"_iconSize": [
					16,
					16
				],
				"_iconAnchor": [
					8,
					8
				]
			}
		},
		{
			"type": "Feature",
			"geometry": {
				"type": "Point",
				"coordinates": [
					 135.8052,
					 34.3274
				]
			},
			"properties": {
				"name": "JA/NR-051(北向(三角点))",
				"読み":"Kitamuke",
				"標高":"636m 2pt ",
				"GL":"PM74vh",
				"市郡区":"G#24010G ",
				"登山日":"",
				"メモ":"",
				"_markerType": "Icon",
				"_iconUrl": "https://maps.gsi.go.jp/portal/sys/v4/symbols/102.png",
				"_iconSize": [
					16,
					16
				],
				"_iconAnchor": [
					8,
					8
				]
			}
		},
		{
			"type": "Feature",
			"geometry": {
				"type": "Point",
				"coordinates": [
					 135.7493,
					 34.3034
				]
			},
			"properties": {
				"name": "JA/NR-052(竜王山)",
				"読み":"Ryuuouzan",
				"標高":"619m 2pt ",
				"GL":"PM74uh",
				"市郡区":"C#2407 ",
				"登山日":"",
				"メモ":"",
				"_markerType": "Icon",
				"_iconUrl": "https://maps.gsi.go.jp/portal/sys/v4/symbols/102.png",
				"_iconSize": [
					16,
					16
				],
				"_iconAnchor": [
					8,
					8
				]
			}
		},
		{
			"type": "Feature",
			"geometry": {
				"type": "Point",
				"coordinates": [
					 135.8894,
					 33.9137
				]
			},
			"properties": {
				"name": "JA/NR-053(大森山)",
				"読み":"Oomoriyama",
				"標高":"542m 2pt ",
				"GL":"PM73wv",
				"市郡区":"G#24010I ",
				"登山日":"",
				"メモ":"",
				"_markerType": "Icon",
				"_iconUrl": "https://maps.gsi.go.jp/portal/sys/v4/symbols/102.png",
				"_iconSize": [
					16,
					16
				],
				"_iconAnchor": [
					8,
					8
				]
			}
		},
		{
			"type": "Feature",
			"geometry": {
				"type": "Point",
				"coordinates": [
					 135.9104,
					 34.5188
				]
			},
			"properties": {
				"name": "JA/NR-054(鎌倉岳)",
				"読み":"Kamakuradake",
				"標高":"525m 2pt ",
				"GL":"PM74wm",
				"市郡区":"C#2406 / C#2412 ",
				"登山日":"",
				"メモ":"",
				"_markerType": "Icon",
				"_iconUrl": "https://maps.gsi.go.jp/portal/sys/v4/symbols/102.png",
				"_iconSize": [
					16,
					16
				],
				"_iconAnchor": [
					8,
					8
				]
			}
		},
		{
			"type": "Feature",
			"geometry": {
				"type": "Point",
				"coordinates": [
					 135.9722,
					 34.5342
				]
			},
			"properties": {
				"name": "JA/NR-055(福地岳)",
				"読み":"Fukuchidake",
				"標高":"521m 2pt ",
				"GL":"PM74xm",
				"市郡区":"C#2412 ",
				"登山日":"",
				"メモ":"",
				"_markerType": "Icon",
				"_iconUrl": "https://maps.gsi.go.jp/portal/sys/v4/symbols/102.png",
				"_iconSize": [
					16,
					16
				],
				"_iconAnchor": [
					8,
					8
				]
			}
		},
		{
			"type": "Feature",
			"geometry": {
				"type": "Point",
				"coordinates": [
					 135.6776,
					 34.5256
				]
			},
			"properties": {
				"name": "JA/NR-056(二上山(雄岳))",
				"読み":"Nijyousan/Odake",
				"標高":"517m 2pt ",
				"GL":"PM74um",
				"市郡区":"C#2411 / G#25007C ",
				"登山日":"",
				"メモ":"",
				"_markerType": "Icon",
				"_iconUrl": "https://maps.gsi.go.jp/portal/sys/v4/symbols/102.png",
				"_iconSize": [
					16,
					16
				],
				"_iconAnchor": [
					8,
					8
				]
			}
		},
		{
			"type": "Feature",
			"geometry": {
				"type": "Point",
				"coordinates": [
					 135.7078,
					 34.7808
				]
			},
			"properties": {
				"name": "JA/NR-057(旗振山)",
				"読み":"Hatafuriyama",
				"標高":"345m 1pt ",
				"GL":"PM74us",
				"市郡区":"C#2534 / C#2409 ",
				"登山日":"",
				"メモ":"",
				"_markerType": "Icon",
				"_iconUrl": "https://maps.gsi.go.jp/portal/sys/v4/symbols/826.png",
				"_iconSize": [
					16,
					16
				],
				"_iconAnchor": [
					8,
					8
				]
			}
		},
		{
			"type": "Feature",
			"geometry": {
				"type": "Point",
				"coordinates": [
					 135.7286,
					 34.654
				]
			},
			"properties": {
				"name": "JA/NR-058(矢田山)",
				"読み":"Yatayama",
				"標高":"340m 1pt ",
				"GL":"PM74up",
				"市郡区":"C#2403 / C#2409 ",
				"登山日":"",
				"メモ":"",
				"_markerType": "Icon",
				"_iconUrl": "https://maps.gsi.go.jp/portal/sys/v4/symbols/826.png",
				"_iconSize": [
					16,
					16
				],
				"_iconAnchor": [
					8,
					8
				]
			}
		},
		{
			"type": "Feature",
			"geometry": {
				"type": "Point",
				"coordinates": [
					 136.0617,
					 34.1464
				]
			},
			"properties": {
				"name": "JA/NR-059(又釼山)",
				"読み":"Matatsurugiyama",
				"標高":"1377m 8pt ",
				"GL":"PM84ad",
				"市郡区":"G#24010A ",
				"登山日":"",
				"メモ":"",
				"_markerType": "Icon",
				"_iconUrl": "https://maps.gsi.go.jp/portal/sys/v4/symbols/104.png",
				"_iconSize": [
					16,
					16
				],
				"_iconAnchor": [
					8,
					8
				]
			}
		},
		{
			"type": "Feature",
			"geometry": {
				"type": "Point",
				"coordinates": [
					 135.635,
					 34.0876
				]
			},
			"properties": {
				"name": "JA/NR-060(夏虫山)",
				"読み":"Natsumushiyama",
				"標高":"1348m 8pt ",
				"GL":"PM74tc",
				"市郡区":"G#24010K ",
				"登山日":"",
				"メモ":"",
				"_markerType": "Icon",
				"_iconUrl": "https://maps.gsi.go.jp/portal/sys/v4/symbols/104.png",
				"_iconSize": [
					16,
					16
				],
				"_iconAnchor": [
					8,
					8
				]
			}
		},
		{
			"type": "Feature",
			"geometry": {
				"type": "Point",
				"coordinates": [
					 135.9775,
					 34.3488
				]
			},
			"properties": {
				"name": "JA/NR-061(白屋岳)",
				"読み":"Shiroyadake",
				"標高":"1177m 8pt ",
				"GL":"PM74xi",
				"市郡区":"G#24010F ",
				"登山日":"",
				"メモ":"",
				"_markerType": "Icon",
				"_iconUrl": "https://maps.gsi.go.jp/portal/sys/v4/symbols/104.png",
				"_iconSize": [
					16,
					16
				],
				"_iconAnchor": [
					8,
					8
				]
			}
		},
		{
			"type": "Feature",
			"geometry": {
				"type": "Point",
				"coordinates": [
					 136.0848,
					 34.0977
				]
			},
			"properties": {
				"name": "JA/NR-062(点1167)",
				"読み":"JA/NR-062",
				"標高":"1167m 8pt ",
				"GL":"PM84bc",
				"市郡区":"G#24010A ",
				"登山日":"",
				"メモ":"",
				"_markerType": "Icon",
				"_iconUrl": "https://maps.gsi.go.jp/portal/sys/v4/symbols/104.png",
				"_iconSize": [
					16,
					16
				],
				"_iconAnchor": [
					8,
					8
				]
			}
		},
		{
			"type": "Feature",
			"geometry": {
				"type": "Point",
				"coordinates": [
					 136.0946,
					 34.047
				]
			},
			"properties": {
				"name": "JA/NR-063(瀬戸小屋(三角点))",
				"読み":"Setogoya",
				"標高":"1150m 8pt ",
				"GL":"PM84bb",
				"市郡区":"G#24010A / C#2109 ",
				"登山日":"",
				"メモ":"",
				"_markerType": "Icon",
				"_iconUrl": "https://maps.gsi.go.jp/portal/sys/v4/symbols/104.png",
				"_iconSize": [
					16,
					16
				],
				"_iconAnchor": [
					8,
					8
				]
			}
		},
		{
			"type": "Feature",
			"geometry": {
				"type": "Point",
				"coordinates": [
					 135.7669,
					 33.9983
				]
			},
			"properties": {
				"name": "JA/NR-064(行仙岳)",
				"読み":"Gyousendake",
				"標高":"1091m 6pt ",
				"GL":"PM73vx",
				"市郡区":"G#24010I ",
				"登山日":"",
				"メモ":"",
				"_markerType": "Icon",
				"_iconUrl": "https://maps.gsi.go.jp/portal/sys/v4/symbols/103.png",
				"_iconSize": [
					16,
					16
				],
				"_iconAnchor": [
					8,
					8
				]
			}
		},
		{
			"type": "Feature",
			"geometry": {
				"type": "Point",
				"coordinates": [
					 135.5699,
					 34.1128
				]
			},
			"properties": {
				"name": "JA/NR-065(高尾瀬(三角点))",
				"読み":"Takaoze",
				"標高":"1079m 6pt ",
				"GL":"PM74sc",
				"市郡区":"G#24010K / G#26002C ",
				"登山日":"",
				"メモ":"",
				"_markerType": "Icon",
				"_iconUrl": "https://maps.gsi.go.jp/portal/sys/v4/symbols/103.png",
				"_iconSize": [
					16,
					16
				],
				"_iconAnchor": [
					8,
					8
				]
			}
		},
		{
			"type": "Feature",
			"geometry": {
				"type": "Point",
				"coordinates": [
					 135.6816,
					 34.0188
				]
			},
			"properties": {
				"name": "JA/NR-066(点1064)",
				"読み":"P1064",
				"標高":"1064m 6pt ",
				"GL":"PM74ua",
				"市郡区":"G#24010I ",
				"登山日":"",
				"メモ":"",
				"_markerType": "Icon",
				"_iconUrl": "https://maps.gsi.go.jp/portal/sys/v4/symbols/103.png",
				"_iconSize": [
					16,
					16
				],
				"_iconAnchor": [
					8,
					8
				]
			}
		},
		{
			"type": "Feature",
			"geometry": {
				"type": "Point",
				"coordinates": [
					 135.8977,
					 34.4406
				]
			},
			"properties": {
				"name": "JA/NR-068(竜門岳)",
				"読み":"Ryumondake",
				"標高":"904m 6pt ",
				"GL":"PM74wk",
				"市郡区":"G#24010M ",
				"登山日":"",
				"メモ":"",
				"_markerType": "Icon",
				"_iconUrl": "https://maps.gsi.go.jp/portal/sys/v4/symbols/103.png",
				"_iconSize": [
					16,
					16
				],
				"_iconAnchor": [
					8,
					8
				]
			}
		},
		{
			"type": "Feature",
			"geometry": {
				"type": "Point",
				"coordinates": [
					 136.1302,
					 34.5288
				]
			},
			"properties": {
				"name": "JA/NR-069(鎧岳)",
				"読み":"Yoroidake",
				"標高":"894m 6pt ",
				"GL":"PM84bm",
				"市郡区":"G#24002C ",
				"登山日":"",
				"メモ":"",
				"_markerType": "Icon",
				"_iconUrl": "https://maps.gsi.go.jp/portal/sys/v4/symbols/103.png",
				"_iconSize": [
					16,
					16
				],
				"_iconAnchor": [
					8,
					8
				]
			}
		},
		{
			"type": "Feature",
			"geometry": {
				"type": "Point",
				"coordinates": [
					 135.8404,
					 34.3325
				]
			},
			"properties": {
				"name": "JA/NR-070(ドウトコ山)",
				"読み":"Doutokoyama",
				"標高":"722m 4pt ",
				"GL":"PM74wh",
				"市郡区":"G#24010B / G#24010G ",
				"登山日":"",
				"メモ":"",
				"_markerType": "Icon",
				"_iconUrl": "https://maps.gsi.go.jp/portal/sys/v4/symbols/828.png",
				"_iconSize": [
					16,
					16
				],
				"_iconAnchor": [
					8,
					8
				]
			}
		},
		{
			"type": "Feature",
			"geometry": {
				"type": "Point",
				"coordinates": [
					 135.9889,
					 34.4078
				]
			},
			"properties": {
				"name": "JA/NR-071(点688)",
				"読み":"P688",
				"標高":"688m 4pt ",
				"GL":"PM74xj",
				"市郡区":"G#24010L ",
				"登山日":"",
				"メモ":"",
				"_markerType": "Icon",
				"_iconUrl": "https://maps.gsi.go.jp/portal/sys/v4/symbols/828.png",
				"_iconSize": [
					16,
					16
				],
				"_iconAnchor": [
					8,
					8
				]
			}
		},
		{
			"type": "Feature",
			"geometry": {
				"type": "Point",
				"coordinates": [
					 136.0249,
					 34.5366
				]
			},
			"properties": {
				"name": "JA/NR-072(点679)",
				"読み":"P679",
				"標高":"679m 4pt ",
				"GL":"PM84am",
				"市郡区":"C#2412 ",
				"登山日":"",
				"メモ":"",
				"_markerType": "Icon",
				"_iconUrl": "https://maps.gsi.go.jp/portal/sys/v4/symbols/828.png",
				"_iconSize": [
					16,
					16
				],
				"_iconAnchor": [
					8,
					8
				]
			}
		},
		{
			"type": "Feature",
			"geometry": {
				"type": "Point",
				"coordinates": [
					 136.0039,
					 34.5805
				]
			},
			"properties": {
				"name": "JA/NR-073(拝の山)",
				"読み":"Hainoyama",
				"標高":"620m 2pt ",
				"GL":"PM84an",
				"市郡区":"C#2412 ",
				"登山日":"",
				"メモ":"",
				"_markerType": "Icon",
				"_iconUrl": "https://maps.gsi.go.jp/portal/sys/v4/symbols/102.png",
				"_iconSize": [
					16,
					16
				],
				"_iconAnchor": [
					8,
					8
				]
			}
		},
		{
			"type": "Feature",
			"geometry": {
				"type": "Point",
				"coordinates": [
					 135.9896,
					 34.0225
				]
			},
			"properties": {
				"name": "JA/NR-074(下桑原(三角点))",
				"読み":"Shimokuwahara",
				"標高":"540m 2pt ",
				"GL":"PM74xa",
				"市郡区":"G#24010C ",
				"登山日":"",
				"メモ":"",
				"_markerType": "Icon",
				"_iconUrl": "https://maps.gsi.go.jp/portal/sys/v4/symbols/102.png",
				"_iconSize": [
					16,
					16
				],
				"_iconAnchor": [
					8,
					8
				]
			}
		},
		{
			"type": "Feature",
			"geometry": {
				"type": "Point",
				"coordinates": [
					 135.9727,
					 34.0685
				]
			},
			"properties": {
				"name": "JA/NR-075(点490)",
				"読み":"P490",
				"標高":"490m 1pt ",
				"GL":"PM74xb",
				"市郡区":"G#24010A ",
				"登山日":"",
				"メモ":"",
				"_markerType": "Icon",
				"_iconUrl": "https://maps.gsi.go.jp/portal/sys/v4/symbols/826.png",
				"_iconSize": [
					16,
					16
				],
				"_iconAnchor": [
					8,
					8
				]
			}
		},
		{
			"type": "Feature",
			"geometry": {
				"type": "Point",
				"coordinates": [
					 135.6758,
					 34.5739
				]
			},
			"properties": {
				"name": "JA/NR-076(明神山)",
				"読み":"Myoujinyama",
				"標高":"273m 1pt ",
				"GL":"PM74un",
				"市郡区":"G#24004A ",
				"登山日":"",
				"メモ":"",
				"_markerType": "Icon",
				"_iconUrl": "https://maps.gsi.go.jp/portal/sys/v4/symbols/826.png",
				"_iconSize": [
					16,
					16
				],
				"_iconAnchor": [
					8,
					8
				]
			}
		},
		{
			"type": "Feature",
			"geometry": {
				"type": "Point",
				"coordinates": [
					 135.6823,
					 34.4561
				]
			},
			"properties": {
				"name": "JA/OS-001(葛城山)",
				"読み":"Katsuragisan",
				"標高":"959m 6pt ",
				"GL":"PM74uk",
				"市郡区":"G#25007D / C#2408 ",
				"登山日":"",
				"メモ":"",
				"_markerType": "Icon",
				"_iconUrl": "https://maps.gsi.go.jp/portal/sys/v4/symbols/103.png",
				"_iconSize": [
					16,
					16
				],
				"_iconAnchor": [
					8,
					8
				]
			}
		},
		{
			"type": "Feature",
			"geometry": {
				"type": "Point",
				"coordinates": [
					 135.4877,
					 34.3647
				]
			},
			"properties": {
				"name": "JA/OS-002(三国山)",
				"読み":"Mikuniyama",
				"標高":"886m 6pt ",
				"GL":"PM74ri",
				"市郡区":"C#2523 / C#2518 ",
				"登山日":"",
				"メモ":"",
				"_markerType": "Icon",
				"_iconUrl": "https://maps.gsi.go.jp/portal/sys/v4/symbols/103.png",
				"_iconSize": [
					16,
					16
				],
				"_iconAnchor": [
					8,
					8
				]
			}
		},
		{
			"type": "Feature",
			"geometry": {
				"type": "Point",
				"coordinates": [
					 135.3958,
					 35.0094
				]
			},
			"properties": {
				"name": "JA/OS-003(横尾山)",
				"読み":"Yokooyama",
				"標高":"786m 4pt ",
				"GL":"PM75qa",
				"市郡区":"G#25004B / C#2207 ",
				"登山日":"",
				"メモ":"",
				"_markerType": "Icon",
				"_iconUrl": "https://maps.gsi.go.jp/portal/sys/v4/symbols/828.png",
				"_iconSize": [
					16,
					16
				],
				"_iconAnchor": [
					8,
					8
				]
			}
		},
		{
			"type": "Feature",
			"geometry": {
				"type": "Point",
				"coordinates": [
					 135.506,
					 34.9458
				]
			},
			"properties": {
				"name": "JA/OS-004(鴻応山)",
				"読み":"Kounoyama",
				"標高":"679m 4pt ",
				"GL":"PM74sw",
				"市郡区":"G#25004A / C#2207 ",
				"登山日":"",
				"メモ":"",
				"_markerType": "Icon",
				"_iconUrl": "https://maps.gsi.go.jp/portal/sys/v4/symbols/828.png",
				"_iconSize": [
					16,
					16
				],
				"_iconAnchor": [
					8,
					8
				]
			}
		},
		{
			"type": "Feature",
			"geometry": {
				"type": "Point",
				"coordinates": [
					 135.6238,
					 34.9352
				]
			},
			"properties": {
				"name": "JA/OS-005(ポンポン山)",
				"読み":"Ponponyama",
				"標高":"679m 4pt ",
				"GL":"PM74tw",
				"市郡区":"C#2509 / C#220111 ",
				"登山日":"",
				"メモ":"",
				"_markerType": "Icon",
				"_iconUrl": "https://maps.gsi.go.jp/portal/sys/v4/symbols/828.png",
				"_iconSize": [
					16,
					16
				],
				"_iconAnchor": [
					8,
					8
				]
			}
		},
		{
			"type": "Feature",
			"geometry": {
				"type": "Point",
				"coordinates": [
					 135.4673,
					 34.9289
				]
			},
			"properties": {
				"name": "JA/OS-007(妙見山)",
				"読み":"Myoukensan",
				"標高":"660m 4pt ",
				"GL":"PM74rw",
				"市郡区":"G#25004B / C#2718 / G#25004A",
				"登山日":"",
				"メモ":"",
				"_markerType": "Icon",
				"_iconUrl": "https://maps.gsi.go.jp/portal/sys/v4/symbols/828.png",
				"_iconSize": [
					16,
					16
				],
				"_iconAnchor": [
					8,
					8
				]
			}
		},
		{
			"type": "Feature",
			"geometry": {
				"type": "Point",
				"coordinates": [
					 135.478,
					 34.8884
				]
			},
			"properties": {
				"name": "JA/OS-008(明ヶ田尾山)",
				"読み":"Akegataoyama",
				"標高":"620m 2pt ",
				"GL":"PM74rv",
				"市郡区":"G#25004A / C#2524 ",
				"登山日":"",
				"メモ":"",
				"_markerType": "Icon",
				"_iconUrl": "https://maps.gsi.go.jp/portal/sys/v4/symbols/102.png",
				"_iconSize": [
					16,
					16
				],
				"_iconAnchor": [
					8,
					8
				]
			}
		},
		{
			"type": "Feature",
			"geometry": {
				"type": "Point",
				"coordinates": [
					 135.4577,
					 35.0016
				]
			},
			"properties": {
				"name": "JA/OS-009(小和田山)",
				"読み":"Kowadayama",
				"標高":"612m 2pt ",
				"GL":"PM75ra",
				"市郡区":"G#25004B / C#2207 ",
				"登山日":"",
				"メモ":"",
				"_markerType": "Icon",
				"_iconUrl": "https://maps.gsi.go.jp/portal/sys/v4/symbols/102.png",
				"_iconSize": [
					16,
					16
				],
				"_iconAnchor": [
					8,
					8
				]
			}
		},
		{
			"type": "Feature",
			"geometry": {
				"type": "Point",
				"coordinates": [
					 135.348,
					 34.9708
				]
			},
			"properties": {
				"name": "JA/OS-010(堂床山)",
				"読み":"Doutokoyama",
				"標高":"584m 2pt ",
				"GL":"PM74qx",
				"市郡区":"G#25004B / G#27010A ",
				"登山日":"",
				"メモ":"",
				"_markerType": "Icon",
				"_iconUrl": "https://maps.gsi.go.jp/portal/sys/v4/symbols/102.png",
				"_iconSize": [
					16,
					16
				],
				"_iconAnchor": [
					8,
					8
				]
			}
		},
		{
			"type": "Feature",
			"geometry": {
				"type": "Point",
				"coordinates": [
					 135.5871,
					 34.9294
				]
			},
			"properties": {
				"name": "JA/OS-011(金比羅山)",
				"読み":"Konpirasan",
				"標高":"561m 2pt ",
				"GL":"PM74tw",
				"市郡区":"C#2509 ",
				"登山日":"",
				"メモ":"",
				"_markerType": "Icon",
				"_iconUrl": "https://maps.gsi.go.jp/portal/sys/v4/symbols/102.png",
				"_iconSize": [
					16,
					16
				],
				"_iconAnchor": [
					8,
					8
				]
			}
		},
		{
			"type": "Feature",
			"geometry": {
				"type": "Point",
				"coordinates": [
					 135.5491,
					 34.8988
				]
			},
			"properties": {
				"name": "JA/OS-012(竜王山)",
				"読み":"Ryuuouzan",
				"標高":"510m 2pt ",
				"GL":"PM74sv",
				"市郡区":"C#2513 ",
				"登山日":"",
				"メモ":"",
				"_markerType": "Icon",
				"_iconUrl": "https://maps.gsi.go.jp/portal/sys/v4/symbols/102.png",
				"_iconSize": [
					16,
					16
				],
				"_iconAnchor": [
					8,
					8
				]
			}
		},
		{
			"type": "Feature",
			"geometry": {
				"type": "Point",
				"coordinates": [
					 135.4345,
					 34.9168
				]
			},
			"properties": {
				"name": "JA/OS-013(高代寺山)",
				"読み":"Kodaijiyama",
				"標高":"489m 1pt ",
				"GL":"PM74rw",
				"市郡区":"G#25004A / C#2718 ",
				"登山日":"",
				"メモ":"",
				"_markerType": "Icon",
				"_iconUrl": "https://maps.gsi.go.jp/portal/sys/v4/symbols/826.png",
				"_iconSize": [
					16,
					16
				],
				"_iconAnchor": [
					8,
					8
				]
			}
		},
		{
			"type": "Feature",
			"geometry": {
				"type": "Point",
				"coordinates": [
					 135.4209,
					 34.96
				]
			},
			"properties": {
				"name": "JA/OS-014(竜王山)",
				"読み":"Ryuouzan",
				"標高":"462m 1pt ",
				"GL":"PM74rx",
				"市郡区":"G#25004B ",
				"登山日":"",
				"メモ":"",
				"_markerType": "Icon",
				"_iconUrl": "https://maps.gsi.go.jp/portal/sys/v4/symbols/826.png",
				"_iconSize": [
					16,
					16
				],
				"_iconAnchor": [
					8,
					8
				]
			}
		},
		{
			"type": "Feature",
			"geometry": {
				"type": "Point",
				"coordinates": [
					 135.3531,
					 35.0018
				]
			},
			"properties": {
				"name": "JA/OS-015(高岳)",
				"読み":"Takadake",
				"標高":"720m 4pt ",
				"GL":"PM75qa",
				"市郡区":"G#25004B / G#27010A ",
				"登山日":"",
				"メモ":"",
				"_markerType": "Icon",
				"_iconUrl": "https://maps.gsi.go.jp/portal/sys/v4/symbols/828.png",
				"_iconSize": [
					16,
					16
				],
				"_iconAnchor": [
					8,
					8
				]
			}
		},
		{
			"type": "Feature",
			"geometry": {
				"type": "Point",
				"coordinates": [
					 135.5007,
					 34.8871
				]
			},
			"properties": {
				"name": "JA/OS-016(石堂ヶ岡)",
				"読み":"Sekidougaoka",
				"標高":"680m 4pt ",
				"GL":"PM74sv",
				"市郡区":"C#2513 ",
				"登山日":"",
				"メモ":"",
				"_markerType": "Icon",
				"_iconUrl": "https://maps.gsi.go.jp/portal/sys/v4/symbols/828.png",
				"_iconSize": [
					16,
					16
				],
				"_iconAnchor": [
					8,
					8
				]
			}
		},
		{
			"type": "Feature",
			"geometry": {
				"type": "Point",
				"coordinates": [
					 135.3621,
					 34.9615
				]
			},
			"properties": {
				"name": "JA/OS-017(滝王山)",
				"読み":"Takiouzan",
				"標高":"570m 2pt ",
				"GL":"PM74qx",
				"市郡区":"G#25004B ",
				"登山日":"",
				"メモ":"",
				"_markerType": "Icon",
				"_iconUrl": "https://maps.gsi.go.jp/portal/sys/v4/symbols/102.png",
				"_iconSize": [
					16,
					16
				],
				"_iconAnchor": [
					8,
					8
				]
			}
		},
		{
			"type": "Feature",
			"geometry": {
				"type": "Point",
				"coordinates": [
					 135.4768,
					 34.974
				]
			},
			"properties": {
				"name": "JA/OS-018(歌垣山)",
				"読み":"Utagakiyama",
				"標高":"553m 2pt ",
				"GL":"PM74rx",
				"市郡区":"G#25004B ",
				"登山日":"",
				"メモ":"",
				"_markerType": "Icon",
				"_iconUrl": "https://maps.gsi.go.jp/portal/sys/v4/symbols/102.png",
				"_iconSize": [
					16,
					16
				],
				"_iconAnchor": [
					8,
					8
				]
			}
		},
		{
			"type": "Feature",
			"geometry": {
				"type": "Point",
				"coordinates": [
					 135.2826,
					 34.3179
				]
			},
			"properties": {
				"name": "JA/OS-019(四石山)",
				"読み":"Yotsuishiyama",
				"標高":"384m 1pt ",
				"GL":"PM74ph",
				"市郡区":"C#2532 / C#2609 / C#2536",
				"登山日":"",
				"メモ":"",
				"_markerType": "Icon",
				"_iconUrl": "https://maps.gsi.go.jp/portal/sys/v4/symbols/826.png",
				"_iconSize": [
					16,
					16
				],
				"_iconAnchor": [
					8,
					8
				]
			}
		},
		{
			"type": "Feature",
			"geometry": {
				"type": "Point",
				"coordinates": [
					 135.3985,
					 34.3761
				]
			},
			"properties": {
				"name": "JA/OS-020(逆間谷(三角点))",
				"読み":"Sakamadani",
				"標高":"358m 1pt ",
				"GL":"PM74qj",
				"市郡区":"C#2510 ",
				"登山日":"",
				"メモ":"",
				"_markerType": "Icon",
				"_iconUrl": "https://maps.gsi.go.jp/portal/sys/v4/symbols/826.png",
				"_iconSize": [
					16,
					16
				],
				"_iconAnchor": [
					8,
					8
				]
			}
		},
		{
			"type": "Feature",
			"geometry": {
				"type": "Point",
				"coordinates": [
					 135.6486,
					 34.5439
				]
			},
			"properties": {
				"name": "JA/OS-021(寺山)",
				"読み":"Terayama",
				"標高":"293m 1pt ",
				"GL":"PM74tn",
				"市郡区":"C#2526 / C#2410 ",
				"登山日":"",
				"メモ":"",
				"_markerType": "Icon",
				"_iconUrl": "https://maps.gsi.go.jp/portal/sys/v4/symbols/826.png",
				"_iconSize": [
					16,
					16
				],
				"_iconAnchor": [
					8,
					8
				]
			}
		},
		{
			"type": "Feature",
			"geometry": {
				"type": "Point",
				"coordinates": [
					 135.0968,
					 34.2972
				]
			},
			"properties": {
				"name": "JA/OS-022(高森山)",
				"読み":"Takamoriyama",
				"標高":"284m 1pt ",
				"GL":"PM74nh",
				"市郡区":"G#25002D / C#2601 ",
				"登山日":"",
				"メモ":"",
				"_markerType": "Icon",
				"_iconUrl": "https://maps.gsi.go.jp/portal/sys/v4/symbols/826.png",
				"_iconSize": [
					16,
					16
				],
				"_iconAnchor": [
					8,
					8
				]
			}
		},
		{
			"type": "Feature",
			"geometry": {
				"type": "Point",
				"coordinates": [
					 136.4063,
					 35.4178
				]
			},
			"properties": {
				"name": "JA/SI-001(伊吹山)",
				"読み":"Ibukiyama",
				"標高":"1377m 8pt ",
				"GL":"PM85ek",
				"市郡区":"C#2314 ",
				"登山日":"",
				"メモ":"",
				"_markerType": "Icon",
				"_iconUrl": "https://maps.gsi.go.jp/portal/sys/v4/symbols/104.png",
				"_iconSize": [
					16,
					16
				],
				"_iconAnchor": [
					8,
					8
				]
			}
		},
		{
			"type": "Feature",
			"geometry": {
				"type": "Point",
				"coordinates": [
					 136.4147,
					 35.1785
				]
			},
			"properties": {
				"name": "JA/SI-002(御池岳)",
				"読み":"Oikedake",
				"標高":"1247m 8pt ",
				"GL":"PM85ee",
				"市郡区":"C#2313 ",
				"登山日":"",
				"メモ":"",
				"_markerType": "Icon",
				"_iconUrl": "https://maps.gsi.go.jp/portal/sys/v4/symbols/104.png",
				"_iconSize": [
					16,
					16
				],
				"_iconAnchor": [
					8,
					8
				]
			}
		},
		{
			"type": "Feature",
			"geometry": {
				"type": "Point",
				"coordinates": [
					 136.3841,
					 35.0211
				]
			},
			"properties": {
				"name": "JA/SI-003(雨乞岳)",
				"読み":"Amagoidake",
				"標高":"1238m 8pt ",
				"GL":"PM85ea",
				"市郡区":"C#2309 / C#2313 ",
				"登山日":"",
				"メモ":"",
				"_markerType": "Icon",
				"_iconUrl": "https://maps.gsi.go.jp/portal/sys/v4/symbols/104.png",
				"_iconSize": [
					16,
					16
				],
				"_iconAnchor": [
					8,
					8
				]
			}
		},
		{
			"type": "Feature",
			"geometry": {
				"type": "Point",
				"coordinates": [
					 135.897,
					 35.2646
				]
			},
			"properties": {
				"name": "JA/SI-004(武奈ヶ岳)",
				"読み":"Bunagadake",
				"標高":"1214m 8pt ",
				"GL":"PM75wg",
				"市郡区":"C#2301 ",
				"登山日":"",
				"メモ":"",
				"_markerType": "Icon",
				"_iconUrl": "https://maps.gsi.go.jp/portal/sys/v4/symbols/104.png",
				"_iconSize": [
					16,
					16
				],
				"_iconAnchor": [
					8,
					8
				]
			}
		},
		{
			"type": "Feature",
			"geometry": {
				"type": "Point",
				"coordinates": [
					 136.2447,
					 35.6735
				]
			},
			"properties": {
				"name": "JA/SI-005(上谷山)",
				"読み":"Uetaniyama",
				"標高":"1197m 8pt ",
				"GL":"PM85cq",
				"市郡区":"C#2303 / G#29008D ",
				"登山日":"",
				"メモ":"",
				"_markerType": "Icon",
				"_iconUrl": "https://maps.gsi.go.jp/portal/sys/v4/symbols/104.png",
				"_iconSize": [
					16,
					16
				],
				"_iconAnchor": [
					8,
					8
				]
			}
		},
		{
			"type": "Feature",
			"geometry": {
				"type": "Point",
				"coordinates": [
					 135.8857,
					 35.2095
				]
			},
			"properties": {
				"name": "JA/SI-006(蓬莱山)",
				"読み":"Houraisan",
				"標高":"1174m 8pt ",
				"GL":"PM75wf",
				"市郡区":"C#2301 ",
				"登山日":"",
				"メモ":"",
				"_markerType": "Icon",
				"_iconUrl": "https://maps.gsi.go.jp/portal/sys/v4/symbols/104.png",
				"_iconSize": [
					16,
					16
				],
				"_iconAnchor": [
					8,
					8
				]
			}
		},
		{
			"type": "Feature",
			"geometry": {
				"type": "Point",
				"coordinates": [
					 136.4452,
					 35.1662
				]
			},
			"properties": {
				"name": "JA/SI-007(天狗岩)",
				"読み":"Tenguiwa",
				"標高":"1171m 8pt ",
				"GL":"PM85fd",
				"市郡区":"C#2313 / C#2115 ",
				"登山日":"",
				"メモ":"",
				"_markerType": "Icon",
				"_iconUrl": "https://maps.gsi.go.jp/portal/sys/v4/symbols/104.png",
				"_iconSize": [
					16,
					16
				],
				"_iconAnchor": [
					8,
					8
				]
			}
		},
		{
			"type": "Feature",
			"geometry": {
				"type": "Point",
				"coordinates": [
					 136.2616,
					 35.6016
				]
			},
			"properties": {
				"name": "JA/SI-008(横山岳)",
				"読み":"Yokoyamadake",
				"標高":"1132m 8pt ",
				"GL":"PM85do",
				"市郡区":"C#2303 ",
				"登山日":"",
				"メモ":"",
				"_markerType": "Icon",
				"_iconUrl": "https://maps.gsi.go.jp/portal/sys/v4/symbols/104.png",
				"_iconSize": [
					16,
					16
				],
				"_iconAnchor": [
					8,
					8
				]
			}
		},
		{
			"type": "Feature",
			"geometry": {
				"type": "Point",
				"coordinates": [
					 136.3417,
					 35.0137
				]
			},
			"properties": {
				"name": "JA/SI-009(綿向山)",
				"読み":"Watamukiyama",
				"標高":"1110m 8pt ",
				"GL":"PM85ea",
				"市郡区":"G#23004C / C#2309 ",
				"登山日":"",
				"メモ":"",
				"_markerType": "Icon",
				"_iconUrl": "https://maps.gsi.go.jp/portal/sys/v4/symbols/104.png",
				"_iconSize": [
					16,
					16
				],
				"_iconAnchor": [
					8,
					8
				]
			}
		},
		{
			"type": "Feature",
			"geometry": {
				"type": "Point",
				"coordinates": [
					 136.3812,
					 35.2791
				]
			},
			"properties": {
				"name": "JA/SI-010(霊仙山)",
				"読み":"Ryouzenzan",
				"標高":"1094m 6pt ",
				"GL":"PM85eg",
				"市郡区":"G#23002C ",
				"登山日":"",
				"メモ":"",
				"_markerType": "Icon",
				"_iconUrl": "https://maps.gsi.go.jp/portal/sys/v4/symbols/103.png",
				"_iconSize": [
					16,
					16
				],
				"_iconAnchor": [
					8,
					8
				]
			}
		},
		{
			"type": "Feature",
			"geometry": {
				"type": "Point",
				"coordinates": [
					 136.3914,
					 35.1516
				]
			},
			"properties": {
				"name": "JA/SI-011(天狗堂)",
				"読み":"Tengudou",
				"標高":"988m 6pt ",
				"GL":"PM85ed",
				"市郡区":"G#23002C / C#2313 ",
				"登山日":"",
				"メモ":"",
				"_markerType": "Icon",
				"_iconUrl": "https://maps.gsi.go.jp/portal/sys/v4/symbols/103.png",
				"_iconSize": [
					16,
					16
				],
				"_iconAnchor": [
					8,
					8
				]
			}
		},
		{
			"type": "Feature",
			"geometry": {
				"type": "Point",
				"coordinates": [
					 135.9559,
					 35.4822
				]
			},
			"properties": {
				"name": "JA/SI-012(三重嶽)",
				"読み":"Sanjyudake",
				"標高":"974m 6pt ",
				"GL":"PM75xl",
				"市郡区":"C#2312 ",
				"登山日":"",
				"メモ":"",
				"_markerType": "Icon",
				"_iconUrl": "https://maps.gsi.go.jp/portal/sys/v4/symbols/103.png",
				"_iconSize": [
					16,
					16
				],
				"_iconAnchor": [
					8,
					8
				]
			}
		},
		{
			"type": "Feature",
			"geometry": {
				"type": "Point",
				"coordinates": [
					 135.8351,
					 35.2023
				]
			},
			"properties": {
				"name": "JA/SI-013(皆子山)",
				"読み":"Minagoyama",
				"標高":"971m 6pt ",
				"GL":"PM75we",
				"市郡区":"C#2301 / C#220103 ",
				"登山日":"",
				"メモ":"",
				"_markerType": "Icon",
				"_iconUrl": "https://maps.gsi.go.jp/portal/sys/v4/symbols/103.png",
				"_iconSize": [
					16,
					16
				],
				"_iconAnchor": [
					8,
					8
				]
			}
		},
		{
			"type": "Feature",
			"geometry": {
				"type": "Point",
				"coordinates": [
					 135.8643,
					 35.3006
				]
			},
			"properties": {
				"name": "JA/SI-014(白倉岳)",
				"読み":"Shirakurayama",
				"標高":"950m 6pt ",
				"GL":"PM75wh",
				"市郡区":"C#2312 ",
				"登山日":"",
				"メモ":"",
				"_markerType": "Icon",
				"_iconUrl": "https://maps.gsi.go.jp/portal/sys/v4/symbols/103.png",
				"_iconSize": [
					16,
					16
				],
				"_iconAnchor": [
					8,
					8
				]
			}
		},
		{
			"type": "Feature",
			"geometry": {
				"type": "Point",
				"coordinates": [
					 136.3424,
					 35.1021
				]
			},
			"properties": {
				"name": "JA/SI-015(日本コバ)",
				"読み":"Nihonkoba",
				"標高":"934m 6pt ",
				"GL":"PM85ec",
				"市郡区":"C#2313 ",
				"登山日":"",
				"メモ":"",
				"_markerType": "Icon",
				"_iconUrl": "https://maps.gsi.go.jp/portal/sys/v4/symbols/103.png",
				"_iconSize": [
					16,
					16
				],
				"_iconAnchor": [
					8,
					8
				]
			}
		},
		{
			"type": "Feature",
			"geometry": {
				"type": "Point",
				"coordinates": [
					 135.8101,
					 35.3918
				]
			},
			"properties": {
				"name": "JA/SI-016(百里ヶ岳)",
				"読み":"Hyakurigadake",
				"標高":"931m 6pt ",
				"GL":"PM75vj",
				"市郡区":"C#2312 / C#2904 ",
				"登山日":"",
				"メモ":"",
				"_markerType": "Icon",
				"_iconUrl": "https://maps.gsi.go.jp/portal/sys/v4/symbols/103.png",
				"_iconSize": [
					16,
					16
				],
				"_iconAnchor": [
					8,
					8
				]
			}
		},
		{
			"type": "Feature",
			"geometry": {
				"type": "Point",
				"coordinates": [
					 135.8204,
					 35.2916
				]
			},
			"properties": {
				"name": "JA/SI-017(カラ滝山)",
				"読み":"Karatakiyama",
				"標高":"909m 6pt ",
				"GL":"PM75vg",
				"市郡区":"C#2312 / C#220103 ",
				"登山日":"",
				"メモ":"",
				"_markerType": "Icon",
				"_iconUrl": "https://maps.gsi.go.jp/portal/sys/v4/symbols/103.png",
				"_iconSize": [
					16,
					16
				],
				"_iconAnchor": [
					8,
					8
				]
			}
		},
		{
			"type": "Feature",
			"geometry": {
				"type": "Point",
				"coordinates": [
					 136.1939,
					 35.6173
				]
			},
			"properties": {
				"name": "JA/SI-018(下谷(三角点))",
				"読み":"Shimoya",
				"標高":"902m 6pt ",
				"GL":"PM85co",
				"市郡区":"C#2303 ",
				"登山日":"",
				"メモ":"",
				"_markerType": "Icon",
				"_iconUrl": "https://maps.gsi.go.jp/portal/sys/v4/symbols/103.png",
				"_iconSize": [
					16,
					16
				],
				"_iconAnchor": [
					8,
					8
				]
			}
		},
		{
			"type": "Feature",
			"geometry": {
				"type": "Point",
				"coordinates": [
					 135.9287,
					 35.3204
				]
			},
			"properties": {
				"name": "JA/SI-019(蛇谷ケ峰)",
				"読み":"Jyatanigamine",
				"標高":"902m 6pt ",
				"GL":"PM75xh",
				"市郡区":"C#2312 ",
				"登山日":"",
				"メモ":"",
				"_markerType": "Icon",
				"_iconUrl": "https://maps.gsi.go.jp/portal/sys/v4/symbols/103.png",
				"_iconSize": [
					16,
					16
				],
				"_iconAnchor": [
					8,
					8
				]
			}
		},
		{
			"type": "Feature",
			"geometry": {
				"type": "Point",
				"coordinates": [
					 136.1726,
					 35.6435
				]
			},
			"properties": {
				"name": "JA/SI-020(大黒山)",
				"読み":"Daikokuzan",
				"標高":"892m 6pt ",
				"GL":"PM85cp",
				"市郡区":"C#2303 ",
				"登山日":"",
				"メモ":"",
				"_markerType": "Icon",
				"_iconUrl": "https://maps.gsi.go.jp/portal/sys/v4/symbols/103.png",
				"_iconSize": [
					16,
					16
				],
				"_iconAnchor": [
					8,
					8
				]
			}
		},
		{
			"type": "Feature",
			"geometry": {
				"type": "Point",
				"coordinates": [
					 136.0264,
					 35.5297
				]
			},
			"properties": {
				"name": "JA/SI-021(三国山)",
				"読み":"Mikuniyama",
				"標高":"876m 6pt ",
				"GL":"PM85am",
				"市郡区":"C#2312 / G#29010B / C#2902",
				"登山日":"",
				"メモ":"",
				"_markerType": "Icon",
				"_iconUrl": "https://maps.gsi.go.jp/portal/sys/v4/symbols/103.png",
				"_iconSize": [
					16,
					16
				],
				"_iconAnchor": [
					8,
					8
				]
			}
		},
		{
			"type": "Feature",
			"geometry": {
				"type": "Point",
				"coordinates": [
					 135.9383,
					 35.4533
				]
			},
			"properties": {
				"name": "JA/SI-022(武奈ケ嶽)",
				"読み":"Bunagadake",
				"標高":"865m 6pt ",
				"GL":"PM75xk",
				"市郡区":"C#2312 ",
				"登山日":"",
				"メモ":"",
				"_markerType": "Icon",
				"_iconUrl": "https://maps.gsi.go.jp/portal/sys/v4/symbols/103.png",
				"_iconSize": [
					16,
					16
				],
				"_iconAnchor": [
					8,
					8
				]
			}
		},
		{
			"type": "Feature",
			"geometry": {
				"type": "Point",
				"coordinates": [
					 136.0774,
					 35.5325
				]
			},
			"properties": {
				"name": "JA/SI-023(乗鞍岳)",
				"読み":"Norikuradake",
				"標高":"865m 6pt ",
				"GL":"PM85am",
				"市郡区":"C#2312 / C#2902 ",
				"登山日":"",
				"メモ":"",
				"_markerType": "Icon",
				"_iconUrl": "https://maps.gsi.go.jp/portal/sys/v4/symbols/103.png",
				"_iconSize": [
					16,
					16
				],
				"_iconAnchor": [
					8,
					8
				]
			}
		},
		{
			"type": "Feature",
			"geometry": {
				"type": "Point",
				"coordinates": [
					 136.3872,
					 35.4461
				]
			},
			"properties": {
				"name": "JA/SI-024(点861(上板並(三角点)近傍))",
				"読み":"P861",
				"標高":"861m 6pt ",
				"GL":"PM85ek",
				"市郡区":"C#2314 ",
				"登山日":"",
				"メモ":"",
				"_markerType": "Icon",
				"_iconUrl": "https://maps.gsi.go.jp/portal/sys/v4/symbols/103.png",
				"_iconSize": [
					16,
					16
				],
				"_iconAnchor": [
					8,
					8
				]
			}
		},
		{
			"type": "Feature",
			"geometry": {
				"type": "Point",
				"coordinates": [
					 135.8344,
					 35.0658
				]
			},
			"properties": {
				"name": "JA/SI-025(比叡山(大比叡))",
				"読み":"Hieizan/Ohie",
				"標高":"848m 4pt ",
				"GL":"PM75wb",
				"市郡区":"C#2301 / C#220103 ",
				"登山日":"",
				"メモ":"",
				"_markerType": "Icon",
				"_iconUrl": "https://maps.gsi.go.jp/portal/sys/v4/symbols/828.png",
				"_iconSize": [
					16,
					16
				],
				"_iconAnchor": [
					8,
					8
				]
			}
		},
		{
			"type": "Feature",
			"geometry": {
				"type": "Point",
				"coordinates": [
					 135.9301,
					 35.4921
				]
			},
			"properties": {
				"name": "JA/SI-026(三十三間山)",
				"読み":"Sanjyusangenzan",
				"標高":"842m 4pt ",
				"GL":"PM75xl",
				"市郡区":"C#2312 / G#29012A ",
				"登山日":"",
				"メモ":"",
				"_markerType": "Icon",
				"_iconUrl": "https://maps.gsi.go.jp/portal/sys/v4/symbols/828.png",
				"_iconSize": [
					16,
					16
				],
				"_iconAnchor": [
					8,
					8
				]
			}
		},
		{
			"type": "Feature",
			"geometry": {
				"type": "Point",
				"coordinates": [
					 136.3594,
					 35.2456
				]
			},
			"properties": {
				"name": "JA/SI-027(鍋尻山)",
				"読み":"Nabesiriyama",
				"標高":"838m 4pt ",
				"GL":"PM85ef",
				"市郡区":"G#23002C ",
				"登山日":"",
				"メモ":"",
				"_markerType": "Icon",
				"_iconUrl": "https://maps.gsi.go.jp/portal/sys/v4/symbols/828.png",
				"_iconSize": [
					16,
					16
				],
				"_iconAnchor": [
					8,
					8
				]
			}
		},
		{
			"type": "Feature",
			"geometry": {
				"type": "Point",
				"coordinates": [
					 135.8143,
					 35.4132
				]
			},
			"properties": {
				"name": "JA/SI-028(桜谷山)",
				"読み":"Sakuradaniyama",
				"標高":"825m 4pt ",
				"GL":"PM75vj",
				"市郡区":"C#2312 / C#2904 ",
				"登山日":"",
				"メモ":"",
				"_markerType": "Icon",
				"_iconUrl": "https://maps.gsi.go.jp/portal/sys/v4/symbols/828.png",
				"_iconSize": [
					16,
					16
				],
				"_iconAnchor": [
					8,
					8
				]
			}
		},
		{
			"type": "Feature",
			"geometry": {
				"type": "Point",
				"coordinates": [
					 136.3535,
					 35.2202
				]
			},
			"properties": {
				"name": "JA/SI-029(高室山)",
				"読み":"Takamuroyama",
				"標高":"818m 4pt ",
				"GL":"PM85ef",
				"市郡区":"G#23002C ",
				"登山日":"",
				"メモ":"",
				"_markerType": "Icon",
				"_iconUrl": "https://maps.gsi.go.jp/portal/sys/v4/symbols/828.png",
				"_iconSize": [
					16,
					16
				],
				"_iconAnchor": [
					8,
					8
				]
			}
		},
		{
			"type": "Feature",
			"geometry": {
				"type": "Point",
				"coordinates": [
					 135.8434,
					 35.1788
				]
			},
			"properties": {
				"name": "JA/SI-030(点812)",
				"読み":"P812",
				"標高":"812m 4pt ",
				"GL":"PM75we",
				"市郡区":"C#2301 / C#220103 ",
				"登山日":"",
				"メモ":"",
				"_markerType": "Icon",
				"_iconUrl": "https://maps.gsi.go.jp/portal/sys/v4/symbols/828.png",
				"_iconSize": [
					16,
					16
				],
				"_iconAnchor": [
					8,
					8
				]
			}
		},
		{
			"type": "Feature",
			"geometry": {
				"type": "Point",
				"coordinates": [
					 135.7808,
					 35.3717
				]
			},
			"properties": {
				"name": "JA/SI-031(点803)",
				"読み":"P803",
				"標高":"803m 4pt ",
				"GL":"PM75vi",
				"市郡区":"C#2312 / G#29003C ",
				"登山日":"",
				"メモ":"",
				"_markerType": "Icon",
				"_iconUrl": "https://maps.gsi.go.jp/portal/sys/v4/symbols/828.png",
				"_iconSize": [
					16,
					16
				],
				"_iconAnchor": [
					8,
					8
				]
			}
		},
		{
			"type": "Feature",
			"geometry": {
				"type": "Point",
				"coordinates": [
					 135.8397,
					 35.3652
				]
			},
			"properties": {
				"name": "JA/SI-032(蔵谷(三角点))",
				"読み":"Kuratani",
				"標高":"792m 4pt ",
				"GL":"PM75wi",
				"市郡区":"C#2312 ",
				"登山日":"",
				"メモ":"",
				"_markerType": "Icon",
				"_iconUrl": "https://maps.gsi.go.jp/portal/sys/v4/symbols/828.png",
				"_iconSize": [
					16,
					16
				],
				"_iconAnchor": [
					8,
					8
				]
			}
		},
		{
			"type": "Feature",
			"geometry": {
				"type": "Point",
				"coordinates": [
					 136.3029,
					 35.1384
				]
			},
			"properties": {
				"name": "JA/SI-033(押立山)",
				"読み":"Oshitateyama",
				"標高":"772m 4pt ",
				"GL":"PM85dd",
				"市郡区":"C#2313 ",
				"登山日":"",
				"メモ":"",
				"_markerType": "Icon",
				"_iconUrl": "https://maps.gsi.go.jp/portal/sys/v4/symbols/828.png",
				"_iconSize": [
					16,
					16
				],
				"_iconAnchor": [
					8,
					8
				]
			}
		},
		{
			"type": "Feature",
			"geometry": {
				"type": "Point",
				"coordinates": [
					 136.3343,
					 35.1463
				]
			},
			"properties": {
				"name": "JA/SI-034(点762)",
				"読み":"P762",
				"標高":"762m 4pt ",
				"GL":"PM85ed",
				"市郡区":"G#23002C / G#23003E ",
				"登山日":"",
				"メモ":"",
				"_markerType": "Icon",
				"_iconUrl": "https://maps.gsi.go.jp/portal/sys/v4/symbols/828.png",
				"_iconSize": [
					16,
					16
				],
				"_iconAnchor": [
					8,
					8
				]
			}
		},
		{
			"type": "Feature",
			"geometry": {
				"type": "Point",
				"coordinates": [
					 136.0862,
					 34.8403
				]
			},
			"properties": {
				"name": "JA/SI-035(笹ケ岳近傍)",
				"読み":"Near_Sasagatake",
				"標高":"740m 4pt ",
				"GL":"PM84bu",
				"市郡区":"C#2309 ",
				"登山日":"",
				"メモ":"",
				"_markerType": "Icon",
				"_iconUrl": "https://maps.gsi.go.jp/portal/sys/v4/symbols/828.png",
				"_iconSize": [
					16,
					16
				],
				"_iconAnchor": [
					8,
					8
				]
			}
		},
		{
			"type": "Feature",
			"geometry": {
				"type": "Point",
				"coordinates": [
					 136.2477,
					 35.5787
				]
			},
			"properties": {
				"name": "JA/SI-036(墓谷山)",
				"読み":"Hakataniyama",
				"標高":"738m 4pt ",
				"GL":"PM85cn",
				"市郡区":"C#2303 ",
				"登山日":"",
				"メモ":"",
				"_markerType": "Icon",
				"_iconUrl": "https://maps.gsi.go.jp/portal/sys/v4/symbols/828.png",
				"_iconSize": [
					16,
					16
				],
				"_iconAnchor": [
					8,
					8
				]
			}
		},
		{
			"type": "Feature",
			"geometry": {
				"type": "Point",
				"coordinates": [
					 136.3218,
					 34.9746
				]
			},
			"properties": {
				"name": "JA/SI-037(西山)",
				"読み":"Nishiyama",
				"標高":"722m 4pt ",
				"GL":"PM84dx",
				"市郡区":"C#2309 ",
				"登山日":"",
				"メモ":"",
				"_markerType": "Icon",
				"_iconUrl": "https://maps.gsi.go.jp/portal/sys/v4/symbols/828.png",
				"_iconSize": [
					16,
					16
				],
				"_iconAnchor": [
					8,
					8
				]
			}
		},
		{
			"type": "Feature",
			"geometry": {
				"type": "Point",
				"coordinates": [
					 136.061,
					 34.9665
				]
			},
			"properties": {
				"name": "JA/SI-038(阿星山)",
				"読み":"Aboshiyama",
				"標高":"693m 4pt ",
				"GL":"PM84ax",
				"市郡区":"C#2308 / C#2311 ",
				"登山日":"",
				"メモ":"",
				"_markerType": "Icon",
				"_iconUrl": "https://maps.gsi.go.jp/portal/sys/v4/symbols/828.png",
				"_iconSize": [
					16,
					16
				],
				"_iconAnchor": [
					8,
					8
				]
			}
		},
		{
			"type": "Feature",
			"geometry": {
				"type": "Point",
				"coordinates": [
					 136.3574,
					 35.4237
				]
			},
			"properties": {
				"name": "JA/SI-039(七尾山)",
				"読み":"Nanaoyama",
				"標高":"691m 4pt ",
				"GL":"PM85ek",
				"市郡区":"C#2303 / C#2314 ",
				"登山日":"",
				"メモ":"",
				"_markerType": "Icon",
				"_iconUrl": "https://maps.gsi.go.jp/portal/sys/v4/symbols/828.png",
				"_iconSize": [
					16,
					16
				],
				"_iconAnchor": [
					8,
					8
				]
			}
		},
		{
			"type": "Feature",
			"geometry": {
				"type": "Point",
				"coordinates": [
					 136.3238,
					 35.2793
				]
			},
			"properties": {
				"name": "JA/SI-040(点683)",
				"読み":"P683",
				"標高":"683m 4pt ",
				"GL":"PM85dg",
				"市郡区":"C#2302 ",
				"登山日":"",
				"メモ":"",
				"_markerType": "Icon",
				"_iconUrl": "https://maps.gsi.go.jp/portal/sys/v4/symbols/828.png",
				"_iconSize": [
					16,
					16
				],
				"_iconAnchor": [
					8,
					8
				]
			}
		},
		{
			"type": "Feature",
			"geometry": {
				"type": "Point",
				"coordinates": [
					 135.9639,
					 35.4428
				]
			},
			"properties": {
				"name": "JA/SI-041(荒谷山近傍)",
				"読み":"Near_Arataniyama",
				"標高":"670m 4pt ",
				"GL":"PM75xk",
				"市郡区":"C#2312 ",
				"登山日":"",
				"メモ":"",
				"_markerType": "Icon",
				"_iconUrl": "https://maps.gsi.go.jp/portal/sys/v4/symbols/828.png",
				"_iconSize": [
					16,
					16
				],
				"_iconAnchor": [
					8,
					8
				]
			}
		},
		{
			"type": "Feature",
			"geometry": {
				"type": "Point",
				"coordinates": [
					 136.1099,
					 34.9442
				]
			},
			"properties": {
				"name": "JA/SI-042(飯道山)",
				"読み":"Handouzan",
				"標高":"664m 4pt ",
				"GL":"PM84bw",
				"市郡区":"C#2309 ",
				"登山日":"",
				"メモ":"",
				"_markerType": "Icon",
				"_iconUrl": "https://maps.gsi.go.jp/portal/sys/v4/symbols/828.png",
				"_iconSize": [
					16,
					16
				],
				"_iconAnchor": [
					8,
					8
				]
			}
		},
		{
			"type": "Feature",
			"geometry": {
				"type": "Point",
				"coordinates": [
					 136.1069,
					 35.5531
				]
			},
			"properties": {
				"name": "JA/SI-043(総見山(三角点))",
				"読み":"Soumisan",
				"標高":"657m 4pt ",
				"GL":"PM85bn",
				"市郡区":"C#2303 / C#2902 ",
				"登山日":"",
				"メモ":"",
				"_markerType": "Icon",
				"_iconUrl": "https://maps.gsi.go.jp/portal/sys/v4/symbols/828.png",
				"_iconSize": [
					16,
					16
				],
				"_iconAnchor": [
					8,
					8
				]
			}
		},
		{
			"type": "Feature",
			"geometry": {
				"type": "Point",
				"coordinates": [
					 135.9954,
					 34.8878
				]
			},
			"properties": {
				"name": "JA/SI-044(コウモリヶ岳)",
				"読み":"Koumorigatake",
				"標高":"616m 2pt ",
				"GL":"PM74xv",
				"市郡区":"C#2309 ",
				"登山日":"",
				"メモ":"",
				"_markerType": "Icon",
				"_iconUrl": "https://maps.gsi.go.jp/portal/sys/v4/symbols/102.png",
				"_iconSize": [
					16,
					16
				],
				"_iconAnchor": [
					8,
					8
				]
			}
		},
		{
			"type": "Feature",
			"geometry": {
				"type": "Point",
				"coordinates": [
					 135.925,
					 35.4155
				]
			},
			"properties": {
				"name": "JA/SI-045(二の谷山)",
				"読み":"Ninotaniyama",
				"標高":"611m 2pt ",
				"GL":"PM75xj",
				"市郡区":"C#2312 ",
				"登山日":"",
				"メモ":"",
				"_markerType": "Icon",
				"_iconUrl": "https://maps.gsi.go.jp/portal/sys/v4/symbols/102.png",
				"_iconSize": [
					16,
					16
				],
				"_iconAnchor": [
					8,
					8
				]
			}
		},
		{
			"type": "Feature",
			"geometry": {
				"type": "Point",
				"coordinates": [
					 136.0228,
					 34.9632
				]
			},
			"properties": {
				"name": "JA/SI-046(竜王山)",
				"読み":"Ryuuouzann",
				"標高":"605m 2pt ",
				"GL":"PM84ax",
				"市郡区":"C#2308 ",
				"登山日":"",
				"メモ":"",
				"_markerType": "Icon",
				"_iconUrl": "https://maps.gsi.go.jp/portal/sys/v4/symbols/102.png",
				"_iconSize": [
					16,
					16
				],
				"_iconAnchor": [
					8,
					8
				]
			}
		},
		{
			"type": "Feature",
			"geometry": {
				"type": "Point",
				"coordinates": [
					 136.3266,
					 35.2964
				]
			},
			"properties": {
				"name": "JA/SI-047(点601)",
				"読み":"P601",
				"標高":"601m 2pt ",
				"GL":"PM85dh",
				"市郡区":"C#2314 / C#2302 ",
				"登山日":"",
				"メモ":"",
				"_markerType": "Icon",
				"_iconUrl": "https://maps.gsi.go.jp/portal/sys/v4/symbols/102.png",
				"_iconSize": [
					16,
					16
				],
				"_iconAnchor": [
					8,
					8
				]
			}
		},
		{
			"type": "Feature",
			"geometry": {
				"type": "Point",
				"coordinates": [
					 136.0932,
					 35.4626
				]
			},
			"properties": {
				"name": "JA/SI-048(東山)",
				"読み":"Higasiyama",
				"標高":"595m 2pt ",
				"GL":"PM85bl",
				"市郡区":"C#2312 / C#2303 ",
				"登山日":"",
				"メモ":"",
				"_markerType": "Icon",
				"_iconUrl": "https://maps.gsi.go.jp/portal/sys/v4/symbols/102.png",
				"_iconSize": [
					16,
					16
				],
				"_iconAnchor": [
					8,
					8
				]
			}
		},
		{
			"type": "Feature",
			"geometry": {
				"type": "Point",
				"coordinates": [
					 136.2306,
					 35.5242
				]
			},
			"properties": {
				"name": "JA/SI-050(呉枯ノ峰)",
				"読み":"Kurekonomine",
				"標高":"532m 2pt ",
				"GL":"PM85cm",
				"市郡区":"C#2303 ",
				"登山日":"",
				"メモ":"",
				"_markerType": "Icon",
				"_iconUrl": "https://maps.gsi.go.jp/portal/sys/v4/symbols/102.png",
				"_iconSize": [
					16,
					16
				],
				"_iconAnchor": [
					8,
					8
				]
			}
		},
		{
			"type": "Feature",
			"geometry": {
				"type": "Point",
				"coordinates": [
					 135.934,
					 35.3847
				]
			},
			"properties": {
				"name": "JA/SI-051(西峰山)",
				"読み":"Nisinomineyama",
				"標高":"511m 2pt ",
				"GL":"PM75xj",
				"市郡区":"C#2312 ",
				"登山日":"",
				"メモ":"",
				"_markerType": "Icon",
				"_iconUrl": "https://maps.gsi.go.jp/portal/sys/v4/symbols/102.png",
				"_iconSize": [
					16,
					16
				],
				"_iconAnchor": [
					8,
					8
				]
			}
		},
		{
			"type": "Feature",
			"geometry": {
				"type": "Point",
				"coordinates": [
					 136.2735,
					 35.4657
				]
			},
			"properties": {
				"name": "JA/SI-053(小谷山)",
				"読み":"Odaniyama",
				"標高":"495m 1pt ",
				"GL":"PM85dl",
				"市郡区":"C#2303 ",
				"登山日":"",
				"メモ":"",
				"_markerType": "Icon",
				"_iconUrl": "https://maps.gsi.go.jp/portal/sys/v4/symbols/826.png",
				"_iconSize": [
					16,
					16
				],
				"_iconAnchor": [
					8,
					8
				]
			}
		},
		{
			"type": "Feature",
			"geometry": {
				"type": "Point",
				"coordinates": [
					 136.2152,
					 35.557
				]
			},
			"properties": {
				"name": "JA/SI-054(下丹生(三角点))",
				"読み":"Shimoniyu",
				"標高":"484m 1pt ",
				"GL":"PM85cn",
				"市郡区":"C#2303 ",
				"登山日":"",
				"メモ":"",
				"_markerType": "Icon",
				"_iconUrl": "https://maps.gsi.go.jp/portal/sys/v4/symbols/826.png",
				"_iconSize": [
					16,
					16
				],
				"_iconAnchor": [
					8,
					8
				]
			}
		},
		{
			"type": "Feature",
			"geometry": {
				"type": "Point",
				"coordinates": [
					 136.1356,
					 35.467
				]
			},
			"properties": {
				"name": "JA/SI-055(大浦(三角点))",
				"読み":"Ooura",
				"標高":"470m 1pt ",
				"GL":"PM85bl",
				"市郡区":"C#2303 ",
				"登山日":"",
				"メモ":"",
				"_markerType": "Icon",
				"_iconUrl": "https://maps.gsi.go.jp/portal/sys/v4/symbols/826.png",
				"_iconSize": [
					16,
					16
				],
				"_iconAnchor": [
					8,
					8
				]
			}
		},
		{
			"type": "Feature",
			"geometry": {
				"type": "Point",
				"coordinates": [
					 136.1451,
					 35.483
				]
			},
			"properties": {
				"name": "JA/SI-056(山田山)",
				"読み":"Yamadayama",
				"標高":"451m 1pt ",
				"GL":"PM85bl",
				"市郡区":"C#2303 ",
				"登山日":"",
				"メモ":"",
				"_markerType": "Icon",
				"_iconUrl": "https://maps.gsi.go.jp/portal/sys/v4/symbols/826.png",
				"_iconSize": [
					16,
					16
				],
				"_iconAnchor": [
					8,
					8
				]
			}
		},
		{
			"type": "Feature",
			"geometry": {
				"type": "Point",
				"coordinates": [
					 136.0658,
					 35.4777
				]
			},
			"properties": {
				"name": "JA/SI-057(梅ケ谷(三角点))",
				"読み":"Umegatani",
				"標高":"444m 1pt ",
				"GL":"PM85al",
				"市郡区":"C#2312 ",
				"登山日":"",
				"メモ":"",
				"_markerType": "Icon",
				"_iconUrl": "https://maps.gsi.go.jp/portal/sys/v4/symbols/826.png",
				"_iconSize": [
					16,
					16
				],
				"_iconAnchor": [
					8,
					8
				]
			}
		},
		{
			"type": "Feature",
			"geometry": {
				"type": "Point",
				"coordinates": [
					 136.1595,
					 35.1474
				]
			},
			"properties": {
				"name": "JA/SI-058(観音寺山)",
				"読み":"Kannonjiyama",
				"標高":"441m 1pt ",
				"GL":"PM85bd",
				"市郡区":"C#2304 / C#2313 ",
				"登山日":"",
				"メモ":"",
				"_markerType": "Icon",
				"_iconUrl": "https://maps.gsi.go.jp/portal/sys/v4/symbols/826.png",
				"_iconSize": [
					16,
					16
				],
				"_iconAnchor": [
					8,
					8
				]
			}
		},
		{
			"type": "Feature",
			"geometry": {
				"type": "Point",
				"coordinates": [
					 136.3835,
					 35.3488
				]
			},
			"properties": {
				"name": "JA/SI-059(大平(三角点))",
				"読み":"Oohira",
				"標高":"439m 1pt ",
				"GL":"PM85ei",
				"市郡区":"C#2314 ",
				"登山日":"",
				"メモ":"",
				"_markerType": "Icon",
				"_iconUrl": "https://maps.gsi.go.jp/portal/sys/v4/symbols/826.png",
				"_iconSize": [
					16,
					16
				],
				"_iconAnchor": [
					8,
					8
				]
			}
		},
		{
			"type": "Feature",
			"geometry": {
				"type": "Point",
				"coordinates": [
					 136.0375,
					 35.0505
				]
			},
			"properties": {
				"name": "JA/SI-060(三上山(近江富士))",
				"読み":"Mikamiyama(Oumifuji)",
				"標高":"432m 1pt ",
				"GL":"PM85ab",
				"市郡区":"C#2310 ",
				"登山日":"",
				"メモ":"",
				"_markerType": "Icon",
				"_iconUrl": "https://maps.gsi.go.jp/portal/sys/v4/symbols/826.png",
				"_iconSize": [
					16,
					16
				],
				"_iconAnchor": [
					8,
					8
				]
			}
		},
		{
			"type": "Feature",
			"geometry": {
				"type": "Point",
				"coordinates": [
					 136.0687,
					 35.1707
				]
			},
			"properties": {
				"name": "JA/SI-061(津田山(奥島山))",
				"読み":"Tsudayama(Okushimayama)",
				"標高":"425m 1pt ",
				"GL":"PM85ae",
				"市郡区":"C#2304 ",
				"登山日":"",
				"メモ":"",
				"_markerType": "Icon",
				"_iconUrl": "https://maps.gsi.go.jp/portal/sys/v4/symbols/826.png",
				"_iconSize": [
					16,
					16
				],
				"_iconAnchor": [
					8,
					8
				]
			}
		},
		{
			"type": "Feature",
			"geometry": {
				"type": "Point",
				"coordinates": [
					 136.1387,
					 35.514
				]
			},
			"properties": {
				"name": "JA/SI-062(立木(三角点))",
				"読み":"Tachiki",
				"標高":"416m 1pt ",
				"GL":"PM85bm",
				"市郡区":"C#2303 ",
				"登山日":"",
				"メモ":"",
				"_markerType": "Icon",
				"_iconUrl": "https://maps.gsi.go.jp/portal/sys/v4/symbols/826.png",
				"_iconSize": [
					16,
					16
				],
				"_iconAnchor": [
					8,
					8
				]
			}
		},
		{
			"type": "Feature",
			"geometry": {
				"type": "Point",
				"coordinates": [
					 136.136,
					 35.5429
				]
			},
			"properties": {
				"name": "JA/SI-063(日計山)",
				"読み":"Hibakariyama",
				"標高":"411m 1pt ",
				"GL":"PM85bn",
				"市郡区":"C#2303 ",
				"登山日":"",
				"メモ":"",
				"_markerType": "Icon",
				"_iconUrl": "https://maps.gsi.go.jp/portal/sys/v4/symbols/826.png",
				"_iconSize": [
					16,
					16
				],
				"_iconAnchor": [
					8,
					8
				]
			}
		},
		{
			"type": "Feature",
			"geometry": {
				"type": "Point",
				"coordinates": [
					 136.104,
					 35.0188
				]
			},
			"properties": {
				"name": "JA/SI-064(十二坊)",
				"読み":"Jyunibou",
				"標高":"405m 1pt ",
				"GL":"PM85ba",
				"市郡区":"C#2311 ",
				"登山日":"",
				"メモ":"",
				"_markerType": "Icon",
				"_iconUrl": "https://maps.gsi.go.jp/portal/sys/v4/symbols/826.png",
				"_iconSize": [
					16,
					16
				],
				"_iconAnchor": [
					8,
					8
				]
			}
		},
		{
			"type": "Feature",
			"geometry": {
				"type": "Point",
				"coordinates": [
					 135.8965,
					 34.9271
				]
			},
			"properties": {
				"name": "JA/SI-065(袴腰山)",
				"読み":"Hakamagoshiyama",
				"標高":"391m 1pt ",
				"GL":"PM74ww",
				"市郡区":"C#2301 ",
				"登山日":"",
				"メモ":"",
				"_markerType": "Icon",
				"_iconUrl": "https://maps.gsi.go.jp/portal/sys/v4/symbols/826.png",
				"_iconSize": [
					16,
					16
				],
				"_iconAnchor": [
					8,
					8
				]
			}
		},
		{
			"type": "Feature",
			"geometry": {
				"type": "Point",
				"coordinates": [
					 136.0803,
					 35.067
				]
			},
			"properties": {
				"name": "JA/SI-066(鏡山)",
				"読み":"Kagamiyama",
				"標高":"385m 1pt ",
				"GL":"PM85ab",
				"市郡区":"G#23004D / C#2310 ",
				"登山日":"",
				"メモ":"",
				"_markerType": "Icon",
				"_iconUrl": "https://maps.gsi.go.jp/portal/sys/v4/symbols/826.png",
				"_iconSize": [
					16,
					16
				],
				"_iconAnchor": [
					8,
					8
				]
			}
		},
		{
			"type": "Feature",
			"geometry": {
				"type": "Point",
				"coordinates": [
					 136.0512,
					 35.0316
				]
			},
			"properties": {
				"name": "JA/SI-068(菩提寺山(甲西富士))",
				"読み":"Bodaijiyama(Kouseifuji)",
				"標高":"353m 1pt ",
				"GL":"PM85aa",
				"市郡区":"C#2311 / C#2310 ",
				"登山日":"",
				"メモ":"",
				"_markerType": "Icon",
				"_iconUrl": "https://maps.gsi.go.jp/portal/sys/v4/symbols/826.png",
				"_iconSize": [
					16,
					16
				],
				"_iconAnchor": [
					8,
					8
				]
			}
		},
		{
			"type": "Feature",
			"geometry": {
				"type": "Point",
				"coordinates": [
					 136.3375,
					 35.3798
				]
			},
			"properties": {
				"name": "JA/SI-069(横山)",
				"読み":"Yokoyama",
				"標高":"320m 1pt ",
				"GL":"PM85ej",
				"市郡区":"C#2303 / C#2314 ",
				"登山日":"",
				"メモ":"",
				"_markerType": "Icon",
				"_iconUrl": "https://maps.gsi.go.jp/portal/sys/v4/symbols/826.png",
				"_iconSize": [
					16,
					16
				],
				"_iconAnchor": [
					8,
					8
				]
			}
		},
		{
			"type": "Feature",
			"geometry": {
				"type": "Point",
				"coordinates": [
					 136.1457,
					 35.0765
				]
			},
			"properties": {
				"name": "JA/SI-070(雪野山)",
				"読み":"Yukinoyama",
				"標高":"308m 1pt ",
				"GL":"PM85bb",
				"市郡区":"G#23004D / C#2304 / C#2313",
				"登山日":"",
				"メモ":"",
				"_markerType": "Icon",
				"_iconUrl": "https://maps.gsi.go.jp/portal/sys/v4/symbols/826.png",
				"_iconSize": [
					16,
					16
				],
				"_iconAnchor": [
					8,
					8
				]
			}
		},
		{
			"type": "Feature",
			"geometry": {
				"type": "Point",
				"coordinates": [
					 136.4347,
					 35.1309
				]
			},
			"properties": {
				"name": "JA/SI-072(静ヶ岳)",
				"読み":"Shizugatake",
				"標高":"1089m 6pt ",
				"GL":"PM85fd",
				"市郡区":"C#2313 / C#2115 ",
				"登山日":"",
				"メモ":"",
				"_markerType": "Icon",
				"_iconUrl": "https://maps.gsi.go.jp/portal/sys/v4/symbols/103.png",
				"_iconSize": [
					16,
					16
				],
				"_iconAnchor": [
					8,
					8
				]
			}
		},
		{
			"type": "Feature",
			"geometry": {
				"type": "Point",
				"coordinates": [
					 136.4073,
					 35.0887
				]
			},
			"properties": {
				"name": "JA/SI-073(黄和田２（三角点近傍）)",
				"読み":"Near_Kiwada2",
				"標高":"930m 6pt ",
				"GL":"PM85ec",
				"市郡区":"C#2313 ",
				"登山日":"",
				"メモ":"",
				"_markerType": "Icon",
				"_iconUrl": "https://maps.gsi.go.jp/portal/sys/v4/symbols/103.png",
				"_iconSize": [
					16,
					16
				],
				"_iconAnchor": [
					8,
					8
				]
			}
		},
		{
			"type": "Feature",
			"geometry": {
				"type": "Point",
				"coordinates": [
					 136.3691,
					 34.9763
				]
			},
			"properties": {
				"name": "JA/SI-074(サクラグチ)",
				"読み":"Sakuraguchi",
				"標高":"919m 6pt ",
				"GL":"PM84ex",
				"市郡区":"C#2309 ",
				"登山日":"",
				"メモ":"",
				"_markerType": "Icon",
				"_iconUrl": "https://maps.gsi.go.jp/portal/sys/v4/symbols/103.png",
				"_iconSize": [
					16,
					16
				],
				"_iconAnchor": [
					8,
					8
				]
			}
		},
		{
			"type": "Feature",
			"geometry": {
				"type": "Point",
				"coordinates": [
					 136.4155,
					 35.1053
				]
			},
			"properties": {
				"name": "JA/SI-075(ミズナシ)",
				"読み":"Mizunashi",
				"標高":"754m 4pt ",
				"GL":"PM85ec",
				"市郡区":"C#2313 ",
				"登山日":"",
				"メモ":"",
				"_markerType": "Icon",
				"_iconUrl": "https://maps.gsi.go.jp/portal/sys/v4/symbols/828.png",
				"_iconSize": [
					16,
					16
				],
				"_iconAnchor": [
					8,
					8
				]
			}
		},
		{
			"type": "Feature",
			"geometry": {
				"type": "Point",
				"coordinates": [
					 136.1501,
					 35.6944
				]
			},
			"properties": {
				"name": "JA/SI-076(籾ヶ岳)",
				"読み":"Momigatake",
				"標高":"752m 4pt ",
				"GL":"PM85bq",
				"市郡区":"C#2303 / C#2902 ",
				"登山日":"",
				"メモ":"",
				"_markerType": "Icon",
				"_iconUrl": "https://maps.gsi.go.jp/portal/sys/v4/symbols/828.png",
				"_iconSize": [
					16,
					16
				],
				"_iconAnchor": [
					8,
					8
				]
			}
		},
		{
			"type": "Feature",
			"geometry": {
				"type": "Point",
				"coordinates": [
					 135.9866,
					 35.4421
				]
			},
			"properties": {
				"name": "JA/SI-077(箱館山スキー場)",
				"読み":"Hakodateyama_Ski_park",
				"標高":"690m 4pt ",
				"GL":"PM75xk",
				"市郡区":"C#2312 ",
				"登山日":"",
				"メモ":"",
				"_markerType": "Icon",
				"_iconUrl": "https://maps.gsi.go.jp/portal/sys/v4/symbols/828.png",
				"_iconSize": [
					16,
					16
				],
				"_iconAnchor": [
					8,
					8
				]
			}
		},
		{
			"type": "Feature",
			"geometry": {
				"type": "Point",
				"coordinates": [
					 136.3399,
					 35.2652
				]
			},
			"properties": {
				"name": "JA/SI-078(点688)",
				"読み":"P688",
				"標高":"688m 4pt ",
				"GL":"PM85eg",
				"市郡区":"C#2302 / G#23002C ",
				"登山日":"",
				"メモ":"",
				"_markerType": "Icon",
				"_iconUrl": "https://maps.gsi.go.jp/portal/sys/v4/symbols/828.png",
				"_iconSize": [
					16,
					16
				],
				"_iconAnchor": [
					8,
					8
				]
			}
		},
		{
			"type": "Feature",
			"geometry": {
				"type": "Point",
				"coordinates": [
					 136.3029,
					 35.164
				]
			},
			"properties": {
				"name": "JA/SI-079(点640)",
				"読み":"P640",
				"標高":"640m 2pt ",
				"GL":"PM85dd",
				"市郡区":"G#23002C / G#23003E ",
				"登山日":"",
				"メモ":"",
				"_markerType": "Icon",
				"_iconUrl": "https://maps.gsi.go.jp/portal/sys/v4/symbols/102.png",
				"_iconSize": [
					16,
					16
				],
				"_iconAnchor": [
					8,
					8
				]
			}
		},
		{
			"type": "Feature",
			"geometry": {
				"type": "Point",
				"coordinates": [
					 136.0411,
					 34.9228
				]
			},
			"properties": {
				"name": "JA/SI-080(四百山)",
				"読み":"Shihyakuyama",
				"標高":"568m 2pt ",
				"GL":"PM84aw",
				"市郡区":"C#2309 / C#2301 ",
				"登山日":"",
				"メモ":"",
				"_markerType": "Icon",
				"_iconUrl": "https://maps.gsi.go.jp/portal/sys/v4/symbols/102.png",
				"_iconSize": [
					16,
					16
				],
				"_iconAnchor": [
					8,
					8
				]
			}
		},
		{
			"type": "Feature",
			"geometry": {
				"type": "Point",
				"coordinates": [
					 136.073,
					 34.8725
				]
			},
			"properties": {
				"name": "JA/SI-081(長野東山)",
				"読み":"Naganohigashiyama",
				"標高":"559m 2pt ",
				"GL":"PM84au",
				"市郡区":"C#2309 ",
				"登山日":"",
				"メモ":"",
				"_markerType": "Icon",
				"_iconUrl": "https://maps.gsi.go.jp/portal/sys/v4/symbols/102.png",
				"_iconSize": [
					16,
					16
				],
				"_iconAnchor": [
					8,
					8
				]
			}
		},
		{
			"type": "Feature",
			"geometry": {
				"type": "Point",
				"coordinates": [
					 135.9674,
					 34.8907
				]
			},
			"properties": {
				"name": "JA/SI-082(猪背山)",
				"読み":"Inoseyama",
				"標高":"553m 2pt ",
				"GL":"PM74xv",
				"市郡区":"C#2301 / C#2309 ",
				"登山日":"",
				"メモ":"",
				"_markerType": "Icon",
				"_iconUrl": "https://maps.gsi.go.jp/portal/sys/v4/symbols/102.png",
				"_iconSize": [
					16,
					16
				],
				"_iconAnchor": [
					8,
					8
				]
			}
		},
		{
			"type": "Feature",
			"geometry": {
				"type": "Point",
				"coordinates": [
					 136.2447,
					 35.541
				]
			},
			"properties": {
				"name": "JA/SI-083(大見(三角点))",
				"読み":"Oomi",
				"標高":"506m 2pt ",
				"GL":"PM85cm",
				"市郡区":"C#2303 ",
				"登山日":"",
				"メモ":"",
				"_markerType": "Icon",
				"_iconUrl": "https://maps.gsi.go.jp/portal/sys/v4/symbols/102.png",
				"_iconSize": [
					16,
					16
				],
				"_iconAnchor": [
					8,
					8
				]
			}
		},
		{
			"type": "Feature",
			"geometry": {
				"type": "Point",
				"coordinates": [
					 136.4129,
					 35.3522
				]
			},
			"properties": {
				"name": "JA/SI-085(野瀬山(三角点))",
				"読み":"Nozeyama",
				"標高":"391m 1pt ",
				"GL":"PM85ei",
				"市郡区":"C#2314 / G#19012A ",
				"登山日":"",
				"メモ":"",
				"_markerType": "Icon",
				"_iconUrl": "https://maps.gsi.go.jp/portal/sys/v4/symbols/826.png",
				"_iconSize": [
					16,
					16
				],
				"_iconAnchor": [
					8,
					8
				]
			}
		},
		{
			"type": "Feature",
			"geometry": {
				"type": "Point",
				"coordinates": [
					 136.1803,
					 35.1247
				]
			},
			"properties": {
				"name": "JA/SI-086(箕作山)",
				"読み":"Minosakuyama",
				"標高":"372m 1pt ",
				"GL":"PM85cc",
				"市郡区":"C#2313 / C#2304 ",
				"登山日":"",
				"メモ":"",
				"_markerType": "Icon",
				"_iconUrl": "https://maps.gsi.go.jp/portal/sys/v4/symbols/826.png",
				"_iconSize": [
					16,
					16
				],
				"_iconAnchor": [
					8,
					8
				]
			}
		},
		{
			"type": "Feature",
			"geometry": {
				"type": "Point",
				"coordinates": [
					 136.2917,
					 35.2567
				]
			},
			"properties": {
				"name": "JA/SI-087(点364)",
				"読み":"P364",
				"標高":"364m 1pt ",
				"GL":"PM85dg",
				"市郡区":"C#2302 ",
				"登山日":"",
				"メモ":"",
				"_markerType": "Icon",
				"_iconUrl": "https://maps.gsi.go.jp/portal/sys/v4/symbols/826.png",
				"_iconSize": [
					16,
					16
				],
				"_iconAnchor": [
					8,
					8
				]
			}
		},
		{
			"type": "Feature",
			"geometry": {
				"type": "Point",
				"coordinates": [
					 136.2918,
					 35.2111
				]
			},
			"properties": {
				"name": "JA/SI-088(青龍山)",
				"読み":"Seiryuzan",
				"標高":"333m 1pt ",
				"GL":"PM85df",
				"市郡区":"G#23002C ",
				"登山日":"",
				"メモ":"",
				"_markerType": "Icon",
				"_iconUrl": "https://maps.gsi.go.jp/portal/sys/v4/symbols/826.png",
				"_iconSize": [
					16,
					16
				],
				"_iconAnchor": [
					8,
					8
				]
			}
		},
		{
			"type": "Feature",
			"geometry": {
				"type": "Point",
				"coordinates": [
					 136.2063,
					 35.4503
				]
			},
			"properties": {
				"name": "JA/SI-089(山本山)",
				"読み":"Yamamotoyama",
				"標高":"324m 1pt ",
				"GL":"PM85ck",
				"市郡区":"C#2303 ",
				"登山日":"",
				"メモ":"",
				"_markerType": "Icon",
				"_iconUrl": "https://maps.gsi.go.jp/portal/sys/v4/symbols/826.png",
				"_iconSize": [
					16,
					16
				],
				"_iconAnchor": [
					8,
					8
				]
			}
		},
		{
			"type": "Feature",
			"geometry": {
				"type": "Point",
				"coordinates": [
					 136.1978,
					 35.2336
				]
			},
			"properties": {
				"name": "JA/SI-090(荒神山)",
				"読み":"Koujinyama",
				"標高":"284m 1pt ",
				"GL":"PM85cf",
				"市郡区":"C#2302 ",
				"登山日":"",
				"メモ":"",
				"_markerType": "Icon",
				"_iconUrl": "https://maps.gsi.go.jp/portal/sys/v4/symbols/826.png",
				"_iconSize": [
					16,
					16
				],
				"_iconAnchor": [
					8,
					8
				]
			}
		},
		{
			"type": "Feature",
			"geometry": {
				"type": "Point",
				"coordinates": [
					 136.0825,
					 35.1441
				]
			},
			"properties": {
				"name": "JA/SI-091(鶴翼山)",
				"読み":"Kakuyokusan",
				"標高":"280m 1pt ",
				"GL":"PM85ad",
				"市郡区":"C#2304 ",
				"登山日":"",
				"メモ":"",
				"_markerType": "Icon",
				"_iconUrl": "https://maps.gsi.go.jp/portal/sys/v4/symbols/826.png",
				"_iconSize": [
					16,
					16
				],
				"_iconAnchor": [
					8,
					8
				]
			}
		},
		{
			"type": "Feature",
			"geometry": {
				"type": "Point",
				"coordinates": [
					 135.5743,
					 34.0588
				]
			},
			"properties": {
				"name": "JA/WK-001(龍神岳)",
				"読み":"Ryuujindake",
				"標高":"1382m 8pt ",
				"GL":"PM74sb",
				"市郡区":"C#2604 / G#24010I ",
				"登山日":"",
				"メモ":"",
				"_markerType": "Icon",
				"_iconUrl": "https://maps.gsi.go.jp/portal/sys/v4/symbols/104.png",
				"_iconSize": [
					16,
					16
				],
				"_iconAnchor": [
					8,
					8
				]
			}
		},
		{
			"type": "Feature",
			"geometry": {
				"type": "Point",
				"coordinates": [
					 135.5068,
					 33.9967
				]
			},
			"properties": {
				"name": "JA/WK-002(ロクセン)",
				"読み":"Rokusen",
				"標高":"1209m 8pt ",
				"GL":"PM73sx",
				"市郡区":"G#26007L ",
				"登山日":"",
				"メモ":"",
				"_markerType": "Icon",
				"_iconUrl": "https://maps.gsi.go.jp/portal/sys/v4/symbols/104.png",
				"_iconSize": [
					16,
					16
				],
				"_iconAnchor": [
					8,
					8
				]
			}
		},
		{
			"type": "Feature",
			"geometry": {
				"type": "Point",
				"coordinates": [
					 135.9078,
					 33.9458
				]
			},
			"properties": {
				"name": "JA/WK-003(西峯)",
				"読み":"Nishimine",
				"標高":"1123m 8pt ",
				"GL":"PM73ww",
				"市郡区":"G#26006A ",
				"登山日":"",
				"メモ":"",
				"_markerType": "Icon",
				"_iconUrl": "https://maps.gsi.go.jp/portal/sys/v4/symbols/104.png",
				"_iconSize": [
					16,
					16
				],
				"_iconAnchor": [
					8,
					8
				]
			}
		},
		{
			"type": "Feature",
			"geometry": {
				"type": "Point",
				"coordinates": [
					 135.7138,
					 33.7269
				]
			},
			"properties": {
				"name": "JA/WK-004(大塔山)",
				"読み":"Ootouzan",
				"標高":"1122m 8pt ",
				"GL":"PM73ur",
				"市郡区":"C#2604 / G#26006D ",
				"登山日":"",
				"メモ":"",
				"_markerType": "Icon",
				"_iconUrl": "https://maps.gsi.go.jp/portal/sys/v4/symbols/104.png",
				"_iconSize": [
					16,
					16
				],
				"_iconAnchor": [
					8,
					8
				]
			}
		},
		{
			"type": "Feature",
			"geometry": {
				"type": "Point",
				"coordinates": [
					 135.6653,
					 33.726
				]
			},
			"properties": {
				"name": "JA/WK-005(法師山)",
				"読み":"Houshiyama",
				"標高":"1121m 8pt ",
				"GL":"PM73tr",
				"市郡区":"C#2604 ",
				"登山日":"",
				"メモ":"",
				"_markerType": "Icon",
				"_iconUrl": "https://maps.gsi.go.jp/portal/sys/v4/symbols/104.png",
				"_iconSize": [
					16,
					16
				],
				"_iconAnchor": [
					8,
					8
				]
			}
		},
		{
			"type": "Feature",
			"geometry": {
				"type": "Point",
				"coordinates": [
					 135.8084,
					 33.9066
				]
			},
			"properties": {
				"name": "JA/WK-006(大森山)",
				"読み":"Oomoriyama",
				"標高":"1078m 6pt ",
				"GL":"PM73vv",
				"市郡区":"C#2602 / G#24010I ",
				"登山日":"",
				"メモ":"",
				"_markerType": "Icon",
				"_iconUrl": "https://maps.gsi.go.jp/portal/sys/v4/symbols/103.png",
				"_iconSize": [
					16,
					16
				],
				"_iconAnchor": [
					8,
					8
				]
			}
		},
		{
			"type": "Feature",
			"geometry": {
				"type": "Point",
				"coordinates": [
					 135.5608,
					 33.8755
				]
			},
			"properties": {
				"name": "JA/WK-007(笠塔山)",
				"読み":"Kasatouyama",
				"標高":"1050m 6pt ",
				"GL":"PM73sv",
				"市郡区":"C#2604 ",
				"登山日":"",
				"メモ":"",
				"_markerType": "Icon",
				"_iconUrl": "https://maps.gsi.go.jp/portal/sys/v4/symbols/103.png",
				"_iconSize": [
					16,
					16
				],
				"_iconAnchor": [
					8,
					8
				]
			}
		},
		{
			"type": "Feature",
			"geometry": {
				"type": "Point",
				"coordinates": [
					 135.6177,
					 33.8721
				]
			},
			"properties": {
				"name": "JA/WK-008(千丈岳)",
				"読み":"Senjyodake",
				"標高":"1027m 6pt ",
				"GL":"PM73tu",
				"市郡区":"C#2604 / G#24010I ",
				"登山日":"",
				"メモ":"",
				"_markerType": "Icon",
				"_iconUrl": "https://maps.gsi.go.jp/portal/sys/v4/symbols/103.png",
				"_iconSize": [
					16,
					16
				],
				"_iconAnchor": [
					8,
					8
				]
			}
		},
		{
			"type": "Feature",
			"geometry": {
				"type": "Point",
				"coordinates": [
					 135.5972,
					 34.1908
				]
			},
			"properties": {
				"name": "JA/WK-009(薄峠)",
				"読み":"Susukitouge",
				"標高":"1012m 6pt ",
				"GL":"PM74te",
				"市郡区":"G#26002D ",
				"登山日":"",
				"メモ":"",
				"_markerType": "Icon",
				"_iconUrl": "https://maps.gsi.go.jp/portal/sys/v4/symbols/103.png",
				"_iconSize": [
					16,
					16
				],
				"_iconAnchor": [
					8,
					8
				]
			}
		},
		{
			"type": "Feature",
			"geometry": {
				"type": "Point",
				"coordinates": [
					 135.5553,
					 34.148
				]
			},
			"properties": {
				"name": "JA/WK-010(三ヶ滝(三角点))",
				"読み":"Mitsugataki",
				"標高":"972m 6pt ",
				"GL":"PM74sd",
				"市郡区":"G#26002C ",
				"登山日":"",
				"メモ":"",
				"_markerType": "Icon",
				"_iconUrl": "https://maps.gsi.go.jp/portal/sys/v4/symbols/103.png",
				"_iconSize": [
					16,
					16
				],
				"_iconAnchor": [
					8,
					8
				]
			}
		},
		{
			"type": "Feature",
			"geometry": {
				"type": "Point",
				"coordinates": [
					 135.6806,
					 33.7799
				]
			},
			"properties": {
				"name": "JA/WK-011(野竹法師)",
				"読み":"Nodakehoushi",
				"標高":"971m 6pt ",
				"GL":"PM73us",
				"市郡区":"C#2604 ",
				"登山日":"",
				"メモ":"",
				"_markerType": "Icon",
				"_iconUrl": "https://maps.gsi.go.jp/portal/sys/v4/symbols/103.png",
				"_iconSize": [
					16,
					16
				],
				"_iconAnchor": [
					8,
					8
				]
			}
		},
		{
			"type": "Feature",
			"geometry": {
				"type": "Point",
				"coordinates": [
					 135.5154,
					 34.1786
				]
			},
			"properties": {
				"name": "JA/WK-012(天狗岳)",
				"読み":"Tengudake",
				"標高":"968m 6pt ",
				"GL":"PM74se",
				"市郡区":"G#26002D / G#26002C ",
				"登山日":"",
				"メモ":"",
				"_markerType": "Icon",
				"_iconUrl": "https://maps.gsi.go.jp/portal/sys/v4/symbols/103.png",
				"_iconSize": [
					16,
					16
				],
				"_iconAnchor": [
					8,
					8
				]
			}
		},
		{
			"type": "Feature",
			"geometry": {
				"type": "Point",
				"coordinates": [
					 135.8637,
					 33.7149
				]
			},
			"properties": {
				"name": "JA/WK-013(大雲取山)",
				"読み":"Ookumotoriyama",
				"標高":"966m 6pt ",
				"GL":"PM73wr",
				"市郡区":"G#26006F / C#2602 ",
				"登山日":"",
				"メモ":"",
				"_markerType": "Icon",
				"_iconUrl": "https://maps.gsi.go.jp/portal/sys/v4/symbols/103.png",
				"_iconSize": [
					16,
					16
				],
				"_iconAnchor": [
					8,
					8
				]
			}
		},
		{
			"type": "Feature",
			"geometry": {
				"type": "Point",
				"coordinates": [
					 135.3722,
					 34.0158
				]
			},
			"properties": {
				"name": "JA/WK-014(白馬山)",
				"読み":"Shiramayama",
				"標高":"957m 6pt ",
				"GL":"PM74qa",
				"市郡区":"G#26001F ",
				"登山日":"",
				"メモ":"",
				"_markerType": "Icon",
				"_iconUrl": "https://maps.gsi.go.jp/portal/sys/v4/symbols/103.png",
				"_iconSize": [
					16,
					16
				],
				"_iconAnchor": [
					8,
					8
				]
			}
		},
		{
			"type": "Feature",
			"geometry": {
				"type": "Point",
				"coordinates": [
					 135.481,
					 34.1505
				]
			},
			"properties": {
				"name": "JA/WK-015(毛原上(三角点))",
				"読み":"Kebaraue",
				"標高":"950m 6pt ",
				"GL":"PM74rd",
				"市郡区":"G#26003D / G#26001F ",
				"登山日":"",
				"メモ":"",
				"_markerType": "Icon",
				"_iconUrl": "https://maps.gsi.go.jp/portal/sys/v4/symbols/103.png",
				"_iconSize": [
					16,
					16
				],
				"_iconAnchor": [
					8,
					8
				]
			}
		},
		{
			"type": "Feature",
			"geometry": {
				"type": "Point",
				"coordinates": [
					 135.6519,
					 33.8428
				]
			},
			"properties": {
				"name": "JA/WK-016(高尾山)",
				"読み":"Takaoyama",
				"標高":"944m 6pt ",
				"GL":"PM73tu",
				"市郡区":"C#2604 ",
				"登山日":"",
				"メモ":"",
				"_markerType": "Icon",
				"_iconUrl": "https://maps.gsi.go.jp/portal/sys/v4/symbols/103.png",
				"_iconSize": [
					16,
					16
				],
				"_iconAnchor": [
					8,
					8
				]
			}
		},
		{
			"type": "Feature",
			"geometry": {
				"type": "Point",
				"coordinates": [
					 135.6543,
					 33.6871
				]
			},
			"properties": {
				"name": "JA/WK-017(高尾山)",
				"読み":"Takaoyama",
				"標高":"942m 6pt ",
				"GL":"PM73tq",
				"市郡区":"C#2604 / G#26006D ",
				"登山日":"",
				"メモ":"",
				"_markerType": "Icon",
				"_iconUrl": "https://maps.gsi.go.jp/portal/sys/v4/symbols/103.png",
				"_iconSize": [
					16,
					16
				],
				"_iconAnchor": [
					8,
					8
				]
			}
		},
		{
			"type": "Feature",
			"geometry": {
				"type": "Point",
				"coordinates": [
					 135.891,
					 33.6993
				]
			},
			"properties": {
				"name": "JA/WK-018(点937)",
				"読み":"P937",
				"標高":"937m 6pt ",
				"GL":"PM73wq",
				"市郡区":"G#26006F / C#2602 ",
				"登山日":"",
				"メモ":"",
				"_markerType": "Icon",
				"_iconUrl": "https://maps.gsi.go.jp/portal/sys/v4/symbols/103.png",
				"_iconSize": [
					16,
					16
				],
				"_iconAnchor": [
					8,
					8
				]
			}
		},
		{
			"type": "Feature",
			"geometry": {
				"type": "Point",
				"coordinates": [
					 135.6767,
					 33.8327
				]
			},
			"properties": {
				"name": "JA/WK-019(笠塔峰)",
				"読み":"Kasatoumine",
				"標高":"929m 6pt ",
				"GL":"PM73ut",
				"市郡区":"C#2604 ",
				"登山日":"",
				"メモ":"",
				"_markerType": "Icon",
				"_iconUrl": "https://maps.gsi.go.jp/portal/sys/v4/symbols/103.png",
				"_iconSize": [
					16,
					16
				],
				"_iconAnchor": [
					8,
					8
				]
			}
		},
		{
			"type": "Feature",
			"geometry": {
				"type": "Point",
				"coordinates": [
					 135.6535,
					 33.8172
				]
			},
			"properties": {
				"name": "JA/WK-020(狼だわ山)",
				"読み":"Ookamidawasan",
				"標高":"928m 6pt ",
				"GL":"PM73tt",
				"市郡区":"C#2604 ",
				"登山日":"",
				"メモ":"",
				"_markerType": "Icon",
				"_iconUrl": "https://maps.gsi.go.jp/portal/sys/v4/symbols/103.png",
				"_iconSize": [
					16,
					16
				],
				"_iconAnchor": [
					8,
					8
				]
			}
		},
		{
			"type": "Feature",
			"geometry": {
				"type": "Point",
				"coordinates": [
					 135.538050,
					 34.357178
				]
			},
			"properties": {
				"name": "JA/WK-021(南葛城山)",
				"読み":"Minamikatsuragisan",
				"標高":"923m 6pt ",
				"GL":"PM74si",
				"市郡区":"C#2606 / C#2518 ",
				"登山日":"",
				"メモ":"",
				"_markerType": "Icon",
				"_iconUrl": "https://maps.gsi.go.jp/portal/sys/v4/symbols/103.png",
				"_iconSize": [
					16,
					16
				],
				"_iconAnchor": [
					8,
					8
				]
			}
		},
		{
			"type": "Feature",
			"geometry": {
				"type": "Point",
				"coordinates": [
					 135.5405,
					 33.9445
				]
			},
			"properties": {
				"name": "JA/WK-022(年中岳)",
				"読み":"Nenjyudake",
				"標高":"906m 6pt ",
				"GL":"PM73sw",
				"市郡区":"C#2604 ",
				"登山日":"",
				"メモ":"",
				"_markerType": "Icon",
				"_iconUrl": "https://maps.gsi.go.jp/portal/sys/v4/symbols/103.png",
				"_iconSize": [
					16,
					16
				],
				"_iconAnchor": [
					8,
					8
				]
			}
		},
		{
			"type": "Feature",
			"geometry": {
				"type": "Point",
				"coordinates": [
					 135.6745,
					 34.2579
				]
			},
			"properties": {
				"name": "JA/WK-023(七霞山)",
				"読み":"Nanakasumiyama",
				"標高":"891m 6pt ",
				"GL":"PM74ug",
				"市郡区":"G#26002D / C#2606 ",
				"登山日":"",
				"メモ":"",
				"_markerType": "Icon",
				"_iconUrl": "https://maps.gsi.go.jp/portal/sys/v4/symbols/103.png",
				"_iconSize": [
					16,
					16
				],
				"_iconAnchor": [
					8,
					8
				]
			}
		},
		{
			"type": "Feature",
			"geometry": {
				"type": "Point",
				"coordinates": [
					 135.3932,
					 33.9362
				]
			},
			"properties": {
				"name": "JA/WK-024(清冷山)",
				"読み":"Seireisan",
				"標高":"878m 6pt ",
				"GL":"PM73qw",
				"市郡区":"G#26007L ",
				"登山日":"",
				"メモ":"",
				"_markerType": "Icon",
				"_iconUrl": "https://maps.gsi.go.jp/portal/sys/v4/symbols/103.png",
				"_iconSize": [
					16,
					16
				],
				"_iconAnchor": [
					8,
					8
				]
			}
		},
		{
			"type": "Feature",
			"geometry": {
				"type": "Point",
				"coordinates": [
					 135.623,
					 33.7003
				]
			},
			"properties": {
				"name": "JA/WK-025(赤土森山)",
				"読み":"Akatsuchimoriyama",
				"標高":"871m 6pt ",
				"GL":"PM73tq",
				"市郡区":"C#2604 ",
				"登山日":"",
				"メモ":"",
				"_markerType": "Icon",
				"_iconUrl": "https://maps.gsi.go.jp/portal/sys/v4/symbols/103.png",
				"_iconSize": [
					16,
					16
				],
				"_iconAnchor": [
					8,
					8
				]
			}
		},
		{
			"type": "Feature",
			"geometry": {
				"type": "Point",
				"coordinates": [
					 135.3747,
					 34.1132
				]
			},
			"properties": {
				"name": "JA/WK-026(堂鳴海山)",
				"読み":"Dounarumiyama",
				"標高":"870m 6pt ",
				"GL":"PM74qc",
				"市郡区":"G#26001F / G#26003D ",
				"登山日":"",
				"メモ":"",
				"_markerType": "Icon",
				"_iconUrl": "https://maps.gsi.go.jp/portal/sys/v4/symbols/103.png",
				"_iconSize": [
					16,
					16
				],
				"_iconAnchor": [
					8,
					8
				]
			}
		},
		{
			"type": "Feature",
			"geometry": {
				"type": "Point",
				"coordinates": [
					 135.3342,
					 34.1051
				]
			},
			"properties": {
				"name": "JA/WK-027(生石ヶ峰)",
				"読み":"Oishigamine",
				"標高":"870m 6pt ",
				"GL":"PM74qc",
				"市郡区":"G#26001F / G#26003D ",
				"登山日":"",
				"メモ":"",
				"_markerType": "Icon",
				"_iconUrl": "https://maps.gsi.go.jp/portal/sys/v4/symbols/103.png",
				"_iconSize": [
					16,
					16
				],
				"_iconAnchor": [
					8,
					8
				]
			}
		},
		{
			"type": "Feature",
			"geometry": {
				"type": "Point",
				"coordinates": [
					 135.4427,
					 34.3474
				]
			},
			"properties": {
				"name": "JA/WK-028(葛城山(三角点))",
				"読み":"Katsuragisan",
				"標高":"866m 6pt ",
				"GL":"PM74ri",
				"市郡区":"C#2608 / C#2503 / G#26002C",
				"登山日":"",
				"メモ":"",
				"_markerType": "Icon",
				"_iconUrl": "https://maps.gsi.go.jp/portal/sys/v4/symbols/103.png",
				"_iconSize": [
					16,
					16
				],
				"_iconAnchor": [
					8,
					8
				]
			}
		},
		{
			"type": "Feature",
			"geometry": {
				"type": "Point",
				"coordinates": [
					 135.5752,
					 33.9095
				]
			},
			"properties": {
				"name": "JA/WK-029(点852)",
				"読み":"P852",
				"標高":"852m 6pt ",
				"GL":"PM73sv",
				"市郡区":"C#2604 ",
				"登山日":"",
				"メモ":"",
				"_markerType": "Icon",
				"_iconUrl": "https://maps.gsi.go.jp/portal/sys/v4/symbols/103.png",
				"_iconSize": [
					16,
					16
				],
				"_iconAnchor": [
					8,
					8
				]
			}
		},
		{
			"type": "Feature",
			"geometry": {
				"type": "Point",
				"coordinates": [
					 135.6005,
					 33.8365
				]
			},
			"properties": {
				"name": "JA/WK-030(馬ノ瀬(三角点))",
				"読み":"Umanose",
				"標高":"825m 4pt ",
				"GL":"PM73tu",
				"市郡区":"C#2604 ",
				"登山日":"",
				"メモ":"",
				"_markerType": "Icon",
				"_iconUrl": "https://maps.gsi.go.jp/portal/sys/v4/symbols/828.png",
				"_iconSize": [
					16,
					16
				],
				"_iconAnchor": [
					8,
					8
				]
			}
		},
		{
			"type": "Feature",
			"geometry": {
				"type": "Point",
				"coordinates": [
					 135.3554,
					 33.9325
				]
			},
			"properties": {
				"name": "JA/WK-031(矢筈岳)",
				"読み":"Yahazudake",
				"標高":"811m 4pt ",
				"GL":"PM73qw",
				"市郡区":"G#26007L ",
				"登山日":"",
				"メモ":"",
				"_markerType": "Icon",
				"_iconUrl": "https://maps.gsi.go.jp/portal/sys/v4/symbols/828.png",
				"_iconSize": [
					16,
					16
				],
				"_iconAnchor": [
					8,
					8
				]
			}
		},
		{
			"type": "Feature",
			"geometry": {
				"type": "Point",
				"coordinates": [
					 135.6952,
					 33.8564
				]
			},
			"properties": {
				"name": "JA/WK-032(黒土(三角点))",
				"読み":"Kurotsuchi",
				"標高":"809m 4pt ",
				"GL":"PM73uu",
				"市郡区":"C#2604 ",
				"登山日":"",
				"メモ":"",
				"_markerType": "Icon",
				"_iconUrl": "https://maps.gsi.go.jp/portal/sys/v4/symbols/828.png",
				"_iconSize": [
					16,
					16
				],
				"_iconAnchor": [
					8,
					8
				]
			}
		},
		{
			"type": "Feature",
			"geometry": {
				"type": "Point",
				"coordinates": [
					 135.4585,
					 34.1144
				]
			},
			"properties": {
				"name": "JA/WK-033(床山(三角点))",
				"読み":"Tokoyama",
				"標高":"800m 4pt ",
				"GL":"PM74rc",
				"市郡区":"G#26001F ",
				"登山日":"",
				"メモ":"",
				"_markerType": "Icon",
				"_iconUrl": "https://maps.gsi.go.jp/portal/sys/v4/symbols/828.png",
				"_iconSize": [
					16,
					16
				],
				"_iconAnchor": [
					8,
					8
				]
			}
		},
		{
			"type": "Feature",
			"geometry": {
				"type": "Point",
				"coordinates": [
					 135.4735,
					 33.7856
				]
			},
			"properties": {
				"name": "JA/WK-034(槇山)",
				"読み":"Makiyama",
				"標高":"796m 4pt ",
				"GL":"PM73rs",
				"市郡区":"C#2604 ",
				"登山日":"",
				"メモ":"",
				"_markerType": "Icon",
				"_iconUrl": "https://maps.gsi.go.jp/portal/sys/v4/symbols/828.png",
				"_iconSize": [
					16,
					16
				],
				"_iconAnchor": [
					8,
					8
				]
			}
		},
		{
			"type": "Feature",
			"geometry": {
				"type": "Point",
				"coordinates": [
					 135.5464,
					 33.9049
				]
			},
			"properties": {
				"name": "JA/WK-035(大久保山)",
				"読み":"Ookuboyama",
				"標高":"791m 4pt ",
				"GL":"PM73sv",
				"市郡区":"C#2604 ",
				"登山日":"",
				"メモ":"",
				"_markerType": "Icon",
				"_iconUrl": "https://maps.gsi.go.jp/portal/sys/v4/symbols/828.png",
				"_iconSize": [
					16,
					16
				],
				"_iconAnchor": [
					8,
					8
				]
			}
		},
		{
			"type": "Feature",
			"geometry": {
				"type": "Point",
				"coordinates": [
					 135.7491,
					 33.7496
				]
			},
			"properties": {
				"name": "JA/WK-036(赤倉岳)",
				"読み":"Akakuradake",
				"標高":"782m 4pt ",
				"GL":"PM73ur",
				"市郡区":"C#2602 / C#2604 ",
				"登山日":"",
				"メモ":"",
				"_markerType": "Icon",
				"_iconUrl": "https://maps.gsi.go.jp/portal/sys/v4/symbols/828.png",
				"_iconSize": [
					16,
					16
				],
				"_iconAnchor": [
					8,
					8
				]
			}
		},
		{
			"type": "Feature",
			"geometry": {
				"type": "Point",
				"coordinates": [
					 135.5683,
					 33.802
				]
			},
			"properties": {
				"name": "JA/WK-037(悪四郎山)",
				"読み":"Akushirouyama",
				"標高":"782m 4pt ",
				"GL":"PM73st",
				"市郡区":"C#2604 ",
				"登山日":"",
				"メモ":"",
				"_markerType": "Icon",
				"_iconUrl": "https://maps.gsi.go.jp/portal/sys/v4/symbols/828.png",
				"_iconSize": [
					16,
					16
				],
				"_iconAnchor": [
					8,
					8
				]
			}
		},
		{
			"type": "Feature",
			"geometry": {
				"type": "Point",
				"coordinates": [
					 135.7023,
					 33.8439
				]
			},
			"properties": {
				"name": "JA/WK-038(要害森山)",
				"読み":"Yougaimoriyama",
				"標高":"779m 4pt ",
				"GL":"PM73uu",
				"市郡区":"C#2604 ",
				"登山日":"",
				"メモ":"",
				"_markerType": "Icon",
				"_iconUrl": "https://maps.gsi.go.jp/portal/sys/v4/symbols/828.png",
				"_iconSize": [
					16,
					16
				],
				"_iconAnchor": [
					8,
					8
				]
			}
		},
		{
			"type": "Feature",
			"geometry": {
				"type": "Point",
				"coordinates": [
					 135.793,
					 33.7286
				]
			},
			"properties": {
				"name": "JA/WK-039(大倉畑山)",
				"読み":"Ookurabatayama",
				"標高":"775m 4pt ",
				"GL":"PM73vr",
				"市郡区":"C#2602 ",
				"登山日":"",
				"メモ":"",
				"_markerType": "Icon",
				"_iconUrl": "https://maps.gsi.go.jp/portal/sys/v4/symbols/828.png",
				"_iconSize": [
					16,
					16
				],
				"_iconAnchor": [
					8,
					8
				]
			}
		},
		{
			"type": "Feature",
			"geometry": {
				"type": "Point",
				"coordinates": [
					 135.4677,
					 34.1975
				]
			},
			"properties": {
				"name": "JA/WK-040(彦谷(三角点))",
				"読み":"Hikotani",
				"標高":"774m 4pt ",
				"GL":"PM74re",
				"市郡区":"C#2608 / G#26003D ",
				"登山日":"",
				"メモ":"",
				"_markerType": "Icon",
				"_iconUrl": "https://maps.gsi.go.jp/portal/sys/v4/symbols/828.png",
				"_iconSize": [
					16,
					16
				],
				"_iconAnchor": [
					8,
					8
				]
			}
		},
		{
			"type": "Feature",
			"geometry": {
				"type": "Point",
				"coordinates": [
					 135.3863,
					 33.8861
				]
			},
			"properties": {
				"name": "JA/WK-041(三里ガ峰)",
				"読み":"Sanrigamine",
				"標高":"772m 4pt ",
				"GL":"PM73qv",
				"市郡区":"G#26007D / G#26007K ",
				"登山日":"",
				"メモ":"",
				"_markerType": "Icon",
				"_iconUrl": "https://maps.gsi.go.jp/portal/sys/v4/symbols/828.png",
				"_iconSize": [
					16,
					16
				],
				"_iconAnchor": [
					8,
					8
				]
			}
		},
		{
			"type": "Feature",
			"geometry": {
				"type": "Point",
				"coordinates": [
					 135.4113,
					 34.238
				]
			},
			"properties": {
				"name": "JA/WK-042(龍門山)",
				"読み":"Ryuumonzan",
				"標高":"756m 4pt ",
				"GL":"PM74qf",
				"市郡区":"C#2608 ",
				"登山日":"",
				"メモ":"",
				"_markerType": "Icon",
				"_iconUrl": "https://maps.gsi.go.jp/portal/sys/v4/symbols/828.png",
				"_iconSize": [
					16,
					16
				],
				"_iconAnchor": [
					8,
					8
				]
			}
		},
		{
			"type": "Feature",
			"geometry": {
				"type": "Point",
				"coordinates": [
					 135.3636,
					 33.915
				]
			},
			"properties": {
				"name": "JA/WK-043(川又(三角点))",
				"読み":"Kawamata",
				"標高":"752m 4pt ",
				"GL":"PM73qv",
				"市郡区":"G#26007D / G#26007L ",
				"登山日":"",
				"メモ":"",
				"_markerType": "Icon",
				"_iconUrl": "https://maps.gsi.go.jp/portal/sys/v4/symbols/828.png",
				"_iconSize": [
					16,
					16
				],
				"_iconAnchor": [
					8,
					8
				]
			}
		},
		{
			"type": "Feature",
			"geometry": {
				"type": "Point",
				"coordinates": [
					 135.8833,
					 33.6597
				]
			},
			"properties": {
				"name": "JA/WK-044(妙法山)",
				"読み":"Myouhouzan",
				"標高":"750m 4pt ",
				"GL":"PM73wp",
				"市郡区":"G#26006F ",
				"登山日":"",
				"メモ":"",
				"_markerType": "Icon",
				"_iconUrl": "https://maps.gsi.go.jp/portal/sys/v4/symbols/828.png",
				"_iconSize": [
					16,
					16
				],
				"_iconAnchor": [
					8,
					8
				]
			}
		},
		{
			"type": "Feature",
			"geometry": {
				"type": "Point",
				"coordinates": [
					 135.5721,
					 34.357
				]
			},
			"properties": {
				"name": "JA/WK-045(三石山西峰)",
				"読み":"Mitsuishiyamanishimine",
				"標高":"742m 4pt ",
				"GL":"PM74si",
				"市郡区":"C#2606 ",
				"登山日":"",
				"メモ":"",
				"_markerType": "Icon",
				"_iconUrl": "https://maps.gsi.go.jp/portal/sys/v4/symbols/828.png",
				"_iconSize": [
					16,
					16
				],
				"_iconAnchor": [
					8,
					8
				]
			}
		},
		{
			"type": "Feature",
			"geometry": {
				"type": "Point",
				"coordinates": [
					 135.5591,
					 33.7277
				]
			},
			"properties": {
				"name": "JA/WK-046(太尾ノ嶺)",
				"読み":"Fudontonomine",
				"標高":"725m 4pt ",
				"GL":"PM73sr",
				"市郡区":"C#2604 ",
				"登山日":"",
				"メモ":"",
				"_markerType": "Icon",
				"_iconUrl": "https://maps.gsi.go.jp/portal/sys/v4/symbols/828.png",
				"_iconSize": [
					16,
					16
				],
				"_iconAnchor": [
					8,
					8
				]
			}
		},
		{
			"type": "Feature",
			"geometry": {
				"type": "Point",
				"coordinates": [
					 135.5729,
					 33.7637
				]
			},
			"properties": {
				"name": "JA/WK-047(西ノ峰)",
				"読み":"Nishinomine",
				"標高":"712m 4pt ",
				"GL":"PM73ss",
				"市郡区":"C#2604 ",
				"登山日":"",
				"メモ":"",
				"_markerType": "Icon",
				"_iconUrl": "https://maps.gsi.go.jp/portal/sys/v4/symbols/828.png",
				"_iconSize": [
					16,
					16
				],
				"_iconAnchor": [
					8,
					8
				]
			}
		},
		{
			"type": "Feature",
			"geometry": {
				"type": "Point",
				"coordinates": [
					 135.6035,
					 33.6764
				]
			},
			"properties": {
				"name": "JA/WK-048(水垣内山)",
				"読み":"Mizugaitouzan",
				"標高":"710m 4pt ",
				"GL":"PM73tq",
				"市郡区":"C#2604 ",
				"登山日":"",
				"メモ":"",
				"_markerType": "Icon",
				"_iconUrl": "https://maps.gsi.go.jp/portal/sys/v4/symbols/828.png",
				"_iconSize": [
					16,
					16
				],
				"_iconAnchor": [
					8,
					8
				]
			}
		},
		{
			"type": "Feature",
			"geometry": {
				"type": "Point",
				"coordinates": [
					 135.9614,
					 33.9577
				]
			},
			"properties": {
				"name": "JA/WK-049(小杉山)",
				"読み":"Kosugiyama",
				"標高":"702m 4pt ",
				"GL":"PM73xw",
				"市郡区":"G#26006A ",
				"登山日":"",
				"メモ":"",
				"_markerType": "Icon",
				"_iconUrl": "https://maps.gsi.go.jp/portal/sys/v4/symbols/828.png",
				"_iconSize": [
					16,
					16
				],
				"_iconAnchor": [
					8,
					8
				]
			}
		},
		{
			"type": "Feature",
			"geometry": {
				"type": "Point",
				"coordinates": [
					 135.4067,
					 34.0671
				]
			},
			"properties": {
				"name": "JA/WK-050(兵ケ城山)",
				"読み":"Hyougajyoyama",
				"標高":"701m 4pt ",
				"GL":"PM74qb",
				"市郡区":"G#26001F ",
				"登山日":"",
				"メモ":"",
				"_markerType": "Icon",
				"_iconUrl": "https://maps.gsi.go.jp/portal/sys/v4/symbols/828.png",
				"_iconSize": [
					16,
					16
				],
				"_iconAnchor": [
					8,
					8
				]
			}
		},
		{
			"type": "Feature",
			"geometry": {
				"type": "Point",
				"coordinates": [
					 135.7867,
					 33.7709
				]
			},
			"properties": {
				"name": "JA/WK-051(鳴谷(三角点))",
				"読み":"Naritani",
				"標高":"691m 4pt ",
				"GL":"PM73vs",
				"市郡区":"C#2604 ",
				"登山日":"",
				"メモ":"",
				"_markerType": "Icon",
				"_iconUrl": "https://maps.gsi.go.jp/portal/sys/v4/symbols/828.png",
				"_iconSize": [
					16,
					16
				],
				"_iconAnchor": [
					8,
					8
				]
			}
		},
		{
			"type": "Feature",
			"geometry": {
				"type": "Point",
				"coordinates": [
					 135.3354,
					 34.0781
				]
			},
			"properties": {
				"name": "JA/WK-052(大峯城(三角点))",
				"読み":"Oominejyo",
				"標高":"688m 4pt ",
				"GL":"PM74qb",
				"市郡区":"G#26001F ",
				"登山日":"",
				"メモ":"",
				"_markerType": "Icon",
				"_iconUrl": "https://maps.gsi.go.jp/portal/sys/v4/symbols/828.png",
				"_iconSize": [
					16,
					16
				],
				"_iconAnchor": [
					8,
					8
				]
			}
		},
		{
			"type": "Feature",
			"geometry": {
				"type": "Point",
				"coordinates": [
					 135.9161,
					 33.6794
				]
			},
			"properties": {
				"name": "JA/WK-053(光ケ峯)",
				"読み":"Hikarigamine",
				"標高":"686m 4pt ",
				"GL":"PM73wq",
				"市郡区":"G#26006F / C#2602 ",
				"登山日":"",
				"メモ":"",
				"_markerType": "Icon",
				"_iconUrl": "https://maps.gsi.go.jp/portal/sys/v4/symbols/828.png",
				"_iconSize": [
					16,
					16
				],
				"_iconAnchor": [
					8,
					8
				]
			}
		},
		{
			"type": "Feature",
			"geometry": {
				"type": "Point",
				"coordinates": [
					 135.632,
					 33.6224
				]
			},
			"properties": {
				"name": "JA/WK-054(戸屋ノ森(三角点))",
				"読み":"Toyanomori",
				"標高":"686m 4pt ",
				"GL":"PM73to",
				"市郡区":"G#26005D / G#26005E ",
				"登山日":"",
				"メモ":"",
				"_markerType": "Icon",
				"_iconUrl": "https://maps.gsi.go.jp/portal/sys/v4/symbols/828.png",
				"_iconSize": [
					16,
					16
				],
				"_iconAnchor": [
					8,
					8
				]
			}
		},
		{
			"type": "Feature",
			"geometry": {
				"type": "Point",
				"coordinates": [
					 135.4027,
					 33.9852
				]
			},
			"properties": {
				"name": "JA/WK-057(戸瀬(三角点))",
				"読み":"Tose",
				"標高":"672m 4pt ",
				"GL":"PM73qx",
				"市郡区":"G#26007L ",
				"登山日":"",
				"メモ":"",
				"_markerType": "Icon",
				"_iconUrl": "https://maps.gsi.go.jp/portal/sys/v4/symbols/828.png",
				"_iconSize": [
					16,
					16
				],
				"_iconAnchor": [
					8,
					8
				]
			}
		},
		{
			"type": "Feature",
			"geometry": {
				"type": "Point",
				"coordinates": [
					 135.2763,
					 34.0026
				]
			},
			"properties": {
				"name": "JA/WK-058(高津尾(三角点))",
				"読み":"Takatsuo",
				"標高":"665m 4pt ",
				"GL":"PM74pa",
				"市郡区":"G#26007L / G#26001A ",
				"登山日":"",
				"メモ":"",
				"_markerType": "Icon",
				"_iconUrl": "https://maps.gsi.go.jp/portal/sys/v4/symbols/828.png",
				"_iconSize": [
					16,
					16
				],
				"_iconAnchor": [
					8,
					8
				]
			}
		},
		{
			"type": "Feature",
			"geometry": {
				"type": "Point",
				"coordinates": [
					 135.7399,
					 33.6306
				]
			},
			"properties": {
				"name": "JA/WK-059(笠置山)",
				"読み":"Kasagiyama",
				"標高":"638m 2pt ",
				"GL":"PM73up",
				"市郡区":"G#26006D ",
				"登山日":"",
				"メモ":"",
				"_markerType": "Icon",
				"_iconUrl": "https://maps.gsi.go.jp/portal/sys/v4/symbols/102.png",
				"_iconSize": [
					16,
					16
				],
				"_iconAnchor": [
					8,
					8
				]
			}
		},
		{
			"type": "Feature",
			"geometry": {
				"type": "Point",
				"coordinates": [
					 135.3773,
					 34.0844
				]
			},
			"properties": {
				"name": "JA/WK-060(烏泊山)",
				"読み":"Udomariyama",
				"標高":"619m 2pt ",
				"GL":"PM74qc",
				"市郡区":"G#26001F ",
				"登山日":"",
				"メモ":"",
				"_markerType": "Icon",
				"_iconUrl": "https://maps.gsi.go.jp/portal/sys/v4/symbols/102.png",
				"_iconSize": [
					16,
					16
				],
				"_iconAnchor": [
					8,
					8
				]
			}
		},
		{
			"type": "Feature",
			"geometry": {
				"type": "Point",
				"coordinates": [
					 135.2688,
					 34.0989
				]
			},
			"properties": {
				"name": "JA/WK-061(西ケ峰(三角点))",
				"読み":"Nishigamine",
				"標高":"614m 2pt ",
				"GL":"PM74pc",
				"市郡区":"G#26001F ",
				"登山日":"",
				"メモ":"",
				"_markerType": "Icon",
				"_iconUrl": "https://maps.gsi.go.jp/portal/sys/v4/symbols/102.png",
				"_iconSize": [
					16,
					16
				],
				"_iconAnchor": [
					8,
					8
				]
			}
		},
		{
			"type": "Feature",
			"geometry": {
				"type": "Point",
				"coordinates": [
					 135.8236,
					 33.8006
				]
			},
			"properties": {
				"name": "JA/WK-062(如法山)",
				"読み":"Nyohouzan",
				"標高":"610m 2pt ",
				"GL":"PM73vt",
				"市郡区":"C#2604 / C#2602 ",
				"登山日":"",
				"メモ":"",
				"_markerType": "Icon",
				"_iconUrl": "https://maps.gsi.go.jp/portal/sys/v4/symbols/102.png",
				"_iconSize": [
					16,
					16
				],
				"_iconAnchor": [
					8,
					8
				]
			}
		},
		{
			"type": "Feature",
			"geometry": {
				"type": "Point",
				"coordinates": [
					 135.5779,
					 33.5913
				]
			},
			"properties": {
				"name": "JA/WK-063(重善嶽)",
				"読み":"Jyuzendake",
				"標高":"608m 2pt ",
				"GL":"PM73so",
				"市郡区":"G#26005E ",
				"登山日":"",
				"メモ":"",
				"_markerType": "Icon",
				"_iconUrl": "https://maps.gsi.go.jp/portal/sys/v4/symbols/102.png",
				"_iconSize": [
					16,
					16
				],
				"_iconAnchor": [
					8,
					8
				]
			}
		},
		{
			"type": "Feature",
			"geometry": {
				"type": "Point",
				"coordinates": [
					 135.4265,
					 33.7758
				]
			},
			"properties": {
				"name": "JA/WK-064(高尾山)",
				"読み":"Takaoyama",
				"標高":"606m 2pt ",
				"GL":"PM73rs",
				"市郡区":"C#2604 ",
				"登山日":"",
				"メモ":"",
				"_markerType": "Icon",
				"_iconUrl": "https://maps.gsi.go.jp/portal/sys/v4/symbols/102.png",
				"_iconSize": [
					16,
					16
				],
				"_iconAnchor": [
					8,
					8
				]
			}
		},
		{
			"type": "Feature",
			"geometry": {
				"type": "Point",
				"coordinates": [
					 135.5469,
					 33.5937
				]
			},
			"properties": {
				"name": "JA/WK-065(善司ノ森山)",
				"読み":"Zenjinomoriyama",
				"標高":"591m 2pt ",
				"GL":"PM73so",
				"市郡区":"G#26005E ",
				"登山日":"",
				"メモ":"",
				"_markerType": "Icon",
				"_iconUrl": "https://maps.gsi.go.jp/portal/sys/v4/symbols/102.png",
				"_iconSize": [
					16,
					16
				],
				"_iconAnchor": [
					8,
					8
				]
			}
		},
		{
			"type": "Feature",
			"geometry": {
				"type": "Point",
				"coordinates": [
					 135.3652,
					 34.3296
				]
			},
			"properties": {
				"name": "JA/WK-066(三峯山)",
				"読み":"Mitsumineyama",
				"標高":"576m 2pt ",
				"GL":"PM74qh",
				"市郡区":"C#2608 / C#2515 ",
				"登山日":"",
				"メモ":"",
				"_markerType": "Icon",
				"_iconUrl": "https://maps.gsi.go.jp/portal/sys/v4/symbols/102.png",
				"_iconSize": [
					16,
					16
				],
				"_iconAnchor": [
					8,
					8
				]
			}
		},
		{
			"type": "Feature",
			"geometry": {
				"type": "Point",
				"coordinates": [
					 135.6047,
					 33.7589
				]
			},
			"properties": {
				"name": "JA/WK-067(点572)",
				"読み":"P572",
				"標高":"572m 2pt ",
				"GL":"PM73ts",
				"市郡区":"C#2604 ",
				"登山日":"",
				"メモ":"",
				"_markerType": "Icon",
				"_iconUrl": "https://maps.gsi.go.jp/portal/sys/v4/symbols/102.png",
				"_iconSize": [
					16,
					16
				],
				"_iconAnchor": [
					8,
					8
				]
			}
		},
		{
			"type": "Feature",
			"geometry": {
				"type": "Point",
				"coordinates": [
					 135.8104,
					 33.7551
				]
			},
			"properties": {
				"name": "JA/WK-068(西ノ峪(三角点))",
				"読み":"Nishinotani",
				"標高":"552m 2pt ",
				"GL":"PM73vs",
				"市郡区":"C#2602 ",
				"登山日":"",
				"メモ":"",
				"_markerType": "Icon",
				"_iconUrl": "https://maps.gsi.go.jp/portal/sys/v4/symbols/102.png",
				"_iconSize": [
					16,
					16
				],
				"_iconAnchor": [
					8,
					8
				]
			}
		},
		{
			"type": "Feature",
			"geometry": {
				"type": "Point",
				"coordinates": [
					 135.7281,
					 33.5916
				]
			},
			"properties": {
				"name": "JA/WK-069(点550(高塩(三角点)近傍))",
				"読み":"Takashio",
				"標高":"550m 2pt ",
				"GL":"PM73uo",
				"市郡区":"G#26006D ",
				"登山日":"",
				"メモ":"",
				"_markerType": "Icon",
				"_iconUrl": "https://maps.gsi.go.jp/portal/sys/v4/symbols/102.png",
				"_iconSize": [
					16,
					16
				],
				"_iconAnchor": [
					8,
					8
				]
			}
		},
		{
			"type": "Feature",
			"geometry": {
				"type": "Point",
				"coordinates": [
					 135.499,
					 33.6674
				]
			},
			"properties": {
				"name": "JA/WK-070(点550(鹿ヶ谷(三角点)近傍))",
				"読み":"P550",
				"標高":"550m 2pt ",
				"GL":"PM73rq",
				"市郡区":"G#26005B / G#26005D ",
				"登山日":"",
				"メモ":"",
				"_markerType": "Icon",
				"_iconUrl": "https://maps.gsi.go.jp/portal/sys/v4/symbols/102.png",
				"_iconSize": [
					16,
					16
				],
				"_iconAnchor": [
					8,
					8
				]
			}
		},
		{
			"type": "Feature",
			"geometry": {
				"type": "Point",
				"coordinates": [
					 135.4043,
					 33.791
				]
			},
			"properties": {
				"name": "JA/WK-071(三星山)",
				"読み":"Mitsuboshiyama",
				"標高":"549m 2pt ",
				"GL":"PM73qs",
				"市郡区":"C#2604 ",
				"登山日":"",
				"メモ":"",
				"_markerType": "Icon",
				"_iconUrl": "https://maps.gsi.go.jp/portal/sys/v4/symbols/102.png",
				"_iconSize": [
					16,
					16
				],
				"_iconAnchor": [
					8,
					8
				]
			}
		},
		{
			"type": "Feature",
			"geometry": {
				"type": "Point",
				"coordinates": [
					 135.6324,
					 33.5393
				]
			},
			"properties": {
				"name": "JA/WK-072(大山)",
				"読み":"Ooyama",
				"標高":"544m 2pt ",
				"GL":"PM73tm",
				"市郡区":"G#26006H / G#26005E ",
				"登山日":"",
				"メモ":"",
				"_markerType": "Icon",
				"_iconUrl": "https://maps.gsi.go.jp/portal/sys/v4/symbols/102.png",
				"_iconSize": [
					16,
					16
				],
				"_iconAnchor": [
					8,
					8
				]
			}
		},
		{
			"type": "Feature",
			"geometry": {
				"type": "Point",
				"coordinates": [
					 135.2062,
					 34.0921
				]
			},
			"properties": {
				"name": "JA/WK-073(千葉山)",
				"読み":"Senbayama",
				"標高":"542m 2pt ",
				"GL":"PM74oc",
				"市郡区":"G#26001F ",
				"登山日":"",
				"メモ":"",
				"_markerType": "Icon",
				"_iconUrl": "https://maps.gsi.go.jp/portal/sys/v4/symbols/102.png",
				"_iconSize": [
					16,
					16
				],
				"_iconAnchor": [
					8,
					8
				]
			}
		},
		{
			"type": "Feature",
			"geometry": {
				"type": "Point",
				"coordinates": [
					 135.1896,
					 33.9563
				]
			},
			"properties": {
				"name": "JA/WK-074(千津川(三角点))",
				"読み":"Chizukawa",
				"標高":"530m 2pt ",
				"GL":"PM73ow",
				"市郡区":"G#26007L / G#26001A ",
				"登山日":"",
				"メモ":"",
				"_markerType": "Icon",
				"_iconUrl": "https://maps.gsi.go.jp/portal/sys/v4/symbols/102.png",
				"_iconSize": [
					16,
					16
				],
				"_iconAnchor": [
					8,
					8
				]
			}
		},
		{
			"type": "Feature",
			"geometry": {
				"type": "Point",
				"coordinates": [
					 135.3116,
					 33.948
				]
			},
			"properties": {
				"name": "JA/WK-075(犬ケ丈山)",
				"読み":"Inugajyoyama",
				"標高":"522m 2pt ",
				"GL":"PM73pw",
				"市郡区":"G#26007L ",
				"登山日":"",
				"メモ":"",
				"_markerType": "Icon",
				"_iconUrl": "https://maps.gsi.go.jp/portal/sys/v4/symbols/102.png",
				"_iconSize": [
					16,
					16
				],
				"_iconAnchor": [
					8,
					8
				]
			}
		},
		{
			"type": "Feature",
			"geometry": {
				"type": "Point",
				"coordinates": [
					 135.6097,
					 33.5624
				]
			},
			"properties": {
				"name": "JA/WK-076(大鎌(三角点))",
				"読み":"Ookama",
				"標高":"520m 2pt ",
				"GL":"PM73tn",
				"市郡区":"G#26005E ",
				"登山日":"",
				"メモ":"",
				"_markerType": "Icon",
				"_iconUrl": "https://maps.gsi.go.jp/portal/sys/v4/symbols/102.png",
				"_iconSize": [
					16,
					16
				],
				"_iconAnchor": [
					8,
					8
				]
			}
		},
		{
			"type": "Feature",
			"geometry": {
				"type": "Point",
				"coordinates": [
					 135.4479,
					 33.6308
				]
			},
			"properties": {
				"name": "JA/WK-077(塩津山)",
				"読み":"Shiotsuyama",
				"標高":"517m 2pt ",
				"GL":"PM73rp",
				"市郡区":"G#26005D ",
				"登山日":"",
				"メモ":"",
				"_markerType": "Icon",
				"_iconUrl": "https://maps.gsi.go.jp/portal/sys/v4/symbols/102.png",
				"_iconSize": [
					16,
					16
				],
				"_iconAnchor": [
					8,
					8
				]
			}
		},
		{
			"type": "Feature",
			"geometry": {
				"type": "Point",
				"coordinates": [
					 135.4204,
					 34.2061
				]
			},
			"properties": {
				"name": "JA/WK-078(和田(三角点))",
				"読み":"Wada",
				"標高":"508m 2pt ",
				"GL":"PM74re",
				"市郡区":"C#2608 ",
				"登山日":"",
				"メモ":"",
				"_markerType": "Icon",
				"_iconUrl": "https://maps.gsi.go.jp/portal/sys/v4/symbols/102.png",
				"_iconSize": [
					16,
					16
				],
				"_iconAnchor": [
					8,
					8
				]
			}
		},
		{
			"type": "Feature",
			"geometry": {
				"type": "Point",
				"coordinates": [
					 135.4927,
					 33.6279
				]
			},
			"properties": {
				"name": "JA/WK-079(三舞山)",
				"読み":"Mimaiyama",
				"標高":"491m 1pt ",
				"GL":"PM73rp",
				"市郡区":"G#26005D ",
				"登山日":"",
				"メモ":"",
				"_markerType": "Icon",
				"_iconUrl": "https://maps.gsi.go.jp/portal/sys/v4/symbols/826.png",
				"_iconSize": [
					16,
					16
				],
				"_iconAnchor": [
					8,
					8
				]
			}
		},
		{
			"type": "Feature",
			"geometry": {
				"type": "Point",
				"coordinates": [
					 135.235,
					 34.3017
				]
			},
			"properties": {
				"name": "JA/WK-080(雲山峰)",
				"読み":"Unzampou",
				"標高":"490m 1pt ",
				"GL":"PM74oh",
				"市郡区":"C#2601 ",
				"登山日":"",
				"メモ":"",
				"_markerType": "Icon",
				"_iconUrl": "https://maps.gsi.go.jp/portal/sys/v4/symbols/826.png",
				"_iconSize": [
					16,
					16
				],
				"_iconAnchor": [
					8,
					8
				]
			}
		},
		{
			"type": "Feature",
			"geometry": {
				"type": "Point",
				"coordinates": [
					 135.2435,
					 33.9143
				]
			},
			"properties": {
				"name": "JA/WK-081(和佐山)",
				"読み":"Wasayama",
				"標高":"489m 1pt ",
				"GL":"PM73ov",
				"市郡区":"G#26007L ",
				"登山日":"",
				"メモ":"",
				"_markerType": "Icon",
				"_iconUrl": "https://maps.gsi.go.jp/portal/sys/v4/symbols/826.png",
				"_iconSize": [
					16,
					16
				],
				"_iconAnchor": [
					8,
					8
				]
			}
		},
		{
			"type": "Feature",
			"geometry": {
				"type": "Point",
				"coordinates": [
					 135.5072,
					 33.8137
				]
			},
			"properties": {
				"name": "JA/WK-082(三尾山)",
				"読み":"Mioyama",
				"標高":"485m 1pt ",
				"GL":"PM73st",
				"市郡区":"C#2604 ",
				"登山日":"",
				"メモ":"",
				"_markerType": "Icon",
				"_iconUrl": "https://maps.gsi.go.jp/portal/sys/v4/symbols/826.png",
				"_iconSize": [
					16,
					16
				],
				"_iconAnchor": [
					8,
					8
				]
			}
		},
		{
			"type": "Feature",
			"geometry": {
				"type": "Point",
				"coordinates": [
					 135.7066,
					 33.5333
				]
			},
			"properties": {
				"name": "JA/WK-083(峯ノ山)",
				"読み":"Minenoyama",
				"標高":"482m 1pt ",
				"GL":"PM73um",
				"市郡区":"G#26006D ",
				"登山日":"",
				"メモ":"",
				"_markerType": "Icon",
				"_iconUrl": "https://maps.gsi.go.jp/portal/sys/v4/symbols/826.png",
				"_iconSize": [
					16,
					16
				],
				"_iconAnchor": [
					8,
					8
				]
			}
		},
		{
			"type": "Feature",
			"geometry": {
				"type": "Point",
				"coordinates": [
					 135.3641,
					 34.1834
				]
			},
			"properties": {
				"name": "JA/WK-084(雨山)",
				"読み":"Ameyama",
				"標高":"477m 1pt ",
				"GL":"PM74qe",
				"市郡区":"G#26003D / C#2608 ",
				"登山日":"",
				"メモ":"",
				"_markerType": "Icon",
				"_iconUrl": "https://maps.gsi.go.jp/portal/sys/v4/symbols/826.png",
				"_iconSize": [
					16,
					16
				],
				"_iconAnchor": [
					8,
					8
				]
			}
		},
		{
			"type": "Feature",
			"geometry": {
				"type": "Point",
				"coordinates": [
					 135.2817,
					 33.9444
				]
			},
			"properties": {
				"name": "JA/WK-085(後山)",
				"読み":"Kamiyama",
				"標高":"475m 1pt ",
				"GL":"PM73pw",
				"市郡区":"G#26007L ",
				"登山日":"",
				"メモ":"",
				"_markerType": "Icon",
				"_iconUrl": "https://maps.gsi.go.jp/portal/sys/v4/symbols/826.png",
				"_iconSize": [
					16,
					16
				],
				"_iconAnchor": [
					8,
					8
				]
			}
		},
		{
			"type": "Feature",
			"geometry": {
				"type": "Point",
				"coordinates": [
					 135.2964,
					 34.0643
				]
			},
			"properties": {
				"name": "JA/WK-086(カラス山)",
				"読み":"Karasuyama",
				"標高":"470m 1pt ",
				"GL":"PM74pb",
				"市郡区":"G#26001F ",
				"登山日":"",
				"メモ":"",
				"_markerType": "Icon",
				"_iconUrl": "https://maps.gsi.go.jp/portal/sys/v4/symbols/826.png",
				"_iconSize": [
					16,
					16
				],
				"_iconAnchor": [
					8,
					8
				]
			}
		},
		{
			"type": "Feature",
			"geometry": {
				"type": "Point",
				"coordinates": [
					 135.9185,
					 33.7489
				]
			},
			"properties": {
				"name": "JA/WK-087(田地越(三角点))",
				"読み":"Tajigoe",
				"標高":"453m 1pt ",
				"GL":"PM73xr",
				"市郡区":"C#2602 ",
				"登山日":"",
				"メモ":"",
				"_markerType": "Icon",
				"_iconUrl": "https://maps.gsi.go.jp/portal/sys/v4/symbols/826.png",
				"_iconSize": [
					16,
					16
				],
				"_iconAnchor": [
					8,
					8
				]
			}
		},
		{
			"type": "Feature",
			"geometry": {
				"type": "Point",
				"coordinates": [
					 135.4142,
					 34.0894
				]
			},
			"properties": {
				"name": "JA/WK-088(前山)",
				"読み":"Maeyama",
				"標高":"452m 1pt ",
				"GL":"PM74qc",
				"市郡区":"G#26001F ",
				"登山日":"",
				"メモ":"",
				"_markerType": "Icon",
				"_iconUrl": "https://maps.gsi.go.jp/portal/sys/v4/symbols/826.png",
				"_iconSize": [
					16,
					16
				],
				"_iconAnchor": [
					8,
					8
				]
			}
		},
		{
			"type": "Feature",
			"geometry": {
				"type": "Point",
				"coordinates": [
					 135.4408,
					 33.6078
				]
			},
			"properties": {
				"name": "JA/WK-089(点450(三ケ川(三角点)近傍))",
				"読み":"P450",
				"標高":"450m 1pt ",
				"GL":"PM73ro",
				"市郡区":"G#26005D ",
				"登山日":"",
				"メモ":"",
				"_markerType": "Icon",
				"_iconUrl": "https://maps.gsi.go.jp/portal/sys/v4/symbols/826.png",
				"_iconSize": [
					16,
					16
				],
				"_iconAnchor": [
					8,
					8
				]
			}
		},
		{
			"type": "Feature",
			"geometry": {
				"type": "Point",
				"coordinates": [
					 135.3682,
					 33.974
				]
			},
			"properties": {
				"name": "JA/WK-090(点429)",
				"読み":"P429",
				"標高":"429m 1pt ",
				"GL":"PM73qx",
				"市郡区":"G#26007L ",
				"登山日":"",
				"メモ":"",
				"_markerType": "Icon",
				"_iconUrl": "https://maps.gsi.go.jp/portal/sys/v4/symbols/826.png",
				"_iconSize": [
					16,
					16
				],
				"_iconAnchor": [
					8,
					8
				]
			}
		},
		{
			"type": "Feature",
			"geometry": {
				"type": "Point",
				"coordinates": [
					 135.355,
					 33.8337
				]
			},
			"properties": {
				"name": "JA/WK-092(高畑山(三角点))",
				"読み":"Takahatayama",
				"標高":"414m 1pt ",
				"GL":"PM73qu",
				"市郡区":"G#26007K ",
				"登山日":"",
				"メモ":"",
				"_markerType": "Icon",
				"_iconUrl": "https://maps.gsi.go.jp/portal/sys/v4/symbols/826.png",
				"_iconSize": [
					16,
					16
				],
				"_iconAnchor": [
					8,
					8
				]
			}
		},
		{
			"type": "Feature",
			"geometry": {
				"type": "Point",
				"coordinates": [
					 135.1754,
					 33.984
				]
			},
			"properties": {
				"name": "JA/WK-093(小城山)",
				"読み":"Koshiroyama",
				"標高":"408m 1pt ",
				"GL":"PM73ox",
				"市郡区":"G#26001A / G#26007C / G#26007F",
				"登山日":"",
				"メモ":"",
				"_markerType": "Icon",
				"_iconUrl": "https://maps.gsi.go.jp/portal/sys/v4/symbols/826.png",
				"_iconSize": [
					16,
					16
				],
				"_iconAnchor": [
					8,
					8
				]
			}
		},
		{
			"type": "Feature",
			"geometry": {
				"type": "Point",
				"coordinates": [
					 135.6619,
					 33.552
				]
			},
			"properties": {
				"name": "JA/WK-094(冷氷山)",
				"読み":"Hiegouriyama",
				"標高":"408m 1pt ",
				"GL":"PM73tn",
				"市郡区":"G#26006H / G#26006D ",
				"登山日":"",
				"メモ":"",
				"_markerType": "Icon",
				"_iconUrl": "https://maps.gsi.go.jp/portal/sys/v4/symbols/826.png",
				"_iconSize": [
					16,
					16
				],
				"_iconAnchor": [
					8,
					8
				]
			}
		},
		{
			"type": "Feature",
			"geometry": {
				"type": "Point",
				"coordinates": [
					 135.3091,
					 33.8357
				]
			},
			"properties": {
				"name": "JA/WK-095(横郷(三角点))",
				"読み":"Yokozato",
				"標高":"387m 1pt ",
				"GL":"PM73pu",
				"市郡区":"G#26007K / G#26007D ",
				"登山日":"",
				"メモ":"",
				"_markerType": "Icon",
				"_iconUrl": "https://maps.gsi.go.jp/portal/sys/v4/symbols/826.png",
				"_iconSize": [
					16,
					16
				],
				"_iconAnchor": [
					8,
					8
				]
			}
		},
		{
			"type": "Feature",
			"geometry": {
				"type": "Point",
				"coordinates": [
					 135.2987,
					 34.0495
				]
			},
			"properties": {
				"name": "JA/WK-096(点371)",
				"読み":"P371",
				"標高":"371m 1pt ",
				"GL":"PM74pb",
				"市郡区":"G#26001F ",
				"登山日":"",
				"メモ":"",
				"_markerType": "Icon",
				"_iconUrl": "https://maps.gsi.go.jp/portal/sys/v4/symbols/826.png",
				"_iconSize": [
					16,
					16
				],
				"_iconAnchor": [
					8,
					8
				]
			}
		},
		{
			"type": "Feature",
			"geometry": {
				"type": "Point",
				"coordinates": [
					 135.3312,
					 33.8338
				]
			},
			"properties": {
				"name": "JA/WK-097(点370)",
				"読み":"P370",
				"標高":"370m 1pt ",
				"GL":"PM73pu",
				"市郡区":"G#26007K ",
				"登山日":"",
				"メモ":"",
				"_markerType": "Icon",
				"_iconUrl": "https://maps.gsi.go.jp/portal/sys/v4/symbols/826.png",
				"_iconSize": [
					16,
					16
				],
				"_iconAnchor": [
					8,
					8
				]
			}
		},
		{
			"type": "Feature",
			"geometry": {
				"type": "Point",
				"coordinates": [
					 135.1039,
					 33.9026
				]
			},
			"properties": {
				"name": "JA/WK-098(西山近傍)",
				"読み":"Near_Nishiyama",
				"標高":"338m 1pt ",
				"GL":"PM73nv",
				"市郡区":"G#26007H / G#26007F ",
				"登山日":"",
				"メモ":"",
				"_markerType": "Icon",
				"_iconUrl": "https://maps.gsi.go.jp/portal/sys/v4/symbols/826.png",
				"_iconSize": [
					16,
					16
				],
				"_iconAnchor": [
					8,
					8
				]
			}
		},
		{
			"type": "Feature",
			"geometry": {
				"type": "Point",
				"coordinates": [
					 135.3092,
					 34.2395
				]
			},
			"properties": {
				"name": "JA/WK-099(御茶屋御殿山)",
				"読み":"Ochayagotenyama",
				"標高":"279m 1pt ",
				"GL":"PM74pf",
				"市郡区":"C#2609 / C#2601 / C#2608",
				"登山日":"",
				"メモ":"",
				"_markerType": "Icon",
				"_iconUrl": "https://maps.gsi.go.jp/portal/sys/v4/symbols/826.png",
				"_iconSize": [
					16,
					16
				],
				"_iconAnchor": [
					8,
					8
				]
			}
		},
		{
			"type": "Feature",
			"geometry": {
				"type": "Point",
				"coordinates": [
					 135.5725,
					 34.2205
				]
			},
			"properties": {
				"name": "JA/WK-100(弁天岳)",
				"読み":"Bentendake",
				"標高":"984m 6pt ",
				"GL":"PM74sf",
				"市郡区":"G#26002D ",
				"登山日":"",
				"メモ":"",
				"_markerType": "Icon",
				"_iconUrl": "https://maps.gsi.go.jp/portal/sys/v4/symbols/103.png",
				"_iconSize": [
					16,
					16
				],
				"_iconAnchor": [
					8,
					8
				]
			}
		},
		{
			"type": "Feature",
			"geometry": {
				"type": "Point",
				"coordinates": [
					 135.962,
					 33.9771
				]
			},
			"properties": {
				"name": "JA/WK-101(竹原(三角点))",
				"読み":"Takehara",
				"標高":"875m 6pt ",
				"GL":"PM73xx",
				"市郡区":"G#26006A ",
				"登山日":"",
				"メモ":"",
				"_markerType": "Icon",
				"_iconUrl": "https://maps.gsi.go.jp/portal/sys/v4/symbols/103.png",
				"_iconSize": [
					16,
					16
				],
				"_iconAnchor": [
					8,
					8
				]
			}
		},
		{
			"type": "Feature",
			"geometry": {
				"type": "Point",
				"coordinates": [
					 135.6236,
					 33.7649
				]
			},
			"properties": {
				"name": "JA/WK-102(嶽山)",
				"読み":"Takeyama",
				"標高":"850m 6pt ",
				"GL":"PM73ts",
				"市郡区":"C#2604 ",
				"登山日":"",
				"メモ":"",
				"_markerType": "Icon",
				"_iconUrl": "https://maps.gsi.go.jp/portal/sys/v4/symbols/103.png",
				"_iconSize": [
					16,
					16
				],
				"_iconAnchor": [
					8,
					8
				]
			}
		},
		{
			"type": "Feature",
			"geometry": {
				"type": "Point",
				"coordinates": [
					 135.5656,
					 33.9272
				]
			},
			"properties": {
				"name": "JA/WK-103(点820)",
				"読み":"P820",
				"標高":"820m 4pt ",
				"GL":"PM73sw",
				"市郡区":"C#2604 ",
				"登山日":"",
				"メモ":"",
				"_markerType": "Icon",
				"_iconUrl": "https://maps.gsi.go.jp/portal/sys/v4/symbols/828.png",
				"_iconSize": [
					16,
					16
				],
				"_iconAnchor": [
					8,
					8
				]
			}
		},
		{
			"type": "Feature",
			"geometry": {
				"type": "Point",
				"coordinates": [
					 135.4495,
					 34.2437
				]
			},
			"properties": {
				"name": "JA/WK-104(飯盛山)",
				"読み":"Iimoriyama",
				"標高":"745m 4pt ",
				"GL":"PM74rf",
				"市郡区":"C#2608 ",
				"登山日":"",
				"メモ":"",
				"_markerType": "Icon",
				"_iconUrl": "https://maps.gsi.go.jp/portal/sys/v4/symbols/828.png",
				"_iconSize": [
					16,
					16
				],
				"_iconAnchor": [
					8,
					8
				]
			}
		},
		{
			"type": "Feature",
			"geometry": {
				"type": "Point",
				"coordinates": [
					 135.7004,
					 33.7955
				]
			},
			"properties": {
				"name": "JA/WK-105(点741)",
				"読み":"P741",
				"標高":"741m 4pt ",
				"GL":"PM73ut",
				"市郡区":"C#2604 ",
				"登山日":"",
				"メモ":"",
				"_markerType": "Icon",
				"_iconUrl": "https://maps.gsi.go.jp/portal/sys/v4/symbols/828.png",
				"_iconSize": [
					16,
					16
				],
				"_iconAnchor": [
					8,
					8
				]
			}
		},
		{
			"type": "Feature",
			"geometry": {
				"type": "Point",
				"coordinates": [
					 135.5488,
					 33.791
				]
			},
			"properties": {
				"name": "JA/WK-106(点737)",
				"読み":"P737",
				"標高":"737m 4pt ",
				"GL":"PM73ss",
				"市郡区":"C#2604 ",
				"登山日":"",
				"メモ":"",
				"_markerType": "Icon",
				"_iconUrl": "https://maps.gsi.go.jp/portal/sys/v4/symbols/828.png",
				"_iconSize": [
					16,
					16
				],
				"_iconAnchor": [
					8,
					8
				]
			}
		},
		{
			"type": "Feature",
			"geometry": {
				"type": "Point",
				"coordinates": [
					 135.5316,
					 34.2673
				]
			},
			"properties": {
				"name": "JA/WK-107(大筒ケ峰(三角点))",
				"読み":"Ootsutsugamine",
				"標高":"683m 4pt ",
				"GL":"PM74sg",
				"市郡区":"G#26002C / G#26002A ",
				"登山日":"",
				"メモ":"",
				"_markerType": "Icon",
				"_iconUrl": "https://maps.gsi.go.jp/portal/sys/v4/symbols/828.png",
				"_iconSize": [
					16,
					16
				],
				"_iconAnchor": [
					8,
					8
				]
			}
		},
		{
			"type": "Feature",
			"geometry": {
				"type": "Point",
				"coordinates": [
					 135.5033,
					 34.2511
				]
			},
			"properties": {
				"name": "JA/WK-108(星山(三角点))",
				"読み":"Hoshiyama",
				"標高":"675m 4pt ",
				"GL":"PM74sg",
				"市郡区":"G#26002C ",
				"登山日":"",
				"メモ":"",
				"_markerType": "Icon",
				"_iconUrl": "https://maps.gsi.go.jp/portal/sys/v4/symbols/828.png",
				"_iconSize": [
					16,
					16
				],
				"_iconAnchor": [
					8,
					8
				]
			}
		},
		{
			"type": "Feature",
			"geometry": {
				"type": "Point",
				"coordinates": [
					 135.2591,
					 33.974
				]
			},
			"properties": {
				"name": "JA/WK-109(長者ヶ峰)",
				"読み":"Chojagamine",
				"標高":"650m 4pt ",
				"GL":"PM73px",
				"市郡区":"G#26001A / G#26007L ",
				"登山日":"",
				"メモ":"",
				"_markerType": "Icon",
				"_iconUrl": "https://maps.gsi.go.jp/portal/sys/v4/symbols/828.png",
				"_iconSize": [
					16,
					16
				],
				"_iconAnchor": [
					8,
					8
				]
			}
		},
		{
			"type": "Feature",
			"geometry": {
				"type": "Point",
				"coordinates": [
					 135.8664,
					 33.7771
				]
			},
			"properties": {
				"name": "JA/WK-110(下野(三角点))",
				"読み":"Shimono",
				"標高":"641m 2pt ",
				"GL":"PM73ws",
				"市郡区":"C#2602 ",
				"登山日":"",
				"メモ":"",
				"_markerType": "Icon",
				"_iconUrl": "https://maps.gsi.go.jp/portal/sys/v4/symbols/102.png",
				"_iconSize": [
					16,
					16
				],
				"_iconAnchor": [
					8,
					8
				]
			}
		},
		{
			"type": "Feature",
			"geometry": {
				"type": "Point",
				"coordinates": [
					 135.352,
					 33.9552
				]
			},
			"properties": {
				"name": "JA/WK-111(堂ノ谷(三角点))",
				"読み":"Dounoya",
				"標高":"636m 2pt ",
				"GL":"PM73qw",
				"市郡区":"G#26007L ",
				"登山日":"",
				"メモ":"",
				"_markerType": "Icon",
				"_iconUrl": "https://maps.gsi.go.jp/portal/sys/v4/symbols/102.png",
				"_iconSize": [
					16,
					16
				],
				"_iconAnchor": [
					8,
					8
				]
			}
		},
		{
			"type": "Feature",
			"geometry": {
				"type": "Point",
				"coordinates": [
					 135.428,
					 33.9122
				]
			},
			"properties": {
				"name": "JA/WK-112(長畑（三角点近傍）)",
				"読み":"Near_Nagahata",
				"標高":"630m 2pt ",
				"GL":"PM73rv",
				"市郡区":"C#2604 ",
				"登山日":"",
				"メモ":"",
				"_markerType": "Icon",
				"_iconUrl": "https://maps.gsi.go.jp/portal/sys/v4/symbols/102.png",
				"_iconSize": [
					16,
					16
				],
				"_iconAnchor": [
					8,
					8
				]
			}
		},
		{
			"type": "Feature",
			"geometry": {
				"type": "Point",
				"coordinates": [
					 135.3343,
					 33.9119
				]
			},
			"properties": {
				"name": "JA/WK-113(水ケ本(三角点))",
				"読み":"Mizugamoto",
				"標高":"625m 2pt ",
				"GL":"PM73qv",
				"市郡区":"G#26007L / G#26007D ",
				"登山日":"",
				"メモ":"",
				"_markerType": "Icon",
				"_iconUrl": "https://maps.gsi.go.jp/portal/sys/v4/symbols/102.png",
				"_iconSize": [
					16,
					16
				],
				"_iconAnchor": [
					8,
					8
				]
			}
		},
		{
			"type": "Feature",
			"geometry": {
				"type": "Point",
				"coordinates": [
					 135.4782,
					 34.2455
				]
			},
			"properties": {
				"name": "JA/WK-114(点618)",
				"読み":"P618",
				"標高":"618m 2pt ",
				"GL":"PM74rf",
				"市郡区":"C#2608 / G#26002C ",
				"登山日":"",
				"メモ":"",
				"_markerType": "Icon",
				"_iconUrl": "https://maps.gsi.go.jp/portal/sys/v4/symbols/102.png",
				"_iconSize": [
					16,
					16
				],
				"_iconAnchor": [
					8,
					8
				]
			}
		},
		{
			"type": "Feature",
			"geometry": {
				"type": "Point",
				"coordinates": [
					 135.7942,
					 33.635
				]
			},
			"properties": {
				"name": "JA/WK-115(戸矢倉山)",
				"読み":"Toyakurayama",
				"標高":"530m 2pt ",
				"GL":"PM73vp",
				"市郡区":"G#26006D ",
				"登山日":"",
				"メモ":"",
				"_markerType": "Icon",
				"_iconUrl": "https://maps.gsi.go.jp/portal/sys/v4/symbols/102.png",
				"_iconSize": [
					16,
					16
				],
				"_iconAnchor": [
					8,
					8
				]
			}
		},
		{
			"type": "Feature",
			"geometry": {
				"type": "Point",
				"coordinates": [
					 135.3456,
					 33.9679
				]
			},
			"properties": {
				"name": "JA/WK-116(上越方（三角点近傍）)",
				"読み":"Near_Kamikosigata",
				"標高":"530m 2pt ",
				"GL":"PM73qx",
				"市郡区":"G#26007L ",
				"登山日":"",
				"メモ":"",
				"_markerType": "Icon",
				"_iconUrl": "https://maps.gsi.go.jp/portal/sys/v4/symbols/102.png",
				"_iconSize": [
					16,
					16
				],
				"_iconAnchor": [
					8,
					8
				]
			}
		},
		{
			"type": "Feature",
			"geometry": {
				"type": "Point",
				"coordinates": [
					 135.3828,
					 33.9773
				]
			},
			"properties": {
				"name": "JA/WK-117(中ノ滝(三角点))",
				"読み":"Nakanotaki",
				"標高":"507m 2pt ",
				"GL":"PM73qx",
				"市郡区":"G#26007L ",
				"登山日":"",
				"メモ":"",
				"_markerType": "Icon",
				"_iconUrl": "https://maps.gsi.go.jp/portal/sys/v4/symbols/102.png",
				"_iconSize": [
					16,
					16
				],
				"_iconAnchor": [
					8,
					8
				]
			}
		},
		{
			"type": "Feature",
			"geometry": {
				"type": "Point",
				"coordinates": [
					 135.619,
					 33.5284
				]
			},
			"properties": {
				"name": "JA/WK-118(点498)",
				"読み":"P498",
				"標高":"498m 1pt ",
				"GL":"PM73tm",
				"市郡区":"G#26005E ",
				"登山日":"",
				"メモ":"",
				"_markerType": "Icon",
				"_iconUrl": "https://maps.gsi.go.jp/portal/sys/v4/symbols/826.png",
				"_iconSize": [
					16,
					16
				],
				"_iconAnchor": [
					8,
					8
				]
			}
		},
		{
			"type": "Feature",
			"geometry": {
				"type": "Point",
				"coordinates": [
					 135.4701,
					 33.952
				]
			},
			"properties": {
				"name": "JA/WK-119(土居(三角点))",
				"読み":"Doi",
				"標高":"490m 1pt ",
				"GL":"PM73rw",
				"市郡区":"G#26007L ",
				"登山日":"",
				"メモ":"",
				"_markerType": "Icon",
				"_iconUrl": "https://maps.gsi.go.jp/portal/sys/v4/symbols/826.png",
				"_iconSize": [
					16,
					16
				],
				"_iconAnchor": [
					8,
					8
				]
			}
		},
		{
			"type": "Feature",
			"geometry": {
				"type": "Point",
				"coordinates": [
					 135.7735,
					 33.876
				]
			},
			"properties": {
				"name": "JA/WK-120(切畑(三角点))",
				"読み":"Kirihata",
				"標高":"485m 1pt ",
				"GL":"PM73vv",
				"市郡区":"C#2604 ",
				"登山日":"",
				"メモ":"",
				"_markerType": "Icon",
				"_iconUrl": "https://maps.gsi.go.jp/portal/sys/v4/symbols/826.png",
				"_iconSize": [
					16,
					16
				],
				"_iconAnchor": [
					8,
					8
				]
			}
		},
		{
			"type": "Feature",
			"geometry": {
				"type": "Point",
				"coordinates": [
					 135.8288,
					 33.6405
				]
			},
			"properties": {
				"name": "JA/WK-121(高野(三角点))",
				"読み":"Takano",
				"標高":"484m 1pt ",
				"GL":"PM73vp",
				"市郡区":"G#26006F ",
				"登山日":"",
				"メモ":"",
				"_markerType": "Icon",
				"_iconUrl": "https://maps.gsi.go.jp/portal/sys/v4/symbols/826.png",
				"_iconSize": [
					16,
					16
				],
				"_iconAnchor": [
					8,
					8
				]
			}
		},
		{
			"type": "Feature",
			"geometry": {
				"type": "Point",
				"coordinates": [
					 135.5319,
					 33.8152
				]
			},
			"properties": {
				"name": "JA/WK-122(焼尾山)",
				"読み":"Yakeoyama",
				"標高":"450m 1pt ",
				"GL":"PM73st",
				"市郡区":"C#2604 ",
				"登山日":"",
				"メモ":"",
				"_markerType": "Icon",
				"_iconUrl": "https://maps.gsi.go.jp/portal/sys/v4/symbols/826.png",
				"_iconSize": [
					16,
					16
				],
				"_iconAnchor": [
					8,
					8
				]
			}
		},
		{
			"type": "Feature",
			"geometry": {
				"type": "Point",
				"coordinates": [
					 135.307,
					 33.9623
				]
			},
			"properties": {
				"name": "JA/WK-123(株井(三角点近傍))",
				"読み":"Near_Kabui",
				"標高":"440m 1pt ",
				"GL":"PM73px",
				"市郡区":"G#26007L ",
				"登山日":"",
				"メモ":"",
				"_markerType": "Icon",
				"_iconUrl": "https://maps.gsi.go.jp/portal/sys/v4/symbols/826.png",
				"_iconSize": [
					16,
					16
				],
				"_iconAnchor": [
					8,
					8
				]
			}
		},
		{
			"type": "Feature",
			"geometry": {
				"type": "Point",
				"coordinates": [
					 135.3254,
					 33.8762
				]
			},
			"properties": {
				"name": "JA/WK-124(点430)",
				"読み":"P430",
				"標高":"430m 1pt ",
				"GL":"PM73pv",
				"市郡区":"G#26007D / G#26007K ",
				"登山日":"",
				"メモ":"",
				"_markerType": "Icon",
				"_iconUrl": "https://maps.gsi.go.jp/portal/sys/v4/symbols/826.png",
				"_iconSize": [
					16,
					16
				],
				"_iconAnchor": [
					8,
					8
				]
			}
		},
		{
			"type": "Feature",
			"geometry": {
				"type": "Point",
				"coordinates": [
					 135.1749,
					 33.9947
				]
			},
			"properties": {
				"name": "JA/WK-125(上中野（三角点近傍）)",
				"読み":"Near_Kaminakano",
				"標高":"410m 1pt ",
				"GL":"PM73ox",
				"市郡区":"G#26007C / G#26001A ",
				"登山日":"",
				"メモ":"",
				"_markerType": "Icon",
				"_iconUrl": "https://maps.gsi.go.jp/portal/sys/v4/symbols/826.png",
				"_iconSize": [
					16,
					16
				],
				"_iconAnchor": [
					8,
					8
				]
			}
		},
		{
			"type": "Feature",
			"geometry": {
				"type": "Point",
				"coordinates": [
					 135.9185,
					 33.7206
				]
			},
			"properties": {
				"name": "JA/WK-126(点384)",
				"読み":"P384",
				"標高":"384m 1pt ",
				"GL":"PM73xr",
				"市郡区":"C#2602 ",
				"登山日":"",
				"メモ":"",
				"_markerType": "Icon",
				"_iconUrl": "https://maps.gsi.go.jp/portal/sys/v4/symbols/826.png",
				"_iconSize": [
					16,
					16
				],
				"_iconAnchor": [
					8,
					8
				]
			}
		},
		{
			"type": "Feature",
			"geometry": {
				"type": "Point",
				"coordinates": [
					 135.3769,
					 33.7888
				]
			},
			"properties": {
				"name": "JA/WK-127(田本（三角点近傍）)",
				"読み":"Near_Tamoto",
				"標高":"380m 1pt ",
				"GL":"PM73qs",
				"市郡区":"C#2604 ",
				"登山日":"",
				"メモ":"",
				"_markerType": "Icon",
				"_iconUrl": "https://maps.gsi.go.jp/portal/sys/v4/symbols/826.png",
				"_iconSize": [
					16,
					16
				],
				"_iconAnchor": [
					8,
					8
				]
			}
		},
		{
			"type": "Feature",
			"geometry": {
				"type": "Point",
				"coordinates": [
					 135.7653,
					 33.8264
				]
			},
			"properties": {
				"name": "JA/WK-128(大日山)",
				"読み":"Dainichiyama",
				"標高":"369m 1pt ",
				"GL":"PM73vt",
				"市郡区":"C#2604 ",
				"登山日":"",
				"メモ":"",
				"_markerType": "Icon",
				"_iconUrl": "https://maps.gsi.go.jp/portal/sys/v4/symbols/826.png",
				"_iconSize": [
					16,
					16
				],
				"_iconAnchor": [
					8,
					8
				]
			}
		},
		{
			"type": "Feature",
			"geometry": {
				"type": "Point",
				"coordinates": [
					 135.5722,
					 33.6792
				]
			},
			"properties": {
				"name": "JA/WK-129(下露(三角点))",
				"読み":"Gero",
				"標高":"363m 1pt ",
				"GL":"PM73sq",
				"市郡区":"C#2604 ",
				"登山日":"",
				"メモ":"",
				"_markerType": "Icon",
				"_iconUrl": "https://maps.gsi.go.jp/portal/sys/v4/symbols/826.png",
				"_iconSize": [
					16,
					16
				],
				"_iconAnchor": [
					8,
					8
				]
			}
		},
		{
			"type": "Feature",
			"geometry": {
				"type": "Point",
				"coordinates": [
					 135.7554,
					 33.5222
				]
			},
			"properties": {
				"name": "JA/WK-130(点310)",
				"読み":"P310",
				"標高":"310m 1pt ",
				"GL":"PM73vm",
				"市郡区":"G#26006D / G#26006H ",
				"登山日":"",
				"メモ":"",
				"_markerType": "Icon",
				"_iconUrl": "https://maps.gsi.go.jp/portal/sys/v4/symbols/826.png",
				"_iconSize": [
					16,
					16
				],
				"_iconAnchor": [
					8,
					8
				]
			}
		},
		{
			"type": "Feature",
			"geometry": {
				"type": "Point",
				"coordinates": [
					 135.0632,
					 33.8851
				]
			},
			"properties": {
				"name": "JA/WK-131(日ノ山)",
				"読み":"Hinoyama",
				"標高":"202m 1pt ",
				"GL":"PM73mv",
				"市郡区":"G#26007H / G#26007F ",
				"登山日":"",
				"メモ":"",
				"_markerType": "Icon",
				"_iconUrl": "https://maps.gsi.go.jp/portal/sys/v4/symbols/826.png",
				"_iconSize": [
					16,
					16
				],
				"_iconAnchor": [
					8,
					8
				]
			}
		},
		{
			"type": "Feature",
			"geometry": {
				"type": "Point",
				"coordinates": [
					 135.2517,
					 33.8391
				]
			},
			"properties": {
				"name": "JA/WK-132(点271)",
				"読み":"P271",
				"標高":"271m 1pt ",
				"GL":"PM73pu",
				"市郡区":"G#26007D ",
				"登山日":"",
				"メモ":"",
				"_markerType": "Icon",
				"_iconUrl": "https://maps.gsi.go.jp/portal/sys/v4/symbols/826.png",
				"_iconSize": [
					16,
					16
				],
				"_iconAnchor": [
					8,
					8
				]
			}
		},
		{
			"type": "Feature",
			"geometry": {
				"type": "Point",
				"coordinates": [
					 135.2296,
					 33.9298
				]
			},
			"properties": {
				"name": "JA/WK-133(蛇尾(三角点))",
				"読み":"Hebio",
				"標高":"262m 1pt ",
				"GL":"PM73ow",
				"市郡区":"G#26007L ",
				"登山日":"",
				"メモ":"",
				"_markerType": "Icon",
				"_iconUrl": "https://maps.gsi.go.jp/portal/sys/v4/symbols/826.png",
				"_iconSize": [
					16,
					16
				],
				"_iconAnchor": [
					8,
					8
				]
			}
		},
		{
			"type": "Feature",
			"geometry": {
				"type": "Point",
				"coordinates": [
					 135.0933,
					 33.9625
				]
			},
			"properties": {
				"name": "JA/WK-134(重山)",
				"読み":"Kasaneyama",
				"標高":"262m 1pt ",
				"GL":"PM73nx",
				"市郡区":"G#26007C ",
				"登山日":"",
				"メモ":"",
				"_markerType": "Icon",
				"_iconUrl": "https://maps.gsi.go.jp/portal/sys/v4/symbols/826.png",
				"_iconSize": [
					16,
					16
				],
				"_iconAnchor": [
					8,
					8
				]
			}
		},
		{
			"type": "Feature",
			"geometry": {
				"type": "Point",
				"coordinates": [
					 135.851,
					 33.6335
				]
			},
			"properties": {
				"name": "JA/WK-135(点250)",
				"読み":"P250",
				"標高":"250m 1pt ",
				"GL":"PM73wp",
				"市郡区":"G#26006F ",
				"登山日":"",
				"メモ":"",
				"_markerType": "Icon",
				"_iconUrl": "https://maps.gsi.go.jp/portal/sys/v4/symbols/826.png",
				"_iconSize": [
					16,
					16
				],
				"_iconAnchor": [
					8,
					8
				]
			}
		},
		{
			"type": "Feature",
			"geometry": {
				"type": "Point",
				"coordinates": [
					 135.2624,
					 34.1681
				]
			},
			"properties": {
				"name": "JA/WK-136(高倉山)",
				"読み":"Takakurayama",
				"標高":"248m 1pt ",
				"GL":"PM74pe",
				"市郡区":"C#2603 ",
				"登山日":"",
				"メモ":"",
				"_markerType": "Icon",
				"_iconUrl": "https://maps.gsi.go.jp/portal/sys/v4/symbols/826.png",
				"_iconSize": [
					16,
					16
				],
				"_iconAnchor": [
					8,
					8
				]
			}
		},
		{
			"type": "Feature",
			"geometry": {
				"type": "Point",
				"coordinates": [
					 135.1933,
					 33.8545
				]
			},
			"properties": {
				"name": "JA/WK-137(黒岩山)",
				"読み":"Kuroiwayama",
				"標高":"241m 1pt ",
				"GL":"PM73ou",
				"市郡区":"G#26007D / C#2605 ",
				"登山日":"",
				"メモ":"",
				"_markerType": "Icon",
				"_iconUrl": "https://maps.gsi.go.jp/portal/sys/v4/symbols/826.png",
				"_iconSize": [
					16,
					16
				],
				"_iconAnchor": [
					8,
					8
				]
			}
		},
		{
			"type": "Feature",
			"geometry": {
				"type": "Point",
				"coordinates": [
					 135.1639,
					 34.0631
				]
			},
			"properties": {
				"name": "JA/WK-138(平見山)",
				"読み":"Hiramiyama",
				"標高":"240m 1pt ",
				"GL":"PM74nb",
				"市郡区":"C#2607 / G#26001B ",
				"登山日":"",
				"メモ":"",
				"_markerType": "Icon",
				"_iconUrl": "https://maps.gsi.go.jp/portal/sys/v4/symbols/826.png",
				"_iconSize": [
					16,
					16
				],
				"_iconAnchor": [
					8,
					8
				]
			}
		},
		{
			"type": "Feature",
			"geometry": {
				"type": "Point",
				"coordinates": [
					 135.1953,
					 34.1842
				]
			},
			"properties": {
				"name": "JA/WK-139(名草山)",
				"読み":"Nagusayama",
				"標高":"228m 1pt ",
				"GL":"PM74oe",
				"市郡区":"C#2601 ",
				"登山日":"",
				"メモ":"",
				"_markerType": "Icon",
				"_iconUrl": "https://maps.gsi.go.jp/portal/sys/v4/symbols/826.png",
				"_iconSize": [
					16,
					16
				],
				"_iconAnchor": [
					8,
					8
				]
			}
		},
		{
			"type": "Feature",
			"geometry": {
				"type": "Point",
				"coordinates": [
					 135.1242,
					 34.0702
				]
			},
			"properties": {
				"name": "JA/WK-140(箕島(三角点))",
				"読み":"Minoshima",
				"標高":"179m 1pt ",
				"GL":"PM74nb",
				"市郡区":"C#2607 ",
				"登山日":"",
				"メモ":"",
				"_markerType": "Icon",
				"_iconUrl": "https://maps.gsi.go.jp/portal/sys/v4/symbols/826.png",
				"_iconSize": [
					16,
					16
				],
				"_iconAnchor": [
					8,
					8
				]
			}
		},
		{
			"type": "Feature",
			"geometry": {
				"type": "Point",
				"coordinates": [
					 135.8274,
					 33.4731
				]
			},
			"properties": {
				"name": "JA/WK-141(大森山)",
				"読み":"Oomoriyama",
				"標高":"171m 1pt ",
				"GL":"PM73vl",
				"市郡区":"G#26006H ",
				"登山日":"",
				"メモ":"",
				"_markerType": "Icon",
				"_iconUrl": "https://maps.gsi.go.jp/portal/sys/v4/symbols/826.png",
				"_iconSize": [
					16,
					16
				],
				"_iconAnchor": [
					8,
					8
				]
			}
		},
		{
			"type": "Feature",
			"geometry": {
				"type": "Point",
				"coordinates": [
					 135.606759,
					 34.235439
				]
			},
			"properties": {
				"name": "JA/WK-142(楊柳山)",
				"読み":"Youryusan",
				"標高":"1009m 6pt ",
				"GL":"PM74rf",
				"市郡区":"G#26002D / G#26002A ",
				"登山日":"",
				"メモ":"",
				"_markerType": "Icon",
				"_iconUrl": "https://maps.gsi.go.jp/portal/sys/v4/symbols/103.png",
				"_iconSize": [
					16,
					16
				],
				"_iconAnchor": [
					8,
					8
				]
			}
		},
		{
			"type": "Feature",
			"geometry": {
				"type": "Point",
				"coordinates": [
					 135.488296,
					 33.582312
				]
			},
			"properties": {
				"name": "JA/WK-143(点376（太間川(三角点)近傍)",
				"読み":"P376",
				"標高":"376m 1pt ",
				"GL":"PM73rn",
				"市郡区":"G#26005E / G#26005D ",
				"登山日":"",
				"メモ":"",
				"_markerType": "Icon",
				"_iconUrl": "https://maps.gsi.go.jp/portal/sys/v4/symbols/826.png",
				"_iconSize": [
					16,
					16
				],
				"_iconAnchor": [
					8,
					8
				]
			}
		},
		{
			"type": "Feature",
			"geometry": {
				"type": "Point",
				"coordinates": [
					 135.5303,
					 33.7545
				]
			},
			"properties": {
				"name": "JA/WK-144(分領山近傍)",
				"読み":"Bunryouzan(Higashi)",
				"標高":"680m 4pt ",
				"GL":"PM73ss",
				"市郡区":"C#2604 ",
				"登山日":"",
				"メモ":"",
				"_markerType": "Icon",
				"_iconUrl": "https://maps.gsi.go.jp/portal/sys/v4/symbols/828.png",
				"_iconSize": [
					16,
					16
				],
				"_iconAnchor": [
					8,
					8
				]
			}
		}
	]
}
