{
	"type": "FeatureCollection",
	"features": [
		{
			"type": "Feature",
			"geometry": {
				"type": "Point",
				"coordinates": [
					 132.1297,
					 34.5955
				]
			},
			"properties": {
				"name": "JA/HS-001(恐羅漢山)",
				"読み":"Osorakanzan",
				"標高":"1346m 8pt ",
				"GL":"PM64bo",
				"市郡区":"G#35016H / C#3204 ",
				"登山日":"",
				"メモ":"",
				"_markerType": "Icon",
				"_iconUrl": "https://maps.gsi.go.jp/portal/sys/v4/symbols/104.png",
				"_iconSize": [
					16,
					16
				],
				"_iconAnchor": [
					8,
					8
				]
			}
		},
		{
			"type": "Feature",
			"geometry": {
				"type": "Point",
				"coordinates": [
					 132.0761,
					 34.4687
				]
			},
			"properties": {
				"name": "JA/HS-002(冠山)",
				"読み":"Kanmuriyama",
				"標高":"1339m 8pt ",
				"GL":"PM64al",
				"市郡区":"C#3514 ",
				"登山日":"",
				"メモ":"",
				"_markerType": "Icon",
				"_iconUrl": "https://maps.gsi.go.jp/portal/sys/v4/symbols/104.png",
				"_iconSize": [
					16,
					16
				],
				"_iconAnchor": [
					8,
					8
				]
			}
		},
		{
			"type": "Feature",
			"geometry": {
				"type": "Point",
				"coordinates": [
					 132.1422,
					 34.565
				]
			},
			"properties": {
				"name": "JA/HS-003(十方山)",
				"読み":"Jippouzan",
				"標高":"1328m 8pt ",
				"GL":"PM64bn",
				"市郡区":"G#35016H / C#3514 ",
				"登山日":"",
				"メモ":"",
				"_markerType": "Icon",
				"_iconUrl": "https://maps.gsi.go.jp/portal/sys/v4/symbols/104.png",
				"_iconSize": [
					16,
					16
				],
				"_iconAnchor": [
					8,
					8
				]
			}
		},
		{
			"type": "Feature",
			"geometry": {
				"type": "Point",
				"coordinates": [
					 133.0655,
					 35.0519
				]
			},
			"properties": {
				"name": "JA/HS-004(立烏帽子山(比婆山))",
				"読み":"Tateeboshiyama/Hibayama",
				"標高":"1299m 8pt ",
				"GL":"PM65mb",
				"市郡区":"C#3511 ",
				"登山日":"",
				"メモ":"",
				"_markerType": "Icon",
				"_iconUrl": "https://maps.gsi.go.jp/portal/sys/v4/symbols/104.png",
				"_iconSize": [
					16,
					16
				],
				"_iconAnchor": [
					8,
					8
				]
			}
		},
		{
			"type": "Feature",
			"geometry": {
				"type": "Point",
				"coordinates": [
					 133.2329,
					 35.0695
				]
			},
			"properties": {
				"name": "JA/HS-005(道後山)",
				"読み":"Dougoyama",
				"標高":"1271m 8pt ",
				"GL":"PM65ob",
				"市郡区":"C#3511 / G#34005B ",
				"登山日":"",
				"メモ":"",
				"_markerType": "Icon",
				"_iconUrl": "https://maps.gsi.go.jp/portal/sys/v4/symbols/104.png",
				"_iconSize": [
					16,
					16
				],
				"_iconAnchor": [
					8,
					8
				]
			}
		},
		{
			"type": "Feature",
			"geometry": {
				"type": "Point",
				"coordinates": [
					 132.9678,
					 35.0813
				]
			},
			"properties": {
				"name": "JA/HS-006(猿政山)",
				"読み":"Sarumasayama",
				"標高":"1268m 8pt ",
				"GL":"PM65lb",
				"市郡区":"C#3511 / G#32012C ",
				"登山日":"",
				"メモ":"",
				"_markerType": "Icon",
				"_iconUrl": "https://maps.gsi.go.jp/portal/sys/v4/symbols/104.png",
				"_iconSize": [
					16,
					16
				],
				"_iconAnchor": [
					8,
					8
				]
			}
		},
		{
			"type": "Feature",
			"geometry": {
				"type": "Point",
				"coordinates": [
					 133.0478,
					 35.0133
				]
			},
			"properties": {
				"name": "JA/HS-007(毛無山(福田頭))",
				"読み":"Kenashiyama/Fukudagashira",
				"標高":"1253m 8pt ",
				"GL":"PM65ma",
				"市郡区":"C#3511 ",
				"登山日":"",
				"メモ":"",
				"_markerType": "Icon",
				"_iconUrl": "https://maps.gsi.go.jp/portal/sys/v4/symbols/104.png",
				"_iconSize": [
					16,
					16
				],
				"_iconAnchor": [
					8,
					8
				]
			}
		},
		{
			"type": "Feature",
			"geometry": {
				"type": "Point",
				"coordinates": [
					 133.0331,
					 35.0683
				]
			},
			"properties": {
				"name": "JA/HS-008(吾妻山)",
				"読み":"Azumayama",
				"標高":"1238m 8pt ",
				"GL":"PM65mb",
				"市郡区":"C#3511 / G#32012C ",
				"登山日":"",
				"メモ":"",
				"_markerType": "Icon",
				"_iconUrl": "https://maps.gsi.go.jp/portal/sys/v4/symbols/104.png",
				"_iconSize": [
					16,
					16
				],
				"_iconAnchor": [
					8,
					8
				]
			}
		},
		{
			"type": "Feature",
			"geometry": {
				"type": "Point",
				"coordinates": [
					 132.1968,
					 34.6901
				]
			},
			"properties": {
				"name": "JA/HS-009(臥龍山)",
				"読み":"Garyuuzan",
				"標高":"1223m 8pt ",
				"GL":"PM64cq",
				"市郡区":"G#35016I ",
				"登山日":"",
				"メモ":"",
				"_markerType": "Icon",
				"_iconUrl": "https://maps.gsi.go.jp/portal/sys/v4/symbols/104.png",
				"_iconSize": [
					16,
					16
				],
				"_iconAnchor": [
					8,
					8
				]
			}
		},
		{
			"type": "Feature",
			"geometry": {
				"type": "Point",
				"coordinates": [
					 132.8545,
					 35.0876
				]
			},
			"properties": {
				"name": "JA/HS-010(大万木山)",
				"読み":"Ooyorogiyama",
				"標高":"1218m 8pt ",
				"GL":"PM65kc",
				"市郡区":"C#3511 / G#32003F ",
				"登山日":"",
				"メモ":"",
				"_markerType": "Icon",
				"_iconUrl": "https://maps.gsi.go.jp/portal/sys/v4/symbols/104.png",
				"_iconSize": [
					16,
					16
				],
				"_iconAnchor": [
					8,
					8
				]
			}
		},
		{
			"type": "Feature",
			"geometry": {
				"type": "Point",
				"coordinates": [
					 132.3814,
					 34.7859
				]
			},
			"properties": {
				"name": "JA/HS-011(阿佐山)",
				"読み":"Asayama",
				"標高":"1218m 8pt ",
				"GL":"PM64es",
				"市郡区":"G#35016I / G#32004I ",
				"登山日":"",
				"メモ":"",
				"_markerType": "Icon",
				"_iconUrl": "https://maps.gsi.go.jp/portal/sys/v4/symbols/104.png",
				"_iconSize": [
					16,
					16
				],
				"_iconAnchor": [
					8,
					8
				]
			}
		},
		{
			"type": "Feature",
			"geometry": {
				"type": "Point",
				"coordinates": [
					 133.1961,
					 35.0292
				]
			},
			"properties": {
				"name": "JA/HS-012(猫山)",
				"読み":"Nekoyama",
				"標高":"1195m 8pt ",
				"GL":"PM65oa",
				"市郡区":"C#3511 ",
				"登山日":"",
				"メモ":"",
				"_markerType": "Icon",
				"_iconUrl": "https://maps.gsi.go.jp/portal/sys/v4/symbols/104.png",
				"_iconSize": [
					16,
					16
				],
				"_iconAnchor": [
					8,
					8
				]
			}
		},
		{
			"type": "Feature",
			"geometry": {
				"type": "Point",
				"coordinates": [
					 132.1232,
					 34.6192
				]
			},
			"properties": {
				"name": "JA/HS-013(点1190)",
				"読み":"P1190",
				"標高":"1190m 8pt ",
				"GL":"PM64bo",
				"市郡区":"G#35016H / C#3204 ",
				"登山日":"",
				"メモ":"",
				"_markerType": "Icon",
				"_iconUrl": "https://maps.gsi.go.jp/portal/sys/v4/symbols/104.png",
				"_iconSize": [
					16,
					16
				],
				"_iconAnchor": [
					8,
					8
				]
			}
		},
		{
			"type": "Feature",
			"geometry": {
				"type": "Point",
				"coordinates": [
					 132.2068,
					 34.6499
				]
			},
			"properties": {
				"name": "JA/HS-014(深入山)",
				"読み":"Shinnyuuzan",
				"標高":"1153m 8pt ",
				"GL":"PM64cp",
				"市郡区":"G#35016H ",
				"登山日":"",
				"メモ":"",
				"_markerType": "Icon",
				"_iconUrl": "https://maps.gsi.go.jp/portal/sys/v4/symbols/104.png",
				"_iconSize": [
					16,
					16
				],
				"_iconAnchor": [
					8,
					8
				]
			}
		},
		{
			"type": "Feature",
			"geometry": {
				"type": "Point",
				"coordinates": [
					 133.0806,
					 35.0808
				]
			},
			"properties": {
				"name": "JA/HS-015(伊良谷山)",
				"読み":"Iradaniyama",
				"標高":"1149m 8pt ",
				"GL":"PM65mb",
				"市郡区":"C#3511 / G#32012C ",
				"登山日":"",
				"メモ":"",
				"_markerType": "Icon",
				"_iconUrl": "https://maps.gsi.go.jp/portal/sys/v4/symbols/104.png",
				"_iconSize": [
					16,
					16
				],
				"_iconAnchor": [
					8,
					8
				]
			}
		},
		{
			"type": "Feature",
			"geometry": {
				"type": "Point",
				"coordinates": [
					 132.1761,
					 34.5328
				]
			},
			"properties": {
				"name": "JA/HS-016(観音(三角点))",
				"読み":"Kannon",
				"標高":"1135m 8pt ",
				"GL":"PM64cm",
				"市郡区":"C#3514 / G#35016H ",
				"登山日":"",
				"メモ":"",
				"_markerType": "Icon",
				"_iconUrl": "https://maps.gsi.go.jp/portal/sys/v4/symbols/104.png",
				"_iconSize": [
					16,
					16
				],
				"_iconAnchor": [
					8,
					8
				]
			}
		},
		{
			"type": "Feature",
			"geometry": {
				"type": "Point",
				"coordinates": [
					 132.1465,
					 34.6395
				]
			},
			"properties": {
				"name": "JA/HS-017(聖山)",
				"読み":"Hijiriyama",
				"標高":"1113m 8pt ",
				"GL":"PM64bp",
				"市郡区":"G#35016H / G#35016I ",
				"登山日":"",
				"メモ":"",
				"_markerType": "Icon",
				"_iconUrl": "https://maps.gsi.go.jp/portal/sys/v4/symbols/104.png",
				"_iconSize": [
					16,
					16
				],
				"_iconAnchor": [
					8,
					8
				]
			}
		},
		{
			"type": "Feature",
			"geometry": {
				"type": "Point",
				"coordinates": [
					 133.0893,
					 34.9917
				]
			},
			"properties": {
				"name": "JA/HS-018(小原(三角点))",
				"読み":"Obara",
				"標高":"1076m 6pt ",
				"GL":"PM64nx",
				"市郡区":"C#3511 ",
				"登山日":"",
				"メモ":"",
				"_markerType": "Icon",
				"_iconUrl": "https://maps.gsi.go.jp/portal/sys/v4/symbols/103.png",
				"_iconSize": [
					16,
					16
				],
				"_iconAnchor": [
					8,
					8
				]
			}
		},
		{
			"type": "Feature",
			"geometry": {
				"type": "Point",
				"coordinates": [
					 133.1878,
					 34.9835
				]
			},
			"properties": {
				"name": "JA/HS-019(白滝山近傍)",
				"読み":"Near_Shiratakiyama",
				"標高":"1073m 6pt ",
				"GL":"PM64ox",
				"市郡区":"C#3511 ",
				"登山日":"",
				"メモ":"",
				"_markerType": "Icon",
				"_iconUrl": "https://maps.gsi.go.jp/portal/sys/v4/symbols/103.png",
				"_iconSize": [
					16,
					16
				],
				"_iconAnchor": [
					8,
					8
				]
			}
		},
		{
			"type": "Feature",
			"geometry": {
				"type": "Point",
				"coordinates": [
					 132.1835,
					 34.4967
				]
			},
			"properties": {
				"name": "JA/HS-020(小室井(三角点))",
				"読み":"Komuroi",
				"標高":"1072m 6pt ",
				"GL":"PM64cl",
				"市郡区":"C#3514 ",
				"登山日":"",
				"メモ":"",
				"_markerType": "Icon",
				"_iconUrl": "https://maps.gsi.go.jp/portal/sys/v4/symbols/103.png",
				"_iconSize": [
					16,
					16
				],
				"_iconAnchor": [
					8,
					8
				]
			}
		},
		{
			"type": "Feature",
			"geometry": {
				"type": "Point",
				"coordinates": [
					 132.1454,
					 34.4404
				]
			},
			"properties": {
				"name": "JA/HS-021(板敷峰(三角点))",
				"読み":"Itajikimine",
				"標高":"1071m 6pt ",
				"GL":"PM64bk",
				"市郡区":"C#3514 ",
				"登山日":"",
				"メモ":"",
				"_markerType": "Icon",
				"_iconUrl": "https://maps.gsi.go.jp/portal/sys/v4/symbols/103.png",
				"_iconSize": [
					16,
					16
				],
				"_iconAnchor": [
					8,
					8
				]
			}
		},
		{
			"type": "Feature",
			"geometry": {
				"type": "Point",
				"coordinates": [
					 132.2013,
					 34.7477
				]
			},
			"properties": {
				"name": "JA/HS-022(大佐山)",
				"読み":"Oosayama",
				"標高":"1069m 6pt ",
				"GL":"PM64cr",
				"市郡区":"G#35016I / C#3202 ",
				"登山日":"",
				"メモ":"",
				"_markerType": "Icon",
				"_iconUrl": "https://maps.gsi.go.jp/portal/sys/v4/symbols/103.png",
				"_iconSize": [
					16,
					16
				],
				"_iconAnchor": [
					8,
					8
				]
			}
		},
		{
			"type": "Feature",
			"geometry": {
				"type": "Point",
				"coordinates": [
					 132.2078,
					 34.628
				]
			},
			"properties": {
				"name": "JA/HS-023(柴木(三角点))",
				"読み":"Shibaki",
				"標高":"1066m 6pt ",
				"GL":"PM64cp",
				"市郡区":"G#35016H ",
				"登山日":"",
				"メモ":"",
				"_markerType": "Icon",
				"_iconUrl": "https://maps.gsi.go.jp/portal/sys/v4/symbols/103.png",
				"_iconSize": [
					16,
					16
				],
				"_iconAnchor": [
					8,
					8
				]
			}
		},
		{
			"type": "Feature",
			"geometry": {
				"type": "Point",
				"coordinates": [
					 132.2169,
					 34.4157
				]
			},
			"properties": {
				"name": "JA/HS-024(大峯山)",
				"読み":"Oomineyama",
				"標高":"1050m 6pt ",
				"GL":"PM64cj",
				"市郡区":"C#350108 / C#3514 ",
				"登山日":"",
				"メモ":"",
				"_markerType": "Icon",
				"_iconUrl": "https://maps.gsi.go.jp/portal/sys/v4/symbols/103.png",
				"_iconSize": [
					16,
					16
				],
				"_iconAnchor": [
					8,
					8
				]
			}
		},
		{
			"type": "Feature",
			"geometry": {
				"type": "Point",
				"coordinates": [
					 132.8357,
					 35.0469
				]
			},
			"properties": {
				"name": "JA/HS-025(指谷奥(三角点))",
				"読み":"Yubitanioku",
				"標高":"1048m 6pt ",
				"GL":"PM65kb",
				"市郡区":"C#3511 / G#32003F ",
				"登山日":"",
				"メモ":"",
				"_markerType": "Icon",
				"_iconUrl": "https://maps.gsi.go.jp/portal/sys/v4/symbols/103.png",
				"_iconSize": [
					16,
					16
				],
				"_iconAnchor": [
					8,
					8
				]
			}
		},
		{
			"type": "Feature",
			"geometry": {
				"type": "Point",
				"coordinates": [
					 133.2652,
					 34.9734
				]
			},
			"properties": {
				"name": "JA/HS-026(多飯が辻山)",
				"読み":"Ooigatsujiyama",
				"標高":"1040m 6pt ",
				"GL":"PM64px",
				"市郡区":"C#3511 ",
				"登山日":"",
				"メモ":"",
				"_markerType": "Icon",
				"_iconUrl": "https://maps.gsi.go.jp/portal/sys/v4/symbols/103.png",
				"_iconSize": [
					16,
					16
				],
				"_iconAnchor": [
					8,
					8
				]
			}
		},
		{
			"type": "Feature",
			"geometry": {
				"type": "Point",
				"coordinates": [
					 132.0715,
					 34.4098
				]
			},
			"properties": {
				"name": "JA/HS-027(鬼ヶ城山)",
				"読み":"Onigajyoyama",
				"標高":"1031m 6pt ",
				"GL":"PM64aj",
				"市郡区":"C#3514 / C#3308 ",
				"登山日":"",
				"メモ":"",
				"_markerType": "Icon",
				"_iconUrl": "https://maps.gsi.go.jp/portal/sys/v4/symbols/103.png",
				"_iconSize": [
					16,
					16
				],
				"_iconAnchor": [
					8,
					8
				]
			}
		},
		{
			"type": "Feature",
			"geometry": {
				"type": "Point",
				"coordinates": [
					 132.9956,
					 35.0604
				]
			},
			"properties": {
				"name": "JA/HS-028(黒石山)",
				"読み":"Kuroishiyama",
				"標高":"1022m 6pt ",
				"GL":"PM65lb",
				"市郡区":"C#3511 ",
				"登山日":"",
				"メモ":"",
				"_markerType": "Icon",
				"_iconUrl": "https://maps.gsi.go.jp/portal/sys/v4/symbols/103.png",
				"_iconSize": [
					16,
					16
				],
				"_iconAnchor": [
					8,
					8
				]
			}
		},
		{
			"type": "Feature",
			"geometry": {
				"type": "Point",
				"coordinates": [
					 132.923,
					 34.982
				]
			},
			"properties": {
				"name": "JA/HS-029(熊山(笠尾山))",
				"読み":"Kumayama",
				"標高":"1019m 6pt ",
				"GL":"PM64lx",
				"市郡区":"C#3511 ",
				"登山日":"",
				"メモ":"",
				"_markerType": "Icon",
				"_iconUrl": "https://maps.gsi.go.jp/portal/sys/v4/symbols/103.png",
				"_iconSize": [
					16,
					16
				],
				"_iconAnchor": [
					8,
					8
				]
			}
		},
		{
			"type": "Feature",
			"geometry": {
				"type": "Point",
				"coordinates": [
					 132.2497,
					 34.6261
				]
			},
			"properties": {
				"name": "JA/HS-030(大平山(三角点))",
				"読み":"Oohirasan",
				"標高":"1015m 6pt ",
				"GL":"PM64cp",
				"市郡区":"G#35016H ",
				"登山日":"",
				"メモ":"",
				"_markerType": "Icon",
				"_iconUrl": "https://maps.gsi.go.jp/portal/sys/v4/symbols/103.png",
				"_iconSize": [
					16,
					16
				],
				"_iconAnchor": [
					8,
					8
				]
			}
		},
		{
			"type": "Feature",
			"geometry": {
				"type": "Point",
				"coordinates": [
					 132.2134,
					 34.4767
				]
			},
			"properties": {
				"name": "JA/HS-031(冠山)",
				"読み":"Kanmuriyama",
				"標高":"1004m 6pt ",
				"GL":"PM64cl",
				"市郡区":"C#350108 ",
				"登山日":"",
				"メモ":"",
				"_markerType": "Icon",
				"_iconUrl": "https://maps.gsi.go.jp/portal/sys/v4/symbols/103.png",
				"_iconSize": [
					16,
					16
				],
				"_iconAnchor": [
					8,
					8
				]
			}
		},
		{
			"type": "Feature",
			"geometry": {
				"type": "Point",
				"coordinates": [
					 132.2987,
					 34.777
				]
			},
			"properties": {
				"name": "JA/HS-032(冠山)",
				"読み":"Kanmuriyama",
				"標高":"1003m 6pt ",
				"GL":"PM64ds",
				"市郡区":"G#35016I / C#3202 ",
				"登山日":"",
				"メモ":"",
				"_markerType": "Icon",
				"_iconUrl": "https://maps.gsi.go.jp/portal/sys/v4/symbols/103.png",
				"_iconSize": [
					16,
					16
				],
				"_iconAnchor": [
					8,
					8
				]
			}
		},
		{
			"type": "Feature",
			"geometry": {
				"type": "Point",
				"coordinates": [
					 132.4056,
					 34.7207
				]
			},
			"properties": {
				"name": "JA/HS-033(点1002)",
				"読み":"P1002",
				"標高":"1002m 6pt ",
				"GL":"PM64er",
				"市郡区":"G#35016I ",
				"登山日":"",
				"メモ":"",
				"_markerType": "Icon",
				"_iconUrl": "https://maps.gsi.go.jp/portal/sys/v4/symbols/103.png",
				"_iconSize": [
					16,
					16
				],
				"_iconAnchor": [
					8,
					8
				]
			}
		},
		{
			"type": "Feature",
			"geometry": {
				"type": "Point",
				"coordinates": [
					 132.2261,
					 34.7643
				]
			},
			"properties": {
				"name": "JA/HS-034(大潰山)",
				"読み":"Oozueyama",
				"標高":"997m 6pt ",
				"GL":"PM64cs",
				"市郡区":"G#35016I / C#3202 ",
				"登山日":"",
				"メモ":"",
				"_markerType": "Icon",
				"_iconUrl": "https://maps.gsi.go.jp/portal/sys/v4/symbols/103.png",
				"_iconSize": [
					16,
					16
				],
				"_iconAnchor": [
					8,
					8
				]
			}
		},
		{
			"type": "Feature",
			"geometry": {
				"type": "Point",
				"coordinates": [
					 132.3075,
					 34.4758
				]
			},
			"properties": {
				"name": "JA/HS-035(東郷山)",
				"読み":"Tougouzan",
				"標高":"977m 6pt ",
				"GL":"PM64dl",
				"市郡区":"C#350105 / C#350108 ",
				"登山日":"",
				"メモ":"",
				"_markerType": "Icon",
				"_iconUrl": "https://maps.gsi.go.jp/portal/sys/v4/symbols/103.png",
				"_iconSize": [
					16,
					16
				],
				"_iconAnchor": [
					8,
					8
				]
			}
		},
		{
			"type": "Feature",
			"geometry": {
				"type": "Point",
				"coordinates": [
					 132.2814,
					 34.5405
				]
			},
			"properties": {
				"name": "JA/HS-036(天上山)",
				"読み":"Tenjyouzan",
				"標高":"972m 6pt ",
				"GL":"PM64dm",
				"市郡区":"C#350108 / G#35016H ",
				"登山日":"",
				"メモ":"",
				"_markerType": "Icon",
				"_iconUrl": "https://maps.gsi.go.jp/portal/sys/v4/symbols/103.png",
				"_iconSize": [
					16,
					16
				],
				"_iconAnchor": [
					8,
					8
				]
			}
		},
		{
			"type": "Feature",
			"geometry": {
				"type": "Point",
				"coordinates": [
					 132.3999,
					 34.7498
				]
			},
			"properties": {
				"name": "JA/HS-037(横山(三角点))",
				"読み":"Yokoyama",
				"標高":"966m 6pt ",
				"GL":"PM64er",
				"市郡区":"G#35016I ",
				"登山日":"",
				"メモ":"",
				"_markerType": "Icon",
				"_iconUrl": "https://maps.gsi.go.jp/portal/sys/v4/symbols/103.png",
				"_iconSize": [
					16,
					16
				],
				"_iconAnchor": [
					8,
					8
				]
			}
		},
		{
			"type": "Feature",
			"geometry": {
				"type": "Point",
				"coordinates": [
					 132.4042,
					 34.6914
				]
			},
			"properties": {
				"name": "JA/HS-038(椎谷山)",
				"読み":"Shiidaniyama",
				"標高":"954m 6pt ",
				"GL":"PM64eq",
				"市郡区":"G#35016I ",
				"登山日":"",
				"メモ":"",
				"_markerType": "Icon",
				"_iconUrl": "https://maps.gsi.go.jp/portal/sys/v4/symbols/103.png",
				"_iconSize": [
					16,
					16
				],
				"_iconAnchor": [
					8,
					8
				]
			}
		},
		{
			"type": "Feature",
			"geometry": {
				"type": "Point",
				"coordinates": [
					 132.1729,
					 34.4376
				]
			},
			"properties": {
				"name": "JA/HS-039(氷水山(三角点))",
				"読み":"Himizuyama",
				"標高":"948m 6pt ",
				"GL":"PM64ck",
				"市郡区":"C#3514 ",
				"登山日":"",
				"メモ":"",
				"_markerType": "Icon",
				"_iconUrl": "https://maps.gsi.go.jp/portal/sys/v4/symbols/103.png",
				"_iconSize": [
					16,
					16
				],
				"_iconAnchor": [
					8,
					8
				]
			}
		},
		{
			"type": "Feature",
			"geometry": {
				"type": "Point",
				"coordinates": [
					 133.0233,
					 34.9498
				]
			},
			"properties": {
				"name": "JA/HS-040(勝光山)",
				"読み":"Katsukouzan",
				"標高":"947m 6pt ",
				"GL":"PM64mw",
				"市郡区":"C#3511 ",
				"登山日":"",
				"メモ":"",
				"_markerType": "Icon",
				"_iconUrl": "https://maps.gsi.go.jp/portal/sys/v4/symbols/103.png",
				"_iconSize": [
					16,
					16
				],
				"_iconAnchor": [
					8,
					8
				]
			}
		},
		{
			"type": "Feature",
			"geometry": {
				"type": "Point",
				"coordinates": [
					 133.0598,
					 34.9602
				]
			},
			"properties": {
				"name": "JA/HS-041(今櫛山)",
				"読み":"Imagushiyama",
				"標高":"947m 6pt ",
				"GL":"PM64mx",
				"市郡区":"C#3511 ",
				"登山日":"",
				"メモ":"",
				"_markerType": "Icon",
				"_iconUrl": "https://maps.gsi.go.jp/portal/sys/v4/symbols/103.png",
				"_iconSize": [
					16,
					16
				],
				"_iconAnchor": [
					8,
					8
				]
			}
		},
		{
			"type": "Feature",
			"geometry": {
				"type": "Point",
				"coordinates": [
					 132.8365,
					 35.0045
				]
			},
			"properties": {
				"name": "JA/HS-042(船山)",
				"読み":"Funayama",
				"標高":"940m 6pt ",
				"GL":"PM65ka",
				"市郡区":"C#3511 / C#3510 ",
				"登山日":"",
				"メモ":"",
				"_markerType": "Icon",
				"_iconUrl": "https://maps.gsi.go.jp/portal/sys/v4/symbols/103.png",
				"_iconSize": [
					16,
					16
				],
				"_iconAnchor": [
					8,
					8
				]
			}
		},
		{
			"type": "Feature",
			"geometry": {
				"type": "Point",
				"coordinates": [
					 132.4328,
					 34.6653
				]
			},
			"properties": {
				"name": "JA/HS-043(龍頭山)",
				"読み":"Ryuzuyama",
				"標高":"928m 6pt ",
				"GL":"PM64fp",
				"市郡区":"G#35016I ",
				"登山日":"",
				"メモ":"",
				"_markerType": "Icon",
				"_iconUrl": "https://maps.gsi.go.jp/portal/sys/v4/symbols/103.png",
				"_iconSize": [
					16,
					16
				],
				"_iconAnchor": [
					8,
					8
				]
			}
		},
		{
			"type": "Feature",
			"geometry": {
				"type": "Point",
				"coordinates": [
					 132.3534,
					 34.6817
				]
			},
			"properties": {
				"name": "JA/HS-044(僧ケ墓(三角点))",
				"読み":"Sougahaka",
				"標高":"924m 6pt ",
				"GL":"PM64eq",
				"市郡区":"G#35016H / G#35016I ",
				"登山日":"",
				"メモ":"",
				"_markerType": "Icon",
				"_iconUrl": "https://maps.gsi.go.jp/portal/sys/v4/symbols/103.png",
				"_iconSize": [
					16,
					16
				],
				"_iconAnchor": [
					8,
					8
				]
			}
		},
		{
			"type": "Feature",
			"geometry": {
				"type": "Point",
				"coordinates": [
					 132.746,
					 34.566
				]
			},
			"properties": {
				"name": "JA/HS-045(鷹ノ巣山)",
				"読み":"Takanosuzan",
				"標高":"922m 6pt ",
				"GL":"PM64in",
				"市郡区":"C#3513 / C#3515 ",
				"登山日":"",
				"メモ":"",
				"_markerType": "Icon",
				"_iconUrl": "https://maps.gsi.go.jp/portal/sys/v4/symbols/103.png",
				"_iconSize": [
					16,
					16
				],
				"_iconAnchor": [
					8,
					8
				]
			}
		},
		{
			"type": "Feature",
			"geometry": {
				"type": "Point",
				"coordinates": [
					 132.2547,
					 34.4567
				]
			},
			"properties": {
				"name": "JA/HS-046(池ノ草(三角点))",
				"読み":"Ikenokusa",
				"標高":"907m 6pt ",
				"GL":"PM64dk",
				"市郡区":"C#350108 ",
				"登山日":"",
				"メモ":"",
				"_markerType": "Icon",
				"_iconUrl": "https://maps.gsi.go.jp/portal/sys/v4/symbols/103.png",
				"_iconSize": [
					16,
					16
				],
				"_iconAnchor": [
					8,
					8
				]
			}
		},
		{
			"type": "Feature",
			"geometry": {
				"type": "Point",
				"coordinates": [
					 132.2409,
					 34.508
				]
			},
			"properties": {
				"name": "JA/HS-047(点906)",
				"読み":"P906",
				"標高":"906m 6pt ",
				"GL":"PM64cm",
				"市郡区":"G#35016H / C#350108 ",
				"登山日":"",
				"メモ":"",
				"_markerType": "Icon",
				"_iconUrl": "https://maps.gsi.go.jp/portal/sys/v4/symbols/103.png",
				"_iconSize": [
					16,
					16
				],
				"_iconAnchor": [
					8,
					8
				]
			}
		},
		{
			"type": "Feature",
			"geometry": {
				"type": "Point",
				"coordinates": [
					 132.8005,
					 35.0224
				]
			},
			"properties": {
				"name": "JA/HS-048(土打(三角点))",
				"読み":"Tsuchiuchi",
				"標高":"905m 6pt ",
				"GL":"PM65ja",
				"市郡区":"C#3511 / G#32003F ",
				"登山日":"",
				"メモ":"",
				"_markerType": "Icon",
				"_iconUrl": "https://maps.gsi.go.jp/portal/sys/v4/symbols/103.png",
				"_iconSize": [
					16,
					16
				],
				"_iconAnchor": [
					8,
					8
				]
			}
		},
		{
			"type": "Feature",
			"geometry": {
				"type": "Point",
				"coordinates": [
					 132.5371,
					 34.7795
				]
			},
			"properties": {
				"name": "JA/HS-049(雉子の目山)",
				"読み":"Kijinomeyama",
				"標高":"897m 6pt ",
				"GL":"PM64gs",
				"市郡区":"G#35016I ",
				"登山日":"",
				"メモ":"",
				"_markerType": "Icon",
				"_iconUrl": "https://maps.gsi.go.jp/portal/sys/v4/symbols/103.png",
				"_iconSize": [
					16,
					16
				],
				"_iconAnchor": [
					8,
					8
				]
			}
		},
		{
			"type": "Feature",
			"geometry": {
				"type": "Point",
				"coordinates": [
					 132.3635,
					 34.7247
				]
			},
			"properties": {
				"name": "JA/HS-050(小原(三角点))",
				"読み":"Obara",
				"標高":"890m 6pt ",
				"GL":"PM64er",
				"市郡区":"G#35016I ",
				"登山日":"",
				"メモ":"",
				"_markerType": "Icon",
				"_iconUrl": "https://maps.gsi.go.jp/portal/sys/v4/symbols/103.png",
				"_iconSize": [
					16,
					16
				],
				"_iconAnchor": [
					8,
					8
				]
			}
		},
		{
			"type": "Feature",
			"geometry": {
				"type": "Point",
				"coordinates": [
					 133.1509,
					 34.8495
				]
			},
			"properties": {
				"name": "JA/HS-051(御神山)",
				"読み":"Ongamiyama",
				"標高":"889m 6pt ",
				"GL":"PM64nu",
				"市郡区":"C#3511 ",
				"登山日":"",
				"メモ":"",
				"_markerType": "Icon",
				"_iconUrl": "https://maps.gsi.go.jp/portal/sys/v4/symbols/103.png",
				"_iconSize": [
					16,
					16
				],
				"_iconAnchor": [
					8,
					8
				]
			}
		},
		{
			"type": "Feature",
			"geometry": {
				"type": "Point",
				"coordinates": [
					 132.5754,
					 34.5213
				]
			},
			"properties": {
				"name": "JA/HS-052(白木山)",
				"読み":"Shirakiyama",
				"標高":"889m 6pt ",
				"GL":"PM64gm",
				"市郡区":"C#350106 ",
				"登山日":"",
				"メモ":"",
				"_markerType": "Icon",
				"_iconUrl": "https://maps.gsi.go.jp/portal/sys/v4/symbols/103.png",
				"_iconSize": [
					16,
					16
				],
				"_iconAnchor": [
					8,
					8
				]
			}
		},
		{
			"type": "Feature",
			"geometry": {
				"type": "Point",
				"coordinates": [
					 132.4838,
					 34.6136
				]
			},
			"properties": {
				"name": "JA/HS-053(海見山)",
				"読み":"Kaikenzan",
				"標高":"870m 6pt ",
				"GL":"PM64fo",
				"市郡区":"G#35016I ",
				"登山日":"",
				"メモ":"",
				"_markerType": "Icon",
				"_iconUrl": "https://maps.gsi.go.jp/portal/sys/v4/symbols/103.png",
				"_iconSize": [
					16,
					16
				],
				"_iconAnchor": [
					8,
					8
				]
			}
		},
		{
			"type": "Feature",
			"geometry": {
				"type": "Point",
				"coordinates": [
					 132.4951,
					 34.5783
				]
			},
			"properties": {
				"name": "JA/HS-054(堂床山)",
				"読み":"Doutokoyama",
				"標高":"860m 6pt ",
				"GL":"PM64fn",
				"市郡区":"C#350106 ",
				"登山日":"",
				"メモ":"",
				"_markerType": "Icon",
				"_iconUrl": "https://maps.gsi.go.jp/portal/sys/v4/symbols/103.png",
				"_iconSize": [
					16,
					16
				],
				"_iconAnchor": [
					8,
					8
				]
			}
		},
		{
			"type": "Feature",
			"geometry": {
				"type": "Point",
				"coordinates": [
					 132.767,
					 34.9913
				]
			},
			"properties": {
				"name": "JA/HS-055(高暮(三角点))",
				"読み":"Takagure",
				"標高":"858m 6pt ",
				"GL":"PM64jx",
				"市郡区":"C#3510 / C#3511 / G#32003F",
				"登山日":"",
				"メモ":"",
				"_markerType": "Icon",
				"_iconUrl": "https://maps.gsi.go.jp/portal/sys/v4/symbols/103.png",
				"_iconSize": [
					16,
					16
				],
				"_iconAnchor": [
					8,
					8
				]
			}
		},
		{
			"type": "Feature",
			"geometry": {
				"type": "Point",
				"coordinates": [
					 132.2573,
					 34.7344
				]
			},
			"properties": {
				"name": "JA/HS-056(石仏(三角点))",
				"読み":"Ishibotoke",
				"標高":"849m 4pt ",
				"GL":"PM64dr",
				"市郡区":"G#35016I ",
				"登山日":"",
				"メモ":"",
				"_markerType": "Icon",
				"_iconUrl": "https://maps.gsi.go.jp/portal/sys/v4/symbols/828.png",
				"_iconSize": [
					16,
					16
				],
				"_iconAnchor": [
					8,
					8
				]
			}
		},
		{
			"type": "Feature",
			"geometry": {
				"type": "Point",
				"coordinates": [
					 132.798,
					 34.9125
				]
			},
			"properties": {
				"name": "JA/HS-057(冠山)",
				"読み":"Kanmuriyama",
				"標高":"844m 4pt ",
				"GL":"PM64jv",
				"市郡区":"C#3510 ",
				"登山日":"",
				"メモ":"",
				"_markerType": "Icon",
				"_iconUrl": "https://maps.gsi.go.jp/portal/sys/v4/symbols/828.png",
				"_iconSize": [
					16,
					16
				],
				"_iconAnchor": [
					8,
					8
				]
			}
		},
		{
			"type": "Feature",
			"geometry": {
				"type": "Point",
				"coordinates": [
					 132.4379,
					 34.6923
				]
			},
			"properties": {
				"name": "JA/HS-058(燕岩)",
				"読み":"Tubakurodake",
				"標高":"843m 4pt ",
				"GL":"PM64fq",
				"市郡区":"G#35016I ",
				"登山日":"",
				"メモ":"",
				"_markerType": "Icon",
				"_iconUrl": "https://maps.gsi.go.jp/portal/sys/v4/symbols/828.png",
				"_iconSize": [
					16,
					16
				],
				"_iconAnchor": [
					8,
					8
				]
			}
		},
		{
			"type": "Feature",
			"geometry": {
				"type": "Point",
				"coordinates": [
					 132.4708,
					 34.6705
				]
			},
			"properties": {
				"name": "JA/HS-059(点840(樫ノ実(三角点)近傍))",
				"読み":"P840",
				"標高":"840m 4pt ",
				"GL":"PM64fq",
				"市郡区":"G#35016I ",
				"登山日":"",
				"メモ":"",
				"_markerType": "Icon",
				"_iconUrl": "https://maps.gsi.go.jp/portal/sys/v4/symbols/828.png",
				"_iconSize": [
					16,
					16
				],
				"_iconAnchor": [
					8,
					8
				]
			}
		},
		{
			"type": "Feature",
			"geometry": {
				"type": "Point",
				"coordinates": [
					 132.6662,
					 34.2623
				]
			},
			"properties": {
				"name": "JA/HS-060(野呂山(膳棚山))",
				"読み":"Norosan/Zendanayama",
				"標高":"839m 4pt ",
				"GL":"PM64hg",
				"市郡区":"C#3502 ",
				"登山日":"",
				"メモ":"",
				"_markerType": "Icon",
				"_iconUrl": "https://maps.gsi.go.jp/portal/sys/v4/symbols/828.png",
				"_iconSize": [
					16,
					16
				],
				"_iconAnchor": [
					8,
					8
				]
			}
		},
		{
			"type": "Feature",
			"geometry": {
				"type": "Point",
				"coordinates": [
					 133.2217,
					 34.7482
				]
			},
			"properties": {
				"name": "JA/HS-061(星居山)",
				"読み":"Hoshinokoyama",
				"標高":"834m 4pt ",
				"GL":"PM64or",
				"市郡区":"G#35007E ",
				"登山日":"",
				"メモ":"",
				"_markerType": "Icon",
				"_iconUrl": "https://maps.gsi.go.jp/portal/sys/v4/symbols/828.png",
				"_iconSize": [
					16,
					16
				],
				"_iconAnchor": [
					8,
					8
				]
			}
		},
		{
			"type": "Feature",
			"geometry": {
				"type": "Point",
				"coordinates": [
					 132.7205,
					 34.9481
				]
			},
			"properties": {
				"name": "JA/HS-062(女亀山)",
				"読み":"Mengameyama",
				"標高":"830m 4pt ",
				"GL":"PM64iw",
				"市郡区":"C#3510 / G#32003F ",
				"登山日":"",
				"メモ":"",
				"_markerType": "Icon",
				"_iconUrl": "https://maps.gsi.go.jp/portal/sys/v4/symbols/828.png",
				"_iconSize": [
					16,
					16
				],
				"_iconAnchor": [
					8,
					8
				]
			}
		},
		{
			"type": "Feature",
			"geometry": {
				"type": "Point",
				"coordinates": [
					 132.4565,
					 34.7935
				]
			},
			"properties": {
				"name": "JA/HS-063(寒曵山)",
				"読み":"Kanbikizan",
				"標高":"826m 4pt ",
				"GL":"PM64ft",
				"市郡区":"G#35016I ",
				"登山日":"",
				"メモ":"",
				"_markerType": "Icon",
				"_iconUrl": "https://maps.gsi.go.jp/portal/sys/v4/symbols/828.png",
				"_iconSize": [
					16,
					16
				],
				"_iconAnchor": [
					8,
					8
				]
			}
		},
		{
			"type": "Feature",
			"geometry": {
				"type": "Point",
				"coordinates": [
					 132.4548,
					 34.6609
				]
			},
			"properties": {
				"name": "JA/HS-064(点820(野々志山近傍))",
				"読み":"P820",
				"標高":"820m 4pt ",
				"GL":"PM64fp",
				"市郡区":"G#35016I ",
				"登山日":"",
				"メモ":"",
				"_markerType": "Icon",
				"_iconUrl": "https://maps.gsi.go.jp/portal/sys/v4/symbols/828.png",
				"_iconSize": [
					16,
					16
				],
				"_iconAnchor": [
					8,
					8
				]
			}
		},
		{
			"type": "Feature",
			"geometry": {
				"type": "Point",
				"coordinates": [
					 132.7935,
					 34.9395
				]
			},
			"properties": {
				"name": "JA/HS-065(大暮山)",
				"読み":"Oogureyama",
				"標高":"820m 4pt ",
				"GL":"PM64jw",
				"市郡区":"C#3510 ",
				"登山日":"",
				"メモ":"",
				"_markerType": "Icon",
				"_iconUrl": "https://maps.gsi.go.jp/portal/sys/v4/symbols/828.png",
				"_iconSize": [
					16,
					16
				],
				"_iconAnchor": [
					8,
					8
				]
			}
		},
		{
			"type": "Feature",
			"geometry": {
				"type": "Point",
				"coordinates": [
					 133.1981,
					 34.9212
				]
			},
			"properties": {
				"name": "JA/HS-066(大日那(三角点))",
				"読み":"Oohina",
				"標高":"818m 4pt ",
				"GL":"PM64ow",
				"市郡区":"C#3511 ",
				"登山日":"",
				"メモ":"",
				"_markerType": "Icon",
				"_iconUrl": "https://maps.gsi.go.jp/portal/sys/v4/symbols/828.png",
				"_iconSize": [
					16,
					16
				],
				"_iconAnchor": [
					8,
					8
				]
			}
		},
		{
			"type": "Feature",
			"geometry": {
				"type": "Point",
				"coordinates": [
					 132.2668,
					 34.5954
				]
			},
			"properties": {
				"name": "JA/HS-067(正教山)",
				"読み":"Shoukyouzan",
				"標高":"817m 4pt ",
				"GL":"PM64do",
				"市郡区":"G#35016H ",
				"登山日":"",
				"メモ":"",
				"_markerType": "Icon",
				"_iconUrl": "https://maps.gsi.go.jp/portal/sys/v4/symbols/828.png",
				"_iconSize": [
					16,
					16
				],
				"_iconAnchor": [
					8,
					8
				]
			}
		},
		{
			"type": "Feature",
			"geometry": {
				"type": "Point",
				"coordinates": [
					 132.5048,
					 34.796
				]
			},
			"properties": {
				"name": "JA/HS-069(唐代山)",
				"読み":"Karashiroyama",
				"標高":"814m 4pt ",
				"GL":"PM64gt",
				"市郡区":"G#35016I / G#32004I ",
				"登山日":"",
				"メモ":"",
				"_markerType": "Icon",
				"_iconUrl": "https://maps.gsi.go.jp/portal/sys/v4/symbols/828.png",
				"_iconSize": [
					16,
					16
				],
				"_iconAnchor": [
					8,
					8
				]
			}
		},
		{
			"type": "Feature",
			"geometry": {
				"type": "Point",
				"coordinates": [
					 133.1679,
					 35.0095
				]
			},
			"properties": {
				"name": "JA/HS-070(一ノ谷(三角点))",
				"読み":"Ichinotani",
				"標高":"813m 4pt ",
				"GL":"PM65oa",
				"市郡区":"C#3511 ",
				"登山日":"",
				"メモ":"",
				"_markerType": "Icon",
				"_iconUrl": "https://maps.gsi.go.jp/portal/sys/v4/symbols/828.png",
				"_iconSize": [
					16,
					16
				],
				"_iconAnchor": [
					8,
					8
				]
			}
		},
		{
			"type": "Feature",
			"geometry": {
				"type": "Point",
				"coordinates": [
					 133.0935,
					 34.8664
				]
			},
			"properties": {
				"name": "JA/HS-071(大黒目山)",
				"読み":"Ooguromeyama",
				"標高":"802m 4pt ",
				"GL":"PM64nu",
				"市郡区":"C#3511 ",
				"登山日":"",
				"メモ":"",
				"_markerType": "Icon",
				"_iconUrl": "https://maps.gsi.go.jp/portal/sys/v4/symbols/828.png",
				"_iconSize": [
					16,
					16
				],
				"_iconAnchor": [
					8,
					8
				]
			}
		},
		{
			"type": "Feature",
			"geometry": {
				"type": "Point",
				"coordinates": [
					 132.7809,
					 34.6393
				]
			},
			"properties": {
				"name": "JA/HS-072(大土山)",
				"読み":"Ooduchiyama",
				"標高":"800m 4pt ",
				"GL":"PM64jp",
				"市郡区":"C#3515 / C#3510 ",
				"登山日":"",
				"メモ":"",
				"_markerType": "Icon",
				"_iconUrl": "https://maps.gsi.go.jp/portal/sys/v4/symbols/828.png",
				"_iconSize": [
					16,
					16
				],
				"_iconAnchor": [
					8,
					8
				]
			}
		},
		{
			"type": "Feature",
			"geometry": {
				"type": "Point",
				"coordinates": [
					 132.4908,
					 34.6524
				]
			},
			"properties": {
				"name": "JA/HS-073(猿喰山)",
				"読み":"Sarumamiyama",
				"標高":"796m 4pt ",
				"GL":"PM64fp",
				"市郡区":"G#35016I ",
				"登山日":"",
				"メモ":"",
				"_markerType": "Icon",
				"_iconUrl": "https://maps.gsi.go.jp/portal/sys/v4/symbols/828.png",
				"_iconSize": [
					16,
					16
				],
				"_iconAnchor": [
					8,
					8
				]
			}
		},
		{
			"type": "Feature",
			"geometry": {
				"type": "Point",
				"coordinates": [
					 132.166,
					 34.4082
				]
			},
			"properties": {
				"name": "JA/HS-074(南氷水(三角点))",
				"読み":"Minamihimizu",
				"標高":"794m 4pt ",
				"GL":"PM64bj",
				"市郡区":"C#3514 ",
				"登山日":"",
				"メモ":"",
				"_markerType": "Icon",
				"_iconUrl": "https://maps.gsi.go.jp/portal/sys/v4/symbols/828.png",
				"_iconSize": [
					16,
					16
				],
				"_iconAnchor": [
					8,
					8
				]
			}
		},
		{
			"type": "Feature",
			"geometry": {
				"type": "Point",
				"coordinates": [
					 132.6146,
					 34.8061
				]
			},
			"properties": {
				"name": "JA/HS-075(犬伏山)",
				"読み":"Inubushiyama",
				"標高":"791m 4pt ",
				"GL":"PM64ht",
				"市郡区":"C#3515 ",
				"登山日":"",
				"メモ":"",
				"_markerType": "Icon",
				"_iconUrl": "https://maps.gsi.go.jp/portal/sys/v4/symbols/828.png",
				"_iconSize": [
					16,
					16
				],
				"_iconAnchor": [
					8,
					8
				]
			}
		},
		{
			"type": "Feature",
			"geometry": {
				"type": "Point",
				"coordinates": [
					 132.5375,
					 34.5818
				]
			},
			"properties": {
				"name": "JA/HS-076(備前坊山)",
				"読み":"Bizenbouzan",
				"標高":"789m 4pt ",
				"GL":"PM64gn",
				"市郡区":"C#350106 / G#35016I ",
				"登山日":"",
				"メモ":"",
				"_markerType": "Icon",
				"_iconUrl": "https://maps.gsi.go.jp/portal/sys/v4/symbols/828.png",
				"_iconSize": [
					16,
					16
				],
				"_iconAnchor": [
					8,
					8
				]
			}
		},
		{
			"type": "Feature",
			"geometry": {
				"type": "Point",
				"coordinates": [
					 132.3718,
					 34.6122
				]
			},
			"properties": {
				"name": "JA/HS-078(大丸峯)",
				"読み":"Oomarumine",
				"標高":"778m 4pt ",
				"GL":"PM64eo",
				"市郡区":"G#35016I ",
				"登山日":"",
				"メモ":"",
				"_markerType": "Icon",
				"_iconUrl": "https://maps.gsi.go.jp/portal/sys/v4/symbols/828.png",
				"_iconSize": [
					16,
					16
				],
				"_iconAnchor": [
					8,
					8
				]
			}
		},
		{
			"type": "Feature",
			"geometry": {
				"type": "Point",
				"coordinates": [
					 132.9731,
					 34.9567
				]
			},
			"properties": {
				"name": "JA/HS-079(金坂(三角点))",
				"読み":"Kanazaka",
				"標高":"775m 4pt ",
				"GL":"PM64lw",
				"市郡区":"C#3511 ",
				"登山日":"",
				"メモ":"",
				"_markerType": "Icon",
				"_iconUrl": "https://maps.gsi.go.jp/portal/sys/v4/symbols/828.png",
				"_iconSize": [
					16,
					16
				],
				"_iconAnchor": [
					8,
					8
				]
			}
		},
		{
			"type": "Feature",
			"geometry": {
				"type": "Point",
				"coordinates": [
					 132.8906,
					 34.9408
				]
			},
			"properties": {
				"name": "JA/HS-080(鳥袋山)",
				"読み":"Toribukuroyama",
				"標高":"771m 4pt ",
				"GL":"PM64kw",
				"市郡区":"C#3511 ",
				"登山日":"",
				"メモ":"",
				"_markerType": "Icon",
				"_iconUrl": "https://maps.gsi.go.jp/portal/sys/v4/symbols/828.png",
				"_iconSize": [
					16,
					16
				],
				"_iconAnchor": [
					8,
					8
				]
			}
		},
		{
			"type": "Feature",
			"geometry": {
				"type": "Point",
				"coordinates": [
					 133.2181,
					 34.9199
				]
			},
			"properties": {
				"name": "JA/HS-081(点770)",
				"読み":"P770",
				"標高":"770m 4pt ",
				"GL":"PM64ow",
				"市郡区":"C#3511 ",
				"登山日":"",
				"メモ":"",
				"_markerType": "Icon",
				"_iconUrl": "https://maps.gsi.go.jp/portal/sys/v4/symbols/828.png",
				"_iconSize": [
					16,
					16
				],
				"_iconAnchor": [
					8,
					8
				]
			}
		},
		{
			"type": "Feature",
			"geometry": {
				"type": "Point",
				"coordinates": [
					 133.1658,
					 34.7526
				]
			},
			"properties": {
				"name": "JA/HS-082(龍王山)",
				"読み":"Ryuuouzan",
				"標高":"768m 4pt ",
				"GL":"PM64ns",
				"市郡区":"C#3509 / G#35007E ",
				"登山日":"",
				"メモ":"",
				"_markerType": "Icon",
				"_iconUrl": "https://maps.gsi.go.jp/portal/sys/v4/symbols/828.png",
				"_iconSize": [
					16,
					16
				],
				"_iconAnchor": [
					8,
					8
				]
			}
		},
		{
			"type": "Feature",
			"geometry": {
				"type": "Point",
				"coordinates": [
					 132.6121,
					 34.4909
				]
			},
			"properties": {
				"name": "JA/HS-083(点763)",
				"読み":"P763",
				"標高":"763m 4pt ",
				"GL":"PM64hl",
				"市郡区":"C#3513 / C#350106 ",
				"登山日":"",
				"メモ":"",
				"_markerType": "Icon",
				"_iconUrl": "https://maps.gsi.go.jp/portal/sys/v4/symbols/828.png",
				"_iconSize": [
					16,
					16
				],
				"_iconAnchor": [
					8,
					8
				]
			}
		},
		{
			"type": "Feature",
			"geometry": {
				"type": "Point",
				"coordinates": [
					 132.8257,
					 34.5487
				]
			},
			"properties": {
				"name": "JA/HS-084(板鍋山)",
				"読み":"Itanabeyama",
				"標高":"757m 4pt ",
				"GL":"PM64jn",
				"市郡区":"C#3513 ",
				"登山日":"",
				"メモ":"",
				"_markerType": "Icon",
				"_iconUrl": "https://maps.gsi.go.jp/portal/sys/v4/symbols/828.png",
				"_iconSize": [
					16,
					16
				],
				"_iconAnchor": [
					8,
					8
				]
			}
		},
		{
			"type": "Feature",
			"geometry": {
				"type": "Point",
				"coordinates": [
					 132.8578,
					 34.5853
				]
			},
			"properties": {
				"name": "JA/HS-085(天神嶽)",
				"読み":"Tenjindake",
				"標高":"757m 4pt ",
				"GL":"PM64ko",
				"市郡区":"C#3513 ",
				"登山日":"",
				"メモ":"",
				"_markerType": "Icon",
				"_iconUrl": "https://maps.gsi.go.jp/portal/sys/v4/symbols/828.png",
				"_iconSize": [
					16,
					16
				],
				"_iconAnchor": [
					8,
					8
				]
			}
		},
		{
			"type": "Feature",
			"geometry": {
				"type": "Point",
				"coordinates": [
					 132.4668,
					 34.7465
				]
			},
			"properties": {
				"name": "JA/HS-086(加計山)",
				"読み":"Kakeisan",
				"標高":"752m 4pt ",
				"GL":"PM64fr",
				"市郡区":"G#35016I ",
				"登山日":"",
				"メモ":"",
				"_markerType": "Icon",
				"_iconUrl": "https://maps.gsi.go.jp/portal/sys/v4/symbols/828.png",
				"_iconSize": [
					16,
					16
				],
				"_iconAnchor": [
					8,
					8
				]
			}
		},
		{
			"type": "Feature",
			"geometry": {
				"type": "Point",
				"coordinates": [
					 133.3042,
					 34.7426
				]
			},
			"properties": {
				"name": "JA/HS-087(仙養山(三角点))",
				"読み":"Senyouzan",
				"標高":"742m 4pt ",
				"GL":"PM64pr",
				"市郡区":"G#35007E ",
				"登山日":"",
				"メモ":"",
				"_markerType": "Icon",
				"_iconUrl": "https://maps.gsi.go.jp/portal/sys/v4/symbols/828.png",
				"_iconSize": [
					16,
					16
				],
				"_iconAnchor": [
					8,
					8
				]
			}
		},
		{
			"type": "Feature",
			"geometry": {
				"type": "Point",
				"coordinates": [
					 133.1568,
					 34.6489
				]
			},
			"properties": {
				"name": "JA/HS-088(岳山)",
				"読み":"Dakeyama",
				"標高":"741m 4pt ",
				"GL":"PM64np",
				"市郡区":"C#3509 ",
				"登山日":"",
				"メモ":"",
				"_markerType": "Icon",
				"_iconUrl": "https://maps.gsi.go.jp/portal/sys/v4/symbols/828.png",
				"_iconSize": [
					16,
					16
				],
				"_iconAnchor": [
					8,
					8
				]
			}
		},
		{
			"type": "Feature",
			"geometry": {
				"type": "Point",
				"coordinates": [
					 132.5751,
					 34.6235
				]
			},
			"properties": {
				"name": "JA/HS-089(堂床山)",
				"読み":"Doutokoyama",
				"標高":"740m 4pt ",
				"GL":"PM64go",
				"市郡区":"C#3515 / G#35016I ",
				"登山日":"",
				"メモ":"",
				"_markerType": "Icon",
				"_iconUrl": "https://maps.gsi.go.jp/portal/sys/v4/symbols/828.png",
				"_iconSize": [
					16,
					16
				],
				"_iconAnchor": [
					8,
					8
				]
			}
		},
		{
			"type": "Feature",
			"geometry": {
				"type": "Point",
				"coordinates": [
					 132.6853,
					 34.5234
				]
			},
			"properties": {
				"name": "JA/HS-090(金明山)",
				"読み":"Kinmyouzan",
				"標高":"740m 4pt ",
				"GL":"PM64im",
				"市郡区":"C#3513 ",
				"登山日":"",
				"メモ":"",
				"_markerType": "Icon",
				"_iconUrl": "https://maps.gsi.go.jp/portal/sys/v4/symbols/828.png",
				"_iconSize": [
					16,
					16
				],
				"_iconAnchor": [
					8,
					8
				]
			}
		},
		{
			"type": "Feature",
			"geometry": {
				"type": "Point",
				"coordinates": [
					 132.5934,
					 34.27
				]
			},
			"properties": {
				"name": "JA/HS-091(灰ケ峰)",
				"読み":"Haigamine",
				"標高":"737m 4pt ",
				"GL":"PM64hg",
				"市郡区":"C#3502 ",
				"登山日":"",
				"メモ":"",
				"_markerType": "Icon",
				"_iconUrl": "https://maps.gsi.go.jp/portal/sys/v4/symbols/828.png",
				"_iconSize": [
					16,
					16
				],
				"_iconAnchor": [
					8,
					8
				]
			}
		},
		{
			"type": "Feature",
			"geometry": {
				"type": "Point",
				"coordinates": [
					 132.7845,
					 34.5666
				]
			},
			"properties": {
				"name": "JA/HS-092(西ケ原(三角点))",
				"読み":"Nishigahara",
				"標高":"734m 4pt ",
				"GL":"PM64jn",
				"市郡区":"C#3513 ",
				"登山日":"",
				"メモ":"",
				"_markerType": "Icon",
				"_iconUrl": "https://maps.gsi.go.jp/portal/sys/v4/symbols/828.png",
				"_iconSize": [
					16,
					16
				],
				"_iconAnchor": [
					8,
					8
				]
			}
		},
		{
			"type": "Feature",
			"geometry": {
				"type": "Point",
				"coordinates": [
					 132.8573,
					 34.9281
				]
			},
			"properties": {
				"name": "JA/HS-093(吾妻山)",
				"読み":"Azumayama",
				"標高":"731m 4pt ",
				"GL":"PM64kw",
				"市郡区":"C#3511 ",
				"登山日":"",
				"メモ":"",
				"_markerType": "Icon",
				"_iconUrl": "https://maps.gsi.go.jp/portal/sys/v4/symbols/828.png",
				"_iconSize": [
					16,
					16
				],
				"_iconAnchor": [
					8,
					8
				]
			}
		},
		{
			"type": "Feature",
			"geometry": {
				"type": "Point",
				"coordinates": [
					 132.7185,
					 34.5088
				]
			},
			"properties": {
				"name": "JA/HS-094(野路山(段原山))",
				"読み":"Norosan/Danharayama",
				"標高":"731m 4pt ",
				"GL":"PM64im",
				"市郡区":"C#3513 ",
				"登山日":"",
				"メモ":"",
				"_markerType": "Icon",
				"_iconUrl": "https://maps.gsi.go.jp/portal/sys/v4/symbols/828.png",
				"_iconSize": [
					16,
					16
				],
				"_iconAnchor": [
					8,
					8
				]
			}
		},
		{
			"type": "Feature",
			"geometry": {
				"type": "Point",
				"coordinates": [
					 133.1726,
					 34.6832
				]
			},
			"properties": {
				"name": "JA/HS-096(点729(空山近傍))",
				"読み":"P729",
				"標高":"729m 4pt ",
				"GL":"PM64oq",
				"市郡区":"C#3509 ",
				"登山日":"",
				"メモ":"",
				"_markerType": "Icon",
				"_iconUrl": "https://maps.gsi.go.jp/portal/sys/v4/symbols/828.png",
				"_iconSize": [
					16,
					16
				],
				"_iconAnchor": [
					8,
					8
				]
			}
		},
		{
			"type": "Feature",
			"geometry": {
				"type": "Point",
				"coordinates": [
					 132.3097,
					 34.5761
				]
			},
			"properties": {
				"name": "JA/HS-097(猿彦山(三角点))",
				"読み":"Saruhikoyama",
				"標高":"721m 4pt ",
				"GL":"PM64dn",
				"市郡区":"G#35016H ",
				"登山日":"",
				"メモ":"",
				"_markerType": "Icon",
				"_iconUrl": "https://maps.gsi.go.jp/portal/sys/v4/symbols/828.png",
				"_iconSize": [
					16,
					16
				],
				"_iconAnchor": [
					8,
					8
				]
			}
		},
		{
			"type": "Feature",
			"geometry": {
				"type": "Point",
				"coordinates": [
					 132.6413,
					 34.3518
				]
			},
			"properties": {
				"name": "JA/HS-098(小田山)",
				"読み":"Kotasan",
				"標高":"719m 4pt ",
				"GL":"PM64hi",
				"市郡区":"C#350107 / C#3513 ",
				"登山日":"",
				"メモ":"",
				"_markerType": "Icon",
				"_iconUrl": "https://maps.gsi.go.jp/portal/sys/v4/symbols/828.png",
				"_iconSize": [
					16,
					16
				],
				"_iconAnchor": [
					8,
					8
				]
			}
		},
		{
			"type": "Feature",
			"geometry": {
				"type": "Point",
				"coordinates": [
					 132.5932,
					 34.7215
				]
			},
			"properties": {
				"name": "JA/HS-099(頭ケ津古山)",
				"読み":"Kashiragatsukoyama",
				"標高":"717m 4pt ",
				"GL":"PM64hr",
				"市郡区":"C#3515 ",
				"登山日":"",
				"メモ":"",
				"_markerType": "Icon",
				"_iconUrl": "https://maps.gsi.go.jp/portal/sys/v4/symbols/828.png",
				"_iconSize": [
					16,
					16
				],
				"_iconAnchor": [
					8,
					8
				]
			}
		},
		{
			"type": "Feature",
			"geometry": {
				"type": "Point",
				"coordinates": [
					 132.3418,
					 34.505
				]
			},
			"properties": {
				"name": "JA/HS-100(点712)",
				"読み":"P712",
				"標高":"712m 4pt ",
				"GL":"PM64em",
				"市郡区":"C#350108 / C#350105 ",
				"登山日":"",
				"メモ":"",
				"_markerType": "Icon",
				"_iconUrl": "https://maps.gsi.go.jp/portal/sys/v4/symbols/828.png",
				"_iconSize": [
					16,
					16
				],
				"_iconAnchor": [
					8,
					8
				]
			}
		},
		{
			"type": "Feature",
			"geometry": {
				"type": "Point",
				"coordinates": [
					 132.3363,
					 34.4396
				]
			},
			"properties": {
				"name": "JA/HS-101(窓ヶ山)",
				"読み":"Madogayama",
				"標高":"711m 4pt ",
				"GL":"PM64ek",
				"市郡区":"C#350105 / C#350108 ",
				"登山日":"",
				"メモ":"",
				"_markerType": "Icon",
				"_iconUrl": "https://maps.gsi.go.jp/portal/sys/v4/symbols/828.png",
				"_iconSize": [
					16,
					16
				],
				"_iconAnchor": [
					8,
					8
				]
			}
		},
		{
			"type": "Feature",
			"geometry": {
				"type": "Point",
				"coordinates": [
					 132.5985,
					 34.3915
				]
			},
			"properties": {
				"name": "JA/HS-102(鉾取山)",
				"読み":"Hokotoriyama",
				"標高":"711m 4pt ",
				"GL":"PM64hj",
				"市郡区":"C#350107 ",
				"登山日":"",
				"メモ":"",
				"_markerType": "Icon",
				"_iconUrl": "https://maps.gsi.go.jp/portal/sys/v4/symbols/828.png",
				"_iconSize": [
					16,
					16
				],
				"_iconAnchor": [
					8,
					8
				]
			}
		},
		{
			"type": "Feature",
			"geometry": {
				"type": "Point",
				"coordinates": [
					 132.8221,
					 34.9109
				]
			},
			"properties": {
				"name": "JA/HS-103(半官山近傍)",
				"読み":"Near_Hanganyama",
				"標高":"708m 4pt ",
				"GL":"PM64jv",
				"市郡区":"C#3510 ",
				"登山日":"",
				"メモ":"",
				"_markerType": "Icon",
				"_iconUrl": "https://maps.gsi.go.jp/portal/sys/v4/symbols/828.png",
				"_iconSize": [
					16,
					16
				],
				"_iconAnchor": [
					8,
					8
				]
			}
		},
		{
			"type": "Feature",
			"geometry": {
				"type": "Point",
				"coordinates": [
					 132.609,
					 34.6928
				]
			},
			"properties": {
				"name": "JA/HS-104(津々羅山近傍)",
				"読み":"Near_Tsuzurayama",
				"標高":"708m 4pt ",
				"GL":"PM64hq",
				"市郡区":"C#3515 ",
				"登山日":"",
				"メモ":"",
				"_markerType": "Icon",
				"_iconUrl": "https://maps.gsi.go.jp/portal/sys/v4/symbols/828.png",
				"_iconSize": [
					16,
					16
				],
				"_iconAnchor": [
					8,
					8
				]
			}
		},
		{
			"type": "Feature",
			"geometry": {
				"type": "Point",
				"coordinates": [
					 132.487,
					 34.7353
				]
			},
			"properties": {
				"name": "JA/HS-105(火野山(日野山))",
				"読み":"Hinoyama",
				"標高":"702m 4pt ",
				"GL":"PM64fr",
				"市郡区":"G#35016I ",
				"登山日":"",
				"メモ":"",
				"_markerType": "Icon",
				"_iconUrl": "https://maps.gsi.go.jp/portal/sys/v4/symbols/828.png",
				"_iconSize": [
					16,
					16
				],
				"_iconAnchor": [
					8,
					8
				]
			}
		},
		{
			"type": "Feature",
			"geometry": {
				"type": "Point",
				"coordinates": [
					 132.148,
					 34.3171
				]
			},
			"properties": {
				"name": "JA/HS-106(三倉岳)",
				"読み":"Mikuradake",
				"標高":"702m 4pt ",
				"GL":"PM64bh",
				"市郡区":"C#3512 / C#3514 ",
				"登山日":"",
				"メモ":"",
				"_markerType": "Icon",
				"_iconUrl": "https://maps.gsi.go.jp/portal/sys/v4/symbols/828.png",
				"_iconSize": [
					16,
					16
				],
				"_iconAnchor": [
					8,
					8
				]
			}
		},
		{
			"type": "Feature",
			"geometry": {
				"type": "Point",
				"coordinates": [
					 133.0735,
					 34.5513
				]
			},
			"properties": {
				"name": "JA/HS-107(宇根山)",
				"読み":"Uneyama",
				"標高":"699m 4pt ",
				"GL":"PM64mn",
				"市郡区":"C#3504 / G#35008B ",
				"登山日":"",
				"メモ":"",
				"_markerType": "Icon",
				"_iconUrl": "https://maps.gsi.go.jp/portal/sys/v4/symbols/828.png",
				"_iconSize": [
					16,
					16
				],
				"_iconAnchor": [
					8,
					8
				]
			}
		},
		{
			"type": "Feature",
			"geometry": {
				"type": "Point",
				"coordinates": [
					 132.2378,
					 34.3427
				]
			},
			"properties": {
				"name": "JA/HS-108(権現山)",
				"読み":"Gongenyama",
				"標高":"699m 4pt ",
				"GL":"PM64ci",
				"市郡区":"C#3514 ",
				"登山日":"",
				"メモ":"",
				"_markerType": "Icon",
				"_iconUrl": "https://maps.gsi.go.jp/portal/sys/v4/symbols/828.png",
				"_iconSize": [
					16,
					16
				],
				"_iconAnchor": [
					8,
					8
				]
			}
		},
		{
			"type": "Feature",
			"geometry": {
				"type": "Point",
				"coordinates": [
					 132.3263,
					 34.502
				]
			},
			"properties": {
				"name": "JA/HS-109(点695)",
				"読み":"P695",
				"標高":"695m 4pt ",
				"GL":"PM64dm",
				"市郡区":"C#350108 ",
				"登山日":"",
				"メモ":"",
				"_markerType": "Icon",
				"_iconUrl": "https://maps.gsi.go.jp/portal/sys/v4/symbols/828.png",
				"_iconSize": [
					16,
					16
				],
				"_iconAnchor": [
					8,
					8
				]
			}
		},
		{
			"type": "Feature",
			"geometry": {
				"type": "Point",
				"coordinates": [
					 132.3965,
					 34.5822
				]
			},
			"properties": {
				"name": "JA/HS-110(滝山)",
				"読み":"Takiyama",
				"標高":"692m 4pt ",
				"GL":"PM64en",
				"市郡区":"C#350106 ",
				"登山日":"",
				"メモ":"",
				"_markerType": "Icon",
				"_iconUrl": "https://maps.gsi.go.jp/portal/sys/v4/symbols/828.png",
				"_iconSize": [
					16,
					16
				],
				"_iconAnchor": [
					8,
					8
				]
			}
		},
		{
			"type": "Feature",
			"geometry": {
				"type": "Point",
				"coordinates": [
					 133.1873,
					 34.7971
				]
			},
			"properties": {
				"name": "JA/HS-111(竜王山)",
				"読み":"Ryuuouzan",
				"標高":"692m 4pt ",
				"GL":"PM64ot",
				"市郡区":"G#35007E ",
				"登山日":"",
				"メモ":"",
				"_markerType": "Icon",
				"_iconUrl": "https://maps.gsi.go.jp/portal/sys/v4/symbols/828.png",
				"_iconSize": [
					16,
					16
				],
				"_iconAnchor": [
					8,
					8
				]
			}
		},
		{
			"type": "Feature",
			"geometry": {
				"type": "Point",
				"coordinates": [
					 132.4233,
					 34.5702
				]
			},
			"properties": {
				"name": "JA/HS-112(牛頭山)",
				"読み":"Ushizuyama",
				"標高":"689m 4pt ",
				"GL":"PM64fn",
				"市郡区":"C#350106 ",
				"登山日":"",
				"メモ":"",
				"_markerType": "Icon",
				"_iconUrl": "https://maps.gsi.go.jp/portal/sys/v4/symbols/828.png",
				"_iconSize": [
					16,
					16
				],
				"_iconAnchor": [
					8,
					8
				]
			}
		},
		{
			"type": "Feature",
			"geometry": {
				"type": "Point",
				"coordinates": [
					 132.186,
					 34.3483
				]
			},
			"properties": {
				"name": "JA/HS-113(上勝成山)",
				"読み":"Kamikatsunariyama",
				"標高":"684m 4pt ",
				"GL":"PM64ci",
				"市郡区":"C#3514 ",
				"登山日":"",
				"メモ":"",
				"_markerType": "Icon",
				"_iconUrl": "https://maps.gsi.go.jp/portal/sys/v4/symbols/828.png",
				"_iconSize": [
					16,
					16
				],
				"_iconAnchor": [
					8,
					8
				]
			}
		},
		{
			"type": "Feature",
			"geometry": {
				"type": "Point",
				"coordinates": [
					 132.5478,
					 34.4229
				]
			},
			"properties": {
				"name": "JA/HS-114(呉娑々宇山)",
				"読み":"Gosasouzan",
				"標高":"682m 4pt ",
				"GL":"PM64gk",
				"市郡区":"C#350102 / C#350107 ",
				"登山日":"",
				"メモ":"",
				"_markerType": "Icon",
				"_iconUrl": "https://maps.gsi.go.jp/portal/sys/v4/symbols/828.png",
				"_iconSize": [
					16,
					16
				],
				"_iconAnchor": [
					8,
					8
				]
			}
		},
		{
			"type": "Feature",
			"geometry": {
				"type": "Point",
				"coordinates": [
					 132.8778,
					 34.5793
				]
			},
			"properties": {
				"name": "JA/HS-115(点666)",
				"読み":"P666",
				"標高":"666m 4pt ",
				"GL":"PM64kn",
				"市郡区":"C#3513 ",
				"登山日":"",
				"メモ":"",
				"_markerType": "Icon",
				"_iconUrl": "https://maps.gsi.go.jp/portal/sys/v4/symbols/828.png",
				"_iconSize": [
					16,
					16
				],
				"_iconAnchor": [
					8,
					8
				]
			}
		},
		{
			"type": "Feature",
			"geometry": {
				"type": "Point",
				"coordinates": [
					 133.0834,
					 34.4558
				]
			},
			"properties": {
				"name": "JA/HS-116(龍王山)",
				"読み":"Ryuuousan",
				"標高":"665m 4pt ",
				"GL":"PM64nk",
				"市郡区":"C#3504 ",
				"登山日":"",
				"メモ":"",
				"_markerType": "Icon",
				"_iconUrl": "https://maps.gsi.go.jp/portal/sys/v4/symbols/828.png",
				"_iconSize": [
					16,
					16
				],
				"_iconAnchor": [
					8,
					8
				]
			}
		},
		{
			"type": "Feature",
			"geometry": {
				"type": "Point",
				"coordinates": [
					 132.3692,
					 34.5283
				]
			},
			"properties": {
				"name": "JA/HS-117(点663(無名(三角点)))",
				"読み":"P663",
				"標高":"663m 4pt ",
				"GL":"PM64em",
				"市郡区":"C#350106 ",
				"登山日":"",
				"メモ":"",
				"_markerType": "Icon",
				"_iconUrl": "https://maps.gsi.go.jp/portal/sys/v4/symbols/828.png",
				"_iconSize": [
					16,
					16
				],
				"_iconAnchor": [
					8,
					8
				]
			}
		},
		{
			"type": "Feature",
			"geometry": {
				"type": "Point",
				"coordinates": [
					 133.3302,
					 34.776
				]
			},
			"properties": {
				"name": "JA/HS-118(米見山)",
				"読み":"Yonamiyama",
				"標高":"661m 4pt ",
				"GL":"PM64ps",
				"市郡区":"G#35007E ",
				"登山日":"",
				"メモ":"",
				"_markerType": "Icon",
				"_iconUrl": "https://maps.gsi.go.jp/portal/sys/v4/symbols/828.png",
				"_iconSize": [
					16,
					16
				],
				"_iconAnchor": [
					8,
					8
				]
			}
		},
		{
			"type": "Feature",
			"geometry": {
				"type": "Point",
				"coordinates": [
					 132.6468,
					 34.4138
				]
			},
			"properties": {
				"name": "JA/HS-119(水丸山)",
				"読み":"Mizumaruyama",
				"標高":"660m 4pt ",
				"GL":"PM64hj",
				"市郡区":"C#3513 ",
				"登山日":"",
				"メモ":"",
				"_markerType": "Icon",
				"_iconUrl": "https://maps.gsi.go.jp/portal/sys/v4/symbols/828.png",
				"_iconSize": [
					16,
					16
				],
				"_iconAnchor": [
					8,
					8
				]
			}
		},
		{
			"type": "Feature",
			"geometry": {
				"type": "Point",
				"coordinates": [
					 132.5188,
					 34.7557
				]
			},
			"properties": {
				"name": "JA/HS-120(文蔵山)",
				"読み":"Bunzouyama",
				"標高":"656m 4pt ",
				"GL":"PM64gs",
				"市郡区":"G#35016I ",
				"登山日":"",
				"メモ":"",
				"_markerType": "Icon",
				"_iconUrl": "https://maps.gsi.go.jp/portal/sys/v4/symbols/828.png",
				"_iconSize": [
					16,
					16
				],
				"_iconAnchor": [
					8,
					8
				]
			}
		},
		{
			"type": "Feature",
			"geometry": {
				"type": "Point",
				"coordinates": [
					 132.5418,
					 34.7253
				]
			},
			"properties": {
				"name": "JA/HS-121(惣森(三角点))",
				"読み":"Soumori",
				"標高":"654m 4pt ",
				"GL":"PM64gr",
				"市郡区":"G#35016I ",
				"登山日":"",
				"メモ":"",
				"_markerType": "Icon",
				"_iconUrl": "https://maps.gsi.go.jp/portal/sys/v4/symbols/828.png",
				"_iconSize": [
					16,
					16
				],
				"_iconAnchor": [
					8,
					8
				]
			}
		},
		{
			"type": "Feature",
			"geometry": {
				"type": "Point",
				"coordinates": [
					 132.2073,
					 34.2824
				]
			},
			"properties": {
				"name": "JA/HS-122(傘山)",
				"読み":"Kasayama",
				"標高":"650m 4pt ",
				"GL":"PM64cg",
				"市郡区":"C#3512 ",
				"登山日":"",
				"メモ":"",
				"_markerType": "Icon",
				"_iconUrl": "https://maps.gsi.go.jp/portal/sys/v4/symbols/828.png",
				"_iconSize": [
					16,
					16
				],
				"_iconAnchor": [
					8,
					8
				]
			}
		},
		{
			"type": "Feature",
			"geometry": {
				"type": "Point",
				"coordinates": [
					 133.0337,
					 34.6686
				]
			},
			"properties": {
				"name": "JA/HS-123(頭土山)",
				"読み":"Zushiyama",
				"標高":"648m 2pt ",
				"GL":"PM64mq",
				"市郡区":"G#35008B / C#3510 ",
				"登山日":"",
				"メモ":"",
				"_markerType": "Icon",
				"_iconUrl": "https://maps.gsi.go.jp/portal/sys/v4/symbols/102.png",
				"_iconSize": [
					16,
					16
				],
				"_iconAnchor": [
					8,
					8
				]
			}
		},
		{
			"type": "Feature",
			"geometry": {
				"type": "Point",
				"coordinates": [
					 132.2693,
					 34.4149
				]
			},
			"properties": {
				"name": "JA/HS-124(鷹巣山)",
				"読み":"Takanosuyama",
				"標高":"647m 2pt ",
				"GL":"PM64dj",
				"市郡区":"C#350108 ",
				"登山日":"",
				"メモ":"",
				"_markerType": "Icon",
				"_iconUrl": "https://maps.gsi.go.jp/portal/sys/v4/symbols/102.png",
				"_iconSize": [
					16,
					16
				],
				"_iconAnchor": [
					8,
					8
				]
			}
		},
		{
			"type": "Feature",
			"geometry": {
				"type": "Point",
				"coordinates": [
					 132.9323,
					 34.6997
				]
			},
			"properties": {
				"name": "JA/HS-125(岡田山)",
				"読み":"Okadayama",
				"標高":"640m 2pt ",
				"GL":"PM64lq",
				"市郡区":"C#3510 ",
				"登山日":"",
				"メモ":"",
				"_markerType": "Icon",
				"_iconUrl": "https://maps.gsi.go.jp/portal/sys/v4/symbols/102.png",
				"_iconSize": [
					16,
					16
				],
				"_iconAnchor": [
					8,
					8
				]
			}
		},
		{
			"type": "Feature",
			"geometry": {
				"type": "Point",
				"coordinates": [
					 132.3644,
					 34.4684
				]
			},
			"properties": {
				"name": "JA/HS-126(点640(大岩(三角点)近傍))",
				"読み":"P640",
				"標高":"640m 2pt ",
				"GL":"PM64el",
				"市郡区":"C#350105 ",
				"登山日":"",
				"メモ":"",
				"_markerType": "Icon",
				"_iconUrl": "https://maps.gsi.go.jp/portal/sys/v4/symbols/102.png",
				"_iconSize": [
					16,
					16
				],
				"_iconAnchor": [
					8,
					8
				]
			}
		},
		{
			"type": "Feature",
			"geometry": {
				"type": "Point",
				"coordinates": [
					 133.0609,
					 34.6021
				]
			},
			"properties": {
				"name": "JA/HS-127(新山)",
				"読み":"Niiyama",
				"標高":"635m 2pt ",
				"GL":"PM64mo",
				"市郡区":"G#35008B ",
				"登山日":"",
				"メモ":"",
				"_markerType": "Icon",
				"_iconUrl": "https://maps.gsi.go.jp/portal/sys/v4/symbols/102.png",
				"_iconSize": [
					16,
					16
				],
				"_iconAnchor": [
					8,
					8
				]
			}
		},
		{
			"type": "Feature",
			"geometry": {
				"type": "Point",
				"coordinates": [
					 133.0839,
					 34.6575
				]
			},
			"properties": {
				"name": "JA/HS-128(男鹿山)",
				"読み":"Ojikayama",
				"標高":"634m 2pt ",
				"GL":"PM64np",
				"市郡区":"G#35008B ",
				"登山日":"",
				"メモ":"",
				"_markerType": "Icon",
				"_iconUrl": "https://maps.gsi.go.jp/portal/sys/v4/symbols/102.png",
				"_iconSize": [
					16,
					16
				],
				"_iconAnchor": [
					8,
					8
				]
			}
		},
		{
			"type": "Feature",
			"geometry": {
				"type": "Point",
				"coordinates": [
					 132.4232,
					 34.4938
				]
			},
			"properties": {
				"name": "JA/HS-129(荒谷山)",
				"読み":"Arataniyama",
				"標高":"631m 2pt ",
				"GL":"PM64fl",
				"市郡区":"C#350106 / C#350105 ",
				"登山日":"",
				"メモ":"",
				"_markerType": "Icon",
				"_iconUrl": "https://maps.gsi.go.jp/portal/sys/v4/symbols/102.png",
				"_iconSize": [
					16,
					16
				],
				"_iconAnchor": [
					8,
					8
				]
			}
		},
		{
			"type": "Feature",
			"geometry": {
				"type": "Point",
				"coordinates": [
					 132.7107,
					 34.474
				]
			},
			"properties": {
				"name": "JA/HS-130(点630(南條山(三角点)近傍))",
				"読み":"P630",
				"標高":"630m 2pt ",
				"GL":"PM64il",
				"市郡区":"C#3513 ",
				"登山日":"",
				"メモ":"",
				"_markerType": "Icon",
				"_iconUrl": "https://maps.gsi.go.jp/portal/sys/v4/symbols/102.png",
				"_iconSize": [
					16,
					16
				],
				"_iconAnchor": [
					8,
					8
				]
			}
		},
		{
			"type": "Feature",
			"geometry": {
				"type": "Point",
				"coordinates": [
					 132.6342,
					 34.5665
				]
			},
			"properties": {
				"name": "JA/HS-131(市川村(三角点))",
				"読み":"Ichikawamura",
				"標高":"629m 2pt ",
				"GL":"PM64hn",
				"市郡区":"C#350106 ",
				"登山日":"",
				"メモ":"",
				"_markerType": "Icon",
				"_iconUrl": "https://maps.gsi.go.jp/portal/sys/v4/symbols/102.png",
				"_iconSize": [
					16,
					16
				],
				"_iconAnchor": [
					8,
					8
				]
			}
		},
		{
			"type": "Feature",
			"geometry": {
				"type": "Point",
				"coordinates": [
					 133.0573,
					 34.9049
				]
			},
			"properties": {
				"name": "JA/HS-132(川西(三角点))",
				"読み":"Kawanishi",
				"標高":"621m 2pt ",
				"GL":"PM64mv",
				"市郡区":"C#3511 ",
				"登山日":"",
				"メモ":"",
				"_markerType": "Icon",
				"_iconUrl": "https://maps.gsi.go.jp/portal/sys/v4/symbols/102.png",
				"_iconSize": [
					16,
					16
				],
				"_iconAnchor": [
					8,
					8
				]
			}
		},
		{
			"type": "Feature",
			"geometry": {
				"type": "Point",
				"coordinates": [
					 132.6668,
					 34.5996
				]
			},
			"properties": {
				"name": "JA/HS-133(荒谷山)",
				"読み":"Arataniyama",
				"標高":"620m 2pt ",
				"GL":"PM64io",
				"市郡区":"C#350106 ",
				"登山日":"",
				"メモ":"",
				"_markerType": "Icon",
				"_iconUrl": "https://maps.gsi.go.jp/portal/sys/v4/symbols/102.png",
				"_iconSize": [
					16,
					16
				],
				"_iconAnchor": [
					8,
					8
				]
			}
		},
		{
			"type": "Feature",
			"geometry": {
				"type": "Point",
				"coordinates": [
					 132.7618,
					 34.8786
				]
			},
			"properties": {
				"name": "JA/HS-134(岩倉山)",
				"読み":"Iwakurayama",
				"標高":"617m 2pt ",
				"GL":"PM64jv",
				"市郡区":"C#3510 ",
				"登山日":"",
				"メモ":"",
				"_markerType": "Icon",
				"_iconUrl": "https://maps.gsi.go.jp/portal/sys/v4/symbols/102.png",
				"_iconSize": [
					16,
					16
				],
				"_iconAnchor": [
					8,
					8
				]
			}
		},
		{
			"type": "Feature",
			"geometry": {
				"type": "Point",
				"coordinates": [
					 132.5985,
					 34.456
				]
			},
			"properties": {
				"name": "JA/HS-135(狩小川(三角点))",
				"読み":"Kakogawa",
				"標高":"612m 2pt ",
				"GL":"PM64hk",
				"市郡区":"C#350107 / C#350106 ",
				"登山日":"",
				"メモ":"",
				"_markerType": "Icon",
				"_iconUrl": "https://maps.gsi.go.jp/portal/sys/v4/symbols/102.png",
				"_iconSize": [
					16,
					16
				],
				"_iconAnchor": [
					8,
					8
				]
			}
		},
		{
			"type": "Feature",
			"geometry": {
				"type": "Point",
				"coordinates": [
					 133.0494,
					 34.4534
				]
			},
			"properties": {
				"name": "JA/HS-136(大峰山(高羽山))",
				"読み":"Oominesan/Takahaneyama)",
				"標高":"610m 2pt ",
				"GL":"PM64mk",
				"市郡区":"C#3504 ",
				"登山日":"",
				"メモ":"",
				"_markerType": "Icon",
				"_iconUrl": "https://maps.gsi.go.jp/portal/sys/v4/symbols/102.png",
				"_iconSize": [
					16,
					16
				],
				"_iconAnchor": [
					8,
					8
				]
			}
		},
		{
			"type": "Feature",
			"geometry": {
				"type": "Point",
				"coordinates": [
					 133.277,
					 34.8536
				]
			},
			"properties": {
				"name": "JA/HS-137(早風(三角点))",
				"読み":"Hayakaze",
				"標高":"606m 2pt ",
				"GL":"PM64pu",
				"市郡区":"G#35007E / C#3511 ",
				"登山日":"",
				"メモ":"",
				"_markerType": "Icon",
				"_iconUrl": "https://maps.gsi.go.jp/portal/sys/v4/symbols/102.png",
				"_iconSize": [
					16,
					16
				],
				"_iconAnchor": [
					8,
					8
				]
			}
		},
		{
			"type": "Feature",
			"geometry": {
				"type": "Point",
				"coordinates": [
					 132.2436,
					 34.2871
				]
			},
			"properties": {
				"name": "JA/HS-139(径小屋山)",
				"読み":"Kyoukoyasan",
				"標高":"596m 2pt ",
				"GL":"PM64cg",
				"市郡区":"C#3514 ",
				"登山日":"",
				"メモ":"",
				"_markerType": "Icon",
				"_iconUrl": "https://maps.gsi.go.jp/portal/sys/v4/symbols/102.png",
				"_iconSize": [
					16,
					16
				],
				"_iconAnchor": [
					8,
					8
				]
			}
		},
		{
			"type": "Feature",
			"geometry": {
				"type": "Point",
				"coordinates": [
					 132.6366,
					 34.7492
				]
			},
			"properties": {
				"name": "JA/HS-140(時鳥峠(三角点))",
				"読み":"Tokitoritouge",
				"標高":"596m 2pt ",
				"GL":"PM64hr",
				"市郡区":"C#3515 ",
				"登山日":"",
				"メモ":"",
				"_markerType": "Icon",
				"_iconUrl": "https://maps.gsi.go.jp/portal/sys/v4/symbols/102.png",
				"_iconSize": [
					16,
					16
				],
				"_iconAnchor": [
					8,
					8
				]
			}
		},
		{
			"type": "Feature",
			"geometry": {
				"type": "Point",
				"coordinates": [
					 132.5397,
					 34.3191
				]
			},
			"properties": {
				"name": "JA/HS-141(絵下山)",
				"読み":"Egezan",
				"標高":"593m 2pt ",
				"GL":"PM64gh",
				"市郡区":"C#350107 ",
				"登山日":"",
				"メモ":"",
				"_markerType": "Icon",
				"_iconUrl": "https://maps.gsi.go.jp/portal/sys/v4/symbols/102.png",
				"_iconSize": [
					16,
					16
				],
				"_iconAnchor": [
					8,
					8
				]
			}
		},
		{
			"type": "Feature",
			"geometry": {
				"type": "Point",
				"coordinates": [
					 132.4871,
					 34.4929
				]
			},
			"properties": {
				"name": "JA/HS-142(阿武山)",
				"読み":"Abusan",
				"標高":"586m 2pt ",
				"GL":"PM64fl",
				"市郡区":"C#350105 ",
				"登山日":"",
				"メモ":"",
				"_markerType": "Icon",
				"_iconUrl": "https://maps.gsi.go.jp/portal/sys/v4/symbols/102.png",
				"_iconSize": [
					16,
					16
				],
				"_iconAnchor": [
					8,
					8
				]
			}
		},
		{
			"type": "Feature",
			"geometry": {
				"type": "Point",
				"coordinates": [
					 132.8839,
					 34.6956
				]
			},
			"properties": {
				"name": "JA/HS-143(旗山(三角点))",
				"読み":"Hatayama",
				"標高":"583m 2pt ",
				"GL":"PM64kq",
				"市郡区":"C#3510 ",
				"登山日":"",
				"メモ":"",
				"_markerType": "Icon",
				"_iconUrl": "https://maps.gsi.go.jp/portal/sys/v4/symbols/102.png",
				"_iconSize": [
					16,
					16
				],
				"_iconAnchor": [
					8,
					8
				]
			}
		},
		{
			"type": "Feature",
			"geometry": {
				"type": "Point",
				"coordinates": [
					 133.111,
					 34.5839
				]
			},
			"properties": {
				"name": "JA/HS-144(朝暮山)",
				"読み":"Asakurayama",
				"標高":"578m 2pt ",
				"GL":"PM64no",
				"市郡区":"G#35008B ",
				"登山日":"",
				"メモ":"",
				"_markerType": "Icon",
				"_iconUrl": "https://maps.gsi.go.jp/portal/sys/v4/symbols/102.png",
				"_iconSize": [
					16,
					16
				],
				"_iconAnchor": [
					8,
					8
				]
			}
		},
		{
			"type": "Feature",
			"geometry": {
				"type": "Point",
				"coordinates": [
					 133.0374,
					 34.7166
				]
			},
			"properties": {
				"name": "JA/HS-145(宇賀(三角点))",
				"読み":"Uga",
				"標高":"575m 2pt ",
				"GL":"PM64mr",
				"市郡区":"C#3510 ",
				"登山日":"",
				"メモ":"",
				"_markerType": "Icon",
				"_iconUrl": "https://maps.gsi.go.jp/portal/sys/v4/symbols/102.png",
				"_iconSize": [
					16,
					16
				],
				"_iconAnchor": [
					8,
					8
				]
			}
		},
		{
			"type": "Feature",
			"geometry": {
				"type": "Point",
				"coordinates": [
					 132.7417,
					 34.4572
				]
			},
			"properties": {
				"name": "JA/HS-146(龍王山)",
				"読み":"Ryuuouzan",
				"標高":"575m 2pt ",
				"GL":"PM64ik",
				"市郡区":"C#3513 ",
				"登山日":"",
				"メモ":"",
				"_markerType": "Icon",
				"_iconUrl": "https://maps.gsi.go.jp/portal/sys/v4/symbols/102.png",
				"_iconSize": [
					16,
					16
				],
				"_iconAnchor": [
					8,
					8
				]
			}
		},
		{
			"type": "Feature",
			"geometry": {
				"type": "Point",
				"coordinates": [
					 132.8843,
					 34.4874
				]
			},
			"properties": {
				"name": "JA/HS-147(日本ケ峯)",
				"読み":"Nihongamine",
				"標高":"574m 2pt ",
				"GL":"PM64kl",
				"市郡区":"C#3513 ",
				"登山日":"",
				"メモ":"",
				"_markerType": "Icon",
				"_iconUrl": "https://maps.gsi.go.jp/portal/sys/v4/symbols/102.png",
				"_iconSize": [
					16,
					16
				],
				"_iconAnchor": [
					8,
					8
				]
			}
		},
		{
			"type": "Feature",
			"geometry": {
				"type": "Point",
				"coordinates": [
					 132.9927,
					 34.5526
				]
			},
			"properties": {
				"name": "JA/HS-148(点571)",
				"読み":"P571",
				"標高":"571m 2pt ",
				"GL":"PM64ln",
				"市郡区":"G#35008B ",
				"登山日":"",
				"メモ":"",
				"_markerType": "Icon",
				"_iconUrl": "https://maps.gsi.go.jp/portal/sys/v4/symbols/102.png",
				"_iconSize": [
					16,
					16
				],
				"_iconAnchor": [
					8,
					8
				]
			}
		},
		{
			"type": "Feature",
			"geometry": {
				"type": "Point",
				"coordinates": [
					 132.5936,
					 34.5839
				]
			},
			"properties": {
				"name": "JA/HS-149(点565)",
				"読み":"P565",
				"標高":"565m 2pt ",
				"GL":"PM64ho",
				"市郡区":"C#3515 / C#350106 ",
				"登山日":"",
				"メモ":"",
				"_markerType": "Icon",
				"_iconUrl": "https://maps.gsi.go.jp/portal/sys/v4/symbols/102.png",
				"_iconSize": [
					16,
					16
				],
				"_iconAnchor": [
					8,
					8
				]
			}
		},
		{
			"type": "Feature",
			"geometry": {
				"type": "Point",
				"coordinates": [
					 132.6886,
					 34.5749
				]
			},
			"properties": {
				"name": "JA/HS-150(神ノ倉山)",
				"読み":"Kaminokurayama",
				"標高":"561m 2pt ",
				"GL":"PM64in",
				"市郡区":"C#3515 / C#350106 ",
				"登山日":"",
				"メモ":"",
				"_markerType": "Icon",
				"_iconUrl": "https://maps.gsi.go.jp/portal/sys/v4/symbols/102.png",
				"_iconSize": [
					16,
					16
				],
				"_iconAnchor": [
					8,
					8
				]
			}
		},
		{
			"type": "Feature",
			"geometry": {
				"type": "Point",
				"coordinates": [
					 132.6556,
					 34.7918
				]
			},
			"properties": {
				"name": "JA/HS-151(点560)",
				"読み":"P560",
				"標高":"560m 2pt ",
				"GL":"PM64ht",
				"市郡区":"C#3515 ",
				"登山日":"",
				"メモ":"",
				"_markerType": "Icon",
				"_iconUrl": "https://maps.gsi.go.jp/portal/sys/v4/symbols/102.png",
				"_iconSize": [
					16,
					16
				],
				"_iconAnchor": [
					8,
					8
				]
			}
		},
		{
			"type": "Feature",
			"geometry": {
				"type": "Point",
				"coordinates": [
					 133.1475,
					 34.5786
				]
			},
			"properties": {
				"name": "JA/HS-152(点560(古見山(三角点)近傍))",
				"読み":"P560",
				"標高":"560m 2pt ",
				"GL":"PM64nn",
				"市郡区":"C#3509 ",
				"登山日":"",
				"メモ":"",
				"_markerType": "Icon",
				"_iconUrl": "https://maps.gsi.go.jp/portal/sys/v4/symbols/102.png",
				"_iconSize": [
					16,
					16
				],
				"_iconAnchor": [
					8,
					8
				]
			}
		},
		{
			"type": "Feature",
			"geometry": {
				"type": "Point",
				"coordinates": [
					 132.6131,
					 34.327
				]
			},
			"properties": {
				"name": "JA/HS-153(石岳山)",
				"読み":"Ishidakeyama",
				"標高":"559m 2pt ",
				"GL":"PM64hh",
				"市郡区":"G#35001D / C#3513 ",
				"登山日":"",
				"メモ":"",
				"_markerType": "Icon",
				"_iconUrl": "https://maps.gsi.go.jp/portal/sys/v4/symbols/102.png",
				"_iconSize": [
					16,
					16
				],
				"_iconAnchor": [
					8,
					8
				]
			}
		},
		{
			"type": "Feature",
			"geometry": {
				"type": "Point",
				"coordinates": [
					 132.209,
					 34.3096
				]
			},
			"properties": {
				"name": "JA/HS-154(横蕪(三角点))",
				"読み":"Yokokabura",
				"標高":"555m 2pt ",
				"GL":"PM64ch",
				"市郡区":"C#3514 ",
				"登山日":"",
				"メモ":"",
				"_markerType": "Icon",
				"_iconUrl": "https://maps.gsi.go.jp/portal/sys/v4/symbols/102.png",
				"_iconSize": [
					16,
					16
				],
				"_iconAnchor": [
					8,
					8
				]
			}
		},
		{
			"type": "Feature",
			"geometry": {
				"type": "Point",
				"coordinates": [
					 132.6825,
					 34.7002
				]
			},
			"properties": {
				"name": "JA/HS-155(風越山)",
				"読み":"Kazakoshiyama",
				"標高":"555m 2pt ",
				"GL":"PM64iq",
				"市郡区":"C#3515 ",
				"登山日":"",
				"メモ":"",
				"_markerType": "Icon",
				"_iconUrl": "https://maps.gsi.go.jp/portal/sys/v4/symbols/102.png",
				"_iconSize": [
					16,
					16
				],
				"_iconAnchor": [
					8,
					8
				]
			}
		},
		{
			"type": "Feature",
			"geometry": {
				"type": "Point",
				"coordinates": [
					 132.786,
					 34.3736
				]
			},
			"properties": {
				"name": "JA/HS-156(洞山)",
				"読み":"Horayama",
				"標高":"544m 2pt ",
				"GL":"PM64ji",
				"市郡区":"C#3503 / C#3513 ",
				"登山日":"",
				"メモ":"",
				"_markerType": "Icon",
				"_iconUrl": "https://maps.gsi.go.jp/portal/sys/v4/symbols/102.png",
				"_iconSize": [
					16,
					16
				],
				"_iconAnchor": [
					8,
					8
				]
			}
		},
		{
			"type": "Feature",
			"geometry": {
				"type": "Point",
				"coordinates": [
					 132.4176,
					 34.2162
				]
			},
			"properties": {
				"name": "JA/HS-157(野登呂山(宇根山))",
				"読み":"Notoroyama",
				"標高":"542m 2pt ",
				"GL":"PM64ff",
				"市郡区":"C#3516 ",
				"登山日":"",
				"メモ":"",
				"_markerType": "Icon",
				"_iconUrl": "https://maps.gsi.go.jp/portal/sys/v4/symbols/102.png",
				"_iconSize": [
					16,
					16
				],
				"_iconAnchor": [
					8,
					8
				]
			}
		},
		{
			"type": "Feature",
			"geometry": {
				"type": "Point",
				"coordinates": [
					 133.1019,
					 34.6026
				]
			},
			"properties": {
				"name": "JA/HS-158(点541)",
				"読み":"P541",
				"標高":"541m 2pt ",
				"GL":"PM64no",
				"市郡区":"G#35008B ",
				"登山日":"",
				"メモ":"",
				"_markerType": "Icon",
				"_iconUrl": "https://maps.gsi.go.jp/portal/sys/v4/symbols/102.png",
				"_iconSize": [
					16,
					16
				],
				"_iconAnchor": [
					8,
					8
				]
			}
		},
		{
			"type": "Feature",
			"geometry": {
				"type": "Point",
				"coordinates": [
					 132.5606,
					 34.659
				]
			},
			"properties": {
				"name": "JA/HS-159(磨石山(三角点))",
				"読み":"Togiishiyama",
				"標高":"540m 2pt ",
				"GL":"PM64gp",
				"市郡区":"G#35016I ",
				"登山日":"",
				"メモ":"",
				"_markerType": "Icon",
				"_iconUrl": "https://maps.gsi.go.jp/portal/sys/v4/symbols/102.png",
				"_iconSize": [
					16,
					16
				],
				"_iconAnchor": [
					8,
					8
				]
			}
		},
		{
			"type": "Feature",
			"geometry": {
				"type": "Point",
				"coordinates": [
					 132.3196,
					 34.2796
				]
			},
			"properties": {
				"name": "JA/HS-160(弥山)",
				"読み":"Misen",
				"標高":"535m 2pt ",
				"GL":"PM64dg",
				"市郡区":"C#3514 ",
				"登山日":"",
				"メモ":"",
				"_markerType": "Icon",
				"_iconUrl": "https://maps.gsi.go.jp/portal/sys/v4/symbols/102.png",
				"_iconSize": [
					16,
					16
				],
				"_iconAnchor": [
					8,
					8
				]
			}
		},
		{
			"type": "Feature",
			"geometry": {
				"type": "Point",
				"coordinates": [
					 132.7727,
					 34.4741
				]
			},
			"properties": {
				"name": "JA/HS-161(点530)",
				"読み":"P530",
				"標高":"530m 2pt ",
				"GL":"PM64jl",
				"市郡区":"C#3513 ",
				"登山日":"",
				"メモ":"",
				"_markerType": "Icon",
				"_iconUrl": "https://maps.gsi.go.jp/portal/sys/v4/symbols/102.png",
				"_iconSize": [
					16,
					16
				],
				"_iconAnchor": [
					8,
					8
				]
			}
		},
		{
			"type": "Feature",
			"geometry": {
				"type": "Point",
				"coordinates": [
					 132.9226,
					 34.4938
				]
			},
			"properties": {
				"name": "JA/HS-162(和木(三角点))",
				"読み":"Wagi",
				"標高":"526m 2pt ",
				"GL":"PM64ll",
				"市郡区":"C#3504 ",
				"登山日":"",
				"メモ":"",
				"_markerType": "Icon",
				"_iconUrl": "https://maps.gsi.go.jp/portal/sys/v4/symbols/102.png",
				"_iconSize": [
					16,
					16
				],
				"_iconAnchor": [
					8,
					8
				]
			}
		},
		{
			"type": "Feature",
			"geometry": {
				"type": "Point",
				"coordinates": [
					 132.4562,
					 34.5299
				]
			},
			"properties": {
				"name": "JA/HS-163(水越山)",
				"読み":"Mizukoshiyama",
				"標高":"526m 2pt ",
				"GL":"PM64fm",
				"市郡区":"C#350106 ",
				"登山日":"",
				"メモ":"",
				"_markerType": "Icon",
				"_iconUrl": "https://maps.gsi.go.jp/portal/sys/v4/symbols/102.png",
				"_iconSize": [
					16,
					16
				],
				"_iconAnchor": [
					8,
					8
				]
			}
		},
		{
			"type": "Feature",
			"geometry": {
				"type": "Point",
				"coordinates": [
					 132.7846,
					 34.4274
				]
			},
			"properties": {
				"name": "JA/HS-164(松子山)",
				"読み":"Matsukoyama",
				"標高":"524m 2pt ",
				"GL":"PM64jk",
				"市郡区":"C#3513 ",
				"登山日":"",
				"メモ":"",
				"_markerType": "Icon",
				"_iconUrl": "https://maps.gsi.go.jp/portal/sys/v4/symbols/102.png",
				"_iconSize": [
					16,
					16
				],
				"_iconAnchor": [
					8,
					8
				]
			}
		},
		{
			"type": "Feature",
			"geometry": {
				"type": "Point",
				"coordinates": [
					 132.8705,
					 34.72
				]
			},
			"properties": {
				"name": "JA/HS-165(久留比(三角点))",
				"読み":"Kurubi",
				"標高":"522m 2pt ",
				"GL":"PM64kr",
				"市郡区":"C#3510 ",
				"登山日":"",
				"メモ":"",
				"_markerType": "Icon",
				"_iconUrl": "https://maps.gsi.go.jp/portal/sys/v4/symbols/102.png",
				"_iconSize": [
					16,
					16
				],
				"_iconAnchor": [
					8,
					8
				]
			}
		},
		{
			"type": "Feature",
			"geometry": {
				"type": "Point",
				"coordinates": [
					 132.8744,
					 34.46
				]
			},
			"properties": {
				"name": "JA/HS-166(篁山)",
				"読み":"Takamurayama",
				"標高":"522m 2pt ",
				"GL":"PM64kl",
				"市郡区":"C#3513 ",
				"登山日":"",
				"メモ":"",
				"_markerType": "Icon",
				"_iconUrl": "https://maps.gsi.go.jp/portal/sys/v4/symbols/102.png",
				"_iconSize": [
					16,
					16
				],
				"_iconAnchor": [
					8,
					8
				]
			}
		},
		{
			"type": "Feature",
			"geometry": {
				"type": "Point",
				"coordinates": [
					 132.6126,
					 34.4483
				]
			},
			"properties": {
				"name": "JA/HS-167(点514)",
				"読み":"P514",
				"標高":"514m 2pt ",
				"GL":"PM64hk",
				"市郡区":"C#350107 / C#3513 ",
				"登山日":"",
				"メモ":"",
				"_markerType": "Icon",
				"_iconUrl": "https://maps.gsi.go.jp/portal/sys/v4/symbols/102.png",
				"_iconSize": [
					16,
					16
				],
				"_iconAnchor": [
					8,
					8
				]
			}
		},
		{
			"type": "Feature",
			"geometry": {
				"type": "Point",
				"coordinates": [
					 132.7239,
					 34.8849
				]
			},
			"properties": {
				"name": "JA/HS-168(点511)",
				"読み":"P511",
				"標高":"511m 2pt ",
				"GL":"PM64iv",
				"市郡区":"C#3510 ",
				"登山日":"",
				"メモ":"",
				"_markerType": "Icon",
				"_iconUrl": "https://maps.gsi.go.jp/portal/sys/v4/symbols/102.png",
				"_iconSize": [
					16,
					16
				],
				"_iconAnchor": [
					8,
					8
				]
			}
		},
		{
			"type": "Feature",
			"geometry": {
				"type": "Point",
				"coordinates": [
					 132.8616,
					 34.8894
				]
			},
			"properties": {
				"name": "JA/HS-169(狐塚山)",
				"読み":"Kitsunedukayama",
				"標高":"507m 2pt ",
				"GL":"PM64kv",
				"市郡区":"C#3510 ",
				"登山日":"",
				"メモ":"",
				"_markerType": "Icon",
				"_iconUrl": "https://maps.gsi.go.jp/portal/sys/v4/symbols/102.png",
				"_iconSize": [
					16,
					16
				],
				"_iconAnchor": [
					8,
					8
				]
			}
		},
		{
			"type": "Feature",
			"geometry": {
				"type": "Point",
				"coordinates": [
					 132.3116,
					 34.2707
				]
			},
			"properties": {
				"name": "JA/HS-170(点502)",
				"読み":"P502",
				"標高":"502m 2pt ",
				"GL":"PM64dg",
				"市郡区":"C#3514 ",
				"登山日":"",
				"メモ":"",
				"_markerType": "Icon",
				"_iconUrl": "https://maps.gsi.go.jp/portal/sys/v4/symbols/102.png",
				"_iconSize": [
					16,
					16
				],
				"_iconAnchor": [
					8,
					8
				]
			}
		},
		{
			"type": "Feature",
			"geometry": {
				"type": "Point",
				"coordinates": [
					 132.4913,
					 34.5423
				]
			},
			"properties": {
				"name": "JA/HS-171(福王寺山近傍)",
				"読み":"Fukuoujiyama",
				"標高":"500m 2pt ",
				"GL":"PM64fn",
				"市郡区":"C#350106 ",
				"登山日":"",
				"メモ":"",
				"_markerType": "Icon",
				"_iconUrl": "https://maps.gsi.go.jp/portal/sys/v4/symbols/102.png",
				"_iconSize": [
					16,
					16
				],
				"_iconAnchor": [
					8,
					8
				]
			}
		},
		{
			"type": "Feature",
			"geometry": {
				"type": "Point",
				"coordinates": [
					 132.5763,
					 34.2273
				]
			},
			"properties": {
				"name": "JA/HS-172(休山)",
				"読み":"Yasumiyama",
				"標高":"497m 1pt ",
				"GL":"PM64gf",
				"市郡区":"C#3502 ",
				"登山日":"",
				"メモ":"",
				"_markerType": "Icon",
				"_iconUrl": "https://maps.gsi.go.jp/portal/sys/v4/symbols/826.png",
				"_iconSize": [
					16,
					16
				],
				"_iconAnchor": [
					8,
					8
				]
			}
		},
		{
			"type": "Feature",
			"geometry": {
				"type": "Point",
				"coordinates": [
					 132.471,
					 34.1031
				]
			},
			"properties": {
				"name": "JA/HS-173(岳浦山)",
				"読み":"Gakeurayama",
				"標高":"491m 1pt ",
				"GL":"PM64fc",
				"市郡区":"C#3502 ",
				"登山日":"",
				"メモ":"",
				"_markerType": "Icon",
				"_iconUrl": "https://maps.gsi.go.jp/portal/sys/v4/symbols/826.png",
				"_iconSize": [
					16,
					16
				],
				"_iconAnchor": [
					8,
					8
				]
			}
		},
		{
			"type": "Feature",
			"geometry": {
				"type": "Point",
				"coordinates": [
					 132.8204,
					 34.7943
				]
			},
			"properties": {
				"name": "JA/HS-174(高谷山)",
				"読み":"Takataniyama",
				"標高":"491m 1pt ",
				"GL":"PM64jt",
				"市郡区":"C#3510 ",
				"登山日":"",
				"メモ":"",
				"_markerType": "Icon",
				"_iconUrl": "https://maps.gsi.go.jp/portal/sys/v4/symbols/826.png",
				"_iconSize": [
					16,
					16
				],
				"_iconAnchor": [
					8,
					8
				]
			}
		},
		{
			"type": "Feature",
			"geometry": {
				"type": "Point",
				"coordinates": [
					 132.4337,
					 34.4541
				]
			},
			"properties": {
				"name": "JA/HS-175(火山)",
				"読み":"Hiyama",
				"標高":"488m 1pt ",
				"GL":"PM64fk",
				"市郡区":"C#350105 ",
				"登山日":"",
				"メモ":"",
				"_markerType": "Icon",
				"_iconUrl": "https://maps.gsi.go.jp/portal/sys/v4/symbols/826.png",
				"_iconSize": [
					16,
					16
				],
				"_iconAnchor": [
					8,
					8
				]
			}
		},
		{
			"type": "Feature",
			"geometry": {
				"type": "Point",
				"coordinates": [
					 132.4463,
					 34.5141
				]
			},
			"properties": {
				"name": "JA/HS-176(権現山)",
				"読み":"Gongensan",
				"標高":"488m 1pt ",
				"GL":"PM64fm",
				"市郡区":"C#350106 ",
				"登山日":"",
				"メモ":"",
				"_markerType": "Icon",
				"_iconUrl": "https://maps.gsi.go.jp/portal/sys/v4/symbols/826.png",
				"_iconSize": [
					16,
					16
				],
				"_iconAnchor": [
					8,
					8
				]
			}
		},
		{
			"type": "Feature",
			"geometry": {
				"type": "Point",
				"coordinates": [
					 132.7273,
					 34.7972
				]
			},
			"properties": {
				"name": "JA/HS-177(面山)",
				"読み":"Menzan",
				"標高":"486m 1pt ",
				"GL":"PM64it",
				"市郡区":"C#3515 ",
				"登山日":"",
				"メモ":"",
				"_markerType": "Icon",
				"_iconUrl": "https://maps.gsi.go.jp/portal/sys/v4/symbols/826.png",
				"_iconSize": [
					16,
					16
				],
				"_iconAnchor": [
					8,
					8
				]
			}
		},
		{
			"type": "Feature",
			"geometry": {
				"type": "Point",
				"coordinates": [
					 132.6641,
					 34.4888
				]
			},
			"properties": {
				"name": "JA/HS-178(生城山)",
				"読み":"Ougiyama",
				"標高":"485m 1pt ",
				"GL":"PM64hl",
				"市郡区":"C#3513 ",
				"登山日":"",
				"メモ":"",
				"_markerType": "Icon",
				"_iconUrl": "https://maps.gsi.go.jp/portal/sys/v4/symbols/826.png",
				"_iconSize": [
					16,
					16
				],
				"_iconAnchor": [
					8,
					8
				]
			}
		},
		{
			"type": "Feature",
			"geometry": {
				"type": "Point",
				"coordinates": [
					 132.5205,
					 34.4471
				]
			},
			"properties": {
				"name": "JA/HS-179(二ケ城山)",
				"読み":"Futatsugajyouzan",
				"標高":"483m 1pt ",
				"GL":"PM64gk",
				"市郡区":"C#350102 / C#350106 ",
				"登山日":"",
				"メモ":"",
				"_markerType": "Icon",
				"_iconUrl": "https://maps.gsi.go.jp/portal/sys/v4/symbols/826.png",
				"_iconSize": [
					16,
					16
				],
				"_iconAnchor": [
					8,
					8
				]
			}
		},
		{
			"type": "Feature",
			"geometry": {
				"type": "Point",
				"coordinates": [
					 132.4789,
					 34.5213
				]
			},
			"properties": {
				"name": "JA/HS-180(螺山)",
				"読み":"Nishiyama",
				"標高":"475m 1pt ",
				"GL":"PM64fm",
				"市郡区":"C#350106 ",
				"登山日":"",
				"メモ":"",
				"_markerType": "Icon",
				"_iconUrl": "https://maps.gsi.go.jp/portal/sys/v4/symbols/826.png",
				"_iconSize": [
					16,
					16
				],
				"_iconAnchor": [
					8,
					8
				]
			}
		},
		{
			"type": "Feature",
			"geometry": {
				"type": "Point",
				"coordinates": [
					 133.0802,
					 34.2677
				]
			},
			"properties": {
				"name": "JA/HS-181(観音山)",
				"読み":"Kannonyama",
				"標高":"472m 1pt ",
				"GL":"PM64mg",
				"市郡区":"C#3505 ",
				"登山日":"",
				"メモ":"",
				"_markerType": "Icon",
				"_iconUrl": "https://maps.gsi.go.jp/portal/sys/v4/symbols/826.png",
				"_iconSize": [
					16,
					16
				],
				"_iconAnchor": [
					8,
					8
				]
			}
		},
		{
			"type": "Feature",
			"geometry": {
				"type": "Point",
				"coordinates": [
					 132.8977,
					 34.8243
				]
			},
			"properties": {
				"name": "JA/HS-182(鷹ノ巣(三角点))",
				"読み":"Takanosu",
				"標高":"461m 1pt ",
				"GL":"PM64kt",
				"市郡区":"C#3510 ",
				"登山日":"",
				"メモ":"",
				"_markerType": "Icon",
				"_iconUrl": "https://maps.gsi.go.jp/portal/sys/v4/symbols/826.png",
				"_iconSize": [
					16,
					16
				],
				"_iconAnchor": [
					8,
					8
				]
			}
		},
		{
			"type": "Feature",
			"geometry": {
				"type": "Point",
				"coordinates": [
					 132.396,
					 34.1563
				]
			},
			"properties": {
				"name": "JA/HS-183(櫛ノ宇根)",
				"読み":"Kushinoune",
				"標高":"460m 1pt ",
				"GL":"PM64ed",
				"市郡区":"C#3516 ",
				"登山日":"",
				"メモ":"",
				"_markerType": "Icon",
				"_iconUrl": "https://maps.gsi.go.jp/portal/sys/v4/symbols/826.png",
				"_iconSize": [
					16,
					16
				],
				"_iconAnchor": [
					8,
					8
				]
			}
		},
		{
			"type": "Feature",
			"geometry": {
				"type": "Point",
				"coordinates": [
					 132.5185,
					 34.1164
				]
			},
			"properties": {
				"name": "JA/HS-184(後火山近傍)",
				"読み":"Near_Ushirohiyama",
				"標高":"460m 1pt ",
				"GL":"PM64gc",
				"市郡区":"C#3502 ",
				"登山日":"",
				"メモ":"",
				"_markerType": "Icon",
				"_iconUrl": "https://maps.gsi.go.jp/portal/sys/v4/symbols/826.png",
				"_iconSize": [
					16,
					16
				],
				"_iconAnchor": [
					8,
					8
				]
			}
		},
		{
			"type": "Feature",
			"geometry": {
				"type": "Point",
				"coordinates": [
					 132.292,
					 34.2525
				]
			},
			"properties": {
				"name": "JA/HS-185(岩船岳)",
				"読み":"Iwafunedake",
				"標高":"460m 1pt ",
				"GL":"PM64dg",
				"市郡区":"C#3514 ",
				"登山日":"",
				"メモ":"",
				"_markerType": "Icon",
				"_iconUrl": "https://maps.gsi.go.jp/portal/sys/v4/symbols/826.png",
				"_iconSize": [
					16,
					16
				],
				"_iconAnchor": [
					8,
					8
				]
			}
		},
		{
			"type": "Feature",
			"geometry": {
				"type": "Point",
				"coordinates": [
					 132.7277,
					 34.1816
				]
			},
			"properties": {
				"name": "JA/HS-186(七国見山)",
				"読み":"Nanakunimiyama",
				"標高":"457m 1pt ",
				"GL":"PM64ie",
				"市郡区":"C#3502 ",
				"登山日":"",
				"メモ":"",
				"_markerType": "Icon",
				"_iconUrl": "https://maps.gsi.go.jp/portal/sys/v4/symbols/826.png",
				"_iconSize": [
					16,
					16
				],
				"_iconAnchor": [
					8,
					8
				]
			}
		},
		{
			"type": "Feature",
			"geometry": {
				"type": "Point",
				"coordinates": [
					 132.9234,
					 34.8714
				]
			},
			"properties": {
				"name": "JA/HS-187(貴船山)",
				"読み":"Kifuneyama",
				"標高":"454m 1pt ",
				"GL":"PM64lu",
				"市郡区":"C#3511 ",
				"登山日":"",
				"メモ":"",
				"_markerType": "Icon",
				"_iconUrl": "https://maps.gsi.go.jp/portal/sys/v4/symbols/826.png",
				"_iconSize": [
					16,
					16
				],
				"_iconAnchor": [
					8,
					8
				]
			}
		},
		{
			"type": "Feature",
			"geometry": {
				"type": "Point",
				"coordinates": [
					 132.8882,
					 34.3538
				]
			},
			"properties": {
				"name": "JA/HS-188(朝日山)",
				"読み":"Asahiyama",
				"標高":"454m 1pt ",
				"GL":"PM64ki",
				"市郡区":"C#3503 ",
				"登山日":"",
				"メモ":"",
				"_markerType": "Icon",
				"_iconUrl": "https://maps.gsi.go.jp/portal/sys/v4/symbols/826.png",
				"_iconSize": [
					16,
					16
				],
				"_iconAnchor": [
					8,
					8
				]
			}
		},
		{
			"type": "Feature",
			"geometry": {
				"type": "Point",
				"coordinates": [
					 132.4521,
					 34.4953
				]
			},
			"properties": {
				"name": "JA/HS-189(野登呂山)",
				"読み":"Notoroyama",
				"標高":"453m 1pt ",
				"GL":"PM64fl",
				"市郡区":"C#350106 / C#350105 ",
				"登山日":"",
				"メモ":"",
				"_markerType": "Icon",
				"_iconUrl": "https://maps.gsi.go.jp/portal/sys/v4/symbols/826.png",
				"_iconSize": [
					16,
					16
				],
				"_iconAnchor": [
					8,
					8
				]
			}
		},
		{
			"type": "Feature",
			"geometry": {
				"type": "Point",
				"coordinates": [
					 132.9059,
					 34.2264
				]
			},
			"properties": {
				"name": "JA/HS-190(神峰山)",
				"読み":"Kannomineyama",
				"標高":"452m 1pt ",
				"GL":"PM64kf",
				"市郡区":"G#35010K ",
				"登山日":"",
				"メモ":"",
				"_markerType": "Icon",
				"_iconUrl": "https://maps.gsi.go.jp/portal/sys/v4/symbols/826.png",
				"_iconSize": [
					16,
					16
				],
				"_iconAnchor": [
					8,
					8
				]
			}
		},
		{
			"type": "Feature",
			"geometry": {
				"type": "Point",
				"coordinates": [
					 132.8486,
					 34.172
				]
			},
			"properties": {
				"name": "JA/HS-191(一峰寺山)",
				"読み":"Ippoujisan",
				"標高":"449m 1pt ",
				"GL":"PM64ke",
				"市郡区":"C#3502 ",
				"登山日":"",
				"メモ":"",
				"_markerType": "Icon",
				"_iconUrl": "https://maps.gsi.go.jp/portal/sys/v4/symbols/826.png",
				"_iconSize": [
					16,
					16
				],
				"_iconAnchor": [
					8,
					8
				]
			}
		},
		{
			"type": "Feature",
			"geometry": {
				"type": "Point",
				"coordinates": [
					 132.3296,
					 34.5804
				]
			},
			"properties": {
				"name": "JA/HS-192(津波(三角点))",
				"読み":"Tsunami",
				"標高":"446m 1pt ",
				"GL":"PM64dn",
				"市郡区":"G#35016H ",
				"登山日":"",
				"メモ":"",
				"_markerType": "Icon",
				"_iconUrl": "https://maps.gsi.go.jp/portal/sys/v4/symbols/826.png",
				"_iconSize": [
					16,
					16
				],
				"_iconAnchor": [
					8,
					8
				]
			}
		},
		{
			"type": "Feature",
			"geometry": {
				"type": "Point",
				"coordinates": [
					 133.0726,
					 34.3683
				]
			},
			"properties": {
				"name": "JA/HS-193(竜王山)",
				"読み":"Ryuuouyama",
				"標高":"445m 1pt ",
				"GL":"PM64mi",
				"市郡区":"C#3504 ",
				"登山日":"",
				"メモ":"",
				"_markerType": "Icon",
				"_iconUrl": "https://maps.gsi.go.jp/portal/sys/v4/symbols/826.png",
				"_iconSize": [
					16,
					16
				],
				"_iconAnchor": [
					8,
					8
				]
			}
		},
		{
			"type": "Feature",
			"geometry": {
				"type": "Point",
				"coordinates": [
					 133.3682,
					 34.4334
				]
			},
			"properties": {
				"name": "JA/HS-195(熊ヶ峰)",
				"読み":"Kumagamine",
				"標高":"438m 1pt ",
				"GL":"PM64qk",
				"市郡区":"C#3508 ",
				"登山日":"",
				"メモ":"",
				"_markerType": "Icon",
				"_iconUrl": "https://maps.gsi.go.jp/portal/sys/v4/symbols/826.png",
				"_iconSize": [
					16,
					16
				],
				"_iconAnchor": [
					8,
					8
				]
			}
		},
		{
			"type": "Feature",
			"geometry": {
				"type": "Point",
				"coordinates": [
					 132.4685,
					 34.1511
				]
			},
			"properties": {
				"name": "JA/HS-196(陀峯山)",
				"読み":"Dabouzan",
				"標高":"438m 1pt ",
				"GL":"PM64fd",
				"市郡区":"C#3516 ",
				"登山日":"",
				"メモ":"",
				"_markerType": "Icon",
				"_iconUrl": "https://maps.gsi.go.jp/portal/sys/v4/symbols/826.png",
				"_iconSize": [
					16,
					16
				],
				"_iconAnchor": [
					8,
					8
				]
			}
		},
		{
			"type": "Feature",
			"geometry": {
				"type": "Point",
				"coordinates": [
					 132.8131,
					 34.8351
				]
			},
			"properties": {
				"name": "JA/HS-197(又平(三角点))",
				"読み":"Matahira",
				"標高":"435m 1pt ",
				"GL":"PM64ju",
				"市郡区":"C#3510 ",
				"登山日":"",
				"メモ":"",
				"_markerType": "Icon",
				"_iconUrl": "https://maps.gsi.go.jp/portal/sys/v4/symbols/826.png",
				"_iconSize": [
					16,
					16
				],
				"_iconAnchor": [
					8,
					8
				]
			}
		},
		{
			"type": "Feature",
			"geometry": {
				"type": "Point",
				"coordinates": [
					 132.7101,
					 34.3122
				]
			},
			"properties": {
				"name": "JA/HS-198(虚空蔵山)",
				"読み":"Kokuzousan",
				"標高":"431m 1pt ",
				"GL":"PM64ih",
				"市郡区":"C#3513 ",
				"登山日":"",
				"メモ":"",
				"_markerType": "Icon",
				"_iconUrl": "https://maps.gsi.go.jp/portal/sys/v4/symbols/826.png",
				"_iconSize": [
					16,
					16
				],
				"_iconAnchor": [
					8,
					8
				]
			}
		},
		{
			"type": "Feature",
			"geometry": {
				"type": "Point",
				"coordinates": [
					 132.4397,
					 34.5418
				]
			},
			"properties": {
				"name": "JA/HS-199(点430(森山(三角点)近傍))",
				"読み":"P430",
				"標高":"430m 1pt ",
				"GL":"PM64fn",
				"市郡区":"C#350106 ",
				"登山日":"",
				"メモ":"",
				"_markerType": "Icon",
				"_iconUrl": "https://maps.gsi.go.jp/portal/sys/v4/symbols/826.png",
				"_iconSize": [
					16,
					16
				],
				"_iconAnchor": [
					8,
					8
				]
			}
		},
		{
			"type": "Feature",
			"geometry": {
				"type": "Point",
				"coordinates": [
					 132.4123,
					 34.5154
				]
			},
			"properties": {
				"name": "JA/HS-200(高八山)",
				"読み":"Takahachiyama",
				"標高":"429m 1pt ",
				"GL":"PM64em",
				"市郡区":"C#350106 ",
				"登山日":"",
				"メモ":"",
				"_markerType": "Icon",
				"_iconUrl": "https://maps.gsi.go.jp/portal/sys/v4/symbols/826.png",
				"_iconSize": [
					16,
					16
				],
				"_iconAnchor": [
					8,
					8
				]
			}
		},
		{
			"type": "Feature",
			"geometry": {
				"type": "Point",
				"coordinates": [
					 133.128,
					 34.3927
				]
			},
			"properties": {
				"name": "JA/HS-201(鉢ケ峰)",
				"読み":"Hachigamine",
				"標高":"429m 1pt ",
				"GL":"PM64nj",
				"市郡区":"C#3504 ",
				"登山日":"",
				"メモ":"",
				"_markerType": "Icon",
				"_iconUrl": "https://maps.gsi.go.jp/portal/sys/v4/symbols/826.png",
				"_iconSize": [
					16,
					16
				],
				"_iconAnchor": [
					8,
					8
				]
			}
		},
		{
			"type": "Feature",
			"geometry": {
				"type": "Point",
				"coordinates": [
					 132.7091,
					 34.1934
				]
			},
			"properties": {
				"name": "JA/HS-202(田戸(三角点))",
				"読み":"Tado",
				"標高":"421m 1pt ",
				"GL":"PM64ie",
				"市郡区":"C#3502 ",
				"登山日":"",
				"メモ":"",
				"_markerType": "Icon",
				"_iconUrl": "https://maps.gsi.go.jp/portal/sys/v4/symbols/826.png",
				"_iconSize": [
					16,
					16
				],
				"_iconAnchor": [
					8,
					8
				]
			}
		},
		{
			"type": "Feature",
			"geometry": {
				"type": "Point",
				"coordinates": [
					 132.6363,
					 34.3112
				]
			},
			"properties": {
				"name": "JA/HS-203(岩山)",
				"読み":"Iwayama",
				"標高":"419m 1pt ",
				"GL":"PM64hh",
				"市郡区":"C#3502 ",
				"登山日":"",
				"メモ":"",
				"_markerType": "Icon",
				"_iconUrl": "https://maps.gsi.go.jp/portal/sys/v4/symbols/826.png",
				"_iconSize": [
					16,
					16
				],
				"_iconAnchor": [
					8,
					8
				]
			}
		},
		{
			"type": "Feature",
			"geometry": {
				"type": "Point",
				"coordinates": [
					 132.5471,
					 34.463
				]
			},
			"properties": {
				"name": "JA/HS-204(木ノ宗山)",
				"読み":"Kinomuneyama",
				"標高":"413m 1pt ",
				"GL":"PM64gl",
				"市郡区":"C#350102 / C#350106 ",
				"登山日":"",
				"メモ":"",
				"_markerType": "Icon",
				"_iconUrl": "https://maps.gsi.go.jp/portal/sys/v4/symbols/826.png",
				"_iconSize": [
					16,
					16
				],
				"_iconAnchor": [
					8,
					8
				]
			}
		},
		{
			"type": "Feature",
			"geometry": {
				"type": "Point",
				"coordinates": [
					 133.1313,
					 34.2941
				]
			},
			"properties": {
				"name": "JA/HS-205(牡蠣山)",
				"読み":"Kakiyama",
				"標高":"408m 1pt ",
				"GL":"PM64nh",
				"市郡区":"C#3505 ",
				"登山日":"",
				"メモ":"",
				"_markerType": "Icon",
				"_iconUrl": "https://maps.gsi.go.jp/portal/sys/v4/symbols/826.png",
				"_iconSize": [
					16,
					16
				],
				"_iconAnchor": [
					8,
					8
				]
			}
		},
		{
			"type": "Feature",
			"geometry": {
				"type": "Point",
				"coordinates": [
					 133.2738,
					 34.5009
				]
			},
			"properties": {
				"name": "JA/HS-206(大谷山)",
				"読み":"Ootaniyama",
				"標高":"401m 1pt ",
				"GL":"PM64pm",
				"市郡区":"C#3508 ",
				"登山日":"",
				"メモ":"",
				"_markerType": "Icon",
				"_iconUrl": "https://maps.gsi.go.jp/portal/sys/v4/symbols/826.png",
				"_iconSize": [
					16,
					16
				],
				"_iconAnchor": [
					8,
					8
				]
			}
		},
		{
			"type": "Feature",
			"geometry": {
				"type": "Point",
				"coordinates": [
					 132.4678,
					 34.2695
				]
			},
			"properties": {
				"name": "JA/HS-207(クマン岳)",
				"読み":"Kumandake",
				"標高":"400m 1pt ",
				"GL":"PM64fg",
				"市郡区":"C#3516 ",
				"登山日":"",
				"メモ":"",
				"_markerType": "Icon",
				"_iconUrl": "https://maps.gsi.go.jp/portal/sys/v4/symbols/826.png",
				"_iconSize": [
					16,
					16
				],
				"_iconAnchor": [
					8,
					8
				]
			}
		},
		{
			"type": "Feature",
			"geometry": {
				"type": "Point",
				"coordinates": [
					 133.3012,
					 34.5063
				]
			},
			"properties": {
				"name": "JA/HS-208(高増山)",
				"読み":"Takamasuyama",
				"標高":"400m 1pt ",
				"GL":"PM64pm",
				"市郡区":"C#3508 ",
				"登山日":"",
				"メモ":"",
				"_markerType": "Icon",
				"_iconUrl": "https://maps.gsi.go.jp/portal/sys/v4/symbols/826.png",
				"_iconSize": [
					16,
					16
				],
				"_iconAnchor": [
					8,
					8
				]
			}
		},
		{
			"type": "Feature",
			"geometry": {
				"type": "Point",
				"coordinates": [
					 132.5477,
					 34.2637
				]
			},
			"properties": {
				"name": "JA/HS-209(鉢巻山)",
				"読み":"Hachimakiyama",
				"標高":"400m 1pt ",
				"GL":"PM64gg",
				"市郡区":"C#3502 ",
				"登山日":"",
				"メモ":"",
				"_markerType": "Icon",
				"_iconUrl": "https://maps.gsi.go.jp/portal/sys/v4/symbols/826.png",
				"_iconSize": [
					16,
					16
				],
				"_iconAnchor": [
					8,
					8
				]
			}
		},
		{
			"type": "Feature",
			"geometry": {
				"type": "Point",
				"coordinates": [
					 133.1908,
					 34.3098
				]
			},
			"properties": {
				"name": "JA/HS-210(奥山(観音山))",
				"読み":"Okuyama/Kannonyama",
				"標高":"390m 1pt ",
				"GL":"PM64oh",
				"市郡区":"C#3505 ",
				"登山日":"",
				"メモ":"",
				"_markerType": "Icon",
				"_iconUrl": "https://maps.gsi.go.jp/portal/sys/v4/symbols/826.png",
				"_iconSize": [
					16,
					16
				],
				"_iconAnchor": [
					8,
					8
				]
			}
		},
		{
			"type": "Feature",
			"geometry": {
				"type": "Point",
				"coordinates": [
					 132.7647,
					 34.3026
				]
			},
			"properties": {
				"name": "JA/HS-211(龍目山(三角点))",
				"読み":"Ryumokuzan",
				"標高":"386m 1pt ",
				"GL":"PM64jh",
				"市郡区":"C#3513 ",
				"登山日":"",
				"メモ":"",
				"_markerType": "Icon",
				"_iconUrl": "https://maps.gsi.go.jp/portal/sys/v4/symbols/826.png",
				"_iconSize": [
					16,
					16
				],
				"_iconAnchor": [
					8,
					8
				]
			}
		},
		{
			"type": "Feature",
			"geometry": {
				"type": "Point",
				"coordinates": [
					 132.9687,
					 34.3526
				]
			},
			"properties": {
				"name": "JA/HS-212(平家山)",
				"読み":"Heikeyama",
				"標高":"383m 1pt ",
				"GL":"PM64li",
				"市郡区":"C#3504 / C#3503 ",
				"登山日":"",
				"メモ":"",
				"_markerType": "Icon",
				"_iconUrl": "https://maps.gsi.go.jp/portal/sys/v4/symbols/826.png",
				"_iconSize": [
					16,
					16
				],
				"_iconAnchor": [
					8,
					8
				]
			}
		},
		{
			"type": "Feature",
			"geometry": {
				"type": "Point",
				"coordinates": [
					 132.7433,
					 34.2653
				]
			},
			"properties": {
				"name": "JA/HS-213(水尻(三角点))",
				"読み":"Mizujiri",
				"標高":"369m 1pt ",
				"GL":"PM64ig",
				"市郡区":"C#3502 ",
				"登山日":"",
				"メモ":"",
				"_markerType": "Icon",
				"_iconUrl": "https://maps.gsi.go.jp/portal/sys/v4/symbols/826.png",
				"_iconSize": [
					16,
					16
				],
				"_iconAnchor": [
					8,
					8
				]
			}
		},
		{
			"type": "Feature",
			"geometry": {
				"type": "Point",
				"coordinates": [
					 132.6458,
					 34.215
				]
			},
			"properties": {
				"name": "JA/HS-214(白岳山)",
				"読み":"Shiratakeyama",
				"標高":"358m 1pt ",
				"GL":"PM64hf",
				"市郡区":"C#3502 ",
				"登山日":"",
				"メモ":"",
				"_markerType": "Icon",
				"_iconUrl": "https://maps.gsi.go.jp/portal/sys/v4/symbols/826.png",
				"_iconSize": [
					16,
					16
				],
				"_iconAnchor": [
					8,
					8
				]
			}
		},
		{
			"type": "Feature",
			"geometry": {
				"type": "Point",
				"coordinates": [
					 132.5121,
					 34.1759
				]
			},
			"properties": {
				"name": "JA/HS-215(瀬戸島山)",
				"読み":"Setoshimayama",
				"標高":"339m 1pt ",
				"GL":"PM64ge",
				"市郡区":"C#3502 ",
				"登山日":"",
				"メモ":"",
				"_markerType": "Icon",
				"_iconUrl": "https://maps.gsi.go.jp/portal/sys/v4/symbols/826.png",
				"_iconSize": [
					16,
					16
				],
				"_iconAnchor": [
					8,
					8
				]
			}
		},
		{
			"type": "Feature",
			"geometry": {
				"type": "Point",
				"coordinates": [
					 133.3041,
					 34.3488
				]
			},
			"properties": {
				"name": "JA/HS-216(高山)",
				"読み":"Takayama",
				"標高":"328m 1pt ",
				"GL":"PM64pi",
				"市郡区":"C#3508 ",
				"登山日":"",
				"メモ":"",
				"_markerType": "Icon",
				"_iconUrl": "https://maps.gsi.go.jp/portal/sys/v4/symbols/826.png",
				"_iconSize": [
					16,
					16
				],
				"_iconAnchor": [
					8,
					8
				]
			}
		},
		{
			"type": "Feature",
			"geometry": {
				"type": "Point",
				"coordinates": [
					 133.0712,
					 34.3175
				]
			},
			"properties": {
				"name": "JA/HS-217(点322(高根山近傍))",
				"読み":"P322",
				"標高":"322m 1pt ",
				"GL":"PM64mh",
				"市郡区":"C#3505 ",
				"登山日":"",
				"メモ":"",
				"_markerType": "Icon",
				"_iconUrl": "https://maps.gsi.go.jp/portal/sys/v4/symbols/826.png",
				"_iconSize": [
					16,
					16
				],
				"_iconAnchor": [
					8,
					8
				]
			}
		},
		{
			"type": "Feature",
			"geometry": {
				"type": "Point",
				"coordinates": [
					 132.788,
					 34.1776
				]
			},
			"properties": {
				"name": "JA/HS-218(高雄山)",
				"読み":"Takaosan",
				"標高":"317m 1pt ",
				"GL":"PM64je",
				"市郡区":"C#3502 ",
				"登山日":"",
				"メモ":"",
				"_markerType": "Icon",
				"_iconUrl": "https://maps.gsi.go.jp/portal/sys/v4/symbols/826.png",
				"_iconSize": [
					16,
					16
				],
				"_iconAnchor": [
					8,
					8
				]
			}
		},
		{
			"type": "Feature",
			"geometry": {
				"type": "Point",
				"coordinates": [
					 132.7435,
					 34.2915
				]
			},
			"properties": {
				"name": "JA/HS-219(点302)",
				"読み":"P302",
				"標高":"302m 1pt ",
				"GL":"PM64ig",
				"市郡区":"C#3502 ",
				"登山日":"",
				"メモ":"",
				"_markerType": "Icon",
				"_iconUrl": "https://maps.gsi.go.jp/portal/sys/v4/symbols/826.png",
				"_iconSize": [
					16,
					16
				],
				"_iconAnchor": [
					8,
					8
				]
			}
		},
		{
			"type": "Feature",
			"geometry": {
				"type": "Point",
				"coordinates": [
					 133.3132,
					 34.4453
				]
			},
			"properties": {
				"name": "JA/HS-220(馬背山)",
				"読み":"Umanoseyama",
				"標高":"298m 1pt ",
				"GL":"PM64pk",
				"市郡区":"C#3508 ",
				"登山日":"",
				"メモ":"",
				"_markerType": "Icon",
				"_iconUrl": "https://maps.gsi.go.jp/portal/sys/v4/symbols/826.png",
				"_iconSize": [
					16,
					16
				],
				"_iconAnchor": [
					8,
					8
				]
			}
		},
		{
			"type": "Feature",
			"geometry": {
				"type": "Point",
				"coordinates": [
					 132.4537,
					 34.207
				]
			},
			"properties": {
				"name": "JA/HS-221(真道山)",
				"読み":"Shindouyama",
				"標高":"286m 1pt ",
				"GL":"PM64fe",
				"市郡区":"C#3516 ",
				"登山日":"",
				"メモ":"",
				"_markerType": "Icon",
				"_iconUrl": "https://maps.gsi.go.jp/portal/sys/v4/symbols/826.png",
				"_iconSize": [
					16,
					16
				],
				"_iconAnchor": [
					8,
					8
				]
			}
		},
		{
			"type": "Feature",
			"geometry": {
				"type": "Point",
				"coordinates": [
					 133.2071,
					 34.3683
				]
			},
			"properties": {
				"name": "JA/HS-222(高見山)",
				"読み":"Takamiyama",
				"標高":"283m 1pt ",
				"GL":"PM64oi",
				"市郡区":"C#3505 ",
				"登山日":"",
				"メモ":"",
				"_markerType": "Icon",
				"_iconUrl": "https://maps.gsi.go.jp/portal/sys/v4/symbols/826.png",
				"_iconSize": [
					16,
					16
				],
				"_iconAnchor": [
					8,
					8
				]
			}
		},
		{
			"type": "Feature",
			"geometry": {
				"type": "Point",
				"coordinates": [
					 132.4399,
					 34.3192
				]
			},
			"properties": {
				"name": "JA/HS-223(安芸小富士)",
				"読み":"Akikofuji",
				"標高":"278m 1pt ",
				"GL":"PM64fh",
				"市郡区":"C#350103 ",
				"登山日":"",
				"メモ":"",
				"_markerType": "Icon",
				"_iconUrl": "https://maps.gsi.go.jp/portal/sys/v4/symbols/826.png",
				"_iconSize": [
					16,
					16
				],
				"_iconAnchor": [
					8,
					8
				]
			}
		},
		{
			"type": "Feature",
			"geometry": {
				"type": "Point",
				"coordinates": [
					 132.6634,
					 34.1826
				]
			},
			"properties": {
				"name": "JA/HS-224(大平山)",
				"読み":"Oohirayama",
				"標高":"275m 1pt ",
				"GL":"PM64he",
				"市郡区":"C#3502 ",
				"登山日":"",
				"メモ":"",
				"_markerType": "Icon",
				"_iconUrl": "https://maps.gsi.go.jp/portal/sys/v4/symbols/826.png",
				"_iconSize": [
					16,
					16
				],
				"_iconAnchor": [
					8,
					8
				]
			}
		},
		{
			"type": "Feature",
			"geometry": {
				"type": "Point",
				"coordinates": [
					 132.4412,
					 34.2515
				]
			},
			"properties": {
				"name": "JA/HS-225(津久茂(三角点))",
				"読み":"Tsukumo",
				"標高":"263m 1pt ",
				"GL":"PM64fg",
				"市郡区":"C#3516 ",
				"登山日":"",
				"メモ":"",
				"_markerType": "Icon",
				"_iconUrl": "https://maps.gsi.go.jp/portal/sys/v4/symbols/826.png",
				"_iconSize": [
					16,
					16
				],
				"_iconAnchor": [
					8,
					8
				]
			}
		},
		{
			"type": "Feature",
			"geometry": {
				"type": "Point",
				"coordinates": [
					 133.2768,
					 34.3435
				]
			},
			"properties": {
				"name": "JA/HS-226(王城)",
				"読み":"Oujyou",
				"標高":"256m 1pt ",
				"GL":"PM64pi",
				"市郡区":"C#3508 ",
				"登山日":"",
				"メモ":"",
				"_markerType": "Icon",
				"_iconUrl": "https://maps.gsi.go.jp/portal/sys/v4/symbols/826.png",
				"_iconSize": [
					16,
					16
				],
				"_iconAnchor": [
					8,
					8
				]
			}
		},
		{
			"type": "Feature",
			"geometry": {
				"type": "Point",
				"coordinates": [
					 132.5329,
					 34.0605
				]
			},
			"properties": {
				"name": "JA/HS-227(鹿島(三角点))",
				"読み":"Kashima",
				"標高":"229m 1pt ",
				"GL":"PM64gb",
				"市郡区":"C#3502 ",
				"登山日":"",
				"メモ":"",
				"_markerType": "Icon",
				"_iconUrl": "https://maps.gsi.go.jp/portal/sys/v4/symbols/826.png",
				"_iconSize": [
					16,
					16
				],
				"_iconAnchor": [
					8,
					8
				]
			}
		},
		{
			"type": "Feature",
			"geometry": {
				"type": "Point",
				"coordinates": [
					 132.3083,
					 34.193
				]
			},
			"properties": {
				"name": "JA/HS-229(阿多田島(三角点))",
				"読み":"Atadajima",
				"標高":"204m 1pt ",
				"GL":"PM64de",
				"市郡区":"C#3512 ",
				"登山日":"",
				"メモ":"",
				"_markerType": "Icon",
				"_iconUrl": "https://maps.gsi.go.jp/portal/sys/v4/symbols/826.png",
				"_iconSize": [
					16,
					16
				],
				"_iconAnchor": [
					8,
					8
				]
			}
		},
		{
			"type": "Feature",
			"geometry": {
				"type": "Point",
				"coordinates": [
					 132.432,
					 34.3016
				]
			},
			"properties": {
				"name": "JA/HS-230(下高山)",
				"読み":"Shimotakayama",
				"標高":"203m 1pt ",
				"GL":"PM64fh",
				"市郡区":"C#350103 ",
				"登山日":"",
				"メモ":"",
				"_markerType": "Icon",
				"_iconUrl": "https://maps.gsi.go.jp/portal/sys/v4/symbols/826.png",
				"_iconSize": [
					16,
					16
				],
				"_iconAnchor": [
					8,
					8
				]
			}
		},
		{
			"type": "Feature",
			"geometry": {
				"type": "Point",
				"coordinates": [
					 133.2656,
					 34.3697
				]
			},
			"properties": {
				"name": "JA/HS-231(十文字山)",
				"読み":"Jyumonjiyama",
				"標高":"184m 1pt ",
				"GL":"PM64pi",
				"市郡区":"C#3505 ",
				"登山日":"",
				"メモ":"",
				"_markerType": "Icon",
				"_iconUrl": "https://maps.gsi.go.jp/portal/sys/v4/symbols/826.png",
				"_iconSize": [
					16,
					16
				],
				"_iconAnchor": [
					8,
					8
				]
			}
		},
		{
			"type": "Feature",
			"geometry": {
				"type": "Point",
				"coordinates": [
					 133.4434,
					 34.3395
				]
			},
			"properties": {
				"name": "JA/HS-232(走島(三角点))",
				"読み":"Hashirijima",
				"標高":"179m 1pt ",
				"GL":"PM64ri",
				"市郡区":"C#3508 ",
				"登山日":"",
				"メモ":"",
				"_markerType": "Icon",
				"_iconUrl": "https://maps.gsi.go.jp/portal/sys/v4/symbols/826.png",
				"_iconSize": [
					16,
					16
				],
				"_iconAnchor": [
					8,
					8
				]
			}
		},
		{
			"type": "Feature",
			"geometry": {
				"type": "Point",
				"coordinates": [
					 132.9189,
					 34.2871
				]
			},
			"properties": {
				"name": "JA/HS-233(二ツ頭)",
				"読み":"Futatsugashira",
				"標高":"159m 1pt ",
				"GL":"PM64lg",
				"市郡区":"G#35010K ",
				"登山日":"",
				"メモ":"",
				"_markerType": "Icon",
				"_iconUrl": "https://maps.gsi.go.jp/portal/sys/v4/symbols/826.png",
				"_iconSize": [
					16,
					16
				],
				"_iconAnchor": [
					8,
					8
				]
			}
		},
		{
			"type": "Feature",
			"geometry": {
				"type": "Point",
				"coordinates": [
					 132.4826,
					 34.3351
				]
			},
			"properties": {
				"name": "JA/HS-234(金輪富士)",
				"読み":"Kanawafuji",
				"標高":"158m 1pt ",
				"GL":"PM64fi",
				"市郡区":"C#350103 ",
				"登山日":"",
				"メモ":"",
				"_markerType": "Icon",
				"_iconUrl": "https://maps.gsi.go.jp/portal/sys/v4/symbols/826.png",
				"_iconSize": [
					16,
					16
				],
				"_iconAnchor": [
					8,
					8
				]
			}
		},
		{
			"type": "Feature",
			"geometry": {
				"type": "Point",
				"coordinates": [
					 132.1254,
					 34.4971
				]
			},
			"properties": {
				"name": "JA/HS-235(女鹿平山)",
				"読み":"Megahirayama",
				"標高":"1082m 6pt ",
				"GL":"PM64bl",
				"市郡区":"C#3514 ",
				"登山日":"",
				"メモ":"",
				"_markerType": "Icon",
				"_iconUrl": "https://maps.gsi.go.jp/portal/sys/v4/symbols/103.png",
				"_iconSize": [
					16,
					16
				],
				"_iconAnchor": [
					8,
					8
				]
			}
		},
		{
			"type": "Feature",
			"geometry": {
				"type": "Point",
				"coordinates": [
					 133.099,
					 35.0689
				]
			},
			"properties": {
				"name": "JA/HS-236(点1055)",
				"読み":"JA/HS-236",
				"標高":"1055m 6pt ",
				"GL":"PM65nb",
				"市郡区":"C#3511 ",
				"登山日":"",
				"メモ":"",
				"_markerType": "Icon",
				"_iconUrl": "https://maps.gsi.go.jp/portal/sys/v4/symbols/103.png",
				"_iconSize": [
					16,
					16
				],
				"_iconAnchor": [
					8,
					8
				]
			}
		},
		{
			"type": "Feature",
			"geometry": {
				"type": "Point",
				"coordinates": [
					 132.9346,
					 35.0087
				]
			},
			"properties": {
				"name": "JA/HS-237(大鬼山)",
				"読み":"Oooniyama",
				"標高":"1004m 6pt ",
				"GL":"PM65la",
				"市郡区":"C#3511 ",
				"登山日":"",
				"メモ":"",
				"_markerType": "Icon",
				"_iconUrl": "https://maps.gsi.go.jp/portal/sys/v4/symbols/103.png",
				"_iconSize": [
					16,
					16
				],
				"_iconAnchor": [
					8,
					8
				]
			}
		},
		{
			"type": "Feature",
			"geometry": {
				"type": "Point",
				"coordinates": [
					 133.3035,
					 35.0166
				]
			},
			"properties": {
				"name": "JA/HS-238(点956)",
				"読み":"JA/HS-238",
				"標高":"956m 6pt ",
				"GL":"PM65pa",
				"市郡区":"C#3511 / C#3112 ",
				"登山日":"",
				"メモ":"",
				"_markerType": "Icon",
				"_iconUrl": "https://maps.gsi.go.jp/portal/sys/v4/symbols/103.png",
				"_iconSize": [
					16,
					16
				],
				"_iconAnchor": [
					8,
					8
				]
			}
		},
		{
			"type": "Feature",
			"geometry": {
				"type": "Point",
				"coordinates": [
					 133.288,
					 35.0019
				]
			},
			"properties": {
				"name": "JA/HS-239(千鳥(三角点))",
				"読み":"Chidori",
				"標高":"953m 6pt ",
				"GL":"PM65pa",
				"市郡区":"C#3511 ",
				"登山日":"",
				"メモ":"",
				"_markerType": "Icon",
				"_iconUrl": "https://maps.gsi.go.jp/portal/sys/v4/symbols/103.png",
				"_iconSize": [
					16,
					16
				],
				"_iconAnchor": [
					8,
					8
				]
			}
		},
		{
			"type": "Feature",
			"geometry": {
				"type": "Point",
				"coordinates": [
					 132.1097,
					 34.4433
				]
			},
			"properties": {
				"name": "JA/HS-240(向井谷(三角点))",
				"読み":"Mukaiya",
				"標高":"944m 6pt ",
				"GL":"PM64bk",
				"市郡区":"C#3514 ",
				"登山日":"",
				"メモ":"",
				"_markerType": "Icon",
				"_iconUrl": "https://maps.gsi.go.jp/portal/sys/v4/symbols/103.png",
				"_iconSize": [
					16,
					16
				],
				"_iconAnchor": [
					8,
					8
				]
			}
		},
		{
			"type": "Feature",
			"geometry": {
				"type": "Point",
				"coordinates": [
					 133.1567,
					 34.9443
				]
			},
			"properties": {
				"name": "JA/HS-241(点918)",
				"読み":"JA/HS-241",
				"標高":"918m 6pt ",
				"GL":"PM64nw",
				"市郡区":"C#3511 ",
				"登山日":"",
				"メモ":"",
				"_markerType": "Icon",
				"_iconUrl": "https://maps.gsi.go.jp/portal/sys/v4/symbols/103.png",
				"_iconSize": [
					16,
					16
				],
				"_iconAnchor": [
					8,
					8
				]
			}
		},
		{
			"type": "Feature",
			"geometry": {
				"type": "Point",
				"coordinates": [
					 132.2949,
					 34.7613
				]
			},
			"properties": {
				"name": "JA/HS-242(大膳(三角点))",
				"読み":"Daizen",
				"標高":"910m 6pt ",
				"GL":"PM64ds",
				"市郡区":"G#35016I ",
				"登山日":"",
				"メモ":"",
				"_markerType": "Icon",
				"_iconUrl": "https://maps.gsi.go.jp/portal/sys/v4/symbols/103.png",
				"_iconSize": [
					16,
					16
				],
				"_iconAnchor": [
					8,
					8
				]
			}
		},
		{
			"type": "Feature",
			"geometry": {
				"type": "Point",
				"coordinates": [
					 132.7584,
					 34.5744
				]
			},
			"properties": {
				"name": "JA/HS-244(カンノ木山)",
				"読み":"Kannokiyama",
				"標高":"891m 6pt ",
				"GL":"PM64jn",
				"市郡区":"C#3513 / C#3515 ",
				"登山日":"",
				"メモ":"",
				"_markerType": "Icon",
				"_iconUrl": "https://maps.gsi.go.jp/portal/sys/v4/symbols/103.png",
				"_iconSize": [
					16,
					16
				],
				"_iconAnchor": [
					8,
					8
				]
			}
		},
		{
			"type": "Feature",
			"geometry": {
				"type": "Point",
				"coordinates": [
					 133.1352,
					 35.0322
				]
			},
			"properties": {
				"name": "JA/HS-245(点879)",
				"読み":"JA/HS-245",
				"標高":"879m 6pt ",
				"GL":"PM65na",
				"市郡区":"C#3511 ",
				"登山日":"",
				"メモ":"",
				"_markerType": "Icon",
				"_iconUrl": "https://maps.gsi.go.jp/portal/sys/v4/symbols/103.png",
				"_iconSize": [
					16,
					16
				],
				"_iconAnchor": [
					8,
					8
				]
			}
		},
		{
			"type": "Feature",
			"geometry": {
				"type": "Point",
				"coordinates": [
					 133.1156,
					 35.0138
				]
			},
			"properties": {
				"name": "JA/HS-246(点874)",
				"読み":"JA/HS-246",
				"標高":"874m 6pt ",
				"GL":"PM65na",
				"市郡区":"C#3511 ",
				"登山日":"",
				"メモ":"",
				"_markerType": "Icon",
				"_iconUrl": "https://maps.gsi.go.jp/portal/sys/v4/symbols/103.png",
				"_iconSize": [
					16,
					16
				],
				"_iconAnchor": [
					8,
					8
				]
			}
		},
		{
			"type": "Feature",
			"geometry": {
				"type": "Point",
				"coordinates": [
					 132.3098,
					 34.4571
				]
			},
			"properties": {
				"name": "JA/HS-247(寒山(三角点))",
				"読み":"Samuyama",
				"標高":"869m 6pt ",
				"GL":"PM64dk",
				"市郡区":"C#350105 / C#350108 ",
				"登山日":"",
				"メモ":"",
				"_markerType": "Icon",
				"_iconUrl": "https://maps.gsi.go.jp/portal/sys/v4/symbols/103.png",
				"_iconSize": [
					16,
					16
				],
				"_iconAnchor": [
					8,
					8
				]
			}
		},
		{
			"type": "Feature",
			"geometry": {
				"type": "Point",
				"coordinates": [
					 132.8812,
					 35.0015
				]
			},
			"properties": {
				"name": "JA/HS-248(火室山)",
				"読み":"Himuroyama",
				"標高":"864m 6pt ",
				"GL":"PM65ka",
				"市郡区":"C#3511 ",
				"登山日":"",
				"メモ":"",
				"_markerType": "Icon",
				"_iconUrl": "https://maps.gsi.go.jp/portal/sys/v4/symbols/103.png",
				"_iconSize": [
					16,
					16
				],
				"_iconAnchor": [
					8,
					8
				]
			}
		},
		{
			"type": "Feature",
			"geometry": {
				"type": "Point",
				"coordinates": [
					 132.8822,
					 34.9613
				]
			},
			"properties": {
				"name": "JA/HS-249(点844)",
				"読み":"JA/HS-249",
				"標高":"844m 4pt ",
				"GL":"PM64kx",
				"市郡区":"C#3511 ",
				"登山日":"",
				"メモ":"",
				"_markerType": "Icon",
				"_iconUrl": "https://maps.gsi.go.jp/portal/sys/v4/symbols/828.png",
				"_iconSize": [
					16,
					16
				],
				"_iconAnchor": [
					8,
					8
				]
			}
		},
		{
			"type": "Feature",
			"geometry": {
				"type": "Point",
				"coordinates": [
					 132.5191,
					 34.6184
				]
			},
			"properties": {
				"name": "JA/HS-250(大掛山)",
				"読み":"Oogakeyama",
				"標高":"818m 4pt ",
				"GL":"PM64go",
				"市郡区":"G#35016I ",
				"登山日":"",
				"メモ":"",
				"_markerType": "Icon",
				"_iconUrl": "https://maps.gsi.go.jp/portal/sys/v4/symbols/828.png",
				"_iconSize": [
					16,
					16
				],
				"_iconAnchor": [
					8,
					8
				]
			}
		},
		{
			"type": "Feature",
			"geometry": {
				"type": "Point",
				"coordinates": [
					 132.938,
					 34.9377
				]
			},
			"properties": {
				"name": "JA/HS-251(釜峰山)",
				"読み":"Kamamineyama",
				"標高":"788m 4pt ",
				"GL":"PM64lw",
				"市郡区":"C#3511 ",
				"登山日":"",
				"メモ":"",
				"_markerType": "Icon",
				"_iconUrl": "https://maps.gsi.go.jp/portal/sys/v4/symbols/828.png",
				"_iconSize": [
					16,
					16
				],
				"_iconAnchor": [
					8,
					8
				]
			}
		},
		{
			"type": "Feature",
			"geometry": {
				"type": "Point",
				"coordinates": [
					 132.2667,
					 34.498
				]
			},
			"properties": {
				"name": "JA/HS-252(永尾(三角点))",
				"読み":"Nagao",
				"標高":"781m 4pt ",
				"GL":"PM64dl",
				"市郡区":"C#350108 ",
				"登山日":"",
				"メモ":"",
				"_markerType": "Icon",
				"_iconUrl": "https://maps.gsi.go.jp/portal/sys/v4/symbols/828.png",
				"_iconSize": [
					16,
					16
				],
				"_iconAnchor": [
					8,
					8
				]
			}
		},
		{
			"type": "Feature",
			"geometry": {
				"type": "Point",
				"coordinates": [
					 132.351,
					 34.605
				]
			},
			"properties": {
				"name": "JA/HS-253(点775)",
				"読み":"JA/HS-253",
				"標高":"775m 4pt ",
				"GL":"PM64eo",
				"市郡区":"G#35016H ",
				"登山日":"",
				"メモ":"",
				"_markerType": "Icon",
				"_iconUrl": "https://maps.gsi.go.jp/portal/sys/v4/symbols/828.png",
				"_iconSize": [
					16,
					16
				],
				"_iconAnchor": [
					8,
					8
				]
			}
		},
		{
			"type": "Feature",
			"geometry": {
				"type": "Point",
				"coordinates": [
					 132.2896,
					 34.6274
				]
			},
			"properties": {
				"name": "JA/HS-254(高果山(三角点))",
				"読み":"Takakayama",
				"標高":"751m 4pt ",
				"GL":"PM64dp",
				"市郡区":"G#35016H ",
				"登山日":"",
				"メモ":"",
				"_markerType": "Icon",
				"_iconUrl": "https://maps.gsi.go.jp/portal/sys/v4/symbols/828.png",
				"_iconSize": [
					16,
					16
				],
				"_iconAnchor": [
					8,
					8
				]
			}
		},
		{
			"type": "Feature",
			"geometry": {
				"type": "Point",
				"coordinates": [
					 133.2497,
					 34.7277
				]
			},
			"properties": {
				"name": "JA/HS-255(昆隅寺(三角点))",
				"読み":"Konsumidera",
				"標高":"746m 4pt ",
				"GL":"PM64or",
				"市郡区":"G#35007E ",
				"登山日":"",
				"メモ":"",
				"_markerType": "Icon",
				"_iconUrl": "https://maps.gsi.go.jp/portal/sys/v4/symbols/828.png",
				"_iconSize": [
					16,
					16
				],
				"_iconAnchor": [
					8,
					8
				]
			}
		},
		{
			"type": "Feature",
			"geometry": {
				"type": "Point",
				"coordinates": [
					 133.1115,
					 34.9036
				]
			},
			"properties": {
				"name": "JA/HS-256(四天蓋山)",
				"読み":"Shitengaiyama",
				"標高":"737m 4pt ",
				"GL":"PM64nv",
				"市郡区":"C#3511 ",
				"登山日":"",
				"メモ":"",
				"_markerType": "Icon",
				"_iconUrl": "https://maps.gsi.go.jp/portal/sys/v4/symbols/828.png",
				"_iconSize": [
					16,
					16
				],
				"_iconAnchor": [
					8,
					8
				]
			}
		},
		{
			"type": "Feature",
			"geometry": {
				"type": "Point",
				"coordinates": [
					 132.6336,
					 34.5071
				]
			},
			"properties": {
				"name": "JA/HS-257(安駄山)",
				"読み":"Andayama",
				"標高":"734m 4pt ",
				"GL":"PM64hm",
				"市郡区":"C#350106 / C#3513 ",
				"登山日":"",
				"メモ":"",
				"_markerType": "Icon",
				"_iconUrl": "https://maps.gsi.go.jp/portal/sys/v4/symbols/828.png",
				"_iconSize": [
					16,
					16
				],
				"_iconAnchor": [
					8,
					8
				]
			}
		},
		{
			"type": "Feature",
			"geometry": {
				"type": "Point",
				"coordinates": [
					 132.2751,
					 34.372
				]
			},
			"properties": {
				"name": "JA/HS-258(野貝山（三角点近傍）)",
				"読み":"Near_Nogaiyama",
				"標高":"730m 4pt ",
				"GL":"PM64di",
				"市郡区":"C#3514 ",
				"登山日":"",
				"メモ":"",
				"_markerType": "Icon",
				"_iconUrl": "https://maps.gsi.go.jp/portal/sys/v4/symbols/828.png",
				"_iconSize": [
					16,
					16
				],
				"_iconAnchor": [
					8,
					8
				]
			}
		},
		{
			"type": "Feature",
			"geometry": {
				"type": "Point",
				"coordinates": [
					 133.2911,
					 34.7535
				]
			},
			"properties": {
				"name": "JA/HS-259(点710)",
				"読み":"JA/HS-259",
				"標高":"710m 4pt ",
				"GL":"PM64ps",
				"市郡区":"G#35007E ",
				"登山日":"",
				"メモ":"",
				"_markerType": "Icon",
				"_iconUrl": "https://maps.gsi.go.jp/portal/sys/v4/symbols/828.png",
				"_iconSize": [
					16,
					16
				],
				"_iconAnchor": [
					8,
					8
				]
			}
		},
		{
			"type": "Feature",
			"geometry": {
				"type": "Point",
				"coordinates": [
					 133.2773,
					 34.7688
				]
			},
			"properties": {
				"name": "JA/HS-260(権現山)",
				"読み":"Gongenyama",
				"標高":"678m 4pt ",
				"GL":"PM64ps",
				"市郡区":"G#35007E ",
				"登山日":"",
				"メモ":"",
				"_markerType": "Icon",
				"_iconUrl": "https://maps.gsi.go.jp/portal/sys/v4/symbols/828.png",
				"_iconSize": [
					16,
					16
				],
				"_iconAnchor": [
					8,
					8
				]
			}
		},
		{
			"type": "Feature",
			"geometry": {
				"type": "Point",
				"coordinates": [
					 133.142,
					 34.6397
				]
			},
			"properties": {
				"name": "JA/HS-261(点638)",
				"読み":"JA/HS-261",
				"標高":"638m 2pt ",
				"GL":"PM64np",
				"市郡区":"C#3509 ",
				"登山日":"",
				"メモ":"",
				"_markerType": "Icon",
				"_iconUrl": "https://maps.gsi.go.jp/portal/sys/v4/symbols/102.png",
				"_iconSize": [
					16,
					16
				],
				"_iconAnchor": [
					8,
					8
				]
			}
		},
		{
			"type": "Feature",
			"geometry": {
				"type": "Point",
				"coordinates": [
					 132.5903,
					 34.7461
				]
			},
			"properties": {
				"name": "JA/HS-262(点634)",
				"読み":"JA/HS-262",
				"標高":"634m 2pt ",
				"GL":"PM64hr",
				"市郡区":"C#3515 ",
				"登山日":"",
				"メモ":"",
				"_markerType": "Icon",
				"_iconUrl": "https://maps.gsi.go.jp/portal/sys/v4/symbols/102.png",
				"_iconSize": [
					16,
					16
				],
				"_iconAnchor": [
					8,
					8
				]
			}
		},
		{
			"type": "Feature",
			"geometry": {
				"type": "Point",
				"coordinates": [
					 132.8707,
					 34.5169
				]
			},
			"properties": {
				"name": "JA/HS-263(竜王(三角点))",
				"読み":"Ryuou",
				"標高":"619m 2pt ",
				"GL":"PM64km",
				"市郡区":"C#3513 ",
				"登山日":"",
				"メモ":"",
				"_markerType": "Icon",
				"_iconUrl": "https://maps.gsi.go.jp/portal/sys/v4/symbols/102.png",
				"_iconSize": [
					16,
					16
				],
				"_iconAnchor": [
					8,
					8
				]
			}
		},
		{
			"type": "Feature",
			"geometry": {
				"type": "Point",
				"coordinates": [
					 132.7556,
					 34.8422
				]
			},
			"properties": {
				"name": "JA/HS-264(大山(三角点))",
				"読み":"Ooyama",
				"標高":"612m 2pt ",
				"GL":"PM64ju",
				"市郡区":"C#3510 ",
				"登山日":"",
				"メモ":"",
				"_markerType": "Icon",
				"_iconUrl": "https://maps.gsi.go.jp/portal/sys/v4/symbols/102.png",
				"_iconSize": [
					16,
					16
				],
				"_iconAnchor": [
					8,
					8
				]
			}
		},
		{
			"type": "Feature",
			"geometry": {
				"type": "Point",
				"coordinates": [
					 132.9137,
					 34.6739
				]
			},
			"properties": {
				"name": "JA/HS-265(明神山)",
				"読み":"Myojinyama",
				"標高":"592m 2pt ",
				"GL":"PM64kq",
				"市郡区":"G#35008B ",
				"登山日":"",
				"メモ":"",
				"_markerType": "Icon",
				"_iconUrl": "https://maps.gsi.go.jp/portal/sys/v4/symbols/102.png",
				"_iconSize": [
					16,
					16
				],
				"_iconAnchor": [
					8,
					8
				]
			}
		},
		{
			"type": "Feature",
			"geometry": {
				"type": "Point",
				"coordinates": [
					 132.4179,
					 34.5475
				]
			},
			"properties": {
				"name": "JA/HS-266(本串山)",
				"読み":"Motokushiyama",
				"標高":"572m 2pt ",
				"GL":"PM64fn",
				"市郡区":"C#350106 ",
				"登山日":"",
				"メモ":"",
				"_markerType": "Icon",
				"_iconUrl": "https://maps.gsi.go.jp/portal/sys/v4/symbols/102.png",
				"_iconSize": [
					16,
					16
				],
				"_iconAnchor": [
					8,
					8
				]
			}
		},
		{
			"type": "Feature",
			"geometry": {
				"type": "Point",
				"coordinates": [
					 132.7655,
					 34.8908
				]
			},
			"properties": {
				"name": "JA/HS-267(多幸太山)",
				"読み":"Takoudayama",
				"標高":"564m 2pt ",
				"GL":"PM64jv",
				"市郡区":"C#3510 ",
				"登山日":"",
				"メモ":"",
				"_markerType": "Icon",
				"_iconUrl": "https://maps.gsi.go.jp/portal/sys/v4/symbols/102.png",
				"_iconSize": [
					16,
					16
				],
				"_iconAnchor": [
					8,
					8
				]
			}
		},
		{
			"type": "Feature",
			"geometry": {
				"type": "Point",
				"coordinates": [
					 133.2163,
					 34.6213
				]
			},
			"properties": {
				"name": "JA/HS-268(高木神社近傍)",
				"読み":"Near_Takagi_Shrine",
				"標高":"564m 2pt ",
				"GL":"PM64oo",
				"市郡区":"C#3509 ",
				"登山日":"",
				"メモ":"",
				"_markerType": "Icon",
				"_iconUrl": "https://maps.gsi.go.jp/portal/sys/v4/symbols/102.png",
				"_iconSize": [
					16,
					16
				],
				"_iconAnchor": [
					8,
					8
				]
			}
		},
		{
			"type": "Feature",
			"geometry": {
				"type": "Point",
				"coordinates": [
					 133.2456,
					 34.912
				]
			},
			"properties": {
				"name": "JA/HS-269(点558)",
				"読み":"JA/HS-269",
				"標高":"558m 2pt ",
				"GL":"PM64ov",
				"市郡区":"C#3511 ",
				"登山日":"",
				"メモ":"",
				"_markerType": "Icon",
				"_iconUrl": "https://maps.gsi.go.jp/portal/sys/v4/symbols/102.png",
				"_iconSize": [
					16,
					16
				],
				"_iconAnchor": [
					8,
					8
				]
			}
		},
		{
			"type": "Feature",
			"geometry": {
				"type": "Point",
				"coordinates": [
					 132.763,
					 34.3438
				]
			},
			"properties": {
				"name": "JA/HS-270(蚊無奥山)",
				"読み":"Kamuokuyama",
				"標高":"541m 2pt ",
				"GL":"PM64ji",
				"市郡区":"C#3513 ",
				"登山日":"",
				"メモ":"",
				"_markerType": "Icon",
				"_iconUrl": "https://maps.gsi.go.jp/portal/sys/v4/symbols/102.png",
				"_iconSize": [
					16,
					16
				],
				"_iconAnchor": [
					8,
					8
				]
			}
		},
		{
			"type": "Feature",
			"geometry": {
				"type": "Point",
				"coordinates": [
					 132.845,
					 34.4803
				]
			},
			"properties": {
				"name": "JA/HS-271(岩谷観音近傍)",
				"読み":"Near_Iwatanikannon",
				"標高":"519m 2pt ",
				"GL":"PM64kl",
				"市郡区":"C#3513 ",
				"登山日":"",
				"メモ":"",
				"_markerType": "Icon",
				"_iconUrl": "https://maps.gsi.go.jp/portal/sys/v4/symbols/102.png",
				"_iconSize": [
					16,
					16
				],
				"_iconAnchor": [
					8,
					8
				]
			}
		},
		{
			"type": "Feature",
			"geometry": {
				"type": "Point",
				"coordinates": [
					 132.7377,
					 34.3263
				]
			},
			"properties": {
				"name": "JA/HS-272(上田山)",
				"読み":"Uedayama",
				"標高":"510m 2pt ",
				"GL":"PM64ih",
				"市郡区":"C#3513 / C#3502 ",
				"登山日":"",
				"メモ":"",
				"_markerType": "Icon",
				"_iconUrl": "https://maps.gsi.go.jp/portal/sys/v4/symbols/102.png",
				"_iconSize": [
					16,
					16
				],
				"_iconAnchor": [
					8,
					8
				]
			}
		},
		{
			"type": "Feature",
			"geometry": {
				"type": "Point",
				"coordinates": [
					 132.4628,
					 34.5553
				]
			},
			"properties": {
				"name": "JA/HS-273(火之見山(三角点))",
				"読み":"Hinomiyama",
				"標高":"503m 2pt ",
				"GL":"PM64fn",
				"市郡区":"C#350106 ",
				"登山日":"",
				"メモ":"",
				"_markerType": "Icon",
				"_iconUrl": "https://maps.gsi.go.jp/portal/sys/v4/symbols/102.png",
				"_iconSize": [
					16,
					16
				],
				"_iconAnchor": [
					8,
					8
				]
			}
		},
		{
			"type": "Feature",
			"geometry": {
				"type": "Point",
				"coordinates": [
					 132.8707,
					 34.3513
				]
			},
			"properties": {
				"name": "JA/HS-274(点480)",
				"読み":"JA/HS-274",
				"標高":"480m 1pt ",
				"GL":"PM64ki",
				"市郡区":"C#3503 ",
				"登山日":"",
				"メモ":"",
				"_markerType": "Icon",
				"_iconUrl": "https://maps.gsi.go.jp/portal/sys/v4/symbols/826.png",
				"_iconSize": [
					16,
					16
				],
				"_iconAnchor": [
					8,
					8
				]
			}
		},
		{
			"type": "Feature",
			"geometry": {
				"type": "Point",
				"coordinates": [
					 132.2044,
					 34.3311
				]
			},
			"properties": {
				"name": "JA/HS-275(点471)",
				"読み":"JA/HS-275",
				"標高":"471m 1pt ",
				"GL":"PM64ch",
				"市郡区":"C#3514 ",
				"登山日":"",
				"メモ":"",
				"_markerType": "Icon",
				"_iconUrl": "https://maps.gsi.go.jp/portal/sys/v4/symbols/826.png",
				"_iconSize": [
					16,
					16
				],
				"_iconAnchor": [
					8,
					8
				]
			}
		},
		{
			"type": "Feature",
			"geometry": {
				"type": "Point",
				"coordinates": [
					 132.5807,
					 34.3159
				]
			},
			"properties": {
				"name": "JA/HS-276(三石山)",
				"読み":"Mitsuishiyama",
				"標高":"450m 1pt ",
				"GL":"PM64gh",
				"市郡区":"G#35001D / C#3502 ",
				"登山日":"",
				"メモ":"",
				"_markerType": "Icon",
				"_iconUrl": "https://maps.gsi.go.jp/portal/sys/v4/symbols/826.png",
				"_iconSize": [
					16,
					16
				],
				"_iconAnchor": [
					8,
					8
				]
			}
		},
		{
			"type": "Feature",
			"geometry": {
				"type": "Point",
				"coordinates": [
					 132.9402,
					 34.8663
				]
			},
			"properties": {
				"name": "JA/HS-277(寺屋敷(三角点))",
				"読み":"Terayashiki",
				"標高":"441m 1pt ",
				"GL":"PM64lu",
				"市郡区":"C#3511 ",
				"登山日":"",
				"メモ":"",
				"_markerType": "Icon",
				"_iconUrl": "https://maps.gsi.go.jp/portal/sys/v4/symbols/826.png",
				"_iconSize": [
					16,
					16
				],
				"_iconAnchor": [
					8,
					8
				]
			}
		},
		{
			"type": "Feature",
			"geometry": {
				"type": "Point",
				"coordinates": [
					 132.556,
					 34.3248
				]
			},
			"properties": {
				"name": "JA/HS-278(中久良（三角点近傍）)",
				"読み":"Near_Nakakura",
				"標高":"430m 1pt ",
				"GL":"PM64gh",
				"市郡区":"G#35001D / C#350107 ",
				"登山日":"",
				"メモ":"",
				"_markerType": "Icon",
				"_iconUrl": "https://maps.gsi.go.jp/portal/sys/v4/symbols/826.png",
				"_iconSize": [
					16,
					16
				],
				"_iconAnchor": [
					8,
					8
				]
			}
		},
		{
			"type": "Feature",
			"geometry": {
				"type": "Point",
				"coordinates": [
					 132.4638,
					 34.5048
				]
			},
			"properties": {
				"name": "JA/HS-279(点422)",
				"読み":"P422",
				"標高":"422m 1pt ",
				"GL":"PM64fm",
				"市郡区":"C#350106 ",
				"登山日":"",
				"メモ":"",
				"_markerType": "Icon",
				"_iconUrl": "https://maps.gsi.go.jp/portal/sys/v4/symbols/826.png",
				"_iconSize": [
					16,
					16
				],
				"_iconAnchor": [
					8,
					8
				]
			}
		},
		{
			"type": "Feature",
			"geometry": {
				"type": "Point",
				"coordinates": [
					 132.5306,
					 34.2799
				]
			},
			"properties": {
				"name": "JA/HS-280(烏帽子岩)",
				"読み":"Eboshiiwa",
				"標高":"410m 1pt ",
				"GL":"PM64gg",
				"市郡区":"C#3502 ",
				"登山日":"",
				"メモ":"",
				"_markerType": "Icon",
				"_iconUrl": "https://maps.gsi.go.jp/portal/sys/v4/symbols/826.png",
				"_iconSize": [
					16,
					16
				],
				"_iconAnchor": [
					8,
					8
				]
			}
		},
		{
			"type": "Feature",
			"geometry": {
				"type": "Point",
				"coordinates": [
					 132.3981,
					 34.2444
				]
			},
			"properties": {
				"name": "JA/HS-281(砲台山)",
				"読み":"Houdaisan",
				"標高":"401m 1pt ",
				"GL":"PM64ef",
				"市郡区":"C#3516 ",
				"登山日":"",
				"メモ":"",
				"_markerType": "Icon",
				"_iconUrl": "https://maps.gsi.go.jp/portal/sys/v4/symbols/826.png",
				"_iconSize": [
					16,
					16
				],
				"_iconAnchor": [
					8,
					8
				]
			}
		},
		{
			"type": "Feature",
			"geometry": {
				"type": "Point",
				"coordinates": [
					 133.2198,
					 34.553
				]
			},
			"properties": {
				"name": "JA/HS-282(点400)",
				"読み":"P400",
				"標高":"400m 1pt ",
				"GL":"PM64on",
				"市郡区":"C#3509 ",
				"登山日":"",
				"メモ":"",
				"_markerType": "Icon",
				"_iconUrl": "https://maps.gsi.go.jp/portal/sys/v4/symbols/826.png",
				"_iconSize": [
					16,
					16
				],
				"_iconAnchor": [
					8,
					8
				]
			}
		},
		{
			"type": "Feature",
			"geometry": {
				"type": "Point",
				"coordinates": [
					 133.1964,
					 34.4916
				]
			},
			"properties": {
				"name": "JA/HS-283(摩訶えん山)",
				"読み":"Makaenzan",
				"標高":"382m 1pt ",
				"GL":"PM64ol",
				"市郡区":"C#3505 ",
				"登山日":"",
				"メモ":"",
				"_markerType": "Icon",
				"_iconUrl": "https://maps.gsi.go.jp/portal/sys/v4/symbols/826.png",
				"_iconSize": [
					16,
					16
				],
				"_iconAnchor": [
					8,
					8
				]
			}
		},
		{
			"type": "Feature",
			"geometry": {
				"type": "Point",
				"coordinates": [
					 132.996,
					 34.3544
				]
			},
			"properties": {
				"name": "JA/HS-284(白滝山)",
				"読み":"Shiratakiyama",
				"標高":"350m 1pt ",
				"GL":"PM64li",
				"市郡区":"C#3504 ",
				"登山日":"",
				"メモ":"",
				"_markerType": "Icon",
				"_iconUrl": "https://maps.gsi.go.jp/portal/sys/v4/symbols/826.png",
				"_iconSize": [
					16,
					16
				],
				"_iconAnchor": [
					8,
					8
				]
			}
		},
		{
			"type": "Feature",
			"geometry": {
				"type": "Point",
				"coordinates": [
					 132.5421,
					 34.3828
				]
			},
			"properties": {
				"name": "JA/HS-285(日浦山)",
				"読み":"Hiurayama",
				"標高":"345m 1pt ",
				"GL":"PM64gj",
				"市郡区":"C#350107 / G#35001C ",
				"登山日":"",
				"メモ":"",
				"_markerType": "Icon",
				"_iconUrl": "https://maps.gsi.go.jp/portal/sys/v4/symbols/826.png",
				"_iconSize": [
					16,
					16
				],
				"_iconAnchor": [
					8,
					8
				]
			}
		},
		{
			"type": "Feature",
			"geometry": {
				"type": "Point",
				"coordinates": [
					 132.5213,
					 34.5256
				]
			},
			"properties": {
				"name": "JA/HS-286(高松山)",
				"読み":"Takamatsuyama",
				"標高":"338m 1pt ",
				"GL":"PM64gm",
				"市郡区":"C#350106 ",
				"登山日":"",
				"メモ":"",
				"_markerType": "Icon",
				"_iconUrl": "https://maps.gsi.go.jp/portal/sys/v4/symbols/826.png",
				"_iconSize": [
					16,
					16
				],
				"_iconAnchor": [
					8,
					8
				]
			}
		},
		{
			"type": "Feature",
			"geometry": {
				"type": "Point",
				"coordinates": [
					 132.9331,
					 34.4065
				]
			},
			"properties": {
				"name": "JA/HS-287(竜王平(三角点))",
				"読み":"Ryuoudaira",
				"標高":"327m 1pt ",
				"GL":"PM64lj",
				"市郡区":"C#3504 ",
				"登山日":"",
				"メモ":"",
				"_markerType": "Icon",
				"_iconUrl": "https://maps.gsi.go.jp/portal/sys/v4/symbols/826.png",
				"_iconSize": [
					16,
					16
				],
				"_iconAnchor": [
					8,
					8
				]
			}
		},
		{
			"type": "Feature",
			"geometry": {
				"type": "Point",
				"coordinates": [
					 132.56,
					 34.1024
				]
			},
			"properties": {
				"name": "JA/HS-288(点272)",
				"読み":"P272",
				"標高":"272m 1pt ",
				"GL":"PM64gc",
				"市郡区":"C#3502 ",
				"登山日":"",
				"メモ":"",
				"_markerType": "Icon",
				"_iconUrl": "https://maps.gsi.go.jp/portal/sys/v4/symbols/826.png",
				"_iconSize": [
					16,
					16
				],
				"_iconAnchor": [
					8,
					8
				]
			}
		},
		{
			"type": "Feature",
			"geometry": {
				"type": "Point",
				"coordinates": [
					 132.9277,
					 34.2611
				]
			},
			"properties": {
				"name": "JA/HS-289(点263)",
				"読み":"P263",
				"標高":"263m 1pt ",
				"GL":"PM64lg",
				"市郡区":"G#35010K ",
				"登山日":"",
				"メモ":"",
				"_markerType": "Icon",
				"_iconUrl": "https://maps.gsi.go.jp/portal/sys/v4/symbols/826.png",
				"_iconSize": [
					16,
					16
				],
				"_iconAnchor": [
					8,
					8
				]
			}
		},
		{
			"type": "Feature",
			"geometry": {
				"type": "Point",
				"coordinates": [
					 132.4855,
					 34.4228
				]
			},
			"properties": {
				"name": "JA/HS-290(牛田山)",
				"読み":"Ushidayama",
				"標高":"260m 1pt ",
				"GL":"PM64fk",
				"市郡区":"C#350102 ",
				"登山日":"",
				"メモ":"",
				"_markerType": "Icon",
				"_iconUrl": "https://maps.gsi.go.jp/portal/sys/v4/symbols/826.png",
				"_iconSize": [
					16,
					16
				],
				"_iconAnchor": [
					8,
					8
				]
			}
		},
		{
			"type": "Feature",
			"geometry": {
				"type": "Point",
				"coordinates": [
					 133.1104,
					 34.3363
				]
			},
			"properties": {
				"name": "JA/HS-291(大平山)",
				"読み":"Taiheizan",
				"標高":"268m 1pt ",
				"GL":"PM64ni",
				"市郡区":"C#3504 ",
				"登山日":"",
				"メモ":"",
				"_markerType": "Icon",
				"_iconUrl": "https://maps.gsi.go.jp/portal/sys/v4/symbols/826.png",
				"_iconSize": [
					16,
					16
				],
				"_iconAnchor": [
					8,
					8
				]
			}
		},
		{
			"type": "Feature",
			"geometry": {
				"type": "Point",
				"coordinates": [
					 133.0507,
					 34.403
				]
			},
			"properties": {
				"name": "JA/HS-292(点257)",
				"読み":"P257",
				"標高":"257m 1pt ",
				"GL":"PM64mj",
				"市郡区":"C#3504 ",
				"登山日":"",
				"メモ":"",
				"_markerType": "Icon",
				"_iconUrl": "https://maps.gsi.go.jp/portal/sys/v4/symbols/826.png",
				"_iconSize": [
					16,
					16
				],
				"_iconAnchor": [
					8,
					8
				]
			}
		},
		{
			"type": "Feature",
			"geometry": {
				"type": "Point",
				"coordinates": [
					 133.4008,
					 34.5337
				]
			},
			"properties": {
				"name": "JA/HS-293(マーメイド福山GC)",
				"読み":"MermaidFukuyama",
				"標高":"257m 1pt ",
				"GL":"PM64qm",
				"市郡区":"C#3508 ",
				"登山日":"",
				"メモ":"",
				"_markerType": "Icon",
				"_iconUrl": "https://maps.gsi.go.jp/portal/sys/v4/symbols/826.png",
				"_iconSize": [
					16,
					16
				],
				"_iconAnchor": [
					8,
					8
				]
			}
		},
		{
			"type": "Feature",
			"geometry": {
				"type": "Point",
				"coordinates": [
					 132.2074,
					 34.2189
				]
			},
			"properties": {
				"name": "JA/HS-294(点251)",
				"読み":"P251",
				"標高":"251m 1pt ",
				"GL":"PM64cf",
				"市郡区":"C#3512 ",
				"登山日":"",
				"メモ":"",
				"_markerType": "Icon",
				"_iconUrl": "https://maps.gsi.go.jp/portal/sys/v4/symbols/826.png",
				"_iconSize": [
					16,
					16
				],
				"_iconAnchor": [
					8,
					8
				]
			}
		},
		{
			"type": "Feature",
			"geometry": {
				"type": "Point",
				"coordinates": [
					 133.1449,
					 34.3332
				]
			},
			"properties": {
				"name": "JA/HS-295(龍王山)",
				"読み":"Ryuouzan",
				"標高":"243m 1pt ",
				"GL":"PM64nh",
				"市郡区":"C#3505 ",
				"登山日":"",
				"メモ":"",
				"_markerType": "Icon",
				"_iconUrl": "https://maps.gsi.go.jp/portal/sys/v4/symbols/826.png",
				"_iconSize": [
					16,
					16
				],
				"_iconAnchor": [
					8,
					8
				]
			}
		},
		{
			"type": "Feature",
			"geometry": {
				"type": "Point",
				"coordinates": [
					 133.0201,
					 34.3399
				]
			},
			"properties": {
				"name": "JA/HS-296(鳥羽(三角点))",
				"読み":"Toba",
				"標高":"228m 1pt ",
				"GL":"PM64mi",
				"市郡区":"C#3504 ",
				"登山日":"",
				"メモ":"",
				"_markerType": "Icon",
				"_iconUrl": "https://maps.gsi.go.jp/portal/sys/v4/symbols/826.png",
				"_iconSize": [
					16,
					16
				],
				"_iconAnchor": [
					8,
					8
				]
			}
		},
		{
			"type": "Feature",
			"geometry": {
				"type": "Point",
				"coordinates": [
					 133.158,
					 34.3446
				]
			},
			"properties": {
				"name": "JA/HS-297(白滝山)",
				"読み":"Shiratakiyama",
				"標高":"226m 1pt ",
				"GL":"PM64ni",
				"市郡区":"C#3505 ",
				"登山日":"",
				"メモ":"",
				"_markerType": "Icon",
				"_iconUrl": "https://maps.gsi.go.jp/portal/sys/v4/symbols/826.png",
				"_iconSize": [
					16,
					16
				],
				"_iconAnchor": [
					8,
					8
				]
			}
		},
		{
			"type": "Feature",
			"geometry": {
				"type": "Point",
				"coordinates": [
					 133.384,
					 34.513
				]
			},
			"properties": {
				"name": "JA/HS-298(蔵王山)",
				"読み":"Zaouyama",
				"標高":"225m 1pt ",
				"GL":"PM64qm",
				"市郡区":"C#3508 ",
				"登山日":"",
				"メモ":"",
				"_markerType": "Icon",
				"_iconUrl": "https://maps.gsi.go.jp/portal/sys/v4/symbols/826.png",
				"_iconSize": [
					16,
					16
				],
				"_iconAnchor": [
					8,
					8
				]
			}
		},
		{
			"type": "Feature",
			"geometry": {
				"type": "Point",
				"coordinates": [
					 132.7494,
					 34.1712
				]
			},
			"properties": {
				"name": "JA/HS-299(沖浦(三角点))",
				"読み":"Okiura",
				"標高":"224m 1pt ",
				"GL":"PM64ie",
				"市郡区":"C#3502 ",
				"登山日":"",
				"メモ":"",
				"_markerType": "Icon",
				"_iconUrl": "https://maps.gsi.go.jp/portal/sys/v4/symbols/826.png",
				"_iconSize": [
					16,
					16
				],
				"_iconAnchor": [
					8,
					8
				]
			}
		},
		{
			"type": "Feature",
			"geometry": {
				"type": "Point",
				"coordinates": [
					 132.4906,
					 34.3672
				]
			},
			"properties": {
				"name": "JA/HS-300(黄金山)",
				"読み":"Ougonzan",
				"標高":"221m 1pt ",
				"GL":"PM64fi",
				"市郡区":"C#350103 ",
				"登山日":"",
				"メモ":"",
				"_markerType": "Icon",
				"_iconUrl": "https://maps.gsi.go.jp/portal/sys/v4/symbols/826.png",
				"_iconSize": [
					16,
					16
				],
				"_iconAnchor": [
					8,
					8
				]
			}
		},
		{
			"type": "Feature",
			"geometry": {
				"type": "Point",
				"coordinates": [
					 133.1867,
					 34.2876
				]
			},
			"properties": {
				"name": "JA/HS-301(天狗山)",
				"読み":"Tenguyama",
				"標高":"207m 1pt ",
				"GL":"PM64og",
				"市郡区":"C#3505 ",
				"登山日":"",
				"メモ":"",
				"_markerType": "Icon",
				"_iconUrl": "https://maps.gsi.go.jp/portal/sys/v4/symbols/826.png",
				"_iconSize": [
					16,
					16
				],
				"_iconAnchor": [
					8,
					8
				]
			}
		},
		{
			"type": "Feature",
			"geometry": {
				"type": "Point",
				"coordinates": [
					 132.4834,
					 34.2094
				]
			},
			"properties": {
				"name": "JA/HS-302(仏ノ塔)",
				"読み":"Hotokenotou",
				"標高":"204m 1pt ",
				"GL":"PM64ff",
				"市郡区":"C#3516 ",
				"登山日":"",
				"メモ":"",
				"_markerType": "Icon",
				"_iconUrl": "https://maps.gsi.go.jp/portal/sys/v4/symbols/826.png",
				"_iconSize": [
					16,
					16
				],
				"_iconAnchor": [
					8,
					8
				]
			}
		},
		{
			"type": "Feature",
			"geometry": {
				"type": "Point",
				"coordinates": [
					 133.3312,
					 34.3593
				]
			},
			"properties": {
				"name": "JA/HS-303(内浦山)",
				"読み":"Uchiurayama",
				"標高":"202m 1pt ",
				"GL":"PM64pi",
				"市郡区":"C#3508 ",
				"登山日":"",
				"メモ":"",
				"_markerType": "Icon",
				"_iconUrl": "https://maps.gsi.go.jp/portal/sys/v4/symbols/826.png",
				"_iconSize": [
					16,
					16
				],
				"_iconAnchor": [
					8,
					8
				]
			}
		},
		{
			"type": "Feature",
			"geometry": {
				"type": "Point",
				"coordinates": [
					 133.2533,
					 34.3926
				]
			},
			"properties": {
				"name": "JA/HS-304(カガラ山)",
				"読み":"Kagarayama",
				"標高":"164m 1pt ",
				"GL":"PM64pj",
				"市郡区":"C#3505 ",
				"登山日":"",
				"メモ":"",
				"_markerType": "Icon",
				"_iconUrl": "https://maps.gsi.go.jp/portal/sys/v4/symbols/826.png",
				"_iconSize": [
					16,
					16
				],
				"_iconAnchor": [
					8,
					8
				]
			}
		},
		{
			"type": "Feature",
			"geometry": {
				"type": "Point",
				"coordinates": [
					 133.3964,
					 34.3842
				]
			},
			"properties": {
				"name": "JA/HS-305(大弥山)",
				"読み":"Oomisen",
				"標高":"159m 1pt ",
				"GL":"PM64qj",
				"市郡区":"C#3508 ",
				"登山日":"",
				"メモ":"",
				"_markerType": "Icon",
				"_iconUrl": "https://maps.gsi.go.jp/portal/sys/v4/symbols/826.png",
				"_iconSize": [
					16,
					16
				],
				"_iconAnchor": [
					8,
					8
				]
			}
		},
		{
			"type": "Feature",
			"geometry": {
				"type": "Point",
				"coordinates": [
					 132.910581,
					 34.376383
				]
			},
			"properties": {
				"name": "JA/HS-306(岩見（三角点))",
				"読み":"Iwami",
				"標高":"403m 1pt ",
				"GL":"PM64kj",
				"市郡区":"C#3503 ",
				"登山日":"",
				"メモ":"",
				"_markerType": "Icon",
				"_iconUrl": "https://maps.gsi.go.jp/portal/sys/v4/symbols/826.png",
				"_iconSize": [
					16,
					16
				],
				"_iconAnchor": [
					8,
					8
				]
			}
		},
		{
			"type": "Feature",
			"geometry": {
				"type": "Point",
				"coordinates": [
					 134.1803,
					 35.1717
				]
			},
			"properties": {
				"name": "JA/OY-001(那岐山)",
				"読み":"Nagisan",
				"標高":"1255m 8pt ",
				"GL":"PM75ce",
				"市郡区":"G#31007B / G#34006G ",
				"登山日":"",
				"メモ":"",
				"_markerType": "Icon",
				"_iconUrl": "https://maps.gsi.go.jp/portal/sys/v4/symbols/104.png",
				"_iconSize": [
					16,
					16
				],
				"_iconAnchor": [
					8,
					8
				]
			}
		},
		{
			"type": "Feature",
			"geometry": {
				"type": "Point",
				"coordinates": [
					 133.975,
					 35.2595
				]
			},
			"properties": {
				"name": "JA/OY-002(花知ヶ仙)",
				"読み":"Hanachigasen",
				"標高":"1247m 8pt ",
				"GL":"PM65xg",
				"市郡区":"G#31016E ",
				"登山日":"",
				"メモ":"",
				"_markerType": "Icon",
				"_iconUrl": "https://maps.gsi.go.jp/portal/sys/v4/symbols/104.png",
				"_iconSize": [
					16,
					16
				],
				"_iconAnchor": [
					8,
					8
				]
			}
		},
		{
			"type": "Feature",
			"geometry": {
				"type": "Point",
				"coordinates": [
					 133.5147,
					 35.2357
				]
			},
			"properties": {
				"name": "JA/OY-003(毛無山)",
				"読み":"Kenashigasen",
				"標高":"1219m 8pt ",
				"GL":"PM65sf",
				"市郡区":"G#31017D / G#34005A ",
				"登山日":"",
				"メモ":"",
				"_markerType": "Icon",
				"_iconUrl": "https://maps.gsi.go.jp/portal/sys/v4/symbols/104.png",
				"_iconSize": [
					16,
					16
				],
				"_iconAnchor": [
					8,
					8
				]
			}
		},
		{
			"type": "Feature",
			"geometry": {
				"type": "Point",
				"coordinates": [
					 133.9596,
					 35.2022
				]
			},
			"properties": {
				"name": "JA/OY-004(泉山)",
				"読み":"Izumigasen",
				"標高":"1209m 8pt ",
				"GL":"PM65xe",
				"市郡区":"G#31016E ",
				"登山日":"",
				"メモ":"",
				"_markerType": "Icon",
				"_iconUrl": "https://maps.gsi.go.jp/portal/sys/v4/symbols/104.png",
				"_iconSize": [
					16,
					16
				],
				"_iconAnchor": [
					8,
					8
				]
			}
		},
		{
			"type": "Feature",
			"geometry": {
				"type": "Point",
				"coordinates": [
					 133.8203,
					 35.2054
				]
			},
			"properties": {
				"name": "JA/OY-005(富栄山)",
				"読み":"Fueizan",
				"標高":"1205m 8pt ",
				"GL":"PM65ve",
				"市郡区":"G#31016E ",
				"登山日":"",
				"メモ":"",
				"_markerType": "Icon",
				"_iconUrl": "https://maps.gsi.go.jp/portal/sys/v4/symbols/104.png",
				"_iconSize": [
					16,
					16
				],
				"_iconAnchor": [
					8,
					8
				]
			}
		},
		{
			"type": "Feature",
			"geometry": {
				"type": "Point",
				"coordinates": [
					 133.6636,
					 35.325
				]
			},
			"properties": {
				"name": "JA/OY-006(蒜山(上蒜山))",
				"読み":"Hiruzen/Kamihiruzen",
				"標高":"1202m 8pt ",
				"GL":"PM65th",
				"市郡区":"C#3116 / C#3402 ",
				"登山日":"",
				"メモ":"",
				"_markerType": "Icon",
				"_iconUrl": "https://maps.gsi.go.jp/portal/sys/v4/symbols/104.png",
				"_iconSize": [
					16,
					16
				],
				"_iconAnchor": [
					8,
					8
				]
			}
		},
		{
			"type": "Feature",
			"geometry": {
				"type": "Point",
				"coordinates": [
					 133.4012,
					 35.1524
				]
			},
			"properties": {
				"name": "JA/OY-007(花見山)",
				"読み":"Hanamiyama",
				"標高":"1188m 8pt ",
				"GL":"PM65qd",
				"市郡区":"C#3112 / G#34005B ",
				"登山日":"",
				"メモ":"",
				"_markerType": "Icon",
				"_iconUrl": "https://maps.gsi.go.jp/portal/sys/v4/symbols/104.png",
				"_iconSize": [
					16,
					16
				],
				"_iconAnchor": [
					8,
					8
				]
			}
		},
		{
			"type": "Feature",
			"geometry": {
				"type": "Point",
				"coordinates": [
					 133.6156,
					 35.3409
				]
			},
			"properties": {
				"name": "JA/OY-008(大ナメラ)",
				"読み":"Oonamera",
				"標高":"1164m 8pt ",
				"GL":"PM65ti",
				"市郡区":"C#3116 / C#3402 ",
				"登山日":"",
				"メモ":"",
				"_markerType": "Icon",
				"_iconUrl": "https://maps.gsi.go.jp/portal/sys/v4/symbols/104.png",
				"_iconSize": [
					16,
					16
				],
				"_iconAnchor": [
					8,
					8
				]
			}
		},
		{
			"type": "Feature",
			"geometry": {
				"type": "Point",
				"coordinates": [
					 133.5578,
					 35.2459
				]
			},
			"properties": {
				"name": "JA/OY-009(金ヶ谷山)",
				"読み":"Kanagayasen",
				"標高":"1164m 8pt ",
				"GL":"PM65sf",
				"市郡区":"G#31017D / G#34005A ",
				"登山日":"",
				"メモ":"",
				"_markerType": "Icon",
				"_iconUrl": "https://maps.gsi.go.jp/portal/sys/v4/symbols/104.png",
				"_iconSize": [
					16,
					16
				],
				"_iconAnchor": [
					8,
					8
				]
			}
		},
		{
			"type": "Feature",
			"geometry": {
				"type": "Point",
				"coordinates": [
					 133.4962,
					 35.121
				]
			},
			"properties": {
				"name": "JA/OY-010(雄山)",
				"読み":"Onzen",
				"標高":"1152m 8pt ",
				"GL":"PM65rc",
				"市郡区":"C#3112 ",
				"登山日":"",
				"メモ":"",
				"_markerType": "Icon",
				"_iconUrl": "https://maps.gsi.go.jp/portal/sys/v4/symbols/104.png",
				"_iconSize": [
					16,
					16
				],
				"_iconAnchor": [
					8,
					8
				]
			}
		},
		{
			"type": "Feature",
			"geometry": {
				"type": "Point",
				"coordinates": [
					 133.8525,
					 35.2635
				]
			},
			"properties": {
				"name": "JA/OY-011(田代山)",
				"読み":"Tashiroyama",
				"標高":"1120m 8pt ",
				"GL":"PM65wg",
				"市郡区":"G#31016E / G#34004I ",
				"登山日":"",
				"メモ":"",
				"_markerType": "Icon",
				"_iconUrl": "https://maps.gsi.go.jp/portal/sys/v4/symbols/104.png",
				"_iconSize": [
					16,
					16
				],
				"_iconAnchor": [
					8,
					8
				]
			}
		},
		{
			"type": "Feature",
			"geometry": {
				"type": "Point",
				"coordinates": [
					 133.815,
					 35.2518
				]
			},
			"properties": {
				"name": "JA/OY-012(津黒山)",
				"読み":"Tsugurosen",
				"標高":"1118m 8pt ",
				"GL":"PM65vg",
				"市郡区":"C#3116 ",
				"登山日":"",
				"メモ":"",
				"_markerType": "Icon",
				"_iconUrl": "https://maps.gsi.go.jp/portal/sys/v4/symbols/104.png",
				"_iconSize": [
					16,
					16
				],
				"_iconAnchor": [
					8,
					8
				]
			}
		},
		{
			"type": "Feature",
			"geometry": {
				"type": "Point",
				"coordinates": [
					 134.1254,
					 35.162
				]
			},
			"properties": {
				"name": "JA/OY-013(広戸仙（爪ヶ城山))",
				"読み":"Hirotosen/Tsumegajyoyama",
				"標高":"1115m 8pt ",
				"GL":"PM75bd",
				"市郡区":"C#3103 ",
				"登山日":"",
				"メモ":"",
				"_markerType": "Icon",
				"_iconUrl": "https://maps.gsi.go.jp/portal/sys/v4/symbols/104.png",
				"_iconSize": [
					16,
					16
				],
				"_iconAnchor": [
					8,
					8
				]
			}
		},
		{
			"type": "Feature",
			"geometry": {
				"type": "Point",
				"coordinates": [
					 134.0647,
					 35.3016
				]
			},
			"properties": {
				"name": "JA/OY-014(三原山)",
				"読み":"Miharayama",
				"標高":"1115m 8pt ",
				"GL":"PM75ah",
				"市郡区":"C#3103 / C#3401 ",
				"登山日":"",
				"メモ":"",
				"_markerType": "Icon",
				"_iconUrl": "https://maps.gsi.go.jp/portal/sys/v4/symbols/104.png",
				"_iconSize": [
					16,
					16
				],
				"_iconAnchor": [
					8,
					8
				]
			}
		},
		{
			"type": "Feature",
			"geometry": {
				"type": "Point",
				"coordinates": [
					 133.4128,
					 35.1209
				]
			},
			"properties": {
				"name": "JA/OY-015(明石山)",
				"読み":"Akaishiyama",
				"標高":"1111m 8pt ",
				"GL":"PM65qc",
				"市郡区":"C#3112 / G#34005B ",
				"登山日":"",
				"メモ":"",
				"_markerType": "Icon",
				"_iconUrl": "https://maps.gsi.go.jp/portal/sys/v4/symbols/104.png",
				"_iconSize": [
					16,
					16
				],
				"_iconAnchor": [
					8,
					8
				]
			}
		},
		{
			"type": "Feature",
			"geometry": {
				"type": "Point",
				"coordinates": [
					 133.5994,
					 35.223
				]
			},
			"properties": {
				"name": "JA/OY-016(耳スエ山)",
				"読み":"Mimisueyama",
				"標高":"1103m 8pt ",
				"GL":"PM65tf",
				"市郡区":"C#3116 / G#31017D ",
				"登山日":"",
				"メモ":"",
				"_markerType": "Icon",
				"_iconUrl": "https://maps.gsi.go.jp/portal/sys/v4/symbols/104.png",
				"_iconSize": [
					16,
					16
				],
				"_iconAnchor": [
					8,
					8
				]
			}
		},
		{
			"type": "Feature",
			"geometry": {
				"type": "Point",
				"coordinates": [
					 133.7007,
					 35.3251
				]
			},
			"properties": {
				"name": "JA/OY-017(下蒜山)",
				"読み":"Shimohiruzen",
				"標高":"1100m 8pt ",
				"GL":"PM65uh",
				"市郡区":"C#3116 / C#3402 ",
				"登山日":"",
				"メモ":"",
				"_markerType": "Icon",
				"_iconUrl": "https://maps.gsi.go.jp/portal/sys/v4/symbols/104.png",
				"_iconSize": [
					16,
					16
				],
				"_iconAnchor": [
					8,
					8
				]
			}
		},
		{
			"type": "Feature",
			"geometry": {
				"type": "Point",
				"coordinates": [
					 133.8635,
					 35.2771
				]
			},
			"properties": {
				"name": "JA/OY-018(きたけ峰)",
				"読み":"Kitakemine",
				"標高":"1099m 6pt ",
				"GL":"PM65wg",
				"市郡区":"G#31016E / G#34004I ",
				"登山日":"",
				"メモ":"",
				"_markerType": "Icon",
				"_iconUrl": "https://maps.gsi.go.jp/portal/sys/v4/symbols/103.png",
				"_iconSize": [
					16,
					16
				],
				"_iconAnchor": [
					8,
					8
				]
			}
		},
		{
			"type": "Feature",
			"geometry": {
				"type": "Point",
				"coordinates": [
					 133.4476,
					 35.1705
				]
			},
			"properties": {
				"name": "JA/OY-019(点1080)",
				"読み":"P1080",
				"標高":"1080m 6pt ",
				"GL":"PM65re",
				"市郡区":"C#3112 / G#34005C ",
				"登山日":"",
				"メモ":"",
				"_markerType": "Icon",
				"_iconUrl": "https://maps.gsi.go.jp/portal/sys/v4/symbols/103.png",
				"_iconSize": [
					16,
					16
				],
				"_iconAnchor": [
					8,
					8
				]
			}
		},
		{
			"type": "Feature",
			"geometry": {
				"type": "Point",
				"coordinates": [
					 133.4815,
					 35.18
				]
			},
			"properties": {
				"name": "JA/OY-020(二子山)",
				"読み":"Futagoyama",
				"標高":"1075m 6pt ",
				"GL":"PM65re",
				"市郡区":"C#3112 ",
				"登山日":"",
				"メモ":"",
				"_markerType": "Icon",
				"_iconUrl": "https://maps.gsi.go.jp/portal/sys/v4/symbols/103.png",
				"_iconSize": [
					16,
					16
				],
				"_iconAnchor": [
					8,
					8
				]
			}
		},
		{
			"type": "Feature",
			"geometry": {
				"type": "Point",
				"coordinates": [
					 133.7824,
					 35.1899
				]
			},
			"properties": {
				"name": "JA/OY-021(霰ヶ山)",
				"読み":"Araregasan",
				"標高":"1074m 6pt ",
				"GL":"PM65ve",
				"市郡区":"G#31016E ",
				"登山日":"",
				"メモ":"",
				"_markerType": "Icon",
				"_iconUrl": "https://maps.gsi.go.jp/portal/sys/v4/symbols/103.png",
				"_iconSize": [
					16,
					16
				],
				"_iconAnchor": [
					8,
					8
				]
			}
		},
		{
			"type": "Feature",
			"geometry": {
				"type": "Point",
				"coordinates": [
					 133.9073,
					 35.2554
				]
			},
			"properties": {
				"name": "JA/OY-022(湯岳)",
				"読み":"Yudake",
				"標高":"1058m 6pt ",
				"GL":"PM65wg",
				"市郡区":"G#31016E ",
				"登山日":"",
				"メモ":"",
				"_markerType": "Icon",
				"_iconUrl": "https://maps.gsi.go.jp/portal/sys/v4/symbols/103.png",
				"_iconSize": [
					16,
					16
				],
				"_iconAnchor": [
					8,
					8
				]
			}
		},
		{
			"type": "Feature",
			"geometry": {
				"type": "Point",
				"coordinates": [
					 134.2829,
					 35.198
				]
			},
			"properties": {
				"name": "JA/OY-023(大倉山)",
				"読み":"Ookurayama",
				"標高":"1055m 6pt ",
				"GL":"PM75de",
				"市郡区":"G#31001B / G#34006G ",
				"登山日":"",
				"メモ":"",
				"_markerType": "Icon",
				"_iconUrl": "https://maps.gsi.go.jp/portal/sys/v4/symbols/103.png",
				"_iconSize": [
					16,
					16
				],
				"_iconAnchor": [
					8,
					8
				]
			}
		},
		{
			"type": "Feature",
			"geometry": {
				"type": "Point",
				"coordinates": [
					 133.4654,
					 35.1372
				]
			},
			"properties": {
				"name": "JA/OY-024(点1042)",
				"読み":"P1042",
				"標高":"1042m 6pt ",
				"GL":"PM65rd",
				"市郡区":"C#3112 ",
				"登山日":"",
				"メモ":"",
				"_markerType": "Icon",
				"_iconUrl": "https://maps.gsi.go.jp/portal/sys/v4/symbols/103.png",
				"_iconSize": [
					16,
					16
				],
				"_iconAnchor": [
					8,
					8
				]
			}
		},
		{
			"type": "Feature",
			"geometry": {
				"type": "Point",
				"coordinates": [
					 133.7785,
					 35.2226
				]
			},
			"properties": {
				"name": "JA/OY-025(入道山)",
				"読み":"Nyudoyama",
				"標高":"1040m 6pt ",
				"GL":"PM65vf",
				"市郡区":"C#3116 / G#31016E ",
				"登山日":"",
				"メモ":"",
				"_markerType": "Icon",
				"_iconUrl": "https://maps.gsi.go.jp/portal/sys/v4/symbols/103.png",
				"_iconSize": [
					16,
					16
				],
				"_iconAnchor": [
					8,
					8
				]
			}
		},
		{
			"type": "Feature",
			"geometry": {
				"type": "Point",
				"coordinates": [
					 133.4671,
					 35.1751
				]
			},
			"properties": {
				"name": "JA/OY-026(下二子山)",
				"読み":"Shimofutagoyama",
				"標高":"1035m 6pt ",
				"GL":"PM65re",
				"市郡区":"C#3112 / G#34005C ",
				"登山日":"",
				"メモ":"",
				"_markerType": "Icon",
				"_iconUrl": "https://maps.gsi.go.jp/portal/sys/v4/symbols/103.png",
				"_iconSize": [
					16,
					16
				],
				"_iconAnchor": [
					8,
					8
				]
			}
		},
		{
			"type": "Feature",
			"geometry": {
				"type": "Point",
				"coordinates": [
					 133.4638,
					 35.0934
				]
			},
			"properties": {
				"name": "JA/OY-027(剣森山)",
				"読み":"Kenmoriyama",
				"標高":"1034m 6pt ",
				"GL":"PM65rc",
				"市郡区":"C#3112 ",
				"登山日":"",
				"メモ":"",
				"_markerType": "Icon",
				"_iconUrl": "https://maps.gsi.go.jp/portal/sys/v4/symbols/103.png",
				"_iconSize": [
					16,
					16
				],
				"_iconAnchor": [
					8,
					8
				]
			}
		},
		{
			"type": "Feature",
			"geometry": {
				"type": "Point",
				"coordinates": [
					 133.6774,
					 35.1421
				]
			},
			"properties": {
				"name": "JA/OY-028(星山)",
				"読み":"Hoshiyama",
				"標高":"1030m 6pt ",
				"GL":"PM65ud",
				"市郡区":"C#3116 ",
				"登山日":"",
				"メモ":"",
				"_markerType": "Icon",
				"_iconUrl": "https://maps.gsi.go.jp/portal/sys/v4/symbols/103.png",
				"_iconSize": [
					16,
					16
				],
				"_iconAnchor": [
					8,
					8
				]
			}
		},
		{
			"type": "Feature",
			"geometry": {
				"type": "Point",
				"coordinates": [
					 133.5387,
					 35.1514
				]
			},
			"properties": {
				"name": "JA/OY-029(大岩ヶ仙)",
				"読み":"Ooiwagasen",
				"標高":"1013m 6pt ",
				"GL":"PM65sd",
				"市郡区":"C#3112 / G#31017D ",
				"登山日":"",
				"メモ":"",
				"_markerType": "Icon",
				"_iconUrl": "https://maps.gsi.go.jp/portal/sys/v4/symbols/103.png",
				"_iconSize": [
					16,
					16
				],
				"_iconAnchor": [
					8,
					8
				]
			}
		},
		{
			"type": "Feature",
			"geometry": {
				"type": "Point",
				"coordinates": [
					 133.5689,
					 35.2777
				]
			},
			"properties": {
				"name": "JA/OY-030(三平山)",
				"読み":"Mihirayama",
				"標高":"1010m 6pt ",
				"GL":"PM65sg",
				"市郡区":"C#3116 / G#34005A ",
				"登山日":"",
				"メモ":"",
				"_markerType": "Icon",
				"_iconUrl": "https://maps.gsi.go.jp/portal/sys/v4/symbols/103.png",
				"_iconSize": [
					16,
					16
				],
				"_iconAnchor": [
					8,
					8
				]
			}
		},
		{
			"type": "Feature",
			"geometry": {
				"type": "Point",
				"coordinates": [
					 133.4137,
					 35.1845
				]
			},
			"properties": {
				"name": "JA/OY-031(三日月山)",
				"読み":"Mikazukiyama",
				"標高":"993m 6pt ",
				"GL":"PM65qe",
				"市郡区":"C#3112 / G#34005C ",
				"登山日":"",
				"メモ":"",
				"_markerType": "Icon",
				"_iconUrl": "https://maps.gsi.go.jp/portal/sys/v4/symbols/103.png",
				"_iconSize": [
					16,
					16
				],
				"_iconAnchor": [
					8,
					8
				]
			}
		},
		{
			"type": "Feature",
			"geometry": {
				"type": "Point",
				"coordinates": [
					 133.5391,
					 35.0806
				]
			},
			"properties": {
				"name": "JA/OY-032(大佐山)",
				"読み":"Oosayama",
				"標高":"989m 6pt ",
				"GL":"PM65sb",
				"市郡区":"C#3112 ",
				"登山日":"",
				"メモ":"",
				"_markerType": "Icon",
				"_iconUrl": "https://maps.gsi.go.jp/portal/sys/v4/symbols/103.png",
				"_iconSize": [
					16,
					16
				],
				"_iconAnchor": [
					8,
					8
				]
			}
		},
		{
			"type": "Feature",
			"geometry": {
				"type": "Point",
				"coordinates": [
					 133.4218,
					 35.0726
				]
			},
			"properties": {
				"name": "JA/OY-033(天銀山)",
				"読み":"Tenginyama",
				"標高":"980m 6pt ",
				"GL":"PM65rb",
				"市郡区":"C#3112 ",
				"登山日":"",
				"メモ":"",
				"_markerType": "Icon",
				"_iconUrl": "https://maps.gsi.go.jp/portal/sys/v4/symbols/103.png",
				"_iconSize": [
					16,
					16
				],
				"_iconAnchor": [
					8,
					8
				]
			}
		},
		{
			"type": "Feature",
			"geometry": {
				"type": "Point",
				"coordinates": [
					 133.6122,
					 35.1954
				]
			},
			"properties": {
				"name": "JA/OY-034(笹ヶ山)",
				"読み":"Sasagayama",
				"標高":"976m 6pt ",
				"GL":"PM65te",
				"市郡区":"C#3116 ",
				"登山日":"",
				"メモ":"",
				"_markerType": "Icon",
				"_iconUrl": "https://maps.gsi.go.jp/portal/sys/v4/symbols/103.png",
				"_iconSize": [
					16,
					16
				],
				"_iconAnchor": [
					8,
					8
				]
			}
		},
		{
			"type": "Feature",
			"geometry": {
				"type": "Point",
				"coordinates": [
					 133.3989,
					 35.0667
				]
			},
			"properties": {
				"name": "JA/OY-035(新井山(三角点))",
				"読み":"Niiyama",
				"標高":"949m 6pt ",
				"GL":"PM65qb",
				"市郡区":"C#3112 ",
				"登山日":"",
				"メモ":"",
				"_markerType": "Icon",
				"_iconUrl": "https://maps.gsi.go.jp/portal/sys/v4/symbols/103.png",
				"_iconSize": [
					16,
					16
				],
				"_iconAnchor": [
					8,
					8
				]
			}
		},
		{
			"type": "Feature",
			"geometry": {
				"type": "Point",
				"coordinates": [
					 133.5906,
					 35.1383
				]
			},
			"properties": {
				"name": "JA/OY-036(三丈山)",
				"読み":"Sanjyosan",
				"標高":"929m 6pt ",
				"GL":"PM65td",
				"市郡区":"C#3116 / C#3112 ",
				"登山日":"",
				"メモ":"",
				"_markerType": "Icon",
				"_iconUrl": "https://maps.gsi.go.jp/portal/sys/v4/symbols/103.png",
				"_iconSize": [
					16,
					16
				],
				"_iconAnchor": [
					8,
					8
				]
			}
		},
		{
			"type": "Feature",
			"geometry": {
				"type": "Point",
				"coordinates": [
					 133.4433,
					 35.0603
				]
			},
			"properties": {
				"name": "JA/OY-037(点924)",
				"読み":"P924",
				"標高":"924m 6pt ",
				"GL":"PM65rb",
				"市郡区":"C#3112 ",
				"登山日":"",
				"メモ":"",
				"_markerType": "Icon",
				"_iconUrl": "https://maps.gsi.go.jp/portal/sys/v4/symbols/103.png",
				"_iconSize": [
					16,
					16
				],
				"_iconAnchor": [
					8,
					8
				]
			}
		},
		{
			"type": "Feature",
			"geometry": {
				"type": "Point",
				"coordinates": [
					 134.224,
					 35.1775
				]
			},
			"properties": {
				"name": "JA/OY-038(馬桑(三角点))",
				"読み":"Maguwa",
				"標高":"909m 6pt ",
				"GL":"PM75ce",
				"市郡区":"G#31007B / C#3117 ",
				"登山日":"",
				"メモ":"",
				"_markerType": "Icon",
				"_iconUrl": "https://maps.gsi.go.jp/portal/sys/v4/symbols/103.png",
				"_iconSize": [
					16,
					16
				],
				"_iconAnchor": [
					8,
					8
				]
			}
		},
		{
			"type": "Feature",
			"geometry": {
				"type": "Point",
				"coordinates": [
					 133.7441,
					 35.1389
				]
			},
			"properties": {
				"name": "JA/OY-039(三坂山)",
				"読み":"Misakayama",
				"標高":"903m 6pt ",
				"GL":"PM65ud",
				"市郡区":"C#3116 ",
				"登山日":"",
				"メモ":"",
				"_markerType": "Icon",
				"_iconUrl": "https://maps.gsi.go.jp/portal/sys/v4/symbols/103.png",
				"_iconSize": [
					16,
					16
				],
				"_iconAnchor": [
					8,
					8
				]
			}
		},
		{
			"type": "Feature",
			"geometry": {
				"type": "Point",
				"coordinates": [
					 133.6445,
					 35.1986
				]
			},
			"properties": {
				"name": "JA/OY-040(点862)",
				"読み":"P862",
				"標高":"862m 6pt ",
				"GL":"PM65te",
				"市郡区":"C#3116 ",
				"登山日":"",
				"メモ":"",
				"_markerType": "Icon",
				"_iconUrl": "https://maps.gsi.go.jp/portal/sys/v4/symbols/103.png",
				"_iconSize": [
					16,
					16
				],
				"_iconAnchor": [
					8,
					8
				]
			}
		},
		{
			"type": "Feature",
			"geometry": {
				"type": "Point",
				"coordinates": [
					 133.5231,
					 35.143
				]
			},
			"properties": {
				"name": "JA/OY-041(西ノ尾(三角点))",
				"読み":"Nishinoo",
				"標高":"856m 6pt ",
				"GL":"PM65sd",
				"市郡区":"C#3112 ",
				"登山日":"",
				"メモ":"",
				"_markerType": "Icon",
				"_iconUrl": "https://maps.gsi.go.jp/portal/sys/v4/symbols/103.png",
				"_iconSize": [
					16,
					16
				],
				"_iconAnchor": [
					8,
					8
				]
			}
		},
		{
			"type": "Feature",
			"geometry": {
				"type": "Point",
				"coordinates": [
					 133.9983,
					 35.202
				]
			},
			"properties": {
				"name": "JA/OY-042(荒畝(三角点))",
				"読み":"Araune",
				"標高":"853m 6pt ",
				"GL":"PM65xe",
				"市郡区":"C#3103 / G#31016E ",
				"登山日":"",
				"メモ":"",
				"_markerType": "Icon",
				"_iconUrl": "https://maps.gsi.go.jp/portal/sys/v4/symbols/103.png",
				"_iconSize": [
					16,
					16
				],
				"_iconAnchor": [
					8,
					8
				]
			}
		},
		{
			"type": "Feature",
			"geometry": {
				"type": "Point",
				"coordinates": [
					 134.0507,
					 35.146
				]
			},
			"properties": {
				"name": "JA/OY-043(天狗寺山)",
				"読み":"Tengujiyama",
				"標高":"832m 4pt ",
				"GL":"PM75ad",
				"市郡区":"C#3103 ",
				"登山日":"",
				"メモ":"",
				"_markerType": "Icon",
				"_iconUrl": "https://maps.gsi.go.jp/portal/sys/v4/symbols/828.png",
				"_iconSize": [
					16,
					16
				],
				"_iconAnchor": [
					8,
					8
				]
			}
		},
		{
			"type": "Feature",
			"geometry": {
				"type": "Point",
				"coordinates": [
					 133.513,
					 35.0645
				]
			},
			"properties": {
				"name": "JA/OY-044(菅生(三角点))",
				"読み":"Sugo",
				"標高":"821m 4pt ",
				"GL":"PM65sb",
				"市郡区":"C#3112 ",
				"登山日":"",
				"メモ":"",
				"_markerType": "Icon",
				"_iconUrl": "https://maps.gsi.go.jp/portal/sys/v4/symbols/828.png",
				"_iconSize": [
					16,
					16
				],
				"_iconAnchor": [
					8,
					8
				]
			}
		},
		{
			"type": "Feature",
			"geometry": {
				"type": "Point",
				"coordinates": [
					 133.3442,
					 35.0704
				]
			},
			"properties": {
				"name": "JA/OY-045(点810)",
				"読み":"P810",
				"標高":"810m 4pt ",
				"GL":"PM65qb",
				"市郡区":"C#3112 ",
				"登山日":"",
				"メモ":"",
				"_markerType": "Icon",
				"_iconUrl": "https://maps.gsi.go.jp/portal/sys/v4/symbols/828.png",
				"_iconSize": [
					16,
					16
				],
				"_iconAnchor": [
					8,
					8
				]
			}
		},
		{
			"type": "Feature",
			"geometry": {
				"type": "Point",
				"coordinates": [
					 134.103,
					 35.1396
				]
			},
			"properties": {
				"name": "JA/OY-046(山形仙)",
				"読み":"Yamagatasen",
				"標高":"791m 4pt ",
				"GL":"PM75bd",
				"市郡区":"C#3103 ",
				"登山日":"",
				"メモ":"",
				"_markerType": "Icon",
				"_iconUrl": "https://maps.gsi.go.jp/portal/sys/v4/symbols/828.png",
				"_iconSize": [
					16,
					16
				],
				"_iconAnchor": [
					8,
					8
				]
			}
		},
		{
			"type": "Feature",
			"geometry": {
				"type": "Point",
				"coordinates": [
					 133.7629,
					 35.2786
				]
			},
			"properties": {
				"name": "JA/OY-047(中和(三角点))",
				"読み":"Chuuka",
				"標高":"785m 4pt ",
				"GL":"PM65vg",
				"市郡区":"C#3116 ",
				"登山日":"",
				"メモ":"",
				"_markerType": "Icon",
				"_iconUrl": "https://maps.gsi.go.jp/portal/sys/v4/symbols/828.png",
				"_iconSize": [
					16,
					16
				],
				"_iconAnchor": [
					8,
					8
				]
			}
		},
		{
			"type": "Feature",
			"geometry": {
				"type": "Point",
				"coordinates": [
					 133.4289,
					 34.8575
				]
			},
			"properties": {
				"name": "JA/OY-048(天神山)",
				"読み":"Tenjinyama",
				"標高":"777m 4pt ",
				"GL":"PM64ru",
				"市郡区":"C#3111 ",
				"登山日":"",
				"メモ":"",
				"_markerType": "Icon",
				"_iconUrl": "https://maps.gsi.go.jp/portal/sys/v4/symbols/828.png",
				"_iconSize": [
					16,
					16
				],
				"_iconAnchor": [
					8,
					8
				]
			}
		},
		{
			"type": "Feature",
			"geometry": {
				"type": "Point",
				"coordinates": [
					 133.3402,
					 35.106
				]
			},
			"properties": {
				"name": "JA/OY-049(高畑山)",
				"読み":"Takahatayama",
				"標高":"776m 4pt ",
				"GL":"PM65qc",
				"市郡区":"C#3112 / G#34005B ",
				"登山日":"",
				"メモ":"",
				"_markerType": "Icon",
				"_iconUrl": "https://maps.gsi.go.jp/portal/sys/v4/symbols/828.png",
				"_iconSize": [
					16,
					16
				],
				"_iconAnchor": [
					8,
					8
				]
			}
		},
		{
			"type": "Feature",
			"geometry": {
				"type": "Point",
				"coordinates": [
					 133.4125,
					 34.8746
				]
			},
			"properties": {
				"name": "JA/OY-050(小吹山)",
				"読み":"Kobukiyama",
				"標高":"773m 4pt ",
				"GL":"PM64qu",
				"市郡区":"C#3111 ",
				"登山日":"",
				"メモ":"",
				"_markerType": "Icon",
				"_iconUrl": "https://maps.gsi.go.jp/portal/sys/v4/symbols/828.png",
				"_iconSize": [
					16,
					16
				],
				"_iconAnchor": [
					8,
					8
				]
			}
		},
		{
			"type": "Feature",
			"geometry": {
				"type": "Point",
				"coordinates": [
					 133.6948,
					 35.2615
				]
			},
			"properties": {
				"name": "JA/OY-051(粟住(三角点))",
				"読み":"Awazumi",
				"標高":"766m 4pt ",
				"GL":"PM65ug",
				"市郡区":"C#3116 ",
				"登山日":"",
				"メモ":"",
				"_markerType": "Icon",
				"_iconUrl": "https://maps.gsi.go.jp/portal/sys/v4/symbols/828.png",
				"_iconSize": [
					16,
					16
				],
				"_iconAnchor": [
					8,
					8
				]
			}
		},
		{
			"type": "Feature",
			"geometry": {
				"type": "Point",
				"coordinates": [
					 133.8379,
					 35.1383
				]
			},
			"properties": {
				"name": "JA/OY-052(天ガ山)",
				"読み":"Amagasen",
				"標高":"766m 4pt ",
				"GL":"PM65wd",
				"市郡区":"G#31016E ",
				"登山日":"",
				"メモ":"",
				"_markerType": "Icon",
				"_iconUrl": "https://maps.gsi.go.jp/portal/sys/v4/symbols/828.png",
				"_iconSize": [
					16,
					16
				],
				"_iconAnchor": [
					8,
					8
				]
			}
		},
		{
			"type": "Feature",
			"geometry": {
				"type": "Point",
				"coordinates": [
					 133.3725,
					 34.933
				]
			},
			"properties": {
				"name": "JA/OY-053(荒戸山)",
				"読み":"Aratoyama",
				"標高":"762m 4pt ",
				"GL":"PM64qw",
				"市郡区":"C#3112 ",
				"登山日":"",
				"メモ":"",
				"_markerType": "Icon",
				"_iconUrl": "https://maps.gsi.go.jp/portal/sys/v4/symbols/828.png",
				"_iconSize": [
					16,
					16
				],
				"_iconAnchor": [
					8,
					8
				]
			}
		},
		{
			"type": "Feature",
			"geometry": {
				"type": "Point",
				"coordinates": [
					 133.3355,
					 34.8448
				]
			},
			"properties": {
				"name": "JA/OY-054(猪辻山)",
				"読み":"Inotsujiyama",
				"標高":"731m 4pt ",
				"GL":"PM64qu",
				"市郡区":"C#3111 / G#35007E ",
				"登山日":"",
				"メモ":"",
				"_markerType": "Icon",
				"_iconUrl": "https://maps.gsi.go.jp/portal/sys/v4/symbols/828.png",
				"_iconSize": [
					16,
					16
				],
				"_iconAnchor": [
					8,
					8
				]
			}
		},
		{
			"type": "Feature",
			"geometry": {
				"type": "Point",
				"coordinates": [
					 133.5002,
					 34.8765
				]
			},
			"properties": {
				"name": "JA/OY-055(吹屋(三角点))",
				"読み":"Fukiya",
				"標高":"724m 4pt ",
				"GL":"PM64sv",
				"市郡区":"C#3112 / C#3111 ",
				"登山日":"",
				"メモ":"",
				"_markerType": "Icon",
				"_iconUrl": "https://maps.gsi.go.jp/portal/sys/v4/symbols/828.png",
				"_iconSize": [
					16,
					16
				],
				"_iconAnchor": [
					8,
					8
				]
			}
		},
		{
			"type": "Feature",
			"geometry": {
				"type": "Point",
				"coordinates": [
					 133.6993,
					 35.1932
				]
			},
			"properties": {
				"name": "JA/OY-056(玉田山(三角点))",
				"読み":"Tamadayama",
				"標高":"724m 4pt ",
				"GL":"PM65ue",
				"市郡区":"C#3116 ",
				"登山日":"",
				"メモ":"",
				"_markerType": "Icon",
				"_iconUrl": "https://maps.gsi.go.jp/portal/sys/v4/symbols/828.png",
				"_iconSize": [
					16,
					16
				],
				"_iconAnchor": [
					8,
					8
				]
			}
		},
		{
			"type": "Feature",
			"geometry": {
				"type": "Point",
				"coordinates": [
					 134.2965,
					 35.1576
				]
			},
			"properties": {
				"name": "JA/OY-057(ツズラ山)",
				"読み":"Tsuzurayama",
				"標高":"724m 4pt ",
				"GL":"PM75dd",
				"市郡区":"C#3117 / G#31001B ",
				"登山日":"",
				"メモ":"",
				"_markerType": "Icon",
				"_iconUrl": "https://maps.gsi.go.jp/portal/sys/v4/symbols/828.png",
				"_iconSize": [
					16,
					16
				],
				"_iconAnchor": [
					8,
					8
				]
			}
		},
		{
			"type": "Feature",
			"geometry": {
				"type": "Point",
				"coordinates": [
					 133.3535,
					 35.0842
				]
			},
			"properties": {
				"name": "JA/OY-058(点711)",
				"読み":"P711",
				"標高":"711m 4pt ",
				"GL":"PM65qc",
				"市郡区":"C#3112 ",
				"登山日":"",
				"メモ":"",
				"_markerType": "Icon",
				"_iconUrl": "https://maps.gsi.go.jp/portal/sys/v4/symbols/828.png",
				"_iconSize": [
					16,
					16
				],
				"_iconAnchor": [
					8,
					8
				]
			}
		},
		{
			"type": "Feature",
			"geometry": {
				"type": "Point",
				"coordinates": [
					 134.3534,
					 35.1648
				]
			},
			"properties": {
				"name": "JA/OY-059(大滝(三角点))",
				"読み":"Ootaki",
				"標高":"709m 4pt ",
				"GL":"PM75ed",
				"市郡区":"G#31001B / C#3117 ",
				"登山日":"",
				"メモ":"",
				"_markerType": "Icon",
				"_iconUrl": "https://maps.gsi.go.jp/portal/sys/v4/symbols/828.png",
				"_iconSize": [
					16,
					16
				],
				"_iconAnchor": [
					8,
					8
				]
			}
		},
		{
			"type": "Feature",
			"geometry": {
				"type": "Point",
				"coordinates": [
					 133.7068,
					 34.899
				]
			},
			"properties": {
				"name": "JA/OY-060(大平山)",
				"読み":"Oohirayama",
				"標高":"698m 4pt ",
				"GL":"PM64uv",
				"市郡区":"C#3111 / G#31020A ",
				"登山日":"",
				"メモ":"",
				"_markerType": "Icon",
				"_iconUrl": "https://maps.gsi.go.jp/portal/sys/v4/symbols/828.png",
				"_iconSize": [
					16,
					16
				],
				"_iconAnchor": [
					8,
					8
				]
			}
		},
		{
			"type": "Feature",
			"geometry": {
				"type": "Point",
				"coordinates": [
					 133.8947,
					 34.9765
				]
			},
			"properties": {
				"name": "JA/OY-061(二上山)",
				"読み":"Futakamisan",
				"標高":"689m 4pt ",
				"GL":"PM64wx",
				"市郡区":"G#31010F ",
				"登山日":"",
				"メモ":"",
				"_markerType": "Icon",
				"_iconUrl": "https://maps.gsi.go.jp/portal/sys/v4/symbols/828.png",
				"_iconSize": [
					16,
					16
				],
				"_iconAnchor": [
					8,
					8
				]
			}
		},
		{
			"type": "Feature",
			"geometry": {
				"type": "Point",
				"coordinates": [
					 133.5701,
					 34.9826
				]
			},
			"properties": {
				"name": "JA/OY-062(赤馬(三角点))",
				"読み":"Akouma",
				"標高":"688m 4pt ",
				"GL":"PM64sx",
				"市郡区":"C#3112 ",
				"登山日":"",
				"メモ":"",
				"_markerType": "Icon",
				"_iconUrl": "https://maps.gsi.go.jp/portal/sys/v4/symbols/828.png",
				"_iconSize": [
					16,
					16
				],
				"_iconAnchor": [
					8,
					8
				]
			}
		},
		{
			"type": "Feature",
			"geometry": {
				"type": "Point",
				"coordinates": [
					 133.8165,
					 35.1612
				]
			},
			"properties": {
				"name": "JA/OY-063(楠(三角点))",
				"読み":"Kusunoki",
				"標高":"688m 4pt ",
				"GL":"PM65vd",
				"市郡区":"G#31016E ",
				"登山日":"",
				"メモ":"",
				"_markerType": "Icon",
				"_iconUrl": "https://maps.gsi.go.jp/portal/sys/v4/symbols/828.png",
				"_iconSize": [
					16,
					16
				],
				"_iconAnchor": [
					8,
					8
				]
			}
		},
		{
			"type": "Feature",
			"geometry": {
				"type": "Point",
				"coordinates": [
					 133.6869,
					 35.2241
				]
			},
			"properties": {
				"name": "JA/OY-064(点683)",
				"読み":"P683",
				"標高":"683m 4pt ",
				"GL":"PM65uf",
				"市郡区":"C#3116 ",
				"登山日":"",
				"メモ":"",
				"_markerType": "Icon",
				"_iconUrl": "https://maps.gsi.go.jp/portal/sys/v4/symbols/828.png",
				"_iconSize": [
					16,
					16
				],
				"_iconAnchor": [
					8,
					8
				]
			}
		},
		{
			"type": "Feature",
			"geometry": {
				"type": "Point",
				"coordinates": [
					 134.0544,
					 35.2024
				]
			},
			"properties": {
				"name": "JA/OY-065(寺山)",
				"読み":"Terayama",
				"標高":"681m 4pt ",
				"GL":"PM75ae",
				"市郡区":"C#3103 ",
				"登山日":"",
				"メモ":"",
				"_markerType": "Icon",
				"_iconUrl": "https://maps.gsi.go.jp/portal/sys/v4/symbols/828.png",
				"_iconSize": [
					16,
					16
				],
				"_iconAnchor": [
					8,
					8
				]
			}
		},
		{
			"type": "Feature",
			"geometry": {
				"type": "Point",
				"coordinates": [
					 133.8329,
					 35.1012
				]
			},
			"properties": {
				"name": "JA/OY-066(高仙)",
				"読み":"Takazen",
				"標高":"664m 4pt ",
				"GL":"PM65vc",
				"市郡区":"C#3116 ",
				"登山日":"",
				"メモ":"",
				"_markerType": "Icon",
				"_iconUrl": "https://maps.gsi.go.jp/portal/sys/v4/symbols/828.png",
				"_iconSize": [
					16,
					16
				],
				"_iconAnchor": [
					8,
					8
				]
			}
		},
		{
			"type": "Feature",
			"geometry": {
				"type": "Point",
				"coordinates": [
					 133.4703,
					 34.8492
				]
			},
			"properties": {
				"name": "JA/OY-067(大山)",
				"読み":"Daisen",
				"標高":"663m 4pt ",
				"GL":"PM64ru",
				"市郡区":"C#3111 ",
				"登山日":"",
				"メモ":"",
				"_markerType": "Icon",
				"_iconUrl": "https://maps.gsi.go.jp/portal/sys/v4/symbols/828.png",
				"_iconSize": [
					16,
					16
				],
				"_iconAnchor": [
					8,
					8
				]
			}
		},
		{
			"type": "Feature",
			"geometry": {
				"type": "Point",
				"coordinates": [
					 133.3758,
					 34.8113
				]
			},
			"properties": {
				"name": "JA/OY-068(新殿(三角点))",
				"読み":"Niidono",
				"標高":"656m 4pt ",
				"GL":"PM64qt",
				"市郡区":"C#3111 / G#35007E ",
				"登山日":"",
				"メモ":"",
				"_markerType": "Icon",
				"_iconUrl": "https://maps.gsi.go.jp/portal/sys/v4/symbols/828.png",
				"_iconSize": [
					16,
					16
				],
				"_iconAnchor": [
					8,
					8
				]
			}
		},
		{
			"type": "Feature",
			"geometry": {
				"type": "Point",
				"coordinates": [
					 133.4879,
					 34.9965
				]
			},
			"properties": {
				"name": "JA/OY-069(黒髪山)",
				"読み":"Kurokamiyama",
				"標高":"648m 2pt ",
				"GL":"PM64rx",
				"市郡区":"C#3112 ",
				"登山日":"",
				"メモ":"",
				"_markerType": "Icon",
				"_iconUrl": "https://maps.gsi.go.jp/portal/sys/v4/symbols/102.png",
				"_iconSize": [
					16,
					16
				],
				"_iconAnchor": [
					8,
					8
				]
			}
		},
		{
			"type": "Feature",
			"geometry": {
				"type": "Point",
				"coordinates": [
					 133.6459,
					 35.0056
				]
			},
			"properties": {
				"name": "JA/OY-070(大野呂山)",
				"読み":"Oonoroyama",
				"標高":"646m 2pt ",
				"GL":"PM65ta",
				"市郡区":"C#3116 ",
				"登山日":"",
				"メモ":"",
				"_markerType": "Icon",
				"_iconUrl": "https://maps.gsi.go.jp/portal/sys/v4/symbols/102.png",
				"_iconSize": [
					16,
					16
				],
				"_iconAnchor": [
					8,
					8
				]
			}
		},
		{
			"type": "Feature",
			"geometry": {
				"type": "Point",
				"coordinates": [
					 133.48,
					 34.9218
				]
			},
			"properties": {
				"name": "JA/OY-072(大坊山)",
				"読み":"Daiboyama",
				"標高":"622m 2pt ",
				"GL":"PM64rw",
				"市郡区":"C#3112 ",
				"登山日":"",
				"メモ":"",
				"_markerType": "Icon",
				"_iconUrl": "https://maps.gsi.go.jp/portal/sys/v4/symbols/102.png",
				"_iconSize": [
					16,
					16
				],
				"_iconAnchor": [
					8,
					8
				]
			}
		},
		{
			"type": "Feature",
			"geometry": {
				"type": "Point",
				"coordinates": [
					 133.6929,
					 34.8246
				]
			},
			"properties": {
				"name": "JA/OY-073(大和山)",
				"読み":"Oowasan",
				"標高":"608m 2pt ",
				"GL":"PM64ut",
				"市郡区":"G#31020A ",
				"登山日":"",
				"メモ":"",
				"_markerType": "Icon",
				"_iconUrl": "https://maps.gsi.go.jp/portal/sys/v4/symbols/102.png",
				"_iconSize": [
					16,
					16
				],
				"_iconAnchor": [
					8,
					8
				]
			}
		},
		{
			"type": "Feature",
			"geometry": {
				"type": "Point",
				"coordinates": [
					 133.5201,
					 34.8312
				]
			},
			"properties": {
				"name": "JA/OY-074(陣山)",
				"読み":"Jinyama",
				"標高":"599m 2pt ",
				"GL":"PM64st",
				"市郡区":"C#3111 ",
				"登山日":"",
				"メモ":"",
				"_markerType": "Icon",
				"_iconUrl": "https://maps.gsi.go.jp/portal/sys/v4/symbols/102.png",
				"_iconSize": [
					16,
					16
				],
				"_iconAnchor": [
					8,
					8
				]
			}
		},
		{
			"type": "Feature",
			"geometry": {
				"type": "Point",
				"coordinates": [
					 133.598,
					 34.8867
				]
			},
			"properties": {
				"name": "JA/OY-075(秋葉山)",
				"読み":"Akihayama",
				"標高":"591m 2pt ",
				"GL":"PM64tv",
				"市郡区":"C#3111 ",
				"登山日":"",
				"メモ":"",
				"_markerType": "Icon",
				"_iconUrl": "https://maps.gsi.go.jp/portal/sys/v4/symbols/102.png",
				"_iconSize": [
					16,
					16
				],
				"_iconAnchor": [
					8,
					8
				]
			}
		},
		{
			"type": "Feature",
			"geometry": {
				"type": "Point",
				"coordinates": [
					 133.5853,
					 35.042
				]
			},
			"properties": {
				"name": "JA/OY-076(三ツ栗(三角点))",
				"読み":"Mitsukuri",
				"標高":"586m 2pt ",
				"GL":"PM65tb",
				"市郡区":"C#3112 / C#3116 ",
				"登山日":"",
				"メモ":"",
				"_markerType": "Icon",
				"_iconUrl": "https://maps.gsi.go.jp/portal/sys/v4/symbols/102.png",
				"_iconSize": [
					16,
					16
				],
				"_iconAnchor": [
					8,
					8
				]
			}
		},
		{
			"type": "Feature",
			"geometry": {
				"type": "Point",
				"coordinates": [
					 133.6288,
					 34.7633
				]
			},
			"properties": {
				"name": "JA/OY-077(鶏足山)",
				"読み":"Keisokusan",
				"標高":"586m 2pt ",
				"GL":"PM64ts",
				"市郡区":"C#3111 ",
				"登山日":"",
				"メモ":"",
				"_markerType": "Icon",
				"_iconUrl": "https://maps.gsi.go.jp/portal/sys/v4/symbols/102.png",
				"_iconSize": [
					16,
					16
				],
				"_iconAnchor": [
					8,
					8
				]
			}
		},
		{
			"type": "Feature",
			"geometry": {
				"type": "Point",
				"coordinates": [
					 134.2682,
					 35.1064
				]
			},
			"properties": {
				"name": "JA/OY-078(滝山)",
				"読み":"Takiyama",
				"標高":"584m 2pt ",
				"GL":"PM75dc",
				"市郡区":"C#3117 ",
				"登山日":"",
				"メモ":"",
				"_markerType": "Icon",
				"_iconUrl": "https://maps.gsi.go.jp/portal/sys/v4/symbols/102.png",
				"_iconSize": [
					16,
					16
				],
				"_iconAnchor": [
					8,
					8
				]
			}
		},
		{
			"type": "Feature",
			"geometry": {
				"type": "Point",
				"coordinates": [
					 133.8455,
					 34.9036
				]
			},
			"properties": {
				"name": "JA/OY-079(本宮山)",
				"読み":"Honguzan",
				"標高":"583m 2pt ",
				"GL":"PM64wv",
				"市郡区":"G#31020A ",
				"登山日":"",
				"メモ":"",
				"_markerType": "Icon",
				"_iconUrl": "https://maps.gsi.go.jp/portal/sys/v4/symbols/102.png",
				"_iconSize": [
					16,
					16
				],
				"_iconAnchor": [
					8,
					8
				]
			}
		},
		{
			"type": "Feature",
			"geometry": {
				"type": "Point",
				"coordinates": [
					 134.3123,
					 35.1163
				]
			},
			"properties": {
				"name": "JA/OY-080(星祭山)",
				"読み":"Hoshimatsuriyama",
				"標高":"580m 2pt ",
				"GL":"PM75dc",
				"市郡区":"C#3117 ",
				"登山日":"",
				"メモ":"",
				"_markerType": "Icon",
				"_iconUrl": "https://maps.gsi.go.jp/portal/sys/v4/symbols/102.png",
				"_iconSize": [
					16,
					16
				],
				"_iconAnchor": [
					8,
					8
				]
			}
		},
		{
			"type": "Feature",
			"geometry": {
				"type": "Point",
				"coordinates": [
					 133.6785,
					 35.0203
				]
			},
			"properties": {
				"name": "JA/OY-081(高千里山)",
				"読み":"Kosenriyama",
				"標高":"570m 2pt ",
				"GL":"PM65ua",
				"市郡区":"C#3116 ",
				"登山日":"",
				"メモ":"",
				"_markerType": "Icon",
				"_iconUrl": "https://maps.gsi.go.jp/portal/sys/v4/symbols/102.png",
				"_iconSize": [
					16,
					16
				],
				"_iconAnchor": [
					8,
					8
				]
			}
		},
		{
			"type": "Feature",
			"geometry": {
				"type": "Point",
				"coordinates": [
					 133.3061,
					 34.8889
				]
			},
			"properties": {
				"name": "JA/OY-082(横呂(三角点))",
				"読み":"Yokoro",
				"標高":"569m 2pt ",
				"GL":"PM64pv",
				"市郡区":"C#3112 ",
				"登山日":"",
				"メモ":"",
				"_markerType": "Icon",
				"_iconUrl": "https://maps.gsi.go.jp/portal/sys/v4/symbols/102.png",
				"_iconSize": [
					16,
					16
				],
				"_iconAnchor": [
					8,
					8
				]
			}
		},
		{
			"type": "Feature",
			"geometry": {
				"type": "Point",
				"coordinates": [
					 133.8809,
					 34.9455
				]
			},
			"properties": {
				"name": "JA/OY-084(角石畝(三角点))",
				"読み":"Tuishise",
				"標高":"556m 2pt ",
				"GL":"PM64ww",
				"市郡区":"C#310101 / G#31010F ",
				"登山日":"",
				"メモ":"",
				"_markerType": "Icon",
				"_iconUrl": "https://maps.gsi.go.jp/portal/sys/v4/symbols/102.png",
				"_iconSize": [
					16,
					16
				],
				"_iconAnchor": [
					8,
					8
				]
			}
		},
		{
			"type": "Feature",
			"geometry": {
				"type": "Point",
				"coordinates": [
					 133.5199,
					 34.7601
				]
			},
			"properties": {
				"name": "JA/OY-085(高丸山)",
				"読み":"Takamaruyama",
				"標高":"541m 2pt ",
				"GL":"PM64ss",
				"市郡区":"C#3111 ",
				"登山日":"",
				"メモ":"",
				"_markerType": "Icon",
				"_iconUrl": "https://maps.gsi.go.jp/portal/sys/v4/symbols/102.png",
				"_iconSize": [
					16,
					16
				],
				"_iconAnchor": [
					8,
					8
				]
			}
		},
		{
			"type": "Feature",
			"geometry": {
				"type": "Point",
				"coordinates": [
					 134.2522,
					 34.9232
				]
			},
			"properties": {
				"name": "JA/OY-086(八塔寺山)",
				"読み":"Hattoujisan",
				"標高":"538m 2pt ",
				"GL":"PM74dw",
				"市郡区":"C#3113 ",
				"登山日":"",
				"メモ":"",
				"_markerType": "Icon",
				"_iconUrl": "https://maps.gsi.go.jp/portal/sys/v4/symbols/102.png",
				"_iconSize": [
					16,
					16
				],
				"_iconAnchor": [
					8,
					8
				]
			}
		},
		{
			"type": "Feature",
			"geometry": {
				"type": "Point",
				"coordinates": [
					 133.5174,
					 35.0181
				]
			},
			"properties": {
				"name": "JA/OY-087(点537)",
				"読み":"P537",
				"標高":"537m 2pt ",
				"GL":"PM65sa",
				"市郡区":"C#3112 ",
				"登山日":"",
				"メモ":"",
				"_markerType": "Icon",
				"_iconUrl": "https://maps.gsi.go.jp/portal/sys/v4/symbols/102.png",
				"_iconSize": [
					16,
					16
				],
				"_iconAnchor": [
					8,
					8
				]
			}
		},
		{
			"type": "Feature",
			"geometry": {
				"type": "Point",
				"coordinates": [
					 133.9257,
					 34.9577
				]
			},
			"properties": {
				"name": "JA/OY-088(高坊山)",
				"読み":"Takanbouyama",
				"標高":"527m 2pt ",
				"GL":"PM64xw",
				"市郡区":"G#31010D / G#31010F ",
				"登山日":"",
				"メモ":"",
				"_markerType": "Icon",
				"_iconUrl": "https://maps.gsi.go.jp/portal/sys/v4/symbols/102.png",
				"_iconSize": [
					16,
					16
				],
				"_iconAnchor": [
					8,
					8
				]
			}
		},
		{
			"type": "Feature",
			"geometry": {
				"type": "Point",
				"coordinates": [
					 133.5539,
					 34.9097
				]
			},
			"properties": {
				"name": "JA/OY-089(御山(三角点))",
				"読み":"Miyama",
				"標高":"526m 2pt ",
				"GL":"PM64sv",
				"市郡区":"C#3112 ",
				"登山日":"",
				"メモ":"",
				"_markerType": "Icon",
				"_iconUrl": "https://maps.gsi.go.jp/portal/sys/v4/symbols/102.png",
				"_iconSize": [
					16,
					16
				],
				"_iconAnchor": [
					8,
					8
				]
			}
		},
		{
			"type": "Feature",
			"geometry": {
				"type": "Point",
				"coordinates": [
					 134.1334,
					 34.8897
				]
			},
			"properties": {
				"name": "JA/OY-090(妙見山)",
				"読み":"Myokensan",
				"標高":"519m 2pt ",
				"GL":"PM74bv",
				"市郡区":"C#3117 / G#31019B ",
				"登山日":"",
				"メモ":"",
				"_markerType": "Icon",
				"_iconUrl": "https://maps.gsi.go.jp/portal/sys/v4/symbols/102.png",
				"_iconSize": [
					16,
					16
				],
				"_iconAnchor": [
					8,
					8
				]
			}
		},
		{
			"type": "Feature",
			"geometry": {
				"type": "Point",
				"coordinates": [
					 133.6145,
					 34.8384
				]
			},
			"properties": {
				"name": "JA/OY-091(木野山)",
				"読み":"Kinoyama",
				"標高":"518m 2pt ",
				"GL":"PM64tu",
				"市郡区":"C#3111 ",
				"登山日":"",
				"メモ":"",
				"_markerType": "Icon",
				"_iconUrl": "https://maps.gsi.go.jp/portal/sys/v4/symbols/102.png",
				"_iconSize": [
					16,
					16
				],
				"_iconAnchor": [
					8,
					8
				]
			}
		},
		{
			"type": "Feature",
			"geometry": {
				"type": "Point",
				"coordinates": [
					 134.0246,
					 34.9518
				]
			},
			"properties": {
				"name": "JA/OY-092(高ノ峰)",
				"読み":"Kounomine",
				"標高":"517m 2pt ",
				"GL":"PM74aw",
				"市郡区":"G#31010F / C#3115 ",
				"登山日":"",
				"メモ":"",
				"_markerType": "Icon",
				"_iconUrl": "https://maps.gsi.go.jp/portal/sys/v4/symbols/102.png",
				"_iconSize": [
					16,
					16
				],
				"_iconAnchor": [
					8,
					8
				]
			}
		},
		{
			"type": "Feature",
			"geometry": {
				"type": "Point",
				"coordinates": [
					 133.4538,
					 34.973
				]
			},
			"properties": {
				"name": "JA/OY-093(牛丸大仙)",
				"読み":"Ushimarudaisen",
				"標高":"515m 2pt ",
				"GL":"PM64rx",
				"市郡区":"C#3112 ",
				"登山日":"",
				"メモ":"",
				"_markerType": "Icon",
				"_iconUrl": "https://maps.gsi.go.jp/portal/sys/v4/symbols/102.png",
				"_iconSize": [
					16,
					16
				],
				"_iconAnchor": [
					8,
					8
				]
			}
		},
		{
			"type": "Feature",
			"geometry": {
				"type": "Point",
				"coordinates": [
					 133.5311,
					 34.8917
				]
			},
			"properties": {
				"name": "JA/OY-094(済渡寺山(三角点))",
				"読み":"Saidojiyama",
				"標高":"514m 2pt ",
				"GL":"PM64sv",
				"市郡区":"C#3112 ",
				"登山日":"",
				"メモ":"",
				"_markerType": "Icon",
				"_iconUrl": "https://maps.gsi.go.jp/portal/sys/v4/symbols/102.png",
				"_iconSize": [
					16,
					16
				],
				"_iconAnchor": [
					8,
					8
				]
			}
		},
		{
			"type": "Feature",
			"geometry": {
				"type": "Point",
				"coordinates": [
					 133.6196,
					 34.7035
				]
			},
			"properties": {
				"name": "JA/OY-095(高滝山)",
				"読み":"Takatakiyama",
				"標高":"510m 2pt ",
				"GL":"PM64tq",
				"市郡区":"C#3110 / G#31006B ",
				"登山日":"",
				"メモ":"",
				"_markerType": "Icon",
				"_iconUrl": "https://maps.gsi.go.jp/portal/sys/v4/symbols/102.png",
				"_iconSize": [
					16,
					16
				],
				"_iconAnchor": [
					8,
					8
				]
			}
		},
		{
			"type": "Feature",
			"geometry": {
				"type": "Point",
				"coordinates": [
					 134.1215,
					 34.7564
				]
			},
			"properties": {
				"name": "JA/OY-096(熊山)",
				"読み":"Kumayama",
				"標高":"509m 2pt ",
				"GL":"PM74bs",
				"市郡区":"C#3115 ",
				"登山日":"",
				"メモ":"",
				"_markerType": "Icon",
				"_iconUrl": "https://maps.gsi.go.jp/portal/sys/v4/symbols/102.png",
				"_iconSize": [
					16,
					16
				],
				"_iconAnchor": [
					8,
					8
				]
			}
		},
		{
			"type": "Feature",
			"geometry": {
				"type": "Point",
				"coordinates": [
					 133.6148,
					 34.7474
				]
			},
			"properties": {
				"name": "JA/OY-097(点500(鷹巣(三角点)近傍))",
				"読み":"P500",
				"標高":"500m 2pt ",
				"GL":"PM64tr",
				"市郡区":"C#3111 ",
				"登山日":"",
				"メモ":"",
				"_markerType": "Icon",
				"_iconUrl": "https://maps.gsi.go.jp/portal/sys/v4/symbols/102.png",
				"_iconSize": [
					16,
					16
				],
				"_iconAnchor": [
					8,
					8
				]
			}
		},
		{
			"type": "Feature",
			"geometry": {
				"type": "Point",
				"coordinates": [
					 133.9407,
					 34.7448
				]
			},
			"properties": {
				"name": "JA/OY-098(金山)",
				"読み":"Kanayama",
				"標高":"499m 1pt ",
				"GL":"PM64xr",
				"市郡区":"C#310101 ",
				"登山日":"",
				"メモ":"",
				"_markerType": "Icon",
				"_iconUrl": "https://maps.gsi.go.jp/portal/sys/v4/symbols/826.png",
				"_iconSize": [
					16,
					16
				],
				"_iconAnchor": [
					8,
					8
				]
			}
		},
		{
			"type": "Feature",
			"geometry": {
				"type": "Point",
				"coordinates": [
					 134.0023,
					 34.8891
				]
			},
			"properties": {
				"name": "JA/OY-099(竜天山)",
				"読み":"Ryutenzan",
				"標高":"490m 1pt ",
				"GL":"PM74av",
				"市郡区":"C#3115 ",
				"登山日":"",
				"メモ":"",
				"_markerType": "Icon",
				"_iconUrl": "https://maps.gsi.go.jp/portal/sys/v4/symbols/826.png",
				"_iconSize": [
					16,
					16
				],
				"_iconAnchor": [
					8,
					8
				]
			}
		},
		{
			"type": "Feature",
			"geometry": {
				"type": "Point",
				"coordinates": [
					 133.791,
					 35.0602
				]
			},
			"properties": {
				"name": "JA/OY-100(若林山)",
				"読み":"Jyakurinsan",
				"標高":"484m 1pt ",
				"GL":"PM65vb",
				"市郡区":"C#3116 ",
				"登山日":"",
				"メモ":"",
				"_markerType": "Icon",
				"_iconUrl": "https://maps.gsi.go.jp/portal/sys/v4/symbols/826.png",
				"_iconSize": [
					16,
					16
				],
				"_iconAnchor": [
					8,
					8
				]
			}
		},
		{
			"type": "Feature",
			"geometry": {
				"type": "Point",
				"coordinates": [
					 133.9855,
					 35.0291
				]
			},
			"properties": {
				"name": "JA/OY-101(種村(三角点))",
				"読み":"Tanemura",
				"標高":"480m 1pt ",
				"GL":"PM65xa",
				"市郡区":"C#3103 ",
				"登山日":"",
				"メモ":"",
				"_markerType": "Icon",
				"_iconUrl": "https://maps.gsi.go.jp/portal/sys/v4/symbols/826.png",
				"_iconSize": [
					16,
					16
				],
				"_iconAnchor": [
					8,
					8
				]
			}
		},
		{
			"type": "Feature",
			"geometry": {
				"type": "Point",
				"coordinates": [
					 133.8762,
					 35.1262
				]
			},
			"properties": {
				"name": "JA/OY-102(中谷(三角点))",
				"読み":"Nakadani",
				"標高":"475m 1pt ",
				"GL":"PM65wd",
				"市郡区":"G#31016E ",
				"登山日":"",
				"メモ":"",
				"_markerType": "Icon",
				"_iconUrl": "https://maps.gsi.go.jp/portal/sys/v4/symbols/826.png",
				"_iconSize": [
					16,
					16
				],
				"_iconAnchor": [
					8,
					8
				]
			}
		},
		{
			"type": "Feature",
			"geometry": {
				"type": "Point",
				"coordinates": [
					 134.1957,
					 34.9164
				]
			},
			"properties": {
				"name": "JA/OY-103(南ウネ山)",
				"読み":"Minamiuneyama",
				"標高":"471m 1pt ",
				"GL":"PM74cv",
				"市郡区":"G#31010F ",
				"登山日":"",
				"メモ":"",
				"_markerType": "Icon",
				"_iconUrl": "https://maps.gsi.go.jp/portal/sys/v4/symbols/826.png",
				"_iconSize": [
					16,
					16
				],
				"_iconAnchor": [
					8,
					8
				]
			}
		},
		{
			"type": "Feature",
			"geometry": {
				"type": "Point",
				"coordinates": [
					 133.7534,
					 34.7422
				]
			},
			"properties": {
				"name": "JA/OY-104(実僧坊山)",
				"読み":"Jissoubouzan",
				"標高":"471m 1pt ",
				"GL":"PM64vr",
				"市郡区":"C#3110 ",
				"登山日":"",
				"メモ":"",
				"_markerType": "Icon",
				"_iconUrl": "https://maps.gsi.go.jp/portal/sys/v4/symbols/826.png",
				"_iconSize": [
					16,
					16
				],
				"_iconAnchor": [
					8,
					8
				]
			}
		},
		{
			"type": "Feature",
			"geometry": {
				"type": "Point",
				"coordinates": [
					 134.1869,
					 34.8999
				]
			},
			"properties": {
				"name": "JA/OY-105(雨乞山)",
				"読み":"Amagoiyama",
				"標高":"464m 1pt ",
				"GL":"PM74cv",
				"市郡区":"C#3117 ",
				"登山日":"",
				"メモ":"",
				"_markerType": "Icon",
				"_iconUrl": "https://maps.gsi.go.jp/portal/sys/v4/symbols/826.png",
				"_iconSize": [
					16,
					16
				],
				"_iconAnchor": [
					8,
					8
				]
			}
		},
		{
			"type": "Feature",
			"geometry": {
				"type": "Point",
				"coordinates": [
					 133.9715,
					 34.7511
				]
			},
			"properties": {
				"name": "JA/OY-106(本宮高倉山)",
				"読み":"Honmiyatakakurayama",
				"標高":"458m 1pt ",
				"GL":"PM64xs",
				"市郡区":"C#310101 / C#3115 ",
				"登山日":"",
				"メモ":"",
				"_markerType": "Icon",
				"_iconUrl": "https://maps.gsi.go.jp/portal/sys/v4/symbols/826.png",
				"_iconSize": [
					16,
					16
				],
				"_iconAnchor": [
					8,
					8
				]
			}
		},
		{
			"type": "Feature",
			"geometry": {
				"type": "Point",
				"coordinates": [
					 134.0801,
					 34.8775
				]
			},
			"properties": {
				"name": "JA/OY-107(高星山)",
				"読み":"Takahoshiyama",
				"標高":"447m 1pt ",
				"GL":"PM74av",
				"市郡区":"C#3115 / G#31019B ",
				"登山日":"",
				"メモ":"",
				"_markerType": "Icon",
				"_iconUrl": "https://maps.gsi.go.jp/portal/sys/v4/symbols/826.png",
				"_iconSize": [
					16,
					16
				],
				"_iconAnchor": [
					8,
					8
				]
			}
		},
		{
			"type": "Feature",
			"geometry": {
				"type": "Point",
				"coordinates": [
					 133.8268,
					 34.7931
				]
			},
			"properties": {
				"name": "JA/OY-108(本陣山)",
				"読み":"Honjinyama",
				"標高":"443m 1pt ",
				"GL":"PM64vt",
				"市郡区":"C#310101 ",
				"登山日":"",
				"メモ":"",
				"_markerType": "Icon",
				"_iconUrl": "https://maps.gsi.go.jp/portal/sys/v4/symbols/826.png",
				"_iconSize": [
					16,
					16
				],
				"_iconAnchor": [
					8,
					8
				]
			}
		},
		{
			"type": "Feature",
			"geometry": {
				"type": "Point",
				"coordinates": [
					 134.1782,
					 34.8847
				]
			},
			"properties": {
				"name": "JA/OY-109(室原(三角点))",
				"読み":"Murohara",
				"標高":"432m 1pt ",
				"GL":"PM74cv",
				"市郡区":"G#31019B ",
				"登山日":"",
				"メモ":"",
				"_markerType": "Icon",
				"_iconUrl": "https://maps.gsi.go.jp/portal/sys/v4/symbols/826.png",
				"_iconSize": [
					16,
					16
				],
				"_iconAnchor": [
					8,
					8
				]
			}
		},
		{
			"type": "Feature",
			"geometry": {
				"type": "Point",
				"coordinates": [
					 134.2792,
					 34.8282
				]
			},
			"properties": {
				"name": "JA/OY-111(石堂丸山)",
				"読み":"Ishidomaruyama",
				"標高":"422m 1pt ",
				"GL":"PM74dt",
				"市郡区":"C#3113 / G#27001A ",
				"登山日":"",
				"メモ":"",
				"_markerType": "Icon",
				"_iconUrl": "https://maps.gsi.go.jp/portal/sys/v4/symbols/826.png",
				"_iconSize": [
					16,
					16
				],
				"_iconAnchor": [
					8,
					8
				]
			}
		},
		{
			"type": "Feature",
			"geometry": {
				"type": "Point",
				"coordinates": [
					 133.8599,
					 34.7829
				]
			},
			"properties": {
				"name": "JA/OY-112(十二本木山)",
				"読み":"Jyunihongiyama",
				"標高":"417m 1pt ",
				"GL":"PM64ws",
				"市郡区":"C#310101 ",
				"登山日":"",
				"メモ":"",
				"_markerType": "Icon",
				"_iconUrl": "https://maps.gsi.go.jp/portal/sys/v4/symbols/826.png",
				"_iconSize": [
					16,
					16
				],
				"_iconAnchor": [
					8,
					8
				]
			}
		},
		{
			"type": "Feature",
			"geometry": {
				"type": "Point",
				"coordinates": [
					 133.6101,
					 34.5733
				]
			},
			"properties": {
				"name": "JA/OY-113(遙照山)",
				"読み":"Yoshozan",
				"標高":"405m 1pt ",
				"GL":"PM64tn",
				"市郡区":"C#3118 / G#31006B ",
				"登山日":"",
				"メモ":"",
				"_markerType": "Icon",
				"_iconUrl": "https://maps.gsi.go.jp/portal/sys/v4/symbols/826.png",
				"_iconSize": [
					16,
					16
				],
				"_iconAnchor": [
					8,
					8
				]
			}
		},
		{
			"type": "Feature",
			"geometry": {
				"type": "Point",
				"coordinates": [
					 133.9644,
					 34.5591
				]
			},
			"properties": {
				"name": "JA/OY-114(金甲山)",
				"読み":"Kinkozan",
				"標高":"403m 1pt ",
				"GL":"PM64xn",
				"市郡区":"C#3104 / C#310104 ",
				"登山日":"",
				"メモ":"",
				"_markerType": "Icon",
				"_iconUrl": "https://maps.gsi.go.jp/portal/sys/v4/symbols/826.png",
				"_iconSize": [
					16,
					16
				],
				"_iconAnchor": [
					8,
					8
				]
			}
		},
		{
			"type": "Feature",
			"geometry": {
				"type": "Point",
				"coordinates": [
					 133.6252,
					 34.6352
				]
			},
			"properties": {
				"name": "JA/OY-115(点400(鷲峰山近傍))",
				"読み":"P400",
				"標高":"400m 1pt ",
				"GL":"PM64tp",
				"市郡区":"G#31006B ",
				"登山日":"",
				"メモ":"",
				"_markerType": "Icon",
				"_iconUrl": "https://maps.gsi.go.jp/portal/sys/v4/symbols/826.png",
				"_iconSize": [
					16,
					16
				],
				"_iconAnchor": [
					8,
					8
				]
			}
		},
		{
			"type": "Feature",
			"geometry": {
				"type": "Point",
				"coordinates": [
					 134.1903,
					 34.7721
				]
			},
			"properties": {
				"name": "JA/OY-116(点399)",
				"読み":"P399",
				"標高":"399m 1pt ",
				"GL":"PM74cs",
				"市郡区":"G#31019B ",
				"登山日":"",
				"メモ":"",
				"_markerType": "Icon",
				"_iconUrl": "https://maps.gsi.go.jp/portal/sys/v4/symbols/826.png",
				"_iconSize": [
					16,
					16
				],
				"_iconAnchor": [
					8,
					8
				]
			}
		},
		{
			"type": "Feature",
			"geometry": {
				"type": "Point",
				"coordinates": [
					 134.2941,
					 34.7613
				]
			},
			"properties": {
				"name": "JA/OY-117(天狗山)",
				"読み":"Tenguyama",
				"標高":"392m 1pt ",
				"GL":"PM74ds",
				"市郡区":"C#3113 ",
				"登山日":"",
				"メモ":"",
				"_markerType": "Icon",
				"_iconUrl": "https://maps.gsi.go.jp/portal/sys/v4/symbols/826.png",
				"_iconSize": [
					16,
					16
				],
				"_iconAnchor": [
					8,
					8
				]
			}
		},
		{
			"type": "Feature",
			"geometry": {
				"type": "Point",
				"coordinates": [
					 133.6925,
					 34.705
				]
			},
			"properties": {
				"name": "JA/OY-118(鍵山)",
				"読み":"Kagiyama",
				"標高":"387m 1pt ",
				"GL":"PM64uq",
				"市郡区":"C#3110 ",
				"登山日":"",
				"メモ":"",
				"_markerType": "Icon",
				"_iconUrl": "https://maps.gsi.go.jp/portal/sys/v4/symbols/826.png",
				"_iconSize": [
					16,
					16
				],
				"_iconAnchor": [
					8,
					8
				]
			}
		},
		{
			"type": "Feature",
			"geometry": {
				"type": "Point",
				"coordinates": [
					 134.1062,
					 34.8327
				]
			},
			"properties": {
				"name": "JA/OY-119(妙見山)",
				"読み":"Myokensan",
				"標高":"384m 1pt ",
				"GL":"PM74bt",
				"市郡区":"G#31019B ",
				"登山日":"",
				"メモ":"",
				"_markerType": "Icon",
				"_iconUrl": "https://maps.gsi.go.jp/portal/sys/v4/symbols/826.png",
				"_iconSize": [
					16,
					16
				],
				"_iconAnchor": [
					8,
					8
				]
			}
		},
		{
			"type": "Feature",
			"geometry": {
				"type": "Point",
				"coordinates": [
					 133.6443,
					 34.6454
				]
			},
			"properties": {
				"name": "JA/OY-120(高山)",
				"読み":"Takayama",
				"標高":"384m 1pt ",
				"GL":"PM64tp",
				"市郡区":"C#3102 / C#3110 ",
				"登山日":"",
				"メモ":"",
				"_markerType": "Icon",
				"_iconUrl": "https://maps.gsi.go.jp/portal/sys/v4/symbols/826.png",
				"_iconSize": [
					16,
					16
				],
				"_iconAnchor": [
					8,
					8
				]
			}
		},
		{
			"type": "Feature",
			"geometry": {
				"type": "Point",
				"coordinates": [
					 134.1608,
					 34.8242
				]
			},
			"properties": {
				"name": "JA/OY-121(神ノ上山)",
				"読み":"Kounoueyama",
				"標高":"370m 1pt ",
				"GL":"PM74bt",
				"市郡区":"G#31019B ",
				"登山日":"",
				"メモ":"",
				"_markerType": "Icon",
				"_iconUrl": "https://maps.gsi.go.jp/portal/sys/v4/symbols/826.png",
				"_iconSize": [
					16,
					16
				],
				"_iconAnchor": [
					8,
					8
				]
			}
		},
		{
			"type": "Feature",
			"geometry": {
				"type": "Point",
				"coordinates": [
					 134.2285,
					 34.8204
				]
			},
			"properties": {
				"name": "JA/OY-122(龍泉山)",
				"読み":"Ryusenzan",
				"標高":"368m 1pt ",
				"GL":"PM74ct",
				"市郡区":"C#3113 ",
				"登山日":"",
				"メモ":"",
				"_markerType": "Icon",
				"_iconUrl": "https://maps.gsi.go.jp/portal/sys/v4/symbols/826.png",
				"_iconSize": [
					16,
					16
				],
				"_iconAnchor": [
					8,
					8
				]
			}
		},
		{
			"type": "Feature",
			"geometry": {
				"type": "Point",
				"coordinates": [
					 134.0015,
					 35.0385
				]
			},
			"properties": {
				"name": "JA/OY-123(種(三角点))",
				"読み":"Tane",
				"標高":"365m 1pt ",
				"GL":"PM75aa",
				"市郡区":"C#3103 ",
				"登山日":"",
				"メモ":"",
				"_markerType": "Icon",
				"_iconUrl": "https://maps.gsi.go.jp/portal/sys/v4/symbols/826.png",
				"_iconSize": [
					16,
					16
				],
				"_iconAnchor": [
					8,
					8
				]
			}
		},
		{
			"type": "Feature",
			"geometry": {
				"type": "Point",
				"coordinates": [
					 134.0794,
					 34.7812
				]
			},
			"properties": {
				"name": "JA/OY-124(倉懸山)",
				"読み":"Kurakakeyama",
				"標高":"351m 1pt ",
				"GL":"PM74as",
				"市郡区":"C#310103 / C#3115 ",
				"登山日":"",
				"メモ":"",
				"_markerType": "Icon",
				"_iconUrl": "https://maps.gsi.go.jp/portal/sys/v4/symbols/826.png",
				"_iconSize": [
					16,
					16
				],
				"_iconAnchor": [
					8,
					8
				]
			}
		},
		{
			"type": "Feature",
			"geometry": {
				"type": "Point",
				"coordinates": [
					 134.0895,
					 35.0072
				]
			},
			"properties": {
				"name": "JA/OY-125(高比野山)",
				"読み":"Takahinoyama",
				"標高":"347m 1pt ",
				"GL":"PM75ba",
				"市郡区":"G#31010F / C#3117 ",
				"登山日":"",
				"メモ":"",
				"_markerType": "Icon",
				"_iconUrl": "https://maps.gsi.go.jp/portal/sys/v4/symbols/826.png",
				"_iconSize": [
					16,
					16
				],
				"_iconAnchor": [
					8,
					8
				]
			}
		},
		{
			"type": "Feature",
			"geometry": {
				"type": "Point",
				"coordinates": [
					 134.1391,
					 34.9774
				]
			},
			"properties": {
				"name": "JA/OY-126(大山)",
				"読み":"Ooyama",
				"標高":"342m 1pt ",
				"GL":"PM74bx",
				"市郡区":"C#3117 ",
				"登山日":"",
				"メモ":"",
				"_markerType": "Icon",
				"_iconUrl": "https://maps.gsi.go.jp/portal/sys/v4/symbols/826.png",
				"_iconSize": [
					16,
					16
				],
				"_iconAnchor": [
					8,
					8
				]
			}
		},
		{
			"type": "Feature",
			"geometry": {
				"type": "Point",
				"coordinates": [
					 134.2437,
					 34.7991
				]
			},
			"properties": {
				"name": "JA/OY-127(明神山)",
				"読み":"Myojinsan",
				"標高":"341m 1pt ",
				"GL":"PM74ct",
				"市郡区":"C#3113 ",
				"登山日":"",
				"メモ":"",
				"_markerType": "Icon",
				"_iconUrl": "https://maps.gsi.go.jp/portal/sys/v4/symbols/826.png",
				"_iconSize": [
					16,
					16
				],
				"_iconAnchor": [
					8,
					8
				]
			}
		},
		{
			"type": "Feature",
			"geometry": {
				"type": "Point",
				"coordinates": [
					 133.967,
					 34.7762
				]
			},
			"properties": {
				"name": "JA/OY-128(滝城山)",
				"読み":"Takishiroyama",
				"標高":"341m 1pt ",
				"GL":"PM64xs",
				"市郡区":"C#310101 ",
				"登山日":"",
				"メモ":"",
				"_markerType": "Icon",
				"_iconUrl": "https://maps.gsi.go.jp/portal/sys/v4/symbols/826.png",
				"_iconSize": [
					16,
					16
				],
				"_iconAnchor": [
					8,
					8
				]
			}
		},
		{
			"type": "Feature",
			"geometry": {
				"type": "Point",
				"coordinates": [
					 134.1051,
					 34.9483
				]
			},
			"properties": {
				"name": "JA/OY-129(ウネ山)",
				"読み":"Uneyama",
				"標高":"340m 1pt ",
				"GL":"PM74bw",
				"市郡区":"G#31010F / C#3117 ",
				"登山日":"",
				"メモ":"",
				"_markerType": "Icon",
				"_iconUrl": "https://maps.gsi.go.jp/portal/sys/v4/symbols/826.png",
				"_iconSize": [
					16,
					16
				],
				"_iconAnchor": [
					8,
					8
				]
			}
		},
		{
			"type": "Feature",
			"geometry": {
				"type": "Point",
				"coordinates": [
					 133.9264,
					 34.8236
				]
			},
			"properties": {
				"name": "JA/OY-130(矢谷(三角点))",
				"読み":"Yatani",
				"標高":"330m 1pt ",
				"GL":"PM64xt",
				"市郡区":"C#310101 ",
				"登山日":"",
				"メモ":"",
				"_markerType": "Icon",
				"_iconUrl": "https://maps.gsi.go.jp/portal/sys/v4/symbols/826.png",
				"_iconSize": [
					16,
					16
				],
				"_iconAnchor": [
					8,
					8
				]
			}
		},
		{
			"type": "Feature",
			"geometry": {
				"type": "Point",
				"coordinates": [
					 134.1482,
					 34.7256
				]
			},
			"properties": {
				"name": "JA/OY-131(西大平山)",
				"読み":"Nishioohirasan",
				"標高":"327m 1pt ",
				"GL":"PM74br",
				"市郡区":"C#3114 / C#3113 ",
				"登山日":"",
				"メモ":"",
				"_markerType": "Icon",
				"_iconUrl": "https://maps.gsi.go.jp/portal/sys/v4/symbols/826.png",
				"_iconSize": [
					16,
					16
				],
				"_iconAnchor": [
					8,
					8
				]
			}
		},
		{
			"type": "Feature",
			"geometry": {
				"type": "Point",
				"coordinates": [
					 133.5473,
					 34.471
				]
			},
			"properties": {
				"name": "JA/OY-132(御嶽山)",
				"読み":"Mitakesan",
				"標高":"320m 1pt ",
				"GL":"PM64sl",
				"市郡区":"C#3107 ",
				"登山日":"",
				"メモ":"",
				"_markerType": "Icon",
				"_iconUrl": "https://maps.gsi.go.jp/portal/sys/v4/symbols/826.png",
				"_iconSize": [
					16,
					16
				],
				"_iconAnchor": [
					8,
					8
				]
			}
		},
		{
			"type": "Feature",
			"geometry": {
				"type": "Point",
				"coordinates": [
					 134.2472,
					 34.7428
				]
			},
			"properties": {
				"name": "JA/OY-133(烏泊山)",
				"読み":"Karasudomariyama",
				"標高":"319m 1pt ",
				"GL":"PM74cr",
				"市郡区":"C#3113 ",
				"登山日":"",
				"メモ":"",
				"_markerType": "Icon",
				"_iconUrl": "https://maps.gsi.go.jp/portal/sys/v4/symbols/826.png",
				"_iconSize": [
					16,
					16
				],
				"_iconAnchor": [
					8,
					8
				]
			}
		},
		{
			"type": "Feature",
			"geometry": {
				"type": "Point",
				"coordinates": [
					 133.8867,
					 34.5249
				]
			},
			"properties": {
				"name": "JA/OY-134(常山)",
				"読み":"Tsuneyama",
				"標高":"307m 1pt ",
				"GL":"PM64wm",
				"市郡区":"C#3104 / C#310104 ",
				"登山日":"",
				"メモ":"",
				"_markerType": "Icon",
				"_iconUrl": "https://maps.gsi.go.jp/portal/sys/v4/symbols/826.png",
				"_iconSize": [
					16,
					16
				],
				"_iconAnchor": [
					8,
					8
				]
			}
		},
		{
			"type": "Feature",
			"geometry": {
				"type": "Point",
				"coordinates": [
					 133.5066,
					 34.4601
				]
			},
			"properties": {
				"name": "JA/OY-135(栂丸山)",
				"読み":"Tsuganomaruyama",
				"標高":"306m 1pt ",
				"GL":"PM64sl",
				"市郡区":"C#3107 ",
				"登山日":"",
				"メモ":"",
				"_markerType": "Icon",
				"_iconUrl": "https://maps.gsi.go.jp/portal/sys/v4/symbols/826.png",
				"_iconSize": [
					16,
					16
				],
				"_iconAnchor": [
					8,
					8
				]
			}
		},
		{
			"type": "Feature",
			"geometry": {
				"type": "Point",
				"coordinates": [
					 133.7596,
					 34.6465
				]
			},
			"properties": {
				"name": "JA/OY-136(福山)",
				"読み":"Fukuyama",
				"標高":"302m 1pt ",
				"GL":"PM64vp",
				"市郡区":"C#3110 ",
				"登山日":"",
				"メモ":"",
				"_markerType": "Icon",
				"_iconUrl": "https://maps.gsi.go.jp/portal/sys/v4/symbols/826.png",
				"_iconSize": [
					16,
					16
				],
				"_iconAnchor": [
					8,
					8
				]
			}
		},
		{
			"type": "Feature",
			"geometry": {
				"type": "Point",
				"coordinates": [
					 134.0724,
					 34.8258
				]
			},
			"properties": {
				"name": "JA/OY-137(金子山)",
				"読み":"Kanagoyama",
				"標高":"300m 1pt ",
				"GL":"PM74at",
				"市郡区":"C#3115 / G#31019B ",
				"登山日":"",
				"メモ":"",
				"_markerType": "Icon",
				"_iconUrl": "https://maps.gsi.go.jp/portal/sys/v4/symbols/826.png",
				"_iconSize": [
					16,
					16
				],
				"_iconAnchor": [
					8,
					8
				]
			}
		},
		{
			"type": "Feature",
			"geometry": {
				"type": "Point",
				"coordinates": [
					 133.9949,
					 34.7238
				]
			},
			"properties": {
				"name": "JA/OY-138(竜口山(三角点))",
				"読み":"Takiguchiyama",
				"標高":"292m 1pt ",
				"GL":"PM64xr",
				"市郡区":"C#3115 ",
				"登山日":"",
				"メモ":"",
				"_markerType": "Icon",
				"_iconUrl": "https://maps.gsi.go.jp/portal/sys/v4/symbols/826.png",
				"_iconSize": [
					16,
					16
				],
				"_iconAnchor": [
					8,
					8
				]
			}
		},
		{
			"type": "Feature",
			"geometry": {
				"type": "Point",
				"coordinates": [
					 134.1651,
					 35.0062
				]
			},
			"properties": {
				"name": "JA/OY-139(塩尾山(三角点))",
				"読み":"Shiooyama",
				"標高":"292m 1pt ",
				"GL":"PM75ba",
				"市郡区":"C#3117 ",
				"登山日":"",
				"メモ":"",
				"_markerType": "Icon",
				"_iconUrl": "https://maps.gsi.go.jp/portal/sys/v4/symbols/826.png",
				"_iconSize": [
					16,
					16
				],
				"_iconAnchor": [
					8,
					8
				]
			}
		},
		{
			"type": "Feature",
			"geometry": {
				"type": "Point",
				"coordinates": [
					 133.5864,
					 34.501
				]
			},
			"properties": {
				"name": "JA/OY-140(竜王山)",
				"読み":"Ryuouzan",
				"標高":"289m 1pt ",
				"GL":"PM64tm",
				"市郡区":"C#3118 ",
				"登山日":"",
				"メモ":"",
				"_markerType": "Icon",
				"_iconUrl": "https://maps.gsi.go.jp/portal/sys/v4/symbols/826.png",
				"_iconSize": [
					16,
					16
				],
				"_iconAnchor": [
					8,
					8
				]
			}
		},
		{
			"type": "Feature",
			"geometry": {
				"type": "Point",
				"coordinates": [
					 133.7827,
					 34.5113
				]
			},
			"properties": {
				"name": "JA/OY-141(鴨ヶ辻山)",
				"読み":"Kamogatsujiyama",
				"標高":"284m 1pt ",
				"GL":"PM64vm",
				"市郡区":"C#3102 ",
				"登山日":"",
				"メモ":"",
				"_markerType": "Icon",
				"_iconUrl": "https://maps.gsi.go.jp/portal/sys/v4/symbols/826.png",
				"_iconSize": [
					16,
					16
				],
				"_iconAnchor": [
					8,
					8
				]
			}
		},
		{
			"type": "Feature",
			"geometry": {
				"type": "Point",
				"coordinates": [
					 133.6083,
					 34.5978
				]
			},
			"properties": {
				"name": "JA/OY-142(点270(中山近傍))",
				"読み":"P270",
				"標高":"270m 1pt ",
				"GL":"PM64to",
				"市郡区":"G#31006B ",
				"登山日":"",
				"メモ":"",
				"_markerType": "Icon",
				"_iconUrl": "https://maps.gsi.go.jp/portal/sys/v4/symbols/826.png",
				"_iconSize": [
					16,
					16
				],
				"_iconAnchor": [
					8,
					8
				]
			}
		},
		{
			"type": "Feature",
			"geometry": {
				"type": "Point",
				"coordinates": [
					 134.3037,
					 34.7253
				]
			},
			"properties": {
				"name": "JA/OY-143(西泊(三角点))",
				"読み":"Nishidomari",
				"標高":"244m 1pt ",
				"GL":"PM74dr",
				"市郡区":"C#3113 ",
				"登山日":"",
				"メモ":"",
				"_markerType": "Icon",
				"_iconUrl": "https://maps.gsi.go.jp/portal/sys/v4/symbols/826.png",
				"_iconSize": [
					16,
					16
				],
				"_iconAnchor": [
					8,
					8
				]
			}
		},
		{
			"type": "Feature",
			"geometry": {
				"type": "Point",
				"coordinates": [
					 133.5349,
					 34.3814
				]
			},
			"properties": {
				"name": "JA/OY-144(バックリ山)",
				"読み":"Bakkuriyama",
				"標高":"225m 1pt ",
				"GL":"PM64sj",
				"市郡区":"C#3107 ",
				"登山日":"",
				"メモ":"",
				"_markerType": "Icon",
				"_iconUrl": "https://maps.gsi.go.jp/portal/sys/v4/symbols/826.png",
				"_iconSize": [
					16,
					16
				],
				"_iconAnchor": [
					8,
					8
				]
			}
		},
		{
			"type": "Feature",
			"geometry": {
				"type": "Point",
				"coordinates": [
					 133.5054,
					 34.3402
				]
			},
			"properties": {
				"name": "JA/OY-145(荒神山)",
				"読み":"Koujinyama",
				"標高":"152m 1pt ",
				"GL":"PM64si",
				"市郡区":"C#3107 ",
				"登山日":"",
				"メモ":"",
				"_markerType": "Icon",
				"_iconUrl": "https://maps.gsi.go.jp/portal/sys/v4/symbols/826.png",
				"_iconSize": [
					16,
					16
				],
				"_iconAnchor": [
					8,
					8
				]
			}
		},
		{
			"type": "Feature",
			"geometry": {
				"type": "Point",
				"coordinates": [
					 134.0178,
					 35.2676
				]
			},
			"properties": {
				"name": "JA/OY-147(天狗岩)",
				"読み":"Tenguiwa",
				"標高":"1196m 8pt ",
				"GL":"PM75ag",
				"市郡区":"C#3103 / G#31016E ",
				"登山日":"",
				"メモ":"",
				"_markerType": "Icon",
				"_iconUrl": "https://maps.gsi.go.jp/portal/sys/v4/symbols/104.png",
				"_iconSize": [
					16,
					16
				],
				"_iconAnchor": [
					8,
					8
				]
			}
		},
		{
			"type": "Feature",
			"geometry": {
				"type": "Point",
				"coordinates": [
					 133.5946,
					 35.3409
				]
			},
			"properties": {
				"name": "JA/OY-148(擬宝珠山)",
				"読み":"Giboshiyama",
				"標高":"1110m 8pt ",
				"GL":"PM65ti",
				"市郡区":"C#3116 / G#34005A ",
				"登山日":"",
				"メモ":"",
				"_markerType": "Icon",
				"_iconUrl": "https://maps.gsi.go.jp/portal/sys/v4/symbols/104.png",
				"_iconSize": [
					16,
					16
				],
				"_iconAnchor": [
					8,
					8
				]
			}
		},
		{
			"type": "Feature",
			"geometry": {
				"type": "Point",
				"coordinates": [
					 133.9577,
					 35.2327
				]
			},
			"properties": {
				"name": "JA/OY-149(大地山)",
				"読み":"Oochiyama",
				"標高":"1077m 6pt ",
				"GL":"PM65xf",
				"市郡区":"G#31016E ",
				"登山日":"",
				"メモ":"",
				"_markerType": "Icon",
				"_iconUrl": "https://maps.gsi.go.jp/portal/sys/v4/symbols/103.png",
				"_iconSize": [
					16,
					16
				],
				"_iconAnchor": [
					8,
					8
				]
			}
		},
		{
			"type": "Feature",
			"geometry": {
				"type": "Point",
				"coordinates": [
					 133.6042,
					 35.2493
				]
			},
			"properties": {
				"name": "JA/OY-150(丸山)",
				"読み":"Maruyama",
				"標高":"1065m 6pt ",
				"GL":"PM65tf",
				"市郡区":"C#3116 ",
				"登山日":"",
				"メモ":"",
				"_markerType": "Icon",
				"_iconUrl": "https://maps.gsi.go.jp/portal/sys/v4/symbols/103.png",
				"_iconSize": [
					16,
					16
				],
				"_iconAnchor": [
					8,
					8
				]
			}
		},
		{
			"type": "Feature",
			"geometry": {
				"type": "Point",
				"coordinates": [
					 133.2908,
					 35.0709
				]
			},
			"properties": {
				"name": "JA/OY-151(点1064)",
				"読み":"P1064",
				"標高":"1064m 6pt ",
				"GL":"PM65pb",
				"市郡区":"C#3112 / G#34005B ",
				"登山日":"",
				"メモ":"",
				"_markerType": "Icon",
				"_iconUrl": "https://maps.gsi.go.jp/portal/sys/v4/symbols/103.png",
				"_iconSize": [
					16,
					16
				],
				"_iconAnchor": [
					8,
					8
				]
			}
		},
		{
			"type": "Feature",
			"geometry": {
				"type": "Point",
				"coordinates": [
					 134.0843,
					 35.2401
				]
			},
			"properties": {
				"name": "JA/OY-152(大ヶ山)",
				"読み":"Daigasen",
				"標高":"990m 6pt ",
				"GL":"PM75bf",
				"市郡区":"C#3103 ",
				"登山日":"",
				"メモ":"",
				"_markerType": "Icon",
				"_iconUrl": "https://maps.gsi.go.jp/portal/sys/v4/symbols/103.png",
				"_iconSize": [
					16,
					16
				],
				"_iconAnchor": [
					8,
					8
				]
			}
		},
		{
			"type": "Feature",
			"geometry": {
				"type": "Point",
				"coordinates": [
					 133.4221,
					 35.1751
				]
			},
			"properties": {
				"name": "JA/OY-153(剣山)",
				"読み":"Kenzan",
				"標高":"962m 6pt ",
				"GL":"PM65re",
				"市郡区":"C#3112 / G#34005C ",
				"登山日":"",
				"メモ":"",
				"_markerType": "Icon",
				"_iconUrl": "https://maps.gsi.go.jp/portal/sys/v4/symbols/103.png",
				"_iconSize": [
					16,
					16
				],
				"_iconAnchor": [
					8,
					8
				]
			}
		},
		{
			"type": "Feature",
			"geometry": {
				"type": "Point",
				"coordinates": [
					 134.2617,
					 35.168
				]
			},
			"properties": {
				"name": "JA/OY-154(袴ヶ仙)",
				"読み":"Hakamagasen",
				"標高":"930m 6pt ",
				"GL":"PM75de",
				"市郡区":"C#3117 ",
				"登山日":"",
				"メモ":"",
				"_markerType": "Icon",
				"_iconUrl": "https://maps.gsi.go.jp/portal/sys/v4/symbols/103.png",
				"_iconSize": [
					16,
					16
				],
				"_iconAnchor": [
					8,
					8
				]
			}
		},
		{
			"type": "Feature",
			"geometry": {
				"type": "Point",
				"coordinates": [
					 133.3218,
					 35.064
				]
			},
			"properties": {
				"name": "JA/OY-155(長久半貝山)",
				"読み":"Nagahisahankaisan",
				"標高":"904m 6pt ",
				"GL":"PM65pb",
				"市郡区":"C#3112 ",
				"登山日":"",
				"メモ":"",
				"_markerType": "Icon",
				"_iconUrl": "https://maps.gsi.go.jp/portal/sys/v4/symbols/103.png",
				"_iconSize": [
					16,
					16
				],
				"_iconAnchor": [
					8,
					8
				]
			}
		},
		{
			"type": "Feature",
			"geometry": {
				"type": "Point",
				"coordinates": [
					 133.7454,
					 35.198
				]
			},
			"properties": {
				"name": "JA/OY-156(雨乞山)",
				"読み":"Amagoiyama",
				"標高":"889m 6pt ",
				"GL":"PM65ue",
				"市郡区":"C#3116 ",
				"登山日":"",
				"メモ":"",
				"_markerType": "Icon",
				"_iconUrl": "https://maps.gsi.go.jp/portal/sys/v4/symbols/103.png",
				"_iconSize": [
					16,
					16
				],
				"_iconAnchor": [
					8,
					8
				]
			}
		},
		{
			"type": "Feature",
			"geometry": {
				"type": "Point",
				"coordinates": [
					 133.7612,
					 35.1452
				]
			},
			"properties": {
				"name": "JA/OY-157(鋸歯仙)",
				"読み":"Nokohanosen",
				"標高":"880m 6pt ",
				"GL":"PM65vd",
				"市郡区":"C#3116 ",
				"登山日":"",
				"メモ":"",
				"_markerType": "Icon",
				"_iconUrl": "https://maps.gsi.go.jp/portal/sys/v4/symbols/103.png",
				"_iconSize": [
					16,
					16
				],
				"_iconAnchor": [
					8,
					8
				]
			}
		},
		{
			"type": "Feature",
			"geometry": {
				"type": "Point",
				"coordinates": [
					 133.5827,
					 35.1139
				]
			},
			"properties": {
				"name": "JA/OY-158(京見山)",
				"読み":"Kyoumiyama",
				"標高":"854m 6pt ",
				"GL":"PM65sc",
				"市郡区":"C#3116 / C#3112 ",
				"登山日":"",
				"メモ":"",
				"_markerType": "Icon",
				"_iconUrl": "https://maps.gsi.go.jp/portal/sys/v4/symbols/103.png",
				"_iconSize": [
					16,
					16
				],
				"_iconAnchor": [
					8,
					8
				]
			}
		},
		{
			"type": "Feature",
			"geometry": {
				"type": "Point",
				"coordinates": [
					 133.4884,
					 35.061
				]
			},
			"properties": {
				"name": "JA/OY-159(点852)",
				"読み":"P852",
				"標高":"852m 6pt ",
				"GL":"PM65rb",
				"市郡区":"C#3112 ",
				"登山日":"",
				"メモ":"",
				"_markerType": "Icon",
				"_iconUrl": "https://maps.gsi.go.jp/portal/sys/v4/symbols/103.png",
				"_iconSize": [
					16,
					16
				],
				"_iconAnchor": [
					8,
					8
				]
			}
		},
		{
			"type": "Feature",
			"geometry": {
				"type": "Point",
				"coordinates": [
					 133.794,
					 35.1687
				]
			},
			"properties": {
				"name": "JA/OY-160(塔滝(三角点))",
				"読み":"Toutaki",
				"標高":"848m 4pt ",
				"GL":"PM65ve",
				"市郡区":"G#31016E ",
				"登山日":"",
				"メモ":"",
				"_markerType": "Icon",
				"_iconUrl": "https://maps.gsi.go.jp/portal/sys/v4/symbols/828.png",
				"_iconSize": [
					16,
					16
				],
				"_iconAnchor": [
					8,
					8
				]
			}
		},
		{
			"type": "Feature",
			"geometry": {
				"type": "Point",
				"coordinates": [
					 133.9216,
					 35.2058
				]
			},
			"properties": {
				"name": "JA/OY-161(福見(三角点))",
				"読み":"Fukumi",
				"標高":"752m 4pt ",
				"GL":"PM65xe",
				"市郡区":"G#31016E ",
				"登山日":"",
				"メモ":"",
				"_markerType": "Icon",
				"_iconUrl": "https://maps.gsi.go.jp/portal/sys/v4/symbols/828.png",
				"_iconSize": [
					16,
					16
				],
				"_iconAnchor": [
					8,
					8
				]
			}
		},
		{
			"type": "Feature",
			"geometry": {
				"type": "Point",
				"coordinates": [
					 133.7529,
					 35.2975
				]
			},
			"properties": {
				"name": "JA/OY-162(点751)",
				"読み":"P751",
				"標高":"751m 4pt ",
				"GL":"PM65vh",
				"市郡区":"C#3116 ",
				"登山日":"",
				"メモ":"",
				"_markerType": "Icon",
				"_iconUrl": "https://maps.gsi.go.jp/portal/sys/v4/symbols/828.png",
				"_iconSize": [
					16,
					16
				],
				"_iconAnchor": [
					8,
					8
				]
			}
		},
		{
			"type": "Feature",
			"geometry": {
				"type": "Point",
				"coordinates": [
					 133.7153,
					 35.2469
				]
			},
			"properties": {
				"name": "JA/OY-163(二川村(三角点))",
				"読み":"Futakawamura",
				"標高":"735m 4pt ",
				"GL":"PM65uf",
				"市郡区":"C#3116 ",
				"登山日":"",
				"メモ":"",
				"_markerType": "Icon",
				"_iconUrl": "https://maps.gsi.go.jp/portal/sys/v4/symbols/828.png",
				"_iconSize": [
					16,
					16
				],
				"_iconAnchor": [
					8,
					8
				]
			}
		},
		{
			"type": "Feature",
			"geometry": {
				"type": "Point",
				"coordinates": [
					 133.3261,
					 35.0882
				]
			},
			"properties": {
				"name": "JA/OY-164(神郷高瀬)",
				"読み":"Shingoutakase",
				"標高":"733m 4pt ",
				"GL":"PM65pc",
				"市郡区":"C#3112 ",
				"登山日":"",
				"メモ":"",
				"_markerType": "Icon",
				"_iconUrl": "https://maps.gsi.go.jp/portal/sys/v4/symbols/828.png",
				"_iconSize": [
					16,
					16
				],
				"_iconAnchor": [
					8,
					8
				]
			}
		},
		{
			"type": "Feature",
			"geometry": {
				"type": "Point",
				"coordinates": [
					 133.2989,
					 35.1039
				]
			},
			"properties": {
				"name": "JA/OY-165(妙見山)",
				"読み":"Myoukenzan",
				"標高":"724m 4pt ",
				"GL":"PM65pc",
				"市郡区":"C#3112 / G#34005B ",
				"登山日":"",
				"メモ":"",
				"_markerType": "Icon",
				"_iconUrl": "https://maps.gsi.go.jp/portal/sys/v4/symbols/828.png",
				"_iconSize": [
					16,
					16
				],
				"_iconAnchor": [
					8,
					8
				]
			}
		},
		{
			"type": "Feature",
			"geometry": {
				"type": "Point",
				"coordinates": [
					 133.3833,
					 35.0838
				]
			},
			"properties": {
				"name": "JA/OY-166(久栄山(三角点))",
				"読み":"Kusakayama",
				"標高":"709m 4pt ",
				"GL":"PM65qc",
				"市郡区":"C#3112 ",
				"登山日":"",
				"メモ":"",
				"_markerType": "Icon",
				"_iconUrl": "https://maps.gsi.go.jp/portal/sys/v4/symbols/828.png",
				"_iconSize": [
					16,
					16
				],
				"_iconAnchor": [
					8,
					8
				]
			}
		},
		{
			"type": "Feature",
			"geometry": {
				"type": "Point",
				"coordinates": [
					 133.5307,
					 34.9971
				]
			},
			"properties": {
				"name": "JA/OY-167(国司丸(三角点))",
				"読み":"Kunishimaru",
				"標高":"656m 4pt ",
				"GL":"PM64sx",
				"市郡区":"C#3112 ",
				"登山日":"",
				"メモ":"",
				"_markerType": "Icon",
				"_iconUrl": "https://maps.gsi.go.jp/portal/sys/v4/symbols/828.png",
				"_iconSize": [
					16,
					16
				],
				"_iconAnchor": [
					8,
					8
				]
			}
		},
		{
			"type": "Feature",
			"geometry": {
				"type": "Point",
				"coordinates": [
					 133.7875,
					 35.1492
				]
			},
			"properties": {
				"name": "JA/OY-168(中山(三角点))",
				"読み":"Nakayama",
				"標高":"645m 2pt ",
				"GL":"PM65vd",
				"市郡区":"G#31016E ",
				"登山日":"",
				"メモ":"",
				"_markerType": "Icon",
				"_iconUrl": "https://maps.gsi.go.jp/portal/sys/v4/symbols/102.png",
				"_iconSize": [
					16,
					16
				],
				"_iconAnchor": [
					8,
					8
				]
			}
		},
		{
			"type": "Feature",
			"geometry": {
				"type": "Point",
				"coordinates": [
					 134.0703,
					 35.2018
				]
			},
			"properties": {
				"name": "JA/OY-169(白金山)",
				"読み":"Shiroganeyama",
				"標高":"591m 2pt ",
				"GL":"PM75ae",
				"市郡区":"C#3103 ",
				"登山日":"",
				"メモ":"",
				"_markerType": "Icon",
				"_iconUrl": "https://maps.gsi.go.jp/portal/sys/v4/symbols/102.png",
				"_iconSize": [
					16,
					16
				],
				"_iconAnchor": [
					8,
					8
				]
			}
		},
		{
			"type": "Feature",
			"geometry": {
				"type": "Point",
				"coordinates": [
					 133.4223,
					 35.0017
				]
			},
			"properties": {
				"name": "JA/OY-170(大山(三角点))",
				"読み":"Daisen",
				"標高":"574m 2pt ",
				"GL":"PM65ra",
				"市郡区":"C#3112 ",
				"登山日":"",
				"メモ":"",
				"_markerType": "Icon",
				"_iconUrl": "https://maps.gsi.go.jp/portal/sys/v4/symbols/102.png",
				"_iconSize": [
					16,
					16
				],
				"_iconAnchor": [
					8,
					8
				]
			}
		},
		{
			"type": "Feature",
			"geometry": {
				"type": "Point",
				"coordinates": [
					 133.4364,
					 34.7862
				]
			},
			"properties": {
				"name": "JA/OY-171(布賀(三角点))",
				"読み":"Fuka",
				"標高":"568m 2pt ",
				"GL":"PM64rs",
				"市郡区":"C#3111 ",
				"登山日":"",
				"メモ":"",
				"_markerType": "Icon",
				"_iconUrl": "https://maps.gsi.go.jp/portal/sys/v4/symbols/102.png",
				"_iconSize": [
					16,
					16
				],
				"_iconAnchor": [
					8,
					8
				]
			}
		},
		{
			"type": "Feature",
			"geometry": {
				"type": "Point",
				"coordinates": [
					 133.8459,
					 35.0221
				]
			},
			"properties": {
				"name": "JA/OY-172(森上山)",
				"読み":"Morigamiyama",
				"標高":"560m 2pt ",
				"GL":"PM65wa",
				"市郡区":"G#31010F ",
				"登山日":"",
				"メモ":"",
				"_markerType": "Icon",
				"_iconUrl": "https://maps.gsi.go.jp/portal/sys/v4/symbols/102.png",
				"_iconSize": [
					16,
					16
				],
				"_iconAnchor": [
					8,
					8
				]
			}
		},
		{
			"type": "Feature",
			"geometry": {
				"type": "Point",
				"coordinates": [
					 133.6108,
					 34.9009
				]
			},
			"properties": {
				"name": "JA/OY-173(祇園山)",
				"読み":"Gionyama",
				"標高":"550m 2pt ",
				"GL":"PM64tv",
				"市郡区":"C#3111 ",
				"登山日":"",
				"メモ":"",
				"_markerType": "Icon",
				"_iconUrl": "https://maps.gsi.go.jp/portal/sys/v4/symbols/102.png",
				"_iconSize": [
					16,
					16
				],
				"_iconAnchor": [
					8,
					8
				]
			}
		},
		{
			"type": "Feature",
			"geometry": {
				"type": "Point",
				"coordinates": [
					 133.728,
					 35.0404
				]
			},
			"properties": {
				"name": "JA/OY-174(深山)",
				"読み":"Miyama",
				"標高":"526m 2pt ",
				"GL":"PM65ua",
				"市郡区":"C#3116 ",
				"登山日":"",
				"メモ":"",
				"_markerType": "Icon",
				"_iconUrl": "https://maps.gsi.go.jp/portal/sys/v4/symbols/102.png",
				"_iconSize": [
					16,
					16
				],
				"_iconAnchor": [
					8,
					8
				]
			}
		},
		{
			"type": "Feature",
			"geometry": {
				"type": "Point",
				"coordinates": [
					 133.5709,
					 34.6803
				]
			},
			"properties": {
				"name": "JA/OY-175(大倉龍王山)",
				"読み":"Ookuraryuouyama",
				"標高":"520m 2pt ",
				"GL":"PM64sq",
				"市郡区":"C#3109 / G#31006B ",
				"登山日":"",
				"メモ":"",
				"_markerType": "Icon",
				"_iconUrl": "https://maps.gsi.go.jp/portal/sys/v4/symbols/102.png",
				"_iconSize": [
					16,
					16
				],
				"_iconAnchor": [
					8,
					8
				]
			}
		},
		{
			"type": "Feature",
			"geometry": {
				"type": "Point",
				"coordinates": [
					 133.6523,
					 35.0759
				]
			},
			"properties": {
				"name": "JA/OY-176(荒田（三角点近傍）)",
				"読み":"Near_Arata",
				"標高":"490m 1pt ",
				"GL":"PM65tb",
				"市郡区":"C#3116 ",
				"登山日":"",
				"メモ":"",
				"_markerType": "Icon",
				"_iconUrl": "https://maps.gsi.go.jp/portal/sys/v4/symbols/826.png",
				"_iconSize": [
					16,
					16
				],
				"_iconAnchor": [
					8,
					8
				]
			}
		},
		{
			"type": "Feature",
			"geometry": {
				"type": "Point",
				"coordinates": [
					 133.9379,
					 34.9762
				]
			},
			"properties": {
				"name": "JA/OY-177(筒ノ宮山)",
				"読み":"Tsutsunomiyayama",
				"標高":"476m 1pt ",
				"GL":"PM64xx",
				"市郡区":"G#31010F / G#31010D ",
				"登山日":"",
				"メモ":"",
				"_markerType": "Icon",
				"_iconUrl": "https://maps.gsi.go.jp/portal/sys/v4/symbols/826.png",
				"_iconSize": [
					16,
					16
				],
				"_iconAnchor": [
					8,
					8
				]
			}
		},
		{
			"type": "Feature",
			"geometry": {
				"type": "Point",
				"coordinates": [
					 134.3407,
					 35.1049
				]
			},
			"properties": {
				"name": "JA/OY-178(点455)",
				"読み":"P455",
				"標高":"455m 1pt ",
				"GL":"PM75ec",
				"市郡区":"C#3117 ",
				"登山日":"",
				"メモ":"",
				"_markerType": "Icon",
				"_iconUrl": "https://maps.gsi.go.jp/portal/sys/v4/symbols/826.png",
				"_iconSize": [
					16,
					16
				],
				"_iconAnchor": [
					8,
					8
				]
			}
		},
		{
			"type": "Feature",
			"geometry": {
				"type": "Point",
				"coordinates": [
					 134.17,
					 34.9326
				]
			},
			"properties": {
				"name": "JA/OY-179(真木山近傍)",
				"読み":"Near_Makiyama",
				"標高":"430m 1pt ",
				"GL":"PM74cw",
				"市郡区":"C#3117 ",
				"登山日":"",
				"メモ":"",
				"_markerType": "Icon",
				"_iconUrl": "https://maps.gsi.go.jp/portal/sys/v4/symbols/826.png",
				"_iconSize": [
					16,
					16
				],
				"_iconAnchor": [
					8,
					8
				]
			}
		},
		{
			"type": "Feature",
			"geometry": {
				"type": "Point",
				"coordinates": [
					 133.7742,
					 35.0643
				]
			},
			"properties": {
				"name": "JA/OY-180(笹向山)",
				"読み":"Sasamukouyama",
				"標高":"419m 1pt ",
				"GL":"PM65vb",
				"市郡区":"C#3116 ",
				"登山日":"",
				"メモ":"",
				"_markerType": "Icon",
				"_iconUrl": "https://maps.gsi.go.jp/portal/sys/v4/symbols/826.png",
				"_iconSize": [
					16,
					16
				],
				"_iconAnchor": [
					8,
					8
				]
			}
		},
		{
			"type": "Feature",
			"geometry": {
				"type": "Point",
				"coordinates": [
					 133.7762,
					 35.0923
				]
			},
			"properties": {
				"name": "JA/OY-181(砥石山)",
				"読み":"Toishiyama",
				"標高":"418m 1pt ",
				"GL":"PM65vc",
				"市郡区":"C#3116 ",
				"登山日":"",
				"メモ":"",
				"_markerType": "Icon",
				"_iconUrl": "https://maps.gsi.go.jp/portal/sys/v4/symbols/826.png",
				"_iconSize": [
					16,
					16
				],
				"_iconAnchor": [
					8,
					8
				]
			}
		},
		{
			"type": "Feature",
			"geometry": {
				"type": "Point",
				"coordinates": [
					 133.567,
					 34.9134
				]
			},
			"properties": {
				"name": "JA/OY-182(点400)",
				"読み":"P400",
				"標高":"400m 1pt ",
				"GL":"PM64sv",
				"市郡区":"C#3111 ",
				"登山日":"",
				"メモ":"",
				"_markerType": "Icon",
				"_iconUrl": "https://maps.gsi.go.jp/portal/sys/v4/symbols/826.png",
				"_iconSize": [
					16,
					16
				],
				"_iconAnchor": [
					8,
					8
				]
			}
		},
		{
			"type": "Feature",
			"geometry": {
				"type": "Point",
				"coordinates": [
					 134.1675,
					 34.8585
				]
			},
			"properties": {
				"name": "JA/OY-183(松村山)",
				"読み":"Matsumurayama",
				"標高":"394m 1pt ",
				"GL":"PM74cu",
				"市郡区":"G#31019B ",
				"登山日":"",
				"メモ":"",
				"_markerType": "Icon",
				"_iconUrl": "https://maps.gsi.go.jp/portal/sys/v4/symbols/826.png",
				"_iconSize": [
					16,
					16
				],
				"_iconAnchor": [
					8,
					8
				]
			}
		},
		{
			"type": "Feature",
			"geometry": {
				"type": "Point",
				"coordinates": [
					 134.2812,
					 34.7739
				]
			},
			"properties": {
				"name": "JA/OY-184(点390)",
				"読み":"P390",
				"標高":"390m 1pt ",
				"GL":"PM74ds",
				"市郡区":"C#3113 ",
				"登山日":"",
				"メモ":"",
				"_markerType": "Icon",
				"_iconUrl": "https://maps.gsi.go.jp/portal/sys/v4/symbols/826.png",
				"_iconSize": [
					16,
					16
				],
				"_iconAnchor": [
					8,
					8
				]
			}
		},
		{
			"type": "Feature",
			"geometry": {
				"type": "Point",
				"coordinates": [
					 134.2645,
					 34.8113
				]
			},
			"properties": {
				"name": "JA/OY-185(天王山)",
				"読み":"Tennouzan",
				"標高":"354m 1pt ",
				"GL":"PM74dt",
				"市郡区":"C#3113 ",
				"登山日":"",
				"メモ":"",
				"_markerType": "Icon",
				"_iconUrl": "https://maps.gsi.go.jp/portal/sys/v4/symbols/826.png",
				"_iconSize": [
					16,
					16
				],
				"_iconAnchor": [
					8,
					8
				]
			}
		},
		{
			"type": "Feature",
			"geometry": {
				"type": "Point",
				"coordinates": [
					 134.0153,
					 35.0308
				]
			},
			"properties": {
				"name": "JA/OY-186(荒神山(三角点))",
				"読み":"Koujinyama",
				"標高":"351m 1pt ",
				"GL":"PM75aa",
				"市郡区":"C#3103 ",
				"登山日":"",
				"メモ":"",
				"_markerType": "Icon",
				"_iconUrl": "https://maps.gsi.go.jp/portal/sys/v4/symbols/826.png",
				"_iconSize": [
					16,
					16
				],
				"_iconAnchor": [
					8,
					8
				]
			}
		},
		{
			"type": "Feature",
			"geometry": {
				"type": "Point",
				"coordinates": [
					 134.152,
					 34.9611
				]
			},
			"properties": {
				"name": "JA/OY-187(榎谷(三角点))",
				"読み":"Enokidani",
				"標高":"340m 1pt ",
				"GL":"PM74bx",
				"市郡区":"C#3117 ",
				"登山日":"",
				"メモ":"",
				"_markerType": "Icon",
				"_iconUrl": "https://maps.gsi.go.jp/portal/sys/v4/symbols/826.png",
				"_iconSize": [
					16,
					16
				],
				"_iconAnchor": [
					8,
					8
				]
			}
		},
		{
			"type": "Feature",
			"geometry": {
				"type": "Point",
				"coordinates": [
					 134.0465,
					 35.0262
				]
			},
			"properties": {
				"name": "JA/OY-188(城山(三角点))",
				"読み":"Shiroyama",
				"標高":"332m 1pt ",
				"GL":"PM75aa",
				"市郡区":"G#31010F / C#3103 ",
				"登山日":"",
				"メモ":"",
				"_markerType": "Icon",
				"_iconUrl": "https://maps.gsi.go.jp/portal/sys/v4/symbols/826.png",
				"_iconSize": [
					16,
					16
				],
				"_iconAnchor": [
					8,
					8
				]
			}
		},
		{
			"type": "Feature",
			"geometry": {
				"type": "Point",
				"coordinates": [
					 133.7447,
					 35.0205
				]
			},
			"properties": {
				"name": "JA/OY-189(注連山)",
				"読み":"Shimeyama",
				"標高":"320m 1pt ",
				"GL":"PM65ua",
				"市郡区":"C#3116 ",
				"登山日":"",
				"メモ":"",
				"_markerType": "Icon",
				"_iconUrl": "https://maps.gsi.go.jp/portal/sys/v4/symbols/826.png",
				"_iconSize": [
					16,
					16
				],
				"_iconAnchor": [
					8,
					8
				]
			}
		},
		{
			"type": "Feature",
			"geometry": {
				"type": "Point",
				"coordinates": [
					 133.5457,
					 34.5452
				]
			},
			"properties": {
				"name": "JA/OY-190(点303)",
				"読み":"P303",
				"標高":"303m 1pt ",
				"GL":"PM64sn",
				"市郡区":"C#3118 / C#3107 ",
				"登山日":"",
				"メモ":"",
				"_markerType": "Icon",
				"_iconUrl": "https://maps.gsi.go.jp/portal/sys/v4/symbols/826.png",
				"_iconSize": [
					16,
					16
				],
				"_iconAnchor": [
					8,
					8
				]
			}
		},
		{
			"type": "Feature",
			"geometry": {
				"type": "Point",
				"coordinates": [
					 133.8664,
					 34.5185
				]
			},
			"properties": {
				"name": "JA/OY-191(小島地(三角点))",
				"読み":"Kojimachi",
				"標高":"300m 1pt ",
				"GL":"PM64wm",
				"市郡区":"C#3102 / C#310104 / C#3104",
				"登山日":"",
				"メモ":"",
				"_markerType": "Icon",
				"_iconUrl": "https://maps.gsi.go.jp/portal/sys/v4/symbols/826.png",
				"_iconSize": [
					16,
					16
				],
				"_iconAnchor": [
					8,
					8
				]
			}
		},
		{
			"type": "Feature",
			"geometry": {
				"type": "Point",
				"coordinates": [
					 134.2107,
					 34.7378
				]
			},
			"properties": {
				"name": "JA/OY-192(前山)",
				"読み":"Maeyama",
				"標高":"292m 1pt ",
				"GL":"PM74cr",
				"市郡区":"C#3113 ",
				"登山日":"",
				"メモ":"",
				"_markerType": "Icon",
				"_iconUrl": "https://maps.gsi.go.jp/portal/sys/v4/symbols/826.png",
				"_iconSize": [
					16,
					16
				],
				"_iconAnchor": [
					8,
					8
				]
			}
		},
		{
			"type": "Feature",
			"geometry": {
				"type": "Point",
				"coordinates": [
					 133.9994,
					 34.5769
				]
			},
			"properties": {
				"name": "JA/OY-193(貝殻山)",
				"読み":"Kaigarayama",
				"標高":"288m 1pt ",
				"GL":"PM64xn",
				"市郡区":"C#310104 / C#3104 ",
				"登山日":"",
				"メモ":"",
				"_markerType": "Icon",
				"_iconUrl": "https://maps.gsi.go.jp/portal/sys/v4/symbols/826.png",
				"_iconSize": [
					16,
					16
				],
				"_iconAnchor": [
					8,
					8
				]
			}
		},
		{
			"type": "Feature",
			"geometry": {
				"type": "Point",
				"coordinates": [
					 134.3066,
					 34.742
				]
			},
			"properties": {
				"name": "JA/OY-194(深谷(三角点))",
				"読み":"Fukadani",
				"標高":"281m 1pt ",
				"GL":"PM74dr",
				"市郡区":"C#3113 ",
				"登山日":"",
				"メモ":"",
				"_markerType": "Icon",
				"_iconUrl": "https://maps.gsi.go.jp/portal/sys/v4/symbols/826.png",
				"_iconSize": [
					16,
					16
				],
				"_iconAnchor": [
					8,
					8
				]
			}
		},
		{
			"type": "Feature",
			"geometry": {
				"type": "Point",
				"coordinates": [
					 134.226,
					 34.7031
				]
			},
			"properties": {
				"name": "JA/OY-195(大平山)",
				"読み":"Oohirayama",
				"標高":"270m 1pt ",
				"GL":"PM74cq",
				"市郡区":"C#3114 ",
				"登山日":"",
				"メモ":"",
				"_markerType": "Icon",
				"_iconUrl": "https://maps.gsi.go.jp/portal/sys/v4/symbols/826.png",
				"_iconSize": [
					16,
					16
				],
				"_iconAnchor": [
					8,
					8
				]
			}
		},
		{
			"type": "Feature",
			"geometry": {
				"type": "Point",
				"coordinates": [
					 134.1921,
					 34.6926
				]
			},
			"properties": {
				"name": "JA/OY-196(玉葛山)",
				"読み":"Tamakazurayama",
				"標高":"267m 1pt ",
				"GL":"PM74cq",
				"市郡区":"C#3114 ",
				"登山日":"",
				"メモ":"",
				"_markerType": "Icon",
				"_iconUrl": "https://maps.gsi.go.jp/portal/sys/v4/symbols/826.png",
				"_iconSize": [
					16,
					16
				],
				"_iconAnchor": [
					8,
					8
				]
			}
		},
		{
			"type": "Feature",
			"geometry": {
				"type": "Point",
				"coordinates": [
					 133.5467,
					 34.5215
				]
			},
			"properties": {
				"name": "JA/OY-197(向山)",
				"読み":"Mukaiyama",
				"標高":"261m 1pt ",
				"GL":"PM64sm",
				"市郡区":"G#31003B / C#3107 ",
				"登山日":"",
				"メモ":"",
				"_markerType": "Icon",
				"_iconUrl": "https://maps.gsi.go.jp/portal/sys/v4/symbols/826.png",
				"_iconSize": [
					16,
					16
				],
				"_iconAnchor": [
					8,
					8
				]
			}
		},
		{
			"type": "Feature",
			"geometry": {
				"type": "Point",
				"coordinates": [
					 133.7902,
					 34.5483
				]
			},
			"properties": {
				"name": "JA/OY-198(種松山)",
				"読み":"Tanematsuyama",
				"標高":"257m 1pt ",
				"GL":"PM64vn",
				"市郡区":"C#3102 ",
				"登山日":"",
				"メモ":"",
				"_markerType": "Icon",
				"_iconUrl": "https://maps.gsi.go.jp/portal/sys/v4/symbols/826.png",
				"_iconSize": [
					16,
					16
				],
				"_iconAnchor": [
					8,
					8
				]
			}
		},
		{
			"type": "Feature",
			"geometry": {
				"type": "Point",
				"coordinates": [
					 133.9722,
					 34.7059
				]
			},
			"properties": {
				"name": "JA/OY-199(龍ノ口山)",
				"読み":"Tatsunokuchiyama",
				"標高":"256m 1pt ",
				"GL":"PM64xq",
				"市郡区":"C#310102 ",
				"登山日":"",
				"メモ":"",
				"_markerType": "Icon",
				"_iconUrl": "https://maps.gsi.go.jp/portal/sys/v4/symbols/826.png",
				"_iconSize": [
					16,
					16
				],
				"_iconAnchor": [
					8,
					8
				]
			}
		},
		{
			"type": "Feature",
			"geometry": {
				"type": "Point",
				"coordinates": [
					 133.5565,
					 34.6257
				]
			},
			"properties": {
				"name": "JA/OY-200(稲荷山)",
				"読み":"Inariyama",
				"標高":"253m 1pt ",
				"GL":"PM64sp",
				"市郡区":"G#31006B ",
				"登山日":"",
				"メモ":"",
				"_markerType": "Icon",
				"_iconUrl": "https://maps.gsi.go.jp/portal/sys/v4/symbols/826.png",
				"_iconSize": [
					16,
					16
				],
				"_iconAnchor": [
					8,
					8
				]
			}
		},
		{
			"type": "Feature",
			"geometry": {
				"type": "Point",
				"coordinates": [
					 133.5716,
					 34.4709
				]
			},
			"properties": {
				"name": "JA/OY-201(青佐山)",
				"読み":"Aosayama",
				"標高":"249m 1pt ",
				"GL":"PM64sl",
				"市郡区":"C#3107 / C#3118 ",
				"登山日":"",
				"メモ":"",
				"_markerType": "Icon",
				"_iconUrl": "https://maps.gsi.go.jp/portal/sys/v4/symbols/826.png",
				"_iconSize": [
					16,
					16
				],
				"_iconAnchor": [
					8,
					8
				]
			}
		},
		{
			"type": "Feature",
			"geometry": {
				"type": "Point",
				"coordinates": [
					 134.1259,
					 34.6856
				]
			},
			"properties": {
				"name": "JA/OY-202(桂山)",
				"読み":"Katsurayama",
				"標高":"245m 1pt ",
				"GL":"PM74bq",
				"市郡区":"C#3114 ",
				"登山日":"",
				"メモ":"",
				"_markerType": "Icon",
				"_iconUrl": "https://maps.gsi.go.jp/portal/sys/v4/symbols/826.png",
				"_iconSize": [
					16,
					16
				],
				"_iconAnchor": [
					8,
					8
				]
			}
		},
		{
			"type": "Feature",
			"geometry": {
				"type": "Point",
				"coordinates": [
					 133.5686,
					 34.4831
				]
			},
			"properties": {
				"name": "JA/OY-203(鉢山)",
				"読み":"Hachiyama",
				"標高":"242m 1pt ",
				"GL":"PM64sl",
				"市郡区":"C#3107 / C#3118 ",
				"登山日":"",
				"メモ":"",
				"_markerType": "Icon",
				"_iconUrl": "https://maps.gsi.go.jp/portal/sys/v4/symbols/826.png",
				"_iconSize": [
					16,
					16
				],
				"_iconAnchor": [
					8,
					8
				]
			}
		},
		{
			"type": "Feature",
			"geometry": {
				"type": "Point",
				"coordinates": [
					 133.9496,
					 34.527
				]
			},
			"properties": {
				"name": "JA/OY-204(十禅寺山)",
				"読み":"Jyuzenjiyama",
				"標高":"239m 1pt ",
				"GL":"PM64xm",
				"市郡区":"C#3104 ",
				"登山日":"",
				"メモ":"",
				"_markerType": "Icon",
				"_iconUrl": "https://maps.gsi.go.jp/portal/sys/v4/symbols/826.png",
				"_iconSize": [
					16,
					16
				],
				"_iconAnchor": [
					8,
					8
				]
			}
		},
		{
			"type": "Feature",
			"geometry": {
				"type": "Point",
				"coordinates": [
					 134.079,
					 34.7405
				]
			},
			"properties": {
				"name": "JA/OY-205(展望の丘(三谷山))",
				"読み":"Tenbounooka",
				"標高":"237m 1pt ",
				"GL":"PM74ar",
				"市郡区":"C#310103 ",
				"登山日":"",
				"メモ":"",
				"_markerType": "Icon",
				"_iconUrl": "https://maps.gsi.go.jp/portal/sys/v4/symbols/826.png",
				"_iconSize": [
					16,
					16
				],
				"_iconAnchor": [
					8,
					8
				]
			}
		},
		{
			"type": "Feature",
			"geometry": {
				"type": "Point",
				"coordinates": [
					 133.912,
					 34.5251
				]
			},
			"properties": {
				"name": "JA/OY-206(麦飯山)",
				"読み":"Mugiisan",
				"標高":"232m 1pt ",
				"GL":"PM64wm",
				"市郡区":"C#3104 ",
				"登山日":"",
				"メモ":"",
				"_markerType": "Icon",
				"_iconUrl": "https://maps.gsi.go.jp/portal/sys/v4/symbols/826.png",
				"_iconSize": [
					16,
					16
				],
				"_iconAnchor": [
					8,
					8
				]
			}
		},
		{
			"type": "Feature",
			"geometry": {
				"type": "Point",
				"coordinates": [
					 134.0155,
					 34.6713
				]
			},
			"properties": {
				"name": "JA/OY-207(芥子山)",
				"読み":"Keshigoyama",
				"標高":"232m 1pt ",
				"GL":"PM74aq",
				"市郡区":"C#310103 ",
				"登山日":"",
				"メモ":"",
				"_markerType": "Icon",
				"_iconUrl": "https://maps.gsi.go.jp/portal/sys/v4/symbols/826.png",
				"_iconSize": [
					16,
					16
				],
				"_iconAnchor": [
					8,
					8
				]
			}
		},
		{
			"type": "Feature",
			"geometry": {
				"type": "Point",
				"coordinates": [
					 133.8014,
					 34.6607
				]
			},
			"properties": {
				"name": "JA/OY-208(江田山)",
				"読み":"Edayama",
				"標高":"227m 1pt ",
				"GL":"PM64vp",
				"市郡区":"C#3102 / C#3110 ",
				"登山日":"",
				"メモ":"",
				"_markerType": "Icon",
				"_iconUrl": "https://maps.gsi.go.jp/portal/sys/v4/symbols/826.png",
				"_iconSize": [
					16,
					16
				],
				"_iconAnchor": [
					8,
					8
				]
			}
		},
		{
			"type": "Feature",
			"geometry": {
				"type": "Point",
				"coordinates": [
					 134.2523,
					 34.7225
				]
			},
			"properties": {
				"name": "JA/OY-209(点224)",
				"読み":"P224",
				"標高":"224m 1pt ",
				"GL":"PM74dr",
				"市郡区":"C#3113 ",
				"登山日":"",
				"メモ":"",
				"_markerType": "Icon",
				"_iconUrl": "https://maps.gsi.go.jp/portal/sys/v4/symbols/826.png",
				"_iconSize": [
					16,
					16
				],
				"_iconAnchor": [
					8,
					8
				]
			}
		},
		{
			"type": "Feature",
			"geometry": {
				"type": "Point",
				"coordinates": [
					 133.5231,
					 34.5066
				]
			},
			"properties": {
				"name": "JA/OY-210(応神山)",
				"読み":"Oujinyama",
				"標高":"218m 1pt ",
				"GL":"PM64sm",
				"市郡区":"C#3107 ",
				"登山日":"",
				"メモ":"",
				"_markerType": "Icon",
				"_iconUrl": "https://maps.gsi.go.jp/portal/sys/v4/symbols/826.png",
				"_iconSize": [
					16,
					16
				],
				"_iconAnchor": [
					8,
					8
				]
			}
		},
		{
			"type": "Feature",
			"geometry": {
				"type": "Point",
				"coordinates": [
					 133.6984,
					 34.6121
				]
			},
			"properties": {
				"name": "JA/OY-211(反古山)",
				"読み":"Houguyama",
				"標高":"210m 1pt ",
				"GL":"PM64uo",
				"市郡区":"C#3102 ",
				"登山日":"",
				"メモ":"",
				"_markerType": "Icon",
				"_iconUrl": "https://maps.gsi.go.jp/portal/sys/v4/symbols/826.png",
				"_iconSize": [
					16,
					16
				],
				"_iconAnchor": [
					8,
					8
				]
			}
		},
		{
			"type": "Feature",
			"geometry": {
				"type": "Point",
				"coordinates": [
					 133.507,
					 34.5231
				]
			},
			"properties": {
				"name": "JA/OY-212(宮崎山)",
				"読み":"Miyazakiyama",
				"標高":"208m 1pt ",
				"GL":"PM64sm",
				"市郡区":"C#3107 ",
				"登山日":"",
				"メモ":"",
				"_markerType": "Icon",
				"_iconUrl": "https://maps.gsi.go.jp/portal/sys/v4/symbols/826.png",
				"_iconSize": [
					16,
					16
				],
				"_iconAnchor": [
					8,
					8
				]
			}
		},
		{
			"type": "Feature",
			"geometry": {
				"type": "Point",
				"coordinates": [
					 134.1336,
					 34.8021
				]
			},
			"properties": {
				"name": "JA/OY-213(イモリ岩近傍)",
				"読み":"Near_Imoriiwa",
				"標高":"190m 1pt ",
				"GL":"PM74bt",
				"市郡区":"G#31019B ",
				"登山日":"",
				"メモ":"",
				"_markerType": "Icon",
				"_iconUrl": "https://maps.gsi.go.jp/portal/sys/v4/symbols/826.png",
				"_iconSize": [
					16,
					16
				],
				"_iconAnchor": [
					8,
					8
				]
			}
		},
		{
			"type": "Feature",
			"geometry": {
				"type": "Point",
				"coordinates": [
					 133.5315,
					 34.3036
				]
			},
			"properties": {
				"name": "JA/OY-214(大石山)",
				"読み":"Ooishiyama",
				"標高":"185m 1pt ",
				"GL":"PM64sh",
				"市郡区":"C#3107 ",
				"登山日":"",
				"メモ":"",
				"_markerType": "Icon",
				"_iconUrl": "https://maps.gsi.go.jp/portal/sys/v4/symbols/826.png",
				"_iconSize": [
					16,
					16
				],
				"_iconAnchor": [
					8,
					8
				]
			}
		},
		{
			"type": "Feature",
			"geometry": {
				"type": "Point",
				"coordinates": [
					 134.0802,
					 34.6325
				]
			},
			"properties": {
				"name": "JA/OY-215(無常山)",
				"読み":"Mujyouyama",
				"標高":"184m 1pt ",
				"GL":"PM74ap",
				"市郡区":"C#310103 / C#3114 ",
				"登山日":"",
				"メモ":"",
				"_markerType": "Icon",
				"_iconUrl": "https://maps.gsi.go.jp/portal/sys/v4/symbols/826.png",
				"_iconSize": [
					16,
					16
				],
				"_iconAnchor": [
					8,
					8
				]
			}
		},
		{
			"type": "Feature",
			"geometry": {
				"type": "Point",
				"coordinates": [
					 133.8582,
					 34.6744
				]
			},
			"properties": {
				"name": "JA/OY-216(吉備中山近傍)",
				"読み":"Near_Kibinakayama",
				"標高":"170m 1pt ",
				"GL":"PM64wq",
				"市郡区":"C#310101 ",
				"登山日":"",
				"メモ":"",
				"_markerType": "Icon",
				"_iconUrl": "https://maps.gsi.go.jp/portal/sys/v4/symbols/826.png",
				"_iconSize": [
					16,
					16
				],
				"_iconAnchor": [
					8,
					8
				]
			}
		},
		{
			"type": "Feature",
			"geometry": {
				"type": "Point",
				"coordinates": [
					 133.4694,
					 34.4993
				]
			},
			"properties": {
				"name": "JA/OY-217(大見山)",
				"読み":"Oomiyama",
				"標高":"169m 1pt ",
				"GL":"PM64rl",
				"市郡区":"C#3107 ",
				"登山日":"",
				"メモ":"",
				"_markerType": "Icon",
				"_iconUrl": "https://maps.gsi.go.jp/portal/sys/v4/symbols/826.png",
				"_iconSize": [
					16,
					16
				],
				"_iconAnchor": [
					8,
					8
				]
			}
		},
		{
			"type": "Feature",
			"geometry": {
				"type": "Point",
				"coordinates": [
					 133.5134,
					 34.3954
				]
			},
			"properties": {
				"name": "JA/OY-218(立石山)",
				"読み":"Tateishiyama",
				"標高":"169m 1pt ",
				"GL":"PM64sj",
				"市郡区":"C#3107 ",
				"登山日":"",
				"メモ":"",
				"_markerType": "Icon",
				"_iconUrl": "https://maps.gsi.go.jp/portal/sys/v4/symbols/826.png",
				"_iconSize": [
					16,
					16
				],
				"_iconAnchor": [
					8,
					8
				]
			}
		},
		{
			"type": "Feature",
			"geometry": {
				"type": "Point",
				"coordinates": [
					 133.9555,
					 34.6611
				]
			},
			"properties": {
				"name": "JA/OY-219(操山)",
				"読み":"Misaoyama",
				"標高":"168m 1pt ",
				"GL":"PM64xp",
				"市郡区":"C#310102 ",
				"登山日":"",
				"メモ":"",
				"_markerType": "Icon",
				"_iconUrl": "https://maps.gsi.go.jp/portal/sys/v4/symbols/826.png",
				"_iconSize": [
					16,
					16
				],
				"_iconAnchor": [
					8,
					8
				]
			}
		},
		{
			"type": "Feature",
			"geometry": {
				"type": "Point",
				"coordinates": [
					 133.7234,
					 34.5624
				]
			},
			"properties": {
				"name": "JA/OY-220(大平山)",
				"読み":"Oohirayama",
				"標高":"162m 1pt ",
				"GL":"PM64un",
				"市郡区":"C#3102 ",
				"登山日":"",
				"メモ":"",
				"_markerType": "Icon",
				"_iconUrl": "https://maps.gsi.go.jp/portal/sys/v4/symbols/826.png",
				"_iconSize": [
					16,
					16
				],
				"_iconAnchor": [
					8,
					8
				]
			}
		},
		{
			"type": "Feature",
			"geometry": {
				"type": "Point",
				"coordinates": [
					 131.9672,
					 34.4771
				]
			},
			"properties": {
				"name": "JA/SN-001(安蔵寺山)",
				"読み":"Azoujiyama",
				"標高":"1263m 8pt ",
				"GL":"PM54xl",
				"市郡区":"G#32008C / C#3204 / G#32008E",
				"登山日":"",
				"メモ":"",
				"_markerType": "Icon",
				"_iconUrl": "https://maps.gsi.go.jp/portal/sys/v4/symbols/104.png",
				"_iconSize": [
					16,
					16
				],
				"_iconAnchor": [
					8,
					8
				]
			}
		},
		{
			"type": "Feature",
			"geometry": {
				"type": "Point",
				"coordinates": [
					 132.0915,
					 34.5899
				]
			},
			"properties": {
				"name": "JA/SN-002(広見山)",
				"読み":"Hiromiyama",
				"標高":"1187m 8pt ",
				"GL":"PM64bo",
				"市郡区":"C#3204 ",
				"登山日":"",
				"メモ":"",
				"_markerType": "Icon",
				"_iconUrl": "https://maps.gsi.go.jp/portal/sys/v4/symbols/104.png",
				"_iconSize": [
					16,
					16
				],
				"_iconAnchor": [
					8,
					8
				]
			}
		},
		{
			"type": "Feature",
			"geometry": {
				"type": "Point",
				"coordinates": [
					 132.0284,
					 34.5157
				]
			},
			"properties": {
				"name": "JA/SN-003(赤谷山)",
				"読み":"Akataniyama",
				"標高":"1181m 8pt ",
				"GL":"PM64am",
				"市郡区":"C#3204 ",
				"登山日":"",
				"メモ":"",
				"_markerType": "Icon",
				"_iconUrl": "https://maps.gsi.go.jp/portal/sys/v4/symbols/104.png",
				"_iconSize": [
					16,
					16
				],
				"_iconAnchor": [
					8,
					8
				]
			}
		},
		{
			"type": "Feature",
			"geometry": {
				"type": "Point",
				"coordinates": [
					 132.6216,
					 35.1405
				]
			},
			"properties": {
				"name": "JA/SN-004(三瓶山(男三瓶山))",
				"読み":"Sanbesan/Osanbesan",
				"標高":"1126m 8pt ",
				"GL":"PM65hd",
				"市郡区":"C#3205 ",
				"登山日":"",
				"メモ":"",
				"_markerType": "Icon",
				"_iconUrl": "https://maps.gsi.go.jp/portal/sys/v4/symbols/104.png",
				"_iconSize": [
					16,
					16
				],
				"_iconAnchor": [
					8,
					8
				]
			}
		},
		{
			"type": "Feature",
			"geometry": {
				"type": "Point",
				"coordinates": [
					 131.971,
					 34.4243
				]
			},
			"properties": {
				"name": "JA/SN-005(白旗(三角点))",
				"読み":"P1109",
				"標高":"1109m 8pt ",
				"GL":"PM54xk",
				"市郡区":"G#32008E ",
				"登山日":"",
				"メモ":"",
				"_markerType": "Icon",
				"_iconUrl": "https://maps.gsi.go.jp/portal/sys/v4/symbols/104.png",
				"_iconSize": [
					16,
					16
				],
				"_iconAnchor": [
					8,
					8
				]
			}
		},
		{
			"type": "Feature",
			"geometry": {
				"type": "Point",
				"coordinates": [
					 131.778,
					 34.3534
				]
			},
			"properties": {
				"name": "JA/SN-006(弟見山)",
				"読み":"Ototomiyama",
				"標高":"1085m 6pt ",
				"GL":"PM54vi",
				"市郡区":"G#32008E / C#3315 ",
				"登山日":"",
				"メモ":"",
				"_markerType": "Icon",
				"_iconUrl": "https://maps.gsi.go.jp/portal/sys/v4/symbols/103.png",
				"_iconSize": [
					16,
					16
				],
				"_iconAnchor": [
					8,
					8
				]
			}
		},
		{
			"type": "Feature",
			"geometry": {
				"type": "Point",
				"coordinates": [
					 133.1348,
					 35.1174
				]
			},
			"properties": {
				"name": "JA/SN-007(点1080(鈩原奥(三角点)近傍))",
				"読み":"P1080",
				"標高":"1080m 6pt ",
				"GL":"PM65nc",
				"市郡区":"G#32012C ",
				"登山日":"",
				"メモ":"",
				"_markerType": "Icon",
				"_iconUrl": "https://maps.gsi.go.jp/portal/sys/v4/symbols/103.png",
				"_iconSize": [
					16,
					16
				],
				"_iconAnchor": [
					8,
					8
				]
			}
		},
		{
			"type": "Feature",
			"geometry": {
				"type": "Point",
				"coordinates": [
					 131.9582,
					 34.5156
				]
			},
			"properties": {
				"name": "JA/SN-008(燕岳)",
				"読み":"Tsubamedake",
				"標高":"1079m 6pt ",
				"GL":"PM54xm",
				"市郡区":"G#32008C / C#3204 ",
				"登山日":"",
				"メモ":"",
				"_markerType": "Icon",
				"_iconUrl": "https://maps.gsi.go.jp/portal/sys/v4/symbols/103.png",
				"_iconSize": [
					16,
					16
				],
				"_iconAnchor": [
					8,
					8
				]
			}
		},
		{
			"type": "Feature",
			"geometry": {
				"type": "Point",
				"coordinates": [
					 132.1164,
					 34.7115
				]
			},
			"properties": {
				"name": "JA/SN-009(点1060(鍋淵(三角点)近傍))",
				"読み":"P1060",
				"標高":"1060m 6pt ",
				"GL":"PM64br",
				"市郡区":"C#3202 / C#3204 ",
				"登山日":"",
				"メモ":"",
				"_markerType": "Icon",
				"_iconUrl": "https://maps.gsi.go.jp/portal/sys/v4/symbols/103.png",
				"_iconSize": [
					16,
					16
				],
				"_iconAnchor": [
					8,
					8
				]
			}
		},
		{
			"type": "Feature",
			"geometry": {
				"type": "Point",
				"coordinates": [
					 133.0865,
					 35.1022
				]
			},
			"properties": {
				"name": "JA/SN-010(佛山(三角点))",
				"読み":"Hotokeyama",
				"標高":"1048m 6pt ",
				"GL":"PM65nc",
				"市郡区":"G#32012C ",
				"登山日":"",
				"メモ":"",
				"_markerType": "Icon",
				"_iconUrl": "https://maps.gsi.go.jp/portal/sys/v4/symbols/103.png",
				"_iconSize": [
					16,
					16
				],
				"_iconAnchor": [
					8,
					8
				]
			}
		},
		{
			"type": "Feature",
			"geometry": {
				"type": "Point",
				"coordinates": [
					 131.7847,
					 34.3999
				]
			},
			"properties": {
				"name": "JA/SN-011(高岳山)",
				"読み":"Takadakeyama",
				"標高":"1041m 6pt ",
				"GL":"PM54vj",
				"市郡区":"G#32008E / C#3301 ",
				"登山日":"",
				"メモ":"",
				"_markerType": "Icon",
				"_iconUrl": "https://maps.gsi.go.jp/portal/sys/v4/symbols/103.png",
				"_iconSize": [
					16,
					16
				],
				"_iconAnchor": [
					8,
					8
				]
			}
		},
		{
			"type": "Feature",
			"geometry": {
				"type": "Point",
				"coordinates": [
					 131.8392,
					 34.3766
				]
			},
			"properties": {
				"name": "JA/SN-012(鈴ノ大谷山)",
				"読み":"Suzunoootaniyama",
				"標高":"1036m 6pt ",
				"GL":"PM54wj",
				"市郡区":"G#32008E ",
				"登山日":"",
				"メモ":"",
				"_markerType": "Icon",
				"_iconUrl": "https://maps.gsi.go.jp/portal/sys/v4/symbols/103.png",
				"_iconSize": [
					16,
					16
				],
				"_iconAnchor": [
					8,
					8
				]
			}
		},
		{
			"type": "Feature",
			"geometry": {
				"type": "Point",
				"coordinates": [
					 132.7825,
					 35.0482
				]
			},
			"properties": {
				"name": "JA/SN-013(琴引山(弥山))",
				"読み":"Kotobikisan/Misen",
				"標高":"1013m 6pt ",
				"GL":"PM65jb",
				"市郡区":"G#32003F ",
				"登山日":"",
				"メモ":"",
				"_markerType": "Icon",
				"_iconUrl": "https://maps.gsi.go.jp/portal/sys/v4/symbols/103.png",
				"_iconSize": [
					16,
					16
				],
				"_iconAnchor": [
					8,
					8
				]
			}
		},
		{
			"type": "Feature",
			"geometry": {
				"type": "Point",
				"coordinates": [
					 132.1234,
					 34.6747
				]
			},
			"properties": {
				"name": "JA/SN-014(点1010)",
				"読み":"P1010",
				"標高":"1010m 6pt ",
				"GL":"PM64bq",
				"市郡区":"C#3204 ",
				"登山日":"",
				"メモ":"",
				"_markerType": "Icon",
				"_iconUrl": "https://maps.gsi.go.jp/portal/sys/v4/symbols/103.png",
				"_iconSize": [
					16,
					16
				],
				"_iconAnchor": [
					8,
					8
				]
			}
		},
		{
			"type": "Feature",
			"geometry": {
				"type": "Point",
				"coordinates": [
					 131.6953,
					 34.4383
				]
			},
			"properties": {
				"name": "JA/SN-015(十種ヶ峰)",
				"読み":"Tokusagamine",
				"標高":"989m 6pt ",
				"GL":"PM54uk",
				"市郡区":"G#32008C / C#3301 ",
				"登山日":"",
				"メモ":"",
				"_markerType": "Icon",
				"_iconUrl": "https://maps.gsi.go.jp/portal/sys/v4/symbols/103.png",
				"_iconSize": [
					16,
					16
				],
				"_iconAnchor": [
					8,
					8
				]
			}
		},
		{
			"type": "Feature",
			"geometry": {
				"type": "Point",
				"coordinates": [
					 132.0547,
					 34.6223
				]
			},
			"properties": {
				"name": "JA/SN-016(春日山)",
				"読み":"Kasugayama",
				"標高":"989m 6pt ",
				"GL":"PM64ao",
				"市郡区":"C#3204 ",
				"登山日":"",
				"メモ":"",
				"_markerType": "Icon",
				"_iconUrl": "https://maps.gsi.go.jp/portal/sys/v4/symbols/103.png",
				"_iconSize": [
					16,
					16
				],
				"_iconAnchor": [
					8,
					8
				]
			}
		},
		{
			"type": "Feature",
			"geometry": {
				"type": "Point",
				"coordinates": [
					 132.8137,
					 35.1048
				]
			},
			"properties": {
				"name": "JA/SN-018(沖の郷山)",
				"読み":"Okinogoyama",
				"標高":"957m 6pt ",
				"GL":"PM65jc",
				"市郡区":"G#32003F / C#3209 ",
				"登山日":"",
				"メモ":"",
				"_markerType": "Icon",
				"_iconUrl": "https://maps.gsi.go.jp/portal/sys/v4/symbols/103.png",
				"_iconSize": [
					16,
					16
				],
				"_iconAnchor": [
					8,
					8
				]
			}
		},
		{
			"type": "Feature",
			"geometry": {
				"type": "Point",
				"coordinates": [
					 133.0394,
					 35.0982
				]
			},
			"properties": {
				"name": "JA/SN-019(矢筈山)",
				"読み":"Yahazuyama",
				"標高":"937m 6pt ",
				"GL":"PM65mc",
				"市郡区":"G#32012C ",
				"登山日":"",
				"メモ":"",
				"_markerType": "Icon",
				"_iconUrl": "https://maps.gsi.go.jp/portal/sys/v4/symbols/103.png",
				"_iconSize": [
					16,
					16
				],
				"_iconAnchor": [
					8,
					8
				]
			}
		},
		{
			"type": "Feature",
			"geometry": {
				"type": "Point",
				"coordinates": [
					 132.096,
					 34.6969
				]
			},
			"properties": {
				"name": "JA/SN-020(鴉ケ山(三角点))",
				"読み":"Karasugayama",
				"標高":"920m 6pt ",
				"GL":"PM64bq",
				"市郡区":"C#3204 ",
				"登山日":"",
				"メモ":"",
				"_markerType": "Icon",
				"_iconUrl": "https://maps.gsi.go.jp/portal/sys/v4/symbols/103.png",
				"_iconSize": [
					16,
					16
				],
				"_iconAnchor": [
					8,
					8
				]
			}
		},
		{
			"type": "Feature",
			"geometry": {
				"type": "Point",
				"coordinates": [
					 132.2387,
					 34.8021
				]
			},
			"properties": {
				"name": "JA/SN-021(雲月山)",
				"読み":"Ungetsuyama",
				"標高":"911m 6pt ",
				"GL":"PM64ct",
				"市郡区":"C#3202 / G#35016I ",
				"登山日":"",
				"メモ":"",
				"_markerType": "Icon",
				"_iconUrl": "https://maps.gsi.go.jp/portal/sys/v4/symbols/103.png",
				"_iconSize": [
					16,
					16
				],
				"_iconAnchor": [
					8,
					8
				]
			}
		},
		{
			"type": "Feature",
			"geometry": {
				"type": "Point",
				"coordinates": [
					 131.7981,
					 34.4622
				]
			},
			"properties": {
				"name": "JA/SN-022(青野山)",
				"読み":"Aonoyama",
				"標高":"908m 6pt ",
				"GL":"PM54vl",
				"市郡区":"G#32008C ",
				"登山日":"",
				"メモ":"",
				"_markerType": "Icon",
				"_iconUrl": "https://maps.gsi.go.jp/portal/sys/v4/symbols/103.png",
				"_iconSize": [
					16,
					16
				],
				"_iconAnchor": [
					8,
					8
				]
			}
		},
		{
			"type": "Feature",
			"geometry": {
				"type": "Point",
				"coordinates": [
					 131.8607,
					 34.3711
				]
			},
			"properties": {
				"name": "JA/SN-023(盛太ヶ岳)",
				"読み":"Mottagatake",
				"標高":"891m 6pt ",
				"GL":"PM54wi",
				"市郡区":"G#32008E ",
				"登山日":"",
				"メモ":"",
				"_markerType": "Icon",
				"_iconUrl": "https://maps.gsi.go.jp/portal/sys/v4/symbols/103.png",
				"_iconSize": [
					16,
					16
				],
				"_iconAnchor": [
					8,
					8
				]
			}
		},
		{
			"type": "Feature",
			"geometry": {
				"type": "Point",
				"coordinates": [
					 132.4107,
					 34.8624
				]
			},
			"properties": {
				"name": "JA/SN-024(原山)",
				"読み":"Harayama",
				"標高":"888m 6pt ",
				"GL":"PM64eu",
				"市郡区":"G#32004I ",
				"登山日":"",
				"メモ":"",
				"_markerType": "Icon",
				"_iconUrl": "https://maps.gsi.go.jp/portal/sys/v4/symbols/103.png",
				"_iconSize": [
					16,
					16
				],
				"_iconAnchor": [
					8,
					8
				]
			}
		},
		{
			"type": "Feature",
			"geometry": {
				"type": "Point",
				"coordinates": [
					 132.5018,
					 34.9175
				]
			},
			"properties": {
				"name": "JA/SN-025(冠山)",
				"読み":"Kanzan",
				"標高":"863m 6pt ",
				"GL":"PM64gw",
				"市郡区":"G#32004I ",
				"登山日":"",
				"メモ":"",
				"_markerType": "Icon",
				"_iconUrl": "https://maps.gsi.go.jp/portal/sys/v4/symbols/103.png",
				"_iconSize": [
					16,
					16
				],
				"_iconAnchor": [
					8,
					8
				]
			}
		},
		{
			"type": "Feature",
			"geometry": {
				"type": "Point",
				"coordinates": [
					 132.8095,
					 35.1326
				]
			},
			"properties": {
				"name": "JA/SN-026(兜山)",
				"読み":"Kabutoyama",
				"標高":"844m 4pt ",
				"GL":"PM65jd",
				"市郡区":"C#3209 ",
				"登山日":"",
				"メモ":"",
				"_markerType": "Icon",
				"_iconUrl": "https://maps.gsi.go.jp/portal/sys/v4/symbols/828.png",
				"_iconSize": [
					16,
					16
				],
				"_iconAnchor": [
					8,
					8
				]
			}
		},
		{
			"type": "Feature",
			"geometry": {
				"type": "Point",
				"coordinates": [
					 133.13,
					 35.2089
				]
			},
			"properties": {
				"name": "JA/SN-027(鳩岡(三角点))",
				"読み":"Hatooka",
				"標高":"835m 4pt ",
				"GL":"PM65nf",
				"市郡区":"G#32012C / C#3209 ",
				"登山日":"",
				"メモ":"",
				"_markerType": "Icon",
				"_iconUrl": "https://maps.gsi.go.jp/portal/sys/v4/symbols/828.png",
				"_iconSize": [
					16,
					16
				],
				"_iconAnchor": [
					8,
					8
				]
			}
		},
		{
			"type": "Feature",
			"geometry": {
				"type": "Point",
				"coordinates": [
					 132.4137,
					 34.9069
				]
			},
			"properties": {
				"name": "JA/SN-028(京太郎山)",
				"読み":"Kyotaroyama",
				"標高":"827m 4pt ",
				"GL":"PM64ev",
				"市郡区":"G#32004I ",
				"登山日":"",
				"メモ":"",
				"_markerType": "Icon",
				"_iconUrl": "https://maps.gsi.go.jp/portal/sys/v4/symbols/828.png",
				"_iconSize": [
					16,
					16
				],
				"_iconAnchor": [
					8,
					8
				]
			}
		},
		{
			"type": "Feature",
			"geometry": {
				"type": "Point",
				"coordinates": [
					 131.9077,
					 34.4701
				]
			},
			"properties": {
				"name": "JA/SN-029(点826)",
				"読み":"P826",
				"標高":"826m 4pt ",
				"GL":"PM54wl",
				"市郡区":"G#32008E / G#32008C ",
				"登山日":"",
				"メモ":"",
				"_markerType": "Icon",
				"_iconUrl": "https://maps.gsi.go.jp/portal/sys/v4/symbols/828.png",
				"_iconSize": [
					16,
					16
				],
				"_iconAnchor": [
					8,
					8
				]
			}
		},
		{
			"type": "Feature",
			"geometry": {
				"type": "Point",
				"coordinates": [
					 132.4287,
					 35.0639
				]
			},
			"properties": {
				"name": "JA/SN-030(大江高山)",
				"読み":"Ooetakayama",
				"標高":"808m 4pt ",
				"GL":"PM65fb",
				"市郡区":"C#3205 ",
				"登山日":"",
				"メモ":"",
				"_markerType": "Icon",
				"_iconUrl": "https://maps.gsi.go.jp/portal/sys/v4/symbols/828.png",
				"_iconSize": [
					16,
					16
				],
				"_iconAnchor": [
					8,
					8
				]
			}
		},
		{
			"type": "Feature",
			"geometry": {
				"type": "Point",
				"coordinates": [
					 133.0725,
					 35.2493
				]
			},
			"properties": {
				"name": "JA/SN-031(三郡山)",
				"読み":"Sangunsan",
				"標高":"806m 4pt ",
				"GL":"PM65mf",
				"市郡区":"G#32012C / C#3209 / C#3206",
				"登山日":"",
				"メモ":"",
				"_markerType": "Icon",
				"_iconUrl": "https://maps.gsi.go.jp/portal/sys/v4/symbols/828.png",
				"_iconSize": [
					16,
					16
				],
				"_iconAnchor": [
					8,
					8
				]
			}
		},
		{
			"type": "Feature",
			"geometry": {
				"type": "Point",
				"coordinates": [
					 132.3742,
					 34.86
				]
			},
			"properties": {
				"name": "JA/SN-032(栃山)",
				"読み":"Tochiyama",
				"標高":"804m 4pt ",
				"GL":"PM64eu",
				"市郡区":"G#32004I / C#3202 ",
				"登山日":"",
				"メモ":"",
				"_markerType": "Icon",
				"_iconUrl": "https://maps.gsi.go.jp/portal/sys/v4/symbols/828.png",
				"_iconSize": [
					16,
					16
				],
				"_iconAnchor": [
					8,
					8
				]
			}
		},
		{
			"type": "Feature",
			"geometry": {
				"type": "Point",
				"coordinates": [
					 131.9101,
					 34.5512
				]
			},
			"properties": {
				"name": "JA/SN-033(三子山)",
				"読み":"Mitsugoyama",
				"標高":"800m 4pt ",
				"GL":"PM54wn",
				"市郡区":"G#32008C / C#3204 ",
				"登山日":"",
				"メモ":"",
				"_markerType": "Icon",
				"_iconUrl": "https://maps.gsi.go.jp/portal/sys/v4/symbols/828.png",
				"_iconSize": [
					16,
					16
				],
				"_iconAnchor": [
					8,
					8
				]
			}
		},
		{
			"type": "Feature",
			"geometry": {
				"type": "Point",
				"coordinates": [
					 131.8399,
					 34.4756
				]
			},
			"properties": {
				"name": "JA/SN-034(点799)",
				"読み":"P799",
				"標高":"799m 4pt ",
				"GL":"PM54wl",
				"市郡区":"G#32008E / G#32008C ",
				"登山日":"",
				"メモ":"",
				"_markerType": "Icon",
				"_iconUrl": "https://maps.gsi.go.jp/portal/sys/v4/symbols/828.png",
				"_iconSize": [
					16,
					16
				],
				"_iconAnchor": [
					8,
					8
				]
			}
		},
		{
			"type": "Feature",
			"geometry": {
				"type": "Point",
				"coordinates": [
					 132.7874,
					 35.1243
				]
			},
			"properties": {
				"name": "JA/SN-035(上才釜(三角点))",
				"読み":"Jyousaigama",
				"標高":"783m 4pt ",
				"GL":"PM65jc",
				"市郡区":"G#32003F ",
				"登山日":"",
				"メモ":"",
				"_markerType": "Icon",
				"_iconUrl": "https://maps.gsi.go.jp/portal/sys/v4/symbols/828.png",
				"_iconSize": [
					16,
					16
				],
				"_iconAnchor": [
					8,
					8
				]
			}
		},
		{
			"type": "Feature",
			"geometry": {
				"type": "Point",
				"coordinates": [
					 131.9649,
					 34.6346
				]
			},
			"properties": {
				"name": "JA/SN-037(日晩山)",
				"読み":"Higurashiyama",
				"標高":"743m 4pt ",
				"GL":"PM54xp",
				"市郡区":"C#3204 ",
				"登山日":"",
				"メモ":"",
				"_markerType": "Icon",
				"_iconUrl": "https://maps.gsi.go.jp/portal/sys/v4/symbols/828.png",
				"_iconSize": [
					16,
					16
				],
				"_iconAnchor": [
					8,
					8
				]
			}
		},
		{
			"type": "Feature",
			"geometry": {
				"type": "Point",
				"coordinates": [
					 132.6879,
					 35.0256
				]
			},
			"properties": {
				"name": "JA/SN-038(点742(充満山近傍))",
				"読み":"P742(Near_Jyumanyama)",
				"標高":"742m 4pt ",
				"GL":"PM65ia",
				"市郡区":"G#32003F / G#32004H ",
				"登山日":"",
				"メモ":"",
				"_markerType": "Icon",
				"_iconUrl": "https://maps.gsi.go.jp/portal/sys/v4/symbols/828.png",
				"_iconSize": [
					16,
					16
				],
				"_iconAnchor": [
					8,
					8
				]
			}
		},
		{
			"type": "Feature",
			"geometry": {
				"type": "Point",
				"coordinates": [
					 133.2062,
					 35.264
				]
			},
			"properties": {
				"name": "JA/SN-039(点740)",
				"読み":"P740",
				"標高":"740m 4pt ",
				"GL":"PM65og",
				"市郡区":"C#3206 ",
				"登山日":"",
				"メモ":"",
				"_markerType": "Icon",
				"_iconUrl": "https://maps.gsi.go.jp/portal/sys/v4/symbols/828.png",
				"_iconSize": [
					16,
					16
				],
				"_iconAnchor": [
					8,
					8
				]
			}
		},
		{
			"type": "Feature",
			"geometry": {
				"type": "Point",
				"coordinates": [
					 132.7495,
					 35.1827
				]
			},
			"properties": {
				"name": "JA/SN-040(羽幸大山(三角点))",
				"読み":"Hakoudaisen",
				"標高":"727m 4pt ",
				"GL":"PM65ie",
				"市郡区":"C#3209 / C#3203 ",
				"登山日":"",
				"メモ":"",
				"_markerType": "Icon",
				"_iconUrl": "https://maps.gsi.go.jp/portal/sys/v4/symbols/828.png",
				"_iconSize": [
					16,
					16
				],
				"_iconAnchor": [
					8,
					8
				]
			}
		},
		{
			"type": "Feature",
			"geometry": {
				"type": "Point",
				"coordinates": [
					 132.7238,
					 35.1281
				]
			},
			"properties": {
				"name": "JA/SN-041(野田山)",
				"読み":"Nodayama",
				"標高":"723m 4pt ",
				"GL":"PM65id",
				"市郡区":"C#3209 ",
				"登山日":"",
				"メモ":"",
				"_markerType": "Icon",
				"_iconUrl": "https://maps.gsi.go.jp/portal/sys/v4/symbols/828.png",
				"_iconSize": [
					16,
					16
				],
				"_iconAnchor": [
					8,
					8
				]
			}
		},
		{
			"type": "Feature",
			"geometry": {
				"type": "Point",
				"coordinates": [
					 132.758,
					 35.137
				]
			},
			"properties": {
				"name": "JA/SN-042(東屋(三角点))",
				"読み":"Azumaya",
				"標高":"721m 4pt ",
				"GL":"PM65jd",
				"市郡区":"C#3209 ",
				"登山日":"",
				"メモ":"",
				"_markerType": "Icon",
				"_iconUrl": "https://maps.gsi.go.jp/portal/sys/v4/symbols/828.png",
				"_iconSize": [
					16,
					16
				],
				"_iconAnchor": [
					8,
					8
				]
			}
		},
		{
			"type": "Feature",
			"geometry": {
				"type": "Point",
				"coordinates": [
					 132.191,
					 34.8321
				]
			},
			"properties": {
				"name": "JA/SN-043(金木山)",
				"読み":"Kanagiyama",
				"標高":"720m 4pt ",
				"GL":"PM64ct",
				"市郡区":"C#3202 ",
				"登山日":"",
				"メモ":"",
				"_markerType": "Icon",
				"_iconUrl": "https://maps.gsi.go.jp/portal/sys/v4/symbols/828.png",
				"_iconSize": [
					16,
					16
				],
				"_iconAnchor": [
					8,
					8
				]
			}
		},
		{
			"type": "Feature",
			"geometry": {
				"type": "Point",
				"coordinates": [
					 132.52,
					 34.9563
				]
			},
			"properties": {
				"name": "JA/SN-044(高堀山)",
				"読み":"Takaboriyama",
				"標高":"718m 4pt ",
				"GL":"PM64gw",
				"市郡区":"G#32004C / G#32004I ",
				"登山日":"",
				"メモ":"",
				"_markerType": "Icon",
				"_iconUrl": "https://maps.gsi.go.jp/portal/sys/v4/symbols/828.png",
				"_iconSize": [
					16,
					16
				],
				"_iconAnchor": [
					8,
					8
				]
			}
		},
		{
			"type": "Feature",
			"geometry": {
				"type": "Point",
				"coordinates": [
					 133.0682,
					 35.1365
				]
			},
			"properties": {
				"name": "JA/SN-045(点718)",
				"読み":"P718",
				"標高":"718m 4pt ",
				"GL":"PM65md",
				"市郡区":"G#32012C ",
				"登山日":"",
				"メモ":"",
				"_markerType": "Icon",
				"_iconUrl": "https://maps.gsi.go.jp/portal/sys/v4/symbols/828.png",
				"_iconSize": [
					16,
					16
				],
				"_iconAnchor": [
					8,
					8
				]
			}
		},
		{
			"type": "Feature",
			"geometry": {
				"type": "Point",
				"coordinates": [
					 132.3546,
					 34.903
				]
			},
			"properties": {
				"name": "JA/SN-046(松原山)",
				"読み":"Matsubarayama",
				"標高":"717m 4pt ",
				"GL":"PM64ev",
				"市郡区":"G#32004I ",
				"登山日":"",
				"メモ":"",
				"_markerType": "Icon",
				"_iconUrl": "https://maps.gsi.go.jp/portal/sys/v4/symbols/828.png",
				"_iconSize": [
					16,
					16
				],
				"_iconAnchor": [
					8,
					8
				]
			}
		},
		{
			"type": "Feature",
			"geometry": {
				"type": "Point",
				"coordinates": [
					 132.0813,
					 34.7968
				]
			},
			"properties": {
				"name": "JA/SN-047(漁山)",
				"読み":"Isariyama",
				"標高":"714m 4pt ",
				"GL":"PM64at",
				"市郡区":"C#3202 ",
				"登山日":"",
				"メモ":"",
				"_markerType": "Icon",
				"_iconUrl": "https://maps.gsi.go.jp/portal/sys/v4/symbols/828.png",
				"_iconSize": [
					16,
					16
				],
				"_iconAnchor": [
					8,
					8
				]
			}
		},
		{
			"type": "Feature",
			"geometry": {
				"type": "Point",
				"coordinates": [
					 132.7839,
					 35.1877
				]
			},
			"properties": {
				"name": "JA/SN-048(滝谷(三角点))",
				"読み":"Takitani",
				"標高":"711m 4pt ",
				"GL":"PM65je",
				"市郡区":"C#3209 ",
				"登山日":"",
				"メモ":"",
				"_markerType": "Icon",
				"_iconUrl": "https://maps.gsi.go.jp/portal/sys/v4/symbols/828.png",
				"_iconSize": [
					16,
					16
				],
				"_iconAnchor": [
					8,
					8
				]
			}
		},
		{
			"type": "Feature",
			"geometry": {
				"type": "Point",
				"coordinates": [
					 132.2766,
					 34.8347
				]
			},
			"properties": {
				"name": "JA/SN-049(ぎつたて(三角点))",
				"読み":"Gitsutate",
				"標高":"707m 4pt ",
				"GL":"PM64du",
				"市郡区":"C#3202 ",
				"登山日":"",
				"メモ":"",
				"_markerType": "Icon",
				"_iconUrl": "https://maps.gsi.go.jp/portal/sys/v4/symbols/828.png",
				"_iconSize": [
					16,
					16
				],
				"_iconAnchor": [
					8,
					8
				]
			}
		},
		{
			"type": "Feature",
			"geometry": {
				"type": "Point",
				"coordinates": [
					 132.6869,
					 35.0726
				]
			},
			"properties": {
				"name": "JA/SN-050(七ツ飼)",
				"読み":"Nanatsugai",
				"標高":"682m 4pt ",
				"GL":"PM65ib",
				"市郡区":"G#32003F / G#32004H ",
				"登山日":"",
				"メモ":"",
				"_markerType": "Icon",
				"_iconUrl": "https://maps.gsi.go.jp/portal/sys/v4/symbols/828.png",
				"_iconSize": [
					16,
					16
				],
				"_iconAnchor": [
					8,
					8
				]
			}
		},
		{
			"type": "Feature",
			"geometry": {
				"type": "Point",
				"coordinates": [
					 132.1472,
					 34.8309
				]
			},
			"properties": {
				"name": "JA/SN-051(雲城山)",
				"読み":"Kumogiyama",
				"標高":"667m 4pt ",
				"GL":"PM64bt",
				"市郡区":"C#3202 ",
				"登山日":"",
				"メモ":"",
				"_markerType": "Icon",
				"_iconUrl": "https://maps.gsi.go.jp/portal/sys/v4/symbols/828.png",
				"_iconSize": [
					16,
					16
				],
				"_iconAnchor": [
					8,
					8
				]
			}
		},
		{
			"type": "Feature",
			"geometry": {
				"type": "Point",
				"coordinates": [
					 132.5816,
					 34.8483
				]
			},
			"properties": {
				"name": "JA/SN-052(大原山)",
				"読み":"Oharayama",
				"標高":"665m 4pt ",
				"GL":"PM64gu",
				"市郡区":"G#32004I ",
				"登山日":"",
				"メモ":"",
				"_markerType": "Icon",
				"_iconUrl": "https://maps.gsi.go.jp/portal/sys/v4/symbols/828.png",
				"_iconSize": [
					16,
					16
				],
				"_iconAnchor": [
					8,
					8
				]
			}
		},
		{
			"type": "Feature",
			"geometry": {
				"type": "Point",
				"coordinates": [
					 132.8495,
					 35.1763
				]
			},
			"properties": {
				"name": "JA/SN-053(栃山)",
				"読み":"Tochiyama",
				"標高":"664m 4pt ",
				"GL":"PM65ke",
				"市郡区":"C#3209 ",
				"登山日":"",
				"メモ":"",
				"_markerType": "Icon",
				"_iconUrl": "https://maps.gsi.go.jp/portal/sys/v4/symbols/828.png",
				"_iconSize": [
					16,
					16
				],
				"_iconAnchor": [
					8,
					8
				]
			}
		},
		{
			"type": "Feature",
			"geometry": {
				"type": "Point",
				"coordinates": [
					 133.0615,
					 35.3056
				]
			},
			"properties": {
				"name": "JA/SN-054(点660)",
				"読み":"P660",
				"標高":"660m 4pt ",
				"GL":"PM65mh",
				"市郡区":"C#3209 / C#3206 ",
				"登山日":"",
				"メモ":"",
				"_markerType": "Icon",
				"_iconUrl": "https://maps.gsi.go.jp/portal/sys/v4/symbols/828.png",
				"_iconSize": [
					16,
					16
				],
				"_iconAnchor": [
					8,
					8
				]
			}
		},
		{
			"type": "Feature",
			"geometry": {
				"type": "Point",
				"coordinates": [
					 132.71,
					 35.1615
				]
			},
			"properties": {
				"name": "JA/SN-055(満寿山)",
				"読み":"Manjyuyama",
				"標高":"659m 4pt ",
				"GL":"PM65id",
				"市郡区":"C#3209 / C#3203 ",
				"登山日":"",
				"メモ":"",
				"_markerType": "Icon",
				"_iconUrl": "https://maps.gsi.go.jp/portal/sys/v4/symbols/828.png",
				"_iconSize": [
					16,
					16
				],
				"_iconAnchor": [
					8,
					8
				]
			}
		},
		{
			"type": "Feature",
			"geometry": {
				"type": "Point",
				"coordinates": [
					 132.5775,
					 34.9662
				]
			},
			"properties": {
				"name": "JA/SN-056(唐溪山)",
				"読み":"Karataniyama",
				"標高":"658m 4pt ",
				"GL":"PM64gx",
				"市郡区":"G#32004H / G#32004I ",
				"登山日":"",
				"メモ":"",
				"_markerType": "Icon",
				"_iconUrl": "https://maps.gsi.go.jp/portal/sys/v4/symbols/828.png",
				"_iconSize": [
					16,
					16
				],
				"_iconAnchor": [
					8,
					8
				]
			}
		},
		{
			"type": "Feature",
			"geometry": {
				"type": "Point",
				"coordinates": [
					 132.5829,
					 34.9194
				]
			},
			"properties": {
				"name": "JA/SN-057(田ノ原冠山)",
				"読み":"Tanoharakanzan",
				"標高":"646m 2pt ",
				"GL":"PM64gw",
				"市郡区":"G#32004I ",
				"登山日":"",
				"メモ":"",
				"_markerType": "Icon",
				"_iconUrl": "https://maps.gsi.go.jp/portal/sys/v4/symbols/102.png",
				"_iconSize": [
					16,
					16
				],
				"_iconAnchor": [
					8,
					8
				]
			}
		},
		{
			"type": "Feature",
			"geometry": {
				"type": "Point",
				"coordinates": [
					 132.5511,
					 34.9964
				]
			},
			"properties": {
				"name": "JA/SN-058(蓬山)",
				"読み":"Hozan",
				"標高":"636m 2pt ",
				"GL":"PM64gx",
				"市郡区":"G#32004H / G#32004C ",
				"登山日":"",
				"メモ":"",
				"_markerType": "Icon",
				"_iconUrl": "https://maps.gsi.go.jp/portal/sys/v4/symbols/102.png",
				"_iconSize": [
					16,
					16
				],
				"_iconAnchor": [
					8,
					8
				]
			}
		},
		{
			"type": "Feature",
			"geometry": {
				"type": "Point",
				"coordinates": [
					 132.4168,
					 35.085
				]
			},
			"properties": {
				"name": "JA/SN-059(矢滝城山)",
				"読み":"Yatakishiroyama",
				"標高":"634m 2pt ",
				"GL":"PM65fc",
				"市郡区":"C#3205 ",
				"登山日":"",
				"メモ":"",
				"_markerType": "Icon",
				"_iconUrl": "https://maps.gsi.go.jp/portal/sys/v4/symbols/102.png",
				"_iconSize": [
					16,
					16
				],
				"_iconAnchor": [
					8,
					8
				]
			}
		},
		{
			"type": "Feature",
			"geometry": {
				"type": "Point",
				"coordinates": [
					 132.6013,
					 35.015
				]
			},
			"properties": {
				"name": "JA/SN-060(石見山)",
				"読み":"Ijimiyama",
				"標高":"629m 2pt ",
				"GL":"PM65ha",
				"市郡区":"G#32004H ",
				"登山日":"",
				"メモ":"",
				"_markerType": "Icon",
				"_iconUrl": "https://maps.gsi.go.jp/portal/sys/v4/symbols/102.png",
				"_iconSize": [
					16,
					16
				],
				"_iconAnchor": [
					8,
					8
				]
			}
		},
		{
			"type": "Feature",
			"geometry": {
				"type": "Point",
				"coordinates": [
					 132.7423,
					 35.1472
				]
			},
			"properties": {
				"name": "JA/SN-061(点620(土屋奥(三角点)近傍))",
				"読み":"P620",
				"標高":"620m 2pt ",
				"GL":"PM65id",
				"市郡区":"C#3209 ",
				"登山日":"",
				"メモ":"",
				"_markerType": "Icon",
				"_iconUrl": "https://maps.gsi.go.jp/portal/sys/v4/symbols/102.png",
				"_iconSize": [
					16,
					16
				],
				"_iconAnchor": [
					8,
					8
				]
			}
		},
		{
			"type": "Feature",
			"geometry": {
				"type": "Point",
				"coordinates": [
					 133.3305,
					 36.2568
				]
			},
			"properties": {
				"name": "JA/SN-062(大満寺山)",
				"読み":"Daimanjisan",
				"標高":"608m 2pt ",
				"GL":"PM66pg",
				"市郡区":"G#32006H ",
				"登山日":"",
				"メモ":"",
				"_markerType": "Icon",
				"_iconUrl": "https://maps.gsi.go.jp/portal/sys/v4/symbols/102.png",
				"_iconSize": [
					16,
					16
				],
				"_iconAnchor": [
					8,
					8
				]
			}
		},
		{
			"type": "Feature",
			"geometry": {
				"type": "Point",
				"coordinates": [
					 131.7352,
					 34.4535
				]
			},
			"properties": {
				"name": "JA/SN-063(高峰山)",
				"読み":"Takaminesan",
				"標高":"606m 2pt ",
				"GL":"PM54uk",
				"市郡区":"G#32008C ",
				"登山日":"",
				"メモ":"",
				"_markerType": "Icon",
				"_iconUrl": "https://maps.gsi.go.jp/portal/sys/v4/symbols/102.png",
				"_iconSize": [
					16,
					16
				],
				"_iconAnchor": [
					8,
					8
				]
			}
		},
		{
			"type": "Feature",
			"geometry": {
				"type": "Point",
				"coordinates": [
					 132.0069,
					 34.8217
				]
			},
			"properties": {
				"name": "JA/SN-064(大麻山)",
				"読み":"Taimasan",
				"標高":"599m 2pt ",
				"GL":"PM64at",
				"市郡区":"C#3202 ",
				"登山日":"",
				"メモ":"",
				"_markerType": "Icon",
				"_iconUrl": "https://maps.gsi.go.jp/portal/sys/v4/symbols/102.png",
				"_iconSize": [
					16,
					16
				],
				"_iconAnchor": [
					8,
					8
				]
			}
		},
		{
			"type": "Feature",
			"geometry": {
				"type": "Point",
				"coordinates": [
					 133.3154,
					 36.2792
				]
			},
			"properties": {
				"name": "JA/SN-065(葛尾山)",
				"読み":"Tsuzuraosan",
				"標高":"598m 2pt ",
				"GL":"PM66pg",
				"市郡区":"G#32006H ",
				"登山日":"",
				"メモ":"",
				"_markerType": "Icon",
				"_iconUrl": "https://maps.gsi.go.jp/portal/sys/v4/symbols/102.png",
				"_iconSize": [
					16,
					16
				],
				"_iconAnchor": [
					8,
					8
				]
			}
		},
		{
			"type": "Feature",
			"geometry": {
				"type": "Point",
				"coordinates": [
					 133.1633,
					 35.2671
				]
			},
			"properties": {
				"name": "JA/SN-066(川奥(三角点))",
				"読み":"Kawaoku",
				"標高":"596m 2pt ",
				"GL":"PM65ng",
				"市郡区":"C#3206 ",
				"登山日":"",
				"メモ":"",
				"_markerType": "Icon",
				"_iconUrl": "https://maps.gsi.go.jp/portal/sys/v4/symbols/102.png",
				"_iconSize": [
					16,
					16
				],
				"_iconAnchor": [
					8,
					8
				]
			}
		},
		{
			"type": "Feature",
			"geometry": {
				"type": "Point",
				"coordinates": [
					 132.3587,
					 34.9273
				]
			},
			"properties": {
				"name": "JA/SN-067(帆柱山)",
				"読み":"Hobashirayama",
				"標高":"593m 2pt ",
				"GL":"PM64ew",
				"市郡区":"G#32004I / C#3207 ",
				"登山日":"",
				"メモ":"",
				"_markerType": "Icon",
				"_iconUrl": "https://maps.gsi.go.jp/portal/sys/v4/symbols/102.png",
				"_iconSize": [
					16,
					16
				],
				"_iconAnchor": [
					8,
					8
				]
			}
		},
		{
			"type": "Feature",
			"geometry": {
				"type": "Point",
				"coordinates": [
					 132.3685,
					 35.0075
				]
			},
			"properties": {
				"name": "JA/SN-068(西山)",
				"読み":"Nishiyama",
				"標高":"593m 2pt ",
				"GL":"PM65ea",
				"市郡区":"C#3207 / C#3205 ",
				"登山日":"",
				"メモ":"",
				"_markerType": "Icon",
				"_iconUrl": "https://maps.gsi.go.jp/portal/sys/v4/symbols/102.png",
				"_iconSize": [
					16,
					16
				],
				"_iconAnchor": [
					8,
					8
				]
			}
		},
		{
			"type": "Feature",
			"geometry": {
				"type": "Point",
				"coordinates": [
					 131.8858,
					 34.5877
				]
			},
			"properties": {
				"name": "JA/SN-069(赤石山)",
				"読み":"Akaishiyama",
				"標高":"587m 2pt ",
				"GL":"PM54wo",
				"市郡区":"G#32008C ",
				"登山日":"",
				"メモ":"",
				"_markerType": "Icon",
				"_iconUrl": "https://maps.gsi.go.jp/portal/sys/v4/symbols/102.png",
				"_iconSize": [
					16,
					16
				],
				"_iconAnchor": [
					8,
					8
				]
			}
		},
		{
			"type": "Feature",
			"geometry": {
				"type": "Point",
				"coordinates": [
					 132.3913,
					 35.0676
				]
			},
			"properties": {
				"name": "JA/SN-070(三子山)",
				"読み":"Mitsugoyama",
				"標高":"586m 2pt ",
				"GL":"PM65eb",
				"市郡区":"C#3205 ",
				"登山日":"",
				"メモ":"",
				"_markerType": "Icon",
				"_iconUrl": "https://maps.gsi.go.jp/portal/sys/v4/symbols/102.png",
				"_iconSize": [
					16,
					16
				],
				"_iconAnchor": [
					8,
					8
				]
			}
		},
		{
			"type": "Feature",
			"geometry": {
				"type": "Point",
				"coordinates": [
					 132.3851,
					 34.9356
				]
			},
			"properties": {
				"name": "JA/SN-071(鳶ノ子山)",
				"読み":"Tobinokoyama",
				"標高":"584m 2pt ",
				"GL":"PM64ew",
				"市郡区":"G#32004I / C#3207 ",
				"登山日":"",
				"メモ":"",
				"_markerType": "Icon",
				"_iconUrl": "https://maps.gsi.go.jp/portal/sys/v4/symbols/102.png",
				"_iconSize": [
					16,
					16
				],
				"_iconAnchor": [
					8,
					8
				]
			}
		},
		{
			"type": "Feature",
			"geometry": {
				"type": "Point",
				"coordinates": [
					 133.0232,
					 35.2182
				]
			},
			"properties": {
				"name": "JA/SN-072(城山)",
				"読み":"Shiroyama",
				"標高":"578m 2pt ",
				"GL":"PM65mf",
				"市郡区":"G#32012C ",
				"登山日":"",
				"メモ":"",
				"_markerType": "Icon",
				"_iconUrl": "https://maps.gsi.go.jp/portal/sys/v4/symbols/102.png",
				"_iconSize": [
					16,
					16
				],
				"_iconAnchor": [
					8,
					8
				]
			}
		},
		{
			"type": "Feature",
			"geometry": {
				"type": "Point",
				"coordinates": [
					 133.1101,
					 35.2894
				]
			},
			"properties": {
				"name": "JA/SN-073(滝上(三角点))",
				"読み":"Takigami",
				"標高":"575m 2pt ",
				"GL":"PM65ng",
				"市郡区":"C#3206 ",
				"登山日":"",
				"メモ":"",
				"_markerType": "Icon",
				"_iconUrl": "https://maps.gsi.go.jp/portal/sys/v4/symbols/102.png",
				"_iconSize": [
					16,
					16
				],
				"_iconAnchor": [
					8,
					8
				]
			}
		},
		{
			"type": "Feature",
			"geometry": {
				"type": "Point",
				"coordinates": [
					 131.7333,
					 34.5174
				]
			},
			"properties": {
				"name": "JA/SN-074(須郷田山)",
				"読み":"Sugodayama",
				"標高":"574m 2pt ",
				"GL":"PM54um",
				"市郡区":"G#32008C ",
				"登山日":"",
				"メモ":"",
				"_markerType": "Icon",
				"_iconUrl": "https://maps.gsi.go.jp/portal/sys/v4/symbols/102.png",
				"_iconSize": [
					16,
					16
				],
				"_iconAnchor": [
					8,
					8
				]
			}
		},
		{
			"type": "Feature",
			"geometry": {
				"type": "Point",
				"coordinates": [
					 133.2395,
					 36.2487
				]
			},
			"properties": {
				"name": "JA/SN-075(横尾山)",
				"読み":"Yokooyama",
				"標高":"573m 2pt ",
				"GL":"PM66of",
				"市郡区":"G#32006H ",
				"登山日":"",
				"メモ":"",
				"_markerType": "Icon",
				"_iconUrl": "https://maps.gsi.go.jp/portal/sys/v4/symbols/102.png",
				"_iconSize": [
					16,
					16
				],
				"_iconAnchor": [
					8,
					8
				]
			}
		},
		{
			"type": "Feature",
			"geometry": {
				"type": "Point",
				"coordinates": [
					 132.7845,
					 35.2437
				]
			},
			"properties": {
				"name": "JA/SN-076(点570)",
				"読み":"P570",
				"標高":"570m 2pt ",
				"GL":"PM65jf",
				"市郡区":"C#3203 / C#3209 ",
				"登山日":"",
				"メモ":"",
				"_markerType": "Icon",
				"_iconUrl": "https://maps.gsi.go.jp/portal/sys/v4/symbols/102.png",
				"_iconSize": [
					16,
					16
				],
				"_iconAnchor": [
					8,
					8
				]
			}
		},
		{
			"type": "Feature",
			"geometry": {
				"type": "Point",
				"coordinates": [
					 132.754,
					 35.2605
				]
			},
			"properties": {
				"name": "JA/SN-077(王院山近傍)",
				"読み":"Near_Ouinzan",
				"標高":"570m 2pt ",
				"GL":"PM65jg",
				"市郡区":"C#3203 ",
				"登山日":"",
				"メモ":"",
				"_markerType": "Icon",
				"_iconUrl": "https://maps.gsi.go.jp/portal/sys/v4/symbols/102.png",
				"_iconSize": [
					16,
					16
				],
				"_iconAnchor": [
					8,
					8
				]
			}
		},
		{
			"type": "Feature",
			"geometry": {
				"type": "Point",
				"coordinates": [
					 132.572,
					 34.9835
				]
			},
			"properties": {
				"name": "JA/SN-078(立掛山)",
				"読み":"Tachikakeyama",
				"標高":"565m 2pt ",
				"GL":"PM64gx",
				"市郡区":"G#32004H ",
				"登山日":"",
				"メモ":"",
				"_markerType": "Icon",
				"_iconUrl": "https://maps.gsi.go.jp/portal/sys/v4/symbols/102.png",
				"_iconSize": [
					16,
					16
				],
				"_iconAnchor": [
					8,
					8
				]
			}
		},
		{
			"type": "Feature",
			"geometry": {
				"type": "Point",
				"coordinates": [
					 131.758,
					 34.5289
				]
			},
			"properties": {
				"name": "JA/SN-079(胡摩ヶ岳)",
				"読み":"Gomagatake",
				"標高":"561m 2pt ",
				"GL":"PM54vm",
				"市郡区":"G#32008C ",
				"登山日":"",
				"メモ":"",
				"_markerType": "Icon",
				"_iconUrl": "https://maps.gsi.go.jp/portal/sys/v4/symbols/102.png",
				"_iconSize": [
					16,
					16
				],
				"_iconAnchor": [
					8,
					8
				]
			}
		},
		{
			"type": "Feature",
			"geometry": {
				"type": "Point",
				"coordinates": [
					 131.7325,
					 34.5631
				]
			},
			"properties": {
				"name": "JA/SN-080(中山(三角点))",
				"読み":"Nakayama",
				"標高":"557m 2pt ",
				"GL":"PM54un",
				"市郡区":"G#32008C / C#3204 ",
				"登山日":"",
				"メモ":"",
				"_markerType": "Icon",
				"_iconUrl": "https://maps.gsi.go.jp/portal/sys/v4/symbols/102.png",
				"_iconSize": [
					16,
					16
				],
				"_iconAnchor": [
					8,
					8
				]
			}
		},
		{
			"type": "Feature",
			"geometry": {
				"type": "Point",
				"coordinates": [
					 132.6342,
					 34.9982
				]
			},
			"properties": {
				"name": "JA/SN-081(冠山)",
				"読み":"Kanmuriyama",
				"標高":"556m 2pt ",
				"GL":"PM64hx",
				"市郡区":"G#32004H ",
				"登山日":"",
				"メモ":"",
				"_markerType": "Icon",
				"_iconUrl": "https://maps.gsi.go.jp/portal/sys/v4/symbols/102.png",
				"_iconSize": [
					16,
					16
				],
				"_iconAnchor": [
					8,
					8
				]
			}
		},
		{
			"type": "Feature",
			"geometry": {
				"type": "Point",
				"coordinates": [
					 131.9136,
					 34.6116
				]
			},
			"properties": {
				"name": "JA/SN-082(平野山)",
				"読み":"Hiranoyama",
				"標高":"554m 2pt ",
				"GL":"PM54wo",
				"市郡区":"C#3204 ",
				"登山日":"",
				"メモ":"",
				"_markerType": "Icon",
				"_iconUrl": "https://maps.gsi.go.jp/portal/sys/v4/symbols/102.png",
				"_iconSize": [
					16,
					16
				],
				"_iconAnchor": [
					8,
					8
				]
			}
		},
		{
			"type": "Feature",
			"geometry": {
				"type": "Point",
				"coordinates": [
					 131.8898,
					 34.6226
				]
			},
			"properties": {
				"name": "JA/SN-083(韮草山)",
				"読み":"Nirakusayama",
				"標高":"544m 2pt ",
				"GL":"PM54wo",
				"市郡区":"C#3204 ",
				"登山日":"",
				"メモ":"",
				"_markerType": "Icon",
				"_iconUrl": "https://maps.gsi.go.jp/portal/sys/v4/symbols/102.png",
				"_iconSize": [
					16,
					16
				],
				"_iconAnchor": [
					8,
					8
				]
			}
		},
		{
			"type": "Feature",
			"geometry": {
				"type": "Point",
				"coordinates": [
					 133.1031,
					 35.5415
				]
			},
			"properties": {
				"name": "JA/SN-084(三坂山)",
				"読み":"Misakayama",
				"標高":"536m 2pt ",
				"GL":"PM65nm",
				"市郡区":"C#3201 ",
				"登山日":"",
				"メモ":"",
				"_markerType": "Icon",
				"_iconUrl": "https://maps.gsi.go.jp/portal/sys/v4/symbols/102.png",
				"_iconSize": [
					16,
					16
				],
				"_iconAnchor": [
					8,
					8
				]
			}
		},
		{
			"type": "Feature",
			"geometry": {
				"type": "Point",
				"coordinates": [
					 132.7526,
					 35.4126
				]
			},
			"properties": {
				"name": "JA/SN-085(鼻高山)",
				"読み":"Hanatakasen",
				"標高":"536m 2pt ",
				"GL":"PM65jj",
				"市郡区":"C#3203 ",
				"登山日":"",
				"メモ":"",
				"_markerType": "Icon",
				"_iconUrl": "https://maps.gsi.go.jp/portal/sys/v4/symbols/102.png",
				"_iconSize": [
					16,
					16
				],
				"_iconAnchor": [
					8,
					8
				]
			}
		},
		{
			"type": "Feature",
			"geometry": {
				"type": "Point",
				"coordinates": [
					 132.571,
					 35.0219
				]
			},
			"properties": {
				"name": "JA/SN-086(矢飼ヶ城山)",
				"読み":"Yagaigajyoyama",
				"標高":"527m 2pt ",
				"GL":"PM65ga",
				"市郡区":"G#32004H ",
				"登山日":"",
				"メモ":"",
				"_markerType": "Icon",
				"_iconUrl": "https://maps.gsi.go.jp/portal/sys/v4/symbols/102.png",
				"_iconSize": [
					16,
					16
				],
				"_iconAnchor": [
					8,
					8
				]
			}
		},
		{
			"type": "Feature",
			"geometry": {
				"type": "Point",
				"coordinates": [
					 132.3352,
					 34.9928
				]
			},
			"properties": {
				"name": "JA/SN-087(高丸山)",
				"読み":"Takamaruyama",
				"標高":"526m 2pt ",
				"GL":"PM64ex",
				"市郡区":"C#3207 ",
				"登山日":"",
				"メモ":"",
				"_markerType": "Icon",
				"_iconUrl": "https://maps.gsi.go.jp/portal/sys/v4/symbols/102.png",
				"_iconSize": [
					16,
					16
				],
				"_iconAnchor": [
					8,
					8
				]
			}
		},
		{
			"type": "Feature",
			"geometry": {
				"type": "Point",
				"coordinates": [
					 132.732,
					 35.2497
				]
			},
			"properties": {
				"name": "JA/SN-088(黒山)",
				"読み":"Kuroyama",
				"標高":"525m 2pt ",
				"GL":"PM65if",
				"市郡区":"C#3203 ",
				"登山日":"",
				"メモ":"",
				"_markerType": "Icon",
				"_iconUrl": "https://maps.gsi.go.jp/portal/sys/v4/symbols/102.png",
				"_iconSize": [
					16,
					16
				],
				"_iconAnchor": [
					8,
					8
				]
			}
		},
		{
			"type": "Feature",
			"geometry": {
				"type": "Point",
				"coordinates": [
					 132.4166,
					 34.9644
				]
			},
			"properties": {
				"name": "JA/SN-089(甘南備寺山)",
				"読み":"Kannamijiyama",
				"標高":"522m 2pt ",
				"GL":"PM64fx",
				"市郡区":"C#3207 ",
				"登山日":"",
				"メモ":"",
				"_markerType": "Icon",
				"_iconUrl": "https://maps.gsi.go.jp/portal/sys/v4/symbols/102.png",
				"_iconSize": [
					16,
					16
				],
				"_iconAnchor": [
					8,
					8
				]
			}
		},
		{
			"type": "Feature",
			"geometry": {
				"type": "Point",
				"coordinates": [
					 133.2844,
					 36.2722
				]
			},
			"properties": {
				"name": "JA/SN-090(時張山)",
				"読み":"Tokiharisan",
				"標高":"522m 2pt ",
				"GL":"PM66pg",
				"市郡区":"G#32006H ",
				"登山日":"",
				"メモ":"",
				"_markerType": "Icon",
				"_iconUrl": "https://maps.gsi.go.jp/portal/sys/v4/symbols/102.png",
				"_iconSize": [
					16,
					16
				],
				"_iconAnchor": [
					8,
					8
				]
			}
		},
		{
			"type": "Feature",
			"geometry": {
				"type": "Point",
				"coordinates": [
					 132.5458,
					 34.8805
				]
			},
			"properties": {
				"name": "JA/SN-091(点520)",
				"読み":"P520",
				"標高":"520m 2pt ",
				"GL":"PM64gv",
				"市郡区":"G#32004I ",
				"登山日":"",
				"メモ":"",
				"_markerType": "Icon",
				"_iconUrl": "https://maps.gsi.go.jp/portal/sys/v4/symbols/102.png",
				"_iconSize": [
					16,
					16
				],
				"_iconAnchor": [
					8,
					8
				]
			}
		},
		{
			"type": "Feature",
			"geometry": {
				"type": "Point",
				"coordinates": [
					 132.0818,
					 34.8377
				]
			},
			"properties": {
				"name": "JA/SN-092(唐倉山)",
				"読み":"Karakurayama",
				"標高":"514m 2pt ",
				"GL":"PM64au",
				"市郡区":"C#3202 ",
				"登山日":"",
				"メモ":"",
				"_markerType": "Icon",
				"_iconUrl": "https://maps.gsi.go.jp/portal/sys/v4/symbols/102.png",
				"_iconSize": [
					16,
					16
				],
				"_iconAnchor": [
					8,
					8
				]
			}
		},
		{
			"type": "Feature",
			"geometry": {
				"type": "Point",
				"coordinates": [
					 133.278,
					 36.3084
				]
			},
			"properties": {
				"name": "JA/SN-093(大峯山)",
				"読み":"Oomineyama",
				"標高":"508m 2pt ",
				"GL":"PM66ph",
				"市郡区":"G#32006H ",
				"登山日":"",
				"メモ":"",
				"_markerType": "Icon",
				"_iconUrl": "https://maps.gsi.go.jp/portal/sys/v4/symbols/102.png",
				"_iconSize": [
					16,
					16
				],
				"_iconAnchor": [
					8,
					8
				]
			}
		},
		{
			"type": "Feature",
			"geometry": {
				"type": "Point",
				"coordinates": [
					 132.2774,
					 34.96
				]
			},
			"properties": {
				"name": "JA/SN-094(空城)",
				"読み":"Sorajyo",
				"標高":"505m 2pt ",
				"GL":"PM64dx",
				"市郡区":"C#3207 ",
				"登山日":"",
				"メモ":"",
				"_markerType": "Icon",
				"_iconUrl": "https://maps.gsi.go.jp/portal/sys/v4/symbols/102.png",
				"_iconSize": [
					16,
					16
				],
				"_iconAnchor": [
					8,
					8
				]
			}
		},
		{
			"type": "Feature",
			"geometry": {
				"type": "Point",
				"coordinates": [
					 132.6405,
					 34.8782
				]
			},
			"properties": {
				"name": "JA/SN-095(与次郎山)",
				"読み":"Yojiroyama",
				"標高":"498m 1pt ",
				"GL":"PM64hv",
				"市郡区":"G#32004I ",
				"登山日":"",
				"メモ":"",
				"_markerType": "Icon",
				"_iconUrl": "https://maps.gsi.go.jp/portal/sys/v4/symbols/826.png",
				"_iconSize": [
					16,
					16
				],
				"_iconAnchor": [
					8,
					8
				]
			}
		},
		{
			"type": "Feature",
			"geometry": {
				"type": "Point",
				"coordinates": [
					 132.6271,
					 34.9486
				]
			},
			"properties": {
				"name": "JA/SN-096(比敷(三角点近傍))",
				"読み":"Near_Hishiki",
				"標高":"490m 1pt ",
				"GL":"PM64hw",
				"市郡区":"G#32004H ",
				"登山日":"",
				"メモ":"",
				"_markerType": "Icon",
				"_iconUrl": "https://maps.gsi.go.jp/portal/sys/v4/symbols/826.png",
				"_iconSize": [
					16,
					16
				],
				"_iconAnchor": [
					8,
					8
				]
			}
		},
		{
			"type": "Feature",
			"geometry": {
				"type": "Point",
				"coordinates": [
					 131.7038,
					 34.5653
				]
			},
			"properties": {
				"name": "JA/SN-097(野垰(三角点))",
				"読み":"Notouge",
				"標高":"483m 1pt ",
				"GL":"PM54un",
				"市郡区":"G#32008C / C#3304 ",
				"登山日":"",
				"メモ":"",
				"_markerType": "Icon",
				"_iconUrl": "https://maps.gsi.go.jp/portal/sys/v4/symbols/826.png",
				"_iconSize": [
					16,
					16
				],
				"_iconAnchor": [
					8,
					8
				]
			}
		},
		{
			"type": "Feature",
			"geometry": {
				"type": "Point",
				"coordinates": [
					 132.4064,
					 34.9808
				]
			},
			"properties": {
				"name": "JA/SN-098(円山)",
				"読み":"Maruyama",
				"標高":"480m 1pt ",
				"GL":"PM64ex",
				"市郡区":"G#32004C ",
				"登山日":"",
				"メモ":"",
				"_markerType": "Icon",
				"_iconUrl": "https://maps.gsi.go.jp/portal/sys/v4/symbols/826.png",
				"_iconSize": [
					16,
					16
				],
				"_iconAnchor": [
					8,
					8
				]
			}
		},
		{
			"type": "Feature",
			"geometry": {
				"type": "Point",
				"coordinates": [
					 132.2509,
					 34.9195
				]
			},
			"properties": {
				"name": "JA/SN-099(点475)",
				"読み":"P475",
				"標高":"475m 1pt ",
				"GL":"PM64dw",
				"市郡区":"C#3202 / C#3207 ",
				"登山日":"",
				"メモ":"",
				"_markerType": "Icon",
				"_iconUrl": "https://maps.gsi.go.jp/portal/sys/v4/symbols/826.png",
				"_iconSize": [
					16,
					16
				],
				"_iconAnchor": [
					8,
					8
				]
			}
		},
		{
			"type": "Feature",
			"geometry": {
				"type": "Point",
				"coordinates": [
					 133.1642,
					 35.3872
				]
			},
			"properties": {
				"name": "JA/SN-100(京羅木山)",
				"読み":"Kyoragisan",
				"標高":"473m 1pt ",
				"GL":"PM65nj",
				"市郡区":"C#3206 / C#3201 ",
				"登山日":"",
				"メモ":"",
				"_markerType": "Icon",
				"_iconUrl": "https://maps.gsi.go.jp/portal/sys/v4/symbols/826.png",
				"_iconSize": [
					16,
					16
				],
				"_iconAnchor": [
					8,
					8
				]
			}
		},
		{
			"type": "Feature",
			"geometry": {
				"type": "Point",
				"coordinates": [
					 133.0087,
					 35.3682
				]
			},
			"properties": {
				"name": "JA/SN-101(点470)",
				"読み":"P470",
				"標高":"470m 1pt ",
				"GL":"PM65mi",
				"市郡区":"C#3209 / C#3201 ",
				"登山日":"",
				"メモ":"",
				"_markerType": "Icon",
				"_iconUrl": "https://maps.gsi.go.jp/portal/sys/v4/symbols/826.png",
				"_iconSize": [
					16,
					16
				],
				"_iconAnchor": [
					8,
					8
				]
			}
		},
		{
			"type": "Feature",
			"geometry": {
				"type": "Point",
				"coordinates": [
					 132.2375,
					 34.9842
				]
			},
			"properties": {
				"name": "JA/SN-102(島ノ星山(高角山))",
				"読み":"Shimanohoshiyama",
				"標高":"470m 1pt ",
				"GL":"PM64cx",
				"市郡区":"C#3207 ",
				"登山日":"",
				"メモ":"",
				"_markerType": "Icon",
				"_iconUrl": "https://maps.gsi.go.jp/portal/sys/v4/symbols/826.png",
				"_iconSize": [
					16,
					16
				],
				"_iconAnchor": [
					8,
					8
				]
			}
		},
		{
			"type": "Feature",
			"geometry": {
				"type": "Point",
				"coordinates": [
					 131.7988,
					 34.4967
				]
			},
			"properties": {
				"name": "JA/SN-103(深瀬山)",
				"読み":"Fukaseyama",
				"標高":"465m 1pt ",
				"GL":"PM54vl",
				"市郡区":"G#32008C ",
				"登山日":"",
				"メモ":"",
				"_markerType": "Icon",
				"_iconUrl": "https://maps.gsi.go.jp/portal/sys/v4/symbols/826.png",
				"_iconSize": [
					16,
					16
				],
				"_iconAnchor": [
					8,
					8
				]
			}
		},
		{
			"type": "Feature",
			"geometry": {
				"type": "Point",
				"coordinates": [
					 132.2877,
					 34.8739
				]
			},
			"properties": {
				"name": "JA/SN-104(防六山)",
				"読み":"Borokuyama",
				"標高":"463m 1pt ",
				"GL":"PM64du",
				"市郡区":"C#3202 ",
				"登山日":"",
				"メモ":"",
				"_markerType": "Icon",
				"_iconUrl": "https://maps.gsi.go.jp/portal/sys/v4/symbols/826.png",
				"_iconSize": [
					16,
					16
				],
				"_iconAnchor": [
					8,
					8
				]
			}
		},
		{
			"type": "Feature",
			"geometry": {
				"type": "Point",
				"coordinates": [
					 132.3066,
					 34.9166
				]
			},
			"properties": {
				"name": "JA/SN-105(大蕎麦山)",
				"読み":"Daisobayama",
				"標高":"458m 1pt ",
				"GL":"PM64dv",
				"市郡区":"C#3207 ",
				"登山日":"",
				"メモ":"",
				"_markerType": "Icon",
				"_iconUrl": "https://maps.gsi.go.jp/portal/sys/v4/symbols/826.png",
				"_iconSize": [
					16,
					16
				],
				"_iconAnchor": [
					8,
					8
				]
			}
		},
		{
			"type": "Feature",
			"geometry": {
				"type": "Point",
				"coordinates": [
					 133.0319,
					 36.0747
				]
			},
			"properties": {
				"name": "JA/SN-106(焼火山)",
				"読み":"Takuhiyama",
				"標高":"452m 1pt ",
				"GL":"PM66mb",
				"市郡区":"G#32006G ",
				"登山日":"",
				"メモ":"",
				"_markerType": "Icon",
				"_iconUrl": "https://maps.gsi.go.jp/portal/sys/v4/symbols/826.png",
				"_iconSize": [
					16,
					16
				],
				"_iconAnchor": [
					8,
					8
				]
			}
		},
		{
			"type": "Feature",
			"geometry": {
				"type": "Point",
				"coordinates": [
					 132.6939,
					 34.8507
				]
			},
			"properties": {
				"name": "JA/SN-107(三国山)",
				"読み":"Mikuniyama",
				"標高":"449m 1pt ",
				"GL":"PM64iu",
				"市郡区":"G#32004I ",
				"登山日":"",
				"メモ":"",
				"_markerType": "Icon",
				"_iconUrl": "https://maps.gsi.go.jp/portal/sys/v4/symbols/826.png",
				"_iconSize": [
					16,
					16
				],
				"_iconAnchor": [
					8,
					8
				]
			}
		},
		{
			"type": "Feature",
			"geometry": {
				"type": "Point",
				"coordinates": [
					 132.4773,
					 34.9558
				]
			},
			"properties": {
				"name": "JA/SN-108(尾部志山)",
				"読み":"Obeshiyama",
				"標高":"447m 1pt ",
				"GL":"PM64fw",
				"市郡区":"G#32004C ",
				"登山日":"",
				"メモ":"",
				"_markerType": "Icon",
				"_iconUrl": "https://maps.gsi.go.jp/portal/sys/v4/symbols/826.png",
				"_iconSize": [
					16,
					16
				],
				"_iconAnchor": [
					8,
					8
				]
			}
		},
		{
			"type": "Feature",
			"geometry": {
				"type": "Point",
				"coordinates": [
					 132.3684,
					 35.0322
				]
			},
			"properties": {
				"name": "JA/SN-109(点446)",
				"読み":"P446",
				"標高":"446m 1pt ",
				"GL":"PM65ea",
				"市郡区":"C#3205 ",
				"登山日":"",
				"メモ":"",
				"_markerType": "Icon",
				"_iconUrl": "https://maps.gsi.go.jp/portal/sys/v4/symbols/826.png",
				"_iconSize": [
					16,
					16
				],
				"_iconAnchor": [
					8,
					8
				]
			}
		},
		{
			"type": "Feature",
			"geometry": {
				"type": "Point",
				"coordinates": [
					 132.544,
					 35.0595
				]
			},
			"properties": {
				"name": "JA/SN-110(松尾山)",
				"読み":"Matsuoyama",
				"標高":"438m 1pt ",
				"GL":"PM65gb",
				"市郡区":"G#32004H ",
				"登山日":"",
				"メモ":"",
				"_markerType": "Icon",
				"_iconUrl": "https://maps.gsi.go.jp/portal/sys/v4/symbols/826.png",
				"_iconSize": [
					16,
					16
				],
				"_iconAnchor": [
					8,
					8
				]
			}
		},
		{
			"type": "Feature",
			"geometry": {
				"type": "Point",
				"coordinates": [
					 132.3579,
					 34.9528
				]
			},
			"properties": {
				"name": "JA/SN-111(小屋尻山)",
				"読み":"Koyajiriyama",
				"標高":"436m 1pt ",
				"GL":"PM64ew",
				"市郡区":"C#3207 ",
				"登山日":"",
				"メモ":"",
				"_markerType": "Icon",
				"_iconUrl": "https://maps.gsi.go.jp/portal/sys/v4/symbols/826.png",
				"_iconSize": [
					16,
					16
				],
				"_iconAnchor": [
					8,
					8
				]
			}
		},
		{
			"type": "Feature",
			"geometry": {
				"type": "Point",
				"coordinates": [
					 133.0264,
					 36.1307
				]
			},
			"properties": {
				"name": "JA/SN-112(高崎山)",
				"読み":"Takasakiyama",
				"標高":"435m 1pt ",
				"GL":"PM66md",
				"市郡区":"G#32006G ",
				"登山日":"",
				"メモ":"",
				"_markerType": "Icon",
				"_iconUrl": "https://maps.gsi.go.jp/portal/sys/v4/symbols/826.png",
				"_iconSize": [
					16,
					16
				],
				"_iconAnchor": [
					8,
					8
				]
			}
		},
		{
			"type": "Feature",
			"geometry": {
				"type": "Point",
				"coordinates": [
					 131.7446,
					 34.6414
				]
			},
			"properties": {
				"name": "JA/SN-113(大道山)",
				"読み":"Oodouyama",
				"標高":"420m 1pt ",
				"GL":"PM54up",
				"市郡区":"C#3204 ",
				"登山日":"",
				"メモ":"",
				"_markerType": "Icon",
				"_iconUrl": "https://maps.gsi.go.jp/portal/sys/v4/symbols/826.png",
				"_iconSize": [
					16,
					16
				],
				"_iconAnchor": [
					8,
					8
				]
			}
		},
		{
			"type": "Feature",
			"geometry": {
				"type": "Point",
				"coordinates": [
					 132.1372,
					 34.8786
				]
			},
			"properties": {
				"name": "JA/SN-114(高平山)",
				"読み":"Takahirayama",
				"標高":"420m 1pt ",
				"GL":"PM64bv",
				"市郡区":"C#3202 ",
				"登山日":"",
				"メモ":"",
				"_markerType": "Icon",
				"_iconUrl": "https://maps.gsi.go.jp/portal/sys/v4/symbols/826.png",
				"_iconSize": [
					16,
					16
				],
				"_iconAnchor": [
					8,
					8
				]
			}
		},
		{
			"type": "Feature",
			"geometry": {
				"type": "Point",
				"coordinates": [
					 132.197,
					 34.921
				]
			},
			"properties": {
				"name": "JA/SN-115(大金(三角点))",
				"読み":"Oogane",
				"標高":"418m 1pt ",
				"GL":"PM64cw",
				"市郡区":"C#3202 ",
				"登山日":"",
				"メモ":"",
				"_markerType": "Icon",
				"_iconUrl": "https://maps.gsi.go.jp/portal/sys/v4/symbols/826.png",
				"_iconSize": [
					16,
					16
				],
				"_iconAnchor": [
					8,
					8
				]
			}
		},
		{
			"type": "Feature",
			"geometry": {
				"type": "Point",
				"coordinates": [
					 132.7874,
					 35.4719
				]
			},
			"properties": {
				"name": "JA/SN-116(摺木山)",
				"読み":"Surikisan",
				"標高":"415m 1pt ",
				"GL":"PM65jl",
				"市郡区":"C#3203 ",
				"登山日":"",
				"メモ":"",
				"_markerType": "Icon",
				"_iconUrl": "https://maps.gsi.go.jp/portal/sys/v4/symbols/826.png",
				"_iconSize": [
					16,
					16
				],
				"_iconAnchor": [
					8,
					8
				]
			}
		},
		{
			"type": "Feature",
			"geometry": {
				"type": "Point",
				"coordinates": [
					 132.959,
					 35.3716
				]
			},
			"properties": {
				"name": "JA/SN-117(大平山)",
				"読み":"Ohirayama",
				"標高":"410m 1pt ",
				"GL":"PM65li",
				"市郡区":"C#3209 / C#3201 ",
				"登山日":"",
				"メモ":"",
				"_markerType": "Icon",
				"_iconUrl": "https://maps.gsi.go.jp/portal/sys/v4/symbols/826.png",
				"_iconSize": [
					16,
					16
				],
				"_iconAnchor": [
					8,
					8
				]
			}
		},
		{
			"type": "Feature",
			"geometry": {
				"type": "Point",
				"coordinates": [
					 132.4523,
					 34.9757
				]
			},
			"properties": {
				"name": "JA/SN-118(帆柱山)",
				"読み":"Hobashirayama",
				"標高":"404m 1pt ",
				"GL":"PM64fx",
				"市郡区":"G#32004C ",
				"登山日":"",
				"メモ":"",
				"_markerType": "Icon",
				"_iconUrl": "https://maps.gsi.go.jp/portal/sys/v4/symbols/826.png",
				"_iconSize": [
					16,
					16
				],
				"_iconAnchor": [
					8,
					8
				]
			}
		},
		{
			"type": "Feature",
			"geometry": {
				"type": "Point",
				"coordinates": [
					 133.277,
					 36.2077
				]
			},
			"properties": {
				"name": "JA/SN-119(点372)",
				"読み":"P372",
				"標高":"372m 1pt ",
				"GL":"PM66pe",
				"市郡区":"G#32006H ",
				"登山日":"",
				"メモ":"",
				"_markerType": "Icon",
				"_iconUrl": "https://maps.gsi.go.jp/portal/sys/v4/symbols/826.png",
				"_iconSize": [
					16,
					16
				],
				"_iconAnchor": [
					8,
					8
				]
			}
		},
		{
			"type": "Feature",
			"geometry": {
				"type": "Point",
				"coordinates": [
					 132.8302,
					 35.358
				]
			},
			"properties": {
				"name": "JA/SN-120(仏経山)",
				"読み":"Bukkyozan",
				"標高":"366m 1pt ",
				"GL":"PM65ji",
				"市郡区":"C#3203 ",
				"登山日":"",
				"メモ":"",
				"_markerType": "Icon",
				"_iconUrl": "https://maps.gsi.go.jp/portal/sys/v4/symbols/826.png",
				"_iconSize": [
					16,
					16
				],
				"_iconAnchor": [
					8,
					8
				]
			}
		},
		{
			"type": "Feature",
			"geometry": {
				"type": "Point",
				"coordinates": [
					 131.9814,
					 34.7763
				]
			},
			"properties": {
				"name": "JA/SN-121(高城山)",
				"読み":"Takashiroyama",
				"標高":"362m 1pt ",
				"GL":"PM54xs",
				"市郡区":"C#3202 ",
				"登山日":"",
				"メモ":"",
				"_markerType": "Icon",
				"_iconUrl": "https://maps.gsi.go.jp/portal/sys/v4/symbols/826.png",
				"_iconSize": [
					16,
					16
				],
				"_iconAnchor": [
					8,
					8
				]
			}
		},
		{
			"type": "Feature",
			"geometry": {
				"type": "Point",
				"coordinates": [
					 132.7802,
					 35.3025
				]
			},
			"properties": {
				"name": "JA/SN-122(大袋山)",
				"読み":"Oobukuroyama",
				"標高":"360m 1pt ",
				"GL":"PM65jh",
				"市郡区":"C#3203 ",
				"登山日":"",
				"メモ":"",
				"_markerType": "Icon",
				"_iconUrl": "https://maps.gsi.go.jp/portal/sys/v4/symbols/826.png",
				"_iconSize": [
					16,
					16
				],
				"_iconAnchor": [
					8,
					8
				]
			}
		},
		{
			"type": "Feature",
			"geometry": {
				"type": "Point",
				"coordinates": [
					 133.2886,
					 35.3207
				]
			},
			"properties": {
				"name": "JA/SN-123(点360(要害(三角点)近傍))",
				"読み":"P360",
				"標高":"360m 1pt ",
				"GL":"PM65ph",
				"市郡区":"C#3206 ",
				"登山日":"",
				"メモ":"",
				"_markerType": "Icon",
				"_iconUrl": "https://maps.gsi.go.jp/portal/sys/v4/symbols/826.png",
				"_iconSize": [
					16,
					16
				],
				"_iconAnchor": [
					8,
					8
				]
			}
		},
		{
			"type": "Feature",
			"geometry": {
				"type": "Point",
				"coordinates": [
					 131.8981,
					 34.6796
				]
			},
			"properties": {
				"name": "JA/SN-124(比礼振山)",
				"読み":"Hirehuriyama",
				"標高":"359m 1pt ",
				"GL":"PM54wq",
				"市郡区":"C#3204 ",
				"登山日":"",
				"メモ":"",
				"_markerType": "Icon",
				"_iconUrl": "https://maps.gsi.go.jp/portal/sys/v4/symbols/826.png",
				"_iconSize": [
					16,
					16
				],
				"_iconAnchor": [
					8,
					8
				]
			}
		},
		{
			"type": "Feature",
			"geometry": {
				"type": "Point",
				"coordinates": [
					 132.9764,
					 35.5079
				]
			},
			"properties": {
				"name": "JA/SN-126(朝日山)",
				"読み":"Asahiyama",
				"標高":"344m 1pt ",
				"GL":"PM65lm",
				"市郡区":"C#3201 ",
				"登山日":"",
				"メモ":"",
				"_markerType": "Icon",
				"_iconUrl": "https://maps.gsi.go.jp/portal/sys/v4/symbols/826.png",
				"_iconSize": [
					16,
					16
				],
				"_iconAnchor": [
					8,
					8
				]
			}
		},
		{
			"type": "Feature",
			"geometry": {
				"type": "Point",
				"coordinates": [
					 131.8971,
					 34.7315
				]
			},
			"properties": {
				"name": "JA/SN-127(烏帽子山)",
				"読み":"Eboshiyama",
				"標高":"338m 1pt ",
				"GL":"PM54wr",
				"市郡区":"C#3204 ",
				"登山日":"",
				"メモ":"",
				"_markerType": "Icon",
				"_iconUrl": "https://maps.gsi.go.jp/portal/sys/v4/symbols/826.png",
				"_iconSize": [
					16,
					16
				],
				"_iconAnchor": [
					8,
					8
				]
			}
		},
		{
			"type": "Feature",
			"geometry": {
				"type": "Point",
				"coordinates": [
					 133.1076,
					 35.4866
				]
			},
			"properties": {
				"name": "JA/SN-128(嵩山)",
				"読み":"Dakesan",
				"標高":"331m 1pt ",
				"GL":"PM65nl",
				"市郡区":"C#3201 ",
				"登山日":"",
				"メモ":"",
				"_markerType": "Icon",
				"_iconUrl": "https://maps.gsi.go.jp/portal/sys/v4/symbols/826.png",
				"_iconSize": [
					16,
					16
				],
				"_iconAnchor": [
					8,
					8
				]
			}
		},
		{
			"type": "Feature",
			"geometry": {
				"type": "Point",
				"coordinates": [
					 133.2398,
					 35.5601
				]
			},
			"properties": {
				"name": "JA/SN-129(高尾山)",
				"読み":"Takaosan",
				"標高":"328m 1pt ",
				"GL":"PM65on",
				"市郡区":"C#3201 ",
				"登山日":"",
				"メモ":"",
				"_markerType": "Icon",
				"_iconUrl": "https://maps.gsi.go.jp/portal/sys/v4/symbols/826.png",
				"_iconSize": [
					16,
					16
				],
				"_iconAnchor": [
					8,
					8
				]
			}
		},
		{
			"type": "Feature",
			"geometry": {
				"type": "Point",
				"coordinates": [
					 133.0147,
					 36.0208
				]
			},
			"properties": {
				"name": "JA/SN-130(アカハゲ山)",
				"読み":"Akahageyama",
				"標高":"325m 1pt ",
				"GL":"PM66ma",
				"市郡区":"G#32006B ",
				"登山日":"",
				"メモ":"",
				"_markerType": "Icon",
				"_iconUrl": "https://maps.gsi.go.jp/portal/sys/v4/symbols/826.png",
				"_iconSize": [
					16,
					16
				],
				"_iconAnchor": [
					8,
					8
				]
			}
		},
		{
			"type": "Feature",
			"geometry": {
				"type": "Point",
				"coordinates": [
					 133.2508,
					 36.3244
				]
			},
			"properties": {
				"name": "JA/SN-131(空峰山)",
				"読み":"Soramineyama",
				"標高":"322m 1pt ",
				"GL":"PM66ph",
				"市郡区":"G#32006H ",
				"登山日":"",
				"メモ":"",
				"_markerType": "Icon",
				"_iconUrl": "https://maps.gsi.go.jp/portal/sys/v4/symbols/826.png",
				"_iconSize": [
					16,
					16
				],
				"_iconAnchor": [
					8,
					8
				]
			}
		},
		{
			"type": "Feature",
			"geometry": {
				"type": "Point",
				"coordinates": [
					 133.2911,
					 36.1988
				]
			},
			"properties": {
				"name": "JA/SN-132(柿木畑(三角点))",
				"読み":"Kakigibata",
				"標高":"276m 1pt ",
				"GL":"PM66pe",
				"市郡区":"G#32006H ",
				"登山日":"",
				"メモ":"",
				"_markerType": "Icon",
				"_iconUrl": "https://maps.gsi.go.jp/portal/sys/v4/symbols/826.png",
				"_iconSize": [
					16,
					16
				],
				"_iconAnchor": [
					8,
					8
				]
			}
		},
		{
			"type": "Feature",
			"geometry": {
				"type": "Point",
				"coordinates": [
					 132.9812,
					 35.0955
				]
			},
			"properties": {
				"name": "JA/SN-134(横谷(三角点))",
				"読み":"Yokotani",
				"標高":"1180m 8pt ",
				"GL":"PM65lc",
				"市郡区":"G#32012C / C#3511 ",
				"登山日":"",
				"メモ":"",
				"_markerType": "Icon",
				"_iconUrl": "https://maps.gsi.go.jp/portal/sys/v4/symbols/104.png",
				"_iconSize": [
					16,
					16
				],
				"_iconAnchor": [
					8,
					8
				]
			}
		},
		{
			"type": "Feature",
			"geometry": {
				"type": "Point",
				"coordinates": [
					 131.9822,
					 34.5141
				]
			},
			"properties": {
				"name": "JA/SN-135(高鉢山)",
				"読み":"Takabachiyama",
				"標高":"1034m 6pt ",
				"GL":"PM54xm",
				"市郡区":"C#3204 ",
				"登山日":"",
				"メモ":"",
				"_markerType": "Icon",
				"_iconUrl": "https://maps.gsi.go.jp/portal/sys/v4/symbols/103.png",
				"_iconSize": [
					16,
					16
				],
				"_iconAnchor": [
					8,
					8
				]
			}
		},
		{
			"type": "Feature",
			"geometry": {
				"type": "Point",
				"coordinates": [
					 132.0082,
					 34.4414
				]
			},
			"properties": {
				"name": "JA/SN-136(点944)",
				"読み":"P944",
				"標高":"944m 6pt ",
				"GL":"PM64ak",
				"市郡区":"G#32008E ",
				"登山日":"",
				"メモ":"",
				"_markerType": "Icon",
				"_iconUrl": "https://maps.gsi.go.jp/portal/sys/v4/symbols/103.png",
				"_iconSize": [
					16,
					16
				],
				"_iconAnchor": [
					8,
					8
				]
			}
		},
		{
			"type": "Feature",
			"geometry": {
				"type": "Point",
				"coordinates": [
					 131.8002,
					 34.3665
				]
			},
			"properties": {
				"name": "JA/SN-137(五郎頭(三角点))",
				"読み":"Gorouzu",
				"標高":"940m 6pt ",
				"GL":"PM54vi",
				"市郡区":"G#32008E ",
				"登山日":"",
				"メモ":"",
				"_markerType": "Icon",
				"_iconUrl": "https://maps.gsi.go.jp/portal/sys/v4/symbols/103.png",
				"_iconSize": [
					16,
					16
				],
				"_iconAnchor": [
					8,
					8
				]
			}
		},
		{
			"type": "Feature",
			"geometry": {
				"type": "Point",
				"coordinates": [
					 131.9851,
					 34.5545
				]
			},
			"properties": {
				"name": "JA/SN-138(点847)",
				"読み":"P847",
				"標高":"847m 4pt ",
				"GL":"PM54xn",
				"市郡区":"C#3204 ",
				"登山日":"",
				"メモ":"",
				"_markerType": "Icon",
				"_iconUrl": "https://maps.gsi.go.jp/portal/sys/v4/symbols/828.png",
				"_iconSize": [
					16,
					16
				],
				"_iconAnchor": [
					8,
					8
				]
			}
		},
		{
			"type": "Feature",
			"geometry": {
				"type": "Point",
				"coordinates": [
					 131.9979,
					 34.6105
				]
			},
			"properties": {
				"name": "JA/SN-139(廣瀬(三角点))",
				"読み":"Hirose",
				"標高":"813m 4pt ",
				"GL":"PM54xo",
				"市郡区":"C#3204 ",
				"登山日":"",
				"メモ":"",
				"_markerType": "Icon",
				"_iconUrl": "https://maps.gsi.go.jp/portal/sys/v4/symbols/828.png",
				"_iconSize": [
					16,
					16
				],
				"_iconAnchor": [
					8,
					8
				]
			}
		},
		{
			"type": "Feature",
			"geometry": {
				"type": "Point",
				"coordinates": [
					 131.8004,
					 34.3862
				]
			},
			"properties": {
				"name": "JA/SN-140(京良瀬山(三角点))",
				"読み":"Kyoraseyama",
				"標高":"793m 4pt ",
				"GL":"PM54vj",
				"市郡区":"G#32008E ",
				"登山日":"",
				"メモ":"",
				"_markerType": "Icon",
				"_iconUrl": "https://maps.gsi.go.jp/portal/sys/v4/symbols/828.png",
				"_iconSize": [
					16,
					16
				],
				"_iconAnchor": [
					8,
					8
				]
			}
		},
		{
			"type": "Feature",
			"geometry": {
				"type": "Point",
				"coordinates": [
					 132.4305,
					 34.9186
				]
			},
			"properties": {
				"name": "JA/SN-141(門谷(三角点))",
				"読み":"Kadotani",
				"標高":"791m 4pt ",
				"GL":"PM64fw",
				"市郡区":"G#32004I ",
				"登山日":"",
				"メモ":"",
				"_markerType": "Icon",
				"_iconUrl": "https://maps.gsi.go.jp/portal/sys/v4/symbols/828.png",
				"_iconSize": [
					16,
					16
				],
				"_iconAnchor": [
					8,
					8
				]
			}
		},
		{
			"type": "Feature",
			"geometry": {
				"type": "Point",
				"coordinates": [
					 132.7768,
					 35.1101
				]
			},
			"properties": {
				"name": "JA/SN-142(都加賀(三角点))",
				"読み":"Tokaga",
				"標高":"785m 4pt ",
				"GL":"PM65jc",
				"市郡区":"G#32003F ",
				"登山日":"",
				"メモ":"",
				"_markerType": "Icon",
				"_iconUrl": "https://maps.gsi.go.jp/portal/sys/v4/symbols/828.png",
				"_iconSize": [
					16,
					16
				],
				"_iconAnchor": [
					8,
					8
				]
			}
		},
		{
			"type": "Feature",
			"geometry": {
				"type": "Point",
				"coordinates": [
					 131.9213,
					 34.5124
				]
			},
			"properties": {
				"name": "JA/SN-143(点760)",
				"読み":"P760",
				"標高":"760m 4pt ",
				"GL":"PM54xm",
				"市郡区":"C#3204 / G#32008C ",
				"登山日":"",
				"メモ":"",
				"_markerType": "Icon",
				"_iconUrl": "https://maps.gsi.go.jp/portal/sys/v4/symbols/828.png",
				"_iconSize": [
					16,
					16
				],
				"_iconAnchor": [
					8,
					8
				]
			}
		},
		{
			"type": "Feature",
			"geometry": {
				"type": "Point",
				"coordinates": [
					 131.9058,
					 34.4235
				]
			},
			"properties": {
				"name": "JA/SN-144(点726)",
				"読み":"P726",
				"標高":"726m 4pt ",
				"GL":"PM54wk",
				"市郡区":"G#32008E ",
				"登山日":"",
				"メモ":"",
				"_markerType": "Icon",
				"_iconUrl": "https://maps.gsi.go.jp/portal/sys/v4/symbols/828.png",
				"_iconSize": [
					16,
					16
				],
				"_iconAnchor": [
					8,
					8
				]
			}
		},
		{
			"type": "Feature",
			"geometry": {
				"type": "Point",
				"coordinates": [
					 131.9513,
					 34.5848
				]
			},
			"properties": {
				"name": "JA/SN-145(野間山)",
				"読み":"Nomayama",
				"標高":"724m 4pt ",
				"GL":"PM54xo",
				"市郡区":"C#3204 ",
				"登山日":"",
				"メモ":"",
				"_markerType": "Icon",
				"_iconUrl": "https://maps.gsi.go.jp/portal/sys/v4/symbols/828.png",
				"_iconSize": [
					16,
					16
				],
				"_iconAnchor": [
					8,
					8
				]
			}
		},
		{
			"type": "Feature",
			"geometry": {
				"type": "Point",
				"coordinates": [
					 132.4215,
					 35.0684
				]
			},
			"properties": {
				"name": "JA/SN-146(点722)",
				"読み":"P722",
				"標高":"722m 4pt ",
				"GL":"PM65fb",
				"市郡区":"C#3205 ",
				"登山日":"",
				"メモ":"",
				"_markerType": "Icon",
				"_iconUrl": "https://maps.gsi.go.jp/portal/sys/v4/symbols/828.png",
				"_iconSize": [
					16,
					16
				],
				"_iconAnchor": [
					8,
					8
				]
			}
		},
		{
			"type": "Feature",
			"geometry": {
				"type": "Point",
				"coordinates": [
					 132.6933,
					 34.9948
				]
			},
			"properties": {
				"name": "JA/SN-147(篝丸山)",
				"読み":"Kagarimaruyama",
				"標高":"688m 4pt ",
				"GL":"PM64ix",
				"市郡区":"G#32003F ",
				"登山日":"",
				"メモ":"",
				"_markerType": "Icon",
				"_iconUrl": "https://maps.gsi.go.jp/portal/sys/v4/symbols/828.png",
				"_iconSize": [
					16,
					16
				],
				"_iconAnchor": [
					8,
					8
				]
			}
		},
		{
			"type": "Feature",
			"geometry": {
				"type": "Point",
				"coordinates": [
					 132.4076,
					 35.0682
				]
			},
			"properties": {
				"name": "JA/SN-148(菰口(三角点))",
				"読み":"Komoguchi",
				"標高":"637m 2pt ",
				"GL":"PM65eb",
				"市郡区":"C#3205 ",
				"登山日":"",
				"メモ":"",
				"_markerType": "Icon",
				"_iconUrl": "https://maps.gsi.go.jp/portal/sys/v4/symbols/102.png",
				"_iconSize": [
					16,
					16
				],
				"_iconAnchor": [
					8,
					8
				]
			}
		},
		{
			"type": "Feature",
			"geometry": {
				"type": "Point",
				"coordinates": [
					 132.3387,
					 34.8636
				]
			},
			"properties": {
				"name": "JA/SN-149(横宇津山)",
				"読み":"Yokoutsuyama",
				"標高":"621m 2pt ",
				"GL":"PM64eu",
				"市郡区":"C#3202 / G#32004I ",
				"登山日":"",
				"メモ":"",
				"_markerType": "Icon",
				"_iconUrl": "https://maps.gsi.go.jp/portal/sys/v4/symbols/102.png",
				"_iconSize": [
					16,
					16
				],
				"_iconAnchor": [
					8,
					8
				]
			}
		},
		{
			"type": "Feature",
			"geometry": {
				"type": "Point",
				"coordinates": [
					 132.1713,
					 34.8197
				]
			},
			"properties": {
				"name": "JA/SN-150(井口原（三角点近傍）)",
				"読み":"Near_Iguchibara",
				"標高":"620m 2pt ",
				"GL":"PM64ct",
				"市郡区":"C#3202 ",
				"登山日":"",
				"メモ":"",
				"_markerType": "Icon",
				"_iconUrl": "https://maps.gsi.go.jp/portal/sys/v4/symbols/102.png",
				"_iconSize": [
					16,
					16
				],
				"_iconAnchor": [
					8,
					8
				]
			}
		},
		{
			"type": "Feature",
			"geometry": {
				"type": "Point",
				"coordinates": [
					 132.4954,
					 34.8643
				]
			},
			"properties": {
				"name": "JA/SN-151(羽下(三角点))",
				"読み":"Haneshita",
				"標高":"620m 2pt ",
				"GL":"PM64fu",
				"市郡区":"G#32004I ",
				"登山日":"",
				"メモ":"",
				"_markerType": "Icon",
				"_iconUrl": "https://maps.gsi.go.jp/portal/sys/v4/symbols/102.png",
				"_iconSize": [
					16,
					16
				],
				"_iconAnchor": [
					8,
					8
				]
			}
		},
		{
			"type": "Feature",
			"geometry": {
				"type": "Point",
				"coordinates": [
					 133.0057,
					 35.2755
				]
			},
			"properties": {
				"name": "JA/SN-152(点608)",
				"読み":"P608",
				"標高":"608m 2pt ",
				"GL":"PM65mg",
				"市郡区":"C#3209 ",
				"登山日":"",
				"メモ":"",
				"_markerType": "Icon",
				"_iconUrl": "https://maps.gsi.go.jp/portal/sys/v4/symbols/102.png",
				"_iconSize": [
					16,
					16
				],
				"_iconAnchor": [
					8,
					8
				]
			}
		},
		{
			"type": "Feature",
			"geometry": {
				"type": "Point",
				"coordinates": [
					 132.459,
					 34.9289
				]
			},
			"properties": {
				"name": "JA/SN-153(権現山)",
				"読み":"Gongenyama",
				"標高":"591m 2pt ",
				"GL":"PM64fw",
				"市郡区":"G#32004I ",
				"登山日":"",
				"メモ":"",
				"_markerType": "Icon",
				"_iconUrl": "https://maps.gsi.go.jp/portal/sys/v4/symbols/102.png",
				"_iconSize": [
					16,
					16
				],
				"_iconAnchor": [
					8,
					8
				]
			}
		},
		{
			"type": "Feature",
			"geometry": {
				"type": "Point",
				"coordinates": [
					 132.9178,
					 35.1484
				]
			},
			"properties": {
				"name": "JA/SN-154(金田（三角点近傍）)",
				"読み":"Near_Kaneda",
				"標高":"573m 2pt ",
				"GL":"PM65ld",
				"市郡区":"G#32012C / C#3209 ",
				"登山日":"",
				"メモ":"",
				"_markerType": "Icon",
				"_iconUrl": "https://maps.gsi.go.jp/portal/sys/v4/symbols/102.png",
				"_iconSize": [
					16,
					16
				],
				"_iconAnchor": [
					8,
					8
				]
			}
		},
		{
			"type": "Feature",
			"geometry": {
				"type": "Point",
				"coordinates": [
					 132.9445,
					 35.1666
				]
			},
			"properties": {
				"name": "JA/SN-155(今山(三角点))",
				"読み":"Imayama",
				"標高":"552m 2pt ",
				"GL":"PM65ld",
				"市郡区":"C#3209 / G#32012C ",
				"登山日":"",
				"メモ":"",
				"_markerType": "Icon",
				"_iconUrl": "https://maps.gsi.go.jp/portal/sys/v4/symbols/102.png",
				"_iconSize": [
					16,
					16
				],
				"_iconAnchor": [
					8,
					8
				]
			}
		},
		{
			"type": "Feature",
			"geometry": {
				"type": "Point",
				"coordinates": [
					 133.0572,
					 35.1996
				]
			},
			"properties": {
				"name": "JA/SN-156(権現山)",
				"読み":"Gongenyama",
				"標高":"551m 2pt ",
				"GL":"PM65me",
				"市郡区":"G#32012C ",
				"登山日":"",
				"メモ":"",
				"_markerType": "Icon",
				"_iconUrl": "https://maps.gsi.go.jp/portal/sys/v4/symbols/102.png",
				"_iconSize": [
					16,
					16
				],
				"_iconAnchor": [
					8,
					8
				]
			}
		},
		{
			"type": "Feature",
			"geometry": {
				"type": "Point",
				"coordinates": [
					 132.6374,
					 35.0378
				]
			},
			"properties": {
				"name": "JA/SN-157(登矢ヶ丸山)",
				"読み":"Toyagamaru",
				"標高":"549m 2pt ",
				"GL":"PM65ha",
				"市郡区":"G#32004H ",
				"登山日":"",
				"メモ":"",
				"_markerType": "Icon",
				"_iconUrl": "https://maps.gsi.go.jp/portal/sys/v4/symbols/102.png",
				"_iconSize": [
					16,
					16
				],
				"_iconAnchor": [
					8,
					8
				]
			}
		},
		{
			"type": "Feature",
			"geometry": {
				"type": "Point",
				"coordinates": [
					 132.3911,
					 35.0797
				]
			},
			"properties": {
				"name": "JA/SN-158(傾山(三角点))",
				"読み":"Keisan",
				"標高":"544m 2pt ",
				"GL":"PM65eb",
				"市郡区":"C#3205 ",
				"登山日":"",
				"メモ":"",
				"_markerType": "Icon",
				"_iconUrl": "https://maps.gsi.go.jp/portal/sys/v4/symbols/102.png",
				"_iconSize": [
					16,
					16
				],
				"_iconAnchor": [
					8,
					8
				]
			}
		},
		{
			"type": "Feature",
			"geometry": {
				"type": "Point",
				"coordinates": [
					 133.2886,
					 35.2874
				]
			},
			"properties": {
				"name": "JA/SN-159(点541)",
				"読み":"P541",
				"標高":"541m 2pt ",
				"GL":"PM65pg",
				"市郡区":"C#3206 ",
				"登山日":"",
				"メモ":"",
				"_markerType": "Icon",
				"_iconUrl": "https://maps.gsi.go.jp/portal/sys/v4/symbols/102.png",
				"_iconSize": [
					16,
					16
				],
				"_iconAnchor": [
					8,
					8
				]
			}
		},
		{
			"type": "Feature",
			"geometry": {
				"type": "Point",
				"coordinates": [
					 132.5601,
					 34.9323
				]
			},
			"properties": {
				"name": "JA/SN-160(四反田山)",
				"読み":"Shihandayama",
				"標高":"540m 2pt ",
				"GL":"PM64gw",
				"市郡区":"G#32004I ",
				"登山日":"",
				"メモ":"",
				"_markerType": "Icon",
				"_iconUrl": "https://maps.gsi.go.jp/portal/sys/v4/symbols/102.png",
				"_iconSize": [
					16,
					16
				],
				"_iconAnchor": [
					8,
					8
				]
			}
		},
		{
			"type": "Feature",
			"geometry": {
				"type": "Point",
				"coordinates": [
					 132.4377,
					 35.0962
				]
			},
			"properties": {
				"name": "JA/SN-161(仙山)",
				"読み":"Senyama",
				"標高":"537m 2pt ",
				"GL":"PM65fc",
				"市郡区":"C#3205 ",
				"登山日":"",
				"メモ":"",
				"_markerType": "Icon",
				"_iconUrl": "https://maps.gsi.go.jp/portal/sys/v4/symbols/102.png",
				"_iconSize": [
					16,
					16
				],
				"_iconAnchor": [
					8,
					8
				]
			}
		},
		{
			"type": "Feature",
			"geometry": {
				"type": "Point",
				"coordinates": [
					 132.5181,
					 34.866
				]
			},
			"properties": {
				"name": "JA/SN-162(二ツ山)",
				"読み":"Futatsuyama",
				"標高":"530m 2pt ",
				"GL":"PM64gu",
				"市郡区":"G#32004I ",
				"登山日":"",
				"メモ":"",
				"_markerType": "Icon",
				"_iconUrl": "https://maps.gsi.go.jp/portal/sys/v4/symbols/102.png",
				"_iconSize": [
					16,
					16
				],
				"_iconAnchor": [
					8,
					8
				]
			}
		},
		{
			"type": "Feature",
			"geometry": {
				"type": "Point",
				"coordinates": [
					 132.4734,
					 34.8783
				]
			},
			"properties": {
				"name": "JA/SN-163(点527)",
				"読み":"P527",
				"標高":"527m 2pt ",
				"GL":"PM64fv",
				"市郡区":"G#32004I ",
				"登山日":"",
				"メモ":"",
				"_markerType": "Icon",
				"_iconUrl": "https://maps.gsi.go.jp/portal/sys/v4/symbols/102.png",
				"_iconSize": [
					16,
					16
				],
				"_iconAnchor": [
					8,
					8
				]
			}
		},
		{
			"type": "Feature",
			"geometry": {
				"type": "Point",
				"coordinates": [
					 132.286,
					 34.9511
				]
			},
			"properties": {
				"name": "JA/SN-164(田平山)",
				"読み":"Tabirayama",
				"標高":"501m 2pt ",
				"GL":"PM64dw",
				"市郡区":"C#3207 ",
				"登山日":"",
				"メモ":"",
				"_markerType": "Icon",
				"_iconUrl": "https://maps.gsi.go.jp/portal/sys/v4/symbols/102.png",
				"_iconSize": [
					16,
					16
				],
				"_iconAnchor": [
					8,
					8
				]
			}
		},
		{
			"type": "Feature",
			"geometry": {
				"type": "Point",
				"coordinates": [
					 132.3873,
					 34.9774
				]
			},
			"properties": {
				"name": "JA/SN-165(坂辻山)",
				"読み":"Sakatsujiyama",
				"標高":"491m 1pt ",
				"GL":"PM64ex",
				"市郡区":"C#3207 / G#32004C ",
				"登山日":"",
				"メモ":"",
				"_markerType": "Icon",
				"_iconUrl": "https://maps.gsi.go.jp/portal/sys/v4/symbols/826.png",
				"_iconSize": [
					16,
					16
				],
				"_iconAnchor": [
					8,
					8
				]
			}
		},
		{
			"type": "Feature",
			"geometry": {
				"type": "Point",
				"coordinates": [
					 131.9035,
					 34.3676
				]
			},
			"properties": {
				"name": "JA/SN-167(点490)",
				"読み":"P490",
				"標高":"490m 1pt ",
				"GL":"PM54wi",
				"市郡区":"G#32008E ",
				"登山日":"",
				"メモ":"",
				"_markerType": "Icon",
				"_iconUrl": "https://maps.gsi.go.jp/portal/sys/v4/symbols/826.png",
				"_iconSize": [
					16,
					16
				],
				"_iconAnchor": [
					8,
					8
				]
			}
		},
		{
			"type": "Feature",
			"geometry": {
				"type": "Point",
				"coordinates": [
					 132.6983,
					 35.234
				]
			},
			"properties": {
				"name": "JA/SN-168(三子山)",
				"読み":"Mitsugoyama",
				"標高":"489m 1pt ",
				"GL":"PM65if",
				"市郡区":"C#3203 ",
				"登山日":"",
				"メモ":"",
				"_markerType": "Icon",
				"_iconUrl": "https://maps.gsi.go.jp/portal/sys/v4/symbols/826.png",
				"_iconSize": [
					16,
					16
				],
				"_iconAnchor": [
					8,
					8
				]
			}
		},
		{
			"type": "Feature",
			"geometry": {
				"type": "Point",
				"coordinates": [
					 133.2501,
					 36.2243
				]
			},
			"properties": {
				"name": "JA/SN-169(大峯山)",
				"読み":"Oominesan",
				"標高":"473m 1pt ",
				"GL":"PM66pf",
				"市郡区":"G#32006H ",
				"登山日":"",
				"メモ":"",
				"_markerType": "Icon",
				"_iconUrl": "https://maps.gsi.go.jp/portal/sys/v4/symbols/826.png",
				"_iconSize": [
					16,
					16
				],
				"_iconAnchor": [
					8,
					8
				]
			}
		},
		{
			"type": "Feature",
			"geometry": {
				"type": "Point",
				"coordinates": [
					 132.3742,
					 35.0668
				]
			},
			"properties": {
				"name": "JA/SN-170(辻山(三角点))",
				"読み":"Tsujiyama",
				"標高":"446m 1pt ",
				"GL":"PM65eb",
				"市郡区":"C#3205 ",
				"登山日":"",
				"メモ":"",
				"_markerType": "Icon",
				"_iconUrl": "https://maps.gsi.go.jp/portal/sys/v4/symbols/826.png",
				"_iconSize": [
					16,
					16
				],
				"_iconAnchor": [
					8,
					8
				]
			}
		},
		{
			"type": "Feature",
			"geometry": {
				"type": "Point",
				"coordinates": [
					 132.6655,
					 34.8455
				]
			},
			"properties": {
				"name": "JA/SN-171(長瀬山(三角点))",
				"読み":"Nagaseyama",
				"標高":"442m 1pt ",
				"GL":"PM64hu",
				"市郡区":"G#32004I ",
				"登山日":"",
				"メモ":"",
				"_markerType": "Icon",
				"_iconUrl": "https://maps.gsi.go.jp/portal/sys/v4/symbols/826.png",
				"_iconSize": [
					16,
					16
				],
				"_iconAnchor": [
					8,
					8
				]
			}
		},
		{
			"type": "Feature",
			"geometry": {
				"type": "Point",
				"coordinates": [
					 132.3744,
					 34.9883
				]
			},
			"properties": {
				"name": "JA/SN-172(小頭寺)",
				"読み":"Ozudera",
				"標高":"442m 1pt ",
				"GL":"PM64ex",
				"市郡区":"C#3207 ",
				"登山日":"",
				"メモ":"",
				"_markerType": "Icon",
				"_iconUrl": "https://maps.gsi.go.jp/portal/sys/v4/symbols/826.png",
				"_iconSize": [
					16,
					16
				],
				"_iconAnchor": [
					8,
					8
				]
			}
		},
		{
			"type": "Feature",
			"geometry": {
				"type": "Point",
				"coordinates": [
					 133.0496,
					 35.3648
				]
			},
			"properties": {
				"name": "JA/SN-173(八雲山)",
				"読み":"Yakumosan",
				"標高":"424m 1pt ",
				"GL":"PM65mi",
				"市郡区":"C#3201 / C#3209 ",
				"登山日":"",
				"メモ":"",
				"_markerType": "Icon",
				"_iconUrl": "https://maps.gsi.go.jp/portal/sys/v4/symbols/826.png",
				"_iconSize": [
					16,
					16
				],
				"_iconAnchor": [
					8,
					8
				]
			}
		},
		{
			"type": "Feature",
			"geometry": {
				"type": "Point",
				"coordinates": [
					 132.5729,
					 35.0638
				]
			},
			"properties": {
				"name": "JA/SN-174(奥山(三角点))",
				"読み":"Okuyama",
				"標高":"420m 1pt ",
				"GL":"PM65gb",
				"市郡区":"G#32004H ",
				"登山日":"",
				"メモ":"",
				"_markerType": "Icon",
				"_iconUrl": "https://maps.gsi.go.jp/portal/sys/v4/symbols/826.png",
				"_iconSize": [
					16,
					16
				],
				"_iconAnchor": [
					8,
					8
				]
			}
		},
		{
			"type": "Feature",
			"geometry": {
				"type": "Point",
				"coordinates": [
					 132.5365,
					 35.053
				]
			},
			"properties": {
				"name": "JA/SN-175(元山)",
				"読み":"Motoyama",
				"標高":"420m 1pt ",
				"GL":"PM65gb",
				"市郡区":"G#32004H ",
				"登山日":"",
				"メモ":"",
				"_markerType": "Icon",
				"_iconUrl": "https://maps.gsi.go.jp/portal/sys/v4/symbols/826.png",
				"_iconSize": [
					16,
					16
				],
				"_iconAnchor": [
					8,
					8
				]
			}
		},
		{
			"type": "Feature",
			"geometry": {
				"type": "Point",
				"coordinates": [
					 131.8554,
					 34.5519
				]
			},
			"properties": {
				"name": "JA/SN-176(点416(桐長峠近傍))",
				"読み":"P416",
				"標高":"416m 1pt ",
				"GL":"PM54wn",
				"市郡区":"G#32008C ",
				"登山日":"",
				"メモ":"",
				"_markerType": "Icon",
				"_iconUrl": "https://maps.gsi.go.jp/portal/sys/v4/symbols/826.png",
				"_iconSize": [
					16,
					16
				],
				"_iconAnchor": [
					8,
					8
				]
			}
		},
		{
			"type": "Feature",
			"geometry": {
				"type": "Point",
				"coordinates": [
					 133.1848,
					 35.3244
				]
			},
			"properties": {
				"name": "JA/SN-177(境ケ谷(三角点))",
				"読み":"Kyougatani",
				"標高":"396m 1pt ",
				"GL":"PM65oh",
				"市郡区":"C#3206 ",
				"登山日":"",
				"メモ":"",
				"_markerType": "Icon",
				"_iconUrl": "https://maps.gsi.go.jp/portal/sys/v4/symbols/826.png",
				"_iconSize": [
					16,
					16
				],
				"_iconAnchor": [
					8,
					8
				]
			}
		},
		{
			"type": "Feature",
			"geometry": {
				"type": "Point",
				"coordinates": [
					 132.2903,
					 34.923
				]
			},
			"properties": {
				"name": "JA/SN-178(向山)",
				"読み":"Mukouyama",
				"標高":"373m 1pt ",
				"GL":"PM64dw",
				"市郡区":"C#3207 ",
				"登山日":"",
				"メモ":"",
				"_markerType": "Icon",
				"_iconUrl": "https://maps.gsi.go.jp/portal/sys/v4/symbols/826.png",
				"_iconSize": [
					16,
					16
				],
				"_iconAnchor": [
					8,
					8
				]
			}
		},
		{
			"type": "Feature",
			"geometry": {
				"type": "Point",
				"coordinates": [
					 133.1829,
					 35.3447
				]
			},
			"properties": {
				"name": "JA/SN-179(大辻山)",
				"読み":"Ootsujiyama",
				"標高":"365m 1pt ",
				"GL":"PM65oi",
				"市郡区":"C#3206 ",
				"登山日":"",
				"メモ":"",
				"_markerType": "Icon",
				"_iconUrl": "https://maps.gsi.go.jp/portal/sys/v4/symbols/826.png",
				"_iconSize": [
					16,
					16
				],
				"_iconAnchor": [
					8,
					8
				]
			}
		},
		{
			"type": "Feature",
			"geometry": {
				"type": "Point",
				"coordinates": [
					 131.8247,
					 34.5944
				]
			},
			"properties": {
				"name": "JA/SN-180(点358)",
				"読み":"P358",
				"標高":"358m 1pt ",
				"GL":"PM54vo",
				"市郡区":"C#3204 ",
				"登山日":"",
				"メモ":"",
				"_markerType": "Icon",
				"_iconUrl": "https://maps.gsi.go.jp/portal/sys/v4/symbols/826.png",
				"_iconSize": [
					16,
					16
				],
				"_iconAnchor": [
					8,
					8
				]
			}
		},
		{
			"type": "Feature",
			"geometry": {
				"type": "Point",
				"coordinates": [
					 132.8565,
					 35.4845
				]
			},
			"properties": {
				"name": "JA/SN-181(鍋池山)",
				"読み":"Nabeikeyama",
				"標高":"358m 1pt ",
				"GL":"PM65kl",
				"市郡区":"C#3203 ",
				"登山日":"",
				"メモ":"",
				"_markerType": "Icon",
				"_iconUrl": "https://maps.gsi.go.jp/portal/sys/v4/symbols/826.png",
				"_iconSize": [
					16,
					16
				],
				"_iconAnchor": [
					8,
					8
				]
			}
		},
		{
			"type": "Feature",
			"geometry": {
				"type": "Point",
				"coordinates": [
					 132.2877,
					 34.9823
				]
			},
			"properties": {
				"name": "JA/SN-182(高丸山)",
				"読み":"Takamaruyama",
				"標高":"353m 1pt ",
				"GL":"PM64dx",
				"市郡区":"C#3207 ",
				"登山日":"",
				"メモ":"",
				"_markerType": "Icon",
				"_iconUrl": "https://maps.gsi.go.jp/portal/sys/v4/symbols/826.png",
				"_iconSize": [
					16,
					16
				],
				"_iconAnchor": [
					8,
					8
				]
			}
		},
		{
			"type": "Feature",
			"geometry": {
				"type": "Point",
				"coordinates": [
					 132.0049,
					 34.7725
				]
			},
			"properties": {
				"name": "JA/SN-183(栃山岳)",
				"読み":"Tochiyamadake",
				"標高":"345m 1pt ",
				"GL":"PM64as",
				"市郡区":"C#3202 ",
				"登山日":"",
				"メモ":"",
				"_markerType": "Icon",
				"_iconUrl": "https://maps.gsi.go.jp/portal/sys/v4/symbols/826.png",
				"_iconSize": [
					16,
					16
				],
				"_iconAnchor": [
					8,
					8
				]
			}
		},
		{
			"type": "Feature",
			"geometry": {
				"type": "Point",
				"coordinates": [
					 132.3779,
					 35.0897
				]
			},
			"properties": {
				"name": "JA/SN-184(清水(三角点))",
				"読み":"Kiyomizu",
				"標高":"337m 1pt ",
				"GL":"PM65ec",
				"市郡区":"C#3205 ",
				"登山日":"",
				"メモ":"",
				"_markerType": "Icon",
				"_iconUrl": "https://maps.gsi.go.jp/portal/sys/v4/symbols/826.png",
				"_iconSize": [
					16,
					16
				],
				"_iconAnchor": [
					8,
					8
				]
			}
		},
		{
			"type": "Feature",
			"geometry": {
				"type": "Point",
				"coordinates": [
					 132.8628,
					 35.3517
				]
			},
			"properties": {
				"name": "JA/SN-185(城平山)",
				"読み":"Jyouhirasan",
				"標高":"316m 1pt ",
				"GL":"PM65ki",
				"市郡区":"C#3209 ",
				"登山日":"",
				"メモ":"",
				"_markerType": "Icon",
				"_iconUrl": "https://maps.gsi.go.jp/portal/sys/v4/symbols/826.png",
				"_iconSize": [
					16,
					16
				],
				"_iconAnchor": [
					8,
					8
				]
			}
		},
		{
			"type": "Feature",
			"geometry": {
				"type": "Point",
				"coordinates": [
					 132.9839,
					 36.0556
				]
			},
			"properties": {
				"name": "JA/SN-186(我利床(三角点))",
				"読み":"Wagarisho",
				"標高":"289m 1pt ",
				"GL":"PM66lb",
				"市郡区":"G#32006G ",
				"登山日":"",
				"メモ":"",
				"_markerType": "Icon",
				"_iconUrl": "https://maps.gsi.go.jp/portal/sys/v4/symbols/826.png",
				"_iconSize": [
					16,
					16
				],
				"_iconAnchor": [
					8,
					8
				]
			}
		},
		{
			"type": "Feature",
			"geometry": {
				"type": "Point",
				"coordinates": [
					 131.776,
					 34.6099
				]
			},
			"properties": {
				"name": "JA/SN-187(田代山)",
				"読み":"Tashiroyama",
				"標高":"282m 1pt ",
				"GL":"PM54vo",
				"市郡区":"C#3204 ",
				"登山日":"",
				"メモ":"",
				"_markerType": "Icon",
				"_iconUrl": "https://maps.gsi.go.jp/portal/sys/v4/symbols/826.png",
				"_iconSize": [
					16,
					16
				],
				"_iconAnchor": [
					8,
					8
				]
			}
		},
		{
			"type": "Feature",
			"geometry": {
				"type": "Point",
				"coordinates": [
					 132.1988,
					 34.9628
				]
			},
			"properties": {
				"name": "JA/SN-188(高野山)",
				"読み":"Kouyasan",
				"標高":"281m 1pt ",
				"GL":"PM64cx",
				"市郡区":"C#3207 ",
				"登山日":"",
				"メモ":"",
				"_markerType": "Icon",
				"_iconUrl": "https://maps.gsi.go.jp/portal/sys/v4/symbols/826.png",
				"_iconSize": [
					16,
					16
				],
				"_iconAnchor": [
					8,
					8
				]
			}
		},
		{
			"type": "Feature",
			"geometry": {
				"type": "Point",
				"coordinates": [
					 131.9039,
					 34.7604
				]
			},
			"properties": {
				"name": "JA/SN-189(源田山西峰)",
				"読み":"Gendayamanishimine",
				"標高":"274m 1pt ",
				"GL":"PM54ws",
				"市郡区":"C#3202 ",
				"登山日":"",
				"メモ":"",
				"_markerType": "Icon",
				"_iconUrl": "https://maps.gsi.go.jp/portal/sys/v4/symbols/826.png",
				"_iconSize": [
					16,
					16
				],
				"_iconAnchor": [
					8,
					8
				]
			}
		},
		{
			"type": "Feature",
			"geometry": {
				"type": "Point",
				"coordinates": [
					 133.2718,
					 35.5662
				]
			},
			"properties": {
				"name": "JA/SN-190(点260)",
				"読み":"P260",
				"標高":"260m 1pt ",
				"GL":"PM65pn",
				"市郡区":"C#3201 ",
				"登山日":"",
				"メモ":"",
				"_markerType": "Icon",
				"_iconUrl": "https://maps.gsi.go.jp/portal/sys/v4/symbols/826.png",
				"_iconSize": [
					16,
					16
				],
				"_iconAnchor": [
					8,
					8
				]
			}
		},
		{
			"type": "Feature",
			"geometry": {
				"type": "Point",
				"coordinates": [
					 133.3038,
					 35.3879
				]
			},
			"properties": {
				"name": "JA/SN-191(鷲頭山)",
				"読み":"Washizuyama",
				"標高":"258m 1pt ",
				"GL":"PM65pj",
				"市郡区":"C#3206 ",
				"登山日":"",
				"メモ":"",
				"_markerType": "Icon",
				"_iconUrl": "https://maps.gsi.go.jp/portal/sys/v4/symbols/826.png",
				"_iconSize": [
					16,
					16
				],
				"_iconAnchor": [
					8,
					8
				]
			}
		},
		{
			"type": "Feature",
			"geometry": {
				"type": "Point",
				"coordinates": [
					 132.9725,
					 36.1066
				]
			},
			"properties": {
				"name": "JA/SN-192(摩天崖)",
				"読み":"Matengai",
				"標高":"257m 1pt ",
				"GL":"PM66lc",
				"市郡区":"G#32006G ",
				"登山日":"",
				"メモ":"",
				"_markerType": "Icon",
				"_iconUrl": "https://maps.gsi.go.jp/portal/sys/v4/symbols/826.png",
				"_iconSize": [
					16,
					16
				],
				"_iconAnchor": [
					8,
					8
				]
			}
		},
		{
			"type": "Feature",
			"geometry": {
				"type": "Point",
				"coordinates": [
					 133.2963,
					 36.1875
				]
			},
			"properties": {
				"name": "JA/SN-193(小鍬子山)",
				"読み":"Koguwashiyama",
				"標高":"252m 1pt ",
				"GL":"PM66pe",
				"市郡区":"G#32006H ",
				"登山日":"",
				"メモ":"",
				"_markerType": "Icon",
				"_iconUrl": "https://maps.gsi.go.jp/portal/sys/v4/symbols/826.png",
				"_iconSize": [
					16,
					16
				],
				"_iconAnchor": [
					8,
					8
				]
			}
		},
		{
			"type": "Feature",
			"geometry": {
				"type": "Point",
				"coordinates": [
					 132.2676,
					 35.0098
				]
			},
			"properties": {
				"name": "JA/SN-194(八神(三角点))",
				"読み":"Yagami",
				"標高":"251m 1pt ",
				"GL":"PM65da",
				"市郡区":"C#3207 ",
				"登山日":"",
				"メモ":"",
				"_markerType": "Icon",
				"_iconUrl": "https://maps.gsi.go.jp/portal/sys/v4/symbols/826.png",
				"_iconSize": [
					16,
					16
				],
				"_iconAnchor": [
					8,
					8
				]
			}
		},
		{
			"type": "Feature",
			"geometry": {
				"type": "Point",
				"coordinates": [
					 132.2628,
					 35.0262
				]
			},
			"properties": {
				"name": "JA/SN-195(室神山)",
				"読み":"Murogamiyama",
				"標高":"246m 1pt ",
				"GL":"PM65da",
				"市郡区":"C#3207 ",
				"登山日":"",
				"メモ":"",
				"_markerType": "Icon",
				"_iconUrl": "https://maps.gsi.go.jp/portal/sys/v4/symbols/826.png",
				"_iconSize": [
					16,
					16
				],
				"_iconAnchor": [
					8,
					8
				]
			}
		},
		{
			"type": "Feature",
			"geometry": {
				"type": "Point",
				"coordinates": [
					 133.0722,
					 36.0959
				]
			},
			"properties": {
				"name": "JA/SN-196(家督山)",
				"読み":"Atodoyama",
				"標高":"246m 1pt ",
				"GL":"PM66mc",
				"市郡区":"G#32006D ",
				"登山日":"",
				"メモ":"",
				"_markerType": "Icon",
				"_iconUrl": "https://maps.gsi.go.jp/portal/sys/v4/symbols/826.png",
				"_iconSize": [
					16,
					16
				],
				"_iconAnchor": [
					8,
					8
				]
			}
		},
		{
			"type": "Feature",
			"geometry": {
				"type": "Point",
				"coordinates": [
					 132.7842,
					 35.3315
				]
			},
			"properties": {
				"name": "JA/SN-197(東要害(三角点))",
				"読み":"Higashiyougai",
				"標高":"237m 1pt ",
				"GL":"PM65jh",
				"市郡区":"C#3203 ",
				"登山日":"",
				"メモ":"",
				"_markerType": "Icon",
				"_iconUrl": "https://maps.gsi.go.jp/portal/sys/v4/symbols/826.png",
				"_iconSize": [
					16,
					16
				],
				"_iconAnchor": [
					8,
					8
				]
			}
		},
		{
			"type": "Feature",
			"geometry": {
				"type": "Point",
				"coordinates": [
					 133.3165,
					 36.192
				]
			},
			"properties": {
				"name": "JA/SN-198(飯ノ山)",
				"読み":"Iinoyama",
				"標高":"236m 1pt ",
				"GL":"PM66pe",
				"市郡区":"G#32006H ",
				"登山日":"",
				"メモ":"",
				"_markerType": "Icon",
				"_iconUrl": "https://maps.gsi.go.jp/portal/sys/v4/symbols/826.png",
				"_iconSize": [
					16,
					16
				],
				"_iconAnchor": [
					8,
					8
				]
			}
		},
		{
			"type": "Feature",
			"geometry": {
				"type": "Point",
				"coordinates": [
					 133.1139,
					 36.0928
				]
			},
			"properties": {
				"name": "JA/SN-199(唯山)",
				"読み":"Tadayama",
				"標高":"226m 1pt ",
				"GL":"PM66nc",
				"市郡区":"G#32006D ",
				"登山日":"",
				"メモ":"",
				"_markerType": "Icon",
				"_iconUrl": "https://maps.gsi.go.jp/portal/sys/v4/symbols/826.png",
				"_iconSize": [
					16,
					16
				],
				"_iconAnchor": [
					8,
					8
				]
			}
		},
		{
			"type": "Feature",
			"geometry": {
				"type": "Point",
				"coordinates": [
					 133.3473,
					 36.2001
				]
			},
			"properties": {
				"name": "JA/SN-200(金峯山)",
				"読み":"Kinbusen",
				"標高":"199m 1pt ",
				"GL":"PM66qe",
				"市郡区":"G#32006H ",
				"登山日":"",
				"メモ":"",
				"_markerType": "Icon",
				"_iconUrl": "https://maps.gsi.go.jp/portal/sys/v4/symbols/826.png",
				"_iconSize": [
					16,
					16
				],
				"_iconAnchor": [
					8,
					8
				]
			}
		},
		{
			"type": "Feature",
			"geometry": {
				"type": "Point",
				"coordinates": [
					 133.1631,
					 35.566
				]
			},
			"properties": {
				"name": "JA/SN-201(馬邇祖(三角点))",
				"読み":"Maniso",
				"標高":"172m 1pt ",
				"GL":"PM65nn",
				"市郡区":"C#3201 ",
				"登山日":"",
				"メモ":"",
				"_markerType": "Icon",
				"_iconUrl": "https://maps.gsi.go.jp/portal/sys/v4/symbols/826.png",
				"_iconSize": [
					16,
					16
				],
				"_iconAnchor": [
					8,
					8
				]
			}
		},
		{
			"type": "Feature",
			"geometry": {
				"type": "Point",
				"coordinates": [
					 133.094,
					 35.4361
				]
			},
			"properties": {
				"name": "JA/SN-202(茶臼山)",
				"読み":"Chausuyama",
				"標高":"171m 1pt ",
				"GL":"PM65nk",
				"市郡区":"C#3201 ",
				"登山日":"",
				"メモ":"",
				"_markerType": "Icon",
				"_iconUrl": "https://maps.gsi.go.jp/portal/sys/v4/symbols/826.png",
				"_iconSize": [
					16,
					16
				],
				"_iconAnchor": [
					8,
					8
				]
			}
		},
		{
			"type": "Feature",
			"geometry": {
				"type": "Point",
				"coordinates": [
					 133.1749,
					 36.138
				]
			},
			"properties": {
				"name": "JA/SN-203(大森島(三角点))",
				"読み":"Oomorijima",
				"標高":"155m 1pt ",
				"GL":"PM66od",
				"市郡区":"G#32006H ",
				"登山日":"",
				"メモ":"",
				"_markerType": "Icon",
				"_iconUrl": "https://maps.gsi.go.jp/portal/sys/v4/symbols/826.png",
				"_iconSize": [
					16,
					16
				],
				"_iconAnchor": [
					8,
					8
				]
			}
		},
		{
			"type": "Feature",
			"geometry": {
				"type": "Point",
				"coordinates": [
					 133.5463,
					 35.3712
				]
			},
			"properties": {
				"name": "JA/TT-001(大山(剣ヶ峰))",
				"読み":"Daisen/Kengamine",
				"標高":"1729m 10pt ",
				"GL":"PM65si",
				"市郡区":"G#34003E ",
				"登山日":"",
				"メモ":"",
				"_markerType": "Icon",
				"_iconUrl": "https://maps.gsi.go.jp/portal/sys/v4/symbols/101.png",
				"_iconSize": [
					16,
					16
				],
				"_iconAnchor": [
					8,
					8
				]
			}
		},
		{
			"type": "Feature",
			"geometry": {
				"type": "Point",
				"coordinates": [
					 134.383,
					 35.2923
				]
			},
			"properties": {
				"name": "JA/TT-002(東山)",
				"読み":"Tousen",
				"標高":"1388m 8pt ",
				"GL":"PM75eh",
				"市郡区":"G#34006D / G#34006G ",
				"登山日":"",
				"メモ":"",
				"_markerType": "Icon",
				"_iconUrl": "https://maps.gsi.go.jp/portal/sys/v4/symbols/104.png",
				"_iconSize": [
					16,
					16
				],
				"_iconAnchor": [
					8,
					8
				]
			}
		},
		{
			"type": "Feature",
			"geometry": {
				"type": "Point",
				"coordinates": [
					 133.5809,
					 35.3867
				]
			},
			"properties": {
				"name": "JA/TT-003(矢筈ヶ山)",
				"読み":"Yahazugasen",
				"標高":"1358m 8pt ",
				"GL":"PM65sj",
				"市郡区":"G#34003E / G#34004K ",
				"登山日":"",
				"メモ":"",
				"_markerType": "Icon",
				"_iconUrl": "https://maps.gsi.go.jp/portal/sys/v4/symbols/104.png",
				"_iconSize": [
					16,
					16
				],
				"_iconAnchor": [
					8,
					8
				]
			}
		},
		{
			"type": "Feature",
			"geometry": {
				"type": "Point",
				"coordinates": [
					 134.3568,
					 35.2481
				]
			},
			"properties": {
				"name": "JA/TT-004(沖ノ山)",
				"読み":"Okinoyama",
				"標高":"1318m 8pt ",
				"GL":"PM75ef",
				"市郡区":"G#34006G ",
				"登山日":"",
				"メモ":"",
				"_markerType": "Icon",
				"_iconUrl": "https://maps.gsi.go.jp/portal/sys/v4/symbols/104.png",
				"_iconSize": [
					16,
					16
				],
				"_iconAnchor": [
					8,
					8
				]
			}
		},
		{
			"type": "Feature",
			"geometry": {
				"type": "Point",
				"coordinates": [
					 134.4409,
					 35.4398
				]
			},
			"properties": {
				"name": "JA/TT-005(扇ノ山)",
				"読み":"Ouginosen",
				"標高":"1310m 8pt ",
				"GL":"PM75fk",
				"市郡区":"G#34006D / C#3401 / G#34006I",
				"登山日":"",
				"メモ":"",
				"_markerType": "Icon",
				"_iconUrl": "https://maps.gsi.go.jp/portal/sys/v4/symbols/104.png",
				"_iconSize": [
					16,
					16
				],
				"_iconAnchor": [
					8,
					8
				]
			}
		},
		{
			"type": "Feature",
			"geometry": {
				"type": "Point",
				"coordinates": [
					 134.4355,
					 35.2597
				]
			},
			"properties": {
				"name": "JA/TT-006(くらます)",
				"読み":"Kuramasu",
				"標高":"1282m 8pt ",
				"GL":"PM75fg",
				"市郡区":"G#34006D ",
				"登山日":"",
				"メモ":"",
				"_markerType": "Icon",
				"_iconUrl": "https://maps.gsi.go.jp/portal/sys/v4/symbols/104.png",
				"_iconSize": [
					16,
					16
				],
				"_iconAnchor": [
					8,
					8
				]
			}
		},
		{
			"type": "Feature",
			"geometry": {
				"type": "Point",
				"coordinates": [
					 134.0195,
					 35.357
				]
			},
			"properties": {
				"name": "JA/TT-007(三国山北嶺)",
				"読み":"MikunigasenHokurei",
				"標高":"1252m 8pt ",
				"GL":"PM75ai",
				"市郡区":"C#3401 / G#34004I ",
				"登山日":"",
				"メモ":"",
				"_markerType": "Icon",
				"_iconUrl": "https://maps.gsi.go.jp/portal/sys/v4/symbols/104.png",
				"_iconSize": [
					16,
					16
				],
				"_iconAnchor": [
					8,
					8
				]
			}
		},
		{
			"type": "Feature",
			"geometry": {
				"type": "Point",
				"coordinates": [
					 134.4577,
					 35.3754
				]
			},
			"properties": {
				"name": "JA/TT-008(陣鉢山)",
				"読み":"Jinpachiyama",
				"標高":"1207m 8pt ",
				"GL":"PM75fj",
				"市郡区":"G#34006D ",
				"登山日":"",
				"メモ":"",
				"_markerType": "Icon",
				"_iconUrl": "https://maps.gsi.go.jp/portal/sys/v4/symbols/104.png",
				"_iconSize": [
					16,
					16
				],
				"_iconAnchor": [
					8,
					8
				]
			}
		},
		{
			"type": "Feature",
			"geometry": {
				"type": "Point",
				"coordinates": [
					 134.0511,
					 35.3603
				]
			},
			"properties": {
				"name": "JA/TT-009(高鉢山)",
				"読み":"Takahachiyama",
				"標高":"1203m 8pt ",
				"GL":"PM75ai",
				"市郡区":"C#3401 ",
				"登山日":"",
				"メモ":"",
				"_markerType": "Icon",
				"_iconUrl": "https://maps.gsi.go.jp/portal/sys/v4/symbols/104.png",
				"_iconSize": [
					16,
					16
				],
				"_iconAnchor": [
					8,
					8
				]
			}
		},
		{
			"type": "Feature",
			"geometry": {
				"type": "Point",
				"coordinates": [
					 133.228,
					 35.1035
				]
			},
			"properties": {
				"name": "JA/TT-010(稲積山)",
				"読み":"Inazumiyama",
				"標高":"1143m 8pt ",
				"GL":"PM65oc",
				"市郡区":"G#34005B ",
				"登山日":"",
				"メモ":"",
				"_markerType": "Icon",
				"_iconUrl": "https://maps.gsi.go.jp/portal/sys/v4/symbols/104.png",
				"_iconSize": [
					16,
					16
				],
				"_iconAnchor": [
					8,
					8
				]
			}
		},
		{
			"type": "Feature",
			"geometry": {
				"type": "Point",
				"coordinates": [
					 133.1786,
					 35.1559
				]
			},
			"properties": {
				"name": "JA/TT-011(船通山)",
				"読み":"Sentsuuzan",
				"標高":"1142m 8pt ",
				"GL":"PM65od",
				"市郡区":"G#34005B / G#32012C ",
				"登山日":"",
				"メモ":"",
				"_markerType": "Icon",
				"_iconUrl": "https://maps.gsi.go.jp/portal/sys/v4/symbols/104.png",
				"_iconSize": [
					16,
					16
				],
				"_iconAnchor": [
					8,
					8
				]
			}
		},
		{
			"type": "Feature",
			"geometry": {
				"type": "Point",
				"coordinates": [
					 133.3552,
					 35.1337
				]
			},
			"properties": {
				"name": "JA/TT-012(大倉山)",
				"読み":"Ookurayama",
				"標高":"1112m 8pt ",
				"GL":"PM65qd",
				"市郡区":"G#34005B ",
				"登山日":"",
				"メモ":"",
				"_markerType": "Icon",
				"_iconUrl": "https://maps.gsi.go.jp/portal/sys/v4/symbols/104.png",
				"_iconSize": [
					16,
					16
				],
				"_iconAnchor": [
					8,
					8
				]
			}
		},
		{
			"type": "Feature",
			"geometry": {
				"type": "Point",
				"coordinates": [
					 133.1624,
					 35.1168
				]
			},
			"properties": {
				"name": "JA/TT-013(窓山)",
				"読み":"Madoyama",
				"標高":"1076m 6pt ",
				"GL":"PM65nc",
				"市郡区":"G#34005B ",
				"登山日":"",
				"メモ":"",
				"_markerType": "Icon",
				"_iconUrl": "https://maps.gsi.go.jp/portal/sys/v4/symbols/103.png",
				"_iconSize": [
					16,
					16
				],
				"_iconAnchor": [
					8,
					8
				]
			}
		},
		{
			"type": "Feature",
			"geometry": {
				"type": "Point",
				"coordinates": [
					 133.2805,
					 35.132
				]
			},
			"properties": {
				"name": "JA/TT-014(鬼林山)",
				"読み":"Kirinzan",
				"標高":"1031m 6pt ",
				"GL":"PM65pd",
				"市郡区":"G#34005B ",
				"登山日":"",
				"メモ":"",
				"_markerType": "Icon",
				"_iconUrl": "https://maps.gsi.go.jp/portal/sys/v4/symbols/103.png",
				"_iconSize": [
					16,
					16
				],
				"_iconAnchor": [
					8,
					8
				]
			}
		},
		{
			"type": "Feature",
			"geometry": {
				"type": "Point",
				"coordinates": [
					 133.4701,
					 35.2298
				]
			},
			"properties": {
				"name": "JA/TT-015(宝仏山)",
				"読み":"Houbutsuzan",
				"標高":"1005m 6pt ",
				"GL":"PM65rf",
				"市郡区":"G#34005C / G#34005A ",
				"登山日":"",
				"メモ":"",
				"_markerType": "Icon",
				"_iconUrl": "https://maps.gsi.go.jp/portal/sys/v4/symbols/103.png",
				"_iconSize": [
					16,
					16
				],
				"_iconAnchor": [
					8,
					8
				]
			}
		},
		{
			"type": "Feature",
			"geometry": {
				"type": "Point",
				"coordinates": [
					 133.1366,
					 35.0737
				]
			},
			"properties": {
				"name": "JA/TT-016(三国山)",
				"読み":"Mikuniyama",
				"標高":"1004m 6pt ",
				"GL":"PM65nb",
				"市郡区":"G#34005B / C#3511 ",
				"登山日":"",
				"メモ":"",
				"_markerType": "Icon",
				"_iconUrl": "https://maps.gsi.go.jp/portal/sys/v4/symbols/103.png",
				"_iconSize": [
					16,
					16
				],
				"_iconAnchor": [
					8,
					8
				]
			}
		},
		{
			"type": "Feature",
			"geometry": {
				"type": "Point",
				"coordinates": [
					 133.9888,
					 35.3919
				]
			},
			"properties": {
				"name": "JA/TT-017(尼子山)",
				"読み":"Amagoyama",
				"標高":"990m 6pt ",
				"GL":"PM65xj",
				"市郡区":"G#34004I ",
				"登山日":"",
				"メモ":"",
				"_markerType": "Icon",
				"_iconUrl": "https://maps.gsi.go.jp/portal/sys/v4/symbols/103.png",
				"_iconSize": [
					16,
					16
				],
				"_iconAnchor": [
					8,
					8
				]
			}
		},
		{
			"type": "Feature",
			"geometry": {
				"type": "Point",
				"coordinates": [
					 134.2667,
					 35.2392
				]
			},
			"properties": {
				"name": "JA/TT-018(穂見山)",
				"読み":"Honomisen",
				"標高":"976m 6pt ",
				"GL":"PM75df",
				"市郡区":"G#34006G ",
				"登山日":"",
				"メモ":"",
				"_markerType": "Icon",
				"_iconUrl": "https://maps.gsi.go.jp/portal/sys/v4/symbols/103.png",
				"_iconSize": [
					16,
					16
				],
				"_iconAnchor": [
					8,
					8
				]
			}
		},
		{
			"type": "Feature",
			"geometry": {
				"type": "Point",
				"coordinates": [
					 134.0443,
					 35.4223
				]
			},
			"properties": {
				"name": "JA/TT-019(鷲峰山)",
				"読み":"Jubouzan",
				"標高":"921m 6pt ",
				"GL":"PM75ak",
				"市郡区":"C#3401 ",
				"登山日":"",
				"メモ":"",
				"_markerType": "Icon",
				"_iconUrl": "https://maps.gsi.go.jp/portal/sys/v4/symbols/103.png",
				"_iconSize": [
					16,
					16
				],
				"_iconAnchor": [
					8,
					8
				]
			}
		},
		{
			"type": "Feature",
			"geometry": {
				"type": "Point",
				"coordinates": [
					 134.1892,
					 35.2794
				]
			},
			"properties": {
				"name": "JA/TT-020(篭山)",
				"読み":"Kagoyama",
				"標高":"905m 6pt ",
				"GL":"PM75cg",
				"市郡区":"G#34006G / C#3401 ",
				"登山日":"",
				"メモ":"",
				"_markerType": "Icon",
				"_iconUrl": "https://maps.gsi.go.jp/portal/sys/v4/symbols/103.png",
				"_iconSize": [
					16,
					16
				],
				"_iconAnchor": [
					8,
					8
				]
			}
		},
		{
			"type": "Feature",
			"geometry": {
				"type": "Point",
				"coordinates": [
					 133.8886,
					 35.3277
				]
			},
			"properties": {
				"name": "JA/TT-021(木地山(三角点))",
				"読み":"Kijiyama",
				"標高":"875m 6pt ",
				"GL":"PM65wh",
				"市郡区":"G#34004I ",
				"登山日":"",
				"メモ":"",
				"_markerType": "Icon",
				"_iconUrl": "https://maps.gsi.go.jp/portal/sys/v4/symbols/103.png",
				"_iconSize": [
					16,
					16
				],
				"_iconAnchor": [
					8,
					8
				]
			}
		},
		{
			"type": "Feature",
			"geometry": {
				"type": "Point",
				"coordinates": [
					 133.1724,
					 35.2273
				]
			},
			"properties": {
				"name": "JA/TT-022(比田村(三角点))",
				"読み":"Hitamura",
				"標高":"847m 4pt ",
				"GL":"PM65of",
				"市郡区":"G#34005B / C#3206 ",
				"登山日":"",
				"メモ":"",
				"_markerType": "Icon",
				"_iconUrl": "https://maps.gsi.go.jp/portal/sys/v4/symbols/828.png",
				"_iconSize": [
					16,
					16
				],
				"_iconAnchor": [
					8,
					8
				]
			}
		},
		{
			"type": "Feature",
			"geometry": {
				"type": "Point",
				"coordinates": [
					 133.1995,
					 35.1304
				]
			},
			"properties": {
				"name": "JA/TT-023(多里(三角点))",
				"読み":"Oosato",
				"標高":"828m 4pt ",
				"GL":"PM65od",
				"市郡区":"G#34005B ",
				"登山日":"",
				"メモ":"",
				"_markerType": "Icon",
				"_iconUrl": "https://maps.gsi.go.jp/portal/sys/v4/symbols/828.png",
				"_iconSize": [
					16,
					16
				],
				"_iconAnchor": [
					8,
					8
				]
			}
		},
		{
			"type": "Feature",
			"geometry": {
				"type": "Point",
				"coordinates": [
					 134.3602,
					 35.4172
				]
			},
			"properties": {
				"name": "JA/TT-024(福地(三角点))",
				"読み":"Fukuchi",
				"標高":"801m 4pt ",
				"GL":"PM75ek",
				"市郡区":"G#34006I ",
				"登山日":"",
				"メモ":"",
				"_markerType": "Icon",
				"_iconUrl": "https://maps.gsi.go.jp/portal/sys/v4/symbols/828.png",
				"_iconSize": [
					16,
					16
				],
				"_iconAnchor": [
					8,
					8
				]
			}
		},
		{
			"type": "Feature",
			"geometry": {
				"type": "Point",
				"coordinates": [
					 134.2612,
					 35.2788
				]
			},
			"properties": {
				"name": "JA/TT-025(海上山展望台)",
				"読み":"Kaijyosantenboudai",
				"標高":"790m 4pt ",
				"GL":"PM75dg",
				"市郡区":"G#34006G ",
				"登山日":"",
				"メモ":"",
				"_markerType": "Icon",
				"_iconUrl": "https://maps.gsi.go.jp/portal/sys/v4/symbols/828.png",
				"_iconSize": [
					16,
					16
				],
				"_iconAnchor": [
					8,
					8
				]
			}
		},
		{
			"type": "Feature",
			"geometry": {
				"type": "Point",
				"coordinates": [
					 133.9727,
					 35.4223
				]
			},
			"properties": {
				"name": "JA/TT-026(小富士山)",
				"読み":"Kofujiyama",
				"標高":"769m 4pt ",
				"GL":"PM65xk",
				"市郡区":"C#3401 / G#34004I ",
				"登山日":"",
				"メモ":"",
				"_markerType": "Icon",
				"_iconUrl": "https://maps.gsi.go.jp/portal/sys/v4/symbols/828.png",
				"_iconSize": [
					16,
					16
				],
				"_iconAnchor": [
					8,
					8
				]
			}
		},
		{
			"type": "Feature",
			"geometry": {
				"type": "Point",
				"coordinates": [
					 133.4446,
					 35.2707
				]
			},
			"properties": {
				"name": "JA/TT-027(古峠山)",
				"読み":"Furutougeyama",
				"標高":"767m 4pt ",
				"GL":"PM65rg",
				"市郡区":"G#34003J / G#34005C / G#34005A",
				"登山日":"",
				"メモ":"",
				"_markerType": "Icon",
				"_iconUrl": "https://maps.gsi.go.jp/portal/sys/v4/symbols/828.png",
				"_iconSize": [
					16,
					16
				],
				"_iconAnchor": [
					8,
					8
				]
			}
		},
		{
			"type": "Feature",
			"geometry": {
				"type": "Point",
				"coordinates": [
					 133.4793,
					 35.4377
				]
			},
			"properties": {
				"name": "JA/TT-028(孝霊山)",
				"読み":"Koreizan",
				"標高":"751m 4pt ",
				"GL":"PM65rk",
				"市郡区":"C#3403 / G#34003E ",
				"登山日":"",
				"メモ":"",
				"_markerType": "Icon",
				"_iconUrl": "https://maps.gsi.go.jp/portal/sys/v4/symbols/828.png",
				"_iconSize": [
					16,
					16
				],
				"_iconAnchor": [
					8,
					8
				]
			}
		},
		{
			"type": "Feature",
			"geometry": {
				"type": "Point",
				"coordinates": [
					 133.4594,
					 35.2043
				]
			},
			"properties": {
				"name": "JA/TT-029(秋繩(三角点))",
				"読み":"Akinawa",
				"標高":"750m 4pt ",
				"GL":"PM65re",
				"市郡区":"G#34005C ",
				"登山日":"",
				"メモ":"",
				"_markerType": "Icon",
				"_iconUrl": "https://maps.gsi.go.jp/portal/sys/v4/symbols/828.png",
				"_iconSize": [
					16,
					16
				],
				"_iconAnchor": [
					8,
					8
				]
			}
		},
		{
			"type": "Feature",
			"geometry": {
				"type": "Point",
				"coordinates": [
					 134.2182,
					 35.3143
				]
			},
			"properties": {
				"name": "JA/TT-030(洗足山)",
				"読み":"Senzokusan",
				"標高":"743m 4pt ",
				"GL":"PM75ch",
				"市郡区":"C#3401 ",
				"登山日":"",
				"メモ":"",
				"_markerType": "Icon",
				"_iconUrl": "https://maps.gsi.go.jp/portal/sys/v4/symbols/828.png",
				"_iconSize": [
					16,
					16
				],
				"_iconAnchor": [
					8,
					8
				]
			}
		},
		{
			"type": "Feature",
			"geometry": {
				"type": "Point",
				"coordinates": [
					 133.3997,
					 35.24
				]
			},
			"properties": {
				"name": "JA/TT-032(点728)",
				"読み":"P728",
				"標高":"728m 4pt ",
				"GL":"PM65qf",
				"市郡区":"G#34005C / G#34003J ",
				"登山日":"",
				"メモ":"",
				"_markerType": "Icon",
				"_iconUrl": "https://maps.gsi.go.jp/portal/sys/v4/symbols/828.png",
				"_iconSize": [
					16,
					16
				],
				"_iconAnchor": [
					8,
					8
				]
			}
		},
		{
			"type": "Feature",
			"geometry": {
				"type": "Point",
				"coordinates": [
					 133.3602,
					 35.2194
				]
			},
			"properties": {
				"name": "JA/TT-033(黒坂村(三角点))",
				"読み":"Kurosakamura",
				"標高":"715m 4pt ",
				"GL":"PM65qf",
				"市郡区":"G#34005C ",
				"登山日":"",
				"メモ":"",
				"_markerType": "Icon",
				"_iconUrl": "https://maps.gsi.go.jp/portal/sys/v4/symbols/828.png",
				"_iconSize": [
					16,
					16
				],
				"_iconAnchor": [
					8,
					8
				]
			}
		},
		{
			"type": "Feature",
			"geometry": {
				"type": "Point",
				"coordinates": [
					 133.2731,
					 35.2582
				]
			},
			"properties": {
				"name": "JA/TT-034(鷹入山)",
				"読み":"Takairiyama",
				"標高":"706m 4pt ",
				"GL":"PM65pg",
				"市郡区":"C#3206 / G#34005B ",
				"登山日":"",
				"メモ":"",
				"_markerType": "Icon",
				"_iconUrl": "https://maps.gsi.go.jp/portal/sys/v4/symbols/828.png",
				"_iconSize": [
					16,
					16
				],
				"_iconAnchor": [
					8,
					8
				]
			}
		},
		{
			"type": "Feature",
			"geometry": {
				"type": "Point",
				"coordinates": [
					 134.3732,
					 35.4918
				]
			},
			"properties": {
				"name": "JA/TT-036(大芽山)",
				"読み":"Oogayasan",
				"標高":"664m 4pt ",
				"GL":"PM75el",
				"市郡区":"C#3401 ",
				"登山日":"",
				"メモ":"",
				"_markerType": "Icon",
				"_iconUrl": "https://maps.gsi.go.jp/portal/sys/v4/symbols/828.png",
				"_iconSize": [
					16,
					16
				],
				"_iconAnchor": [
					8,
					8
				]
			}
		},
		{
			"type": "Feature",
			"geometry": {
				"type": "Point",
				"coordinates": [
					 134.3407,
					 35.3895
				]
			},
			"properties": {
				"name": "JA/TT-037(六郎谷)",
				"読み":"Rokuroudani",
				"標高":"660m 4pt ",
				"GL":"PM75ej",
				"市郡区":"G#34006I ",
				"登山日":"",
				"メモ":"",
				"_markerType": "Icon",
				"_iconUrl": "https://maps.gsi.go.jp/portal/sys/v4/symbols/828.png",
				"_iconSize": [
					16,
					16
				],
				"_iconAnchor": [
					8,
					8
				]
			}
		},
		{
			"type": "Feature",
			"geometry": {
				"type": "Point",
				"coordinates": [
					 133.4878,
					 35.4258
				]
			},
			"properties": {
				"name": "JA/TT-038(鍋山)",
				"読み":"Nabeyama",
				"標高":"604m 2pt ",
				"GL":"PM65rk",
				"市郡区":"G#34003E ",
				"登山日":"",
				"メモ":"",
				"_markerType": "Icon",
				"_iconUrl": "https://maps.gsi.go.jp/portal/sys/v4/symbols/102.png",
				"_iconSize": [
					16,
					16
				],
				"_iconAnchor": [
					8,
					8
				]
			}
		},
		{
			"type": "Feature",
			"geometry": {
				"type": "Point",
				"coordinates": [
					 133.4976,
					 35.2697
				]
			},
			"properties": {
				"name": "JA/TT-039(俣野(三角点))",
				"読み":"Matano",
				"標高":"551m 2pt ",
				"GL":"PM65rg",
				"市郡区":"G#34005A ",
				"登山日":"",
				"メモ":"",
				"_markerType": "Icon",
				"_iconUrl": "https://maps.gsi.go.jp/portal/sys/v4/symbols/102.png",
				"_iconSize": [
					16,
					16
				],
				"_iconAnchor": [
					8,
					8
				]
			}
		},
		{
			"type": "Feature",
			"geometry": {
				"type": "Point",
				"coordinates": [
					 134.3505,
					 35.4779
				]
			},
			"properties": {
				"name": "JA/TT-040(点535)",
				"読み":"P535",
				"標高":"535m 2pt ",
				"GL":"PM75el",
				"市郡区":"C#3401 / G#34001A ",
				"登山日":"",
				"メモ":"",
				"_markerType": "Icon",
				"_iconUrl": "https://maps.gsi.go.jp/portal/sys/v4/symbols/102.png",
				"_iconSize": [
					16,
					16
				],
				"_iconAnchor": [
					8,
					8
				]
			}
		},
		{
			"type": "Feature",
			"geometry": {
				"type": "Point",
				"coordinates": [
					 133.9089,
					 35.4286
				]
			},
			"properties": {
				"name": "JA/TT-041(別所(三角点))",
				"読み":"Bessyo",
				"標高":"518m 2pt ",
				"GL":"PM65wk",
				"市郡区":"G#34004J / G#34004I ",
				"登山日":"",
				"メモ":"",
				"_markerType": "Icon",
				"_iconUrl": "https://maps.gsi.go.jp/portal/sys/v4/symbols/102.png",
				"_iconSize": [
					16,
					16
				],
				"_iconAnchor": [
					8,
					8
				]
			}
		},
		{
			"type": "Feature",
			"geometry": {
				"type": "Point",
				"coordinates": [
					 133.948,
					 35.456
				]
			},
			"properties": {
				"name": "JA/TT-042(鉢伏山)",
				"読み":"Hachibuseyama",
				"標高":"514m 2pt ",
				"GL":"PM65xk",
				"市郡区":"G#34004J / C#3401 ",
				"登山日":"",
				"メモ":"",
				"_markerType": "Icon",
				"_iconUrl": "https://maps.gsi.go.jp/portal/sys/v4/symbols/102.png",
				"_iconSize": [
					16,
					16
				],
				"_iconAnchor": [
					8,
					8
				]
			}
		},
		{
			"type": "Feature",
			"geometry": {
				"type": "Point",
				"coordinates": [
					 134.1225,
					 35.4202
				]
			},
			"properties": {
				"name": "JA/TT-043(松上(三角点))",
				"読み":"Matsukami",
				"標高":"507m 2pt ",
				"GL":"PM75bk",
				"市郡区":"C#3401 ",
				"登山日":"",
				"メモ":"",
				"_markerType": "Icon",
				"_iconUrl": "https://maps.gsi.go.jp/portal/sys/v4/symbols/102.png",
				"_iconSize": [
					16,
					16
				],
				"_iconAnchor": [
					8,
					8
				]
			}
		},
		{
			"type": "Feature",
			"geometry": {
				"type": "Point",
				"coordinates": [
					 133.3808,
					 35.3083
				]
			},
			"properties": {
				"name": "JA/TT-044(東長田村(三角点))",
				"読み":"Higashinagatamura",
				"標高":"480m 1pt ",
				"GL":"PM65qh",
				"市郡区":"G#34003J / G#34003I ",
				"登山日":"",
				"メモ":"",
				"_markerType": "Icon",
				"_iconUrl": "https://maps.gsi.go.jp/portal/sys/v4/symbols/826.png",
				"_iconSize": [
					16,
					16
				],
				"_iconAnchor": [
					8,
					8
				]
			}
		},
		{
			"type": "Feature",
			"geometry": {
				"type": "Point",
				"coordinates": [
					 134.1851,
					 35.3468
				]
			},
			"properties": {
				"name": "JA/TT-045(点400)",
				"読み":"P400",
				"標高":"400m 1pt ",
				"GL":"PM75ci",
				"市郡区":"C#3401 ",
				"登山日":"",
				"メモ":"",
				"_markerType": "Icon",
				"_iconUrl": "https://maps.gsi.go.jp/portal/sys/v4/symbols/826.png",
				"_iconSize": [
					16,
					16
				],
				"_iconAnchor": [
					8,
					8
				]
			}
		},
		{
			"type": "Feature",
			"geometry": {
				"type": "Point",
				"coordinates": [
					 134.3069,
					 35.5447
				]
			},
			"properties": {
				"name": "JA/TT-046(立岩山)",
				"読み":"Tateiwayama",
				"標高":"394m 1pt ",
				"GL":"PM75dn",
				"市郡区":"C#3401 / G#34001A ",
				"登山日":"",
				"メモ":"",
				"_markerType": "Icon",
				"_iconUrl": "https://maps.gsi.go.jp/portal/sys/v4/symbols/826.png",
				"_iconSize": [
					16,
					16
				],
				"_iconAnchor": [
					8,
					8
				]
			}
		},
		{
			"type": "Feature",
			"geometry": {
				"type": "Point",
				"coordinates": [
					 134.2701,
					 35.5325
				]
			},
			"properties": {
				"name": "JA/TT-047(摩尼山)",
				"読み":"Manisan",
				"標高":"357m 1pt ",
				"GL":"PM75dm",
				"市郡区":"C#3401 ",
				"登山日":"",
				"メモ":"",
				"_markerType": "Icon",
				"_iconUrl": "https://maps.gsi.go.jp/portal/sys/v4/symbols/826.png",
				"_iconSize": [
					16,
					16
				],
				"_iconAnchor": [
					8,
					8
				]
			}
		},
		{
			"type": "Feature",
			"geometry": {
				"type": "Point",
				"coordinates": [
					 134.2428,
					 35.4285
				]
			},
			"properties": {
				"name": "JA/TT-048(空山(三角点))",
				"読み":"Sorayama",
				"標高":"340m 1pt ",
				"GL":"PM75ck",
				"市郡区":"C#3401 / G#34006I ",
				"登山日":"",
				"メモ":"",
				"_markerType": "Icon",
				"_iconUrl": "https://maps.gsi.go.jp/portal/sys/v4/symbols/826.png",
				"_iconSize": [
					16,
					16
				],
				"_iconAnchor": [
					8,
					8
				]
			}
		},
		{
			"type": "Feature",
			"geometry": {
				"type": "Point",
				"coordinates": [
					 133.3483,
					 35.3548
				]
			},
			"properties": {
				"name": "JA/TT-049(要害山(手間要害山))",
				"読み":"Yougaisan",
				"標高":"332m 1pt ",
				"GL":"PM65qi",
				"市郡区":"G#34003I ",
				"登山日":"",
				"メモ":"",
				"_markerType": "Icon",
				"_iconUrl": "https://maps.gsi.go.jp/portal/sys/v4/symbols/826.png",
				"_iconSize": [
					16,
					16
				],
				"_iconAnchor": [
					8,
					8
				]
			}
		},
		{
			"type": "Feature",
			"geometry": {
				"type": "Point",
				"coordinates": [
					 134.2827,
					 35.567
				]
			},
			"properties": {
				"name": "JA/TT-050(駟馳山)",
				"読み":"Shichiyama",
				"標高":"314m 1pt ",
				"GL":"PM75dn",
				"市郡区":"G#34001A / C#3401 ",
				"登山日":"",
				"メモ":"",
				"_markerType": "Icon",
				"_iconUrl": "https://maps.gsi.go.jp/portal/sys/v4/symbols/826.png",
				"_iconSize": [
					16,
					16
				],
				"_iconAnchor": [
					8,
					8
				]
			}
		},
		{
			"type": "Feature",
			"geometry": {
				"type": "Point",
				"coordinates": [
					 133.3194,
					 35.3819
				]
			},
			"properties": {
				"name": "JA/TT-051(要害山(新山要害山))",
				"読み":"Yougaisan",
				"標高":"281m 1pt ",
				"GL":"PM65pj",
				"市郡区":"C#3206 / C#3403 ",
				"登山日":"",
				"メモ":"",
				"_markerType": "Icon",
				"_iconUrl": "https://maps.gsi.go.jp/portal/sys/v4/symbols/826.png",
				"_iconSize": [
					16,
					16
				],
				"_iconAnchor": [
					8,
					8
				]
			}
		},
		{
			"type": "Feature",
			"geometry": {
				"type": "Point",
				"coordinates": [
					 133.5704,
					 35.3558
				]
			},
			"properties": {
				"name": "JA/TT-052(烏ヶ山)",
				"読み":"Karasugasen",
				"標高":"1448m 8pt ",
				"GL":"PM65si",
				"市郡区":"G#34005A / G#34004K ",
				"登山日":"",
				"メモ":"",
				"_markerType": "Icon",
				"_iconUrl": "https://maps.gsi.go.jp/portal/sys/v4/symbols/104.png",
				"_iconSize": [
					16,
					16
				],
				"_iconAnchor": [
					8,
					8
				]
			}
		},
		{
			"type": "Feature",
			"geometry": {
				"type": "Point",
				"coordinates": [
					 133.8376,
					 35.2817
				]
			},
			"properties": {
				"name": "JA/TT-053(若杉山)",
				"読み":"Wakasugiyama",
				"標高":"1021m 6pt ",
				"GL":"PM65wg",
				"市郡区":"G#34004I ",
				"登山日":"",
				"メモ":"",
				"_markerType": "Icon",
				"_iconUrl": "https://maps.gsi.go.jp/portal/sys/v4/symbols/103.png",
				"_iconSize": [
					16,
					16
				],
				"_iconAnchor": [
					8,
					8
				]
			}
		},
		{
			"type": "Feature",
			"geometry": {
				"type": "Point",
				"coordinates": [
					 134.3756,
					 35.3983
				]
			},
			"properties": {
				"name": "JA/TT-054(嶽山)",
				"読み":"Dakedan",
				"標高":"818m 4pt ",
				"GL":"PM75ej",
				"市郡区":"G#34006I ",
				"登山日":"",
				"メモ":"",
				"_markerType": "Icon",
				"_iconUrl": "https://maps.gsi.go.jp/portal/sys/v4/symbols/828.png",
				"_iconSize": [
					16,
					16
				],
				"_iconAnchor": [
					8,
					8
				]
			}
		},
		{
			"type": "Feature",
			"geometry": {
				"type": "Point",
				"coordinates": [
					 133.2334,
					 35.1501
				]
			},
			"properties": {
				"name": "JA/TT-055(野田山(三角点))",
				"読み":"Nodayama",
				"標高":"811m 4pt ",
				"GL":"PM65od",
				"市郡区":"G#34005B ",
				"登山日":"",
				"メモ":"",
				"_markerType": "Icon",
				"_iconUrl": "https://maps.gsi.go.jp/portal/sys/v4/symbols/828.png",
				"_iconSize": [
					16,
					16
				],
				"_iconAnchor": [
					8,
					8
				]
			}
		},
		{
			"type": "Feature",
			"geometry": {
				"type": "Point",
				"coordinates": [
					 133.3749,
					 35.2449
				]
			},
			"properties": {
				"name": "JA/TT-056(上代山(三角点))",
				"読み":"Kamishiroyama",
				"標高":"734m 4pt ",
				"GL":"PM65qf",
				"市郡区":"G#34003J / G#34005C ",
				"登山日":"",
				"メモ":"",
				"_markerType": "Icon",
				"_iconUrl": "https://maps.gsi.go.jp/portal/sys/v4/symbols/828.png",
				"_iconSize": [
					16,
					16
				],
				"_iconAnchor": [
					8,
					8
				]
			}
		},
		{
			"type": "Feature",
			"geometry": {
				"type": "Point",
				"coordinates": [
					 133.8198,
					 35.3338
				]
			},
			"properties": {
				"name": "JA/TT-057(点705)",
				"読み":"P705",
				"標高":"705m 4pt ",
				"GL":"PM65vi",
				"市郡区":"G#34004I ",
				"登山日":"",
				"メモ":"",
				"_markerType": "Icon",
				"_iconUrl": "https://maps.gsi.go.jp/portal/sys/v4/symbols/828.png",
				"_iconSize": [
					16,
					16
				],
				"_iconAnchor": [
					8,
					8
				]
			}
		},
		{
			"type": "Feature",
			"geometry": {
				"type": "Point",
				"coordinates": [
					 133.3224,
					 35.2557
				]
			},
			"properties": {
				"name": "JA/TT-058(点674)",
				"読み":"P674",
				"標高":"674m 4pt ",
				"GL":"PM65pg",
				"市郡区":"G#34005B ",
				"登山日":"",
				"メモ":"",
				"_markerType": "Icon",
				"_iconUrl": "https://maps.gsi.go.jp/portal/sys/v4/symbols/828.png",
				"_iconSize": [
					16,
					16
				],
				"_iconAnchor": [
					8,
					8
				]
			}
		},
		{
			"type": "Feature",
			"geometry": {
				"type": "Point",
				"coordinates": [
					 133.4246,
					 35.2599
				]
			},
			"properties": {
				"name": "JA/TT-059(点670)",
				"読み":"P670",
				"標高":"670m 4pt ",
				"GL":"PM65rg",
				"市郡区":"G#34003J / G#34005C ",
				"登山日":"",
				"メモ":"",
				"_markerType": "Icon",
				"_iconUrl": "https://maps.gsi.go.jp/portal/sys/v4/symbols/828.png",
				"_iconSize": [
					16,
					16
				],
				"_iconAnchor": [
					8,
					8
				]
			}
		},
		{
			"type": "Feature",
			"geometry": {
				"type": "Point",
				"coordinates": [
					 134.2389,
					 35.3039
				]
			},
			"properties": {
				"name": "JA/TT-060(有光(三角点))",
				"読み":"Arimitsu",
				"標高":"666m 4pt ",
				"GL":"PM75ch",
				"市郡区":"C#3401 ",
				"登山日":"",
				"メモ":"",
				"_markerType": "Icon",
				"_iconUrl": "https://maps.gsi.go.jp/portal/sys/v4/symbols/828.png",
				"_iconSize": [
					16,
					16
				],
				"_iconAnchor": [
					8,
					8
				]
			}
		},
		{
			"type": "Feature",
			"geometry": {
				"type": "Point",
				"coordinates": [
					 134.2203,
					 35.329
				]
			},
			"properties": {
				"name": "JA/TT-061(おおなる山)",
				"読み":"Oonaruyama",
				"標高":"648m 2pt ",
				"GL":"PM75ch",
				"市郡区":"C#3401 ",
				"登山日":"",
				"メモ":"",
				"_markerType": "Icon",
				"_iconUrl": "https://maps.gsi.go.jp/portal/sys/v4/symbols/102.png",
				"_iconSize": [
					16,
					16
				],
				"_iconAnchor": [
					8,
					8
				]
			}
		},
		{
			"type": "Feature",
			"geometry": {
				"type": "Point",
				"coordinates": [
					 133.4577,
					 35.3313
				]
			},
			"properties": {
				"name": "JA/TT-062(笹苞山)",
				"読み":"Sasutoyama",
				"標高":"512m 2pt ",
				"GL":"PM65rh",
				"市郡区":"G#34003J ",
				"登山日":"",
				"メモ":"",
				"_markerType": "Icon",
				"_iconUrl": "https://maps.gsi.go.jp/portal/sys/v4/symbols/102.png",
				"_iconSize": [
					16,
					16
				],
				"_iconAnchor": [
					8,
					8
				]
			}
		},
		{
			"type": "Feature",
			"geometry": {
				"type": "Point",
				"coordinates": [
					 134.357,
					 35.5432
				]
			},
			"properties": {
				"name": "JA/TT-063(本谷山(三角点))",
				"読み":"Motoyasan",
				"標高":"328m 1pt ",
				"GL":"PM75en",
				"市郡区":"G#34001A ",
				"登山日":"",
				"メモ":"",
				"_markerType": "Icon",
				"_iconUrl": "https://maps.gsi.go.jp/portal/sys/v4/symbols/826.png",
				"_iconSize": [
					16,
					16
				],
				"_iconAnchor": [
					8,
					8
				]
			}
		},
		{
			"type": "Feature",
			"geometry": {
				"type": "Point",
				"coordinates": [
					 134.2934,
					 35.5261
				]
			},
			"properties": {
				"name": "JA/TT-064(点240)",
				"読み":"P240",
				"標高":"240m 1pt ",
				"GL":"PM75dm",
				"市郡区":"C#3401 ",
				"登山日":"",
				"メモ":"",
				"_markerType": "Icon",
				"_iconUrl": "https://maps.gsi.go.jp/portal/sys/v4/symbols/826.png",
				"_iconSize": [
					16,
					16
				],
				"_iconAnchor": [
					8,
					8
				]
			}
		},
		{
			"type": "Feature",
			"geometry": {
				"type": "Point",
				"coordinates": [
					 134.3138,
					 35.5859
				]
			},
			"properties": {
				"name": "JA/TT-065(桐山(城跡))",
				"読み":"Kiriyama",
				"標高":"203m 1pt ",
				"GL":"PM75do",
				"市郡区":"G#34001A ",
				"登山日":"",
				"メモ":"",
				"_markerType": "Icon",
				"_iconUrl": "https://maps.gsi.go.jp/portal/sys/v4/symbols/826.png",
				"_iconSize": [
					16,
					16
				],
				"_iconAnchor": [
					8,
					8
				]
			}
		},
		{
			"type": "Feature",
			"geometry": {
				"type": "Point",
				"coordinates": [
					 133.8207,
					 35.4522
				]
			},
			"properties": {
				"name": "JA/TT-066(大山(三角点))",
				"読み":"Ooyama",
				"標高":"198m 1pt ",
				"GL":"PM65vk",
				"市郡区":"C#3402 ",
				"登山日":"",
				"メモ":"",
				"_markerType": "Icon",
				"_iconUrl": "https://maps.gsi.go.jp/portal/sys/v4/symbols/826.png",
				"_iconSize": [
					16,
					16
				],
				"_iconAnchor": [
					8,
					8
				]
			}
		},
		{
			"type": "Feature",
			"geometry": {
				"type": "Point",
				"coordinates": [
					 133.9072,
					 35.4903
				]
			},
			"properties": {
				"name": "JA/TT-067(御冠山)",
				"読み":"Mikanmuriyama",
				"標高":"186m 1pt ",
				"GL":"PM65wl",
				"市郡区":"G#34004J ",
				"登山日":"",
				"メモ":"",
				"_markerType": "Icon",
				"_iconUrl": "https://maps.gsi.go.jp/portal/sys/v4/symbols/826.png",
				"_iconSize": [
					16,
					16
				],
				"_iconAnchor": [
					8,
					8
				]
			}
		},
		{
			"type": "Feature",
			"geometry": {
				"type": "Point",
				"coordinates": [
					 133.863451,
					 35.462898
				]
			},
			"properties": {
				"name": "JA/TT-068(大平山)",
				"読み":"Oohirayama",
				"標高":"191m 1pt ",
				"GL":"PM65wl",
				"市郡区":"C#3402 ",
				"登山日":"",
				"メモ":"",
				"_markerType": "Icon",
				"_iconUrl": "https://maps.gsi.go.jp/portal/sys/v4/symbols/826.png",
				"_iconSize": [
					16,
					16
				],
				"_iconAnchor": [
					8,
					8
				]
			}
		},
		{
			"type": "Feature",
			"geometry": {
				"type": "Point",
				"coordinates": [
					 132.0086,
					 34.4168
				]
			},
			"properties": {
				"name": "JA/YG-001(小五郎山)",
				"読み":"Kogorousan",
				"標高":"1162m 8pt ",
				"GL":"PM64ak",
				"市郡区":"C#3308 ",
				"登山日":"",
				"メモ":"",
				"_markerType": "Icon",
				"_iconUrl": "https://maps.gsi.go.jp/portal/sys/v4/symbols/104.png",
				"_iconSize": [
					16,
					16
				],
				"_iconAnchor": [
					8,
					8
				]
			}
		},
		{
			"type": "Feature",
			"geometry": {
				"type": "Point",
				"coordinates": [
					 132.0672,
					 34.3556
				]
			},
			"properties": {
				"name": "JA/YG-002(羅漢山)",
				"読み":"Rakanzan",
				"標高":"1109m 8pt ",
				"GL":"PM64ai",
				"市郡区":"C#3308 ",
				"登山日":"",
				"メモ":"",
				"_markerType": "Icon",
				"_iconUrl": "https://maps.gsi.go.jp/portal/sys/v4/symbols/104.png",
				"_iconSize": [
					16,
					16
				],
				"_iconAnchor": [
					8,
					8
				]
			}
		},
		{
			"type": "Feature",
			"geometry": {
				"type": "Point",
				"coordinates": [
					 131.8997,
					 34.3184
				]
			},
			"properties": {
				"name": "JA/YG-003(平家ヶ岳)",
				"読み":"Heikegadake",
				"標高":"1066m 6pt ",
				"GL":"PM54wh",
				"市郡区":"C#3308 / G#32008E ",
				"登山日":"",
				"メモ":"",
				"_markerType": "Icon",
				"_iconUrl": "https://maps.gsi.go.jp/portal/sys/v4/symbols/103.png",
				"_iconSize": [
					16,
					16
				],
				"_iconAnchor": [
					8,
					8
				]
			}
		},
		{
			"type": "Feature",
			"geometry": {
				"type": "Point",
				"coordinates": [
					 131.9791,
					 34.3426
				]
			},
			"properties": {
				"name": "JA/YG-004(大将陣)",
				"読み":"Daishojin",
				"標高":"1022m 6pt ",
				"GL":"PM54xi",
				"市郡区":"C#3308 / G#32008E ",
				"登山日":"",
				"メモ":"",
				"_markerType": "Icon",
				"_iconUrl": "https://maps.gsi.go.jp/portal/sys/v4/symbols/103.png",
				"_iconSize": [
					16,
					16
				],
				"_iconAnchor": [
					8,
					8
				]
			}
		},
		{
			"type": "Feature",
			"geometry": {
				"type": "Point",
				"coordinates": [
					 131.8776,
					 34.2753
				]
			},
			"properties": {
				"name": "JA/YG-005(長野山)",
				"読み":"Naganoyama",
				"標高":"1015m 6pt ",
				"GL":"PM54wg",
				"市郡区":"C#3315 ",
				"登山日":"",
				"メモ":"",
				"_markerType": "Icon",
				"_iconUrl": "https://maps.gsi.go.jp/portal/sys/v4/symbols/103.png",
				"_iconSize": [
					16,
					16
				],
				"_iconAnchor": [
					8,
					8
				]
			}
		},
		{
			"type": "Feature",
			"geometry": {
				"type": "Point",
				"coordinates": [
					 131.744,
					 34.3297
				]
			},
			"properties": {
				"name": "JA/YG-006(飯ケ岳)",
				"読み":"Iigadake",
				"標高":"937m 6pt ",
				"GL":"PM54uh",
				"市郡区":"C#3301 ",
				"登山日":"",
				"メモ":"",
				"_markerType": "Icon",
				"_iconUrl": "https://maps.gsi.go.jp/portal/sys/v4/symbols/103.png",
				"_iconSize": [
					16,
					16
				],
				"_iconAnchor": [
					8,
					8
				]
			}
		},
		{
			"type": "Feature",
			"geometry": {
				"type": "Point",
				"coordinates": [
					 131.7453,
					 34.245
				]
			},
			"properties": {
				"name": "JA/YG-007(石ケ岳)",
				"読み":"Ishigatake",
				"標高":"924m 6pt ",
				"GL":"PM54uf",
				"市郡区":"C#3315 ",
				"登山日":"",
				"メモ":"",
				"_markerType": "Icon",
				"_iconUrl": "https://maps.gsi.go.jp/portal/sys/v4/symbols/103.png",
				"_iconSize": [
					16,
					16
				],
				"_iconAnchor": [
					8,
					8
				]
			}
		},
		{
			"type": "Feature",
			"geometry": {
				"type": "Point",
				"coordinates": [
					 131.7502,
					 34.2992
				]
			},
			"properties": {
				"name": "JA/YG-008(省谷山(三角点))",
				"読み":"Shokokuyama",
				"標高":"890m 6pt ",
				"GL":"PM54vh",
				"市郡区":"C#3315 / C#3301 ",
				"登山日":"",
				"メモ":"",
				"_markerType": "Icon",
				"_iconUrl": "https://maps.gsi.go.jp/portal/sys/v4/symbols/103.png",
				"_iconSize": [
					16,
					16
				],
				"_iconAnchor": [
					8,
					8
				]
			}
		},
		{
			"type": "Feature",
			"geometry": {
				"type": "Point",
				"coordinates": [
					 131.7656,
					 34.2706
				]
			},
			"properties": {
				"name": "JA/YG-009(大平(三角点))",
				"読み":"Oohira",
				"標高":"842m 4pt ",
				"GL":"PM54vg",
				"市郡区":"C#3315 ",
				"登山日":"",
				"メモ":"",
				"_markerType": "Icon",
				"_iconUrl": "https://maps.gsi.go.jp/portal/sys/v4/symbols/828.png",
				"_iconSize": [
					16,
					16
				],
				"_iconAnchor": [
					8,
					8
				]
			}
		},
		{
			"type": "Feature",
			"geometry": {
				"type": "Point",
				"coordinates": [
					 131.6422,
					 34.3726
				]
			},
			"properties": {
				"name": "JA/YG-010(大蔵ケ岳)",
				"読み":"Ookuragatake",
				"標高":"834m 4pt ",
				"GL":"PM54ti",
				"市郡区":"C#3301 ",
				"登山日":"",
				"メモ":"",
				"_markerType": "Icon",
				"_iconUrl": "https://maps.gsi.go.jp/portal/sys/v4/symbols/828.png",
				"_iconSize": [
					16,
					16
				],
				"_iconAnchor": [
					8,
					8
				]
			}
		},
		{
			"type": "Feature",
			"geometry": {
				"type": "Point",
				"coordinates": [
					 131.7012,
					 34.3565
				]
			},
			"properties": {
				"name": "JA/YG-011(点818)",
				"読み":"P818",
				"標高":"818m 4pt ",
				"GL":"PM54ui",
				"市郡区":"C#3301 ",
				"登山日":"",
				"メモ":"",
				"_markerType": "Icon",
				"_iconUrl": "https://maps.gsi.go.jp/portal/sys/v4/symbols/828.png",
				"_iconSize": [
					16,
					16
				],
				"_iconAnchor": [
					8,
					8
				]
			}
		},
		{
			"type": "Feature",
			"geometry": {
				"type": "Point",
				"coordinates": [
					 131.86,
					 34.2435
				]
			},
			"properties": {
				"name": "JA/YG-012(岳ノ谷)",
				"読み":"Dakenotani",
				"標高":"798m 4pt ",
				"GL":"PM54wf",
				"市郡区":"C#3315 ",
				"登山日":"",
				"メモ":"",
				"_markerType": "Icon",
				"_iconUrl": "https://maps.gsi.go.jp/portal/sys/v4/symbols/828.png",
				"_iconSize": [
					16,
					16
				],
				"_iconAnchor": [
					8,
					8
				]
			}
		},
		{
			"type": "Feature",
			"geometry": {
				"type": "Point",
				"coordinates": [
					 131.8418,
					 34.1918
				]
			},
			"properties": {
				"name": "JA/YG-013(金峰山)",
				"読み":"Kinpouzan",
				"標高":"790m 4pt ",
				"GL":"PM54we",
				"市郡区":"C#3315 ",
				"登山日":"",
				"メモ":"",
				"_markerType": "Icon",
				"_iconUrl": "https://maps.gsi.go.jp/portal/sys/v4/symbols/828.png",
				"_iconSize": [
					16,
					16
				],
				"_iconAnchor": [
					8,
					8
				]
			}
		},
		{
			"type": "Feature",
			"geometry": {
				"type": "Point",
				"coordinates": [
					 131.4093,
					 34.2597
				]
			},
			"properties": {
				"name": "JA/YG-014(男岳)",
				"読み":"Ondake",
				"標高":"789m 4pt ",
				"GL":"PM54qg",
				"市郡区":"C#3304 ",
				"登山日":"",
				"メモ":"",
				"_markerType": "Icon",
				"_iconUrl": "https://maps.gsi.go.jp/portal/sys/v4/symbols/828.png",
				"_iconSize": [
					16,
					16
				],
				"_iconAnchor": [
					8,
					8
				]
			}
		},
		{
			"type": "Feature",
			"geometry": {
				"type": "Point",
				"coordinates": [
					 131.598,
					 34.2875
				]
			},
			"properties": {
				"name": "JA/YG-015(高羽ケ岳)",
				"読み":"Takabagatake",
				"標高":"761m 4pt ",
				"GL":"PM54tg",
				"市郡区":"C#3301 ",
				"登山日":"",
				"メモ":"",
				"_markerType": "Icon",
				"_iconUrl": "https://maps.gsi.go.jp/portal/sys/v4/symbols/828.png",
				"_iconSize": [
					16,
					16
				],
				"_iconAnchor": [
					8,
					8
				]
			}
		},
		{
			"type": "Feature",
			"geometry": {
				"type": "Point",
				"coordinates": [
					 132.1035,
					 34.3172
				]
			},
			"properties": {
				"name": "JA/YG-016(北中山(三角点))",
				"読み":"Kitanakayama",
				"標高":"751m 4pt ",
				"GL":"PM64bh",
				"市郡区":"C#3308 ",
				"登山日":"",
				"メモ":"",
				"_markerType": "Icon",
				"_iconUrl": "https://maps.gsi.go.jp/portal/sys/v4/symbols/828.png",
				"_iconSize": [
					16,
					16
				],
				"_iconAnchor": [
					8,
					8
				]
			}
		},
		{
			"type": "Feature",
			"geometry": {
				"type": "Point",
				"coordinates": [
					 131.7109,
					 34.2617
				]
			},
			"properties": {
				"name": "JA/YG-017(点750)",
				"読み":"P750",
				"標高":"750m 4pt ",
				"GL":"PM54ug",
				"市郡区":"C#3301 ",
				"登山日":"",
				"メモ":"",
				"_markerType": "Icon",
				"_iconUrl": "https://maps.gsi.go.jp/portal/sys/v4/symbols/828.png",
				"_iconSize": [
					16,
					16
				],
				"_iconAnchor": [
					8,
					8
				]
			}
		},
		{
			"type": "Feature",
			"geometry": {
				"type": "Point",
				"coordinates": [
					 131.4504,
					 34.2467
				]
			},
			"properties": {
				"name": "JA/YG-018(ダツヤ山)",
				"読み":"Datsuyasan",
				"標高":"746m 4pt ",
				"GL":"PM54rf",
				"市郡区":"C#3304 ",
				"登山日":"",
				"メモ":"",
				"_markerType": "Icon",
				"_iconUrl": "https://maps.gsi.go.jp/portal/sys/v4/symbols/828.png",
				"_iconSize": [
					16,
					16
				],
				"_iconAnchor": [
					8,
					8
				]
			}
		},
		{
			"type": "Feature",
			"geometry": {
				"type": "Point",
				"coordinates": [
					 131.4094,
					 34.2108
				]
			},
			"properties": {
				"name": "JA/YG-019(西鳳翩山)",
				"読み":"Nishihoubenzan",
				"標高":"742m 4pt ",
				"GL":"PM54qf",
				"市郡区":"C#3313 / C#3301 / C#3304",
				"登山日":"",
				"メモ":"",
				"_markerType": "Icon",
				"_iconUrl": "https://maps.gsi.go.jp/portal/sys/v4/symbols/828.png",
				"_iconSize": [
					16,
					16
				],
				"_iconAnchor": [
					8,
					8
				]
			}
		},
		{
			"type": "Feature",
			"geometry": {
				"type": "Point",
				"coordinates": [
					 131.4429,
					 34.2219
				]
			},
			"properties": {
				"name": "JA/YG-020(東鳳翩山)",
				"読み":"Higashihoubenzan",
				"標高":"734m 4pt ",
				"GL":"PM54rf",
				"市郡区":"C#3301 / C#3304 ",
				"登山日":"",
				"メモ":"",
				"_markerType": "Icon",
				"_iconUrl": "https://maps.gsi.go.jp/portal/sys/v4/symbols/828.png",
				"_iconSize": [
					16,
					16
				],
				"_iconAnchor": [
					8,
					8
				]
			}
		},
		{
			"type": "Feature",
			"geometry": {
				"type": "Point",
				"coordinates": [
					 131.6683,
					 34.3119
				]
			},
			"properties": {
				"name": "JA/YG-021(津々良ケ岳)",
				"読み":"Tsutsuragatake",
				"標高":"733m 4pt ",
				"GL":"PM54uh",
				"市郡区":"C#3301 ",
				"登山日":"",
				"メモ":"",
				"_markerType": "Icon",
				"_iconUrl": "https://maps.gsi.go.jp/portal/sys/v4/symbols/828.png",
				"_iconSize": [
					16,
					16
				],
				"_iconAnchor": [
					8,
					8
				]
			}
		},
		{
			"type": "Feature",
			"geometry": {
				"type": "Point",
				"coordinates": [
					 131.7425,
					 34.2734
				]
			},
			"properties": {
				"name": "JA/YG-022(高鉢山)",
				"読み":"Takabachiyama",
				"標高":"730m 4pt ",
				"GL":"PM54ug",
				"市郡区":"C#3301 ",
				"登山日":"",
				"メモ":"",
				"_markerType": "Icon",
				"_iconUrl": "https://maps.gsi.go.jp/portal/sys/v4/symbols/828.png",
				"_iconSize": [
					16,
					16
				],
				"_iconAnchor": [
					8,
					8
				]
			}
		},
		{
			"type": "Feature",
			"geometry": {
				"type": "Point",
				"coordinates": [
					 131.6601,
					 34.4066
				]
			},
			"properties": {
				"name": "JA/YG-023(牝滝山)",
				"読み":"Metakiyama",
				"標高":"716m 4pt ",
				"GL":"PM54tj",
				"市郡区":"C#3301 ",
				"登山日":"",
				"メモ":"",
				"_markerType": "Icon",
				"_iconUrl": "https://maps.gsi.go.jp/portal/sys/v4/symbols/828.png",
				"_iconSize": [
					16,
					16
				],
				"_iconAnchor": [
					8,
					8
				]
			}
		},
		{
			"type": "Feature",
			"geometry": {
				"type": "Point",
				"coordinates": [
					 131.6048,
					 34.3559
				]
			},
			"properties": {
				"name": "JA/YG-024(黒獅子山)",
				"読み":"Kurojishiyama",
				"標高":"716m 4pt ",
				"GL":"PM54ti",
				"市郡区":"C#3301 ",
				"登山日":"",
				"メモ":"",
				"_markerType": "Icon",
				"_iconUrl": "https://maps.gsi.go.jp/portal/sys/v4/symbols/828.png",
				"_iconSize": [
					16,
					16
				],
				"_iconAnchor": [
					8,
					8
				]
			}
		},
		{
			"type": "Feature",
			"geometry": {
				"type": "Point",
				"coordinates": [
					 131.0306,
					 34.1835
				]
			},
			"properties": {
				"name": "JA/YG-025(華山)",
				"読み":"Gesan",
				"標高":"713m 4pt ",
				"GL":"PM54me",
				"市郡区":"C#3302 ",
				"登山日":"",
				"メモ":"",
				"_markerType": "Icon",
				"_iconUrl": "https://maps.gsi.go.jp/portal/sys/v4/symbols/828.png",
				"_iconSize": [
					16,
					16
				],
				"_iconAnchor": [
					8,
					8
				]
			}
		},
		{
			"type": "Feature",
			"geometry": {
				"type": "Point",
				"coordinates": [
					 132.0224,
					 34.1361
				]
			},
			"properties": {
				"name": "JA/YG-026(物見ケ岳)",
				"読み":"Monomigadake",
				"標高":"709m 4pt ",
				"GL":"PM64ad",
				"市郡区":"C#3308 ",
				"登山日":"",
				"メモ":"",
				"_markerType": "Icon",
				"_iconUrl": "https://maps.gsi.go.jp/portal/sys/v4/symbols/828.png",
				"_iconSize": [
					16,
					16
				],
				"_iconAnchor": [
					8,
					8
				]
			}
		},
		{
			"type": "Feature",
			"geometry": {
				"type": "Point",
				"coordinates": [
					 131.6153,
					 34.4246
				]
			},
			"properties": {
				"name": "JA/YG-027(点705)",
				"読み":"P705",
				"標高":"705m 4pt ",
				"GL":"PM54tk",
				"市郡区":"C#3301 ",
				"登山日":"",
				"メモ":"",
				"_markerType": "Icon",
				"_iconUrl": "https://maps.gsi.go.jp/portal/sys/v4/symbols/828.png",
				"_iconSize": [
					16,
					16
				],
				"_iconAnchor": [
					8,
					8
				]
			}
		},
		{
			"type": "Feature",
			"geometry": {
				"type": "Point",
				"coordinates": [
					 131.3028,
					 34.3054
				]
			},
			"properties": {
				"name": "JA/YG-028(桂木山)",
				"読み":"Katsuragisan",
				"標高":"702m 4pt ",
				"GL":"PM54ph",
				"市郡区":"C#3313 ",
				"登山日":"",
				"メモ":"",
				"_markerType": "Icon",
				"_iconUrl": "https://maps.gsi.go.jp/portal/sys/v4/symbols/828.png",
				"_iconSize": [
					16,
					16
				],
				"_iconAnchor": [
					8,
					8
				]
			}
		},
		{
			"type": "Feature",
			"geometry": {
				"type": "Point",
				"coordinates": [
					 131.9696,
					 34.0871
				]
			},
			"properties": {
				"name": "JA/YG-029(烏帽子岳)",
				"読み":"Eboshidake",
				"標高":"697m 4pt ",
				"GL":"PM54xc",
				"市郡区":"C#3315 / C#3308 ",
				"登山日":"",
				"メモ":"",
				"_markerType": "Icon",
				"_iconUrl": "https://maps.gsi.go.jp/portal/sys/v4/symbols/828.png",
				"_iconSize": [
					16,
					16
				],
				"_iconAnchor": [
					8,
					8
				]
			}
		},
		{
			"type": "Feature",
			"geometry": {
				"type": "Point",
				"coordinates": [
					 131.0429,
					 34.311
				]
			},
			"properties": {
				"name": "JA/YG-030(天井ヶ岳)",
				"読み":"Tenjyougadake",
				"標高":"691m 4pt ",
				"GL":"PM54mh",
				"市郡区":"C#3302 / C#3311 ",
				"登山日":"",
				"メモ":"",
				"_markerType": "Icon",
				"_iconUrl": "https://maps.gsi.go.jp/portal/sys/v4/symbols/828.png",
				"_iconSize": [
					16,
					16
				],
				"_iconAnchor": [
					8,
					8
				]
			}
		},
		{
			"type": "Feature",
			"geometry": {
				"type": "Point",
				"coordinates": [
					 132.2453,
					 33.9141
				]
			},
			"properties": {
				"name": "JA/YG-031(嘉納山)",
				"読み":"Kanozan",
				"標高":"691m 4pt ",
				"GL":"PM63cv",
				"市郡区":"G#33003E ",
				"登山日":"",
				"メモ":"",
				"_markerType": "Icon",
				"_iconUrl": "https://maps.gsi.go.jp/portal/sys/v4/symbols/828.png",
				"_iconSize": [
					16,
					16
				],
				"_iconAnchor": [
					8,
					8
				]
			}
		},
		{
			"type": "Feature",
			"geometry": {
				"type": "Point",
				"coordinates": [
					 131.5076,
					 34.2548
				]
			},
			"properties": {
				"name": "JA/YG-032(龍門岳)",
				"読み":"Ryumondake",
				"標高":"688m 4pt ",
				"GL":"PM54sg",
				"市郡区":"C#3301 / C#3304 ",
				"登山日":"",
				"メモ":"",
				"_markerType": "Icon",
				"_iconUrl": "https://maps.gsi.go.jp/portal/sys/v4/symbols/828.png",
				"_iconSize": [
					16,
					16
				],
				"_iconAnchor": [
					8,
					8
				]
			}
		},
		{
			"type": "Feature",
			"geometry": {
				"type": "Point",
				"coordinates": [
					 131.8671,
					 34.2104
				]
			},
			"properties": {
				"name": "JA/YG-033(白石岳)",
				"読み":"Shiraishidake",
				"標高":"679m 4pt ",
				"GL":"PM54wf",
				"市郡区":"C#3315 ",
				"登山日":"",
				"メモ":"",
				"_markerType": "Icon",
				"_iconUrl": "https://maps.gsi.go.jp/portal/sys/v4/symbols/828.png",
				"_iconSize": [
					16,
					16
				],
				"_iconAnchor": [
					8,
					8
				]
			}
		},
		{
			"type": "Feature",
			"geometry": {
				"type": "Point",
				"coordinates": [
					 131.0674,
					 34.2919
				]
			},
			"properties": {
				"name": "JA/YG-034(一位ケ岳)",
				"読み":"Ichiigadake",
				"標高":"672m 4pt ",
				"GL":"PM54mh",
				"市郡区":"C#3302 / C#3311 ",
				"登山日":"",
				"メモ":"",
				"_markerType": "Icon",
				"_iconUrl": "https://maps.gsi.go.jp/portal/sys/v4/symbols/828.png",
				"_iconSize": [
					16,
					16
				],
				"_iconAnchor": [
					8,
					8
				]
			}
		},
		{
			"type": "Feature",
			"geometry": {
				"type": "Point",
				"coordinates": [
					 131.221,
					 34.2839
				]
			},
			"properties": {
				"name": "JA/YG-035(花尾山)",
				"読み":"Hanaoyama",
				"標高":"664m 4pt ",
				"GL":"PM54og",
				"市郡区":"C#3313 / C#3311 ",
				"登山日":"",
				"メモ":"",
				"_markerType": "Icon",
				"_iconUrl": "https://maps.gsi.go.jp/portal/sys/v4/symbols/828.png",
				"_iconSize": [
					16,
					16
				],
				"_iconAnchor": [
					8,
					8
				]
			}
		},
		{
			"type": "Feature",
			"geometry": {
				"type": "Point",
				"coordinates": [
					 131.8524,
					 34.1737
				]
			},
			"properties": {
				"name": "JA/YG-036(点662)",
				"読み":"P662",
				"標高":"662m 4pt ",
				"GL":"PM54we",
				"市郡区":"C#3315 ",
				"登山日":"",
				"メモ":"",
				"_markerType": "Icon",
				"_iconUrl": "https://maps.gsi.go.jp/portal/sys/v4/symbols/828.png",
				"_iconSize": [
					16,
					16
				],
				"_iconAnchor": [
					8,
					8
				]
			}
		},
		{
			"type": "Feature",
			"geometry": {
				"type": "Point",
				"coordinates": [
					 131.6564,
					 34.5039
				]
			},
			"properties": {
				"name": "JA/YG-037(権現山)",
				"読み":"Gongenyama",
				"標高":"653m 4pt ",
				"GL":"PM54tm",
				"市郡区":"C#3301 / C#3304 ",
				"登山日":"",
				"メモ":"",
				"_markerType": "Icon",
				"_iconUrl": "https://maps.gsi.go.jp/portal/sys/v4/symbols/828.png",
				"_iconSize": [
					16,
					16
				],
				"_iconAnchor": [
					8,
					8
				]
			}
		},
		{
			"type": "Feature",
			"geometry": {
				"type": "Point",
				"coordinates": [
					 131.3858,
					 34.2308
				]
			},
			"properties": {
				"name": "JA/YG-038(矢櫃山)",
				"読み":"Yabitsuyama",
				"標高":"653m 4pt ",
				"GL":"PM54qf",
				"市郡区":"C#3313 ",
				"登山日":"",
				"メモ":"",
				"_markerType": "Icon",
				"_iconUrl": "https://maps.gsi.go.jp/portal/sys/v4/symbols/828.png",
				"_iconSize": [
					16,
					16
				],
				"_iconAnchor": [
					8,
					8
				]
			}
		},
		{
			"type": "Feature",
			"geometry": {
				"type": "Point",
				"coordinates": [
					 132.1538,
					 34.0755
				]
			},
			"properties": {
				"name": "JA/YG-039(高照寺山)",
				"読み":"Kousyoujiyama",
				"標高":"645m 2pt ",
				"GL":"PM64bb",
				"市郡区":"C#3308 ",
				"登山日":"",
				"メモ":"",
				"_markerType": "Icon",
				"_iconUrl": "https://maps.gsi.go.jp/portal/sys/v4/symbols/102.png",
				"_iconSize": [
					16,
					16
				],
				"_iconAnchor": [
					8,
					8
				]
			}
		},
		{
			"type": "Feature",
			"geometry": {
				"type": "Point",
				"coordinates": [
					 131.6172,
					 34.5248
				]
			},
			"properties": {
				"name": "JA/YG-040(伊良尾山)",
				"読み":"Iraoyama",
				"標高":"641m 2pt ",
				"GL":"PM54tm",
				"市郡区":"G#33002D ",
				"登山日":"",
				"メモ":"",
				"_markerType": "Icon",
				"_iconUrl": "https://maps.gsi.go.jp/portal/sys/v4/symbols/102.png",
				"_iconSize": [
					16,
					16
				],
				"_iconAnchor": [
					8,
					8
				]
			}
		},
		{
			"type": "Feature",
			"geometry": {
				"type": "Point",
				"coordinates": [
					 131.7584,
					 34.4347
				]
			},
			"properties": {
				"name": "JA/YG-041(野坂山)",
				"読み":"Nosakayama",
				"標高":"640m 2pt ",
				"GL":"PM54vk",
				"市郡区":"C#3301 / G#32008C ",
				"登山日":"",
				"メモ":"",
				"_markerType": "Icon",
				"_iconUrl": "https://maps.gsi.go.jp/portal/sys/v4/symbols/102.png",
				"_iconSize": [
					16,
					16
				],
				"_iconAnchor": [
					8,
					8
				]
			}
		},
		{
			"type": "Feature",
			"geometry": {
				"type": "Point",
				"coordinates": [
					 131.6303,
					 34.0734
				]
			},
			"properties": {
				"name": "JA/YG-043(大平山)",
				"読み":"Oohirayama",
				"標高":"631m 2pt ",
				"GL":"PM54tb",
				"市郡区":"C#3306 ",
				"登山日":"",
				"メモ":"",
				"_markerType": "Icon",
				"_iconUrl": "https://maps.gsi.go.jp/portal/sys/v4/symbols/102.png",
				"_iconSize": [
					16,
					16
				],
				"_iconAnchor": [
					8,
					8
				]
			}
		},
		{
			"type": "Feature",
			"geometry": {
				"type": "Point",
				"coordinates": [
					 131.7583,
					 34.1893
				]
			},
			"properties": {
				"name": "JA/YG-044(千石山)",
				"読み":"Sengokuyama",
				"標高":"630m 2pt ",
				"GL":"PM54ve",
				"市郡区":"C#3315 / C#3301 ",
				"登山日":"",
				"メモ":"",
				"_markerType": "Icon",
				"_iconUrl": "https://maps.gsi.go.jp/portal/sys/v4/symbols/102.png",
				"_iconSize": [
					16,
					16
				],
				"_iconAnchor": [
					8,
					8
				]
			}
		},
		{
			"type": "Feature",
			"geometry": {
				"type": "Point",
				"coordinates": [
					 131.566,
					 34.4793
				]
			},
			"properties": {
				"name": "JA/YG-045(猿ケ山)",
				"読み":"Sarugayama",
				"標高":"626m 2pt ",
				"GL":"PM54sl",
				"市郡区":"C#3304 ",
				"登山日":"",
				"メモ":"",
				"_markerType": "Icon",
				"_iconUrl": "https://maps.gsi.go.jp/portal/sys/v4/symbols/102.png",
				"_iconSize": [
					16,
					16
				],
				"_iconAnchor": [
					8,
					8
				]
			}
		},
		{
			"type": "Feature",
			"geometry": {
				"type": "Point",
				"coordinates": [
					 131.5938,
					 34.1703
				]
			},
			"properties": {
				"name": "JA/YG-046(真田ケ岳)",
				"読み":"Sanadagatake",
				"標高":"621m 2pt ",
				"GL":"PM54te",
				"市郡区":"C#3301 ",
				"登山日":"",
				"メモ":"",
				"_markerType": "Icon",
				"_iconUrl": "https://maps.gsi.go.jp/portal/sys/v4/symbols/102.png",
				"_iconSize": [
					16,
					16
				],
				"_iconAnchor": [
					8,
					8
				]
			}
		},
		{
			"type": "Feature",
			"geometry": {
				"type": "Point",
				"coordinates": [
					 131.5555,
					 34.3014
				]
			},
			"properties": {
				"name": "JA/YG-047(中村谷(三角点))",
				"読み":"Nakamuradani",
				"標高":"621m 2pt ",
				"GL":"PM54sh",
				"市郡区":"C#3301 ",
				"登山日":"",
				"メモ":"",
				"_markerType": "Icon",
				"_iconUrl": "https://maps.gsi.go.jp/portal/sys/v4/symbols/102.png",
				"_iconSize": [
					16,
					16
				],
				"_iconAnchor": [
					8,
					8
				]
			}
		},
		{
			"type": "Feature",
			"geometry": {
				"type": "Point",
				"coordinates": [
					 130.9333,
					 34.0964
				]
			},
			"properties": {
				"name": "JA/YG-048(鬼ケ城)",
				"読み":"Onigajyo",
				"標高":"619m 2pt ",
				"GL":"PM54lc",
				"市郡区":"C#3302 ",
				"登山日":"",
				"メモ":"",
				"_markerType": "Icon",
				"_iconUrl": "https://maps.gsi.go.jp/portal/sys/v4/symbols/102.png",
				"_iconSize": [
					16,
					16
				],
				"_iconAnchor": [
					8,
					8
				]
			}
		},
		{
			"type": "Feature",
			"geometry": {
				"type": "Point",
				"coordinates": [
					 130.9763,
					 34.2146
				]
			},
			"properties": {
				"name": "JA/YG-049(狗留孫山(御岳))",
				"読み":"Kurusonzan/Odake",
				"標高":"616m 2pt ",
				"GL":"PM54lf",
				"市郡区":"C#3302 ",
				"登山日":"",
				"メモ":"",
				"_markerType": "Icon",
				"_iconUrl": "https://maps.gsi.go.jp/portal/sys/v4/symbols/102.png",
				"_iconSize": [
					16,
					16
				],
				"_iconAnchor": [
					8,
					8
				]
			}
		},
		{
			"type": "Feature",
			"geometry": {
				"type": "Point",
				"coordinates": [
					 131.3438,
					 34.3058
				]
			},
			"properties": {
				"name": "JA/YG-050(鯨ケ岳)",
				"読み":"Kujiragadake",
				"標高":"616m 2pt ",
				"GL":"PM54qh",
				"市郡区":"C#3313 / C#3304 ",
				"登山日":"",
				"メモ":"",
				"_markerType": "Icon",
				"_iconUrl": "https://maps.gsi.go.jp/portal/sys/v4/symbols/102.png",
				"_iconSize": [
					16,
					16
				],
				"_iconAnchor": [
					8,
					8
				]
			}
		},
		{
			"type": "Feature",
			"geometry": {
				"type": "Point",
				"coordinates": [
					 131.1776,
					 34.2958
				]
			},
			"properties": {
				"name": "JA/YG-051(三ツ頭)",
				"読み":"Mitsugashira",
				"標高":"615m 2pt ",
				"GL":"PM54oh",
				"市郡区":"C#3311 ",
				"登山日":"",
				"メモ":"",
				"_markerType": "Icon",
				"_iconUrl": "https://maps.gsi.go.jp/portal/sys/v4/symbols/102.png",
				"_iconSize": [
					16,
					16
				],
				"_iconAnchor": [
					8,
					8
				]
			}
		},
		{
			"type": "Feature",
			"geometry": {
				"type": "Point",
				"coordinates": [
					 131.861,
					 34.1452
				]
			},
			"properties": {
				"name": "JA/YG-052(緑山)",
				"読み":"Midoriyama",
				"標高":"614m 2pt ",
				"GL":"PM54wd",
				"市郡区":"C#3315 ",
				"登山日":"",
				"メモ":"",
				"_markerType": "Icon",
				"_iconUrl": "https://maps.gsi.go.jp/portal/sys/v4/symbols/102.png",
				"_iconSize": [
					16,
					16
				],
				"_iconAnchor": [
					8,
					8
				]
			}
		},
		{
			"type": "Feature",
			"geometry": {
				"type": "Point",
				"coordinates": [
					 130.9359,
					 34.0684
				]
			},
			"properties": {
				"name": "JA/YG-053(竜王山)",
				"読み":"Ryuuouzan",
				"標高":"614m 2pt ",
				"GL":"PM54lb",
				"市郡区":"C#3302 ",
				"登山日":"",
				"メモ":"",
				"_markerType": "Icon",
				"_iconUrl": "https://maps.gsi.go.jp/portal/sys/v4/symbols/102.png",
				"_iconSize": [
					16,
					16
				],
				"_iconAnchor": [
					8,
					8
				]
			}
		},
		{
			"type": "Feature",
			"geometry": {
				"type": "Point",
				"coordinates": [
					 131.2527,
					 34.3166
				]
			},
			"properties": {
				"name": "JA/YG-054(点613)",
				"読み":"P613",
				"標高":"613m 2pt ",
				"GL":"PM54ph",
				"市郡区":"C#3311 / C#3313 ",
				"登山日":"",
				"メモ":"",
				"_markerType": "Icon",
				"_iconUrl": "https://maps.gsi.go.jp/portal/sys/v4/symbols/102.png",
				"_iconSize": [
					16,
					16
				],
				"_iconAnchor": [
					8,
					8
				]
			}
		},
		{
			"type": "Feature",
			"geometry": {
				"type": "Point",
				"coordinates": [
					 131.8776,
					 34.1647
				]
			},
			"properties": {
				"name": "JA/YG-055(下助(三角点))",
				"読み":"Shimosuke",
				"標高":"608m 2pt ",
				"GL":"PM54wd",
				"市郡区":"C#3315 ",
				"登山日":"",
				"メモ":"",
				"_markerType": "Icon",
				"_iconUrl": "https://maps.gsi.go.jp/portal/sys/v4/symbols/102.png",
				"_iconSize": [
					16,
					16
				],
				"_iconAnchor": [
					8,
					8
				]
			}
		},
		{
			"type": "Feature",
			"geometry": {
				"type": "Point",
				"coordinates": [
					 131.5922,
					 34.5288
				]
			},
			"properties": {
				"name": "JA/YG-056(点600(野土(三角点)近傍))",
				"読み":"P600",
				"標高":"600m 2pt ",
				"GL":"PM54tm",
				"市郡区":"G#33002D ",
				"登山日":"",
				"メモ":"",
				"_markerType": "Icon",
				"_iconUrl": "https://maps.gsi.go.jp/portal/sys/v4/symbols/102.png",
				"_iconSize": [
					16,
					16
				],
				"_iconAnchor": [
					8,
					8
				]
			}
		},
		{
			"type": "Feature",
			"geometry": {
				"type": "Point",
				"coordinates": [
					 131.5306,
					 34.3281
				]
			},
			"properties": {
				"name": "JA/YG-057(貞女ケ岳)",
				"読み":"Teijyogatake",
				"標高":"600m 2pt ",
				"GL":"PM54sh",
				"市郡区":"C#3304 ",
				"登山日":"",
				"メモ":"",
				"_markerType": "Icon",
				"_iconUrl": "https://maps.gsi.go.jp/portal/sys/v4/symbols/102.png",
				"_iconSize": [
					16,
					16
				],
				"_iconAnchor": [
					8,
					8
				]
			}
		},
		{
			"type": "Feature",
			"geometry": {
				"type": "Point",
				"coordinates": [
					 131.5263,
					 34.3487
				]
			},
			"properties": {
				"name": "JA/YG-058(江舟岳)",
				"読み":"Efunedake",
				"標高":"600m 2pt ",
				"GL":"PM54si",
				"市郡区":"C#3304 ",
				"登山日":"",
				"メモ":"",
				"_markerType": "Icon",
				"_iconUrl": "https://maps.gsi.go.jp/portal/sys/v4/symbols/102.png",
				"_iconSize": [
					16,
					16
				],
				"_iconAnchor": [
					8,
					8
				]
			}
		},
		{
			"type": "Feature",
			"geometry": {
				"type": "Point",
				"coordinates": [
					 131.5684,
					 34.2561
				]
			},
			"properties": {
				"name": "JA/YG-059(犬鳴(三角点))",
				"読み":"Inunaki",
				"標高":"598m 2pt ",
				"GL":"PM54sg",
				"市郡区":"C#3301 ",
				"登山日":"",
				"メモ":"",
				"_markerType": "Icon",
				"_iconUrl": "https://maps.gsi.go.jp/portal/sys/v4/symbols/102.png",
				"_iconSize": [
					16,
					16
				],
				"_iconAnchor": [
					8,
					8
				]
			}
		},
		{
			"type": "Feature",
			"geometry": {
				"type": "Point",
				"coordinates": [
					 131.9391,
					 34.2375
				]
			},
			"properties": {
				"name": "JA/YG-060(延ケ原(三角点))",
				"読み":"Nobegahara",
				"標高":"596m 2pt ",
				"GL":"PM54xf",
				"市郡区":"C#3308 ",
				"登山日":"",
				"メモ":"",
				"_markerType": "Icon",
				"_iconUrl": "https://maps.gsi.go.jp/portal/sys/v4/symbols/102.png",
				"_iconSize": [
					16,
					16
				],
				"_iconAnchor": [
					8,
					8
				]
			}
		},
		{
			"type": "Feature",
			"geometry": {
				"type": "Point",
				"coordinates": [
					 131.831,
					 34.1565
				]
			},
			"properties": {
				"name": "JA/YG-061(竜文寺山)",
				"読み":"Ryumonjiyama",
				"標高":"594m 2pt ",
				"GL":"PM54vd",
				"市郡区":"C#3315 ",
				"登山日":"",
				"メモ":"",
				"_markerType": "Icon",
				"_iconUrl": "https://maps.gsi.go.jp/portal/sys/v4/symbols/102.png",
				"_iconSize": [
					16,
					16
				],
				"_iconAnchor": [
					8,
					8
				]
			}
		},
		{
			"type": "Feature",
			"geometry": {
				"type": "Point",
				"coordinates": [
					 131.5502,
					 34.2625
				]
			},
			"properties": {
				"name": "JA/YG-062(大藤山(三角点))",
				"読み":"Oofujiyama",
				"標高":"590m 2pt ",
				"GL":"PM54sg",
				"市郡区":"C#3301 ",
				"登山日":"",
				"メモ":"",
				"_markerType": "Icon",
				"_iconUrl": "https://maps.gsi.go.jp/portal/sys/v4/symbols/102.png",
				"_iconSize": [
					16,
					16
				],
				"_iconAnchor": [
					8,
					8
				]
			}
		},
		{
			"type": "Feature",
			"geometry": {
				"type": "Point",
				"coordinates": [
					 131.5329,
					 34.411
				]
			},
			"properties": {
				"name": "JA/YG-063(天越山)",
				"読み":"Amagoeyama",
				"標高":"580m 2pt ",
				"GL":"PM54sj",
				"市郡区":"C#3304 ",
				"登山日":"",
				"メモ":"",
				"_markerType": "Icon",
				"_iconUrl": "https://maps.gsi.go.jp/portal/sys/v4/symbols/102.png",
				"_iconSize": [
					16,
					16
				],
				"_iconAnchor": [
					8,
					8
				]
			}
		},
		{
			"type": "Feature",
			"geometry": {
				"type": "Point",
				"coordinates": [
					 131.179,
					 34.2331
				]
			},
			"properties": {
				"name": "JA/YG-064(雁飛山)",
				"読み":"Ganbisan",
				"標高":"580m 2pt ",
				"GL":"PM54of",
				"市郡区":"C#3313 ",
				"登山日":"",
				"メモ":"",
				"_markerType": "Icon",
				"_iconUrl": "https://maps.gsi.go.jp/portal/sys/v4/symbols/102.png",
				"_iconSize": [
					16,
					16
				],
				"_iconAnchor": [
					8,
					8
				]
			}
		},
		{
			"type": "Feature",
			"geometry": {
				"type": "Point",
				"coordinates": [
					 131.5466,
					 34.5142
				]
			},
			"properties": {
				"name": "JA/YG-065(大葉山(三角点))",
				"読み":"Oobayama",
				"標高":"579m 2pt ",
				"GL":"PM54sm",
				"市郡区":"G#33002D / C#3304 ",
				"登山日":"",
				"メモ":"",
				"_markerType": "Icon",
				"_iconUrl": "https://maps.gsi.go.jp/portal/sys/v4/symbols/102.png",
				"_iconSize": [
					16,
					16
				],
				"_iconAnchor": [
					8,
					8
				]
			}
		},
		{
			"type": "Feature",
			"geometry": {
				"type": "Point",
				"coordinates": [
					 131.9492,
					 34.2299
				]
			},
			"properties": {
				"name": "JA/YG-066(野谷村(三角点))",
				"読み":"Nodanimura",
				"標高":"579m 2pt ",
				"GL":"PM54xf",
				"市郡区":"C#3308 ",
				"登山日":"",
				"メモ":"",
				"_markerType": "Icon",
				"_iconUrl": "https://maps.gsi.go.jp/portal/sys/v4/symbols/102.png",
				"_iconSize": [
					16,
					16
				],
				"_iconAnchor": [
					8,
					8
				]
			}
		},
		{
			"type": "Feature",
			"geometry": {
				"type": "Point",
				"coordinates": [
					 132.0677,
					 34.1199
				]
			},
			"properties": {
				"name": "JA/YG-067(蓮華山)",
				"読み":"Rengesan",
				"標高":"576m 2pt ",
				"GL":"PM64ac",
				"市郡区":"C#3308 ",
				"登山日":"",
				"メモ":"",
				"_markerType": "Icon",
				"_iconUrl": "https://maps.gsi.go.jp/portal/sys/v4/symbols/102.png",
				"_iconSize": [
					16,
					16
				],
				"_iconAnchor": [
					8,
					8
				]
			}
		},
		{
			"type": "Feature",
			"geometry": {
				"type": "Point",
				"coordinates": [
					 131.5301,
					 34.5054
				]
			},
			"properties": {
				"name": "JA/YG-068(三ケ岳)",
				"読み":"Mitsudake",
				"標高":"566m 2pt ",
				"GL":"PM54sm",
				"市郡区":"C#3304 / G#33002D ",
				"登山日":"",
				"メモ":"",
				"_markerType": "Icon",
				"_iconUrl": "https://maps.gsi.go.jp/portal/sys/v4/symbols/102.png",
				"_iconSize": [
					16,
					16
				],
				"_iconAnchor": [
					8,
					8
				]
			}
		},
		{
			"type": "Feature",
			"geometry": {
				"type": "Point",
				"coordinates": [
					 131.9587,
					 34.1991
				]
			},
			"properties": {
				"name": "JA/YG-069(切石峠近傍)",
				"読み":"Near_Kiriishitouge",
				"標高":"565m 2pt ",
				"GL":"PM54xe",
				"市郡区":"C#3308 / C#3315 ",
				"登山日":"",
				"メモ":"",
				"_markerType": "Icon",
				"_iconUrl": "https://maps.gsi.go.jp/portal/sys/v4/symbols/102.png",
				"_iconSize": [
					16,
					16
				],
				"_iconAnchor": [
					8,
					8
				]
			}
		},
		{
			"type": "Feature",
			"geometry": {
				"type": "Point",
				"coordinates": [
					 132.1234,
					 34.0507
				]
			},
			"properties": {
				"name": "JA/YG-070(氷室岳)",
				"読み":"Himurogatake",
				"標高":"563m 2pt ",
				"GL":"PM64bb",
				"市郡区":"C#3312 / C#3308 ",
				"登山日":"",
				"メモ":"",
				"_markerType": "Icon",
				"_iconUrl": "https://maps.gsi.go.jp/portal/sys/v4/symbols/102.png",
				"_iconSize": [
					16,
					16
				],
				"_iconAnchor": [
					8,
					8
				]
			}
		},
		{
			"type": "Feature",
			"geometry": {
				"type": "Point",
				"coordinates": [
					 131.8528,
					 34.0884
				]
			},
			"properties": {
				"name": "JA/YG-071(西谷ノ岡(三角点))",
				"読み":"Nishiyanooka",
				"標高":"561m 2pt ",
				"GL":"PM54wc",
				"市郡区":"C#3315 / C#3307 ",
				"登山日":"",
				"メモ":"",
				"_markerType": "Icon",
				"_iconUrl": "https://maps.gsi.go.jp/portal/sys/v4/symbols/102.png",
				"_iconSize": [
					16,
					16
				],
				"_iconAnchor": [
					8,
					8
				]
			}
		},
		{
			"type": "Feature",
			"geometry": {
				"type": "Point",
				"coordinates": [
					 131.2838,
					 34.3366
				]
			},
			"properties": {
				"name": "JA/YG-072(権現山(三角点))",
				"読み":"Gongenyama",
				"標高":"560m 2pt ",
				"GL":"PM54pi",
				"市郡区":"C#3313 / C#3311 ",
				"登山日":"",
				"メモ":"",
				"_markerType": "Icon",
				"_iconUrl": "https://maps.gsi.go.jp/portal/sys/v4/symbols/102.png",
				"_iconSize": [
					16,
					16
				],
				"_iconAnchor": [
					8,
					8
				]
			}
		},
		{
			"type": "Feature",
			"geometry": {
				"type": "Point",
				"coordinates": [
					 131.56,
					 34.1682
				]
			},
			"properties": {
				"name": "JA/YG-073(蕎麦ケ岳)",
				"読み":"Sobagatake",
				"標高":"557m 2pt ",
				"GL":"PM54se",
				"市郡区":"C#3301 ",
				"登山日":"",
				"メモ":"",
				"_markerType": "Icon",
				"_iconUrl": "https://maps.gsi.go.jp/portal/sys/v4/symbols/102.png",
				"_iconSize": [
					16,
					16
				],
				"_iconAnchor": [
					8,
					8
				]
			}
		},
		{
			"type": "Feature",
			"geometry": {
				"type": "Point",
				"coordinates": [
					 131.4651,
					 34.3105
				]
			},
			"properties": {
				"name": "JA/YG-074(根引山)",
				"読み":"Nebikiyama",
				"標高":"556m 2pt ",
				"GL":"PM54rh",
				"市郡区":"C#3304 ",
				"登山日":"",
				"メモ":"",
				"_markerType": "Icon",
				"_iconUrl": "https://maps.gsi.go.jp/portal/sys/v4/symbols/102.png",
				"_iconSize": [
					16,
					16
				],
				"_iconAnchor": [
					8,
					8
				]
			}
		},
		{
			"type": "Feature",
			"geometry": {
				"type": "Point",
				"coordinates": [
					 131.4586,
					 34.4033
				]
			},
			"properties": {
				"name": "JA/YG-075(碁盤ケ嶽)",
				"読み":"Gobangadake",
				"標高":"551m 2pt ",
				"GL":"PM54rj",
				"市郡区":"C#3304 ",
				"登山日":"",
				"メモ":"",
				"_markerType": "Icon",
				"_iconUrl": "https://maps.gsi.go.jp/portal/sys/v4/symbols/102.png",
				"_iconSize": [
					16,
					16
				],
				"_iconAnchor": [
					8,
					8
				]
			}
		},
		{
			"type": "Feature",
			"geometry": {
				"type": "Point",
				"coordinates": [
					 132.0585,
					 34.2712
				]
			},
			"properties": {
				"name": "JA/YG-076(生ケ峰)",
				"読み":"Ikegamine",
				"標高":"545m 2pt ",
				"GL":"PM64ag",
				"市郡区":"C#3308 ",
				"登山日":"",
				"メモ":"",
				"_markerType": "Icon",
				"_iconUrl": "https://maps.gsi.go.jp/portal/sys/v4/symbols/102.png",
				"_iconSize": [
					16,
					16
				],
				"_iconAnchor": [
					8,
					8
				]
			}
		},
		{
			"type": "Feature",
			"geometry": {
				"type": "Point",
				"coordinates": [
					 132.1492,
					 33.9734
				]
			},
			"properties": {
				"name": "JA/YG-077(琴石山)",
				"読み":"Kotoishiyama",
				"標高":"545m 2pt ",
				"GL":"PM63bx",
				"市郡区":"C#3312 ",
				"登山日":"",
				"メモ":"",
				"_markerType": "Icon",
				"_iconUrl": "https://maps.gsi.go.jp/portal/sys/v4/symbols/102.png",
				"_iconSize": [
					16,
					16
				],
				"_iconAnchor": [
					8,
					8
				]
			}
		},
		{
			"type": "Feature",
			"geometry": {
				"type": "Point",
				"coordinates": [
					 131.6336,
					 34.2037
				]
			},
			"properties": {
				"name": "JA/YG-078(狗留孫山)",
				"読み":"Kurusonsan",
				"標高":"544m 2pt ",
				"GL":"PM54te",
				"市郡区":"C#3301 ",
				"登山日":"",
				"メモ":"",
				"_markerType": "Icon",
				"_iconUrl": "https://maps.gsi.go.jp/portal/sys/v4/symbols/102.png",
				"_iconSize": [
					16,
					16
				],
				"_iconAnchor": [
					8,
					8
				]
			}
		},
		{
			"type": "Feature",
			"geometry": {
				"type": "Point",
				"coordinates": [
					 131.701,
					 34.5368
				]
			},
			"properties": {
				"name": "JA/YG-079(大櫛(三角点))",
				"読み":"Oogushi",
				"標高":"543m 2pt ",
				"GL":"PM54um",
				"市郡区":"C#3304 / G#32008C ",
				"登山日":"",
				"メモ":"",
				"_markerType": "Icon",
				"_iconUrl": "https://maps.gsi.go.jp/portal/sys/v4/symbols/102.png",
				"_iconSize": [
					16,
					16
				],
				"_iconAnchor": [
					8,
					8
				]
			}
		},
		{
			"type": "Feature",
			"geometry": {
				"type": "Point",
				"coordinates": [
					 131.3584,
					 34.2533
				]
			},
			"properties": {
				"name": "JA/YG-080(権現山)",
				"読み":"Gongenyama",
				"標高":"543m 2pt ",
				"GL":"PM54qg",
				"市郡区":"C#3313 ",
				"登山日":"",
				"メモ":"",
				"_markerType": "Icon",
				"_iconUrl": "https://maps.gsi.go.jp/portal/sys/v4/symbols/102.png",
				"_iconSize": [
					16,
					16
				],
				"_iconAnchor": [
					8,
					8
				]
			}
		},
		{
			"type": "Feature",
			"geometry": {
				"type": "Point",
				"coordinates": [
					 131.606,
					 34.1959
				]
			},
			"properties": {
				"name": "JA/YG-081(白石山)",
				"読み":"Shiraishiyama",
				"標高":"541m 2pt ",
				"GL":"PM54te",
				"市郡区":"C#3301 ",
				"登山日":"",
				"メモ":"",
				"_markerType": "Icon",
				"_iconUrl": "https://maps.gsi.go.jp/portal/sys/v4/symbols/102.png",
				"_iconSize": [
					16,
					16
				],
				"_iconAnchor": [
					8,
					8
				]
			}
		},
		{
			"type": "Feature",
			"geometry": {
				"type": "Point",
				"coordinates": [
					 132.1967,
					 34.0111
				]
			},
			"properties": {
				"name": "JA/YG-082(銭壺山)",
				"読み":"Zenitsuboyama",
				"標高":"540m 2pt ",
				"GL":"PM64ca",
				"市郡区":"C#3308 / C#3312 ",
				"登山日":"",
				"メモ":"",
				"_markerType": "Icon",
				"_iconUrl": "https://maps.gsi.go.jp/portal/sys/v4/symbols/102.png",
				"_iconSize": [
					16,
					16
				],
				"_iconAnchor": [
					8,
					8
				]
			}
		},
		{
			"type": "Feature",
			"geometry": {
				"type": "Point",
				"coordinates": [
					 132.2193,
					 33.8902
				]
			},
			"properties": {
				"name": "JA/YG-083(馬の背)",
				"読み":"Umanose",
				"標高":"538m 2pt ",
				"GL":"PM63cv",
				"市郡区":"G#33003E ",
				"登山日":"",
				"メモ":"",
				"_markerType": "Icon",
				"_iconUrl": "https://maps.gsi.go.jp/portal/sys/v4/symbols/102.png",
				"_iconSize": [
					16,
					16
				],
				"_iconAnchor": [
					8,
					8
				]
			}
		},
		{
			"type": "Feature",
			"geometry": {
				"type": "Point",
				"coordinates": [
					 131.6134,
					 34.6521
				]
			},
			"properties": {
				"name": "JA/YG-084(高山)",
				"読み":"Kouyama",
				"標高":"533m 2pt ",
				"GL":"PM54tp",
				"市郡区":"C#3304 ",
				"登山日":"",
				"メモ":"",
				"_markerType": "Icon",
				"_iconUrl": "https://maps.gsi.go.jp/portal/sys/v4/symbols/102.png",
				"_iconSize": [
					16,
					16
				],
				"_iconAnchor": [
					8,
					8
				]
			}
		},
		{
			"type": "Feature",
			"geometry": {
				"type": "Point",
				"coordinates": [
					 131.624,
					 34.5814
				]
			},
			"properties": {
				"name": "JA/YG-085(犬鳴山)",
				"読み":"Inunakiyama",
				"標高":"527m 2pt ",
				"GL":"PM54tn",
				"市郡区":"C#3304 ",
				"登山日":"",
				"メモ":"",
				"_markerType": "Icon",
				"_iconUrl": "https://maps.gsi.go.jp/portal/sys/v4/symbols/102.png",
				"_iconSize": [
					16,
					16
				],
				"_iconAnchor": [
					8,
					8
				]
			}
		},
		{
			"type": "Feature",
			"geometry": {
				"type": "Point",
				"coordinates": [
					 132.1423,
					 33.8531
				]
			},
			"properties": {
				"name": "JA/YG-086(皇座山)",
				"読み":"Oozasan",
				"標高":"526m 2pt ",
				"GL":"PM63bu",
				"市郡区":"G#33006A / C#3312 ",
				"登山日":"",
				"メモ":"",
				"_markerType": "Icon",
				"_iconUrl": "https://maps.gsi.go.jp/portal/sys/v4/symbols/102.png",
				"_iconSize": [
					16,
					16
				],
				"_iconAnchor": [
					8,
					8
				]
			}
		},
		{
			"type": "Feature",
			"geometry": {
				"type": "Point",
				"coordinates": [
					 132.1291,
					 34.1055
				]
			},
			"properties": {
				"name": "JA/YG-087(塔ケ森)",
				"読み":"Tougamori",
				"標高":"525m 2pt ",
				"GL":"PM64bc",
				"市郡区":"C#3308 ",
				"登山日":"",
				"メモ":"",
				"_markerType": "Icon",
				"_iconUrl": "https://maps.gsi.go.jp/portal/sys/v4/symbols/102.png",
				"_iconSize": [
					16,
					16
				],
				"_iconAnchor": [
					8,
					8
				]
			}
		},
		{
			"type": "Feature",
			"geometry": {
				"type": "Point",
				"coordinates": [
					 131.3632,
					 34.348
				]
			},
			"properties": {
				"name": "JA/YG-088(大藤山)",
				"読み":"Oofujiyama",
				"標高":"523m 2pt ",
				"GL":"PM54qi",
				"市郡区":"C#3304 ",
				"登山日":"",
				"メモ":"",
				"_markerType": "Icon",
				"_iconUrl": "https://maps.gsi.go.jp/portal/sys/v4/symbols/102.png",
				"_iconSize": [
					16,
					16
				],
				"_iconAnchor": [
					8,
					8
				]
			}
		},
		{
			"type": "Feature",
			"geometry": {
				"type": "Point",
				"coordinates": [
					 131.3196,
					 34.3702
				]
			},
			"properties": {
				"name": "JA/YG-089(日尾山)",
				"読み":"Hioyama",
				"標高":"521m 2pt ",
				"GL":"PM54pi",
				"市郡区":"C#3304 / C#3311 ",
				"登山日":"",
				"メモ":"",
				"_markerType": "Icon",
				"_iconUrl": "https://maps.gsi.go.jp/portal/sys/v4/symbols/102.png",
				"_iconSize": [
					16,
					16
				],
				"_iconAnchor": [
					8,
					8
				]
			}
		},
		{
			"type": "Feature",
			"geometry": {
				"type": "Point",
				"coordinates": [
					 131.1435,
					 34.3414
				]
			},
			"properties": {
				"name": "JA/YG-090(点520(草添山近傍))",
				"読み":"P520",
				"標高":"520m 2pt ",
				"GL":"PM54ni",
				"市郡区":"C#3311 ",
				"登山日":"",
				"メモ":"",
				"_markerType": "Icon",
				"_iconUrl": "https://maps.gsi.go.jp/portal/sys/v4/symbols/102.png",
				"_iconSize": [
					16,
					16
				],
				"_iconAnchor": [
					8,
					8
				]
			}
		},
		{
			"type": "Feature",
			"geometry": {
				"type": "Point",
				"coordinates": [
					 131.5816,
					 34.3171
				]
			},
			"properties": {
				"name": "JA/YG-092(大野岳)",
				"読み":"Oonodake",
				"標高":"516m 2pt ",
				"GL":"PM54sh",
				"市郡区":"C#3301 ",
				"登山日":"",
				"メモ":"",
				"_markerType": "Icon",
				"_iconUrl": "https://maps.gsi.go.jp/portal/sys/v4/symbols/102.png",
				"_iconSize": [
					16,
					16
				],
				"_iconAnchor": [
					8,
					8
				]
			}
		},
		{
			"type": "Feature",
			"geometry": {
				"type": "Point",
				"coordinates": [
					 130.9814,
					 34.1681
				]
			},
			"properties": {
				"name": "JA/YG-093(点506)",
				"読み":"P506",
				"標高":"506m 2pt ",
				"GL":"PM54le",
				"市郡区":"C#3302 ",
				"登山日":"",
				"メモ":"",
				"_markerType": "Icon",
				"_iconUrl": "https://maps.gsi.go.jp/portal/sys/v4/symbols/102.png",
				"_iconSize": [
					16,
					16
				],
				"_iconAnchor": [
					8,
					8
				]
			}
		},
		{
			"type": "Feature",
			"geometry": {
				"type": "Point",
				"coordinates": [
					 131.7583,
					 34.1016
				]
			},
			"properties": {
				"name": "JA/YG-094(四熊ケ岳)",
				"読み":"Shinokumagatake",
				"標高":"504m 2pt ",
				"GL":"PM54vc",
				"市郡区":"C#3315 ",
				"登山日":"",
				"メモ":"",
				"_markerType": "Icon",
				"_iconUrl": "https://maps.gsi.go.jp/portal/sys/v4/symbols/102.png",
				"_iconSize": [
					16,
					16
				],
				"_iconAnchor": [
					8,
					8
				]
			}
		},
		{
			"type": "Feature",
			"geometry": {
				"type": "Point",
				"coordinates": [
					 130.972,
					 34.0775
				]
			},
			"properties": {
				"name": "JA/YG-095(点501)",
				"読み":"P501",
				"標高":"501m 2pt ",
				"GL":"PM54lb",
				"市郡区":"C#3302 ",
				"登山日":"",
				"メモ":"",
				"_markerType": "Icon",
				"_iconUrl": "https://maps.gsi.go.jp/portal/sys/v4/symbols/102.png",
				"_iconSize": [
					16,
					16
				],
				"_iconAnchor": [
					8,
					8
				]
			}
		},
		{
			"type": "Feature",
			"geometry": {
				"type": "Point",
				"coordinates": [
					 131.2129,
					 34.3455
				]
			},
			"properties": {
				"name": "JA/YG-096(鉄割山)",
				"読み":"Tetsuwariyama",
				"標高":"490m 1pt ",
				"GL":"PM54oi",
				"市郡区":"C#3311 ",
				"登山日":"",
				"メモ":"",
				"_markerType": "Icon",
				"_iconUrl": "https://maps.gsi.go.jp/portal/sys/v4/symbols/826.png",
				"_iconSize": [
					16,
					16
				],
				"_iconAnchor": [
					8,
					8
				]
			}
		},
		{
			"type": "Feature",
			"geometry": {
				"type": "Point",
				"coordinates": [
					 132.2253,
					 33.7925
				]
			},
			"properties": {
				"name": "JA/YG-097(深山)",
				"読み":"Fukayama",
				"標高":"468m 1pt ",
				"GL":"PM63ct",
				"市郡区":"C#3312 ",
				"登山日":"",
				"メモ":"",
				"_markerType": "Icon",
				"_iconUrl": "https://maps.gsi.go.jp/portal/sys/v4/symbols/826.png",
				"_iconSize": [
					16,
					16
				],
				"_iconAnchor": [
					8,
					8
				]
			}
		},
		{
			"type": "Feature",
			"geometry": {
				"type": "Point",
				"coordinates": [
					 131.5961,
					 34.0866
				]
			},
			"properties": {
				"name": "JA/YG-098(矢筈ケ岳)",
				"読み":"Yahazugadake",
				"標高":"461m 1pt ",
				"GL":"PM54tc",
				"市郡区":"C#3306 ",
				"登山日":"",
				"メモ":"",
				"_markerType": "Icon",
				"_iconUrl": "https://maps.gsi.go.jp/portal/sys/v4/symbols/826.png",
				"_iconSize": [
					16,
					16
				],
				"_iconAnchor": [
					8,
					8
				]
			}
		},
		{
			"type": "Feature",
			"geometry": {
				"type": "Point",
				"coordinates": [
					 131.2969,
					 34.153
				]
			},
			"properties": {
				"name": "JA/YG-099(荒滝山)",
				"読み":"Aratakisan",
				"標高":"459m 1pt ",
				"GL":"PM54pd",
				"市郡区":"C#3303 ",
				"登山日":"",
				"メモ":"",
				"_markerType": "Icon",
				"_iconUrl": "https://maps.gsi.go.jp/portal/sys/v4/symbols/826.png",
				"_iconSize": [
					16,
					16
				],
				"_iconAnchor": [
					8,
					8
				]
			}
		},
		{
			"type": "Feature",
			"geometry": {
				"type": "Point",
				"coordinates": [
					 131.2165,
					 34.1497
				]
			},
			"properties": {
				"name": "JA/YG-100(桜山)",
				"読み":"Sakurayama",
				"標高":"455m 1pt ",
				"GL":"PM54od",
				"市郡区":"C#3313 ",
				"登山日":"",
				"メモ":"",
				"_markerType": "Icon",
				"_iconUrl": "https://maps.gsi.go.jp/portal/sys/v4/symbols/826.png",
				"_iconSize": [
					16,
					16
				],
				"_iconAnchor": [
					8,
					8
				]
			}
		},
		{
			"type": "Feature",
			"geometry": {
				"type": "Point",
				"coordinates": [
					 131.479,
					 34.3789
				]
			},
			"properties": {
				"name": "JA/YG-101(熊ケ峠山)",
				"読み":"Kumagatougeyama",
				"標高":"453m 1pt ",
				"GL":"PM54rj",
				"市郡区":"C#3304 ",
				"登山日":"",
				"メモ":"",
				"_markerType": "Icon",
				"_iconUrl": "https://maps.gsi.go.jp/portal/sys/v4/symbols/826.png",
				"_iconSize": [
					16,
					16
				],
				"_iconAnchor": [
					8,
					8
				]
			}
		},
		{
			"type": "Feature",
			"geometry": {
				"type": "Point",
				"coordinates": [
					 131.3636,
					 34.2659
				]
			},
			"properties": {
				"name": "JA/YG-102(城前山)",
				"読み":"Jyoumaeyama",
				"標高":"447m 1pt ",
				"GL":"PM54qg",
				"市郡区":"C#3313 ",
				"登山日":"",
				"メモ":"",
				"_markerType": "Icon",
				"_iconUrl": "https://maps.gsi.go.jp/portal/sys/v4/symbols/826.png",
				"_iconSize": [
					16,
					16
				],
				"_iconAnchor": [
					8,
					8
				]
			}
		},
		{
			"type": "Feature",
			"geometry": {
				"type": "Point",
				"coordinates": [
					 131.251,
					 34.227
				]
			},
			"properties": {
				"name": "JA/YG-103(住友大阪セメント)",
				"読み":"Sumitomo_Oosaka_Cement",
				"標高":"445m 1pt ",
				"GL":"PM54pf",
				"市郡区":"C#3313 ",
				"登山日":"",
				"メモ":"",
				"_markerType": "Icon",
				"_iconUrl": "https://maps.gsi.go.jp/portal/sys/v4/symbols/826.png",
				"_iconSize": [
					16,
					16
				],
				"_iconAnchor": [
					8,
					8
				]
			}
		},
		{
			"type": "Feature",
			"geometry": {
				"type": "Point",
				"coordinates": [
					 131.4449,
					 34.3995
				]
			},
			"properties": {
				"name": "JA/YG-104(芝舟山(三角点))",
				"読み":"Shibafuneyama",
				"標高":"445m 1pt ",
				"GL":"PM54rj",
				"市郡区":"C#3304 ",
				"登山日":"",
				"メモ":"",
				"_markerType": "Icon",
				"_iconUrl": "https://maps.gsi.go.jp/portal/sys/v4/symbols/826.png",
				"_iconSize": [
					16,
					16
				],
				"_iconAnchor": [
					8,
					8
				]
			}
		},
		{
			"type": "Feature",
			"geometry": {
				"type": "Point",
				"coordinates": [
					 131.2375,
					 34.1367
				]
			},
			"properties": {
				"name": "JA/YG-105(金毘羅山)",
				"読み":"Konpirayama",
				"標高":"440m 1pt ",
				"GL":"PM54od",
				"市郡区":"C#3303 / C#3313 ",
				"登山日":"",
				"メモ":"",
				"_markerType": "Icon",
				"_iconUrl": "https://maps.gsi.go.jp/portal/sys/v4/symbols/826.png",
				"_iconSize": [
					16,
					16
				],
				"_iconAnchor": [
					8,
					8
				]
			}
		},
		{
			"type": "Feature",
			"geometry": {
				"type": "Point",
				"coordinates": [
					 130.9523,
					 34.0522
				]
			},
			"properties": {
				"name": "JA/YG-106(老僧山)",
				"読み":"Rousouyama",
				"標高":"440m 1pt ",
				"GL":"PM54lb",
				"市郡区":"C#3302 ",
				"登山日":"",
				"メモ":"",
				"_markerType": "Icon",
				"_iconUrl": "https://maps.gsi.go.jp/portal/sys/v4/symbols/826.png",
				"_iconSize": [
					16,
					16
				],
				"_iconAnchor": [
					8,
					8
				]
			}
		},
		{
			"type": "Feature",
			"geometry": {
				"type": "Point",
				"coordinates": [
					 132.0958,
					 33.9107
				]
			},
			"properties": {
				"name": "JA/YG-107(大星山)",
				"読み":"Ooboshiyama",
				"標高":"438m 1pt ",
				"GL":"PM63bv",
				"市郡区":"G#33006E ",
				"登山日":"",
				"メモ":"",
				"_markerType": "Icon",
				"_iconUrl": "https://maps.gsi.go.jp/portal/sys/v4/symbols/826.png",
				"_iconSize": [
					16,
					16
				],
				"_iconAnchor": [
					8,
					8
				]
			}
		},
		{
			"type": "Feature",
			"geometry": {
				"type": "Point",
				"coordinates": [
					 131.5997,
					 34.2193
				]
			},
			"properties": {
				"name": "JA/YG-108(愛宕山(三角点))",
				"読み":"Aigoyama",
				"標高":"435m 1pt ",
				"GL":"PM54tf",
				"市郡区":"C#3301 ",
				"登山日":"",
				"メモ":"",
				"_markerType": "Icon",
				"_iconUrl": "https://maps.gsi.go.jp/portal/sys/v4/symbols/826.png",
				"_iconSize": [
					16,
					16
				],
				"_iconAnchor": [
					8,
					8
				]
			}
		},
		{
			"type": "Feature",
			"geometry": {
				"type": "Point",
				"coordinates": [
					 132.1313,
					 34.1383
				]
			},
			"properties": {
				"name": "JA/YG-109(神ノ内山)",
				"読み":"Kounouchiyama",
				"標高":"433m 1pt ",
				"GL":"PM64bd",
				"市郡区":"C#3308 ",
				"登山日":"",
				"メモ":"",
				"_markerType": "Icon",
				"_iconUrl": "https://maps.gsi.go.jp/portal/sys/v4/symbols/826.png",
				"_iconSize": [
					16,
					16
				],
				"_iconAnchor": [
					8,
					8
				]
			}
		},
		{
			"type": "Feature",
			"geometry": {
				"type": "Point",
				"coordinates": [
					 132.0169,
					 34.1033
				]
			},
			"properties": {
				"name": "JA/YG-110(樽山)",
				"読み":"Taruyama",
				"標高":"431m 1pt ",
				"GL":"PM64ac",
				"市郡区":"C#3308 ",
				"登山日":"",
				"メモ":"",
				"_markerType": "Icon",
				"_iconUrl": "https://maps.gsi.go.jp/portal/sys/v4/symbols/826.png",
				"_iconSize": [
					16,
					16
				],
				"_iconAnchor": [
					8,
					8
				]
			}
		},
		{
			"type": "Feature",
			"geometry": {
				"type": "Point",
				"coordinates": [
					 131.4946,
					 34.1184
				]
			},
			"properties": {
				"name": "JA/YG-111(猿ヶ嶽)",
				"読み":"Sarugatake",
				"標高":"430m 1pt ",
				"GL":"PM54rc",
				"市郡区":"C#3301 ",
				"登山日":"",
				"メモ":"",
				"_markerType": "Icon",
				"_iconUrl": "https://maps.gsi.go.jp/portal/sys/v4/symbols/826.png",
				"_iconSize": [
					16,
					16
				],
				"_iconAnchor": [
					8,
					8
				]
			}
		},
		{
			"type": "Feature",
			"geometry": {
				"type": "Point",
				"coordinates": [
					 131.6559,
					 34.5468
				]
			},
			"properties": {
				"name": "JA/YG-112(鎌ケ山)",
				"読み":"Kamagayama",
				"標高":"429m 1pt ",
				"GL":"PM54tn",
				"市郡区":"C#3304 ",
				"登山日":"",
				"メモ":"",
				"_markerType": "Icon",
				"_iconUrl": "https://maps.gsi.go.jp/portal/sys/v4/symbols/826.png",
				"_iconSize": [
					16,
					16
				],
				"_iconAnchor": [
					8,
					8
				]
			}
		},
		{
			"type": "Feature",
			"geometry": {
				"type": "Point",
				"coordinates": [
					 132.1252,
					 34.162
				]
			},
			"properties": {
				"name": "JA/YG-113(寺山)",
				"読み":"Teranishi",
				"標高":"428m 1pt ",
				"GL":"PM64bd",
				"市郡区":"C#3308 ",
				"登山日":"",
				"メモ":"",
				"_markerType": "Icon",
				"_iconUrl": "https://maps.gsi.go.jp/portal/sys/v4/symbols/826.png",
				"_iconSize": [
					16,
					16
				],
				"_iconAnchor": [
					8,
					8
				]
			}
		},
		{
			"type": "Feature",
			"geometry": {
				"type": "Point",
				"coordinates": [
					 132.1555,
					 34.0418
				]
			},
			"properties": {
				"name": "JA/YG-114(延安(三角点))",
				"読み":"Nobeyasu",
				"標高":"428m 1pt ",
				"GL":"PM64bb",
				"市郡区":"C#3308 ",
				"登山日":"",
				"メモ":"",
				"_markerType": "Icon",
				"_iconUrl": "https://maps.gsi.go.jp/portal/sys/v4/symbols/826.png",
				"_iconSize": [
					16,
					16
				],
				"_iconAnchor": [
					8,
					8
				]
			}
		},
		{
			"type": "Feature",
			"geometry": {
				"type": "Point",
				"coordinates": [
					 131.2807,
					 34.233
				]
			},
			"properties": {
				"name": "JA/YG-115(龍護峰)",
				"読み":"Ryuugobou",
				"標高":"426m 1pt ",
				"GL":"PM54pf",
				"市郡区":"C#3313 ",
				"登山日":"",
				"メモ":"",
				"_markerType": "Icon",
				"_iconUrl": "https://maps.gsi.go.jp/portal/sys/v4/symbols/826.png",
				"_iconSize": [
					16,
					16
				],
				"_iconAnchor": [
					8,
					8
				]
			}
		},
		{
			"type": "Feature",
			"geometry": {
				"type": "Point",
				"coordinates": [
					 131.451,
					 34.114
				]
			},
			"properties": {
				"name": "JA/YG-116(黒河内山)",
				"読み":"Kurokoujiyama",
				"標高":"424m 1pt ",
				"GL":"PM54rc",
				"市郡区":"C#3301 ",
				"登山日":"",
				"メモ":"",
				"_markerType": "Icon",
				"_iconUrl": "https://maps.gsi.go.jp/portal/sys/v4/symbols/826.png",
				"_iconSize": [
					16,
					16
				],
				"_iconAnchor": [
					8,
					8
				]
			}
		},
		{
			"type": "Feature",
			"geometry": {
				"type": "Point",
				"coordinates": [
					 131.4695,
					 34.5261
				]
			},
			"properties": {
				"name": "JA/YG-117(遠岳山)",
				"読み":"Toodakeyama",
				"標高":"416m 1pt ",
				"GL":"PM54rm",
				"市郡区":"G#33002D ",
				"登山日":"",
				"メモ":"",
				"_markerType": "Icon",
				"_iconUrl": "https://maps.gsi.go.jp/portal/sys/v4/symbols/826.png",
				"_iconSize": [
					16,
					16
				],
				"_iconAnchor": [
					8,
					8
				]
			}
		},
		{
			"type": "Feature",
			"geometry": {
				"type": "Point",
				"coordinates": [
					 131.9424,
					 34.0101
				]
			},
			"properties": {
				"name": "JA/YG-118(虎ケ岳)",
				"読み":"Toragatake",
				"標高":"414m 1pt ",
				"GL":"PM54xa",
				"市郡区":"C#3315 / C#3310 ",
				"登山日":"",
				"メモ":"",
				"_markerType": "Icon",
				"_iconUrl": "https://maps.gsi.go.jp/portal/sys/v4/symbols/826.png",
				"_iconSize": [
					16,
					16
				],
				"_iconAnchor": [
					8,
					8
				]
			}
		},
		{
			"type": "Feature",
			"geometry": {
				"type": "Point",
				"coordinates": [
					 132.0932,
					 34.1151
				]
			},
			"properties": {
				"name": "JA/YG-119(廿木山)",
				"読み":"Amakiyama",
				"標高":"407m 1pt ",
				"GL":"PM64bc",
				"市郡区":"C#3308 ",
				"登山日":"",
				"メモ":"",
				"_markerType": "Icon",
				"_iconUrl": "https://maps.gsi.go.jp/portal/sys/v4/symbols/826.png",
				"_iconSize": [
					16,
					16
				],
				"_iconAnchor": [
					8,
					8
				]
			}
		},
		{
			"type": "Feature",
			"geometry": {
				"type": "Point",
				"coordinates": [
					 131.6916,
					 34.6265
				]
			},
			"properties": {
				"name": "JA/YG-120(周應山)",
				"読み":"Syuouzan",
				"標高":"405m 1pt ",
				"GL":"PM54up",
				"市郡区":"C#3304 ",
				"登山日":"",
				"メモ":"",
				"_markerType": "Icon",
				"_iconUrl": "https://maps.gsi.go.jp/portal/sys/v4/symbols/826.png",
				"_iconSize": [
					16,
					16
				],
				"_iconAnchor": [
					8,
					8
				]
			}
		},
		{
			"type": "Feature",
			"geometry": {
				"type": "Point",
				"coordinates": [
					 131.3653,
					 34.3835
				]
			},
			"properties": {
				"name": "JA/YG-122(白水山)",
				"読み":"Shiramizuyama",
				"標高":"396m 1pt ",
				"GL":"PM54qj",
				"市郡区":"C#3304 ",
				"登山日":"",
				"メモ":"",
				"_markerType": "Icon",
				"_iconUrl": "https://maps.gsi.go.jp/portal/sys/v4/symbols/826.png",
				"_iconSize": [
					16,
					16
				],
				"_iconAnchor": [
					8,
					8
				]
			}
		},
		{
			"type": "Feature",
			"geometry": {
				"type": "Point",
				"coordinates": [
					 131.4387,
					 34.4426
				]
			},
			"properties": {
				"name": "JA/YG-123(鴻ケ岳)",
				"読み":"Kougadake",
				"標高":"395m 1pt ",
				"GL":"PM54rk",
				"市郡区":"C#3304 ",
				"登山日":"",
				"メモ":"",
				"_markerType": "Icon",
				"_iconUrl": "https://maps.gsi.go.jp/portal/sys/v4/symbols/826.png",
				"_iconSize": [
					16,
					16
				],
				"_iconAnchor": [
					8,
					8
				]
			}
		},
		{
			"type": "Feature",
			"geometry": {
				"type": "Point",
				"coordinates": [
					 131.5333,
					 34.0954
				]
			},
			"properties": {
				"name": "JA/YG-124(佐波山峠)",
				"読み":"Sabayamatouge",
				"標高":"395m 1pt ",
				"GL":"PM54sc",
				"市郡区":"C#3301 ",
				"登山日":"",
				"メモ":"",
				"_markerType": "Icon",
				"_iconUrl": "https://maps.gsi.go.jp/portal/sys/v4/symbols/826.png",
				"_iconSize": [
					16,
					16
				],
				"_iconAnchor": [
					8,
					8
				]
			}
		},
		{
			"type": "Feature",
			"geometry": {
				"type": "Point",
				"coordinates": [
					 131.3436,
					 34.1084
				]
			},
			"properties": {
				"name": "JA/YG-125(平原岳)",
				"読み":"Hirabaradake",
				"標高":"395m 1pt ",
				"GL":"PM54qc",
				"市郡区":"C#3303 ",
				"登山日":"",
				"メモ":"",
				"_markerType": "Icon",
				"_iconUrl": "https://maps.gsi.go.jp/portal/sys/v4/symbols/826.png",
				"_iconSize": [
					16,
					16
				],
				"_iconAnchor": [
					8,
					8
				]
			}
		},
		{
			"type": "Feature",
			"geometry": {
				"type": "Point",
				"coordinates": [
					 130.9929,
					 34.1164
				]
			},
			"properties": {
				"name": "JA/YG-126(六万坊山)",
				"読み":"Rokumanbouyama",
				"標高":"395m 1pt ",
				"GL":"PM54lc",
				"市郡区":"C#3302 ",
				"登山日":"",
				"メモ":"",
				"_markerType": "Icon",
				"_iconUrl": "https://maps.gsi.go.jp/portal/sys/v4/symbols/826.png",
				"_iconSize": [
					16,
					16
				],
				"_iconAnchor": [
					8,
					8
				]
			}
		},
		{
			"type": "Feature",
			"geometry": {
				"type": "Point",
				"coordinates": [
					 131.4204,
					 34.3753
				]
			},
			"properties": {
				"name": "JA/YG-127(焼下山)",
				"読み":"Yakeshimoyama",
				"標高":"393m 1pt ",
				"GL":"PM54rj",
				"市郡区":"C#3304 ",
				"登山日":"",
				"メモ":"",
				"_markerType": "Icon",
				"_iconUrl": "https://maps.gsi.go.jp/portal/sys/v4/symbols/826.png",
				"_iconSize": [
					16,
					16
				],
				"_iconAnchor": [
					8,
					8
				]
			}
		},
		{
			"type": "Feature",
			"geometry": {
				"type": "Point",
				"coordinates": [
					 130.9818,
					 34.0283
				]
			},
			"properties": {
				"name": "JA/YG-128(四王司山)",
				"読み":"Shioujisan",
				"標高":"392m 1pt ",
				"GL":"PM54la",
				"市郡区":"C#3302 ",
				"登山日":"",
				"メモ":"",
				"_markerType": "Icon",
				"_iconUrl": "https://maps.gsi.go.jp/portal/sys/v4/symbols/826.png",
				"_iconSize": [
					16,
					16
				],
				"_iconAnchor": [
					8,
					8
				]
			}
		},
		{
			"type": "Feature",
			"geometry": {
				"type": "Point",
				"coordinates": [
					 131.0919,
					 34.1417
				]
			},
			"properties": {
				"name": "JA/YG-129(柏ノ木(三角点))",
				"読み":"Kashinoki",
				"標高":"392m 1pt ",
				"GL":"PM54nd",
				"市郡区":"C#3313 ",
				"登山日":"",
				"メモ":"",
				"_markerType": "Icon",
				"_iconUrl": "https://maps.gsi.go.jp/portal/sys/v4/symbols/826.png",
				"_iconSize": [
					16,
					16
				],
				"_iconAnchor": [
					8,
					8
				]
			}
		},
		{
			"type": "Feature",
			"geometry": {
				"type": "Point",
				"coordinates": [
					 131.2065,
					 34.32
				]
			},
			"properties": {
				"name": "JA/YG-130(渋木(三角点))",
				"読み":"Shibuki",
				"標高":"387m 1pt ",
				"GL":"PM54oh",
				"市郡区":"C#3311 ",
				"登山日":"",
				"メモ":"",
				"_markerType": "Icon",
				"_iconUrl": "https://maps.gsi.go.jp/portal/sys/v4/symbols/826.png",
				"_iconSize": [
					16,
					16
				],
				"_iconAnchor": [
					8,
					8
				]
			}
		},
		{
			"type": "Feature",
			"geometry": {
				"type": "Point",
				"coordinates": [
					 131.3606,
					 34.3952
				]
			},
			"properties": {
				"name": "JA/YG-131(天狗山)",
				"読み":"Tenguyama",
				"標高":"385m 1pt ",
				"GL":"PM54qj",
				"市郡区":"C#3304 ",
				"登山日":"",
				"メモ":"",
				"_markerType": "Icon",
				"_iconUrl": "https://maps.gsi.go.jp/portal/sys/v4/symbols/826.png",
				"_iconSize": [
					16,
					16
				],
				"_iconAnchor": [
					8,
					8
				]
			}
		},
		{
			"type": "Feature",
			"geometry": {
				"type": "Point",
				"coordinates": [
					 132.0223,
					 34.0255
				]
			},
			"properties": {
				"name": "JA/YG-132(中山(三角点))",
				"読み":"Nakayama",
				"標高":"383m 1pt ",
				"GL":"PM64aa",
				"市郡区":"C#3308 / C#3310 / C#3315",
				"登山日":"",
				"メモ":"",
				"_markerType": "Icon",
				"_iconUrl": "https://maps.gsi.go.jp/portal/sys/v4/symbols/826.png",
				"_iconSize": [
					16,
					16
				],
				"_iconAnchor": [
					8,
					8
				]
			}
		},
		{
			"type": "Feature",
			"geometry": {
				"type": "Point",
				"coordinates": [
					 131.3815,
					 34.365
				]
			},
			"properties": {
				"name": "JA/YG-133(高岳(三角点))",
				"読み":"Takadake",
				"標高":"381m 1pt ",
				"GL":"PM54qi",
				"市郡区":"C#3304 ",
				"登山日":"",
				"メモ":"",
				"_markerType": "Icon",
				"_iconUrl": "https://maps.gsi.go.jp/portal/sys/v4/symbols/826.png",
				"_iconSize": [
					16,
					16
				],
				"_iconAnchor": [
					8,
					8
				]
			}
		},
		{
			"type": "Feature",
			"geometry": {
				"type": "Point",
				"coordinates": [
					 132.3512,
					 33.8886
				]
			},
			"properties": {
				"name": "JA/YG-134(白木山)",
				"読み":"Shirakiyama",
				"標高":"374m 1pt ",
				"GL":"PM63ev",
				"市郡区":"G#33003E ",
				"登山日":"",
				"メモ":"",
				"_markerType": "Icon",
				"_iconUrl": "https://maps.gsi.go.jp/portal/sys/v4/symbols/826.png",
				"_iconSize": [
					16,
					16
				],
				"_iconAnchor": [
					8,
					8
				]
			}
		},
		{
			"type": "Feature",
			"geometry": {
				"type": "Point",
				"coordinates": [
					 131.1298,
					 34.1725
				]
			},
			"properties": {
				"name": "JA/YG-135(烏山)",
				"読み":"Karasuyama",
				"標高":"372m 1pt ",
				"GL":"PM54ne",
				"市郡区":"C#3313 ",
				"登山日":"",
				"メモ":"",
				"_markerType": "Icon",
				"_iconUrl": "https://maps.gsi.go.jp/portal/sys/v4/symbols/826.png",
				"_iconSize": [
					16,
					16
				],
				"_iconAnchor": [
					8,
					8
				]
			}
		},
		{
			"type": "Feature",
			"geometry": {
				"type": "Point",
				"coordinates": [
					 131.5122,
					 34.0652
				]
			},
			"properties": {
				"name": "JA/YG-136(楞厳寺山)",
				"読み":"Ryougonjiyama",
				"標高":"370m 1pt ",
				"GL":"PM54sb",
				"市郡区":"C#3306 ",
				"登山日":"",
				"メモ":"",
				"_markerType": "Icon",
				"_iconUrl": "https://maps.gsi.go.jp/portal/sys/v4/symbols/826.png",
				"_iconSize": [
					16,
					16
				],
				"_iconAnchor": [
					8,
					8
				]
			}
		},
		{
			"type": "Feature",
			"geometry": {
				"type": "Point",
				"coordinates": [
					 131.7454,
					 34.0832
				]
			},
			"properties": {
				"name": "JA/YG-138(嶽山)",
				"読み":"Dakeyama",
				"標高":"364m 1pt ",
				"GL":"PM54ub",
				"市郡区":"C#3315 ",
				"登山日":"",
				"メモ":"",
				"_markerType": "Icon",
				"_iconUrl": "https://maps.gsi.go.jp/portal/sys/v4/symbols/826.png",
				"_iconSize": [
					16,
					16
				],
				"_iconAnchor": [
					8,
					8
				]
			}
		},
		{
			"type": "Feature",
			"geometry": {
				"type": "Point",
				"coordinates": [
					 131.8191,
					 34.0086
				]
			},
			"properties": {
				"name": "JA/YG-139(太華山)",
				"読み":"Taikazan",
				"標高":"362m 1pt ",
				"GL":"PM54va",
				"市郡区":"C#3315 ",
				"登山日":"",
				"メモ":"",
				"_markerType": "Icon",
				"_iconUrl": "https://maps.gsi.go.jp/portal/sys/v4/symbols/826.png",
				"_iconSize": [
					16,
					16
				],
				"_iconAnchor": [
					8,
					8
				]
			}
		},
		{
			"type": "Feature",
			"geometry": {
				"type": "Point",
				"coordinates": [
					 132.0392,
					 33.9876
				]
			},
			"properties": {
				"name": "JA/YG-140(石城山)",
				"読み":"Iwakisan",
				"標高":"362m 1pt ",
				"GL":"PM63ax",
				"市郡区":"C#3310 ",
				"登山日":"",
				"メモ":"",
				"_markerType": "Icon",
				"_iconUrl": "https://maps.gsi.go.jp/portal/sys/v4/symbols/826.png",
				"_iconSize": [
					16,
					16
				],
				"_iconAnchor": [
					8,
					8
				]
			}
		},
		{
			"type": "Feature",
			"geometry": {
				"type": "Point",
				"coordinates": [
					 132.0589,
					 34.0385
				]
			},
			"properties": {
				"name": "JA/YG-141(田尻山)",
				"読み":"Tajiriyama",
				"標高":"360m 1pt ",
				"GL":"PM64aa",
				"市郡区":"C#3308 ",
				"登山日":"",
				"メモ":"",
				"_markerType": "Icon",
				"_iconUrl": "https://maps.gsi.go.jp/portal/sys/v4/symbols/826.png",
				"_iconSize": [
					16,
					16
				],
				"_iconAnchor": [
					8,
					8
				]
			}
		},
		{
			"type": "Feature",
			"geometry": {
				"type": "Point",
				"coordinates": [
					 131.5338,
					 34.2064
				]
			},
			"properties": {
				"name": "JA/YG-142(東方便山)",
				"読み":"Higashihoubensan",
				"標高":"360m 1pt ",
				"GL":"PM54se",
				"市郡区":"C#3301 ",
				"登山日":"",
				"メモ":"",
				"_markerType": "Icon",
				"_iconUrl": "https://maps.gsi.go.jp/portal/sys/v4/symbols/826.png",
				"_iconSize": [
					16,
					16
				],
				"_iconAnchor": [
					8,
					8
				]
			}
		},
		{
			"type": "Feature",
			"geometry": {
				"type": "Point",
				"coordinates": [
					 131.9798,
					 33.7846
				]
			},
			"properties": {
				"name": "JA/YG-143(祝島(三角点))",
				"読み":"Iwaijima",
				"標高":"357m 1pt ",
				"GL":"PM53xs",
				"市郡区":"G#33006A ",
				"登山日":"",
				"メモ":"",
				"_markerType": "Icon",
				"_iconUrl": "https://maps.gsi.go.jp/portal/sys/v4/symbols/826.png",
				"_iconSize": [
					16,
					16
				],
				"_iconAnchor": [
					8,
					8
				]
			}
		},
		{
			"type": "Feature",
			"geometry": {
				"type": "Point",
				"coordinates": [
					 131.5801,
					 34.007
				]
			},
			"properties": {
				"name": "JA/YG-144(錦山)",
				"読み":"Nishikiyama",
				"標高":"354m 1pt ",
				"GL":"PM54sa",
				"市郡区":"C#3306 ",
				"登山日":"",
				"メモ":"",
				"_markerType": "Icon",
				"_iconUrl": "https://maps.gsi.go.jp/portal/sys/v4/symbols/826.png",
				"_iconSize": [
					16,
					16
				],
				"_iconAnchor": [
					8,
					8
				]
			}
		},
		{
			"type": "Feature",
			"geometry": {
				"type": "Point",
				"coordinates": [
					 132.1777,
					 33.982
				]
			},
			"properties": {
				"name": "JA/YG-145(城山)",
				"読み":"Shiroyama",
				"標高":"354m 1pt ",
				"GL":"PM63cx",
				"市郡区":"C#3312 ",
				"登山日":"",
				"メモ":"",
				"_markerType": "Icon",
				"_iconUrl": "https://maps.gsi.go.jp/portal/sys/v4/symbols/826.png",
				"_iconSize": [
					16,
					16
				],
				"_iconAnchor": [
					8,
					8
				]
			}
		},
		{
			"type": "Feature",
			"geometry": {
				"type": "Point",
				"coordinates": [
					 131.0582,
					 34.3985
				]
			},
			"properties": {
				"name": "JA/YG-146(雨乞岳)",
				"読み":"Amagoidake",
				"標高":"347m 1pt ",
				"GL":"PM54mj",
				"市郡区":"C#3311 ",
				"登山日":"",
				"メモ":"",
				"_markerType": "Icon",
				"_iconUrl": "https://maps.gsi.go.jp/portal/sys/v4/symbols/826.png",
				"_iconSize": [
					16,
					16
				],
				"_iconAnchor": [
					8,
					8
				]
			}
		},
		{
			"type": "Feature",
			"geometry": {
				"type": "Point",
				"coordinates": [
					 132.4214,
					 33.9373
				]
			},
			"properties": {
				"name": "JA/YG-147(大見山)",
				"読み":"Oomiyama",
				"標高":"337m 1pt ",
				"GL":"PM63fw",
				"市郡区":"G#33003E ",
				"登山日":"",
				"メモ":"",
				"_markerType": "Icon",
				"_iconUrl": "https://maps.gsi.go.jp/portal/sys/v4/symbols/826.png",
				"_iconSize": [
					16,
					16
				],
				"_iconAnchor": [
					8,
					8
				]
			}
		},
		{
			"type": "Feature",
			"geometry": {
				"type": "Point",
				"coordinates": [
					 130.9085,
					 34.0925
				]
			},
			"properties": {
				"name": "JA/YG-148(点330(永田(三角点)近傍))",
				"読み":"P330",
				"標高":"330m 1pt ",
				"GL":"PM54kc",
				"市郡区":"C#3302 ",
				"登山日":"",
				"メモ":"",
				"_markerType": "Icon",
				"_iconUrl": "https://maps.gsi.go.jp/portal/sys/v4/symbols/826.png",
				"_iconSize": [
					16,
					16
				],
				"_iconAnchor": [
					8,
					8
				]
			}
		},
		{
			"type": "Feature",
			"geometry": {
				"type": "Point",
				"coordinates": [
					 131.4586,
					 34.0449
				]
			},
			"properties": {
				"name": "JA/YG-149(亀尾山(大海山))",
				"読み":"Kameoyama",
				"標高":"325m 1pt ",
				"GL":"PM54rb",
				"市郡区":"C#3301 / C#3306 ",
				"登山日":"",
				"メモ":"",
				"_markerType": "Icon",
				"_iconUrl": "https://maps.gsi.go.jp/portal/sys/v4/symbols/826.png",
				"_iconSize": [
					16,
					16
				],
				"_iconAnchor": [
					8,
					8
				]
			}
		},
		{
			"type": "Feature",
			"geometry": {
				"type": "Point",
				"coordinates": [
					 131.1447,
					 34.0861
				]
			},
			"properties": {
				"name": "JA/YG-150(松岳山)",
				"読み":"Matsutakeyama",
				"標高":"324m 1pt ",
				"GL":"PM54nc",
				"市郡区":"C#3316 / C#3313 ",
				"登山日":"",
				"メモ":"",
				"_markerType": "Icon",
				"_iconUrl": "https://maps.gsi.go.jp/portal/sys/v4/symbols/826.png",
				"_iconSize": [
					16,
					16
				],
				"_iconAnchor": [
					8,
					8
				]
			}
		},
		{
			"type": "Feature",
			"geometry": {
				"type": "Point",
				"coordinates": [
					 132.1289,
					 34.1806
				]
			},
			"properties": {
				"name": "JA/YG-151(守内(三角点))",
				"読み":"Moriuchi",
				"標高":"323m 1pt ",
				"GL":"PM64be",
				"市郡区":"C#3308 ",
				"登山日":"",
				"メモ":"",
				"_markerType": "Icon",
				"_iconUrl": "https://maps.gsi.go.jp/portal/sys/v4/symbols/826.png",
				"_iconSize": [
					16,
					16
				],
				"_iconAnchor": [
					8,
					8
				]
			}
		},
		{
			"type": "Feature",
			"geometry": {
				"type": "Point",
				"coordinates": [
					 131.1766,
					 34.4219
				]
			},
			"properties": {
				"name": "JA/YG-152(高山)",
				"読み":"Takayama",
				"標高":"320m 1pt ",
				"GL":"PM54ok",
				"市郡区":"C#3311 ",
				"登山日":"",
				"メモ":"",
				"_markerType": "Icon",
				"_iconUrl": "https://maps.gsi.go.jp/portal/sys/v4/symbols/826.png",
				"_iconSize": [
					16,
					16
				],
				"_iconAnchor": [
					8,
					8
				]
			}
		},
		{
			"type": "Feature",
			"geometry": {
				"type": "Point",
				"coordinates": [
					 132.0007,
					 34.0594
				]
			},
			"properties": {
				"name": "JA/YG-153(城山)",
				"読み":"Shiroyama",
				"標高":"319m 1pt ",
				"GL":"PM64ab",
				"市郡区":"C#3315 ",
				"登山日":"",
				"メモ":"",
				"_markerType": "Icon",
				"_iconUrl": "https://maps.gsi.go.jp/portal/sys/v4/symbols/826.png",
				"_iconSize": [
					16,
					16
				],
				"_iconAnchor": [
					8,
					8
				]
			}
		},
		{
			"type": "Feature",
			"geometry": {
				"type": "Point",
				"coordinates": [
					 132.0935,
					 33.8342
				]
			},
			"properties": {
				"name": "JA/YG-154(上盛山)",
				"読み":"Kamisakariyama",
				"標高":"314m 1pt ",
				"GL":"PM63bu",
				"市郡区":"G#33006A ",
				"登山日":"",
				"メモ":"",
				"_markerType": "Icon",
				"_iconUrl": "https://maps.gsi.go.jp/portal/sys/v4/symbols/826.png",
				"_iconSize": [
					16,
					16
				],
				"_iconAnchor": [
					8,
					8
				]
			}
		},
		{
			"type": "Feature",
			"geometry": {
				"type": "Point",
				"coordinates": [
					 131.7358,
					 34.0298
				]
			},
			"properties": {
				"name": "JA/YG-155(黒髪山(三角点))",
				"読み":"Kurokamiyama",
				"標高":"313m 1pt ",
				"GL":"PM54ua",
				"市郡区":"C#3315 ",
				"登山日":"",
				"メモ":"",
				"_markerType": "Icon",
				"_iconUrl": "https://maps.gsi.go.jp/portal/sys/v4/symbols/826.png",
				"_iconSize": [
					16,
					16
				],
				"_iconAnchor": [
					8,
					8
				]
			}
		},
		{
			"type": "Feature",
			"geometry": {
				"type": "Point",
				"coordinates": [
					 131.1102,
					 34.1003
				]
			},
			"properties": {
				"name": "JA/YG-156(大音山)",
				"読み":"Oootoyama",
				"標高":"310m 1pt ",
				"GL":"PM54nc",
				"市郡区":"C#3302 / C#3313 ",
				"登山日":"",
				"メモ":"",
				"_markerType": "Icon",
				"_iconUrl": "https://maps.gsi.go.jp/portal/sys/v4/symbols/826.png",
				"_iconSize": [
					16,
					16
				],
				"_iconAnchor": [
					8,
					8
				]
			}
		},
		{
			"type": "Feature",
			"geometry": {
				"type": "Point",
				"coordinates": [
					 130.8758,
					 34.1113
				]
			},
			"properties": {
				"name": "JA/YG-157(小倉ケ峡(三角点))",
				"読み":"Oguranokyo",
				"標高":"309m 1pt ",
				"GL":"PM54kc",
				"市郡区":"C#3302 ",
				"登山日":"",
				"メモ":"",
				"_markerType": "Icon",
				"_iconUrl": "https://maps.gsi.go.jp/portal/sys/v4/symbols/826.png",
				"_iconSize": [
					16,
					16
				],
				"_iconAnchor": [
					8,
					8
				]
			}
		},
		{
			"type": "Feature",
			"geometry": {
				"type": "Point",
				"coordinates": [
					 131.4274,
					 34.065
				]
			},
			"properties": {
				"name": "JA/YG-158(火ノ山)",
				"読み":"Hinoyama",
				"標高":"304m 1pt ",
				"GL":"PM54rb",
				"市郡区":"C#3301 ",
				"登山日":"",
				"メモ":"",
				"_markerType": "Icon",
				"_iconUrl": "https://maps.gsi.go.jp/portal/sys/v4/symbols/826.png",
				"_iconSize": [
					16,
					16
				],
				"_iconAnchor": [
					8,
					8
				]
			}
		},
		{
			"type": "Feature",
			"geometry": {
				"type": "Point",
				"coordinates": [
					 132.1666,
					 34.1613
				]
			},
			"properties": {
				"name": "JA/YG-159(城山(三角点))",
				"読み":"Shiroyama",
				"標高":"300m 1pt ",
				"GL":"PM64cd",
				"市郡区":"C#3308 ",
				"登山日":"",
				"メモ":"",
				"_markerType": "Icon",
				"_iconUrl": "https://maps.gsi.go.jp/portal/sys/v4/symbols/826.png",
				"_iconSize": [
					16,
					16
				],
				"_iconAnchor": [
					8,
					8
				]
			}
		},
		{
			"type": "Feature",
			"geometry": {
				"type": "Point",
				"coordinates": [
					 132.4118,
					 34.02
				]
			},
			"properties": {
				"name": "JA/YG-161(金蔵山)",
				"読み":"Kinzouzan",
				"標高":"290m 1pt ",
				"GL":"PM64ea",
				"市郡区":"C#3308 ",
				"登山日":"",
				"メモ":"",
				"_markerType": "Icon",
				"_iconUrl": "https://maps.gsi.go.jp/portal/sys/v4/symbols/826.png",
				"_iconSize": [
					16,
					16
				],
				"_iconAnchor": [
					8,
					8
				]
			}
		},
		{
			"type": "Feature",
			"geometry": {
				"type": "Point",
				"coordinates": [
					 130.9489,
					 34.3343
				]
			},
			"properties": {
				"name": "JA/YG-162(阿川岳(三角点))",
				"読み":"Agawadake",
				"標高":"288m 1pt ",
				"GL":"PM54li",
				"市郡区":"C#3302 ",
				"登山日":"",
				"メモ":"",
				"_markerType": "Icon",
				"_iconUrl": "https://maps.gsi.go.jp/portal/sys/v4/symbols/826.png",
				"_iconSize": [
					16,
					16
				],
				"_iconAnchor": [
					8,
					8
				]
			}
		},
		{
			"type": "Feature",
			"geometry": {
				"type": "Point",
				"coordinates": [
					 131.8263,
					 33.9371
				]
			},
			"properties": {
				"name": "JA/YG-164(高壺山)",
				"読み":"Takatsuboyama",
				"標高":"256m 1pt ",
				"GL":"PM53vw",
				"市郡区":"C#3307 ",
				"登山日":"",
				"メモ":"",
				"_markerType": "Icon",
				"_iconUrl": "https://maps.gsi.go.jp/portal/sys/v4/symbols/826.png",
				"_iconSize": [
					16,
					16
				],
				"_iconAnchor": [
					8,
					8
				]
			}
		},
		{
			"type": "Feature",
			"geometry": {
				"type": "Point",
				"coordinates": [
					 131.2413,
					 34.433
				]
			},
			"properties": {
				"name": "JA/YG-165(山島山)",
				"読み":"Yamajimayama",
				"標高":"249m 1pt ",
				"GL":"PM54ok",
				"市郡区":"C#3311 ",
				"登山日":"",
				"メモ":"",
				"_markerType": "Icon",
				"_iconUrl": "https://maps.gsi.go.jp/portal/sys/v4/symbols/826.png",
				"_iconSize": [
					16,
					16
				],
				"_iconAnchor": [
					8,
					8
				]
			}
		},
		{
			"type": "Feature",
			"geometry": {
				"type": "Point",
				"coordinates": [
					 132.3949,
					 33.806
				]
			},
			"properties": {
				"name": "JA/YG-166(点232)",
				"読み":"P232",
				"標高":"232m 1pt ",
				"GL":"PM63et",
				"市郡区":"G#33003E ",
				"登山日":"",
				"メモ":"",
				"_markerType": "Icon",
				"_iconUrl": "https://maps.gsi.go.jp/portal/sys/v4/symbols/826.png",
				"_iconSize": [
					16,
					16
				],
				"_iconAnchor": [
					8,
					8
				]
			}
		},
		{
			"type": "Feature",
			"geometry": {
				"type": "Point",
				"coordinates": [
					 131.7894,
					 33.9802
				]
			},
			"properties": {
				"name": "JA/YG-168(八合山)",
				"読み":"Hachigoyama",
				"標高":"230m 1pt ",
				"GL":"PM53vx",
				"市郡区":"C#3315 ",
				"登山日":"",
				"メモ":"",
				"_markerType": "Icon",
				"_iconUrl": "https://maps.gsi.go.jp/portal/sys/v4/symbols/826.png",
				"_iconSize": [
					16,
					16
				],
				"_iconAnchor": [
					8,
					8
				]
			}
		},
		{
			"type": "Feature",
			"geometry": {
				"type": "Point",
				"coordinates": [
					 130.9993,
					 34.4076
				]
			},
			"properties": {
				"name": "JA/YG-170(点226)",
				"読み":"P226",
				"標高":"226m 1pt ",
				"GL":"PM54lj",
				"市郡区":"C#3311 ",
				"登山日":"",
				"メモ":"",
				"_markerType": "Icon",
				"_iconUrl": "https://maps.gsi.go.jp/portal/sys/v4/symbols/826.png",
				"_iconSize": [
					16,
					16
				],
				"_iconAnchor": [
					8,
					8
				]
			}
		},
		{
			"type": "Feature",
			"geometry": {
				"type": "Point",
				"coordinates": [
					 132.4585,
					 33.9223
				]
			},
			"properties": {
				"name": "JA/YG-171(片島(三角点))",
				"読み":"Katashima",
				"標高":"216m 1pt ",
				"GL":"PM63fw",
				"市郡区":"G#33003E ",
				"登山日":"",
				"メモ":"",
				"_markerType": "Icon",
				"_iconUrl": "https://maps.gsi.go.jp/portal/sys/v4/symbols/826.png",
				"_iconSize": [
					16,
					16
				],
				"_iconAnchor": [
					8,
					8
				]
			}
		},
		{
			"type": "Feature",
			"geometry": {
				"type": "Point",
				"coordinates": [
					 132.253,
					 33.8127
				]
			},
			"properties": {
				"name": "JA/YG-172(洲崎平(三角点))",
				"読み":"Suzakidaira",
				"標高":"201m 1pt ",
				"GL":"PM63dt",
				"市郡区":"C#3312 ",
				"登山日":"",
				"メモ":"",
				"_markerType": "Icon",
				"_iconUrl": "https://maps.gsi.go.jp/portal/sys/v4/symbols/826.png",
				"_iconSize": [
					16,
					16
				],
				"_iconAnchor": [
					8,
					8
				]
			}
		},
		{
			"type": "Feature",
			"geometry": {
				"type": "Point",
				"coordinates": [
					 132.05,
					 33.7937
				]
			},
			"properties": {
				"name": "JA/YG-173(四代(三角点))",
				"読み":"Yotsudai",
				"標高":"189m 1pt ",
				"GL":"PM63at",
				"市郡区":"G#33006A ",
				"登山日":"",
				"メモ":"",
				"_markerType": "Icon",
				"_iconUrl": "https://maps.gsi.go.jp/portal/sys/v4/symbols/826.png",
				"_iconSize": [
					16,
					16
				],
				"_iconAnchor": [
					8,
					8
				]
			}
		},
		{
			"type": "Feature",
			"geometry": {
				"type": "Point",
				"coordinates": [
					 132.3494,
					 33.9523
				]
			},
			"properties": {
				"name": "JA/YG-175(浮島(三角点))",
				"読み":"Ukashima",
				"標高":"167m 1pt ",
				"GL":"PM63ew",
				"市郡区":"G#33003E ",
				"登山日":"",
				"メモ":"",
				"_markerType": "Icon",
				"_iconUrl": "https://maps.gsi.go.jp/portal/sys/v4/symbols/826.png",
				"_iconSize": [
					16,
					16
				],
				"_iconAnchor": [
					8,
					8
				]
			}
		},
		{
			"type": "Feature",
			"geometry": {
				"type": "Point",
				"coordinates": [
					 131.2783,
					 34.5087
				]
			},
			"properties": {
				"name": "JA/YG-176(相島(三角点))",
				"読み":"Aijima",
				"標高":"157m 1pt ",
				"GL":"PM54pm",
				"市郡区":"C#3304 ",
				"登山日":"",
				"メモ":"",
				"_markerType": "Icon",
				"_iconUrl": "https://maps.gsi.go.jp/portal/sys/v4/symbols/826.png",
				"_iconSize": [
					16,
					16
				],
				"_iconAnchor": [
					8,
					8
				]
			}
		},
		{
			"type": "Feature",
			"geometry": {
				"type": "Point",
				"coordinates": [
					 132.0068,
					 33.855
				]
			},
			"properties": {
				"name": "JA/YG-177(御堂山)",
				"読み":"Midouyama",
				"標高":"155m 1pt ",
				"GL":"PM63au",
				"市郡区":"C#3310 ",
				"登山日":"",
				"メモ":"",
				"_markerType": "Icon",
				"_iconUrl": "https://maps.gsi.go.jp/portal/sys/v4/symbols/826.png",
				"_iconSize": [
					16,
					16
				],
				"_iconAnchor": [
					8,
					8
				]
			}
		},
		{
			"type": "Feature",
			"geometry": {
				"type": "Point",
				"coordinates": [
					 131.8376,
					 34.3098
				]
			},
			"properties": {
				"name": "JA/YG-178(点989)",
				"読み":"JA/YG-178",
				"標高":"989m 6pt ",
				"GL":"PM54wh",
				"市郡区":"C#3315 / G#32008E ",
				"登山日":"",
				"メモ":"",
				"_markerType": "Icon",
				"_iconUrl": "https://maps.gsi.go.jp/portal/sys/v4/symbols/103.png",
				"_iconSize": [
					16,
					16
				],
				"_iconAnchor": [
					8,
					8
				]
			}
		},
		{
			"type": "Feature",
			"geometry": {
				"type": "Point",
				"coordinates": [
					 132.0392,
					 34.4008
				]
			},
			"properties": {
				"name": "JA/YG-179(高鉢山)",
				"読み":"Takahachiyama",
				"標高":"706m 4pt ",
				"GL":"PM64aj",
				"市郡区":"C#3308 ",
				"登山日":"",
				"メモ":"",
				"_markerType": "Icon",
				"_iconUrl": "https://maps.gsi.go.jp/portal/sys/v4/symbols/828.png",
				"_iconSize": [
					16,
					16
				],
				"_iconAnchor": [
					8,
					8
				]
			}
		},
		{
			"type": "Feature",
			"geometry": {
				"type": "Point",
				"coordinates": [
					 131.6132,
					 34.2785
				]
			},
			"properties": {
				"name": "JA/YG-180(上ケ山(三角点))",
				"読み":"Uegayama",
				"標高":"690m 4pt ",
				"GL":"PM54tg",
				"市郡区":"C#3301 ",
				"登山日":"",
				"メモ":"",
				"_markerType": "Icon",
				"_iconUrl": "https://maps.gsi.go.jp/portal/sys/v4/symbols/828.png",
				"_iconSize": [
					16,
					16
				],
				"_iconAnchor": [
					8,
					8
				]
			}
		},
		{
			"type": "Feature",
			"geometry": {
				"type": "Point",
				"coordinates": [
					 131.6256,
					 34.5108
				]
			},
			"properties": {
				"name": "JA/YG-181(木床山)",
				"読み":"Kidokoyama",
				"標高":"648m 2pt ",
				"GL":"PM54tm",
				"市郡区":"G#33002D ",
				"登山日":"",
				"メモ":"",
				"_markerType": "Icon",
				"_iconUrl": "https://maps.gsi.go.jp/portal/sys/v4/symbols/102.png",
				"_iconSize": [
					16,
					16
				],
				"_iconAnchor": [
					8,
					8
				]
			}
		},
		{
			"type": "Feature",
			"geometry": {
				"type": "Point",
				"coordinates": [
					 131.8082,
					 34.1549
				]
			},
			"properties": {
				"name": "JA/YG-182(大高神(三角点))",
				"読み":"Ootakagami",
				"標高":"647m 2pt ",
				"GL":"PM54vd",
				"市郡区":"C#3315 ",
				"登山日":"",
				"メモ":"",
				"_markerType": "Icon",
				"_iconUrl": "https://maps.gsi.go.jp/portal/sys/v4/symbols/102.png",
				"_iconSize": [
					16,
					16
				],
				"_iconAnchor": [
					8,
					8
				]
			}
		},
		{
			"type": "Feature",
			"geometry": {
				"type": "Point",
				"coordinates": [
					 132.271,
					 33.9128
				]
			},
			"properties": {
				"name": "JA/YG-183(嵩山)",
				"読み":"Takayama",
				"標高":"618m 2pt ",
				"GL":"PM63dv",
				"市郡区":"G#33003E ",
				"登山日":"",
				"メモ":"",
				"_markerType": "Icon",
				"_iconUrl": "https://maps.gsi.go.jp/portal/sys/v4/symbols/102.png",
				"_iconSize": [
					16,
					16
				],
				"_iconAnchor": [
					8,
					8
				]
			}
		},
		{
			"type": "Feature",
			"geometry": {
				"type": "Point",
				"coordinates": [
					 131.2621,
					 34.3261
				]
			},
			"properties": {
				"name": "JA/YG-184(天井山)",
				"読み":"Tenjyoyama",
				"標高":"602m 2pt ",
				"GL":"PM54ph",
				"市郡区":"C#3313 / C#3311 ",
				"登山日":"",
				"メモ":"",
				"_markerType": "Icon",
				"_iconUrl": "https://maps.gsi.go.jp/portal/sys/v4/symbols/102.png",
				"_iconSize": [
					16,
					16
				],
				"_iconAnchor": [
					8,
					8
				]
			}
		},
		{
			"type": "Feature",
			"geometry": {
				"type": "Point",
				"coordinates": [
					 131.5851,
					 34.5187
				]
			},
			"properties": {
				"name": "JA/YG-185(愛宕山)",
				"読み":"Atagoyama",
				"標高":"595m 2pt ",
				"GL":"PM54tm",
				"市郡区":"G#33002D ",
				"登山日":"",
				"メモ":"",
				"_markerType": "Icon",
				"_iconUrl": "https://maps.gsi.go.jp/portal/sys/v4/symbols/102.png",
				"_iconSize": [
					16,
					16
				],
				"_iconAnchor": [
					8,
					8
				]
			}
		},
		{
			"type": "Feature",
			"geometry": {
				"type": "Point",
				"coordinates": [
					 131.595,
					 34.5656
				]
			},
			"properties": {
				"name": "JA/YG-186(田別当(三角点))",
				"読み":"Tabettou",
				"標高":"592m 2pt ",
				"GL":"PM54tn",
				"市郡区":"G#33002D / C#3304 ",
				"登山日":"",
				"メモ":"",
				"_markerType": "Icon",
				"_iconUrl": "https://maps.gsi.go.jp/portal/sys/v4/symbols/102.png",
				"_iconSize": [
					16,
					16
				],
				"_iconAnchor": [
					8,
					8
				]
			}
		},
		{
			"type": "Feature",
			"geometry": {
				"type": "Point",
				"coordinates": [
					 131.7232,
					 34.427
				]
			},
			"properties": {
				"name": "JA/YG-187(河内山(三角点))",
				"読み":"Kawachiyama",
				"標高":"580m 2pt ",
				"GL":"PM54uk",
				"市郡区":"C#3301 ",
				"登山日":"",
				"メモ":"",
				"_markerType": "Icon",
				"_iconUrl": "https://maps.gsi.go.jp/portal/sys/v4/symbols/102.png",
				"_iconSize": [
					16,
					16
				],
				"_iconAnchor": [
					8,
					8
				]
			}
		},
		{
			"type": "Feature",
			"geometry": {
				"type": "Point",
				"coordinates": [
					 131.5853,
					 34.3328
				]
			},
			"properties": {
				"name": "JA/YG-188(横山(三角点))",
				"読み":"Yokoyama",
				"標高":"580m 2pt ",
				"GL":"PM54th",
				"市郡区":"C#3301 ",
				"登山日":"",
				"メモ":"",
				"_markerType": "Icon",
				"_iconUrl": "https://maps.gsi.go.jp/portal/sys/v4/symbols/102.png",
				"_iconSize": [
					16,
					16
				],
				"_iconAnchor": [
					8,
					8
				]
			}
		},
		{
			"type": "Feature",
			"geometry": {
				"type": "Point",
				"coordinates": [
					 131.9206,
					 34.219
				]
			},
			"properties": {
				"name": "JA/YG-189(岡山(三角点))",
				"読み":"Okayama",
				"標高":"579m 2pt ",
				"GL":"PM54xf",
				"市郡区":"C#3315 ",
				"登山日":"",
				"メモ":"",
				"_markerType": "Icon",
				"_iconUrl": "https://maps.gsi.go.jp/portal/sys/v4/symbols/102.png",
				"_iconSize": [
					16,
					16
				],
				"_iconAnchor": [
					8,
					8
				]
			}
		},
		{
			"type": "Feature",
			"geometry": {
				"type": "Point",
				"coordinates": [
					 131.7055,
					 34.1985
				]
			},
			"properties": {
				"name": "JA/YG-190(土田ヶ岳)",
				"読み":"Todagatake",
				"標高":"572m 2pt ",
				"GL":"PM54ue",
				"市郡区":"C#3301 ",
				"登山日":"",
				"メモ":"",
				"_markerType": "Icon",
				"_iconUrl": "https://maps.gsi.go.jp/portal/sys/v4/symbols/102.png",
				"_iconSize": [
					16,
					16
				],
				"_iconAnchor": [
					8,
					8
				]
			}
		},
		{
			"type": "Feature",
			"geometry": {
				"type": "Point",
				"coordinates": [
					 132.0121,
					 34.3737
				]
			},
			"properties": {
				"name": "JA/YG-191(星坂(三角点))",
				"読み":"Hoshizaka",
				"標高":"559m 2pt ",
				"GL":"PM64ai",
				"市郡区":"C#3308 / G#32008E ",
				"登山日":"",
				"メモ":"",
				"_markerType": "Icon",
				"_iconUrl": "https://maps.gsi.go.jp/portal/sys/v4/symbols/102.png",
				"_iconSize": [
					16,
					16
				],
				"_iconAnchor": [
					8,
					8
				]
			}
		},
		{
			"type": "Feature",
			"geometry": {
				"type": "Point",
				"coordinates": [
					 131.3848,
					 34.1799
				]
			},
			"properties": {
				"name": "JA/YG-192(江嶺山)",
				"読み":"Eminesan",
				"標高":"549m 2pt ",
				"GL":"PM54qe",
				"市郡区":"C#3313 ",
				"登山日":"",
				"メモ":"",
				"_markerType": "Icon",
				"_iconUrl": "https://maps.gsi.go.jp/portal/sys/v4/symbols/102.png",
				"_iconSize": [
					16,
					16
				],
				"_iconAnchor": [
					8,
					8
				]
			}
		},
		{
			"type": "Feature",
			"geometry": {
				"type": "Point",
				"coordinates": [
					 131.2691,
					 34.2905
				]
			},
			"properties": {
				"name": "JA/YG-193(如意岳)",
				"読み":"Nyoidake",
				"標高":"545m 2pt ",
				"GL":"PM54pg",
				"市郡区":"C#3313 ",
				"登山日":"",
				"メモ":"",
				"_markerType": "Icon",
				"_iconUrl": "https://maps.gsi.go.jp/portal/sys/v4/symbols/102.png",
				"_iconSize": [
					16,
					16
				],
				"_iconAnchor": [
					8,
					8
				]
			}
		},
		{
			"type": "Feature",
			"geometry": {
				"type": "Point",
				"coordinates": [
					 131.5261,
					 34.2382
				]
			},
			"properties": {
				"name": "JA/YG-194(木戸山)",
				"読み":"Kidoyama",
				"標高":"542m 2pt ",
				"GL":"PM54sf",
				"市郡区":"C#3301 ",
				"登山日":"",
				"メモ":"",
				"_markerType": "Icon",
				"_iconUrl": "https://maps.gsi.go.jp/portal/sys/v4/symbols/102.png",
				"_iconSize": [
					16,
					16
				],
				"_iconAnchor": [
					8,
					8
				]
			}
		},
		{
			"type": "Feature",
			"geometry": {
				"type": "Point",
				"coordinates": [
					 132.0467,
					 34.2459
				]
			},
			"properties": {
				"name": "JA/YG-195(南桑村(三角点))",
				"読み":"Minamikuwamura",
				"標高":"533m 2pt ",
				"GL":"PM64af",
				"市郡区":"C#3308 ",
				"登山日":"",
				"メモ":"",
				"_markerType": "Icon",
				"_iconUrl": "https://maps.gsi.go.jp/portal/sys/v4/symbols/102.png",
				"_iconSize": [
					16,
					16
				],
				"_iconAnchor": [
					8,
					8
				]
			}
		},
		{
			"type": "Feature",
			"geometry": {
				"type": "Point",
				"coordinates": [
					 132.111,
					 34.197
				]
			},
			"properties": {
				"name": "JA/YG-196(点520)",
				"読み":"P520",
				"標高":"520m 2pt ",
				"GL":"PM64be",
				"市郡区":"C#3308 ",
				"登山日":"",
				"メモ":"",
				"_markerType": "Icon",
				"_iconUrl": "https://maps.gsi.go.jp/portal/sys/v4/symbols/102.png",
				"_iconSize": [
					16,
					16
				],
				"_iconAnchor": [
					8,
					8
				]
			}
		},
		{
			"type": "Feature",
			"geometry": {
				"type": "Point",
				"coordinates": [
					 131.3431,
					 34.3389
				]
			},
			"properties": {
				"name": "JA/YG-197(扇山)",
				"読み":"Ougiyama",
				"標高":"514m 2pt ",
				"GL":"PM54qi",
				"市郡区":"C#3304 / C#3311 ",
				"登山日":"",
				"メモ":"",
				"_markerType": "Icon",
				"_iconUrl": "https://maps.gsi.go.jp/portal/sys/v4/symbols/102.png",
				"_iconSize": [
					16,
					16
				],
				"_iconAnchor": [
					8,
					8
				]
			}
		},
		{
			"type": "Feature",
			"geometry": {
				"type": "Point",
				"coordinates": [
					 131.6521,
					 34.1359
				]
			},
			"properties": {
				"name": "JA/YG-198(高黒石近傍)",
				"読み":"Near_Takakuroishi",
				"標高":"490m 1pt ",
				"GL":"PM54td",
				"市郡区":"C#3306 / C#3315 ",
				"登山日":"",
				"メモ":"",
				"_markerType": "Icon",
				"_iconUrl": "https://maps.gsi.go.jp/portal/sys/v4/symbols/826.png",
				"_iconSize": [
					16,
					16
				],
				"_iconAnchor": [
					8,
					8
				]
			}
		},
		{
			"type": "Feature",
			"geometry": {
				"type": "Point",
				"coordinates": [
					 131.5647,
					 34.3595
				]
			},
			"properties": {
				"name": "JA/YG-199(栃崎（三角点近傍）)",
				"読み":"Near_Tochizaki",
				"標高":"484m 1pt ",
				"GL":"PM54si",
				"市郡区":"C#3301 ",
				"登山日":"",
				"メモ":"",
				"_markerType": "Icon",
				"_iconUrl": "https://maps.gsi.go.jp/portal/sys/v4/symbols/826.png",
				"_iconSize": [
					16,
					16
				],
				"_iconAnchor": [
					8,
					8
				]
			}
		},
		{
			"type": "Feature",
			"geometry": {
				"type": "Point",
				"coordinates": [
					 131.966,
					 34.2574
				]
			},
			"properties": {
				"name": "JA/YG-200(東山（三角点近傍）)",
				"読み":"Near_Higashiyama",
				"標高":"484m 1pt ",
				"GL":"PM54xg",
				"市郡区":"C#3308 ",
				"登山日":"",
				"メモ":"",
				"_markerType": "Icon",
				"_iconUrl": "https://maps.gsi.go.jp/portal/sys/v4/symbols/826.png",
				"_iconSize": [
					16,
					16
				],
				"_iconAnchor": [
					8,
					8
				]
			}
		},
		{
			"type": "Feature",
			"geometry": {
				"type": "Point",
				"coordinates": [
					 131.1872,
					 34.2078
				]
			},
			"properties": {
				"name": "JA/YG-201(谷山)",
				"読み":"Taniyama",
				"標高":"472m 1pt ",
				"GL":"PM54oe",
				"市郡区":"C#3313 ",
				"登山日":"",
				"メモ":"",
				"_markerType": "Icon",
				"_iconUrl": "https://maps.gsi.go.jp/portal/sys/v4/symbols/826.png",
				"_iconSize": [
					16,
					16
				],
				"_iconAnchor": [
					8,
					8
				]
			}
		},
		{
			"type": "Feature",
			"geometry": {
				"type": "Point",
				"coordinates": [
					 131.33,
					 34.3791
				]
			},
			"properties": {
				"name": "JA/YG-202(千代ヶ岳)",
				"読み":"Chiyogatake",
				"標高":"468m 1pt ",
				"GL":"PM54pj",
				"市郡区":"C#3304 ",
				"登山日":"",
				"メモ":"",
				"_markerType": "Icon",
				"_iconUrl": "https://maps.gsi.go.jp/portal/sys/v4/symbols/826.png",
				"_iconSize": [
					16,
					16
				],
				"_iconAnchor": [
					8,
					8
				]
			}
		},
		{
			"type": "Feature",
			"geometry": {
				"type": "Point",
				"coordinates": [
					 131.3359,
					 34.3606
				]
			},
			"properties": {
				"name": "JA/YG-203(堂ケ原山)",
				"読み":"Dougaharayama",
				"標高":"457m 1pt ",
				"GL":"PM54qi",
				"市郡区":"C#3304 ",
				"登山日":"",
				"メモ":"",
				"_markerType": "Icon",
				"_iconUrl": "https://maps.gsi.go.jp/portal/sys/v4/symbols/826.png",
				"_iconSize": [
					16,
					16
				],
				"_iconAnchor": [
					8,
					8
				]
			}
		},
		{
			"type": "Feature",
			"geometry": {
				"type": "Point",
				"coordinates": [
					 131.4941,
					 34.3249
				]
			},
			"properties": {
				"name": "JA/YG-204(寺屋敷)",
				"読み":"Terayashiki",
				"標高":"450m 1pt ",
				"GL":"PM54rh",
				"市郡区":"C#3304 ",
				"登山日":"",
				"メモ":"",
				"_markerType": "Icon",
				"_iconUrl": "https://maps.gsi.go.jp/portal/sys/v4/symbols/826.png",
				"_iconSize": [
					16,
					16
				],
				"_iconAnchor": [
					8,
					8
				]
			}
		},
		{
			"type": "Feature",
			"geometry": {
				"type": "Point",
				"coordinates": [
					 131.4494,
					 34.1933
				]
			},
			"properties": {
				"name": "JA/YG-205(鋤尖山)",
				"読み":"Sukizakiyama",
				"標高":"437m 1pt ",
				"GL":"PM54re",
				"市郡区":"C#3301 ",
				"登山日":"",
				"メモ":"",
				"_markerType": "Icon",
				"_iconUrl": "https://maps.gsi.go.jp/portal/sys/v4/symbols/826.png",
				"_iconSize": [
					16,
					16
				],
				"_iconAnchor": [
					8,
					8
				]
			}
		},
		{
			"type": "Feature",
			"geometry": {
				"type": "Point",
				"coordinates": [
					 131.5546,
					 34.3715
				]
			},
			"properties": {
				"name": "JA/YG-206(大原谷山)",
				"読み":"Ooharayasan",
				"標高":"435m 1pt ",
				"GL":"PM54si",
				"市郡区":"C#3301 ",
				"登山日":"",
				"メモ":"",
				"_markerType": "Icon",
				"_iconUrl": "https://maps.gsi.go.jp/portal/sys/v4/symbols/826.png",
				"_iconSize": [
					16,
					16
				],
				"_iconAnchor": [
					8,
					8
				]
			}
		},
		{
			"type": "Feature",
			"geometry": {
				"type": "Point",
				"coordinates": [
					 131.6839,
					 34.2272
				]
			},
			"properties": {
				"name": "JA/YG-207(馬落山（三角点近傍）)",
				"読み":"Near_Maochiyama",
				"標高":"420m 1pt ",
				"GL":"PM54uf",
				"市郡区":"C#3301 ",
				"登山日":"",
				"メモ":"",
				"_markerType": "Icon",
				"_iconUrl": "https://maps.gsi.go.jp/portal/sys/v4/symbols/826.png",
				"_iconSize": [
					16,
					16
				],
				"_iconAnchor": [
					8,
					8
				]
			}
		},
		{
			"type": "Feature",
			"geometry": {
				"type": "Point",
				"coordinates": [
					 132.0459,
					 34.1675
				]
			},
			"properties": {
				"name": "JA/YG-208(点420(コセンドウ山近傍))",
				"読み":"P420",
				"標高":"420m 1pt ",
				"GL":"PM64ae",
				"市郡区":"C#3308 ",
				"登山日":"",
				"メモ":"",
				"_markerType": "Icon",
				"_iconUrl": "https://maps.gsi.go.jp/portal/sys/v4/symbols/826.png",
				"_iconSize": [
					16,
					16
				],
				"_iconAnchor": [
					8,
					8
				]
			}
		},
		{
			"type": "Feature",
			"geometry": {
				"type": "Point",
				"coordinates": [
					 131.3056,
					 34.265
				]
			},
			"properties": {
				"name": "JA/YG-209(地獄台)",
				"読み":"Jigokudai",
				"標高":"409m 1pt ",
				"GL":"PM54pg",
				"市郡区":"C#3313 ",
				"登山日":"",
				"メモ":"",
				"_markerType": "Icon",
				"_iconUrl": "https://maps.gsi.go.jp/portal/sys/v4/symbols/826.png",
				"_iconSize": [
					16,
					16
				],
				"_iconAnchor": [
					8,
					8
				]
			}
		},
		{
			"type": "Feature",
			"geometry": {
				"type": "Point",
				"coordinates": [
					 131.227,
					 34.2362
				]
			},
			"properties": {
				"name": "JA/YG-210(赤ノ谷(三角点))",
				"読み":"Akanodani",
				"標高":"409m 1pt ",
				"GL":"PM54of",
				"市郡区":"C#3313 ",
				"登山日":"",
				"メモ":"",
				"_markerType": "Icon",
				"_iconUrl": "https://maps.gsi.go.jp/portal/sys/v4/symbols/826.png",
				"_iconSize": [
					16,
					16
				],
				"_iconAnchor": [
					8,
					8
				]
			}
		},
		{
			"type": "Feature",
			"geometry": {
				"type": "Point",
				"coordinates": [
					 131.1553,
					 34.2145
				]
			},
			"properties": {
				"name": "JA/YG-211(点398)",
				"読み":"P398",
				"標高":"398m 1pt ",
				"GL":"PM54nf",
				"市郡区":"C#3313 ",
				"登山日":"",
				"メモ":"",
				"_markerType": "Icon",
				"_iconUrl": "https://maps.gsi.go.jp/portal/sys/v4/symbols/826.png",
				"_iconSize": [
					16,
					16
				],
				"_iconAnchor": [
					8,
					8
				]
			}
		},
		{
			"type": "Feature",
			"geometry": {
				"type": "Point",
				"coordinates": [
					 131.5207,
					 34.3686
				]
			},
			"properties": {
				"name": "JA/YG-212(半田(三角点))",
				"読み":"Handa",
				"標高":"394m 1pt ",
				"GL":"PM54si",
				"市郡区":"C#3304 ",
				"登山日":"",
				"メモ":"",
				"_markerType": "Icon",
				"_iconUrl": "https://maps.gsi.go.jp/portal/sys/v4/symbols/826.png",
				"_iconSize": [
					16,
					16
				],
				"_iconAnchor": [
					8,
					8
				]
			}
		},
		{
			"type": "Feature",
			"geometry": {
				"type": "Point",
				"coordinates": [
					 131.3717,
					 34.106
				]
			},
			"properties": {
				"name": "JA/YG-213(禅定寺山)",
				"読み":"Zenjyoujiyama",
				"標高":"392m 1pt ",
				"GL":"PM54qc",
				"市郡区":"C#3301 ",
				"登山日":"",
				"メモ":"",
				"_markerType": "Icon",
				"_iconUrl": "https://maps.gsi.go.jp/portal/sys/v4/symbols/826.png",
				"_iconSize": [
					16,
					16
				],
				"_iconAnchor": [
					8,
					8
				]
			}
		},
		{
			"type": "Feature",
			"geometry": {
				"type": "Point",
				"coordinates": [
					 131.1286,
					 34.15
				]
			},
			"properties": {
				"name": "JA/YG-214(導州ヶ岳)",
				"読み":"Dousyugatake",
				"標高":"387m 1pt ",
				"GL":"PM54nd",
				"市郡区":"C#3313 ",
				"登山日":"",
				"メモ":"",
				"_markerType": "Icon",
				"_iconUrl": "https://maps.gsi.go.jp/portal/sys/v4/symbols/826.png",
				"_iconSize": [
					16,
					16
				],
				"_iconAnchor": [
					8,
					8
				]
			}
		},
		{
			"type": "Feature",
			"geometry": {
				"type": "Point",
				"coordinates": [
					 130.9495,
					 34.1272
				]
			},
			"properties": {
				"name": "JA/YG-215(笠ケ岳)",
				"読み":"Kasagatake",
				"標高":"383m 1pt ",
				"GL":"PM54ld",
				"市郡区":"C#3302 ",
				"登山日":"",
				"メモ":"",
				"_markerType": "Icon",
				"_iconUrl": "https://maps.gsi.go.jp/portal/sys/v4/symbols/826.png",
				"_iconSize": [
					16,
					16
				],
				"_iconAnchor": [
					8,
					8
				]
			}
		},
		{
			"type": "Feature",
			"geometry": {
				"type": "Point",
				"coordinates": [
					 131.0663,
					 34.1541
				]
			},
			"properties": {
				"name": "JA/YG-216(豊ヶ岳)",
				"読み":"Toyogatake",
				"標高":"382m 1pt ",
				"GL":"PM54md",
				"市郡区":"C#3302 ",
				"登山日":"",
				"メモ":"",
				"_markerType": "Icon",
				"_iconUrl": "https://maps.gsi.go.jp/portal/sys/v4/symbols/826.png",
				"_iconSize": [
					16,
					16
				],
				"_iconAnchor": [
					8,
					8
				]
			}
		},
		{
			"type": "Feature",
			"geometry": {
				"type": "Point",
				"coordinates": [
					 132.027,
					 34.0614
				]
			},
			"properties": {
				"name": "JA/YG-217(竜ヶ岳)",
				"読み":"Ryugatake",
				"標高":"365m 1pt ",
				"GL":"PM64ab",
				"市郡区":"C#3315 / C#3308 ",
				"登山日":"",
				"メモ":"",
				"_markerType": "Icon",
				"_iconUrl": "https://maps.gsi.go.jp/portal/sys/v4/symbols/826.png",
				"_iconSize": [
					16,
					16
				],
				"_iconAnchor": [
					8,
					8
				]
			}
		},
		{
			"type": "Feature",
			"geometry": {
				"type": "Point",
				"coordinates": [
					 131.6874,
					 34.5523
				]
			},
			"properties": {
				"name": "JA/YG-218(唐音（三角点近傍）)",
				"読み":"Karane",
				"標高":"360m 1pt ",
				"GL":"PM54un",
				"市郡区":"C#3304 ",
				"登山日":"",
				"メモ":"",
				"_markerType": "Icon",
				"_iconUrl": "https://maps.gsi.go.jp/portal/sys/v4/symbols/826.png",
				"_iconSize": [
					16,
					16
				],
				"_iconAnchor": [
					8,
					8
				]
			}
		},
		{
			"type": "Feature",
			"geometry": {
				"type": "Point",
				"coordinates": [
					 131.4054,
					 34.3555
				]
			},
			"properties": {
				"name": "JA/YG-219(笛吹(三角点))",
				"読み":"Fuefuki",
				"標高":"359m 1pt ",
				"GL":"PM54qi",
				"市郡区":"C#3304 ",
				"登山日":"",
				"メモ":"",
				"_markerType": "Icon",
				"_iconUrl": "https://maps.gsi.go.jp/portal/sys/v4/symbols/826.png",
				"_iconSize": [
					16,
					16
				],
				"_iconAnchor": [
					8,
					8
				]
			}
		},
		{
			"type": "Feature",
			"geometry": {
				"type": "Point",
				"coordinates": [
					 130.932,
					 34.2472
				]
			},
			"properties": {
				"name": "JA/YG-220(京ノ山)",
				"読み":"Kyonoyama",
				"標高":"332m 1pt ",
				"GL":"PM54lf",
				"市郡区":"C#3302 ",
				"登山日":"",
				"メモ":"",
				"_markerType": "Icon",
				"_iconUrl": "https://maps.gsi.go.jp/portal/sys/v4/symbols/826.png",
				"_iconSize": [
					16,
					16
				],
				"_iconAnchor": [
					8,
					8
				]
			}
		},
		{
			"type": "Feature",
			"geometry": {
				"type": "Point",
				"coordinates": [
					 132.0754,
					 34.0253
				]
			},
			"properties": {
				"name": "JA/YG-221(点330)",
				"読み":"P330",
				"標高":"330m 1pt ",
				"GL":"PM64aa",
				"市郡区":"C#3312 / C#3308 ",
				"登山日":"",
				"メモ":"",
				"_markerType": "Icon",
				"_iconUrl": "https://maps.gsi.go.jp/portal/sys/v4/symbols/826.png",
				"_iconSize": [
					16,
					16
				],
				"_iconAnchor": [
					8,
					8
				]
			}
		},
		{
			"type": "Feature",
			"geometry": {
				"type": "Point",
				"coordinates": [
					 131.6713,
					 34.5614
				]
			},
			"properties": {
				"name": "JA/YG-222(点326)",
				"読み":"P326",
				"標高":"326m 1pt ",
				"GL":"PM54un",
				"市郡区":"C#3304 ",
				"登山日":"",
				"メモ":"",
				"_markerType": "Icon",
				"_iconUrl": "https://maps.gsi.go.jp/portal/sys/v4/symbols/826.png",
				"_iconSize": [
					16,
					16
				],
				"_iconAnchor": [
					8,
					8
				]
			}
		},
		{
			"type": "Feature",
			"geometry": {
				"type": "Point",
				"coordinates": [
					 132.12,
					 34.0091
				]
			},
			"properties": {
				"name": "JA/YG-223(竹常山)",
				"読み":"Taketsuneyama",
				"標高":"325m 1pt ",
				"GL":"PM64ba",
				"市郡区":"C#3312 ",
				"登山日":"",
				"メモ":"",
				"_markerType": "Icon",
				"_iconUrl": "https://maps.gsi.go.jp/portal/sys/v4/symbols/826.png",
				"_iconSize": [
					16,
					16
				],
				"_iconAnchor": [
					8,
					8
				]
			}
		},
		{
			"type": "Feature",
			"geometry": {
				"type": "Point",
				"coordinates": [
					 131.3684,
					 34.1472
				]
			},
			"properties": {
				"name": "JA/YG-224(真長田(三角点))",
				"読み":"Shinnagata",
				"標高":"322m 1pt ",
				"GL":"PM54qd",
				"市郡区":"C#3313 ",
				"登山日":"",
				"メモ":"",
				"_markerType": "Icon",
				"_iconUrl": "https://maps.gsi.go.jp/portal/sys/v4/symbols/826.png",
				"_iconSize": [
					16,
					16
				],
				"_iconAnchor": [
					8,
					8
				]
			}
		},
		{
			"type": "Feature",
			"geometry": {
				"type": "Point",
				"coordinates": [
					 132.1052,
					 34.1347
				]
			},
			"properties": {
				"name": "JA/YG-225(大平山)",
				"読み":"Oohirayama",
				"標高":"316m 1pt ",
				"GL":"PM64bd",
				"市郡区":"C#3308 ",
				"登山日":"",
				"メモ":"",
				"_markerType": "Icon",
				"_iconUrl": "https://maps.gsi.go.jp/portal/sys/v4/symbols/826.png",
				"_iconSize": [
					16,
					16
				],
				"_iconAnchor": [
					8,
					8
				]
			}
		},
		{
			"type": "Feature",
			"geometry": {
				"type": "Point",
				"coordinates": [
					 131.9916,
					 33.9359
				]
			},
			"properties": {
				"name": "JA/YG-226(大峯山（三角点近傍）)",
				"読み":"Near_Oominesan",
				"標高":"300m 1pt ",
				"GL":"PM53xw",
				"市郡区":"G#33006B / C#3310 ",
				"登山日":"",
				"メモ":"",
				"_markerType": "Icon",
				"_iconUrl": "https://maps.gsi.go.jp/portal/sys/v4/symbols/826.png",
				"_iconSize": [
					16,
					16
				],
				"_iconAnchor": [
					8,
					8
				]
			}
		},
		{
			"type": "Feature",
			"geometry": {
				"type": "Point",
				"coordinates": [
					 131.9942,
					 33.9598
				]
			},
			"properties": {
				"name": "JA/YG-227(呉麓山)",
				"読み":"Gorokusan",
				"標高":"293m 1pt ",
				"GL":"PM53xx",
				"市郡区":"G#33006B / C#3310 ",
				"登山日":"",
				"メモ":"",
				"_markerType": "Icon",
				"_iconUrl": "https://maps.gsi.go.jp/portal/sys/v4/symbols/826.png",
				"_iconSize": [
					16,
					16
				],
				"_iconAnchor": [
					8,
					8
				]
			}
		},
		{
			"type": "Feature",
			"geometry": {
				"type": "Point",
				"coordinates": [
					 130.8921,
					 34.1044
				]
			},
			"properties": {
				"name": "JA/YG-228(点290)",
				"読み":"P290",
				"標高":"290m 1pt ",
				"GL":"PM54kc",
				"市郡区":"C#3302 ",
				"登山日":"",
				"メモ":"",
				"_markerType": "Icon",
				"_iconUrl": "https://maps.gsi.go.jp/portal/sys/v4/symbols/826.png",
				"_iconSize": [
					16,
					16
				],
				"_iconAnchor": [
					8,
					8
				]
			}
		},
		{
			"type": "Feature",
			"geometry": {
				"type": "Point",
				"coordinates": [
					 130.9658,
					 33.9893
				]
			},
			"properties": {
				"name": "JA/YG-229(霊鷲山)",
				"読み":"Ryoujyusan",
				"標高":"288m 1pt ",
				"GL":"PM53lx",
				"市郡区":"C#3302 ",
				"登山日":"",
				"メモ":"",
				"_markerType": "Icon",
				"_iconUrl": "https://maps.gsi.go.jp/portal/sys/v4/symbols/826.png",
				"_iconSize": [
					16,
					16
				],
				"_iconAnchor": [
					8,
					8
				]
			}
		},
		{
			"type": "Feature",
			"geometry": {
				"type": "Point",
				"coordinates": [
					 132.1343,
					 33.7182
				]
			},
			"properties": {
				"name": "JA/YG-230(大島(三角点))",
				"読み":"Ooshima",
				"標高":"279m 1pt ",
				"GL":"PM63br",
				"市郡区":"G#33006A ",
				"登山日":"",
				"メモ":"",
				"_markerType": "Icon",
				"_iconUrl": "https://maps.gsi.go.jp/portal/sys/v4/symbols/826.png",
				"_iconSize": [
					16,
					16
				],
				"_iconAnchor": [
					8,
					8
				]
			}
		},
		{
			"type": "Feature",
			"geometry": {
				"type": "Point",
				"coordinates": [
					 130.9606,
					 33.9744
				]
			},
			"properties": {
				"name": "JA/YG-231(火の山)",
				"読み":"Hinoyama",
				"標高":"268m 1pt ",
				"GL":"PM53lx",
				"市郡区":"C#3302 ",
				"登山日":"",
				"メモ":"",
				"_markerType": "Icon",
				"_iconUrl": "https://maps.gsi.go.jp/portal/sys/v4/symbols/826.png",
				"_iconSize": [
					16,
					16
				],
				"_iconAnchor": [
					8,
					8
				]
			}
		},
		{
			"type": "Feature",
			"geometry": {
				"type": "Point",
				"coordinates": [
					 131.9506,
					 33.9721
				]
			},
			"properties": {
				"name": "JA/YG-232(鶴羽山)",
				"読み":"Tsuruhayama",
				"標高":"262m 1pt ",
				"GL":"PM53xx",
				"市郡区":"C#3310 ",
				"登山日":"",
				"メモ":"",
				"_markerType": "Icon",
				"_iconUrl": "https://maps.gsi.go.jp/portal/sys/v4/symbols/826.png",
				"_iconSize": [
					16,
					16
				],
				"_iconAnchor": [
					8,
					8
				]
			}
		},
		{
			"type": "Feature",
			"geometry": {
				"type": "Point",
				"coordinates": [
					 131.6769,
					 34.0654
				]
			},
			"properties": {
				"name": "JA/YG-233(昇仙峰)",
				"読み":"Shosenmine",
				"標高":"261m 1pt ",
				"GL":"PM54ub",
				"市郡区":"C#3315 ",
				"登山日":"",
				"メモ":"",
				"_markerType": "Icon",
				"_iconUrl": "https://maps.gsi.go.jp/portal/sys/v4/symbols/826.png",
				"_iconSize": [
					16,
					16
				],
				"_iconAnchor": [
					8,
					8
				]
			}
		},
		{
			"type": "Feature",
			"geometry": {
				"type": "Point",
				"coordinates": [
					 131.4811,
					 34.0765
				]
			},
			"properties": {
				"name": "JA/YG-234(花ケ岳(三角点))",
				"読み":"Hanagatake",
				"標高":"260m 1pt ",
				"GL":"PM54rb",
				"市郡区":"C#3301 / C#3306 ",
				"登山日":"",
				"メモ":"",
				"_markerType": "Icon",
				"_iconUrl": "https://maps.gsi.go.jp/portal/sys/v4/symbols/826.png",
				"_iconSize": [
					16,
					16
				],
				"_iconAnchor": [
					8,
					8
				]
			}
		},
		{
			"type": "Feature",
			"geometry": {
				"type": "Point",
				"coordinates": [
					 131.6082,
					 34.029
				]
			},
			"properties": {
				"name": "JA/YG-235(江泊山)",
				"読み":"Edomariyama",
				"標高":"259m 1pt ",
				"GL":"PM54ta",
				"市郡区":"C#3306 ",
				"登山日":"",
				"メモ":"",
				"_markerType": "Icon",
				"_iconUrl": "https://maps.gsi.go.jp/portal/sys/v4/symbols/826.png",
				"_iconSize": [
					16,
					16
				],
				"_iconAnchor": [
					8,
					8
				]
			}
		},
		{
			"type": "Feature",
			"geometry": {
				"type": "Point",
				"coordinates": [
					 131.0114,
					 34.1441
				]
			},
			"properties": {
				"name": "JA/YG-236(六部山)",
				"読み":"Rokubusan",
				"標高":"257m 1pt ",
				"GL":"PM54md",
				"市郡区":"C#3302 ",
				"登山日":"",
				"メモ":"",
				"_markerType": "Icon",
				"_iconUrl": "https://maps.gsi.go.jp/portal/sys/v4/symbols/826.png",
				"_iconSize": [
					16,
					16
				],
				"_iconAnchor": [
					8,
					8
				]
			}
		},
		{
			"type": "Feature",
			"geometry": {
				"type": "Point",
				"coordinates": [
					 130.7783,
					 34.109
				]
			},
			"properties": {
				"name": "JA/YG-237(大山(蓋井島))",
				"読み":"Ooyama(Futaoijima)",
				"標高":"252m 1pt ",
				"GL":"PM54jc",
				"市郡区":"C#3302 ",
				"登山日":"",
				"メモ":"",
				"_markerType": "Icon",
				"_iconUrl": "https://maps.gsi.go.jp/portal/sys/v4/symbols/826.png",
				"_iconSize": [
					16,
					16
				],
				"_iconAnchor": [
					8,
					8
				]
			}
		},
		{
			"type": "Feature",
			"geometry": {
				"type": "Point",
				"coordinates": [
					 131.0436,
					 34.1053
				]
			},
			"properties": {
				"name": "JA/YG-238(白山)",
				"読み":"Hakusan",
				"標高":"251m 1pt ",
				"GL":"PM54mc",
				"市郡区":"C#3302 ",
				"登山日":"",
				"メモ":"",
				"_markerType": "Icon",
				"_iconUrl": "https://maps.gsi.go.jp/portal/sys/v4/symbols/826.png",
				"_iconSize": [
					16,
					16
				],
				"_iconAnchor": [
					8,
					8
				]
			}
		},
		{
			"type": "Feature",
			"geometry": {
				"type": "Point",
				"coordinates": [
					 131.4944,
					 34.1745
				]
			},
			"properties": {
				"name": "JA/YG-239(点250)",
				"読み":"P250",
				"標高":"250m 1pt ",
				"GL":"PM54re",
				"市郡区":"C#3301 ",
				"登山日":"",
				"メモ":"",
				"_markerType": "Icon",
				"_iconUrl": "https://maps.gsi.go.jp/portal/sys/v4/symbols/826.png",
				"_iconSize": [
					16,
					16
				],
				"_iconAnchor": [
					8,
					8
				]
			}
		},
		{
			"type": "Feature",
			"geometry": {
				"type": "Point",
				"coordinates": [
					 131.2578,
					 34.016
				]
			},
			"properties": {
				"name": "JA/YG-240(霜降岳)",
				"読み":"Shimofuridake",
				"標高":"249m 1pt ",
				"GL":"PM54pa",
				"市郡区":"C#3303 ",
				"登山日":"",
				"メモ":"",
				"_markerType": "Icon",
				"_iconUrl": "https://maps.gsi.go.jp/portal/sys/v4/symbols/826.png",
				"_iconSize": [
					16,
					16
				],
				"_iconAnchor": [
					8,
					8
				]
			}
		},
		{
			"type": "Feature",
			"geometry": {
				"type": "Point",
				"coordinates": [
					 131.8574,
					 33.9681
				]
			},
			"properties": {
				"name": "JA/YG-241(奥畑山)",
				"読み":"Okuhatayama",
				"標高":"232m 1pt ",
				"GL":"PM53wx",
				"市郡区":"C#3307 ",
				"登山日":"",
				"メモ":"",
				"_markerType": "Icon",
				"_iconUrl": "https://maps.gsi.go.jp/portal/sys/v4/symbols/826.png",
				"_iconSize": [
					16,
					16
				],
				"_iconAnchor": [
					8,
					8
				]
			}
		},
		{
			"type": "Feature",
			"geometry": {
				"type": "Point",
				"coordinates": [
					 132.0785,
					 33.9567
				]
			},
			"properties": {
				"name": "JA/YG-242(赤子山)",
				"読み":"Akagoyama",
				"標高":"230m 1pt ",
				"GL":"PM63aw",
				"市郡区":"C#3312 / G#33006E ",
				"登山日":"",
				"メモ":"",
				"_markerType": "Icon",
				"_iconUrl": "https://maps.gsi.go.jp/portal/sys/v4/symbols/826.png",
				"_iconSize": [
					16,
					16
				],
				"_iconAnchor": [
					8,
					8
				]
			}
		},
		{
			"type": "Feature",
			"geometry": {
				"type": "Point",
				"coordinates": [
					 131.5323,
					 34.0213
				]
			},
			"properties": {
				"name": "JA/YG-243(田島山)",
				"読み":"Tashimayama",
				"標高":"222m 1pt ",
				"GL":"PM54sa",
				"市郡区":"C#3306 ",
				"登山日":"",
				"メモ":"",
				"_markerType": "Icon",
				"_iconUrl": "https://maps.gsi.go.jp/portal/sys/v4/symbols/826.png",
				"_iconSize": [
					16,
					16
				],
				"_iconAnchor": [
					8,
					8
				]
			}
		},
		{
			"type": "Feature",
			"geometry": {
				"type": "Point",
				"coordinates": [
					 132.4477,
					 33.9353
				]
			},
			"properties": {
				"name": "JA/YG-244(鯛ノ峰)",
				"読み":"Tainomine",
				"標高":"212m 1pt ",
				"GL":"PM63fw",
				"市郡区":"G#33003E ",
				"登山日":"",
				"メモ":"",
				"_markerType": "Icon",
				"_iconUrl": "https://maps.gsi.go.jp/portal/sys/v4/symbols/826.png",
				"_iconSize": [
					16,
					16
				],
				"_iconAnchor": [
					8,
					8
				]
			}
		},
		{
			"type": "Feature",
			"geometry": {
				"type": "Point",
				"coordinates": [
					 131.2611,
					 34.3776
				]
			},
			"properties": {
				"name": "JA/YG-245(夫婦岩(三角点))",
				"読み":"Meotoiwa",
				"標高":"211m 1pt ",
				"GL":"PM54pj",
				"市郡区":"C#3311 ",
				"登山日":"",
				"メモ":"",
				"_markerType": "Icon",
				"_iconUrl": "https://maps.gsi.go.jp/portal/sys/v4/symbols/826.png",
				"_iconSize": [
					16,
					16
				],
				"_iconAnchor": [
					8,
					8
				]
			}
		},
		{
			"type": "Feature",
			"geometry": {
				"type": "Point",
				"coordinates": [
					 131.0498,
					 34.0834
				]
			},
			"properties": {
				"name": "JA/YG-246(大山(三角点))",
				"読み":"Ooyama",
				"標高":"211m 1pt ",
				"GL":"PM54mc",
				"市郡区":"C#3302 ",
				"登山日":"",
				"メモ":"",
				"_markerType": "Icon",
				"_iconUrl": "https://maps.gsi.go.jp/portal/sys/v4/symbols/826.png",
				"_iconSize": [
					16,
					16
				],
				"_iconAnchor": [
					8,
					8
				]
			}
		},
		{
			"type": "Feature",
			"geometry": {
				"type": "Point",
				"coordinates": [
					 131.9353,
					 33.7909
				]
			},
			"properties": {
				"name": "JA/YG-247(小祝島)",
				"読み":"Koiwaijima",
				"標高":"209m 1pt ",
				"GL":"PM53xs",
				"市郡区":"G#33006A ",
				"登山日":"",
				"メモ":"",
				"_markerType": "Icon",
				"_iconUrl": "https://maps.gsi.go.jp/portal/sys/v4/symbols/826.png",
				"_iconSize": [
					16,
					16
				],
				"_iconAnchor": [
					8,
					8
				]
			}
		},
		{
			"type": "Feature",
			"geometry": {
				"type": "Point",
				"coordinates": [
					 131.2354,
					 34.3812
				]
			},
			"properties": {
				"name": "JA/YG-248(小島山)",
				"読み":"Kojimayama",
				"標高":"195m 1pt ",
				"GL":"PM54oj",
				"市郡区":"C#3311 ",
				"登山日":"",
				"メモ":"",
				"_markerType": "Icon",
				"_iconUrl": "https://maps.gsi.go.jp/portal/sys/v4/symbols/826.png",
				"_iconSize": [
					16,
					16
				],
				"_iconAnchor": [
					8,
					8
				]
			}
		},
		{
			"type": "Feature",
			"geometry": {
				"type": "Point",
				"coordinates": [
					 130.9256,
					 34.2202
				]
			},
			"properties": {
				"name": "JA/YG-249(湯玉城山)",
				"読み":"Yutamajyouyama",
				"標高":"193m 1pt ",
				"GL":"PM54lf",
				"市郡区":"C#3302 ",
				"登山日":"",
				"メモ":"",
				"_markerType": "Icon",
				"_iconUrl": "https://maps.gsi.go.jp/portal/sys/v4/symbols/826.png",
				"_iconSize": [
					16,
					16
				],
				"_iconAnchor": [
					8,
					8
				]
			}
		},
		{
			"type": "Feature",
			"geometry": {
				"type": "Point",
				"coordinates": [
					 131.3887,
					 34.065
				]
			},
			"properties": {
				"name": "JA/YG-250(御伊勢山)",
				"読み":"Oiseyama",
				"標高":"182m 1pt ",
				"GL":"PM54qb",
				"市郡区":"C#3301 ",
				"登山日":"",
				"メモ":"",
				"_markerType": "Icon",
				"_iconUrl": "https://maps.gsi.go.jp/portal/sys/v4/symbols/826.png",
				"_iconSize": [
					16,
					16
				],
				"_iconAnchor": [
					8,
					8
				]
			}
		},
		{
			"type": "Feature",
			"geometry": {
				"type": "Point",
				"coordinates": [
					 131.4701,
					 34.0137
				]
			},
			"properties": {
				"name": "JA/YG-251(小浜山)",
				"読み":"Kohamayama",
				"標高":"181m 1pt ",
				"GL":"PM54ra",
				"市郡区":"C#3301 ",
				"登山日":"",
				"メモ":"",
				"_markerType": "Icon",
				"_iconUrl": "https://maps.gsi.go.jp/portal/sys/v4/symbols/826.png",
				"_iconSize": [
					16,
					16
				],
				"_iconAnchor": [
					8,
					8
				]
			}
		},
		{
			"type": "Feature",
			"geometry": {
				"type": "Point",
				"coordinates": [
					 132.3705,
					 33.8498
				]
			},
			"properties": {
				"name": "JA/YG-252(沖家室島)",
				"読み":"Okikamurojima",
				"標高":"180m 1pt ",
				"GL":"PM63eu",
				"市郡区":"G#33003E ",
				"登山日":"",
				"メモ":"",
				"_markerType": "Icon",
				"_iconUrl": "https://maps.gsi.go.jp/portal/sys/v4/symbols/826.png",
				"_iconSize": [
					16,
					16
				],
				"_iconAnchor": [
					8,
					8
				]
			}
		},
		{
			"type": "Feature",
			"geometry": {
				"type": "Point",
				"coordinates": [
					 131.1333,
					 34.7714
				]
			},
			"properties": {
				"name": "JA/YG-253(萩自衛隊基地)",
				"読み":"Hagi_Base_of_Self_Defence",
				"標高":"180m 1pt ",
				"GL":"PM54ns",
				"市郡区":"C#3304 ",
				"登山日":"",
				"メモ":"",
				"_markerType": "Icon",
				"_iconUrl": "https://maps.gsi.go.jp/portal/sys/v4/symbols/826.png",
				"_iconSize": [
					16,
					16
				],
				"_iconAnchor": [
					8,
					8
				]
			}
		},
		{
			"type": "Feature",
			"geometry": {
				"type": "Point",
				"coordinates": [
					 131.7077,
					 34.0017
				]
			},
			"properties": {
				"name": "JA/YG-254(大津山)",
				"読み":"Ootsuyama",
				"標高":"174m 1pt ",
				"GL":"PM54ua",
				"市郡区":"C#3315 ",
				"登山日":"",
				"メモ":"",
				"_markerType": "Icon",
				"_iconUrl": "https://maps.gsi.go.jp/portal/sys/v4/symbols/826.png",
				"_iconSize": [
					16,
					16
				],
				"_iconAnchor": [
					8,
					8
				]
			}
		},
		{
			"type": "Feature",
			"geometry": {
				"type": "Point",
				"coordinates": [
					 131.6499,
					 34.6505
				]
			},
			"properties": {
				"name": "JA/YG-255(尻高山)",
				"読み":"Shiritakayama",
				"標高":"170m 1pt ",
				"GL":"PM54tp",
				"市郡区":"C#3304 ",
				"登山日":"",
				"メモ":"",
				"_markerType": "Icon",
				"_iconUrl": "https://maps.gsi.go.jp/portal/sys/v4/symbols/826.png",
				"_iconSize": [
					16,
					16
				],
				"_iconAnchor": [
					8,
					8
				]
			}
		},
		{
			"type": "Feature",
			"geometry": {
				"type": "Point",
				"coordinates": [
					 132.4746,
					 33.9586
				]
			},
			"properties": {
				"name": "JA/YG-256(情島)",
				"読み":"Nasakejima",
				"標高":"170m 1pt ",
				"GL":"PM63fx",
				"市郡区":"G#33003E ",
				"登山日":"",
				"メモ":"",
				"_markerType": "Icon",
				"_iconUrl": "https://maps.gsi.go.jp/portal/sys/v4/symbols/826.png",
				"_iconSize": [
					16,
					16
				],
				"_iconAnchor": [
					8,
					8
				]
			}
		},
		{
			"type": "Feature",
			"geometry": {
				"type": "Point",
				"coordinates": [
					 131.7262,
					 33.9834
				]
			},
			"properties": {
				"name": "JA/YG-257(馬島(三角点))",
				"読み":"Majima",
				"標高":"165m 1pt ",
				"GL":"PM53ux",
				"市郡区":"C#3315 ",
				"登山日":"",
				"メモ":"",
				"_markerType": "Icon",
				"_iconUrl": "https://maps.gsi.go.jp/portal/sys/v4/symbols/826.png",
				"_iconSize": [
					16,
					16
				],
				"_iconAnchor": [
					8,
					8
				]
			}
		},
		{
			"type": "Feature",
			"geometry": {
				"type": "Point",
				"coordinates": [
					 131.7668,
					 34.0435
				]
			},
			"properties": {
				"name": "JA/YG-258(仙島)",
				"読み":"Senshima",
				"標高":"161m 1pt ",
				"GL":"PM54vb",
				"市郡区":"C#3315 ",
				"登山日":"",
				"メモ":"",
				"_markerType": "Icon",
				"_iconUrl": "https://maps.gsi.go.jp/portal/sys/v4/symbols/826.png",
				"_iconSize": [
					16,
					16
				],
				"_iconAnchor": [
					8,
					8
				]
			}
		},
		{
			"type": "Feature",
			"geometry": {
				"type": "Point",
				"coordinates": [
					 131.6469,
					 34.3148
				]
			},
			"properties": {
				"name": "JA/YG-259(点729)",
				"読み":"P729",
				"標高":"729m 4pt ",
				"GL":"PM54th",
				"市郡区":"C#3301 ",
				"登山日":"",
				"メモ":"",
				"_markerType": "Icon",
				"_iconUrl": "https://maps.gsi.go.jp/portal/sys/v4/symbols/828.png",
				"_iconSize": [
					16,
					16
				],
				"_iconAnchor": [
					8,
					8
				]
			}
		},
		{
			"type": "Feature",
			"geometry": {
				"type": "Point",
				"coordinates": [
					 131.072752,
					 34.353623
				]
			},
			"properties": {
				"name": "JA/YG-260(熊野岳)",
				"読み":"Kumanodake",
				"標高":"359m 1pt ",
				"GL":"PM54mi",
				"市郡区":"C#3311 ",
				"登山日":"",
				"メモ":"",
				"_markerType": "Icon",
				"_iconUrl": "https://maps.gsi.go.jp/portal/sys/v4/symbols/826.png",
				"_iconSize": [
					16,
					16
				],
				"_iconAnchor": [
					8,
					8
				]
			}
		},
		{
			"type": "Feature",
			"geometry": {
				"type": "Point",
				"coordinates": [
					 131.016394,
					 34.082633
				]
			},
			"properties": {
				"name": "JA/YG-261(雄笠山)",
				"読み":"Ongasayama",
				"標高":"312m 1pt ",
				"GL":"PM54mb",
				"市郡区":"C#3302 ",
				"登山日":"",
				"メモ":"",
				"_markerType": "Icon",
				"_iconUrl": "https://maps.gsi.go.jp/portal/sys/v4/symbols/826.png",
				"_iconSize": [
					16,
					16
				],
				"_iconAnchor": [
					8,
					8
				]
			}
		},
		{
			"type": "Feature",
			"geometry": {
				"type": "Point",
				"coordinates": [
					 131.307371,
					 34.123405
				]
			},
			"properties": {
				"name": "JA/YG-262(岩郷山)",
				"読み":"Iwagouyama",
				"標高":"227m 1pt ",
				"GL":"PM54pc",
				"市郡区":"C#3303 ",
				"登山日":"",
				"メモ":"",
				"_markerType": "Icon",
				"_iconUrl": "https://maps.gsi.go.jp/portal/sys/v4/symbols/826.png",
				"_iconSize": [
					16,
					16
				],
				"_iconAnchor": [
					8,
					8
				]
			}
		}
	]
}
