{
	"type": "FeatureCollection",
	"features": [
		{
			"type": "Feature",
			"geometry": {
				"type": "Point",
				"coordinates": [
					 133.1151,
					 33.7678
				]
			},
			"properties": {
				"name": "JA5/EH-001(石鎚山(天狗岳))",
				"読み":"Ishiduchisan/Tengudake",
				"標高":"1982m 10pt ",
				"GL":"PM63ns",
				"市郡区":"C#3806 / G#38005F ",
				"登山日":"",
				"メモ":"",
				"_markerType": "Icon",
				"_iconUrl": "https://maps.gsi.go.jp/portal/sys/v4/symbols/101.png",
				"_iconSize": [
					16,
					16
				],
				"_iconAnchor": [
					8,
					8
				]
			}
		},
		{
			"type": "Feature",
			"geometry": {
				"type": "Point",
				"coordinates": [
					 133.375,
					 33.8751
				]
			},
			"properties": {
				"name": "JA5/EH-002(東赤石山)",
				"読み":"Higashiakaishiyama",
				"標高":"1706m 10pt ",
				"GL":"PM63qv",
				"市郡区":"C#3805 / C#3813 ",
				"登山日":"",
				"メモ":"",
				"_markerType": "Icon",
				"_iconUrl": "https://maps.gsi.go.jp/portal/sys/v4/symbols/101.png",
				"_iconSize": [
					16,
					16
				],
				"_iconAnchor": [
					8,
					8
				]
			}
		},
		{
			"type": "Feature",
			"geometry": {
				"type": "Point",
				"coordinates": [
					 133.2703,
					 33.8493
				]
			},
			"properties": {
				"name": "JA5/EH-003(沓掛山)",
				"読み":"Kutsukakeyama",
				"標高":"1691m 10pt ",
				"GL":"PM63pu",
				"市郡区":"C#3806 / C#3805 ",
				"登山日":"",
				"メモ":"",
				"_markerType": "Icon",
				"_iconUrl": "https://maps.gsi.go.jp/portal/sys/v4/symbols/101.png",
				"_iconSize": [
					16,
					16
				],
				"_iconAnchor": [
					8,
					8
				]
			}
		},
		{
			"type": "Feature",
			"geometry": {
				"type": "Point",
				"coordinates": [
					 133.4079,
					 33.8857
				]
			},
			"properties": {
				"name": "JA5/EH-004(エビラ山)",
				"読み":"Ebirayama",
				"標高":"1677m 10pt ",
				"GL":"PM63qv",
				"市郡区":"C#3805 ",
				"登山日":"",
				"メモ":"",
				"_markerType": "Icon",
				"_iconUrl": "https://maps.gsi.go.jp/portal/sys/v4/symbols/101.png",
				"_iconSize": [
					16,
					16
				],
				"_iconAnchor": [
					8,
					8
				]
			}
		},
		{
			"type": "Feature",
			"geometry": {
				"type": "Point",
				"coordinates": [
					 132.9225,
					 33.5555
				]
			},
			"properties": {
				"name": "JA5/EH-005(笠取山)",
				"読み":"Kasatoriyama",
				"標高":"1562m 10pt ",
				"GL":"PM63ln",
				"市郡区":"G#38005F / G#38006D ",
				"登山日":"",
				"メモ":"",
				"_markerType": "Icon",
				"_iconUrl": "https://maps.gsi.go.jp/portal/sys/v4/symbols/101.png",
				"_iconSize": [
					16,
					16
				],
				"_iconAnchor": [
					8,
					8
				]
			}
		},
		{
			"type": "Feature",
			"geometry": {
				"type": "Point",
				"coordinates": [
					 133.0467,
					 33.5755
				]
			},
			"properties": {
				"name": "JA5/EH-006(中津山(明神山))",
				"読み":"Nakatsusan(Myoujinsan)",
				"標高":"1541m 10pt ",
				"GL":"PM63mn",
				"市郡区":"G#38005F / G#39001G ",
				"登山日":"",
				"メモ":"",
				"_markerType": "Icon",
				"_iconUrl": "https://maps.gsi.go.jp/portal/sys/v4/symbols/101.png",
				"_iconSize": [
					16,
					16
				],
				"_iconAnchor": [
					8,
					8
				]
			}
		},
		{
			"type": "Feature",
			"geometry": {
				"type": "Point",
				"coordinates": [
					 133.32,
					 33.8539
				]
			},
			"properties": {
				"name": "JA5/EH-007(綱繰山)",
				"読み":"Tsunakuriyama",
				"標高":"1466m 8pt ",
				"GL":"PM63pu",
				"市郡区":"C#3805 ",
				"登山日":"",
				"メモ":"",
				"_markerType": "Icon",
				"_iconUrl": "https://maps.gsi.go.jp/portal/sys/v4/symbols/104.png",
				"_iconSize": [
					16,
					16
				],
				"_iconAnchor": [
					8,
					8
				]
			}
		},
		{
			"type": "Feature",
			"geometry": {
				"type": "Point",
				"coordinates": [
					 132.9846,
					 33.7338
				]
			},
			"properties": {
				"name": "JA5/EH-008(石墨山)",
				"読み":"Ishizumisan",
				"標高":"1457m 8pt ",
				"GL":"PM63lr",
				"市郡区":"G#38005F ",
				"登山日":"",
				"メモ":"",
				"_markerType": "Icon",
				"_iconUrl": "https://maps.gsi.go.jp/portal/sys/v4/symbols/104.png",
				"_iconSize": [
					16,
					16
				],
				"_iconAnchor": [
					8,
					8
				]
			}
		},
		{
			"type": "Feature",
			"geometry": {
				"type": "Point",
				"coordinates": [
					 133.4579,
					 33.9194
				]
			},
			"properties": {
				"name": "JA5/EH-009(赤星山)",
				"読み":"Akaboshiyama",
				"標高":"1453m 8pt ",
				"GL":"PM63rw",
				"市郡区":"C#3813 ",
				"登山日":"",
				"メモ":"",
				"_markerType": "Icon",
				"_iconUrl": "https://maps.gsi.go.jp/portal/sys/v4/symbols/104.png",
				"_iconSize": [
					16,
					16
				],
				"_iconAnchor": [
					8,
					8
				]
			}
		},
		{
			"type": "Feature",
			"geometry": {
				"type": "Point",
				"coordinates": [
					 132.8738,
					 33.4978
				]
			},
			"properties": {
				"name": "JA5/EH-010(点1383)",
				"読み":"P1383",
				"標高":"1383m 8pt ",
				"GL":"PM63kl",
				"市郡区":"C#3814 / G#38006D ",
				"登山日":"",
				"メモ":"",
				"_markerType": "Icon",
				"_iconUrl": "https://maps.gsi.go.jp/portal/sys/v4/symbols/104.png",
				"_iconSize": [
					16,
					16
				],
				"_iconAnchor": [
					8,
					8
				]
			}
		},
		{
			"type": "Feature",
			"geometry": {
				"type": "Point",
				"coordinates": [
					 133.0678,
					 33.8024
				]
			},
			"properties": {
				"name": "JA5/EH-011(三ヶ森)",
				"読み":"Mitsugamori",
				"標高":"1378m 8pt ",
				"GL":"PM63mt",
				"市郡区":"C#3806 ",
				"登山日":"",
				"メモ":"",
				"_markerType": "Icon",
				"_iconUrl": "https://maps.gsi.go.jp/portal/sys/v4/symbols/104.png",
				"_iconSize": [
					16,
					16
				],
				"_iconAnchor": [
					8,
					8
				]
			}
		},
		{
			"type": "Feature",
			"geometry": {
				"type": "Point",
				"coordinates": [
					 132.9534,
					 33.7337
				]
			},
			"properties": {
				"name": "JA5/EH-012(川内(三角点))",
				"読み":"Kawauchi",
				"標高":"1316m 8pt ",
				"GL":"PM63lr",
				"市郡区":"G#38005F / C#3815 ",
				"登山日":"",
				"メモ":"",
				"_markerType": "Icon",
				"_iconUrl": "https://maps.gsi.go.jp/portal/sys/v4/symbols/104.png",
				"_iconSize": [
					16,
					16
				],
				"_iconAnchor": [
					8,
					8
				]
			}
		},
		{
			"type": "Feature",
			"geometry": {
				"type": "Point",
				"coordinates": [
					 132.931,
					 33.73
				]
			},
			"properties": {
				"name": "JA5/EH-013(遅越(三角点))",
				"読み":"Osogoe",
				"標高":"1284m 8pt ",
				"GL":"PM63lr",
				"市郡区":"G#38005F / C#3815 ",
				"登山日":"",
				"メモ":"",
				"_markerType": "Icon",
				"_iconUrl": "https://maps.gsi.go.jp/portal/sys/v4/symbols/104.png",
				"_iconSize": [
					16,
					16
				],
				"_iconAnchor": [
					8,
					8
				]
			}
		},
		{
			"type": "Feature",
			"geometry": {
				"type": "Point",
				"coordinates": [
					 132.8683,
					 33.5547
				]
			},
			"properties": {
				"name": "JA5/EH-015(雨霧山)",
				"読み":"Amagiriyama",
				"標高":"1246m 8pt ",
				"GL":"PM63kn",
				"市郡区":"G#38006D ",
				"登山日":"",
				"メモ":"",
				"_markerType": "Icon",
				"_iconUrl": "https://maps.gsi.go.jp/portal/sys/v4/symbols/104.png",
				"_iconSize": [
					16,
					16
				],
				"_iconAnchor": [
					8,
					8
				]
			}
		},
		{
			"type": "Feature",
			"geometry": {
				"type": "Point",
				"coordinates": [
					 132.9597,
					 33.9028
				]
			},
			"properties": {
				"name": "JA5/EH-016(東三方ヶ森)",
				"読み":"Higashisanpougamori",
				"標高":"1233m 8pt ",
				"GL":"PM63lv",
				"市郡区":"C#3802 / C#3815 / C#3806",
				"登山日":"",
				"メモ":"",
				"_markerType": "Icon",
				"_iconUrl": "https://maps.gsi.go.jp/portal/sys/v4/symbols/104.png",
				"_iconSize": [
					16,
					16
				],
				"_iconAnchor": [
					8,
					8
				]
			}
		},
		{
			"type": "Feature",
			"geometry": {
				"type": "Point",
				"coordinates": [
					 132.6346,
					 33.2087
				]
			},
			"properties": {
				"name": "JA5/EH-017(高月山)",
				"読み":"Takatsukiyama",
				"標高":"1229m 8pt ",
				"GL":"PM63hf",
				"市郡区":"C#3803 / G#38007G ",
				"登山日":"",
				"メモ":"",
				"_markerType": "Icon",
				"_iconUrl": "https://maps.gsi.go.jp/portal/sys/v4/symbols/104.png",
				"_iconSize": [
					16,
					16
				],
				"_iconAnchor": [
					8,
					8
				]
			}
		},
		{
			"type": "Feature",
			"geometry": {
				"type": "Point",
				"coordinates": [
					 132.6354,
					 33.1883
				]
			},
			"properties": {
				"name": "JA5/EH-018(三本杭)",
				"読み":"Sanbongui",
				"標高":"1226m 8pt ",
				"GL":"PM63he",
				"市郡区":"C#3803 ",
				"登山日":"",
				"メモ":"",
				"_markerType": "Icon",
				"_iconUrl": "https://maps.gsi.go.jp/portal/sys/v4/symbols/104.png",
				"_iconSize": [
					16,
					16
				],
				"_iconAnchor": [
					8,
					8
				]
			}
		},
		{
			"type": "Feature",
			"geometry": {
				"type": "Point",
				"coordinates": [
					 132.8578,
					 33.6588
				]
			},
			"properties": {
				"name": "JA5/EH-019(桂ケ森)",
				"読み":"Katsuragamori",
				"標高":"1224m 8pt ",
				"GL":"PM63kp",
				"市郡区":"G#38005F ",
				"登山日":"",
				"メモ":"",
				"_markerType": "Icon",
				"_iconUrl": "https://maps.gsi.go.jp/portal/sys/v4/symbols/104.png",
				"_iconSize": [
					16,
					16
				],
				"_iconAnchor": [
					8,
					8
				]
			}
		},
		{
			"type": "Feature",
			"geometry": {
				"type": "Point",
				"coordinates": [
					 133.0392,
					 33.6583
				]
			},
			"properties": {
				"name": "JA5/EH-020(四辻ノ森)",
				"読み":"Yotsujinomori",
				"標高":"1202m 8pt ",
				"GL":"PM63mp",
				"市郡区":"G#38005F ",
				"登山日":"",
				"メモ":"",
				"_markerType": "Icon",
				"_iconUrl": "https://maps.gsi.go.jp/portal/sys/v4/symbols/104.png",
				"_iconSize": [
					16,
					16
				],
				"_iconAnchor": [
					8,
					8
				]
			}
		},
		{
			"type": "Feature",
			"geometry": {
				"type": "Point",
				"coordinates": [
					 133.154,
					 33.813
				]
			},
			"properties": {
				"name": "JA5/EH-021(二ノ岳)",
				"読み":"Ninodaki",
				"標高":"1156m 8pt ",
				"GL":"PM63nt",
				"市郡区":"C#3806 ",
				"登山日":"",
				"メモ":"",
				"_markerType": "Icon",
				"_iconUrl": "https://maps.gsi.go.jp/portal/sys/v4/symbols/104.png",
				"_iconSize": [
					16,
					16
				],
				"_iconAnchor": [
					8,
					8
				]
			}
		},
		{
			"type": "Feature",
			"geometry": {
				"type": "Point",
				"coordinates": [
					 132.8492,
					 33.6896
				]
			},
			"properties": {
				"name": "JA5/EH-022(黒森山)",
				"読み":"Kuromoriyama",
				"標高":"1154m 8pt ",
				"GL":"PM63kq",
				"市郡区":"G#38005F / C#3801 ",
				"登山日":"",
				"メモ":"",
				"_markerType": "Icon",
				"_iconUrl": "https://maps.gsi.go.jp/portal/sys/v4/symbols/104.png",
				"_iconSize": [
					16,
					16
				],
				"_iconAnchor": [
					8,
					8
				]
			}
		},
		{
			"type": "Feature",
			"geometry": {
				"type": "Point",
				"coordinates": [
					 132.8068,
					 33.4535
				]
			},
			"properties": {
				"name": "JA5/EH-023(雨包山)",
				"読み":"Amatsutsumiyama",
				"標高":"1112m 8pt ",
				"GL":"PM63jk",
				"市郡区":"C#3814 / G#39004J ",
				"登山日":"",
				"メモ":"",
				"_markerType": "Icon",
				"_iconUrl": "https://maps.gsi.go.jp/portal/sys/v4/symbols/104.png",
				"_iconSize": [
					16,
					16
				],
				"_iconAnchor": [
					8,
					8
				]
			}
		},
		{
			"type": "Feature",
			"geometry": {
				"type": "Point",
				"coordinates": [
					 132.8314,
					 33.6705
				]
			},
			"properties": {
				"name": "JA5/EH-024(点1070)",
				"読み":"P1070",
				"標高":"1070m 6pt ",
				"GL":"PM63jq",
				"市郡区":"G#38005F / G#38001C ",
				"登山日":"",
				"メモ":"",
				"_markerType": "Icon",
				"_iconUrl": "https://maps.gsi.go.jp/portal/sys/v4/symbols/103.png",
				"_iconSize": [
					16,
					16
				],
				"_iconAnchor": [
					8,
					8
				]
			}
		},
		{
			"type": "Feature",
			"geometry": {
				"type": "Point",
				"coordinates": [
					 132.6591,
					 33.0557
				]
			},
			"properties": {
				"name": "JA5/EH-025(篠山)",
				"読み":"Sasayama",
				"標高":"1065m 6pt ",
				"GL":"PM63hb",
				"市郡区":"G#38012F / C#3907 ",
				"登山日":"",
				"メモ":"",
				"_markerType": "Icon",
				"_iconUrl": "https://maps.gsi.go.jp/portal/sys/v4/symbols/103.png",
				"_iconSize": [
					16,
					16
				],
				"_iconAnchor": [
					8,
					8
				]
			}
		},
		{
			"type": "Feature",
			"geometry": {
				"type": "Point",
				"coordinates": [
					 133.6757,
					 33.9263
				]
			},
			"properties": {
				"name": "JA5/EH-026(塩塚峰)",
				"読み":"Shiozukamine",
				"標高":"1043m 6pt ",
				"GL":"PM63uw",
				"市郡区":"C#3813 / C#3708 ",
				"登山日":"",
				"メモ":"",
				"_markerType": "Icon",
				"_iconUrl": "https://maps.gsi.go.jp/portal/sys/v4/symbols/103.png",
				"_iconSize": [
					16,
					16
				],
				"_iconAnchor": [
					8,
					8
				]
			}
		},
		{
			"type": "Feature",
			"geometry": {
				"type": "Point",
				"coordinates": [
					 132.8501,
					 33.9458
				]
			},
			"properties": {
				"name": "JA5/EH-027(高縄山)",
				"読み":"Takanawasan",
				"標高":"993m 6pt ",
				"GL":"PM63kw",
				"市郡区":"C#3801 ",
				"登山日":"",
				"メモ":"",
				"_markerType": "Icon",
				"_iconUrl": "https://maps.gsi.go.jp/portal/sys/v4/symbols/103.png",
				"_iconSize": [
					16,
					16
				],
				"_iconAnchor": [
					8,
					8
				]
			}
		},
		{
			"type": "Feature",
			"geometry": {
				"type": "Point",
				"coordinates": [
					 133.0127,
					 33.8139
				]
			},
			"properties": {
				"name": "JA5/EH-028(面木山)",
				"読み":"Omogiyama",
				"標高":"989m 6pt ",
				"GL":"PM63mt",
				"市郡区":"C#3815 / C#3806 ",
				"登山日":"",
				"メモ":"",
				"_markerType": "Icon",
				"_iconUrl": "https://maps.gsi.go.jp/portal/sys/v4/symbols/103.png",
				"_iconSize": [
					16,
					16
				],
				"_iconAnchor": [
					8,
					8
				]
			}
		},
		{
			"type": "Feature",
			"geometry": {
				"type": "Point",
				"coordinates": [
					 132.8886,
					 33.9503
				]
			},
			"properties": {
				"name": "JA5/EH-029(北三方ケ森)",
				"読み":"Kitasanbougamori",
				"標高":"978m 6pt ",
				"GL":"PM63kw",
				"市郡区":"C#3802 / C#3801 ",
				"登山日":"",
				"メモ":"",
				"_markerType": "Icon",
				"_iconUrl": "https://maps.gsi.go.jp/portal/sys/v4/symbols/103.png",
				"_iconSize": [
					16,
					16
				],
				"_iconAnchor": [
					8,
					8
				]
			}
		},
		{
			"type": "Feature",
			"geometry": {
				"type": "Point",
				"coordinates": [
					 132.5546,
					 33.6056
				]
			},
			"properties": {
				"name": "JA5/EH-030(壺神山)",
				"読み":"Tsubogamiyama",
				"標高":"971m 6pt ",
				"GL":"PM63go",
				"市郡区":"C#3807 / C#3810 ",
				"登山日":"",
				"メモ":"",
				"_markerType": "Icon",
				"_iconUrl": "https://maps.gsi.go.jp/portal/sys/v4/symbols/103.png",
				"_iconSize": [
					16,
					16
				],
				"_iconAnchor": [
					8,
					8
				]
			}
		},
		{
			"type": "Feature",
			"geometry": {
				"type": "Point",
				"coordinates": [
					 132.7701,
					 33.2789
				]
			},
			"properties": {
				"name": "JA5/EH-031(戸祇御前山)",
				"読み":"Togigozenyama",
				"標高":"947m 6pt ",
				"GL":"PM63jg",
				"市郡区":"G#38007G ",
				"登山日":"",
				"メモ":"",
				"_markerType": "Icon",
				"_iconUrl": "https://maps.gsi.go.jp/portal/sys/v4/symbols/103.png",
				"_iconSize": [
					16,
					16
				],
				"_iconAnchor": [
					8,
					8
				]
			}
		},
		{
			"type": "Feature",
			"geometry": {
				"type": "Point",
				"coordinates": [
					 132.8361,
					 33.2944
				]
			},
			"properties": {
				"name": "JA5/EH-032(長山)",
				"読み":"Nagayama",
				"標高":"940m 6pt ",
				"GL":"PM63kh",
				"市郡区":"G#38007G ",
				"登山日":"",
				"メモ":"",
				"_markerType": "Icon",
				"_iconUrl": "https://maps.gsi.go.jp/portal/sys/v4/symbols/103.png",
				"_iconSize": [
					16,
					16
				],
				"_iconAnchor": [
					8,
					8
				]
			}
		},
		{
			"type": "Feature",
			"geometry": {
				"type": "Point",
				"coordinates": [
					 132.9293,
					 33.8411
				]
			},
			"properties": {
				"name": "JA5/EH-033(ヨソ山)",
				"読み":"Yosoyama",
				"標高":"928m 6pt ",
				"GL":"PM63lu",
				"市郡区":"C#3815 ",
				"登山日":"",
				"メモ":"",
				"_markerType": "Icon",
				"_iconUrl": "https://maps.gsi.go.jp/portal/sys/v4/symbols/103.png",
				"_iconSize": [
					16,
					16
				],
				"_iconAnchor": [
					8,
					8
				]
			}
		},
		{
			"type": "Feature",
			"geometry": {
				"type": "Point",
				"coordinates": [
					 132.9395,
					 33.6563
				]
			},
			"properties": {
				"name": "JA5/EH-034(西峰(三角点))",
				"読み":"P918",
				"標高":"918m 6pt ",
				"GL":"PM63lp",
				"市郡区":"G#38005F ",
				"登山日":"",
				"メモ":"",
				"_markerType": "Icon",
				"_iconUrl": "https://maps.gsi.go.jp/portal/sys/v4/symbols/103.png",
				"_iconSize": [
					16,
					16
				],
				"_iconAnchor": [
					8,
					8
				]
			}
		},
		{
			"type": "Feature",
			"geometry": {
				"type": "Point",
				"coordinates": [
					 132.7558,
					 33.344
				]
			},
			"properties": {
				"name": "JA5/EH-035(御在所山)",
				"読み":"Gozaishozan",
				"標高":"915m 6pt ",
				"GL":"PM63ji",
				"市郡区":"G#38007G / C#3814 ",
				"登山日":"",
				"メモ":"",
				"_markerType": "Icon",
				"_iconUrl": "https://maps.gsi.go.jp/portal/sys/v4/symbols/103.png",
				"_iconSize": [
					16,
					16
				],
				"_iconAnchor": [
					8,
					8
				]
			}
		},
		{
			"type": "Feature",
			"geometry": {
				"type": "Point",
				"coordinates": [
					 132.7609,
					 33.6859
				]
			},
			"properties": {
				"name": "JA5/EH-036(階上山)",
				"読み":"Hashikamiyama",
				"標高":"899m 6pt ",
				"GL":"PM63jq",
				"市郡区":"C#3810 ",
				"登山日":"",
				"メモ":"",
				"_markerType": "Icon",
				"_iconUrl": "https://maps.gsi.go.jp/portal/sys/v4/symbols/103.png",
				"_iconSize": [
					16,
					16
				],
				"_iconAnchor": [
					8,
					8
				]
			}
		},
		{
			"type": "Feature",
			"geometry": {
				"type": "Point",
				"coordinates": [
					 133.0344,
					 33.7014
				]
			},
			"properties": {
				"name": "JA5/EH-037(土泥(三角点))",
				"読み":"Todoro",
				"標高":"899m 6pt ",
				"GL":"PM63mq",
				"市郡区":"G#38005F ",
				"登山日":"",
				"メモ":"",
				"_markerType": "Icon",
				"_iconUrl": "https://maps.gsi.go.jp/portal/sys/v4/symbols/103.png",
				"_iconSize": [
					16,
					16
				],
				"_iconAnchor": [
					8,
					8
				]
			}
		},
		{
			"type": "Feature",
			"geometry": {
				"type": "Point",
				"coordinates": [
					 132.6415,
					 33.3273
				]
			},
			"properties": {
				"name": "JA5/EH-038(城ケ森(三角点))",
				"読み":"Jyougamori",
				"標高":"897m 6pt ",
				"GL":"PM63hh",
				"市郡区":"C#3814 / C#3803 ",
				"登山日":"",
				"メモ":"",
				"_markerType": "Icon",
				"_iconUrl": "https://maps.gsi.go.jp/portal/sys/v4/symbols/103.png",
				"_iconSize": [
					16,
					16
				],
				"_iconAnchor": [
					8,
					8
				]
			}
		},
		{
			"type": "Feature",
			"geometry": {
				"type": "Point",
				"coordinates": [
					 132.6492,
					 33.655
				]
			},
			"properties": {
				"name": "JA5/EH-039(牛ノ峯)",
				"読み":"Ushinomine",
				"標高":"896m 6pt ",
				"GL":"PM63hp",
				"市郡区":"C#3810 / G#38006D ",
				"登山日":"",
				"メモ":"",
				"_markerType": "Icon",
				"_iconUrl": "https://maps.gsi.go.jp/portal/sys/v4/symbols/103.png",
				"_iconSize": [
					16,
					16
				],
				"_iconAnchor": [
					8,
					8
				]
			}
		},
		{
			"type": "Feature",
			"geometry": {
				"type": "Point",
				"coordinates": [
					 132.7652,
					 33.7053
				]
			},
			"properties": {
				"name": "JA5/EH-040(障子山)",
				"読み":"Shoujiyama",
				"標高":"885m 6pt ",
				"GL":"PM63jq",
				"市郡区":"C#3810 / G#38001C ",
				"登山日":"",
				"メモ":"",
				"_markerType": "Icon",
				"_iconUrl": "https://maps.gsi.go.jp/portal/sys/v4/symbols/103.png",
				"_iconSize": [
					16,
					16
				],
				"_iconAnchor": [
					8,
					8
				]
			}
		},
		{
			"type": "Feature",
			"geometry": {
				"type": "Point",
				"coordinates": [
					 132.9579,
					 33.6447
				]
			},
			"properties": {
				"name": "JA5/EH-041(黒川(三角点))",
				"読み":"Kurokawa",
				"標高":"880m 6pt ",
				"GL":"PM63lp",
				"市郡区":"G#38005F ",
				"登山日":"",
				"メモ":"",
				"_markerType": "Icon",
				"_iconUrl": "https://maps.gsi.go.jp/portal/sys/v4/symbols/103.png",
				"_iconSize": [
					16,
					16
				],
				"_iconAnchor": [
					8,
					8
				]
			}
		},
		{
			"type": "Feature",
			"geometry": {
				"type": "Point",
				"coordinates": [
					 132.7269,
					 33.6622
				]
			},
			"properties": {
				"name": "JA5/EH-042(奏皇山)",
				"読み":"Shinkouzan",
				"標高":"874m 6pt ",
				"GL":"PM63ip",
				"市郡区":"C#3810 ",
				"登山日":"",
				"メモ":"",
				"_markerType": "Icon",
				"_iconUrl": "https://maps.gsi.go.jp/portal/sys/v4/symbols/103.png",
				"_iconSize": [
					16,
					16
				],
				"_iconAnchor": [
					8,
					8
				]
			}
		},
		{
			"type": "Feature",
			"geometry": {
				"type": "Point",
				"coordinates": [
					 132.7627,
					 33.6456
				]
			},
			"properties": {
				"name": "JA5/EH-043(蒲山)",
				"読み":"Kabayama",
				"標高":"874m 6pt ",
				"GL":"PM63jp",
				"市郡区":"G#38001C / C#3810 ",
				"登山日":"",
				"メモ":"",
				"_markerType": "Icon",
				"_iconUrl": "https://maps.gsi.go.jp/portal/sys/v4/symbols/103.png",
				"_iconSize": [
					16,
					16
				],
				"_iconAnchor": [
					8,
					8
				]
			}
		},
		{
			"type": "Feature",
			"geometry": {
				"type": "Point",
				"coordinates": [
					 132.8816,
					 33.8718
				]
			},
			"properties": {
				"name": "JA5/EH-044(東山(三角点))",
				"読み":"Higashiyama",
				"標高":"864m 6pt ",
				"GL":"PM63ku",
				"市郡区":"C#3801 / C#3815 ",
				"登山日":"",
				"メモ":"",
				"_markerType": "Icon",
				"_iconUrl": "https://maps.gsi.go.jp/portal/sys/v4/symbols/103.png",
				"_iconSize": [
					16,
					16
				],
				"_iconAnchor": [
					8,
					8
				]
			}
		},
		{
			"type": "Feature",
			"geometry": {
				"type": "Point",
				"coordinates": [
					 132.9971,
					 33.6721
				]
			},
			"properties": {
				"name": "JA5/EH-045(点861)",
				"読み":"P861",
				"標高":"861m 6pt ",
				"GL":"PM63lq",
				"市郡区":"G#38005F ",
				"登山日":"",
				"メモ":"",
				"_markerType": "Icon",
				"_iconUrl": "https://maps.gsi.go.jp/portal/sys/v4/symbols/103.png",
				"_iconSize": [
					16,
					16
				],
				"_iconAnchor": [
					8,
					8
				]
			}
		},
		{
			"type": "Feature",
			"geometry": {
				"type": "Point",
				"coordinates": [
					 132.7782,
					 33.6297
				]
			},
			"properties": {
				"name": "JA5/EH-046(コクゾ峰)",
				"読み":"Kokuzomine",
				"標高":"825m 4pt ",
				"GL":"PM63jp",
				"市郡区":"G#38001C ",
				"登山日":"",
				"メモ":"",
				"_markerType": "Icon",
				"_iconUrl": "https://maps.gsi.go.jp/portal/sys/v4/symbols/828.png",
				"_iconSize": [
					16,
					16
				],
				"_iconAnchor": [
					8,
					8
				]
			}
		},
		{
			"type": "Feature",
			"geometry": {
				"type": "Point",
				"coordinates": [
					 132.6146,
					 33.6046
				]
			},
			"properties": {
				"name": "JA5/EH-047(草屋敷)",
				"読み":"Kusayashiki",
				"標高":"825m 4pt ",
				"GL":"PM63ho",
				"市郡区":"C#3807 / G#38006D ",
				"登山日":"",
				"メモ":"",
				"_markerType": "Icon",
				"_iconUrl": "https://maps.gsi.go.jp/portal/sys/v4/symbols/828.png",
				"_iconSize": [
					16,
					16
				],
				"_iconAnchor": [
					8,
					8
				]
			}
		},
		{
			"type": "Feature",
			"geometry": {
				"type": "Point",
				"coordinates": [
					 133.0002,
					 33.6544
				]
			},
			"properties": {
				"name": "JA5/EH-048(七鳥(三角点))",
				"読み":"Near_Nanatori",
				"標高":"820m 4pt ",
				"GL":"PM63mp",
				"市郡区":"G#38005F ",
				"登山日":"",
				"メモ":"",
				"_markerType": "Icon",
				"_iconUrl": "https://maps.gsi.go.jp/portal/sys/v4/symbols/828.png",
				"_iconSize": [
					16,
					16
				],
				"_iconAnchor": [
					8,
					8
				]
			}
		},
		{
			"type": "Feature",
			"geometry": {
				"type": "Point",
				"coordinates": [
					 132.6031,
					 33.0856
				]
			},
			"properties": {
				"name": "JA5/EH-049(槙川(三角点))",
				"読み":"Makikawa",
				"標高":"820m 4pt ",
				"GL":"PM63hc",
				"市郡区":"C#3803 ",
				"登山日":"",
				"メモ":"",
				"_markerType": "Icon",
				"_iconUrl": "https://maps.gsi.go.jp/portal/sys/v4/symbols/828.png",
				"_iconSize": [
					16,
					16
				],
				"_iconAnchor": [
					8,
					8
				]
			}
		},
		{
			"type": "Feature",
			"geometry": {
				"type": "Point",
				"coordinates": [
					 133.6134,
					 33.9339
				]
			},
			"properties": {
				"name": "JA5/EH-050(馬立(三角点))",
				"読み":"Madate",
				"標高":"819m 4pt ",
				"GL":"PM63tw",
				"市郡区":"C#3813 ",
				"登山日":"",
				"メモ":"",
				"_markerType": "Icon",
				"_iconUrl": "https://maps.gsi.go.jp/portal/sys/v4/symbols/828.png",
				"_iconSize": [
					16,
					16
				],
				"_iconAnchor": [
					8,
					8
				]
			}
		},
		{
			"type": "Feature",
			"geometry": {
				"type": "Point",
				"coordinates": [
					 132.4652,
					 33.5349
				]
			},
			"properties": {
				"name": "JA5/EH-052(出石山)",
				"読み":"Izushiyama",
				"標高":"812m 4pt ",
				"GL":"PM63fm",
				"市郡区":"C#3807 / C#3804 ",
				"登山日":"",
				"メモ":"",
				"_markerType": "Icon",
				"_iconUrl": "https://maps.gsi.go.jp/portal/sys/v4/symbols/828.png",
				"_iconSize": [
					16,
					16
				],
				"_iconAnchor": [
					8,
					8
				]
			}
		},
		{
			"type": "Feature",
			"geometry": {
				"type": "Point",
				"coordinates": [
					 132.553,
					 33.4235
				]
			},
			"properties": {
				"name": "JA5/EH-053(大野山)",
				"読み":"Oonosan",
				"標高":"800m 4pt ",
				"GL":"PM63gk",
				"市郡区":"C#3814 ",
				"登山日":"",
				"メモ":"",
				"_markerType": "Icon",
				"_iconUrl": "https://maps.gsi.go.jp/portal/sys/v4/symbols/828.png",
				"_iconSize": [
					16,
					16
				],
				"_iconAnchor": [
					8,
					8
				]
			}
		},
		{
			"type": "Feature",
			"geometry": {
				"type": "Point",
				"coordinates": [
					 132.5324,
					 33.0343
				]
			},
			"properties": {
				"name": "JA5/EH-054(観音岳)",
				"読み":"Kannondake",
				"標高":"783m 4pt ",
				"GL":"PM63ga",
				"市郡区":"G#38012F ",
				"登山日":"",
				"メモ":"",
				"_markerType": "Icon",
				"_iconUrl": "https://maps.gsi.go.jp/portal/sys/v4/symbols/828.png",
				"_iconSize": [
					16,
					16
				],
				"_iconAnchor": [
					8,
					8
				]
			}
		},
		{
			"type": "Feature",
			"geometry": {
				"type": "Point",
				"coordinates": [
					 132.9319,
					 33.6366
				]
			},
			"properties": {
				"name": "JA5/EH-055(点774)",
				"読み":"P774",
				"標高":"774m 4pt ",
				"GL":"PM63lp",
				"市郡区":"G#38005F ",
				"登山日":"",
				"メモ":"",
				"_markerType": "Icon",
				"_iconUrl": "https://maps.gsi.go.jp/portal/sys/v4/symbols/828.png",
				"_iconSize": [
					16,
					16
				],
				"_iconAnchor": [
					8,
					8
				]
			}
		},
		{
			"type": "Feature",
			"geometry": {
				"type": "Point",
				"coordinates": [
					 132.4288,
					 33.5225
				]
			},
			"properties": {
				"name": "JA5/EH-056(銅が鳴)",
				"読み":"Douganaru",
				"標高":"767m 4pt ",
				"GL":"PM63fm",
				"市郡区":"C#3804 ",
				"登山日":"",
				"メモ":"",
				"_markerType": "Icon",
				"_iconUrl": "https://maps.gsi.go.jp/portal/sys/v4/symbols/828.png",
				"_iconSize": [
					16,
					16
				],
				"_iconAnchor": [
					8,
					8
				]
			}
		},
		{
			"type": "Feature",
			"geometry": {
				"type": "Point",
				"coordinates": [
					 132.6072,
					 33.2596
				]
			},
			"properties": {
				"name": "JA5/EH-057(泉が森)",
				"読み":"Izumigamori",
				"標高":"755m 4pt ",
				"GL":"PM63hg",
				"市郡区":"C#3803 / G#38007G ",
				"登山日":"",
				"メモ":"",
				"_markerType": "Icon",
				"_iconUrl": "https://maps.gsi.go.jp/portal/sys/v4/symbols/828.png",
				"_iconSize": [
					16,
					16
				],
				"_iconAnchor": [
					8,
					8
				]
			}
		},
		{
			"type": "Feature",
			"geometry": {
				"type": "Point",
				"coordinates": [
					 132.7663,
					 33.6073
				]
			},
			"properties": {
				"name": "JA5/EH-058(別府峠(三角点))",
				"読み":"Bepputouge",
				"標高":"748m 4pt ",
				"GL":"PM63jo",
				"市郡区":"G#38006D / G#38001C ",
				"登山日":"",
				"メモ":"",
				"_markerType": "Icon",
				"_iconUrl": "https://maps.gsi.go.jp/portal/sys/v4/symbols/828.png",
				"_iconSize": [
					16,
					16
				],
				"_iconAnchor": [
					8,
					8
				]
			}
		},
		{
			"type": "Feature",
			"geometry": {
				"type": "Point",
				"coordinates": [
					 132.6106,
					 33.639
				]
			},
			"properties": {
				"name": "JA5/EH-059(黒山)",
				"読み":"Kuroyama",
				"標高":"730m 4pt ",
				"GL":"PM63hp",
				"市郡区":"G#38006D / C#3810 ",
				"登山日":"",
				"メモ":"",
				"_markerType": "Icon",
				"_iconUrl": "https://maps.gsi.go.jp/portal/sys/v4/symbols/828.png",
				"_iconSize": [
					16,
					16
				],
				"_iconAnchor": [
					8,
					8
				]
			}
		},
		{
			"type": "Feature",
			"geometry": {
				"type": "Point",
				"coordinates": [
					 132.7936,
					 33.6812
				]
			},
			"properties": {
				"name": "JA5/EH-060(水梨山)",
				"読み":"Mizunashiyama",
				"標高":"729m 4pt ",
				"GL":"PM63jq",
				"市郡区":"G#38001C ",
				"登山日":"",
				"メモ":"",
				"_markerType": "Icon",
				"_iconUrl": "https://maps.gsi.go.jp/portal/sys/v4/symbols/828.png",
				"_iconSize": [
					16,
					16
				],
				"_iconAnchor": [
					8,
					8
				]
			}
		},
		{
			"type": "Feature",
			"geometry": {
				"type": "Point",
				"coordinates": [
					 132.7605,
					 33.2613
				]
			},
			"properties": {
				"name": "JA5/EH-061(遊鶴羽(三角点))",
				"読み":"Yuzuriha",
				"標高":"724m 4pt ",
				"GL":"PM63jg",
				"市郡区":"G#38007G / G#38007F ",
				"登山日":"",
				"メモ":"",
				"_markerType": "Icon",
				"_iconUrl": "https://maps.gsi.go.jp/portal/sys/v4/symbols/828.png",
				"_iconSize": [
					16,
					16
				],
				"_iconAnchor": [
					8,
					8
				]
			}
		},
		{
			"type": "Feature",
			"geometry": {
				"type": "Point",
				"coordinates": [
					 132.6329,
					 33.5174
				]
			},
			"properties": {
				"name": "JA5/EH-062(神南山)",
				"読み":"Kannanzan",
				"標高":"710m 4pt ",
				"GL":"PM63hm",
				"市郡区":"G#38006D / C#3807 ",
				"登山日":"",
				"メモ":"",
				"_markerType": "Icon",
				"_iconUrl": "https://maps.gsi.go.jp/portal/sys/v4/symbols/828.png",
				"_iconSize": [
					16,
					16
				],
				"_iconAnchor": [
					8,
					8
				]
			}
		},
		{
			"type": "Feature",
			"geometry": {
				"type": "Point",
				"coordinates": [
					 132.6895,
					 33.6545
				]
			},
			"properties": {
				"name": "JA5/EH-063(黒岩岳)",
				"読み":"Kuroiwadake",
				"標高":"699m 4pt ",
				"GL":"PM63ip",
				"市郡区":"C#3810 ",
				"登山日":"",
				"メモ":"",
				"_markerType": "Icon",
				"_iconUrl": "https://maps.gsi.go.jp/portal/sys/v4/symbols/828.png",
				"_iconSize": [
					16,
					16
				],
				"_iconAnchor": [
					8,
					8
				]
			}
		},
		{
			"type": "Feature",
			"geometry": {
				"type": "Point",
				"coordinates": [
					 132.5986,
					 33.4382
				]
			},
			"properties": {
				"name": "JA5/EH-064(大壷(三角点))",
				"読み":"Ootsubo",
				"標高":"681m 4pt ",
				"GL":"PM63hk",
				"市郡区":"C#3807 / C#3814 ",
				"登山日":"",
				"メモ":"",
				"_markerType": "Icon",
				"_iconUrl": "https://maps.gsi.go.jp/portal/sys/v4/symbols/828.png",
				"_iconSize": [
					16,
					16
				],
				"_iconAnchor": [
					8,
					8
				]
			}
		},
		{
			"type": "Feature",
			"geometry": {
				"type": "Point",
				"coordinates": [
					 132.6537,
					 33.6203
				]
			},
			"properties": {
				"name": "JA5/EH-065(点680(舩ヶ迫岳近傍))",
				"読み":"P680",
				"標高":"680m 4pt ",
				"GL":"PM63ho",
				"市郡区":"G#38006D / C#3810 ",
				"登山日":"",
				"メモ":"",
				"_markerType": "Icon",
				"_iconUrl": "https://maps.gsi.go.jp/portal/sys/v4/symbols/828.png",
				"_iconSize": [
					16,
					16
				],
				"_iconAnchor": [
					8,
					8
				]
			}
		},
		{
			"type": "Feature",
			"geometry": {
				"type": "Point",
				"coordinates": [
					 132.5155,
					 33.6062
				]
			},
			"properties": {
				"name": "JA5/EH-066(足山)",
				"読み":"Ashiyama",
				"標高":"675m 4pt ",
				"GL":"PM63go",
				"市郡区":"C#3807 ",
				"登山日":"",
				"メモ":"",
				"_markerType": "Icon",
				"_iconUrl": "https://maps.gsi.go.jp/portal/sys/v4/symbols/828.png",
				"_iconSize": [
					16,
					16
				],
				"_iconAnchor": [
					8,
					8
				]
			}
		},
		{
			"type": "Feature",
			"geometry": {
				"type": "Point",
				"coordinates": [
					 132.6969,
					 33.1896
				]
			},
			"properties": {
				"name": "JA5/EH-067(目黒(三角点))",
				"読み":"Meguro",
				"標高":"674m 4pt ",
				"GL":"PM63ie",
				"市郡区":"G#38007F ",
				"登山日":"",
				"メモ":"",
				"_markerType": "Icon",
				"_iconUrl": "https://maps.gsi.go.jp/portal/sys/v4/symbols/828.png",
				"_iconSize": [
					16,
					16
				],
				"_iconAnchor": [
					8,
					8
				]
			}
		},
		{
			"type": "Feature",
			"geometry": {
				"type": "Point",
				"coordinates": [
					 132.6334,
					 33.4375
				]
			},
			"properties": {
				"name": "JA5/EH-068(御在所山)",
				"読み":"Gozaisyoyama",
				"標高":"669m 4pt ",
				"GL":"PM63hk",
				"市郡区":"C#3807 / C#3814 ",
				"登山日":"",
				"メモ":"",
				"_markerType": "Icon",
				"_iconUrl": "https://maps.gsi.go.jp/portal/sys/v4/symbols/828.png",
				"_iconSize": [
					16,
					16
				],
				"_iconAnchor": [
					8,
					8
				]
			}
		},
		{
			"type": "Feature",
			"geometry": {
				"type": "Point",
				"coordinates": [
					 132.8443,
					 33.865
				]
			},
			"properties": {
				"name": "JA5/EH-069(杉立(三角点))",
				"読み":"Sugidachi",
				"標高":"669m 4pt ",
				"GL":"PM63ku",
				"市郡区":"C#3801 ",
				"登山日":"",
				"メモ":"",
				"_markerType": "Icon",
				"_iconUrl": "https://maps.gsi.go.jp/portal/sys/v4/symbols/828.png",
				"_iconSize": [
					16,
					16
				],
				"_iconAnchor": [
					8,
					8
				]
			}
		},
		{
			"type": "Feature",
			"geometry": {
				"type": "Point",
				"coordinates": [
					 132.484,
					 33.433
				]
			},
			"properties": {
				"name": "JA5/EH-070(大畑山)",
				"読み":"Oohatayama",
				"標高":"650m 4pt ",
				"GL":"PM63fk",
				"市郡区":"C#3814 / C#3804 ",
				"登山日":"",
				"メモ":"",
				"_markerType": "Icon",
				"_iconUrl": "https://maps.gsi.go.jp/portal/sys/v4/symbols/828.png",
				"_iconSize": [
					16,
					16
				],
				"_iconAnchor": [
					8,
					8
				]
			}
		},
		{
			"type": "Feature",
			"geometry": {
				"type": "Point",
				"coordinates": [
					 132.4492,
					 33.4887
				]
			},
			"properties": {
				"name": "JA5/EH-071(点649)",
				"読み":"P649",
				"標高":"649m 2pt ",
				"GL":"PM63fl",
				"市郡区":"C#3804 ",
				"登山日":"",
				"メモ":"",
				"_markerType": "Icon",
				"_iconUrl": "https://maps.gsi.go.jp/portal/sys/v4/symbols/102.png",
				"_iconSize": [
					16,
					16
				],
				"_iconAnchor": [
					8,
					8
				]
			}
		},
		{
			"type": "Feature",
			"geometry": {
				"type": "Point",
				"coordinates": [
					 132.6832,
					 33.6989
				]
			},
			"properties": {
				"name": "JA5/EH-072(明神山)",
				"読み":"Myoujinsan",
				"標高":"635m 2pt ",
				"GL":"PM63iq",
				"市郡区":"C#3810 ",
				"登山日":"",
				"メモ":"",
				"_markerType": "Icon",
				"_iconUrl": "https://maps.gsi.go.jp/portal/sys/v4/symbols/102.png",
				"_iconSize": [
					16,
					16
				],
				"_iconAnchor": [
					8,
					8
				]
			}
		},
		{
			"type": "Feature",
			"geometry": {
				"type": "Point",
				"coordinates": [
					 132.5266,
					 33.4243
				]
			},
			"properties": {
				"name": "JA5/EH-073(文後田(三角点))",
				"読み":"Bungoda",
				"標高":"620m 2pt ",
				"GL":"PM63gk",
				"市郡区":"C#3814 ",
				"登山日":"",
				"メモ":"",
				"_markerType": "Icon",
				"_iconUrl": "https://maps.gsi.go.jp/portal/sys/v4/symbols/102.png",
				"_iconSize": [
					16,
					16
				],
				"_iconAnchor": [
					8,
					8
				]
			}
		},
		{
			"type": "Feature",
			"geometry": {
				"type": "Point",
				"coordinates": [
					 132.5943,
					 33.1081
				]
			},
			"properties": {
				"name": "JA5/EH-074(若山(三角点))",
				"読み":"Wakayama",
				"標高":"616m 2pt ",
				"GL":"PM63hc",
				"市郡区":"C#3803 ",
				"登山日":"",
				"メモ":"",
				"_markerType": "Icon",
				"_iconUrl": "https://maps.gsi.go.jp/portal/sys/v4/symbols/102.png",
				"_iconSize": [
					16,
					16
				],
				"_iconAnchor": [
					8,
					8
				]
			}
		},
		{
			"type": "Feature",
			"geometry": {
				"type": "Point",
				"coordinates": [
					 133.6444,
					 34.0278
				]
			},
			"properties": {
				"name": "JA5/EH-075(金見山)",
				"読み":"Kanamiyama",
				"標高":"596m 2pt ",
				"GL":"PM64ta",
				"市郡区":"C#3813 / C#3605 ",
				"登山日":"",
				"メモ":"",
				"_markerType": "Icon",
				"_iconUrl": "https://maps.gsi.go.jp/portal/sys/v4/symbols/102.png",
				"_iconSize": [
					16,
					16
				],
				"_iconAnchor": [
					8,
					8
				]
			}
		},
		{
			"type": "Feature",
			"geometry": {
				"type": "Point",
				"coordinates": [
					 132.4528,
					 33.3654
				]
			},
			"properties": {
				"name": "JA5/EH-076(堂所山)",
				"読み":"Dousyoyama",
				"標高":"593m 2pt ",
				"GL":"PM63fi",
				"市郡区":"C#3814 ",
				"登山日":"",
				"メモ":"",
				"_markerType": "Icon",
				"_iconUrl": "https://maps.gsi.go.jp/portal/sys/v4/symbols/102.png",
				"_iconSize": [
					16,
					16
				],
				"_iconAnchor": [
					8,
					8
				]
			}
		},
		{
			"type": "Feature",
			"geometry": {
				"type": "Point",
				"coordinates": [
					 132.5175,
					 33.3845
				]
			},
			"properties": {
				"name": "JA5/EH-077(烏殿)",
				"読み":"Karasuden",
				"標高":"589m 2pt ",
				"GL":"PM63gj",
				"市郡区":"C#3814 ",
				"登山日":"",
				"メモ":"",
				"_markerType": "Icon",
				"_iconUrl": "https://maps.gsi.go.jp/portal/sys/v4/symbols/102.png",
				"_iconSize": [
					16,
					16
				],
				"_iconAnchor": [
					8,
					8
				]
			}
		},
		{
			"type": "Feature",
			"geometry": {
				"type": "Point",
				"coordinates": [
					 132.8272,
					 33.8925
				]
			},
			"properties": {
				"name": "JA5/EH-078(柳(三角点))",
				"読み":"Yanagi",
				"標高":"514m 2pt ",
				"GL":"PM63jv",
				"市郡区":"C#3801 ",
				"登山日":"",
				"メモ":"",
				"_markerType": "Icon",
				"_iconUrl": "https://maps.gsi.go.jp/portal/sys/v4/symbols/102.png",
				"_iconSize": [
					16,
					16
				],
				"_iconAnchor": [
					8,
					8
				]
			}
		},
		{
			"type": "Feature",
			"geometry": {
				"type": "Point",
				"coordinates": [
					 132.9853,
					 33.9908
				]
			},
			"properties": {
				"name": "JA5/EH-079(古谷(三角点))",
				"読み":"Furuya",
				"標高":"510m 2pt ",
				"GL":"PM63lx",
				"市郡区":"C#3802 ",
				"登山日":"",
				"メモ":"",
				"_markerType": "Icon",
				"_iconUrl": "https://maps.gsi.go.jp/portal/sys/v4/symbols/102.png",
				"_iconSize": [
					16,
					16
				],
				"_iconAnchor": [
					8,
					8
				]
			}
		},
		{
			"type": "Feature",
			"geometry": {
				"type": "Point",
				"coordinates": [
					 132.382,
					 33.5111
				]
			},
			"properties": {
				"name": "JA5/EH-080(雨乞山)",
				"読み":"Amagoiyama",
				"標高":"499m 1pt ",
				"GL":"PM63em",
				"市郡区":"C#3804 ",
				"登山日":"",
				"メモ":"",
				"_markerType": "Icon",
				"_iconUrl": "https://maps.gsi.go.jp/portal/sys/v4/symbols/826.png",
				"_iconSize": [
					16,
					16
				],
				"_iconAnchor": [
					8,
					8
				]
			}
		},
		{
			"type": "Feature",
			"geometry": {
				"type": "Point",
				"coordinates": [
					 132.6848,
					 33.3787
				]
			},
			"properties": {
				"name": "JA5/EH-081(堂ノ坂(三角点))",
				"読み":"Dounosaka",
				"標高":"498m 1pt ",
				"GL":"PM63ij",
				"市郡区":"C#3814 ",
				"登山日":"",
				"メモ":"",
				"_markerType": "Icon",
				"_iconUrl": "https://maps.gsi.go.jp/portal/sys/v4/symbols/826.png",
				"_iconSize": [
					16,
					16
				],
				"_iconAnchor": [
					8,
					8
				]
			}
		},
		{
			"type": "Feature",
			"geometry": {
				"type": "Point",
				"coordinates": [
					 132.4857,
					 32.9256
				]
			},
			"properties": {
				"name": "JA5/EH-082(権現山)",
				"読み":"Gongenyama",
				"標高":"491m 1pt ",
				"GL":"PM62fw",
				"市郡区":"G#38012F ",
				"登山日":"",
				"メモ":"",
				"_markerType": "Icon",
				"_iconUrl": "https://maps.gsi.go.jp/portal/sys/v4/symbols/826.png",
				"_iconSize": [
					16,
					16
				],
				"_iconAnchor": [
					8,
					8
				]
			}
		},
		{
			"type": "Feature",
			"geometry": {
				"type": "Point",
				"coordinates": [
					 132.4679,
					 33.1591
				]
			},
			"properties": {
				"name": "JA5/EH-083(権現山)",
				"読み":"Gongenyama",
				"標高":"490m 1pt ",
				"GL":"PM63fd",
				"市郡区":"C#3803 ",
				"登山日":"",
				"メモ":"",
				"_markerType": "Icon",
				"_iconUrl": "https://maps.gsi.go.jp/portal/sys/v4/symbols/826.png",
				"_iconSize": [
					16,
					16
				],
				"_iconAnchor": [
					8,
					8
				]
			}
		},
		{
			"type": "Feature",
			"geometry": {
				"type": "Point",
				"coordinates": [
					 132.5595,
					 33.1538
				]
			},
			"properties": {
				"name": "JA5/EH-084(祝森(三角点))",
				"読み":"Iwaimori",
				"標高":"468m 1pt ",
				"GL":"PM63gd",
				"市郡区":"C#3803 ",
				"登山日":"",
				"メモ":"",
				"_markerType": "Icon",
				"_iconUrl": "https://maps.gsi.go.jp/portal/sys/v4/symbols/826.png",
				"_iconSize": [
					16,
					16
				],
				"_iconAnchor": [
					8,
					8
				]
			}
		},
		{
			"type": "Feature",
			"geometry": {
				"type": "Point",
				"coordinates": [
					 132.7086,
					 33.4258
				]
			},
			"properties": {
				"name": "JA5/EH-085(竜王山)",
				"読み":"Ryuouzan",
				"標高":"460m 1pt ",
				"GL":"PM63ik",
				"市郡区":"C#3807 / C#3814 ",
				"登山日":"",
				"メモ":"",
				"_markerType": "Icon",
				"_iconUrl": "https://maps.gsi.go.jp/portal/sys/v4/symbols/826.png",
				"_iconSize": [
					16,
					16
				],
				"_iconAnchor": [
					8,
					8
				]
			}
		},
		{
			"type": "Feature",
			"geometry": {
				"type": "Point",
				"coordinates": [
					 132.4785,
					 33.5943
				]
			},
			"properties": {
				"name": "JA5/EH-086(斎藤山)",
				"読み":"Saitouyama",
				"標高":"459m 1pt ",
				"GL":"PM63fo",
				"市郡区":"C#3807 ",
				"登山日":"",
				"メモ":"",
				"_markerType": "Icon",
				"_iconUrl": "https://maps.gsi.go.jp/portal/sys/v4/symbols/826.png",
				"_iconSize": [
					16,
					16
				],
				"_iconAnchor": [
					8,
					8
				]
			}
		},
		{
			"type": "Feature",
			"geometry": {
				"type": "Point",
				"coordinates": [
					 132.7047,
					 33.2695
				]
			},
			"properties": {
				"name": "JA5/EH-087(山ノ神(三角点))",
				"読み":"Yamanokami",
				"標高":"445m 1pt ",
				"GL":"PM63ig",
				"市郡区":"G#38007G ",
				"登山日":"",
				"メモ":"",
				"_markerType": "Icon",
				"_iconUrl": "https://maps.gsi.go.jp/portal/sys/v4/symbols/826.png",
				"_iconSize": [
					16,
					16
				],
				"_iconAnchor": [
					8,
					8
				]
			}
		},
		{
			"type": "Feature",
			"geometry": {
				"type": "Point",
				"coordinates": [
					 132.5565,
					 33.2534
				]
			},
			"properties": {
				"name": "JA5/EH-088(槇ノ山)",
				"読み":"Makinoyama",
				"標高":"439m 1pt ",
				"GL":"PM63gg",
				"市郡区":"C#3803 ",
				"登山日":"",
				"メモ":"",
				"_markerType": "Icon",
				"_iconUrl": "https://maps.gsi.go.jp/portal/sys/v4/symbols/826.png",
				"_iconSize": [
					16,
					16
				],
				"_iconAnchor": [
					8,
					8
				]
			}
		},
		{
			"type": "Feature",
			"geometry": {
				"type": "Point",
				"coordinates": [
					 133.0214,
					 34.2391
				]
			},
			"properties": {
				"name": "JA5/EH-089(鷲ヶ頭山)",
				"読み":"Washigatouzan",
				"標高":"436m 1pt ",
				"GL":"PM64mf",
				"市郡区":"C#3802 ",
				"登山日":"",
				"メモ":"",
				"_markerType": "Icon",
				"_iconUrl": "https://maps.gsi.go.jp/portal/sys/v4/symbols/826.png",
				"_iconSize": [
					16,
					16
				],
				"_iconAnchor": [
					8,
					8
				]
			}
		},
		{
			"type": "Feature",
			"geometry": {
				"type": "Point",
				"coordinates": [
					 132.9687,
					 34.2036
				]
			},
			"properties": {
				"name": "JA5/EH-090(薬師山)",
				"読み":"Yakushiyama",
				"標高":"435m 1pt ",
				"GL":"PM64le",
				"市郡区":"C#3802 ",
				"登山日":"",
				"メモ":"",
				"_markerType": "Icon",
				"_iconUrl": "https://maps.gsi.go.jp/portal/sys/v4/symbols/826.png",
				"_iconSize": [
					16,
					16
				],
				"_iconAnchor": [
					8,
					8
				]
			}
		},
		{
			"type": "Feature",
			"geometry": {
				"type": "Point",
				"coordinates": [
					 132.4279,
					 33.4268
				]
			},
			"properties": {
				"name": "JA5/EH-091(雨乞山(三角点))",
				"読み":"Amagoiyama",
				"標高":"424m 1pt ",
				"GL":"PM63fk",
				"市郡区":"C#3804 ",
				"登山日":"",
				"メモ":"",
				"_markerType": "Icon",
				"_iconUrl": "https://maps.gsi.go.jp/portal/sys/v4/symbols/826.png",
				"_iconSize": [
					16,
					16
				],
				"_iconAnchor": [
					8,
					8
				]
			}
		},
		{
			"type": "Feature",
			"geometry": {
				"type": "Point",
				"coordinates": [
					 133.1542,
					 33.8779
				]
			},
			"properties": {
				"name": "JA5/EH-092(赤ケ谷(三角点))",
				"読み":"Akagaya",
				"標高":"418m 1pt ",
				"GL":"PM63nv",
				"市郡区":"C#3806 ",
				"登山日":"",
				"メモ":"",
				"_markerType": "Icon",
				"_iconUrl": "https://maps.gsi.go.jp/portal/sys/v4/symbols/826.png",
				"_iconSize": [
					16,
					16
				],
				"_iconAnchor": [
					8,
					8
				]
			}
		},
		{
			"type": "Feature",
			"geometry": {
				"type": "Point",
				"coordinates": [
					 132.1178,
					 33.4017
				]
			},
			"properties": {
				"name": "JA5/EH-093(伽藍山)",
				"読み":"Garanzan",
				"標高":"414m 1pt ",
				"GL":"PM63bj",
				"市郡区":"G#38010B ",
				"登山日":"",
				"メモ":"",
				"_markerType": "Icon",
				"_iconUrl": "https://maps.gsi.go.jp/portal/sys/v4/symbols/826.png",
				"_iconSize": [
					16,
					16
				],
				"_iconAnchor": [
					8,
					8
				]
			}
		},
		{
			"type": "Feature",
			"geometry": {
				"type": "Point",
				"coordinates": [
					 132.757,
					 33.7579
				]
			},
			"properties": {
				"name": "JA5/EH-095(七折(三角点))",
				"読み":"Nanaori",
				"標高":"403m 1pt ",
				"GL":"PM63js",
				"市郡区":"G#38001C ",
				"登山日":"",
				"メモ":"",
				"_markerType": "Icon",
				"_iconUrl": "https://maps.gsi.go.jp/portal/sys/v4/symbols/826.png",
				"_iconSize": [
					16,
					16
				],
				"_iconAnchor": [
					8,
					8
				]
			}
		},
		{
			"type": "Feature",
			"geometry": {
				"type": "Point",
				"coordinates": [
					 133.01,
					 34.2834
				]
			},
			"properties": {
				"name": "JA5/EH-096(二反山)",
				"読み":"Nitanyama",
				"標高":"395m 1pt ",
				"GL":"PM64mg",
				"市郡区":"C#3802 ",
				"登山日":"",
				"メモ":"",
				"_markerType": "Icon",
				"_iconUrl": "https://maps.gsi.go.jp/portal/sys/v4/symbols/826.png",
				"_iconSize": [
					16,
					16
				],
				"_iconAnchor": [
					8,
					8
				]
			}
		},
		{
			"type": "Feature",
			"geometry": {
				"type": "Point",
				"coordinates": [
					 132.2065,
					 33.433
				]
			},
			"properties": {
				"name": "JA5/EH-097(見晴山)",
				"読み":"Miharashiyama",
				"標高":"395m 1pt ",
				"GL":"PM63ck",
				"市郡区":"G#38010B ",
				"登山日":"",
				"メモ":"",
				"_markerType": "Icon",
				"_iconUrl": "https://maps.gsi.go.jp/portal/sys/v4/symbols/826.png",
				"_iconSize": [
					16,
					16
				],
				"_iconAnchor": [
					8,
					8
				]
			}
		},
		{
			"type": "Feature",
			"geometry": {
				"type": "Point",
				"coordinates": [
					 132.6489,
					 32.9446
				]
			},
			"properties": {
				"name": "JA5/EH-098(一本松(三角点))",
				"読み":"Ipponmatsu",
				"標高":"394m 1pt ",
				"GL":"PM62hw",
				"市郡区":"G#38012F ",
				"登山日":"",
				"メモ":"",
				"_markerType": "Icon",
				"_iconUrl": "https://maps.gsi.go.jp/portal/sys/v4/symbols/826.png",
				"_iconSize": [
					16,
					16
				],
				"_iconAnchor": [
					8,
					8
				]
			}
		},
		{
			"type": "Feature",
			"geometry": {
				"type": "Point",
				"coordinates": [
					 133.0529,
					 34.1747
				]
			},
			"properties": {
				"name": "JA5/EH-099(念仏山)",
				"読み":"Nenbutsuyama",
				"標高":"382m 1pt ",
				"GL":"PM64me",
				"市郡区":"C#3802 ",
				"登山日":"",
				"メモ":"",
				"_markerType": "Icon",
				"_iconUrl": "https://maps.gsi.go.jp/portal/sys/v4/symbols/826.png",
				"_iconSize": [
					16,
					16
				],
				"_iconAnchor": [
					8,
					8
				]
			}
		},
		{
			"type": "Feature",
			"geometry": {
				"type": "Point",
				"coordinates": [
					 132.6601,
					 33.2834
				]
			},
			"properties": {
				"name": "JA5/EH-100(錦傘城(三角点))",
				"読み":"Nishikigasajyou",
				"標高":"379m 1pt ",
				"GL":"PM63hg",
				"市郡区":"C#3803 / G#38007G ",
				"登山日":"",
				"メモ":"",
				"_markerType": "Icon",
				"_iconUrl": "https://maps.gsi.go.jp/portal/sys/v4/symbols/826.png",
				"_iconSize": [
					16,
					16
				],
				"_iconAnchor": [
					8,
					8
				]
			}
		},
		{
			"type": "Feature",
			"geometry": {
				"type": "Point",
				"coordinates": [
					 133.1473,
					 34.2566
				]
			},
			"properties": {
				"name": "JA5/EH-101(積善山)",
				"読み":"Sekizenzan",
				"標高":"370m 1pt ",
				"GL":"PM64ng",
				"市郡区":"G#38003P ",
				"登山日":"",
				"メモ":"",
				"_markerType": "Icon",
				"_iconUrl": "https://maps.gsi.go.jp/portal/sys/v4/symbols/826.png",
				"_iconSize": [
					16,
					16
				],
				"_iconAnchor": [
					8,
					8
				]
			}
		},
		{
			"type": "Feature",
			"geometry": {
				"type": "Point",
				"coordinates": [
					 132.1438,
					 33.3871
				]
			},
			"properties": {
				"name": "JA5/EH-102(名取(三角点))",
				"読み":"Naitori",
				"標高":"366m 1pt ",
				"GL":"PM63bj",
				"市郡区":"G#38010B ",
				"登山日":"",
				"メモ":"",
				"_markerType": "Icon",
				"_iconUrl": "https://maps.gsi.go.jp/portal/sys/v4/symbols/826.png",
				"_iconSize": [
					16,
					16
				],
				"_iconAnchor": [
					8,
					8
				]
			}
		},
		{
			"type": "Feature",
			"geometry": {
				"type": "Point",
				"coordinates": [
					 132.4113,
					 33.4693
				]
			},
			"properties": {
				"name": "JA5/EH-103(権現山)",
				"読み":"Gongenyama",
				"標高":"365m 1pt ",
				"GL":"PM63el",
				"市郡区":"C#3804 ",
				"登山日":"",
				"メモ":"",
				"_markerType": "Icon",
				"_iconUrl": "https://maps.gsi.go.jp/portal/sys/v4/symbols/826.png",
				"_iconSize": [
					16,
					16
				],
				"_iconAnchor": [
					8,
					8
				]
			}
		},
		{
			"type": "Feature",
			"geometry": {
				"type": "Point",
				"coordinates": [
					 132.834,
					 33.9986
				]
			},
			"properties": {
				"name": "JA5/EH-104(高萩山)",
				"読み":"Takahagisan",
				"標高":"356m 1pt ",
				"GL":"PM63kx",
				"市郡区":"C#3801 / C#3802 ",
				"登山日":"",
				"メモ":"",
				"_markerType": "Icon",
				"_iconUrl": "https://maps.gsi.go.jp/portal/sys/v4/symbols/826.png",
				"_iconSize": [
					16,
					16
				],
				"_iconAnchor": [
					8,
					8
				]
			}
		},
		{
			"type": "Feature",
			"geometry": {
				"type": "Point",
				"coordinates": [
					 132.5208,
					 33.181
				]
			},
			"properties": {
				"name": "JA5/EH-105(成川(三角点))",
				"読み":"Narukawa",
				"標高":"350m 1pt ",
				"GL":"PM63ge",
				"市郡区":"C#3803 ",
				"登山日":"",
				"メモ":"",
				"_markerType": "Icon",
				"_iconUrl": "https://maps.gsi.go.jp/portal/sys/v4/symbols/826.png",
				"_iconSize": [
					16,
					16
				],
				"_iconAnchor": [
					8,
					8
				]
			}
		},
		{
			"type": "Feature",
			"geometry": {
				"type": "Point",
				"coordinates": [
					 132.5213,
					 33.1992
				]
			},
			"properties": {
				"name": "JA5/EH-106(熊が峰)",
				"読み":"Kumagamine",
				"標高":"343m 1pt ",
				"GL":"PM63ge",
				"市郡区":"C#3803 ",
				"登山日":"",
				"メモ":"",
				"_markerType": "Icon",
				"_iconUrl": "https://maps.gsi.go.jp/portal/sys/v4/symbols/826.png",
				"_iconSize": [
					16,
					16
				],
				"_iconAnchor": [
					8,
					8
				]
			}
		},
		{
			"type": "Feature",
			"geometry": {
				"type": "Point",
				"coordinates": [
					 132.487,
					 33.0917
				]
			},
			"properties": {
				"name": "JA5/EH-107(脇浦(三角点))",
				"読み":"Wakiura",
				"標高":"342m 1pt ",
				"GL":"PM63fc",
				"市郡区":"C#3803 ",
				"登山日":"",
				"メモ":"",
				"_markerType": "Icon",
				"_iconUrl": "https://maps.gsi.go.jp/portal/sys/v4/symbols/826.png",
				"_iconSize": [
					16,
					16
				],
				"_iconAnchor": [
					8,
					8
				]
			}
		},
		{
			"type": "Feature",
			"geometry": {
				"type": "Point",
				"coordinates": [
					 132.5318,
					 33.1177
				]
			},
			"properties": {
				"name": "JA5/EH-108(天が森)",
				"読み":"Amagarmori",
				"標高":"334m 1pt ",
				"GL":"PM63gc",
				"市郡区":"C#3803 ",
				"登山日":"",
				"メモ":"",
				"_markerType": "Icon",
				"_iconUrl": "https://maps.gsi.go.jp/portal/sys/v4/symbols/826.png",
				"_iconSize": [
					16,
					16
				],
				"_iconAnchor": [
					8,
					8
				]
			}
		},
		{
			"type": "Feature",
			"geometry": {
				"type": "Point",
				"coordinates": [
					 133.2281,
					 34.2804
				]
			},
			"properties": {
				"name": "JA5/EH-109(三山)",
				"読み":"Mitsuyama",
				"標高":"325m 1pt ",
				"GL":"PM64og",
				"市郡区":"G#38003P ",
				"登山日":"",
				"メモ":"",
				"_markerType": "Icon",
				"_iconUrl": "https://maps.gsi.go.jp/portal/sys/v4/symbols/826.png",
				"_iconSize": [
					16,
					16
				],
				"_iconAnchor": [
					8,
					8
				]
			}
		},
		{
			"type": "Feature",
			"geometry": {
				"type": "Point",
				"coordinates": [
					 132.5605,
					 33.5089
				]
			},
			"properties": {
				"name": "JA5/EH-110(富士山)",
				"読み":"Tomisuyama",
				"標高":"320m 1pt ",
				"GL":"PM63gm",
				"市郡区":"C#3807 ",
				"登山日":"",
				"メモ":"",
				"_markerType": "Icon",
				"_iconUrl": "https://maps.gsi.go.jp/portal/sys/v4/symbols/826.png",
				"_iconSize": [
					16,
					16
				],
				"_iconAnchor": [
					8,
					8
				]
			}
		},
		{
			"type": "Feature",
			"geometry": {
				"type": "Point",
				"coordinates": [
					 132.5215,
					 33.2306
				]
			},
			"properties": {
				"name": "JA5/EH-111(鳥屋ケ森)",
				"読み":"Toyagamori",
				"標高":"320m 1pt ",
				"GL":"PM63gf",
				"市郡区":"C#3803 ",
				"登山日":"",
				"メモ":"",
				"_markerType": "Icon",
				"_iconUrl": "https://maps.gsi.go.jp/portal/sys/v4/symbols/826.png",
				"_iconSize": [
					16,
					16
				],
				"_iconAnchor": [
					8,
					8
				]
			}
		},
		{
			"type": "Feature",
			"geometry": {
				"type": "Point",
				"coordinates": [
					 132.5375,
					 33.2489
				]
			},
			"properties": {
				"name": "JA5/EH-112(黒ノ瀬(三角点))",
				"読み":"Kuronose",
				"標高":"313m 1pt ",
				"GL":"PM63gf",
				"市郡区":"C#3803 ",
				"登山日":"",
				"メモ":"",
				"_markerType": "Icon",
				"_iconUrl": "https://maps.gsi.go.jp/portal/sys/v4/symbols/826.png",
				"_iconSize": [
					16,
					16
				],
				"_iconAnchor": [
					8,
					8
				]
			}
		},
		{
			"type": "Feature",
			"geometry": {
				"type": "Point",
				"coordinates": [
					 133.0336,
					 34.1202
				]
			},
			"properties": {
				"name": "JA5/EH-113(亀老山)",
				"読み":"Kirousan",
				"標高":"301m 1pt ",
				"GL":"PM64mc",
				"市郡区":"C#3802 ",
				"登山日":"",
				"メモ":"",
				"_markerType": "Icon",
				"_iconUrl": "https://maps.gsi.go.jp/portal/sys/v4/symbols/826.png",
				"_iconSize": [
					16,
					16
				],
				"_iconAnchor": [
					8,
					8
				]
			}
		},
		{
			"type": "Feature",
			"geometry": {
				"type": "Point",
				"coordinates": [
					 132.6061,
					 33.97
				]
			},
			"properties": {
				"name": "JA5/EH-114(大里山)",
				"読み":"Oosatosan",
				"標高":"296m 1pt ",
				"GL":"PM63hx",
				"市郡区":"C#3801 ",
				"登山日":"",
				"メモ":"",
				"_markerType": "Icon",
				"_iconUrl": "https://maps.gsi.go.jp/portal/sys/v4/symbols/826.png",
				"_iconSize": [
					16,
					16
				],
				"_iconAnchor": [
					8,
					8
				]
			}
		},
		{
			"type": "Feature",
			"geometry": {
				"type": "Point",
				"coordinates": [
					 132.6714,
					 33.8818
				]
			},
			"properties": {
				"name": "JA5/EH-115(小富士)",
				"読み":"Kofuji",
				"標高":"282m 1pt ",
				"GL":"PM63iv",
				"市郡区":"C#3801 ",
				"登山日":"",
				"メモ":"",
				"_markerType": "Icon",
				"_iconUrl": "https://maps.gsi.go.jp/portal/sys/v4/symbols/826.png",
				"_iconSize": [
					16,
					16
				],
				"_iconAnchor": [
					8,
					8
				]
			}
		},
		{
			"type": "Feature",
			"geometry": {
				"type": "Point",
				"coordinates": [
					 133.3898,
					 33.97
				]
			},
			"properties": {
				"name": "JA5/EH-116(大境(三角点))",
				"読み":"Oosakai",
				"標高":"267m 1pt ",
				"GL":"PM63qx",
				"市郡区":"C#3813 ",
				"登山日":"",
				"メモ":"",
				"_markerType": "Icon",
				"_iconUrl": "https://maps.gsi.go.jp/portal/sys/v4/symbols/826.png",
				"_iconSize": [
					16,
					16
				],
				"_iconAnchor": [
					8,
					8
				]
			}
		},
		{
			"type": "Feature",
			"geometry": {
				"type": "Point",
				"coordinates": [
					 132.6656,
					 33.9658
				]
			},
			"properties": {
				"name": "JA5/EH-117(高松山)",
				"読み":"Takamatsuyama",
				"標高":"218m 1pt ",
				"GL":"PM63hx",
				"市郡区":"C#3801 ",
				"登山日":"",
				"メモ":"",
				"_markerType": "Icon",
				"_iconUrl": "https://maps.gsi.go.jp/portal/sys/v4/symbols/826.png",
				"_iconSize": [
					16,
					16
				],
				"_iconAnchor": [
					8,
					8
				]
			}
		},
		{
			"type": "Feature",
			"geometry": {
				"type": "Point",
				"coordinates": [
					 132.8776,
					 34.1888
				]
			},
			"properties": {
				"name": "JA5/EH-118(甲ノ峯(三角点))",
				"読み":"Kounomine",
				"標高":"213m 1pt ",
				"GL":"PM64ke",
				"市郡区":"C#3802 ",
				"登山日":"",
				"メモ":"",
				"_markerType": "Icon",
				"_iconUrl": "https://maps.gsi.go.jp/portal/sys/v4/symbols/826.png",
				"_iconSize": [
					16,
					16
				],
				"_iconAnchor": [
					8,
					8
				]
			}
		},
		{
			"type": "Feature",
			"geometry": {
				"type": "Point",
				"coordinates": [
					 132.5426,
					 33.9846
				]
			},
			"properties": {
				"name": "JA5/EH-119(西之峠)",
				"読み":"Nishinotouge",
				"標高":"206m 1pt ",
				"GL":"PM63gx",
				"市郡区":"C#3801 ",
				"登山日":"",
				"メモ":"",
				"_markerType": "Icon",
				"_iconUrl": "https://maps.gsi.go.jp/portal/sys/v4/symbols/826.png",
				"_iconSize": [
					16,
					16
				],
				"_iconAnchor": [
					8,
					8
				]
			}
		},
		{
			"type": "Feature",
			"geometry": {
				"type": "Point",
				"coordinates": [
					 132.923,
					 34.1963
				]
			},
			"properties": {
				"name": "JA5/EH-120(大下島)",
				"読み":"Oogejima",
				"標高":"203m 1pt ",
				"GL":"PM64le",
				"市郡区":"C#3802 ",
				"登山日":"",
				"メモ":"",
				"_markerType": "Icon",
				"_iconUrl": "https://maps.gsi.go.jp/portal/sys/v4/symbols/826.png",
				"_iconSize": [
					16,
					16
				],
				"_iconAnchor": [
					8,
					8
				]
			}
		},
		{
			"type": "Feature",
			"geometry": {
				"type": "Point",
				"coordinates": [
					 132.531,
					 33.8514
				]
			},
			"properties": {
				"name": "JA5/EH-121(由利島)",
				"読み":"Yurijima",
				"標高":"190m 1pt ",
				"GL":"PM63gu",
				"市郡区":"C#3801 ",
				"登山日":"",
				"メモ":"",
				"_markerType": "Icon",
				"_iconUrl": "https://maps.gsi.go.jp/portal/sys/v4/symbols/826.png",
				"_iconSize": [
					16,
					16
				],
				"_iconAnchor": [
					8,
					8
				]
			}
		},
		{
			"type": "Feature",
			"geometry": {
				"type": "Point",
				"coordinates": [
					 132.5344,
					 33.9291
				]
			},
			"properties": {
				"name": "JA5/EH-122(米山)",
				"読み":"Yoneyama",
				"標高":"184m 1pt ",
				"GL":"PM63gw",
				"市郡区":"C#3801 ",
				"登山日":"",
				"メモ":"",
				"_markerType": "Icon",
				"_iconUrl": "https://maps.gsi.go.jp/portal/sys/v4/symbols/826.png",
				"_iconSize": [
					16,
					16
				],
				"_iconAnchor": [
					8,
					8
				]
			}
		},
		{
			"type": "Feature",
			"geometry": {
				"type": "Point",
				"coordinates": [
					 132.997,
					 34.1527
				]
			},
			"properties": {
				"name": "JA5/EH-123(津島(三角点))",
				"読み":"Tsushima",
				"標高":"176m 1pt ",
				"GL":"PM64ld",
				"市郡区":"C#3802 ",
				"登山日":"",
				"メモ":"",
				"_markerType": "Icon",
				"_iconUrl": "https://maps.gsi.go.jp/portal/sys/v4/symbols/826.png",
				"_iconSize": [
					16,
					16
				],
				"_iconAnchor": [
					8,
					8
				]
			}
		},
		{
			"type": "Feature",
			"geometry": {
				"type": "Point",
				"coordinates": [
					 132.5061,
					 33.9797
				]
			},
			"properties": {
				"name": "JA5/EH-124(津和地島)",
				"読み":"Tsuwajijima",
				"標高":"163m 1pt ",
				"GL":"PM63gx",
				"市郡区":"C#3801 ",
				"登山日":"",
				"メモ":"",
				"_markerType": "Icon",
				"_iconUrl": "https://maps.gsi.go.jp/portal/sys/v4/symbols/826.png",
				"_iconSize": [
					16,
					16
				],
				"_iconAnchor": [
					8,
					8
				]
			}
		},
		{
			"type": "Feature",
			"geometry": {
				"type": "Point",
				"coordinates": [
					 133.163105,
					 34.236003
				]
			},
			"properties": {
				"name": "JA5/EH-125(赤穂根(三角点近傍))",
				"読み":"Near_Akoune",
				"標高":"163m 1pt ",
				"GL":"PM64nf",
				"市郡区":"G#38003P ",
				"登山日":"",
				"メモ":"",
				"_markerType": "Icon",
				"_iconUrl": "https://maps.gsi.go.jp/portal/sys/v4/symbols/826.png",
				"_iconSize": [
					16,
					16
				],
				"_iconAnchor": [
					8,
					8
				]
			}
		},
		{
			"type": "Feature",
			"geometry": {
				"type": "Point",
				"coordinates": [
					 132.6424,
					 33.8906
				]
			},
			"properties": {
				"name": "JA5/EH-126(釣島)",
				"読み":"Tsurushima",
				"標高":"151m 1pt ",
				"GL":"PM63hv",
				"市郡区":"C#3801 ",
				"登山日":"",
				"メモ":"",
				"_markerType": "Icon",
				"_iconUrl": "https://maps.gsi.go.jp/portal/sys/v4/symbols/826.png",
				"_iconSize": [
					16,
					16
				],
				"_iconAnchor": [
					8,
					8
				]
			}
		},
		{
			"type": "Feature",
			"geometry": {
				"type": "Point",
				"coordinates": [
					 133.0938,
					 33.7585
				]
			},
			"properties": {
				"name": "JA5/EH-127(二ノ森)",
				"読み":"Ninomori",
				"標高":"1930m 10pt ",
				"GL":"PM63ns",
				"市郡区":"C#3806 / G#38005F ",
				"登山日":"",
				"メモ":"",
				"_markerType": "Icon",
				"_iconUrl": "https://maps.gsi.go.jp/portal/sys/v4/symbols/101.png",
				"_iconSize": [
					16,
					16
				],
				"_iconAnchor": [
					8,
					8
				]
			}
		},
		{
			"type": "Feature",
			"geometry": {
				"type": "Point",
				"coordinates": [
					 133.124,
					 33.7205
				]
			},
			"properties": {
				"name": "JA5/EH-128(融界ノ森(三角点))",
				"読み":"Yuukainomori",
				"標高":"1620m 10pt ",
				"GL":"PM63nr",
				"市郡区":"G#38005F ",
				"登山日":"",
				"メモ":"",
				"_markerType": "Icon",
				"_iconUrl": "https://maps.gsi.go.jp/portal/sys/v4/symbols/101.png",
				"_iconSize": [
					16,
					16
				],
				"_iconAnchor": [
					8,
					8
				]
			}
		},
		{
			"type": "Feature",
			"geometry": {
				"type": "Point",
				"coordinates": [
					 133.2146,
					 33.8237
				]
			},
			"properties": {
				"name": "JA5/EH-129(扇山)",
				"読み":"Ougiyama",
				"標高":"1393m 8pt ",
				"GL":"PM63ot",
				"市郡区":"C#3806 ",
				"登山日":"",
				"メモ":"",
				"_markerType": "Icon",
				"_iconUrl": "https://maps.gsi.go.jp/portal/sys/v4/symbols/104.png",
				"_iconSize": [
					16,
					16
				],
				"_iconAnchor": [
					8,
					8
				]
			}
		},
		{
			"type": "Feature",
			"geometry": {
				"type": "Point",
				"coordinates": [
					 133.1771,
					 33.8212
				]
			},
			"properties": {
				"name": "JA5/EH-130(陰地の頭)",
				"読み":"Kagechinotou",
				"標高":"1369m 8pt ",
				"GL":"PM63ot",
				"市郡区":"C#3806 ",
				"登山日":"",
				"メモ":"",
				"_markerType": "Icon",
				"_iconUrl": "https://maps.gsi.go.jp/portal/sys/v4/symbols/104.png",
				"_iconSize": [
					16,
					16
				],
				"_iconAnchor": [
					8,
					8
				]
			}
		},
		{
			"type": "Feature",
			"geometry": {
				"type": "Point",
				"coordinates": [
					 133.0568,
					 33.7183
				]
			},
			"properties": {
				"name": "JA5/EH-131(大ノ森)",
				"読み":"Oonomori",
				"標高":"1321m 8pt ",
				"GL":"PM63mr",
				"市郡区":"G#38005F ",
				"登山日":"",
				"メモ":"",
				"_markerType": "Icon",
				"_iconUrl": "https://maps.gsi.go.jp/portal/sys/v4/symbols/104.png",
				"_iconSize": [
					16,
					16
				],
				"_iconAnchor": [
					8,
					8
				]
			}
		},
		{
			"type": "Feature",
			"geometry": {
				"type": "Point",
				"coordinates": [
					 132.8952,
					 33.7153
				]
			},
			"properties": {
				"name": "JA5/EH-132(皿ヶ嶺)",
				"読み":"Saragamine",
				"標高":"1278m 8pt ",
				"GL":"PM63kr",
				"市郡区":"G#38005F ",
				"登山日":"",
				"メモ":"",
				"_markerType": "Icon",
				"_iconUrl": "https://maps.gsi.go.jp/portal/sys/v4/symbols/104.png",
				"_iconSize": [
					16,
					16
				],
				"_iconAnchor": [
					8,
					8
				]
			}
		},
		{
			"type": "Feature",
			"geometry": {
				"type": "Point",
				"coordinates": [
					 132.9178,
					 33.8938
				]
			},
			"properties": {
				"name": "JA5/EH-133(明神ヶ森)",
				"読み":"Myoujingamori",
				"標高":"1217m 8pt ",
				"GL":"PM63lv",
				"市郡区":"C#3815 / C#3801 ",
				"登山日":"",
				"メモ":"",
				"_markerType": "Icon",
				"_iconUrl": "https://maps.gsi.go.jp/portal/sys/v4/symbols/104.png",
				"_iconSize": [
					16,
					16
				],
				"_iconAnchor": [
					8,
					8
				]
			}
		},
		{
			"type": "Feature",
			"geometry": {
				"type": "Point",
				"coordinates": [
					 132.7906,
					 33.5286
				]
			},
			"properties": {
				"name": "JA5/EH-134(吹ケ峠(三角点))",
				"読み":"Fukigatouge",
				"標高":"1040m 6pt ",
				"GL":"PM63jm",
				"市郡区":"G#38006D / C#3807 ",
				"登山日":"",
				"メモ":"",
				"_markerType": "Icon",
				"_iconUrl": "https://maps.gsi.go.jp/portal/sys/v4/symbols/103.png",
				"_iconSize": [
					16,
					16
				],
				"_iconAnchor": [
					8,
					8
				]
			}
		},
		{
			"type": "Feature",
			"geometry": {
				"type": "Point",
				"coordinates": [
					 133.0066,
					 33.6988
				]
			},
			"properties": {
				"name": "JA5/EH-135(丸山(三角点))",
				"読み":"Maruyama",
				"標高":"954m 6pt ",
				"GL":"PM63mq",
				"市郡区":"G#38005F ",
				"登山日":"",
				"メモ":"",
				"_markerType": "Icon",
				"_iconUrl": "https://maps.gsi.go.jp/portal/sys/v4/symbols/103.png",
				"_iconSize": [
					16,
					16
				],
				"_iconAnchor": [
					8,
					8
				]
			}
		},
		{
			"type": "Feature",
			"geometry": {
				"type": "Point",
				"coordinates": [
					 132.6114,
					 33.0517
				]
			},
			"properties": {
				"name": "JA5/EH-136(点912)",
				"読み":"P912",
				"標高":"912m 6pt ",
				"GL":"PM63hb",
				"市郡区":"G#38012F / C#3803 ",
				"登山日":"",
				"メモ":"",
				"_markerType": "Icon",
				"_iconUrl": "https://maps.gsi.go.jp/portal/sys/v4/symbols/103.png",
				"_iconSize": [
					16,
					16
				],
				"_iconAnchor": [
					8,
					8
				]
			}
		},
		{
			"type": "Feature",
			"geometry": {
				"type": "Point",
				"coordinates": [
					 133.0341,
					 33.7108
				]
			},
			"properties": {
				"name": "JA5/EH-137(点910)",
				"読み":"P910",
				"標高":"860m 6pt ",
				"GL":"PM63mr",
				"市郡区":"G#38005F ",
				"登山日":"",
				"メモ":"",
				"_markerType": "Icon",
				"_iconUrl": "https://maps.gsi.go.jp/portal/sys/v4/symbols/103.png",
				"_iconSize": [
					16,
					16
				],
				"_iconAnchor": [
					8,
					8
				]
			}
		},
		{
			"type": "Feature",
			"geometry": {
				"type": "Point",
				"coordinates": [
					 133.0215,
					 33.7916
				]
			},
			"properties": {
				"name": "JA5/EH-138(黒森)",
				"読み":"Kuromori",
				"標高":"904m 6pt ",
				"GL":"PM63ms",
				"市郡区":"C#3815 / C#3806 ",
				"登山日":"",
				"メモ":"",
				"_markerType": "Icon",
				"_iconUrl": "https://maps.gsi.go.jp/portal/sys/v4/symbols/103.png",
				"_iconSize": [
					16,
					16
				],
				"_iconAnchor": [
					8,
					8
				]
			}
		},
		{
			"type": "Feature",
			"geometry": {
				"type": "Point",
				"coordinates": [
					 133.5393,
					 33.9424
				]
			},
			"properties": {
				"name": "JA5/EH-139(翠波峰)",
				"読み":"Suihamine",
				"標高":"900m 6pt ",
				"GL":"PM63sw",
				"市郡区":"C#3813 ",
				"登山日":"",
				"メモ":"",
				"_markerType": "Icon",
				"_iconUrl": "https://maps.gsi.go.jp/portal/sys/v4/symbols/103.png",
				"_iconSize": [
					16,
					16
				],
				"_iconAnchor": [
					8,
					8
				]
			}
		},
		{
			"type": "Feature",
			"geometry": {
				"type": "Point",
				"coordinates": [
					 132.7485,
					 33.6942
				]
			},
			"properties": {
				"name": "JA5/EH-140(点852)",
				"読み":"P852",
				"標高":"852m 6pt ",
				"GL":"PM63iq",
				"市郡区":"C#3810 ",
				"登山日":"",
				"メモ":"",
				"_markerType": "Icon",
				"_iconUrl": "https://maps.gsi.go.jp/portal/sys/v4/symbols/103.png",
				"_iconSize": [
					16,
					16
				],
				"_iconAnchor": [
					8,
					8
				]
			}
		},
		{
			"type": "Feature",
			"geometry": {
				"type": "Point",
				"coordinates": [
					 132.8915,
					 33.6249
				]
			},
			"properties": {
				"name": "JA5/EH-141(源城(三角点))",
				"読み":"Minamotojyo",
				"標高":"842m 4pt ",
				"GL":"PM63ko",
				"市郡区":"G#38005F ",
				"登山日":"",
				"メモ":"",
				"_markerType": "Icon",
				"_iconUrl": "https://maps.gsi.go.jp/portal/sys/v4/symbols/828.png",
				"_iconSize": [
					16,
					16
				],
				"_iconAnchor": [
					8,
					8
				]
			}
		},
		{
			"type": "Feature",
			"geometry": {
				"type": "Point",
				"coordinates": [
					 133.6463,
					 33.9711
				]
			},
			"properties": {
				"name": "JA5/EH-142(点827)",
				"読み":"P827",
				"標高":"827m 4pt ",
				"GL":"PM63tx",
				"市郡区":"C#3813 ",
				"登山日":"",
				"メモ":"",
				"_markerType": "Icon",
				"_iconUrl": "https://maps.gsi.go.jp/portal/sys/v4/symbols/828.png",
				"_iconSize": [
					16,
					16
				],
				"_iconAnchor": [
					8,
					8
				]
			}
		},
		{
			"type": "Feature",
			"geometry": {
				"type": "Point",
				"coordinates": [
					 132.7732,
					 33.4836
				]
			},
			"properties": {
				"name": "JA5/EH-143(久礼床(三角点))",
				"読み":"Kusatsudoko",
				"標高":"825m 4pt ",
				"GL":"PM63jl",
				"市郡区":"C#3814 ",
				"登山日":"",
				"メモ":"",
				"_markerType": "Icon",
				"_iconUrl": "https://maps.gsi.go.jp/portal/sys/v4/symbols/828.png",
				"_iconSize": [
					16,
					16
				],
				"_iconAnchor": [
					8,
					8
				]
			}
		},
		{
			"type": "Feature",
			"geometry": {
				"type": "Point",
				"coordinates": [
					 132.9049,
					 33.766
				]
			},
			"properties": {
				"name": "JA5/EH-144(扇畑(三角点))",
				"読み":"Ougibata",
				"標高":"659m 4pt ",
				"GL":"PM63ks",
				"市郡区":"C#3815 ",
				"登山日":"",
				"メモ":"",
				"_markerType": "Icon",
				"_iconUrl": "https://maps.gsi.go.jp/portal/sys/v4/symbols/828.png",
				"_iconSize": [
					16,
					16
				],
				"_iconAnchor": [
					8,
					8
				]
			}
		},
		{
			"type": "Feature",
			"geometry": {
				"type": "Point",
				"coordinates": [
					 132.6052,
					 33.5195
				]
			},
			"properties": {
				"name": "JA5/EH-145(新立(三角点))",
				"読み":"Shindate",
				"標高":"654m 4pt ",
				"GL":"PM63hm",
				"市郡区":"C#3807 ",
				"登山日":"",
				"メモ":"",
				"_markerType": "Icon",
				"_iconUrl": "https://maps.gsi.go.jp/portal/sys/v4/symbols/828.png",
				"_iconSize": [
					16,
					16
				],
				"_iconAnchor": [
					8,
					8
				]
			}
		},
		{
			"type": "Feature",
			"geometry": {
				"type": "Point",
				"coordinates": [
					 132.6807,
					 33.6265
				]
			},
			"properties": {
				"name": "JA5/EH-146(陣が森岳)",
				"読み":"Jingamoridake",
				"標高":"621m 2pt ",
				"GL":"PM63ip",
				"市郡区":"C#3810 ",
				"登山日":"",
				"メモ":"",
				"_markerType": "Icon",
				"_iconUrl": "https://maps.gsi.go.jp/portal/sys/v4/symbols/102.png",
				"_iconSize": [
					16,
					16
				],
				"_iconAnchor": [
					8,
					8
				]
			}
		},
		{
			"type": "Feature",
			"geometry": {
				"type": "Point",
				"coordinates": [
					 132.6204,
					 33.3717
				]
			},
			"properties": {
				"name": "JA5/EH-147(点577)",
				"読み":"P577",
				"標高":"577m 2pt ",
				"GL":"PM63hi",
				"市郡区":"C#3814 ",
				"登山日":"",
				"メモ":"",
				"_markerType": "Icon",
				"_iconUrl": "https://maps.gsi.go.jp/portal/sys/v4/symbols/102.png",
				"_iconSize": [
					16,
					16
				],
				"_iconAnchor": [
					8,
					8
				]
			}
		},
		{
			"type": "Feature",
			"geometry": {
				"type": "Point",
				"coordinates": [
					 132.7615,
					 33.3766
				]
			},
			"properties": {
				"name": "JA5/EH-148(土居越(三角点))",
				"読み":"Doigoe",
				"標高":"460m 1pt ",
				"GL":"PM63jj",
				"市郡区":"C#3814 ",
				"登山日":"",
				"メモ":"",
				"_markerType": "Icon",
				"_iconUrl": "https://maps.gsi.go.jp/portal/sys/v4/symbols/826.png",
				"_iconSize": [
					16,
					16
				],
				"_iconAnchor": [
					8,
					8
				]
			}
		},
		{
			"type": "Feature",
			"geometry": {
				"type": "Point",
				"coordinates": [
					 133.0133,
					 33.9577
				]
			},
			"properties": {
				"name": "JA5/EH-149(竜門山)",
				"読み":"Ryumonyama",
				"標高":"439m 1pt ",
				"GL":"PM63mw",
				"市郡区":"C#3802 / C#3806 ",
				"登山日":"",
				"メモ":"",
				"_markerType": "Icon",
				"_iconUrl": "https://maps.gsi.go.jp/portal/sys/v4/symbols/826.png",
				"_iconSize": [
					16,
					16
				],
				"_iconAnchor": [
					8,
					8
				]
			}
		},
		{
			"type": "Feature",
			"geometry": {
				"type": "Point",
				"coordinates": [
					 132.8258,
					 33.8379
				]
			},
			"properties": {
				"name": "JA5/EH-150(点411（三角点東野近傍）)",
				"読み":"P411",
				"標高":"410m 1pt ",
				"GL":"PM63ju",
				"市郡区":"C#3801 ",
				"登山日":"",
				"メモ":"",
				"_markerType": "Icon",
				"_iconUrl": "https://maps.gsi.go.jp/portal/sys/v4/symbols/826.png",
				"_iconSize": [
					16,
					16
				],
				"_iconAnchor": [
					8,
					8
				]
			}
		},
		{
			"type": "Feature",
			"geometry": {
				"type": "Point",
				"coordinates": [
					 132.6784,
					 33.587
				]
			},
			"properties": {
				"name": "JA5/EH-151(大岡山(三角点))",
				"読み":"Oookayama",
				"標高":"406m 1pt ",
				"GL":"PM63io",
				"市郡区":"G#38006D ",
				"登山日":"",
				"メモ":"",
				"_markerType": "Icon",
				"_iconUrl": "https://maps.gsi.go.jp/portal/sys/v4/symbols/826.png",
				"_iconSize": [
					16,
					16
				],
				"_iconAnchor": [
					8,
					8
				]
			}
		},
		{
			"type": "Feature",
			"geometry": {
				"type": "Point",
				"coordinates": [
					 132.7397,
					 33.2089
				]
			},
			"properties": {
				"name": "JA5/EH-152(槙谷(三角点))",
				"読み":"Makitani",
				"標高":"402m 1pt ",
				"GL":"PM63if",
				"市郡区":"G#38007F ",
				"登山日":"",
				"メモ":"",
				"_markerType": "Icon",
				"_iconUrl": "https://maps.gsi.go.jp/portal/sys/v4/symbols/826.png",
				"_iconSize": [
					16,
					16
				],
				"_iconAnchor": [
					8,
					8
				]
			}
		},
		{
			"type": "Feature",
			"geometry": {
				"type": "Point",
				"coordinates": [
					 132.6717,
					 33.5251
				]
			},
			"properties": {
				"name": "JA5/EH-153(大登山)",
				"読み":"Oonoboriyama",
				"標高":"364m 1pt ",
				"GL":"PM63im",
				"市郡区":"G#38006D ",
				"登山日":"",
				"メモ":"",
				"_markerType": "Icon",
				"_iconUrl": "https://maps.gsi.go.jp/portal/sys/v4/symbols/826.png",
				"_iconSize": [
					16,
					16
				],
				"_iconAnchor": [
					8,
					8
				]
			}
		},
		{
			"type": "Feature",
			"geometry": {
				"type": "Point",
				"coordinates": [
					 133.0338,
					 33.9818
				]
			},
			"properties": {
				"name": "JA5/EH-154(笠松山)",
				"読み":"Kasamatsuyama",
				"標高":"357m 1pt ",
				"GL":"PM63mx",
				"市郡区":"C#3802 ",
				"登山日":"",
				"メモ":"",
				"_markerType": "Icon",
				"_iconUrl": "https://maps.gsi.go.jp/portal/sys/v4/symbols/826.png",
				"_iconSize": [
					16,
					16
				],
				"_iconAnchor": [
					8,
					8
				]
			}
		},
		{
			"type": "Feature",
			"geometry": {
				"type": "Point",
				"coordinates": [
					 132.9962,
					 34.2656
				]
			},
			"properties": {
				"name": "JA5/EH-155(大空山)",
				"読み":"Oosorayama",
				"標高":"351m 1pt ",
				"GL":"PM64lg",
				"市郡区":"C#3802 ",
				"登山日":"",
				"メモ":"",
				"_markerType": "Icon",
				"_iconUrl": "https://maps.gsi.go.jp/portal/sys/v4/symbols/826.png",
				"_iconSize": [
					16,
					16
				],
				"_iconAnchor": [
					8,
					8
				]
			}
		},
		{
			"type": "Feature",
			"geometry": {
				"type": "Point",
				"coordinates": [
					 132.798,
					 33.8681
				]
			},
			"properties": {
				"name": "JA5/EH-156(点330)",
				"読み":"P330",
				"標高":"330m 1pt ",
				"GL":"PM63ju",
				"市郡区":"C#3801 ",
				"登山日":"",
				"メモ":"",
				"_markerType": "Icon",
				"_iconUrl": "https://maps.gsi.go.jp/portal/sys/v4/symbols/826.png",
				"_iconSize": [
					16,
					16
				],
				"_iconAnchor": [
					8,
					8
				]
			}
		},
		{
			"type": "Feature",
			"geometry": {
				"type": "Point",
				"coordinates": [
					 133.0871,
					 34.2128
				]
			},
			"properties": {
				"name": "JA5/EH-157(宝股山)",
				"読み":"Hokosan",
				"標高":"304m 1pt ",
				"GL":"PM64nf",
				"市郡区":"C#3802 ",
				"登山日":"",
				"メモ":"",
				"_markerType": "Icon",
				"_iconUrl": "https://maps.gsi.go.jp/portal/sys/v4/symbols/826.png",
				"_iconSize": [
					16,
					16
				],
				"_iconAnchor": [
					8,
					8
				]
			}
		},
		{
			"type": "Feature",
			"geometry": {
				"type": "Point",
				"coordinates": [
					 132.7992,
					 33.9923
				]
			},
			"properties": {
				"name": "JA5/EH-158(恵良山)",
				"読み":"Eryousan",
				"標高":"302m 1pt ",
				"GL":"PM63jx",
				"市郡区":"C#3801 ",
				"登山日":"",
				"メモ":"",
				"_markerType": "Icon",
				"_iconUrl": "https://maps.gsi.go.jp/portal/sys/v4/symbols/826.png",
				"_iconSize": [
					16,
					16
				],
				"_iconAnchor": [
					8,
					8
				]
			}
		},
		{
			"type": "Feature",
			"geometry": {
				"type": "Point",
				"coordinates": [
					 132.5828,
					 33.4972
				]
			},
			"properties": {
				"name": "JA5/EH-159(根太山)",
				"読み":"Nebutoyama",
				"標高":"300m 1pt ",
				"GL":"PM63gl",
				"市郡区":"C#3807 ",
				"登山日":"",
				"メモ":"",
				"_markerType": "Icon",
				"_iconUrl": "https://maps.gsi.go.jp/portal/sys/v4/symbols/826.png",
				"_iconSize": [
					16,
					16
				],
				"_iconAnchor": [
					8,
					8
				]
			}
		},
		{
			"type": "Feature",
			"geometry": {
				"type": "Point",
				"coordinates": [
					 132.7177,
					 33.2211
				]
			},
			"properties": {
				"name": "JA5/EH-160(点291)",
				"読み":"P291",
				"標高":"290m 1pt ",
				"GL":"PM63if",
				"市郡区":"G#38007F ",
				"登山日":"",
				"メモ":"",
				"_markerType": "Icon",
				"_iconUrl": "https://maps.gsi.go.jp/portal/sys/v4/symbols/826.png",
				"_iconSize": [
					16,
					16
				],
				"_iconAnchor": [
					8,
					8
				]
			}
		},
		{
			"type": "Feature",
			"geometry": {
				"type": "Point",
				"coordinates": [
					 133.2134,
					 34.267
				]
			},
			"properties": {
				"name": "JA5/EH-161(古法皇山)",
				"読み":"Furuhouzan",
				"標高":"290m 1pt ",
				"GL":"PM64og",
				"市郡区":"G#38003P ",
				"登山日":"",
				"メモ":"",
				"_markerType": "Icon",
				"_iconUrl": "https://maps.gsi.go.jp/portal/sys/v4/symbols/826.png",
				"_iconSize": [
					16,
					16
				],
				"_iconAnchor": [
					8,
					8
				]
			}
		},
		{
			"type": "Feature",
			"geometry": {
				"type": "Point",
				"coordinates": [
					 133.0483,
					 34.1285
				]
			},
			"properties": {
				"name": "JA5/EH-162(姫政山)",
				"読み":"Himemasayama",
				"標高":"277m 1pt ",
				"GL":"PM64md",
				"市郡区":"C#3802 ",
				"登山日":"",
				"メモ":"",
				"_markerType": "Icon",
				"_iconUrl": "https://maps.gsi.go.jp/portal/sys/v4/symbols/826.png",
				"_iconSize": [
					16,
					16
				],
				"_iconAnchor": [
					8,
					8
				]
			}
		},
		{
			"type": "Feature",
			"geometry": {
				"type": "Point",
				"coordinates": [
					 133.2688,
					 34.1879
				]
			},
			"properties": {
				"name": "JA5/EH-163(魚島(三角点))",
				"読み":"Uojima",
				"標高":"257m 1pt ",
				"GL":"PM64pe",
				"市郡区":"G#38003P ",
				"登山日":"",
				"メモ":"",
				"_markerType": "Icon",
				"_iconUrl": "https://maps.gsi.go.jp/portal/sys/v4/symbols/826.png",
				"_iconSize": [
					16,
					16
				],
				"_iconAnchor": [
					8,
					8
				]
			}
		},
		{
			"type": "Feature",
			"geometry": {
				"type": "Point",
				"coordinates": [
					 132.5226,
					 33.2737
				]
			},
			"properties": {
				"name": "JA5/EH-164(鶴間(三角点))",
				"読み":"Tsuruma",
				"標高":"257m 1pt ",
				"GL":"PM63gg",
				"市郡区":"C#3803 ",
				"登山日":"",
				"メモ":"",
				"_markerType": "Icon",
				"_iconUrl": "https://maps.gsi.go.jp/portal/sys/v4/symbols/826.png",
				"_iconSize": [
					16,
					16
				],
				"_iconAnchor": [
					8,
					8
				]
			}
		},
		{
			"type": "Feature",
			"geometry": {
				"type": "Point",
				"coordinates": [
					 132.9889,
					 34.2866
				]
			},
			"properties": {
				"name": "JA5/EH-165(三本榎)",
				"読み":"Sanbonenoki",
				"標高":"256m 1pt ",
				"GL":"PM64lg",
				"市郡区":"C#3802 ",
				"登山日":"",
				"メモ":"",
				"_markerType": "Icon",
				"_iconUrl": "https://maps.gsi.go.jp/portal/sys/v4/symbols/826.png",
				"_iconSize": [
					16,
					16
				],
				"_iconAnchor": [
					8,
					8
				]
			}
		},
		{
			"type": "Feature",
			"geometry": {
				"type": "Point",
				"coordinates": [
					 133.0773,
					 34.1602
				]
			},
			"properties": {
				"name": "JA5/EH-166(高取山)",
				"読み":"Takatoriyama",
				"標高":"253m 1pt ",
				"GL":"PM64md",
				"市郡区":"C#3802 ",
				"登山日":"",
				"メモ":"",
				"_markerType": "Icon",
				"_iconUrl": "https://maps.gsi.go.jp/portal/sys/v4/symbols/826.png",
				"_iconSize": [
					16,
					16
				],
				"_iconAnchor": [
					8,
					8
				]
			}
		},
		{
			"type": "Feature",
			"geometry": {
				"type": "Point",
				"coordinates": [
					 132.3873,
					 33.0229
				]
			},
			"properties": {
				"name": "JA5/EH-167(由良山)",
				"読み":"Yurayama",
				"標高":"249m 1pt ",
				"GL":"PM63ea",
				"市郡区":"G#38012F / C#3803 ",
				"登山日":"",
				"メモ":"",
				"_markerType": "Icon",
				"_iconUrl": "https://maps.gsi.go.jp/portal/sys/v4/symbols/826.png",
				"_iconSize": [
					16,
					16
				],
				"_iconAnchor": [
					8,
					8
				]
			}
		},
		{
			"type": "Feature",
			"geometry": {
				"type": "Point",
				"coordinates": [
					 132.465,
					 33.0556
				]
			},
			"properties": {
				"name": "JA5/EH-168(曲烏)",
				"読み":"Magarasu",
				"標高":"249m 1pt ",
				"GL":"PM63fb",
				"市郡区":"C#3803 / G#38012F ",
				"登山日":"",
				"メモ":"",
				"_markerType": "Icon",
				"_iconUrl": "https://maps.gsi.go.jp/portal/sys/v4/symbols/826.png",
				"_iconSize": [
					16,
					16
				],
				"_iconAnchor": [
					8,
					8
				]
			}
		},
		{
			"type": "Feature",
			"geometry": {
				"type": "Point",
				"coordinates": [
					 132.9708,
					 34.0852
				]
			},
			"properties": {
				"name": "JA5/EH-169(近見山)",
				"読み":"Chikamiyama",
				"標高":"244m 1pt ",
				"GL":"PM64lc",
				"市郡区":"C#3802 ",
				"登山日":"",
				"メモ":"",
				"_markerType": "Icon",
				"_iconUrl": "https://maps.gsi.go.jp/portal/sys/v4/symbols/826.png",
				"_iconSize": [
					16,
					16
				],
				"_iconAnchor": [
					8,
					8
				]
			}
		},
		{
			"type": "Feature",
			"geometry": {
				"type": "Point",
				"coordinates": [
					 132.3931,
					 33.4628
				]
			},
			"properties": {
				"name": "JA5/EH-170(向山(三角点))",
				"読み":"Mukaiyama",
				"標高":"235m 1pt ",
				"GL":"PM63el",
				"市郡区":"C#3804 ",
				"登山日":"",
				"メモ":"",
				"_markerType": "Icon",
				"_iconUrl": "https://maps.gsi.go.jp/portal/sys/v4/symbols/826.png",
				"_iconSize": [
					16,
					16
				],
				"_iconAnchor": [
					8,
					8
				]
			}
		},
		{
			"type": "Feature",
			"geometry": {
				"type": "Point",
				"coordinates": [
					 133.0982,
					 34.1674
				]
			},
			"properties": {
				"name": "JA5/EH-171(戸大(三角点))",
				"読み":"Todai",
				"標高":"234m 1pt ",
				"GL":"PM64ne",
				"市郡区":"C#3802 ",
				"登山日":"",
				"メモ":"",
				"_markerType": "Icon",
				"_iconUrl": "https://maps.gsi.go.jp/portal/sys/v4/symbols/826.png",
				"_iconSize": [
					16,
					16
				],
				"_iconAnchor": [
					8,
					8
				]
			}
		},
		{
			"type": "Feature",
			"geometry": {
				"type": "Point",
				"coordinates": [
					 133.0211,
					 34.1136
				]
			},
			"properties": {
				"name": "JA5/EH-172(館山)",
				"読み":"Tateyama",
				"標高":"231m 1pt ",
				"GL":"PM64mc",
				"市郡区":"C#3802 ",
				"登山日":"",
				"メモ":"",
				"_markerType": "Icon",
				"_iconUrl": "https://maps.gsi.go.jp/portal/sys/v4/symbols/826.png",
				"_iconSize": [
					16,
					16
				],
				"_iconAnchor": [
					8,
					8
				]
			}
		},
		{
			"type": "Feature",
			"geometry": {
				"type": "Point",
				"coordinates": [
					 132.4858,
					 32.9672
				]
			},
			"properties": {
				"name": "JA5/EH-173(中浦(三角点))",
				"読み":"Nakaura",
				"標高":"230m 1pt ",
				"GL":"PM62fx",
				"市郡区":"G#38012F ",
				"登山日":"",
				"メモ":"",
				"_markerType": "Icon",
				"_iconUrl": "https://maps.gsi.go.jp/portal/sys/v4/symbols/826.png",
				"_iconSize": [
					16,
					16
				],
				"_iconAnchor": [
					8,
					8
				]
			}
		},
		{
			"type": "Feature",
			"geometry": {
				"type": "Point",
				"coordinates": [
					 132.5072,
					 32.9516
				]
			},
			"properties": {
				"name": "JA5/EH-174(小谷(三角点))",
				"読み":"Odani",
				"標高":"221m 1pt ",
				"GL":"PM62gw",
				"市郡区":"G#38012F ",
				"登山日":"",
				"メモ":"",
				"_markerType": "Icon",
				"_iconUrl": "https://maps.gsi.go.jp/portal/sys/v4/symbols/826.png",
				"_iconSize": [
					16,
					16
				],
				"_iconAnchor": [
					8,
					8
				]
			}
		},
		{
			"type": "Feature",
			"geometry": {
				"type": "Point",
				"coordinates": [
					 132.4539,
					 32.9449
				]
			},
			"properties": {
				"name": "JA5/EH-175(鹿島(三角点))",
				"読み":"Kashima",
				"標高":"214m 1pt ",
				"GL":"PM62fw",
				"市郡区":"G#38012F ",
				"登山日":"",
				"メモ":"",
				"_markerType": "Icon",
				"_iconUrl": "https://maps.gsi.go.jp/portal/sys/v4/symbols/826.png",
				"_iconSize": [
					16,
					16
				],
				"_iconAnchor": [
					8,
					8
				]
			}
		},
		{
			"type": "Feature",
			"geometry": {
				"type": "Point",
				"coordinates": [
					 132.9718,
					 34.2637
				]
			},
			"properties": {
				"name": "JA5/EH-176(鏡山)",
				"読み":"Kagamiyama",
				"標高":"212m 1pt ",
				"GL":"PM64lg",
				"市郡区":"C#3802 ",
				"登山日":"",
				"メモ":"",
				"_markerType": "Icon",
				"_iconUrl": "https://maps.gsi.go.jp/portal/sys/v4/symbols/826.png",
				"_iconSize": [
					16,
					16
				],
				"_iconAnchor": [
					8,
					8
				]
			}
		},
		{
			"type": "Feature",
			"geometry": {
				"type": "Point",
				"coordinates": [
					 133.2481,
					 33.9399
				]
			},
			"properties": {
				"name": "JA5/EH-177(点204)",
				"読み":"P204",
				"標高":"206m 1pt ",
				"GL":"PM63ow",
				"市郡区":"C#3805 ",
				"登山日":"",
				"メモ":"",
				"_markerType": "Icon",
				"_iconUrl": "https://maps.gsi.go.jp/portal/sys/v4/symbols/826.png",
				"_iconSize": [
					16,
					16
				],
				"_iconAnchor": [
					8,
					8
				]
			}
		},
		{
			"type": "Feature",
			"geometry": {
				"type": "Point",
				"coordinates": [
					 132.7111,
					 33.8833
				]
			},
			"properties": {
				"name": "JA5/EH-178(経ヶ森)",
				"読み":"Kyougamori",
				"標高":"203m 1pt ",
				"GL":"PM63iv",
				"市郡区":"C#3801 ",
				"登山日":"",
				"メモ":"",
				"_markerType": "Icon",
				"_iconUrl": "https://maps.gsi.go.jp/portal/sys/v4/symbols/826.png",
				"_iconSize": [
					16,
					16
				],
				"_iconAnchor": [
					8,
					8
				]
			}
		},
		{
			"type": "Feature",
			"geometry": {
				"type": "Point",
				"coordinates": [
					 132.0336,
					 33.3531
				]
			},
			"properties": {
				"name": "JA5/EH-179(景ノ平(三角点))",
				"読み":"Kagenodaira",
				"標高":"202m 1pt ",
				"GL":"PM63ai",
				"市郡区":"G#38010B ",
				"登山日":"",
				"メモ":"",
				"_markerType": "Icon",
				"_iconUrl": "https://maps.gsi.go.jp/portal/sys/v4/symbols/826.png",
				"_iconSize": [
					16,
					16
				],
				"_iconAnchor": [
					8,
					8
				]
			}
		},
		{
			"type": "Feature",
			"geometry": {
				"type": "Point",
				"coordinates": [
					 132.4476,
					 33.1383
				]
			},
			"properties": {
				"name": "JA5/EH-180(峠ヶ森)",
				"読み":"Tougegamori",
				"標高":"202m 1pt ",
				"GL":"PM63fd",
				"市郡区":"C#3803 ",
				"登山日":"",
				"メモ":"",
				"_markerType": "Icon",
				"_iconUrl": "https://maps.gsi.go.jp/portal/sys/v4/symbols/826.png",
				"_iconSize": [
					16,
					16
				],
				"_iconAnchor": [
					8,
					8
				]
			}
		},
		{
			"type": "Feature",
			"geometry": {
				"type": "Point",
				"coordinates": [
					 132.3005,
					 33.1554
				]
			},
			"properties": {
				"name": "JA5/EH-181(赤碆(三角点))",
				"読み":"Akabai",
				"標高":"198m 1pt ",
				"GL":"PM63dd",
				"市郡区":"C#3803 ",
				"登山日":"",
				"メモ":"",
				"_markerType": "Icon",
				"_iconUrl": "https://maps.gsi.go.jp/portal/sys/v4/symbols/826.png",
				"_iconSize": [
					16,
					16
				],
				"_iconAnchor": [
					8,
					8
				]
			}
		},
		{
			"type": "Feature",
			"geometry": {
				"type": "Point",
				"coordinates": [
					 132.3228,
					 33.1036
				]
			},
			"properties": {
				"name": "JA5/EH-182(御五神島(三角点))",
				"読み":"Oitsukamijima",
				"標高":"195m 1pt ",
				"GL":"PM63dc",
				"市郡区":"C#3803 ",
				"登山日":"",
				"メモ":"",
				"_markerType": "Icon",
				"_iconUrl": "https://maps.gsi.go.jp/portal/sys/v4/symbols/826.png",
				"_iconSize": [
					16,
					16
				],
				"_iconAnchor": [
					8,
					8
				]
			}
		},
		{
			"type": "Feature",
			"geometry": {
				"type": "Point",
				"coordinates": [
					 132.3751,
					 33.2113
				]
			},
			"properties": {
				"name": "JA5/EH-183(戸島(三角点))",
				"読み":"Tojima",
				"標高":"191m 1pt ",
				"GL":"PM63ef",
				"市郡区":"C#3803 ",
				"登山日":"",
				"メモ":"",
				"_markerType": "Icon",
				"_iconUrl": "https://maps.gsi.go.jp/portal/sys/v4/symbols/826.png",
				"_iconSize": [
					16,
					16
				],
				"_iconAnchor": [
					8,
					8
				]
			}
		},
		{
			"type": "Feature",
			"geometry": {
				"type": "Point",
				"coordinates": [
					 132.4008,
					 33.1969
				]
			},
			"properties": {
				"name": "JA5/EH-184(点186)",
				"読み":"P186",
				"標高":"186m 1pt ",
				"GL":"PM63ee",
				"市郡区":"C#3803 ",
				"登山日":"",
				"メモ":"",
				"_markerType": "Icon",
				"_iconUrl": "https://maps.gsi.go.jp/portal/sys/v4/symbols/826.png",
				"_iconSize": [
					16,
					16
				],
				"_iconAnchor": [
					8,
					8
				]
			}
		},
		{
			"type": "Feature",
			"geometry": {
				"type": "Point",
				"coordinates": [
					 132.4664,
					 33.1221
				]
			},
			"properties": {
				"name": "JA5/EH-185(真烏(三角点))",
				"読み":"Madori",
				"標高":"174m 1pt ",
				"GL":"PM63fc",
				"市郡区":"C#3803 ",
				"登山日":"",
				"メモ":"",
				"_markerType": "Icon",
				"_iconUrl": "https://maps.gsi.go.jp/portal/sys/v4/symbols/826.png",
				"_iconSize": [
					16,
					16
				],
				"_iconAnchor": [
					8,
					8
				]
			}
		},
		{
			"type": "Feature",
			"geometry": {
				"type": "Point",
				"coordinates": [
					 132.4123,
					 33.1059
				]
			},
			"properties": {
				"name": "JA5/EH-186(竹ケ島(三角点))",
				"読み":"Takegashima",
				"標高":"172m 1pt ",
				"GL":"PM63ec",
				"市郡区":"C#3803 ",
				"登山日":"",
				"メモ":"",
				"_markerType": "Icon",
				"_iconUrl": "https://maps.gsi.go.jp/portal/sys/v4/symbols/826.png",
				"_iconSize": [
					16,
					16
				],
				"_iconAnchor": [
					8,
					8
				]
			}
		},
		{
			"type": "Feature",
			"geometry": {
				"type": "Point",
				"coordinates": [
					 133.3151,
					 34.1773
				]
			},
			"properties": {
				"name": "JA5/EH-187(伊沖ノ島(三角点))",
				"読み":"Iokinoshima",
				"標高":"170m 1pt ",
				"GL":"PM64pe",
				"市郡区":"G#38003P ",
				"登山日":"",
				"メモ":"",
				"_markerType": "Icon",
				"_iconUrl": "https://maps.gsi.go.jp/portal/sys/v4/symbols/826.png",
				"_iconSize": [
					16,
					16
				],
				"_iconAnchor": [
					8,
					8
				]
			}
		},
		{
			"type": "Feature",
			"geometry": {
				"type": "Point",
				"coordinates": [
					 132.3399,
					 33.3919
				]
			},
			"properties": {
				"name": "JA5/EH-188(沖大島(三角点))",
				"読み":"Okiooshima",
				"標高":"167m 1pt ",
				"GL":"PM63ej",
				"市郡区":"C#3804 ",
				"登山日":"",
				"メモ":"",
				"_markerType": "Icon",
				"_iconUrl": "https://maps.gsi.go.jp/portal/sys/v4/symbols/826.png",
				"_iconSize": [
					16,
					16
				],
				"_iconAnchor": [
					8,
					8
				]
			}
		},
		{
			"type": "Feature",
			"geometry": {
				"type": "Point",
				"coordinates": [
					 132.2869,
					 33.1685
				]
			},
			"properties": {
				"name": "JA5/EH-190(日振島(三角点))",
				"読み":"Hiburijima",
				"標高":"159m 1pt ",
				"GL":"PM63de",
				"市郡区":"C#3803 ",
				"登山日":"",
				"メモ":"",
				"_markerType": "Icon",
				"_iconUrl": "https://maps.gsi.go.jp/portal/sys/v4/symbols/826.png",
				"_iconSize": [
					16,
					16
				],
				"_iconAnchor": [
					8,
					8
				]
			}
		},
		{
			"type": "Feature",
			"geometry": {
				"type": "Point",
				"coordinates": [
					 132.6375,
					 33.0636
				]
			},
			"properties": {
				"name": "JA5/EH-191(瀬戸黒森)",
				"読み":"Setokuromori",
				"標高":"977m 6pt ",
				"GL":"PM96hd",
				"市郡区":"C#3803 ",
				"登山日":"",
				"メモ":"",
				"_markerType": "Icon",
				"_iconUrl": "https://maps.gsi.go.jp/portal/sys/v4/symbols/103.png",
				"_iconSize": [
					16,
					16
				],
				"_iconAnchor": [
					8,
					8
				]
			}
		},
		{
			"type": "Feature",
			"geometry": {
				"type": "Point",
				"coordinates": [
					 132.5595,
					 33.2821
				]
			},
			"properties": {
				"name": "JA5/EH-192(是房(三角点))",
				"読み":"Korefusa",
				"標高":"368m 1pt ",
				"GL":"PM63gg",
				"市郡区":"C#3803 ",
				"登山日":"",
				"メモ":"",
				"_markerType": "Icon",
				"_iconUrl": "https://maps.gsi.go.jp/portal/sys/v4/symbols/826.png",
				"_iconSize": [
					16,
					16
				],
				"_iconAnchor": [
					8,
					8
				]
			}
		},
		{
			"type": "Feature",
			"geometry": {
				"type": "Point",
				"coordinates": [
					 132.4212,
					 33.3915
				]
			},
			"properties": {
				"name": "JA5/EH-193(堂ケ森(三角点))",
				"読み":"Dougamori",
				"標高":"317m 1pt ",
				"GL":"PM63fj",
				"市郡区":"C#3814 ",
				"登山日":"",
				"メモ":"",
				"_markerType": "Icon",
				"_iconUrl": "https://maps.gsi.go.jp/portal/sys/v4/symbols/826.png",
				"_iconSize": [
					16,
					16
				],
				"_iconAnchor": [
					8,
					8
				]
			}
		},
		{
			"type": "Feature",
			"geometry": {
				"type": "Point",
				"coordinates": [
					 133.9396,
					 34.1152
				]
			},
			"properties": {
				"name": "JA5/KA-001(大川山)",
				"読み":"Daisenzan",
				"標高":"1043m 6pt ",
				"GL":"PM64xc",
				"市郡区":"G#36006F / C#3708 ",
				"登山日":"",
				"メモ":"",
				"_markerType": "Icon",
				"_iconUrl": "https://maps.gsi.go.jp/portal/sys/v4/symbols/103.png",
				"_iconSize": [
					16,
					16
				],
				"_iconAnchor": [
					8,
					8
				]
			}
		},
		{
			"type": "Feature",
			"geometry": {
				"type": "Point",
				"coordinates": [
					 134.3175,
					 34.5154
				]
			},
			"properties": {
				"name": "JA5/KA-002(嶮岨山(星ヶ城山))",
				"読み":"Kensozan/Hoshigajyouyama",
				"標高":"816m 4pt ",
				"GL":"PM74dm",
				"市郡区":"G#36005D ",
				"登山日":"",
				"メモ":"",
				"_markerType": "Icon",
				"_iconUrl": "https://maps.gsi.go.jp/portal/sys/v4/symbols/828.png",
				"_iconSize": [
					16,
					16
				],
				"_iconAnchor": [
					8,
					8
				]
			}
		},
		{
			"type": "Feature",
			"geometry": {
				"type": "Point",
				"coordinates": [
					 134.1968,
					 34.1942
				]
			},
			"properties": {
				"name": "JA5/KA-003(矢筈山)",
				"読み":"Yahazuyama",
				"標高":"789m 4pt ",
				"GL":"PM74ce",
				"市郡区":"C#3606 ",
				"登山日":"",
				"メモ":"",
				"_markerType": "Icon",
				"_iconUrl": "https://maps.gsi.go.jp/portal/sys/v4/symbols/828.png",
				"_iconSize": [
					16,
					16
				],
				"_iconAnchor": [
					8,
					8
				]
			}
		},
		{
			"type": "Feature",
			"geometry": {
				"type": "Point",
				"coordinates": [
					 133.7921,
					 34.0778
				]
			},
			"properties": {
				"name": "JA5/KA-004(若狭峰)",
				"読み":"Wakasamine",
				"標高":"787m 4pt ",
				"GL":"PM64vb",
				"市郡区":"C#3608 / C#3708 ",
				"登山日":"",
				"メモ":"",
				"_markerType": "Icon",
				"_iconUrl": "https://maps.gsi.go.jp/portal/sys/v4/symbols/828.png",
				"_iconSize": [
					16,
					16
				],
				"_iconAnchor": [
					8,
					8
				]
			}
		},
		{
			"type": "Feature",
			"geometry": {
				"type": "Point",
				"coordinates": [
					 134.2827,
					 34.5125
				]
			},
			"properties": {
				"name": "JA5/KA-005(四方指)",
				"読み":"Shihouzashi",
				"標高":"776m 4pt ",
				"GL":"PM74dm",
				"市郡区":"G#36005D ",
				"登山日":"",
				"メモ":"",
				"_markerType": "Icon",
				"_iconUrl": "https://maps.gsi.go.jp/portal/sys/v4/symbols/828.png",
				"_iconSize": [
					16,
					16
				],
				"_iconAnchor": [
					8,
					8
				]
			}
		},
		{
			"type": "Feature",
			"geometry": {
				"type": "Point",
				"coordinates": [
					 134.02,
					 34.1659
				]
			},
			"properties": {
				"name": "JA5/KA-006(前山)",
				"読み":"Maeyama",
				"標高":"643m 2pt ",
				"GL":"PM74ad",
				"市郡区":"G#36001G ",
				"登山日":"",
				"メモ":"",
				"_markerType": "Icon",
				"_iconUrl": "https://maps.gsi.go.jp/portal/sys/v4/symbols/102.png",
				"_iconSize": [
					16,
					16
				],
				"_iconAnchor": [
					8,
					8
				]
			}
		},
		{
			"type": "Feature",
			"geometry": {
				"type": "Point",
				"coordinates": [
					 134.151,
					 34.1938
				]
			},
			"properties": {
				"name": "JA5/KA-007(高仙山)",
				"読み":"Kouzensan",
				"標高":"627m 2pt ",
				"GL":"PM74be",
				"市郡区":"G#36004B ",
				"登山日":"",
				"メモ":"",
				"_markerType": "Icon",
				"_iconUrl": "https://maps.gsi.go.jp/portal/sys/v4/symbols/102.png",
				"_iconSize": [
					16,
					16
				],
				"_iconAnchor": [
					8,
					8
				]
			}
		},
		{
			"type": "Feature",
			"geometry": {
				"type": "Point",
				"coordinates": [
					 133.7885,
					 34.1966
				]
			},
			"properties": {
				"name": "JA5/KA-008(象頭山(大麻山))",
				"読み":"Zouzusan/Oosayama",
				"標高":"616m 2pt ",
				"GL":"PM64ve",
				"市郡区":"C#3608 / C#3604 ",
				"登山日":"",
				"メモ":"",
				"_markerType": "Icon",
				"_iconUrl": "https://maps.gsi.go.jp/portal/sys/v4/symbols/102.png",
				"_iconSize": [
					16,
					16
				],
				"_iconAnchor": [
					8,
					8
				]
			}
		},
		{
			"type": "Feature",
			"geometry": {
				"type": "Point",
				"coordinates": [
					 134.2653,
					 34.22
				]
			},
			"properties": {
				"name": "JA5/KA-009(笠ケ峰)",
				"読み":"Kasagamine",
				"標高":"560m 2pt ",
				"GL":"PM74df",
				"市郡区":"C#3606 / C#3607 ",
				"登山日":"",
				"メモ":"",
				"_markerType": "Icon",
				"_iconUrl": "https://maps.gsi.go.jp/portal/sys/v4/symbols/102.png",
				"_iconSize": [
					16,
					16
				],
				"_iconAnchor": [
					8,
					8
				]
			}
		},
		{
			"type": "Feature",
			"geometry": {
				"type": "Point",
				"coordinates": [
					 133.9406,
					 34.1894
				]
			},
			"properties": {
				"name": "JA5/KA-010(高鉢山)",
				"読み":"Takahachiyama",
				"標高":"512m 2pt ",
				"GL":"PM64xe",
				"市郡区":"G#36001G ",
				"登山日":"",
				"メモ":"",
				"_markerType": "Icon",
				"_iconUrl": "https://maps.gsi.go.jp/portal/sys/v4/symbols/102.png",
				"_iconSize": [
					16,
					16
				],
				"_iconAnchor": [
					8,
					8
				]
			}
		},
		{
			"type": "Feature",
			"geometry": {
				"type": "Point",
				"coordinates": [
					 133.9014,
					 34.2093
				]
			},
			"properties": {
				"name": "JA5/KA-011(大高見峰)",
				"読み":"Ootakamibou",
				"標高":"504m 2pt ",
				"GL":"PM64wf",
				"市郡区":"G#36006F / G#36001G / C#3602",
				"登山日":"",
				"メモ":"",
				"_markerType": "Icon",
				"_iconUrl": "https://maps.gsi.go.jp/portal/sys/v4/symbols/102.png",
				"_iconSize": [
					16,
					16
				],
				"_iconAnchor": [
					8,
					8
				]
			}
		},
		{
			"type": "Feature",
			"geometry": {
				"type": "Point",
				"coordinates": [
					 133.7547,
					 34.2139
				]
			},
			"properties": {
				"name": "JA5/KA-012(我拝師山)",
				"読み":"Gahaishizan",
				"標高":"481m 1pt ",
				"GL":"PM64vf",
				"市郡区":"C#3604 ",
				"登山日":"",
				"メモ":"",
				"_markerType": "Icon",
				"_iconUrl": "https://maps.gsi.go.jp/portal/sys/v4/symbols/826.png",
				"_iconSize": [
					16,
					16
				],
				"_iconAnchor": [
					8,
					8
				]
			}
		},
		{
			"type": "Feature",
			"geometry": {
				"type": "Point",
				"coordinates": [
					 133.8841,
					 34.204
				]
			},
			"properties": {
				"name": "JA5/KA-014(猫山)",
				"読み":"Nekoyama",
				"標高":"468m 1pt ",
				"GL":"PM64we",
				"市郡区":"G#36006F / C#3602 ",
				"登山日":"",
				"メモ":"",
				"_markerType": "Icon",
				"_iconUrl": "https://maps.gsi.go.jp/portal/sys/v4/symbols/826.png",
				"_iconSize": [
					16,
					16
				],
				"_iconAnchor": [
					8,
					8
				]
			}
		},
		{
			"type": "Feature",
			"geometry": {
				"type": "Point",
				"coordinates": [
					 133.8899,
					 34.2898
				]
			},
			"properties": {
				"name": "JA5/KA-015(城山)",
				"読み":"Kiyama",
				"標高":"462m 1pt ",
				"GL":"PM64wg",
				"市郡区":"C#3603 / C#3602 ",
				"登山日":"",
				"メモ":"",
				"_markerType": "Icon",
				"_iconUrl": "https://maps.gsi.go.jp/portal/sys/v4/symbols/826.png",
				"_iconSize": [
					16,
					16
				],
				"_iconAnchor": [
					8,
					8
				]
			}
		},
		{
			"type": "Feature",
			"geometry": {
				"type": "Point",
				"coordinates": [
					 134.3382,
					 34.4638
				]
			},
			"properties": {
				"name": "JA5/KA-017(碁石山)",
				"読み":"Goishizan",
				"標高":"434m 1pt ",
				"GL":"PM74el",
				"市郡区":"G#36005D ",
				"登山日":"",
				"メモ":"",
				"_markerType": "Icon",
				"_iconUrl": "https://maps.gsi.go.jp/portal/sys/v4/symbols/826.png",
				"_iconSize": [
					16,
					16
				],
				"_iconAnchor": [
					8,
					8
				]
			}
		},
		{
			"type": "Feature",
			"geometry": {
				"type": "Point",
				"coordinates": [
					 133.8026,
					 34.153
				]
			},
			"properties": {
				"name": "JA5/KA-018(立石山)",
				"読み":"Tateishiyama",
				"標高":"433m 1pt ",
				"GL":"PM64vd",
				"市郡区":"C#3608 / G#36006F ",
				"登山日":"",
				"メモ":"",
				"_markerType": "Icon",
				"_iconUrl": "https://maps.gsi.go.jp/portal/sys/v4/symbols/826.png",
				"_iconSize": [
					16,
					16
				],
				"_iconAnchor": [
					8,
					8
				]
			}
		},
		{
			"type": "Feature",
			"geometry": {
				"type": "Point",
				"coordinates": [
					 134.2236,
					 34.4944
				]
			},
			"properties": {
				"name": "JA5/KA-019(大麻山)",
				"読み":"Ooasayama",
				"標高":"427m 1pt ",
				"GL":"PM74cl",
				"市郡区":"G#36005D / G#36005C ",
				"登山日":"",
				"メモ":"",
				"_markerType": "Icon",
				"_iconUrl": "https://maps.gsi.go.jp/portal/sys/v4/symbols/826.png",
				"_iconSize": [
					16,
					16
				],
				"_iconAnchor": [
					8,
					8
				]
			}
		},
		{
			"type": "Feature",
			"geometry": {
				"type": "Point",
				"coordinates": [
					 133.8459,
					 34.2744
				]
			},
			"properties": {
				"name": "JA5/KA-020(飯野山(讃岐富士))",
				"読み":"Iinoyama(Sanukifuji)",
				"標高":"422m 1pt ",
				"GL":"PM64wg",
				"市郡区":"C#3602 / C#3603 ",
				"登山日":"",
				"メモ":"",
				"_markerType": "Icon",
				"_iconUrl": "https://maps.gsi.go.jp/portal/sys/v4/symbols/826.png",
				"_iconSize": [
					16,
					16
				],
				"_iconAnchor": [
					8,
					8
				]
			}
		},
		{
			"type": "Feature",
			"geometry": {
				"type": "Point",
				"coordinates": [
					 134.3144,
					 34.2162
				]
			},
			"properties": {
				"name": "JA5/KA-021(虎丸山)",
				"読み":"Toramarusan",
				"標高":"417m 1pt ",
				"GL":"PM74df",
				"市郡区":"C#3607 ",
				"登山日":"",
				"メモ":"",
				"_markerType": "Icon",
				"_iconUrl": "https://maps.gsi.go.jp/portal/sys/v4/symbols/826.png",
				"_iconSize": [
					16,
					16
				],
				"_iconAnchor": [
					8,
					8
				]
			}
		},
		{
			"type": "Feature",
			"geometry": {
				"type": "Point",
				"coordinates": [
					 134.1882,
					 34.4999
				]
			},
			"properties": {
				"name": "JA5/KA-022(皇踏山)",
				"読み":"Outozan",
				"標高":"394m 1pt ",
				"GL":"PM74cl",
				"市郡区":"G#36005C ",
				"登山日":"",
				"メモ":"",
				"_markerType": "Icon",
				"_iconUrl": "https://maps.gsi.go.jp/portal/sys/v4/symbols/826.png",
				"_iconSize": [
					16,
					16
				],
				"_iconAnchor": [
					8,
					8
				]
			}
		},
		{
			"type": "Feature",
			"geometry": {
				"type": "Point",
				"coordinates": [
					 133.7355,
					 34.2356
				]
			},
			"properties": {
				"name": "JA5/KA-023(天霧山)",
				"読み":"Amagiriyama",
				"標高":"382m 1pt ",
				"GL":"PM64uf",
				"市郡区":"C#3604 / G#36006B ",
				"登山日":"",
				"メモ":"",
				"_markerType": "Icon",
				"_iconUrl": "https://maps.gsi.go.jp/portal/sys/v4/symbols/826.png",
				"_iconSize": [
					16,
					16
				],
				"_iconAnchor": [
					8,
					8
				]
			}
		},
		{
			"type": "Feature",
			"geometry": {
				"type": "Point",
				"coordinates": [
					 134.1414,
					 34.361
				]
			},
			"properties": {
				"name": "JA5/KA-024(五剣山(八栗山))",
				"読み":"Gokenzan(Yakuriyama)",
				"標高":"375m 1pt ",
				"GL":"PM74bi",
				"市郡区":"C#3601 ",
				"登山日":"",
				"メモ":"",
				"_markerType": "Icon",
				"_iconUrl": "https://maps.gsi.go.jp/portal/sys/v4/symbols/826.png",
				"_iconSize": [
					16,
					16
				],
				"_iconAnchor": [
					8,
					8
				]
			}
		},
		{
			"type": "Feature",
			"geometry": {
				"type": "Point",
				"coordinates": [
					 133.5957,
					 34.2437
				]
			},
			"properties": {
				"name": "JA5/KA-025(紫雲出山)",
				"読み":"Shiundezan",
				"標高":"352m 1pt ",
				"GL":"PM64tf",
				"市郡区":"C#3608 ",
				"登山日":"",
				"メモ":"",
				"_markerType": "Icon",
				"_iconUrl": "https://maps.gsi.go.jp/portal/sys/v4/symbols/826.png",
				"_iconSize": [
					16,
					16
				],
				"_iconAnchor": [
					8,
					8
				]
			}
		},
		{
			"type": "Feature",
			"geometry": {
				"type": "Point",
				"coordinates": [
					 134.078,
					 34.4816
				]
			},
			"properties": {
				"name": "JA5/KA-026(檀山)",
				"読み":"Danyama",
				"標高":"340m 1pt ",
				"GL":"PM74al",
				"市郡区":"G#36005C ",
				"登山日":"",
				"メモ":"",
				"_markerType": "Icon",
				"_iconUrl": "https://maps.gsi.go.jp/portal/sys/v4/symbols/826.png",
				"_iconSize": [
					16,
					16
				],
				"_iconAnchor": [
					8,
					8
				]
			}
		},
		{
			"type": "Feature",
			"geometry": {
				"type": "Point",
				"coordinates": [
					 133.944,
					 34.2785
				]
			},
			"properties": {
				"name": "JA5/KA-027(鷲ノ山)",
				"読み":"Washinoyama",
				"標高":"322m 1pt ",
				"GL":"PM64xg",
				"市郡区":"C#3601 / G#36001G / C#3603",
				"登山日":"",
				"メモ":"",
				"_markerType": "Icon",
				"_iconUrl": "https://maps.gsi.go.jp/portal/sys/v4/symbols/826.png",
				"_iconSize": [
					16,
					16
				],
				"_iconAnchor": [
					8,
					8
				]
			}
		},
		{
			"type": "Feature",
			"geometry": {
				"type": "Point",
				"coordinates": [
					 133.6451,
					 34.2221
				]
			},
			"properties": {
				"name": "JA5/KA-028(妙見山)",
				"読み":"Myoukenzan",
				"標高":"320m 1pt ",
				"GL":"PM64tf",
				"市郡区":"C#3608 ",
				"登山日":"",
				"メモ":"",
				"_markerType": "Icon",
				"_iconUrl": "https://maps.gsi.go.jp/portal/sys/v4/symbols/826.png",
				"_iconSize": [
					16,
					16
				],
				"_iconAnchor": [
					8,
					8
				]
			}
		},
		{
			"type": "Feature",
			"geometry": {
				"type": "Point",
				"coordinates": [
					 133.9794,
					 34.2921
				]
			},
			"properties": {
				"name": "JA5/KA-029(六ツ目山)",
				"読み":"Mutsumeyama",
				"標高":"317m 1pt ",
				"GL":"PM64xh",
				"市郡区":"C#3601 ",
				"登山日":"",
				"メモ":"",
				"_markerType": "Icon",
				"_iconUrl": "https://maps.gsi.go.jp/portal/sys/v4/symbols/826.png",
				"_iconSize": [
					16,
					16
				],
				"_iconAnchor": [
					8,
					8
				]
			}
		},
		{
			"type": "Feature",
			"geometry": {
				"type": "Point",
				"coordinates": [
					 133.7011,
					 34.362
				]
			},
			"properties": {
				"name": "JA5/KA-030(王頭山)",
				"読み":"Outouzan",
				"標高":"312m 1pt ",
				"GL":"PM64ui",
				"市郡区":"C#3602 ",
				"登山日":"",
				"メモ":"",
				"_markerType": "Icon",
				"_iconUrl": "https://maps.gsi.go.jp/portal/sys/v4/symbols/826.png",
				"_iconSize": [
					16,
					16
				],
				"_iconAnchor": [
					8,
					8
				]
			}
		},
		{
			"type": "Feature",
			"geometry": {
				"type": "Point",
				"coordinates": [
					 134.2771,
					 34.2638
				]
			},
			"properties": {
				"name": "JA5/KA-031(鶴羽山(三角点))",
				"読み":"Tsuruwayama",
				"標高":"304m 1pt ",
				"GL":"PM74dg",
				"市郡区":"C#3606 / C#3607 ",
				"登山日":"",
				"メモ":"",
				"_markerType": "Icon",
				"_iconUrl": "https://maps.gsi.go.jp/portal/sys/v4/symbols/826.png",
				"_iconSize": [
					16,
					16
				],
				"_iconAnchor": [
					8,
					8
				]
			}
		},
		{
			"type": "Feature",
			"geometry": {
				"type": "Point",
				"coordinates": [
					 134.2383,
					 34.4218
				]
			},
			"properties": {
				"name": "JA5/KA-032(白浜山)",
				"読み":"Shirahamayama",
				"標高":"300m 1pt ",
				"GL":"PM74ck",
				"市郡区":"G#36005D ",
				"登山日":"",
				"メモ":"",
				"_markerType": "Icon",
				"_iconUrl": "https://maps.gsi.go.jp/portal/sys/v4/symbols/826.png",
				"_iconSize": [
					16,
					16
				],
				"_iconAnchor": [
					8,
					8
				]
			}
		},
		{
			"type": "Feature",
			"geometry": {
				"type": "Point",
				"coordinates": [
					 133.6753,
					 34.312
				]
			},
			"properties": {
				"name": "JA5/KA-033(龍王山)",
				"読み":"Ryuouzan",
				"標高":"300m 1pt ",
				"GL":"PM64uh",
				"市郡区":"G#36006B ",
				"登山日":"",
				"メモ":"",
				"_markerType": "Icon",
				"_iconUrl": "https://maps.gsi.go.jp/portal/sys/v4/symbols/826.png",
				"_iconSize": [
					16,
					16
				],
				"_iconAnchor": [
					8,
					8
				]
			}
		},
		{
			"type": "Feature",
			"geometry": {
				"type": "Point",
				"coordinates": [
					 133.6699,
					 34.1996
				]
			},
			"properties": {
				"name": "JA5/KA-034(七宝山)",
				"読み":"Shippousan",
				"標高":"299m 1pt ",
				"GL":"PM64ue",
				"市郡区":"C#3608 ",
				"登山日":"",
				"メモ":"",
				"_markerType": "Icon",
				"_iconUrl": "https://maps.gsi.go.jp/portal/sys/v4/symbols/826.png",
				"_iconSize": [
					16,
					16
				],
				"_iconAnchor": [
					8,
					8
				]
			}
		},
		{
			"type": "Feature",
			"geometry": {
				"type": "Point",
				"coordinates": [
					 134.1046,
					 34.3557
				]
			},
			"properties": {
				"name": "JA5/KA-035(南嶺)",
				"読み":"Nanrei",
				"標高":"292m 1pt ",
				"GL":"PM74bi",
				"市郡区":"C#3601 ",
				"登山日":"",
				"メモ":"",
				"_markerType": "Icon",
				"_iconUrl": "https://maps.gsi.go.jp/portal/sys/v4/symbols/826.png",
				"_iconSize": [
					16,
					16
				],
				"_iconAnchor": [
					8,
					8
				]
			}
		},
		{
			"type": "Feature",
			"geometry": {
				"type": "Point",
				"coordinates": [
					 134.2522,
					 34.3213
				]
			},
			"properties": {
				"name": "JA5/KA-036(讃岐CC)",
				"読み":"SanukiCC",
				"標高":"290m 1pt ",
				"GL":"PM74dh",
				"市郡区":"C#3606 ",
				"登山日":"",
				"メモ":"",
				"_markerType": "Icon",
				"_iconUrl": "https://maps.gsi.go.jp/portal/sys/v4/symbols/826.png",
				"_iconSize": [
					16,
					16
				],
				"_iconAnchor": [
					8,
					8
				]
			}
		},
		{
			"type": "Feature",
			"geometry": {
				"type": "Point",
				"coordinates": [
					 133.7564,
					 34.1671
				]
			},
			"properties": {
				"name": "JA5/KA-037(傾山)",
				"読み":"Katabukiyama",
				"標高":"287m 1pt ",
				"GL":"PM64ve",
				"市郡区":"C#3608 ",
				"登山日":"",
				"メモ":"",
				"_markerType": "Icon",
				"_iconUrl": "https://maps.gsi.go.jp/portal/sys/v4/symbols/826.png",
				"_iconSize": [
					16,
					16
				],
				"_iconAnchor": [
					8,
					8
				]
			}
		},
		{
			"type": "Feature",
			"geometry": {
				"type": "Point",
				"coordinates": [
					 133.871,
					 34.3053
				]
			},
			"properties": {
				"name": "JA5/KA-038(金山)",
				"読み":"Kanayama",
				"標高":"281m 1pt ",
				"GL":"PM64wh",
				"市郡区":"C#3603 ",
				"登山日":"",
				"メモ":"",
				"_markerType": "Icon",
				"_iconUrl": "https://maps.gsi.go.jp/portal/sys/v4/symbols/826.png",
				"_iconSize": [
					16,
					16
				],
				"_iconAnchor": [
					8,
					8
				]
			}
		},
		{
			"type": "Feature",
			"geometry": {
				"type": "Point",
				"coordinates": [
					 133.6595,
					 34.2129
				]
			},
			"properties": {
				"name": "JA5/KA-039(高尾木山)",
				"読み":"Takogiyama",
				"標高":"270m 1pt ",
				"GL":"PM64tf",
				"市郡区":"C#3608 ",
				"登山日":"",
				"メモ":"",
				"_markerType": "Icon",
				"_iconUrl": "https://maps.gsi.go.jp/portal/sys/v4/symbols/826.png",
				"_iconSize": [
					16,
					16
				],
				"_iconAnchor": [
					8,
					8
				]
			}
		},
		{
			"type": "Feature",
			"geometry": {
				"type": "Point",
				"coordinates": [
					 133.6251,
					 34.3407
				]
			},
			"properties": {
				"name": "JA5/KA-040(高登山)",
				"読み":"Takatoyama",
				"標高":"248m 1pt ",
				"GL":"PM64ti",
				"市郡区":"G#36006B ",
				"登山日":"",
				"メモ":"",
				"_markerType": "Icon",
				"_iconUrl": "https://maps.gsi.go.jp/portal/sys/v4/symbols/826.png",
				"_iconSize": [
					16,
					16
				],
				"_iconAnchor": [
					8,
					8
				]
			}
		},
		{
			"type": "Feature",
			"geometry": {
				"type": "Point",
				"coordinates": [
					 133.6241,
					 34.2659
				]
			},
			"properties": {
				"name": "JA5/KA-041(城山)",
				"読み":"Jyounoyama",
				"標高":"222m 1pt ",
				"GL":"PM64tg",
				"市郡区":"C#3608 ",
				"登山日":"",
				"メモ":"",
				"_markerType": "Icon",
				"_iconUrl": "https://maps.gsi.go.jp/portal/sys/v4/symbols/826.png",
				"_iconSize": [
					16,
					16
				],
				"_iconAnchor": [
					8,
					8
				]
			}
		},
		{
			"type": "Feature",
			"geometry": {
				"type": "Point",
				"coordinates": [
					 133.6655,
					 34.4022
				]
			},
			"properties": {
				"name": "JA5/KA-042(尾方山)",
				"読み":"Okatayama",
				"標高":"217m 1pt ",
				"GL":"PM64tj",
				"市郡区":"C#3602 ",
				"登山日":"",
				"メモ":"",
				"_markerType": "Icon",
				"_iconUrl": "https://maps.gsi.go.jp/portal/sys/v4/symbols/826.png",
				"_iconSize": [
					16,
					16
				],
				"_iconAnchor": [
					8,
					8
				]
			}
		},
		{
			"type": "Feature",
			"geometry": {
				"type": "Point",
				"coordinates": [
					 134.061,
					 34.4284
				]
			},
			"properties": {
				"name": "JA5/KA-043(小海山)",
				"読み":"Komiyama",
				"標高":"213m 1pt ",
				"GL":"PM74ak",
				"市郡区":"C#3601 ",
				"登山日":"",
				"メモ":"",
				"_markerType": "Icon",
				"_iconUrl": "https://maps.gsi.go.jp/portal/sys/v4/symbols/826.png",
				"_iconSize": [
					16,
					16
				],
				"_iconAnchor": [
					8,
					8
				]
			}
		},
		{
			"type": "Feature",
			"geometry": {
				"type": "Point",
				"coordinates": [
					 133.7664,
					 34.3756
				]
			},
			"properties": {
				"name": "JA5/KA-044(小阪山)",
				"読み":"Kosakayama",
				"標高":"204m 1pt ",
				"GL":"PM64vj",
				"市郡区":"C#3602 ",
				"登山日":"",
				"メモ":"",
				"_markerType": "Icon",
				"_iconUrl": "https://maps.gsi.go.jp/portal/sys/v4/symbols/826.png",
				"_iconSize": [
					16,
					16
				],
				"_iconAnchor": [
					8,
					8
				]
			}
		},
		{
			"type": "Feature",
			"geometry": {
				"type": "Point",
				"coordinates": [
					 133.7781,
					 34.3927
				]
			},
			"properties": {
				"name": "JA5/KA-045(高無防山)",
				"読み":"Takanboyama",
				"標高":"199m 1pt ",
				"GL":"PM64vj",
				"市郡区":"C#3602 ",
				"登山日":"",
				"メモ":"",
				"_markerType": "Icon",
				"_iconUrl": "https://maps.gsi.go.jp/portal/sys/v4/symbols/826.png",
				"_iconSize": [
					16,
					16
				],
				"_iconAnchor": [
					8,
					8
				]
			}
		},
		{
			"type": "Feature",
			"geometry": {
				"type": "Point",
				"coordinates": [
					 133.6262,
					 34.283
				]
			},
			"properties": {
				"name": "JA5/KA-046(阿島山)",
				"読み":"Ashimayama",
				"標高":"181m 1pt ",
				"GL":"PM64tg",
				"市郡区":"C#3608 ",
				"登山日":"",
				"メモ":"",
				"_markerType": "Icon",
				"_iconUrl": "https://maps.gsi.go.jp/portal/sys/v4/symbols/826.png",
				"_iconSize": [
					16,
					16
				],
				"_iconAnchor": [
					8,
					8
				]
			}
		},
		{
			"type": "Feature",
			"geometry": {
				"type": "Point",
				"coordinates": [
					 133.9226,
					 34.4189
				]
			},
			"properties": {
				"name": "JA5/KA-047(大槌(三角点))",
				"読み":"Ooduchi",
				"標高":"170m 1pt ",
				"GL":"PM64xk",
				"市郡区":"C#3601 / C#3104 ",
				"登山日":"",
				"メモ":"",
				"_markerType": "Icon",
				"_iconUrl": "https://maps.gsi.go.jp/portal/sys/v4/symbols/826.png",
				"_iconSize": [
					16,
					16
				],
				"_iconAnchor": [
					8,
					8
				]
			}
		},
		{
			"type": "Feature",
			"geometry": {
				"type": "Point",
				"coordinates": [
					 133.6416,
					 34.3353
				]
			},
			"properties": {
				"name": "JA5/KA-048(点154(小島))",
				"読み":"P154",
				"標高":"154m 1pt ",
				"GL":"PM64ti",
				"市郡区":"G#36006B ",
				"登山日":"",
				"メモ":"",
				"_markerType": "Icon",
				"_iconUrl": "https://maps.gsi.go.jp/portal/sys/v4/symbols/826.png",
				"_iconSize": [
					16,
					16
				],
				"_iconAnchor": [
					8,
					8
				]
			}
		},
		{
			"type": "Feature",
			"geometry": {
				"type": "Point",
				"coordinates": [
					 134.2339,
					 34.2119
				]
			},
			"properties": {
				"name": "JA5/KA-049(檀特山)",
				"読み":"Dantokusen",
				"標高":"631m 2pt ",
				"GL":"PM74cf",
				"市郡区":"C#3606 / C#3607 ",
				"登山日":"",
				"メモ":"",
				"_markerType": "Icon",
				"_iconUrl": "https://maps.gsi.go.jp/portal/sys/v4/symbols/102.png",
				"_iconSize": [
					16,
					16
				],
				"_iconAnchor": [
					8,
					8
				]
			}
		},
		{
			"type": "Feature",
			"geometry": {
				"type": "Point",
				"coordinates": [
					 134.1305,
					 34.1842
				]
			},
			"properties": {
				"name": "JA5/KA-050(津柳(三角点))",
				"読み":"Tsuyanagi",
				"標高":"550m 2pt ",
				"GL":"PM74be",
				"市郡区":"G#36004B ",
				"登山日":"",
				"メモ":"",
				"_markerType": "Icon",
				"_iconUrl": "https://maps.gsi.go.jp/portal/sys/v4/symbols/102.png",
				"_iconSize": [
					16,
					16
				],
				"_iconAnchor": [
					8,
					8
				]
			}
		},
		{
			"type": "Feature",
			"geometry": {
				"type": "Point",
				"coordinates": [
					 133.6679,
					 34.0539
				]
			},
			"properties": {
				"name": "JA5/KA-051(高尾山)",
				"読み":"Takaosan",
				"標高":"496m 1pt ",
				"GL":"PM64ub",
				"市郡区":"C#3605 ",
				"登山日":"",
				"メモ":"",
				"_markerType": "Icon",
				"_iconUrl": "https://maps.gsi.go.jp/portal/sys/v4/symbols/826.png",
				"_iconSize": [
					16,
					16
				],
				"_iconAnchor": [
					8,
					8
				]
			}
		},
		{
			"type": "Feature",
			"geometry": {
				"type": "Point",
				"coordinates": [
					 133.9539,
					 34.3253
				]
			},
			"properties": {
				"name": "JA5/KA-052(猪尻山)",
				"読み":"Inoshiriyama",
				"標高":"483m 1pt ",
				"GL":"PM64xh",
				"市郡区":"C#3603 / C#3601 ",
				"登山日":"",
				"メモ":"",
				"_markerType": "Icon",
				"_iconUrl": "https://maps.gsi.go.jp/portal/sys/v4/symbols/826.png",
				"_iconSize": [
					16,
					16
				],
				"_iconAnchor": [
					8,
					8
				]
			}
		},
		{
			"type": "Feature",
			"geometry": {
				"type": "Point",
				"coordinates": [
					 133.9006,
					 34.1941
				]
			},
			"properties": {
				"name": "JA5/KA-053(竜山(三角点))",
				"読み":"Tatsuyama",
				"標高":"454m 1pt ",
				"GL":"PM64we",
				"市郡区":"G#36006F ",
				"登山日":"",
				"メモ":"",
				"_markerType": "Icon",
				"_iconUrl": "https://maps.gsi.go.jp/portal/sys/v4/symbols/826.png",
				"_iconSize": [
					16,
					16
				],
				"_iconAnchor": [
					8,
					8
				]
			}
		},
		{
			"type": "Feature",
			"geometry": {
				"type": "Point",
				"coordinates": [
					 133.9453,
					 34.1715
				]
			},
			"properties": {
				"name": "JA5/KA-055(城山)",
				"読み":"Shiroyama",
				"標高":"428m 1pt ",
				"GL":"PM64xe",
				"市郡区":"G#36006F / G#36001G ",
				"登山日":"",
				"メモ":"",
				"_markerType": "Icon",
				"_iconUrl": "https://maps.gsi.go.jp/portal/sys/v4/symbols/826.png",
				"_iconSize": [
					16,
					16
				],
				"_iconAnchor": [
					8,
					8
				]
			}
		},
		{
			"type": "Feature",
			"geometry": {
				"type": "Point",
				"coordinates": [
					 133.8258,
					 34.149
				]
			},
			"properties": {
				"name": "JA5/KA-056(点349)",
				"読み":"P349",
				"標高":"349m 1pt ",
				"GL":"PM64vd",
				"市郡区":"G#36006F ",
				"登山日":"",
				"メモ":"",
				"_markerType": "Icon",
				"_iconUrl": "https://maps.gsi.go.jp/portal/sys/v4/symbols/826.png",
				"_iconSize": [
					16,
					16
				],
				"_iconAnchor": [
					8,
					8
				]
			}
		},
		{
			"type": "Feature",
			"geometry": {
				"type": "Point",
				"coordinates": [
					 133.7534,
					 34.1956
				]
			},
			"properties": {
				"name": "JA5/KA-057(東部山)",
				"読み":"Toubuyama",
				"標高":"312m 1pt ",
				"GL":"PM64ve",
				"市郡区":"C#3608 ",
				"登山日":"",
				"メモ":"",
				"_markerType": "Icon",
				"_iconUrl": "https://maps.gsi.go.jp/portal/sys/v4/symbols/826.png",
				"_iconSize": [
					16,
					16
				],
				"_iconAnchor": [
					8,
					8
				]
			}
		},
		{
			"type": "Feature",
			"geometry": {
				"type": "Point",
				"coordinates": [
					 133.9785,
					 34.2834
				]
			},
			"properties": {
				"name": "JA5/KA-058(堂山北嶺)",
				"読み":"Douyamahokurei",
				"標高":"304m 1pt ",
				"GL":"PM64xg",
				"市郡区":"C#3601 ",
				"登山日":"",
				"メモ":"",
				"_markerType": "Icon",
				"_iconUrl": "https://maps.gsi.go.jp/portal/sys/v4/symbols/826.png",
				"_iconSize": [
					16,
					16
				],
				"_iconAnchor": [
					8,
					8
				]
			}
		},
		{
			"type": "Feature",
			"geometry": {
				"type": "Point",
				"coordinates": [
					 133.7633,
					 34.2218
				]
			},
			"properties": {
				"name": "JA5/KA-059(筆ノ山)",
				"読み":"Fudenoyama",
				"標高":"296m 1pt ",
				"GL":"PM64vf",
				"市郡区":"C#3604 ",
				"登山日":"",
				"メモ":"",
				"_markerType": "Icon",
				"_iconUrl": "https://maps.gsi.go.jp/portal/sys/v4/symbols/826.png",
				"_iconSize": [
					16,
					16
				],
				"_iconAnchor": [
					8,
					8
				]
			}
		},
		{
			"type": "Feature",
			"geometry": {
				"type": "Point",
				"coordinates": [
					 134.1369,
					 34.3082
				]
			},
			"properties": {
				"name": "JA5/KA-060(立石山)",
				"読み":"Tateishiyama",
				"標高":"284m 1pt ",
				"GL":"PM74bh",
				"市郡区":"G#36004B ",
				"登山日":"",
				"メモ":"",
				"_markerType": "Icon",
				"_iconUrl": "https://maps.gsi.go.jp/portal/sys/v4/symbols/826.png",
				"_iconSize": [
					16,
					16
				],
				"_iconAnchor": [
					8,
					8
				]
			}
		},
		{
			"type": "Feature",
			"geometry": {
				"type": "Point",
				"coordinates": [
					 133.8636,
					 34.2982
				]
			},
			"properties": {
				"name": "JA5/KA-061(常山)",
				"読み":"Jyoyama",
				"標高":"283m 1pt ",
				"GL":"PM64wh",
				"市郡区":"C#3603 ",
				"登山日":"",
				"メモ":"",
				"_markerType": "Icon",
				"_iconUrl": "https://maps.gsi.go.jp/portal/sys/v4/symbols/826.png",
				"_iconSize": [
					16,
					16
				],
				"_iconAnchor": [
					8,
					8
				]
			}
		},
		{
			"type": "Feature",
			"geometry": {
				"type": "Point",
				"coordinates": [
					 134.3594,
					 34.2261
				]
			},
			"properties": {
				"name": "JA5/KA-062(点267)",
				"読み":"P267",
				"標高":"267m 1pt ",
				"GL":"PM74ef",
				"市郡区":"C#3607 ",
				"登山日":"",
				"メモ":"",
				"_markerType": "Icon",
				"_iconUrl": "https://maps.gsi.go.jp/portal/sys/v4/symbols/826.png",
				"_iconSize": [
					16,
					16
				],
				"_iconAnchor": [
					8,
					8
				]
			}
		},
		{
			"type": "Feature",
			"geometry": {
				"type": "Point",
				"coordinates": [
					 134.2516,
					 34.278
				]
			},
			"properties": {
				"name": "JA5/KA-063(西山（三角点）火山近傍)",
				"読み":"Nishiyama",
				"標高":"260m 1pt ",
				"GL":"PM74dg",
				"市郡区":"C#3606 ",
				"登山日":"",
				"メモ":"",
				"_markerType": "Icon",
				"_iconUrl": "https://maps.gsi.go.jp/portal/sys/v4/symbols/826.png",
				"_iconSize": [
					16,
					16
				],
				"_iconAnchor": [
					8,
					8
				]
			}
		},
		{
			"type": "Feature",
			"geometry": {
				"type": "Point",
				"coordinates": [
					 134.0761,
					 34.2562
				]
			},
			"properties": {
				"name": "JA5/KA-064(上佐山)",
				"読み":"Uwasayama",
				"標高":"256m 1pt ",
				"GL":"PM74ag",
				"市郡区":"C#3601 ",
				"登山日":"",
				"メモ":"",
				"_markerType": "Icon",
				"_iconUrl": "https://maps.gsi.go.jp/portal/sys/v4/symbols/826.png",
				"_iconSize": [
					16,
					16
				],
				"_iconAnchor": [
					8,
					8
				]
			}
		},
		{
			"type": "Feature",
			"geometry": {
				"type": "Point",
				"coordinates": [
					 133.9006,
					 34.2559
				]
			},
			"properties": {
				"name": "JA5/KA-065(綾歌竜王山)",
				"読み":"Ayautaryuouyama",
				"標高":"255m 1pt ",
				"GL":"PM64wg",
				"市郡区":"C#3602 / G#36001G ",
				"登山日":"",
				"メモ":"",
				"_markerType": "Icon",
				"_iconUrl": "https://maps.gsi.go.jp/portal/sys/v4/symbols/826.png",
				"_iconSize": [
					16,
					16
				],
				"_iconAnchor": [
					8,
					8
				]
			}
		},
		{
			"type": "Feature",
			"geometry": {
				"type": "Point",
				"coordinates": [
					 134.0532,
					 34.258
				]
			},
			"properties": {
				"name": "JA5/KA-066(実相寺山)",
				"読み":"Jissoujiyama",
				"標高":"250m 1pt ",
				"GL":"PM74ag",
				"市郡区":"C#3601 ",
				"登山日":"",
				"メモ":"",
				"_markerType": "Icon",
				"_iconUrl": "https://maps.gsi.go.jp/portal/sys/v4/symbols/826.png",
				"_iconSize": [
					16,
					16
				],
				"_iconAnchor": [
					8,
					8
				]
			}
		},
		{
			"type": "Feature",
			"geometry": {
				"type": "Point",
				"coordinates": [
					 133.9583,
					 34.2672
				]
			},
			"properties": {
				"name": "JA5/KA-067(火ノ山)",
				"読み":"Hinoyama",
				"標高":"247m 1pt ",
				"GL":"PM64xg",
				"市郡区":"G#36001G / C#3601 ",
				"登山日":"",
				"メモ":"",
				"_markerType": "Icon",
				"_iconUrl": "https://maps.gsi.go.jp/portal/sys/v4/symbols/826.png",
				"_iconSize": [
					16,
					16
				],
				"_iconAnchor": [
					8,
					8
				]
			}
		},
		{
			"type": "Feature",
			"geometry": {
				"type": "Point",
				"coordinates": [
					 133.9567,
					 34.3722
				]
			},
			"properties": {
				"name": "JA5/KA-068(紅峰)",
				"読み":"Benimine",
				"標高":"245m 1pt ",
				"GL":"PM64xi",
				"市郡区":"C#3601 ",
				"登山日":"",
				"メモ":"",
				"_markerType": "Icon",
				"_iconUrl": "https://maps.gsi.go.jp/portal/sys/v4/symbols/826.png",
				"_iconSize": [
					16,
					16
				],
				"_iconAnchor": [
					8,
					8
				]
			}
		},
		{
			"type": "Feature",
			"geometry": {
				"type": "Point",
				"coordinates": [
					 134.202,
					 34.3136
				]
			},
			"properties": {
				"name": "JA5/KA-069(五瀬山)",
				"読み":"Goseyama",
				"標高":"243m 1pt ",
				"GL":"PM74ch",
				"市郡区":"C#3606 ",
				"登山日":"",
				"メモ":"",
				"_markerType": "Icon",
				"_iconUrl": "https://maps.gsi.go.jp/portal/sys/v4/symbols/826.png",
				"_iconSize": [
					16,
					16
				],
				"_iconAnchor": [
					8,
					8
				]
			}
		},
		{
			"type": "Feature",
			"geometry": {
				"type": "Point",
				"coordinates": [
					 134.0179,
					 34.3215
				]
			},
			"properties": {
				"name": "JA5/KA-070(浄願寺山)",
				"読み":"Jyoganjiyama",
				"標高":"240m 1pt ",
				"GL":"PM74ah",
				"市郡区":"C#3601 ",
				"登山日":"",
				"メモ":"",
				"_markerType": "Icon",
				"_iconUrl": "https://maps.gsi.go.jp/portal/sys/v4/symbols/826.png",
				"_iconSize": [
					16,
					16
				],
				"_iconAnchor": [
					8,
					8
				]
			}
		},
		{
			"type": "Feature",
			"geometry": {
				"type": "Point",
				"coordinates": [
					 133.7598,
					 34.1797
				]
			},
			"properties": {
				"name": "JA5/KA-071(朝日山)",
				"読み":"Asahiyama",
				"標高":"238m 1pt ",
				"GL":"PM64ve",
				"市郡区":"C#3608 ",
				"登山日":"",
				"メモ":"",
				"_markerType": "Icon",
				"_iconUrl": "https://maps.gsi.go.jp/portal/sys/v4/symbols/826.png",
				"_iconSize": [
					16,
					16
				],
				"_iconAnchor": [
					8,
					8
				]
			}
		},
		{
			"type": "Feature",
			"geometry": {
				"type": "Point",
				"coordinates": [
					 133.913,
					 34.3746
				]
			},
			"properties": {
				"name": "JA5/KA-072(王越山)",
				"読み":"Ougoshiyama",
				"標高":"236m 1pt ",
				"GL":"PM64wi",
				"市郡区":"C#3603 ",
				"登山日":"",
				"メモ":"",
				"_markerType": "Icon",
				"_iconUrl": "https://maps.gsi.go.jp/portal/sys/v4/symbols/826.png",
				"_iconSize": [
					16,
					16
				],
				"_iconAnchor": [
					8,
					8
				]
			}
		},
		{
			"type": "Feature",
			"geometry": {
				"type": "Point",
				"coordinates": [
					 134.0618,
					 34.2607
				]
			},
			"properties": {
				"name": "JA5/KA-073(日妻山)",
				"読み":"Hizumayama",
				"標高":"236m 1pt ",
				"GL":"PM74ag",
				"市郡区":"C#3601 ",
				"登山日":"",
				"メモ":"",
				"_markerType": "Icon",
				"_iconUrl": "https://maps.gsi.go.jp/portal/sys/v4/symbols/826.png",
				"_iconSize": [
					16,
					16
				],
				"_iconAnchor": [
					8,
					8
				]
			}
		},
		{
			"type": "Feature",
			"geometry": {
				"type": "Point",
				"coordinates": [
					 133.7045,
					 34.2256
				]
			},
			"properties": {
				"name": "JA5/KA-074(毘沙古山)",
				"読み":"Bishagoyama",
				"標高":"231m 1pt ",
				"GL":"PM64uf",
				"市郡区":"C#3608 ",
				"登山日":"",
				"メモ":"",
				"_markerType": "Icon",
				"_iconUrl": "https://maps.gsi.go.jp/portal/sys/v4/symbols/826.png",
				"_iconSize": [
					16,
					16
				],
				"_iconAnchor": [
					8,
					8
				]
			}
		},
		{
			"type": "Feature",
			"geometry": {
				"type": "Point",
				"coordinates": [
					 134.2594,
					 34.4648
				]
			},
			"properties": {
				"name": "JA5/KA-075(点230（飯神山近傍）)",
				"読み":"P230",
				"標高":"230m 1pt ",
				"GL":"PM74dl",
				"市郡区":"G#36005D ",
				"登山日":"",
				"メモ":"",
				"_markerType": "Icon",
				"_iconUrl": "https://maps.gsi.go.jp/portal/sys/v4/symbols/826.png",
				"_iconSize": [
					16,
					16
				],
				"_iconAnchor": [
					8,
					8
				]
			}
		},
		{
			"type": "Feature",
			"geometry": {
				"type": "Point",
				"coordinates": [
					 134.1597,
					 34.4762
				]
			},
			"properties": {
				"name": "JA5/KA-076(大深山)",
				"読み":"Oofukayama",
				"標高":"227m 1pt ",
				"GL":"PM74bl",
				"市郡区":"G#36005C ",
				"登山日":"",
				"メモ":"",
				"_markerType": "Icon",
				"_iconUrl": "https://maps.gsi.go.jp/portal/sys/v4/symbols/826.png",
				"_iconSize": [
					16,
					16
				],
				"_iconAnchor": [
					8,
					8
				]
			}
		},
		{
			"type": "Feature",
			"geometry": {
				"type": "Point",
				"coordinates": [
					 134.3075,
					 34.2676
				]
			},
			"properties": {
				"name": "JA5/KA-077(北山)",
				"読み":"Kitayama",
				"標高":"226m 1pt ",
				"GL":"PM74dg",
				"市郡区":"C#3607 ",
				"登山日":"",
				"メモ":"",
				"_markerType": "Icon",
				"_iconUrl": "https://maps.gsi.go.jp/portal/sys/v4/symbols/826.png",
				"_iconSize": [
					16,
					16
				],
				"_iconAnchor": [
					8,
					8
				]
			}
		},
		{
			"type": "Feature",
			"geometry": {
				"type": "Point",
				"coordinates": [
					 133.8224,
					 34.3006
				]
			},
			"properties": {
				"name": "JA5/KA-078(青ノ山)",
				"読み":"Aonoyama",
				"標高":"224m 1pt ",
				"GL":"PM64vh",
				"市郡区":"G#36001C / C#3602 ",
				"登山日":"",
				"メモ":"",
				"_markerType": "Icon",
				"_iconUrl": "https://maps.gsi.go.jp/portal/sys/v4/symbols/826.png",
				"_iconSize": [
					16,
					16
				],
				"_iconAnchor": [
					8,
					8
				]
			}
		},
		{
			"type": "Feature",
			"geometry": {
				"type": "Point",
				"coordinates": [
					 134.0409,
					 34.3858
				]
			},
			"properties": {
				"name": "JA5/KA-079(タカト山)",
				"読み":"Takatoyama",
				"標高":"216m 1pt ",
				"GL":"PM74aj",
				"市郡区":"C#3601 ",
				"登山日":"",
				"メモ":"",
				"_markerType": "Icon",
				"_iconUrl": "https://maps.gsi.go.jp/portal/sys/v4/symbols/826.png",
				"_iconSize": [
					16,
					16
				],
				"_iconAnchor": [
					8,
					8
				]
			}
		},
		{
			"type": "Feature",
			"geometry": {
				"type": "Point",
				"coordinates": [
					 133.9755,
					 34.3612
				]
			},
			"properties": {
				"name": "JA5/KA-080(串ノ山)",
				"読み":"Kushinoyama",
				"標高":"215m 1pt ",
				"GL":"PM64xi",
				"市郡区":"C#3601 ",
				"登山日":"",
				"メモ":"",
				"_markerType": "Icon",
				"_iconUrl": "https://maps.gsi.go.jp/portal/sys/v4/symbols/826.png",
				"_iconSize": [
					16,
					16
				],
				"_iconAnchor": [
					8,
					8
				]
			}
		},
		{
			"type": "Feature",
			"geometry": {
				"type": "Point",
				"coordinates": [
					 133.7018,
					 34.1866
				]
			},
			"properties": {
				"name": "JA5/KA-081(爺神山)",
				"読み":"Tokamiyama",
				"標高":"214m 1pt ",
				"GL":"PM64ue",
				"市郡区":"C#3608 ",
				"登山日":"",
				"メモ":"",
				"_markerType": "Icon",
				"_iconUrl": "https://maps.gsi.go.jp/portal/sys/v4/symbols/826.png",
				"_iconSize": [
					16,
					16
				],
				"_iconAnchor": [
					8,
					8
				]
			}
		},
		{
			"type": "Feature",
			"geometry": {
				"type": "Point",
				"coordinates": [
					 134.1505,
					 34.2712
				]
			},
			"properties": {
				"name": "JA5/KA-082(白山)",
				"読み":"Shirayama",
				"標高":"203m 1pt ",
				"GL":"PM74bg",
				"市郡区":"G#36004B ",
				"登山日":"",
				"メモ":"",
				"_markerType": "Icon",
				"_iconUrl": "https://maps.gsi.go.jp/portal/sys/v4/symbols/826.png",
				"_iconSize": [
					16,
					16
				],
				"_iconAnchor": [
					8,
					8
				]
			}
		},
		{
			"type": "Feature",
			"geometry": {
				"type": "Point",
				"coordinates": [
					 134.1903,
					 34.2942
				]
			},
			"properties": {
				"name": "JA5/KA-083(石鎚山)",
				"読み":"Ishizuchiyama",
				"標高":"198m 1pt ",
				"GL":"PM74ch",
				"市郡区":"C#3606 ",
				"登山日":"",
				"メモ":"",
				"_markerType": "Icon",
				"_iconUrl": "https://maps.gsi.go.jp/portal/sys/v4/symbols/826.png",
				"_iconSize": [
					16,
					16
				],
				"_iconAnchor": [
					8,
					8
				]
			}
		},
		{
			"type": "Feature",
			"geometry": {
				"type": "Point",
				"coordinates": [
					 134.3894,
					 34.2515
				]
			},
			"properties": {
				"name": "JA5/KA-084(与治山)",
				"読み":"Yojiyama",
				"標高":"187m 1pt ",
				"GL":"PM74eg",
				"市郡区":"C#3607 ",
				"登山日":"",
				"メモ":"",
				"_markerType": "Icon",
				"_iconUrl": "https://maps.gsi.go.jp/portal/sys/v4/symbols/826.png",
				"_iconSize": [
					16,
					16
				],
				"_iconAnchor": [
					8,
					8
				]
			}
		},
		{
			"type": "Feature",
			"geometry": {
				"type": "Point",
				"coordinates": [
					 134.294,
					 34.4569
				]
			},
			"properties": {
				"name": "JA5/KA-085(馬立(三角点))",
				"読み":"Madate",
				"標高":"186m 1pt ",
				"GL":"PM74dk",
				"市郡区":"G#36005D ",
				"登山日":"",
				"メモ":"",
				"_markerType": "Icon",
				"_iconUrl": "https://maps.gsi.go.jp/portal/sys/v4/symbols/826.png",
				"_iconSize": [
					16,
					16
				],
				"_iconAnchor": [
					8,
					8
				]
			}
		},
		{
			"type": "Feature",
			"geometry": {
				"type": "Point",
				"coordinates": [
					 133.8436,
					 34.3065
				]
			},
			"properties": {
				"name": "JA5/KA-086(角山)",
				"読み":"Tsunoyama",
				"標高":"184m 1pt ",
				"GL":"PM64wh",
				"市郡区":"C#3603 / G#36001C ",
				"登山日":"",
				"メモ":"",
				"_markerType": "Icon",
				"_iconUrl": "https://maps.gsi.go.jp/portal/sys/v4/symbols/826.png",
				"_iconSize": [
					16,
					16
				],
				"_iconAnchor": [
					8,
					8
				]
			}
		},
		{
			"type": "Feature",
			"geometry": {
				"type": "Point",
				"coordinates": [
					 133.8951,
					 34.3399
				]
			},
			"properties": {
				"name": "JA5/KA-087(雌山)",
				"読み":"Menyama",
				"標高":"165m 1pt ",
				"GL":"PM64wi",
				"市郡区":"C#3603 ",
				"登山日":"",
				"メモ":"",
				"_markerType": "Icon",
				"_iconUrl": "https://maps.gsi.go.jp/portal/sys/v4/symbols/826.png",
				"_iconSize": [
					16,
					16
				],
				"_iconAnchor": [
					8,
					8
				]
			}
		},
		{
			"type": "Feature",
			"geometry": {
				"type": "Point",
				"coordinates": [
					 134.0163,
					 34.4949
				]
			},
			"properties": {
				"name": "JA5/KA-088(井島)",
				"読み":"Ijima",
				"標高":"156m 1pt ",
				"GL":"PM74al",
				"市郡区":"G#36003C / C#3104 ",
				"登山日":"",
				"メモ":"",
				"_markerType": "Icon",
				"_iconUrl": "https://maps.gsi.go.jp/portal/sys/v4/symbols/826.png",
				"_iconSize": [
					16,
					16
				],
				"_iconAnchor": [
					8,
					8
				]
			}
		},
		{
			"type": "Feature",
			"geometry": {
				"type": "Point",
				"coordinates": [
					 133.665134,
					 34.171002
				]
			},
			"properties": {
				"name": "JA5/KA-089(つず)",
				"読み":"Tsuzu",
				"標高":"445m 1pt ",
				"GL":"PM64te",
				"市郡区":"C#3608 ",
				"登山日":"",
				"メモ":"",
				"_markerType": "Icon",
				"_iconUrl": "https://maps.gsi.go.jp/portal/sys/v4/symbols/826.png",
				"_iconSize": [
					16,
					16
				],
				"_iconAnchor": [
					8,
					8
				]
			}
		},
		{
			"type": "Feature",
			"geometry": {
				"type": "Point",
				"coordinates": [
					 134.296607,
					 34.231958
				]
			},
			"properties": {
				"name": "JA5/KA-090(那智山)",
				"読み":"Nachisan",
				"標高":"271m 1pt ",
				"GL":"PM74df",
				"市郡区":"C#3607 ",
				"登山日":"",
				"メモ":"",
				"_markerType": "Icon",
				"_iconUrl": "https://maps.gsi.go.jp/portal/sys/v4/symbols/826.png",
				"_iconSize": [
					16,
					16
				],
				"_iconAnchor": [
					8,
					8
				]
			}
		},
		{
			"type": "Feature",
			"geometry": {
				"type": "Point",
				"coordinates": [
					 133.1933,
					 33.7946
				]
			},
			"properties": {
				"name": "JA5/KC-001(瓶ヶ森(女山))",
				"読み":"Kamegamori(Meyama)",
				"標高":"1896m 10pt ",
				"GL":"PM63ot",
				"市郡区":"G#39001F / C#3806 ",
				"登山日":"",
				"メモ":"",
				"_markerType": "Icon",
				"_iconUrl": "https://maps.gsi.go.jp/portal/sys/v4/symbols/101.png",
				"_iconSize": [
					16,
					16
				],
				"_iconAnchor": [
					8,
					8
				]
			}
		},
		{
			"type": "Feature",
			"geometry": {
				"type": "Point",
				"coordinates": [
					 133.1611,
					 33.732
				]
			},
			"properties": {
				"name": "JA5/KC-002(筒上山)",
				"読み":"Tsutsujyouzan",
				"標高":"1860m 10pt ",
				"GL":"PM63nr",
				"市郡区":"G#39001G / G#39001F / G#38005F",
				"登山日":"",
				"メモ":"",
				"_markerType": "Icon",
				"_iconUrl": "https://maps.gsi.go.jp/portal/sys/v4/symbols/101.png",
				"_iconSize": [
					16,
					16
				],
				"_iconAnchor": [
					8,
					8
				]
			}
		},
		{
			"type": "Feature",
			"geometry": {
				"type": "Point",
				"coordinates": [
					 133.2746,
					 33.8281
				]
			},
			"properties": {
				"name": "JA5/KC-003(笹ヶ峰)",
				"読み":"Sasagamine",
				"標高":"1860m 10pt ",
				"GL":"PM63pt",
				"市郡区":"G#39001F / C#3806 ",
				"登山日":"",
				"メモ":"",
				"_markerType": "Icon",
				"_iconUrl": "https://maps.gsi.go.jp/portal/sys/v4/symbols/101.png",
				"_iconSize": [
					16,
					16
				],
				"_iconAnchor": [
					8,
					8
				]
			}
		},
		{
			"type": "Feature",
			"geometry": {
				"type": "Point",
				"coordinates": [
					 133.157,
					 33.7508
				]
			},
			"properties": {
				"name": "JA5/KC-004(岩黒山)",
				"読み":"Iwaguroyama",
				"標高":"1746m 10pt ",
				"GL":"PM63ns",
				"市郡区":"G#39001F / G#38005F / C#3806",
				"登山日":"",
				"メモ":"",
				"_markerType": "Icon",
				"_iconUrl": "https://maps.gsi.go.jp/portal/sys/v4/symbols/101.png",
				"_iconSize": [
					16,
					16
				],
				"_iconAnchor": [
					8,
					8
				]
			}
		},
		{
			"type": "Feature",
			"geometry": {
				"type": "Point",
				"coordinates": [
					 133.9413,
					 33.7991
				]
			},
			"properties": {
				"name": "JA5/KC-005(綱附森)",
				"読み":"Tsunatsukemori",
				"標高":"1643m 10pt ",
				"GL":"PM63xt",
				"市郡区":"C#3912 / C#3708 ",
				"登山日":"",
				"メモ":"",
				"_markerType": "Icon",
				"_iconUrl": "https://maps.gsi.go.jp/portal/sys/v4/symbols/101.png",
				"_iconSize": [
					16,
					16
				],
				"_iconAnchor": [
					8,
					8
				]
			}
		},
		{
			"type": "Feature",
			"geometry": {
				"type": "Point",
				"coordinates": [
					 133.3944,
					 33.8211
				]
			},
			"properties": {
				"name": "JA5/KC-006(大座礼山)",
				"読み":"Oozareyama",
				"標高":"1588m 10pt ",
				"GL":"PM63qt",
				"市郡区":"G#39005C ",
				"登山日":"",
				"メモ":"",
				"_markerType": "Icon",
				"_iconUrl": "https://maps.gsi.go.jp/portal/sys/v4/symbols/101.png",
				"_iconSize": [
					16,
					16
				],
				"_iconAnchor": [
					8,
					8
				]
			}
		},
		{
			"type": "Feature",
			"geometry": {
				"type": "Point",
				"coordinates": [
					 133.9961,
					 33.7732
				]
			},
			"properties": {
				"name": "JA5/KC-007(口西山)",
				"読み":"Kuchinishiyama",
				"標高":"1574m 10pt ",
				"GL":"PM63xs",
				"市郡区":"C#3912 ",
				"登山日":"",
				"メモ":"",
				"_markerType": "Icon",
				"_iconUrl": "https://maps.gsi.go.jp/portal/sys/v4/symbols/101.png",
				"_iconSize": [
					16,
					16
				],
				"_iconAnchor": [
					8,
					8
				]
			}
		},
		{
			"type": "Feature",
			"geometry": {
				"type": "Point",
				"coordinates": [
					 133.58,
					 33.8556
				]
			},
			"properties": {
				"name": "JA5/KC-008(工石山)",
				"読み":"Kuishiyama",
				"標高":"1516m 10pt ",
				"GL":"PM63su",
				"市郡区":"G#39006A / G#39006B ",
				"登山日":"",
				"メモ":"",
				"_markerType": "Icon",
				"_iconUrl": "https://maps.gsi.go.jp/portal/sys/v4/symbols/101.png",
				"_iconSize": [
					16,
					16
				],
				"_iconAnchor": [
					8,
					8
				]
			}
		},
		{
			"type": "Feature",
			"geometry": {
				"type": "Point",
				"coordinates": [
					 133.3593,
					 33.747
				]
			},
			"properties": {
				"name": "JA5/KC-009(稲叢山)",
				"読み":"Inamurayama",
				"標高":"1506m 10pt ",
				"GL":"PM63qr",
				"市郡区":"G#39001F / G#39005D ",
				"登山日":"",
				"メモ":"",
				"_markerType": "Icon",
				"_iconUrl": "https://maps.gsi.go.jp/portal/sys/v4/symbols/101.png",
				"_iconSize": [
					16,
					16
				],
				"_iconAnchor": [
					8,
					8
				]
			}
		},
		{
			"type": "Feature",
			"geometry": {
				"type": "Point",
				"coordinates": [
					 133.415,
					 33.8399
				]
			},
			"properties": {
				"name": "JA5/KC-010(東光森山)",
				"読み":"Higashimitsumoriyama",
				"標高":"1486m 8pt ",
				"GL":"PM63qu",
				"市郡区":"G#39005C / C#3805 ",
				"登山日":"",
				"メモ":"",
				"_markerType": "Icon",
				"_iconUrl": "https://maps.gsi.go.jp/portal/sys/v4/symbols/104.png",
				"_iconSize": [
					16,
					16
				],
				"_iconAnchor": [
					8,
					8
				]
			}
		},
		{
			"type": "Feature",
			"geometry": {
				"type": "Point",
				"coordinates": [
					 133.0154,
					 33.4807
				]
			},
			"properties": {
				"name": "JA5/KC-011(天狗高原)",
				"読み":"Tengukogen",
				"標高":"1485m 8pt ",
				"GL":"PM63ml",
				"市郡区":"G#39004K / G#39001G / G#38005F",
				"登山日":"",
				"メモ":"",
				"_markerType": "Icon",
				"_iconUrl": "https://maps.gsi.go.jp/portal/sys/v4/symbols/104.png",
				"_iconSize": [
					16,
					16
				],
				"_iconAnchor": [
					8,
					8
				]
			}
		},
		{
			"type": "Feature",
			"geometry": {
				"type": "Point",
				"coordinates": [
					 133.5088,
					 33.8359
				]
			},
			"properties": {
				"name": "JA5/KC-012(登岐山)",
				"読み":"Tokiyama",
				"標高":"1470m 8pt ",
				"GL":"PM63su",
				"市郡区":"G#39006B / G#39005D / C#3813",
				"登山日":"",
				"メモ":"",
				"_markerType": "Icon",
				"_iconUrl": "https://maps.gsi.go.jp/portal/sys/v4/symbols/104.png",
				"_iconSize": [
					16,
					16
				],
				"_iconAnchor": [
					8,
					8
				]
			}
		},
		{
			"type": "Feature",
			"geometry": {
				"type": "Point",
				"coordinates": [
					 133.5907,
					 33.816
				]
			},
			"properties": {
				"name": "JA5/KC-013(白髪山)",
				"読み":"Shiragayama",
				"標高":"1469m 8pt ",
				"GL":"PM63tt",
				"市郡区":"G#39006B ",
				"登山日":"",
				"メモ":"",
				"_markerType": "Icon",
				"_iconUrl": "https://maps.gsi.go.jp/portal/sys/v4/symbols/104.png",
				"_iconSize": [
					16,
					16
				],
				"_iconAnchor": [
					8,
					8
				]
			}
		},
		{
			"type": "Feature",
			"geometry": {
				"type": "Point",
				"coordinates": [
					 133.8397,
					 33.773
				]
			},
			"properties": {
				"name": "JA5/KC-014(高山(三角点))",
				"読み":"Takayama",
				"標高":"1443m 8pt ",
				"GL":"PM63ws",
				"市郡区":"C#3912 / G#39006A ",
				"登山日":"",
				"メモ":"",
				"_markerType": "Icon",
				"_iconUrl": "https://maps.gsi.go.jp/portal/sys/v4/symbols/104.png",
				"_iconSize": [
					16,
					16
				],
				"_iconAnchor": [
					8,
					8
				]
			}
		},
		{
			"type": "Feature",
			"geometry": {
				"type": "Point",
				"coordinates": [
					 134.0617,
					 33.7355
				]
			},
			"properties": {
				"name": "JA5/KC-015(赤城尾山)",
				"読み":"Akagioyama",
				"標高":"1436m 8pt ",
				"GL":"PM73ar",
				"市郡区":"C#3912 / G#37006H ",
				"登山日":"",
				"メモ":"",
				"_markerType": "Icon",
				"_iconUrl": "https://maps.gsi.go.jp/portal/sys/v4/symbols/104.png",
				"_iconSize": [
					16,
					16
				],
				"_iconAnchor": [
					8,
					8
				]
			}
		},
		{
			"type": "Feature",
			"geometry": {
				"type": "Point",
				"coordinates": [
					 133.5439,
					 33.8789
				]
			},
			"properties": {
				"name": "JA5/KC-016(大森山)",
				"読み":"Oomoriyama",
				"標高":"1433m 8pt ",
				"GL":"PM63sv",
				"市郡区":"G#39006B / C#3813 ",
				"登山日":"",
				"メモ":"",
				"_markerType": "Icon",
				"_iconUrl": "https://maps.gsi.go.jp/portal/sys/v4/symbols/104.png",
				"_iconSize": [
					16,
					16
				],
				"_iconAnchor": [
					8,
					8
				]
			}
		},
		{
			"type": "Feature",
			"geometry": {
				"type": "Point",
				"coordinates": [
					 134.11,
					 33.6948
				]
			},
			"properties": {
				"name": "JA5/KC-018(甚吉森)",
				"読み":"Jinkichimori",
				"標高":"1423m 8pt ",
				"GL":"PM73bq",
				"市郡区":"G#39002A / G#37006H ",
				"登山日":"",
				"メモ":"",
				"_markerType": "Icon",
				"_iconUrl": "https://maps.gsi.go.jp/portal/sys/v4/symbols/104.png",
				"_iconSize": [
					16,
					16
				],
				"_iconAnchor": [
					8,
					8
				]
			}
		},
		{
			"type": "Feature",
			"geometry": {
				"type": "Point",
				"coordinates": [
					 134.0263,
					 33.7187
				]
			},
			"properties": {
				"name": "JA5/KC-019(久々場山)",
				"読み":"Kukubayama",
				"標高":"1417m 8pt ",
				"GL":"PM73ar",
				"市郡区":"C#3903 / C#3912 ",
				"登山日":"",
				"メモ":"",
				"_markerType": "Icon",
				"_iconUrl": "https://maps.gsi.go.jp/portal/sys/v4/symbols/104.png",
				"_iconSize": [
					16,
					16
				],
				"_iconAnchor": [
					8,
					8
				]
			}
		},
		{
			"type": "Feature",
			"geometry": {
				"type": "Point",
				"coordinates": [
					 132.8658,
					 33.4722
				]
			},
			"properties": {
				"name": "JA5/KC-020(薊野峰(三角点))",
				"読み":"Azounomine",
				"標高":"1403m 8pt ",
				"GL":"PM63kl",
				"市郡区":"G#39004J / C#3814 ",
				"登山日":"",
				"メモ":"",
				"_markerType": "Icon",
				"_iconUrl": "https://maps.gsi.go.jp/portal/sys/v4/symbols/104.png",
				"_iconSize": [
					16,
					16
				],
				"_iconAnchor": [
					8,
					8
				]
			}
		},
		{
			"type": "Feature",
			"geometry": {
				"type": "Point",
				"coordinates": [
					 133.7515,
					 33.7592
				]
			},
			"properties": {
				"name": "JA5/KC-021(梶ヶ森)",
				"読み":"Kajigamori",
				"標高":"1400m 8pt ",
				"GL":"PM63vs",
				"市郡区":"G#39006A ",
				"登山日":"",
				"メモ":"",
				"_markerType": "Icon",
				"_iconUrl": "https://maps.gsi.go.jp/portal/sys/v4/symbols/104.png",
				"_iconSize": [
					16,
					16
				],
				"_iconAnchor": [
					8,
					8
				]
			}
		},
		{
			"type": "Feature",
			"geometry": {
				"type": "Point",
				"coordinates": [
					 133.1697,
					 33.6627
				]
			},
			"properties": {
				"name": "JA5/KC-022(雨ケ森)",
				"読み":"Amegamori",
				"標高":"1390m 8pt ",
				"GL":"PM63op",
				"市郡区":"G#39001G ",
				"登山日":"",
				"メモ":"",
				"_markerType": "Icon",
				"_iconUrl": "https://maps.gsi.go.jp/portal/sys/v4/symbols/104.png",
				"_iconSize": [
					16,
					16
				],
				"_iconAnchor": [
					8,
					8
				]
			}
		},
		{
			"type": "Feature",
			"geometry": {
				"type": "Point",
				"coordinates": [
					 133.9736,
					 33.6773
				]
			},
			"properties": {
				"name": "JA5/KC-023(杉ノ谷山)",
				"読み":"Suginotaniyama",
				"標高":"1367m 8pt ",
				"GL":"PM63xq",
				"市郡区":"C#3903 ",
				"登山日":"",
				"メモ":"",
				"_markerType": "Icon",
				"_iconUrl": "https://maps.gsi.go.jp/portal/sys/v4/symbols/104.png",
				"_iconSize": [
					16,
					16
				],
				"_iconAnchor": [
					8,
					8
				]
			}
		},
		{
			"type": "Feature",
			"geometry": {
				"type": "Point",
				"coordinates": [
					 134.0567,
					 33.6902
				]
			},
			"properties": {
				"name": "JA5/KC-024(西又山)",
				"読み":"Nishimatayama",
				"標高":"1360m 8pt ",
				"GL":"PM73aq",
				"市郡区":"G#39002A / C#3903 / G#37006H",
				"登山日":"",
				"メモ":"",
				"_markerType": "Icon",
				"_iconUrl": "https://maps.gsi.go.jp/portal/sys/v4/symbols/104.png",
				"_iconSize": [
					16,
					16
				],
				"_iconAnchor": [
					8,
					8
				]
			}
		},
		{
			"type": "Feature",
			"geometry": {
				"type": "Point",
				"coordinates": [
					 133.067,
					 33.4917
				]
			},
			"properties": {
				"name": "JA5/KC-025(鳥形山)",
				"読み":"Torigatayama",
				"標高":"1347m 8pt ",
				"GL":"PM63ml",
				"市郡区":"G#39001G ",
				"登山日":"",
				"メモ":"",
				"_markerType": "Icon",
				"_iconUrl": "https://maps.gsi.go.jp/portal/sys/v4/symbols/104.png",
				"_iconSize": [
					16,
					16
				],
				"_iconAnchor": [
					8,
					8
				]
			}
		},
		{
			"type": "Feature",
			"geometry": {
				"type": "Point",
				"coordinates": [
					 133.0632,
					 33.4408
				]
			},
			"properties": {
				"name": "JA5/KC-026(不入山)",
				"読み":"Irazuyama",
				"標高":"1336m 8pt ",
				"GL":"PM63mk",
				"市郡区":"G#39004K ",
				"登山日":"",
				"メモ":"",
				"_markerType": "Icon",
				"_iconUrl": "https://maps.gsi.go.jp/portal/sys/v4/symbols/104.png",
				"_iconSize": [
					16,
					16
				],
				"_iconAnchor": [
					8,
					8
				]
			}
		},
		{
			"type": "Feature",
			"geometry": {
				"type": "Point",
				"coordinates": [
					 133.7017,
					 33.8498
				]
			},
			"properties": {
				"name": "JA5/KC-027(点1303(野鹿池山近傍))",
				"読み":"P1303",
				"標高":"1303m 8pt ",
				"GL":"PM63uu",
				"市郡区":"G#39006A / C#3708 ",
				"登山日":"",
				"メモ":"",
				"_markerType": "Icon",
				"_iconUrl": "https://maps.gsi.go.jp/portal/sys/v4/symbols/104.png",
				"_iconSize": [
					16,
					16
				],
				"_iconAnchor": [
					8,
					8
				]
			}
		},
		{
			"type": "Feature",
			"geometry": {
				"type": "Point",
				"coordinates": [
					 134.0679,
					 33.6188
				]
			},
			"properties": {
				"name": "JA5/KC-028(天狗森)",
				"読み":"Tengumori",
				"標高":"1296m 8pt ",
				"GL":"PM73ao",
				"市郡区":"G#39002A ",
				"登山日":"",
				"メモ":"",
				"_markerType": "Icon",
				"_iconUrl": "https://maps.gsi.go.jp/portal/sys/v4/symbols/104.png",
				"_iconSize": [
					16,
					16
				],
				"_iconAnchor": [
					8,
					8
				]
			}
		},
		{
			"type": "Feature",
			"geometry": {
				"type": "Point",
				"coordinates": [
					 134.0559,
					 33.6466
				]
			},
			"properties": {
				"name": "JA5/KC-029(稗己屋山)",
				"読み":"Hiegoyayama",
				"標高":"1228m 8pt ",
				"GL":"PM73ap",
				"市郡区":"G#39002A / C#3903 ",
				"登山日":"",
				"メモ":"",
				"_markerType": "Icon",
				"_iconUrl": "https://maps.gsi.go.jp/portal/sys/v4/symbols/104.png",
				"_iconSize": [
					16,
					16
				],
				"_iconAnchor": [
					8,
					8
				]
			}
		},
		{
			"type": "Feature",
			"geometry": {
				"type": "Point",
				"coordinates": [
					 133.7034,
					 33.8301
				]
			},
			"properties": {
				"name": "JA5/KC-030(南荒(三角点))",
				"読み":"Nankou",
				"標高":"1219m 8pt ",
				"GL":"PM63ut",
				"市郡区":"G#39006A ",
				"登山日":"",
				"メモ":"",
				"_markerType": "Icon",
				"_iconUrl": "https://maps.gsi.go.jp/portal/sys/v4/symbols/104.png",
				"_iconSize": [
					16,
					16
				],
				"_iconAnchor": [
					8,
					8
				]
			}
		},
		{
			"type": "Feature",
			"geometry": {
				"type": "Point",
				"coordinates": [
					 133.4802,
					 33.8111
				]
			},
			"properties": {
				"name": "JA5/KC-031(早天山)",
				"読み":"Soutenzan",
				"標高":"1210m 8pt ",
				"GL":"PM63rt",
				"市郡区":"G#39005C / G#39005D ",
				"登山日":"",
				"メモ":"",
				"_markerType": "Icon",
				"_iconUrl": "https://maps.gsi.go.jp/portal/sys/v4/symbols/104.png",
				"_iconSize": [
					16,
					16
				],
				"_iconAnchor": [
					8,
					8
				]
			}
		},
		{
			"type": "Feature",
			"geometry": {
				"type": "Point",
				"coordinates": [
					 133.5059,
					 33.6699
				]
			},
			"properties": {
				"name": "JA5/KC-032(工石山)",
				"読み":"Kuishiyama",
				"標高":"1177m 8pt ",
				"GL":"PM63sq",
				"市郡区":"G#39005D / C#3901 ",
				"登山日":"",
				"メモ":"",
				"_markerType": "Icon",
				"_iconUrl": "https://maps.gsi.go.jp/portal/sys/v4/symbols/104.png",
				"_iconSize": [
					16,
					16
				],
				"_iconAnchor": [
					8,
					8
				]
			}
		},
		{
			"type": "Feature",
			"geometry": {
				"type": "Point",
				"coordinates": [
					 133.2827,
					 33.7178
				]
			},
			"properties": {
				"name": "JA5/KC-033(休場ケ谷山(三角点))",
				"読み":"Kyujyogataniyama",
				"標高":"1175m 8pt ",
				"GL":"PM63pr",
				"市郡区":"G#39001F ",
				"登山日":"",
				"メモ":"",
				"_markerType": "Icon",
				"_iconUrl": "https://maps.gsi.go.jp/portal/sys/v4/symbols/104.png",
				"_iconSize": [
					16,
					16
				],
				"_iconAnchor": [
					8,
					8
				]
			}
		},
		{
			"type": "Feature",
			"geometry": {
				"type": "Point",
				"coordinates": [
					 132.9054,
					 33.4121
				]
			},
			"properties": {
				"name": "JA5/KC-034(三方ケ辻(三角点))",
				"読み":"Sanbougatsuji",
				"標高":"1163m 8pt ",
				"GL":"PM63kj",
				"市郡区":"G#39004J ",
				"登山日":"",
				"メモ":"",
				"_markerType": "Icon",
				"_iconUrl": "https://maps.gsi.go.jp/portal/sys/v4/symbols/104.png",
				"_iconSize": [
					16,
					16
				],
				"_iconAnchor": [
					8,
					8
				]
			}
		},
		{
			"type": "Feature",
			"geometry": {
				"type": "Point",
				"coordinates": [
					 133.0763,
					 33.5114
				]
			},
			"properties": {
				"name": "JA5/KC-035(三方山)",
				"読み":"Sanbouyama",
				"標高":"1147m 8pt ",
				"GL":"PM63mm",
				"市郡区":"G#39001G ",
				"登山日":"",
				"メモ":"",
				"_markerType": "Icon",
				"_iconUrl": "https://maps.gsi.go.jp/portal/sys/v4/symbols/104.png",
				"_iconSize": [
					16,
					16
				],
				"_iconAnchor": [
					8,
					8
				]
			}
		},
		{
			"type": "Feature",
			"geometry": {
				"type": "Point",
				"coordinates": [
					 133.4465,
					 33.738
				]
			},
			"properties": {
				"name": "JA5/KC-036(点1135)",
				"読み":"P1135",
				"標高":"1135m 8pt ",
				"GL":"PM63rr",
				"市郡区":"G#39005D ",
				"登山日":"",
				"メモ":"",
				"_markerType": "Icon",
				"_iconUrl": "https://maps.gsi.go.jp/portal/sys/v4/symbols/104.png",
				"_iconSize": [
					16,
					16
				],
				"_iconAnchor": [
					8,
					8
				]
			}
		},
		{
			"type": "Feature",
			"geometry": {
				"type": "Point",
				"coordinates": [
					 133.5599,
					 33.6926
				]
			},
			"properties": {
				"name": "JA5/KC-037(笹ケ峰)",
				"読み":"Sasagamine",
				"標高":"1131m 8pt ",
				"GL":"PM63sq",
				"市郡区":"G#39005D / C#3909 ",
				"登山日":"",
				"メモ":"",
				"_markerType": "Icon",
				"_iconUrl": "https://maps.gsi.go.jp/portal/sys/v4/symbols/104.png",
				"_iconSize": [
					16,
					16
				],
				"_iconAnchor": [
					8,
					8
				]
			}
		},
		{
			"type": "Feature",
			"geometry": {
				"type": "Point",
				"coordinates": [
					 132.8938,
					 33.3122
				]
			},
			"properties": {
				"name": "JA5/KC-038(地蔵山)",
				"読み":"Jizouyama",
				"標高":"1128m 8pt ",
				"GL":"PM63kh",
				"市郡区":"G#39004L / G#38007G ",
				"登山日":"",
				"メモ":"",
				"_markerType": "Icon",
				"_iconUrl": "https://maps.gsi.go.jp/portal/sys/v4/symbols/104.png",
				"_iconSize": [
					16,
					16
				],
				"_iconAnchor": [
					8,
					8
				]
			}
		},
		{
			"type": "Feature",
			"geometry": {
				"type": "Point",
				"coordinates": [
					 134.082,
					 33.547
				]
			},
			"properties": {
				"name": "JA5/KC-039(鐘ヶ龍森)",
				"読み":"Kanegaryuumori",
				"標高":"1126m 8pt ",
				"GL":"PM73an",
				"市郡区":"G#39002A / G#39002E ",
				"登山日":"",
				"メモ":"",
				"_markerType": "Icon",
				"_iconUrl": "https://maps.gsi.go.jp/portal/sys/v4/symbols/104.png",
				"_iconSize": [
					16,
					16
				],
				"_iconAnchor": [
					8,
					8
				]
			}
		},
		{
			"type": "Feature",
			"geometry": {
				"type": "Point",
				"coordinates": [
					 133.5318,
					 33.7841
				]
			},
			"properties": {
				"name": "JA5/KC-040(鎌滝山)",
				"読み":"Kamatakiyama",
				"標高":"1116m 8pt ",
				"GL":"PM63ss",
				"市郡区":"G#39005D ",
				"登山日":"",
				"メモ":"",
				"_markerType": "Icon",
				"_iconUrl": "https://maps.gsi.go.jp/portal/sys/v4/symbols/104.png",
				"_iconSize": [
					16,
					16
				],
				"_iconAnchor": [
					8,
					8
				]
			}
		},
		{
			"type": "Feature",
			"geometry": {
				"type": "Point",
				"coordinates": [
					 132.9819,
					 33.414
				]
			},
			"properties": {
				"name": "JA5/KC-041(後藤山(三角点))",
				"読み":"Gotouyama",
				"標高":"1113m 8pt ",
				"GL":"PM63lj",
				"市郡区":"G#39004K / G#39004J ",
				"登山日":"",
				"メモ":"",
				"_markerType": "Icon",
				"_iconUrl": "https://maps.gsi.go.jp/portal/sys/v4/symbols/104.png",
				"_iconSize": [
					16,
					16
				],
				"_iconAnchor": [
					8,
					8
				]
			}
		},
		{
			"type": "Feature",
			"geometry": {
				"type": "Point",
				"coordinates": [
					 132.6633,
					 33.1092
				]
			},
			"properties": {
				"name": "JA5/KC-042(大黒山)",
				"読み":"Ooguroyama",
				"標高":"1106m 8pt ",
				"GL":"PM63hc",
				"市郡区":"C#3910 / C#3803 / C#3907",
				"登山日":"",
				"メモ":"",
				"_markerType": "Icon",
				"_iconUrl": "https://maps.gsi.go.jp/portal/sys/v4/symbols/104.png",
				"_iconSize": [
					16,
					16
				],
				"_iconAnchor": [
					8,
					8
				]
			}
		},
		{
			"type": "Feature",
			"geometry": {
				"type": "Point",
				"coordinates": [
					 133.1011,
					 33.4428
				]
			},
			"properties": {
				"name": "JA5/KC-044(鶴松森)",
				"読み":"Kakushoumori",
				"標高":"1100m 8pt ",
				"GL":"PM63nk",
				"市郡区":"G#39004K / G#39001G ",
				"登山日":"",
				"メモ":"",
				"_markerType": "Icon",
				"_iconUrl": "https://maps.gsi.go.jp/portal/sys/v4/symbols/104.png",
				"_iconSize": [
					16,
					16
				],
				"_iconAnchor": [
					8,
					8
				]
			}
		},
		{
			"type": "Feature",
			"geometry": {
				"type": "Point",
				"coordinates": [
					 133.3855,
					 33.7076
				]
			},
			"properties": {
				"name": "JA5/KC-045(大音谷(三角点))",
				"読み":"Oootodani",
				"標高":"1095m 6pt ",
				"GL":"PM63qq",
				"市郡区":"G#39005D / G#39001F ",
				"登山日":"",
				"メモ":"",
				"_markerType": "Icon",
				"_iconUrl": "https://maps.gsi.go.jp/portal/sys/v4/symbols/103.png",
				"_iconSize": [
					16,
					16
				],
				"_iconAnchor": [
					8,
					8
				]
			}
		},
		{
			"type": "Feature",
			"geometry": {
				"type": "Point",
				"coordinates": [
					 133.6275,
					 33.7148
				]
			},
			"properties": {
				"name": "JA5/KC-046(国見山)",
				"読み":"Kunimiyama",
				"標高":"1089m 6pt ",
				"GL":"PM63tr",
				"市郡区":"G#39006B / C#3912 ",
				"登山日":"",
				"メモ":"",
				"_markerType": "Icon",
				"_iconUrl": "https://maps.gsi.go.jp/portal/sys/v4/symbols/103.png",
				"_iconSize": [
					16,
					16
				],
				"_iconAnchor": [
					8,
					8
				]
			}
		},
		{
			"type": "Feature",
			"geometry": {
				"type": "Point",
				"coordinates": [
					 134.1303,
					 33.4764
				]
			},
			"properties": {
				"name": "JA5/KC-047(点1087)",
				"読み":"P1087",
				"標高":"1087m 6pt ",
				"GL":"PM73bl",
				"市郡区":"G#39002E ",
				"登山日":"",
				"メモ":"",
				"_markerType": "Icon",
				"_iconUrl": "https://maps.gsi.go.jp/portal/sys/v4/symbols/103.png",
				"_iconSize": [
					16,
					16
				],
				"_iconAnchor": [
					8,
					8
				]
			}
		},
		{
			"type": "Feature",
			"geometry": {
				"type": "Point",
				"coordinates": [
					 134.1564,
					 33.5606
				]
			},
			"properties": {
				"name": "JA5/KC-048(受領山(三角点))",
				"読み":"Jyuryouzan",
				"標高":"1087m 6pt ",
				"GL":"PM73bn",
				"市郡区":"G#39002E ",
				"登山日":"",
				"メモ":"",
				"_markerType": "Icon",
				"_iconUrl": "https://maps.gsi.go.jp/portal/sys/v4/symbols/103.png",
				"_iconSize": [
					16,
					16
				],
				"_iconAnchor": [
					8,
					8
				]
			}
		},
		{
			"type": "Feature",
			"geometry": {
				"type": "Point",
				"coordinates": [
					 134.1507,
					 33.603
				]
			},
			"properties": {
				"name": "JA5/KC-049(亀谷山)",
				"読み":"Kamedaniyama",
				"標高":"1083m 6pt ",
				"GL":"PM73bo",
				"市郡区":"G#39002A / G#39002E ",
				"登山日":"",
				"メモ":"",
				"_markerType": "Icon",
				"_iconUrl": "https://maps.gsi.go.jp/portal/sys/v4/symbols/103.png",
				"_iconSize": [
					16,
					16
				],
				"_iconAnchor": [
					8,
					8
				]
			}
		},
		{
			"type": "Feature",
			"geometry": {
				"type": "Point",
				"coordinates": [
					 132.6373,
					 33.1326
				]
			},
			"properties": {
				"name": "JA5/KC-050(点1080)",
				"読み":"P1080",
				"標高":"1080m 6pt ",
				"GL":"PM63hd",
				"市郡区":"C#3910 / C#3803 ",
				"登山日":"",
				"メモ":"",
				"_markerType": "Icon",
				"_iconUrl": "https://maps.gsi.go.jp/portal/sys/v4/symbols/103.png",
				"_iconSize": [
					16,
					16
				],
				"_iconAnchor": [
					8,
					8
				]
			}
		},
		{
			"type": "Feature",
			"geometry": {
				"type": "Point",
				"coordinates": [
					 133.3984,
					 33.6804
				]
			},
			"properties": {
				"name": "JA5/KC-051(戸矢森)",
				"読み":"Toyamori",
				"標高":"1078m 6pt ",
				"GL":"PM63qq",
				"市郡区":"G#39005D / G#39001F ",
				"登山日":"",
				"メモ":"",
				"_markerType": "Icon",
				"_iconUrl": "https://maps.gsi.go.jp/portal/sys/v4/symbols/103.png",
				"_iconSize": [
					16,
					16
				],
				"_iconAnchor": [
					8,
					8
				]
			}
		},
		{
			"type": "Feature",
			"geometry": {
				"type": "Point",
				"coordinates": [
					 133.1597,
					 33.5255
				]
			},
			"properties": {
				"name": "JA5/KC-052(加羅立ケ峠)",
				"読み":"Karatachigatouge",
				"標高":"1073m 6pt ",
				"GL":"PM63nm",
				"市郡区":"G#39004C / G#39001G ",
				"登山日":"",
				"メモ":"",
				"_markerType": "Icon",
				"_iconUrl": "https://maps.gsi.go.jp/portal/sys/v4/symbols/103.png",
				"_iconSize": [
					16,
					16
				],
				"_iconAnchor": [
					8,
					8
				]
			}
		},
		{
			"type": "Feature",
			"geometry": {
				"type": "Point",
				"coordinates": [
					 133.051,
					 33.3563
				]
			},
			"properties": {
				"name": "JA5/KC-053(鈴ヶ森)",
				"読み":"Suzugamori",
				"標高":"1054m 6pt ",
				"GL":"PM63mi",
				"市郡区":"G#39004K / G#39004E / G#39004L",
				"登山日":"",
				"メモ":"",
				"_markerType": "Icon",
				"_iconUrl": "https://maps.gsi.go.jp/portal/sys/v4/symbols/103.png",
				"_iconSize": [
					16,
					16
				],
				"_iconAnchor": [
					8,
					8
				]
			}
		},
		{
			"type": "Feature",
			"geometry": {
				"type": "Point",
				"coordinates": [
					 134.0074,
					 33.5755
				]
			},
			"properties": {
				"name": "JA5/KC-055(八杉森)",
				"読み":"Yasugimori",
				"標高":"1029m 6pt ",
				"GL":"PM73an",
				"市郡区":"C#3903 / G#39002A ",
				"登山日":"",
				"メモ":"",
				"_markerType": "Icon",
				"_iconUrl": "https://maps.gsi.go.jp/portal/sys/v4/symbols/103.png",
				"_iconSize": [
					16,
					16
				],
				"_iconAnchor": [
					8,
					8
				]
			}
		},
		{
			"type": "Feature",
			"geometry": {
				"type": "Point",
				"coordinates": [
					 133.2141,
					 33.5943
				]
			},
			"properties": {
				"name": "JA5/KC-056(黒森山)",
				"読み":"Kuromoriyama",
				"標高":"1017m 6pt ",
				"GL":"PM63oo",
				"市郡区":"G#39001G / G#39004C ",
				"登山日":"",
				"メモ":"",
				"_markerType": "Icon",
				"_iconUrl": "https://maps.gsi.go.jp/portal/sys/v4/symbols/103.png",
				"_iconSize": [
					16,
					16
				],
				"_iconAnchor": [
					8,
					8
				]
			}
		},
		{
			"type": "Feature",
			"geometry": {
				"type": "Point",
				"coordinates": [
					 133.5397,
					 33.6667
				]
			},
			"properties": {
				"name": "JA5/KC-057(点1006)",
				"読み":"P1006",
				"標高":"1006m 6pt ",
				"GL":"PM63sq",
				"市郡区":"C#3901 / G#39005D ",
				"登山日":"",
				"メモ":"",
				"_markerType": "Icon",
				"_iconUrl": "https://maps.gsi.go.jp/portal/sys/v4/symbols/103.png",
				"_iconSize": [
					16,
					16
				],
				"_iconAnchor": [
					8,
					8
				]
			}
		},
		{
			"type": "Feature",
			"geometry": {
				"type": "Point",
				"coordinates": [
					 133.2247,
					 33.6338
				]
			},
			"properties": {
				"name": "JA5/KC-058(土ケ成(三角点))",
				"読み":"Tsuchiganaru",
				"標高":"990m 6pt ",
				"GL":"PM63op",
				"市郡区":"G#39001G / G#39001F ",
				"登山日":"",
				"メモ":"",
				"_markerType": "Icon",
				"_iconUrl": "https://maps.gsi.go.jp/portal/sys/v4/symbols/103.png",
				"_iconSize": [
					16,
					16
				],
				"_iconAnchor": [
					8,
					8
				]
			}
		},
		{
			"type": "Feature",
			"geometry": {
				"type": "Point",
				"coordinates": [
					 132.8495,
					 33.4246
				]
			},
			"properties": {
				"name": "JA5/KC-059(皿ケ森(三角点))",
				"読み":"Saragamori",
				"標高":"989m 6pt ",
				"GL":"PM63kk",
				"市郡区":"G#39004J ",
				"登山日":"",
				"メモ":"",
				"_markerType": "Icon",
				"_iconUrl": "https://maps.gsi.go.jp/portal/sys/v4/symbols/103.png",
				"_iconSize": [
					16,
					16
				],
				"_iconAnchor": [
					8,
					8
				]
			}
		},
		{
			"type": "Feature",
			"geometry": {
				"type": "Point",
				"coordinates": [
					 133.8936,
					 33.6157
				]
			},
			"properties": {
				"name": "JA5/KC-060(畑山(三角点))",
				"読み":"Hatayama",
				"標高":"967m 6pt ",
				"GL":"PM63wo",
				"市郡区":"C#3903 ",
				"登山日":"",
				"メモ":"",
				"_markerType": "Icon",
				"_iconUrl": "https://maps.gsi.go.jp/portal/sys/v4/symbols/103.png",
				"_iconSize": [
					16,
					16
				],
				"_iconAnchor": [
					8,
					8
				]
			}
		},
		{
			"type": "Feature",
			"geometry": {
				"type": "Point",
				"coordinates": [
					 133.2932,
					 33.6507
				]
			},
			"properties": {
				"name": "JA5/KC-061(小式ケ台)",
				"読み":"Koshikigadai",
				"標高":"950m 6pt ",
				"GL":"PM63pp",
				"市郡区":"G#39001F ",
				"登山日":"",
				"メモ":"",
				"_markerType": "Icon",
				"_iconUrl": "https://maps.gsi.go.jp/portal/sys/v4/symbols/103.png",
				"_iconSize": [
					16,
					16
				],
				"_iconAnchor": [
					8,
					8
				]
			}
		},
		{
			"type": "Feature",
			"geometry": {
				"type": "Point",
				"coordinates": [
					 133.9034,
					 33.6592
				]
			},
			"properties": {
				"name": "JA5/KC-062(轟森(三角点))",
				"読み":"Todorokimori",
				"標高":"949m 6pt ",
				"GL":"PM63wp",
				"市郡区":"C#3912 ",
				"登山日":"",
				"メモ":"",
				"_markerType": "Icon",
				"_iconUrl": "https://maps.gsi.go.jp/portal/sys/v4/symbols/103.png",
				"_iconSize": [
					16,
					16
				],
				"_iconAnchor": [
					8,
					8
				]
			}
		},
		{
			"type": "Feature",
			"geometry": {
				"type": "Point",
				"coordinates": [
					 134.1627,
					 33.4458
				]
			},
			"properties": {
				"name": "JA5/KC-063(櫓ノ塔(三角点))",
				"読み":"Yaguranotou",
				"標高":"947m 6pt ",
				"GL":"PM73bk",
				"市郡区":"C#3902 ",
				"登山日":"",
				"メモ":"",
				"_markerType": "Icon",
				"_iconUrl": "https://maps.gsi.go.jp/portal/sys/v4/symbols/103.png",
				"_iconSize": [
					16,
					16
				],
				"_iconAnchor": [
					8,
					8
				]
			}
		},
		{
			"type": "Feature",
			"geometry": {
				"type": "Point",
				"coordinates": [
					 133.9391,
					 33.7044
				]
			},
			"properties": {
				"name": "JA5/KC-064(峰ノ子山)",
				"読み":"Minenokoyama",
				"標高":"933m 6pt ",
				"GL":"PM63xq",
				"市郡区":"C#3912 ",
				"登山日":"",
				"メモ":"",
				"_markerType": "Icon",
				"_iconUrl": "https://maps.gsi.go.jp/portal/sys/v4/symbols/103.png",
				"_iconSize": [
					16,
					16
				],
				"_iconAnchor": [
					8,
					8
				]
			}
		},
		{
			"type": "Feature",
			"geometry": {
				"type": "Point",
				"coordinates": [
					 133.3943,
					 33.6394
				]
			},
			"properties": {
				"name": "JA5/KC-065(社中山(三角点))",
				"読み":"Tochuzan",
				"標高":"931m 6pt ",
				"GL":"PM63qp",
				"市郡区":"C#3901 / G#39001F ",
				"登山日":"",
				"メモ":"",
				"_markerType": "Icon",
				"_iconUrl": "https://maps.gsi.go.jp/portal/sys/v4/symbols/103.png",
				"_iconSize": [
					16,
					16
				],
				"_iconAnchor": [
					8,
					8
				]
			}
		},
		{
			"type": "Feature",
			"geometry": {
				"type": "Point",
				"coordinates": [
					 132.9292,
					 33.2619
				]
			},
			"properties": {
				"name": "JA5/KC-066(点924)",
				"読み":"P924",
				"標高":"924m 6pt ",
				"GL":"PM63lg",
				"市郡区":"G#39004L ",
				"登山日":"",
				"メモ":"",
				"_markerType": "Icon",
				"_iconUrl": "https://maps.gsi.go.jp/portal/sys/v4/symbols/103.png",
				"_iconSize": [
					16,
					16
				],
				"_iconAnchor": [
					8,
					8
				]
			}
		},
		{
			"type": "Feature",
			"geometry": {
				"type": "Point",
				"coordinates": [
					 133.3384,
					 33.6002
				]
			},
			"properties": {
				"name": "JA5/KC-067(鷹羽ケ森)",
				"読み":"Takabagamori",
				"標高":"919m 6pt ",
				"GL":"PM63qo",
				"市郡区":"G#39001F ",
				"登山日":"",
				"メモ":"",
				"_markerType": "Icon",
				"_iconUrl": "https://maps.gsi.go.jp/portal/sys/v4/symbols/103.png",
				"_iconSize": [
					16,
					16
				],
				"_iconAnchor": [
					8,
					8
				]
			}
		},
		{
			"type": "Feature",
			"geometry": {
				"type": "Point",
				"coordinates": [
					 134.1932,
					 33.5617
				]
			},
			"properties": {
				"name": "JA5/KC-068(高谷山)",
				"読み":"Takayasan",
				"標高":"916m 6pt ",
				"GL":"PM73cn",
				"市郡区":"G#39002E / G#37004H ",
				"登山日":"",
				"メモ":"",
				"_markerType": "Icon",
				"_iconUrl": "https://maps.gsi.go.jp/portal/sys/v4/symbols/103.png",
				"_iconSize": [
					16,
					16
				],
				"_iconAnchor": [
					8,
					8
				]
			}
		},
		{
			"type": "Feature",
			"geometry": {
				"type": "Point",
				"coordinates": [
					 133.0257,
					 33.285
				]
			},
			"properties": {
				"name": "JA5/KC-069(城戸木森(三角点))",
				"読み":"Shirokidomori",
				"標高":"909m 6pt ",
				"GL":"PM63mg",
				"市郡区":"G#39004L ",
				"登山日":"",
				"メモ":"",
				"_markerType": "Icon",
				"_iconUrl": "https://maps.gsi.go.jp/portal/sys/v4/symbols/103.png",
				"_iconSize": [
					16,
					16
				],
				"_iconAnchor": [
					8,
					8
				]
			}
		},
		{
			"type": "Feature",
			"geometry": {
				"type": "Point",
				"coordinates": [
					 132.8501,
					 32.8575
				]
			},
			"properties": {
				"name": "JA5/KC-070(今ノ山)",
				"読み":"Imanoyama",
				"標高":"868m 6pt ",
				"GL":"PM62ku",
				"市郡区":"C#3908 ",
				"登山日":"",
				"メモ":"",
				"_markerType": "Icon",
				"_iconUrl": "https://maps.gsi.go.jp/portal/sys/v4/symbols/103.png",
				"_iconSize": [
					16,
					16
				],
				"_iconAnchor": [
					8,
					8
				]
			}
		},
		{
			"type": "Feature",
			"geometry": {
				"type": "Point",
				"coordinates": [
					 132.8767,
					 33.1599
				]
			},
			"properties": {
				"name": "JA5/KC-072(堂が森)",
				"読み":"Dougamori",
				"標高":"857m 6pt ",
				"GL":"PM63kd",
				"市郡区":"C#3910 / G#39004L ",
				"登山日":"",
				"メモ":"",
				"_markerType": "Icon",
				"_iconUrl": "https://maps.gsi.go.jp/portal/sys/v4/symbols/103.png",
				"_iconSize": [
					16,
					16
				],
				"_iconAnchor": [
					8,
					8
				]
			}
		},
		{
			"type": "Feature",
			"geometry": {
				"type": "Point",
				"coordinates": [
					 133.1759,
					 33.3777
				]
			},
			"properties": {
				"name": "JA5/KC-073(森ノ川山(三角点))",
				"読み":"Morinokawayama",
				"標高":"843m 4pt ",
				"GL":"PM63oj",
				"市郡区":"G#39004E / C#3905 ",
				"登山日":"",
				"メモ":"",
				"_markerType": "Icon",
				"_iconUrl": "https://maps.gsi.go.jp/portal/sys/v4/symbols/828.png",
				"_iconSize": [
					16,
					16
				],
				"_iconAnchor": [
					8,
					8
				]
			}
		},
		{
			"type": "Feature",
			"geometry": {
				"type": "Point",
				"coordinates": [
					 132.9965,
					 33.3754
				]
			},
			"properties": {
				"name": "JA5/KC-074(札ケ峰(三角点))",
				"読み":"Satsugamine",
				"標高":"841m 4pt ",
				"GL":"PM63lj",
				"市郡区":"G#39004K / G#39004J ",
				"登山日":"",
				"メモ":"",
				"_markerType": "Icon",
				"_iconUrl": "https://maps.gsi.go.jp/portal/sys/v4/symbols/828.png",
				"_iconSize": [
					16,
					16
				],
				"_iconAnchor": [
					8,
					8
				]
			}
		},
		{
			"type": "Feature",
			"geometry": {
				"type": "Point",
				"coordinates": [
					 134.1947,
					 33.5358
				]
			},
			"properties": {
				"name": "JA5/KC-075(黒谷(三角点))",
				"読み":"Kurotani",
				"標高":"836m 4pt ",
				"GL":"PM73cm",
				"市郡区":"G#39002G / G#39002E ",
				"登山日":"",
				"メモ":"",
				"_markerType": "Icon",
				"_iconUrl": "https://maps.gsi.go.jp/portal/sys/v4/symbols/828.png",
				"_iconSize": [
					16,
					16
				],
				"_iconAnchor": [
					8,
					8
				]
			}
		},
		{
			"type": "Feature",
			"geometry": {
				"type": "Point",
				"coordinates": [
					 132.9038,
					 33.3855
				]
			},
			"properties": {
				"name": "JA5/KC-076(八ケ森(三角点))",
				"読み":"Yatsugamori",
				"標高":"834m 4pt ",
				"GL":"PM63kj",
				"市郡区":"G#39004J ",
				"登山日":"",
				"メモ":"",
				"_markerType": "Icon",
				"_iconUrl": "https://maps.gsi.go.jp/portal/sys/v4/symbols/828.png",
				"_iconSize": [
					16,
					16
				],
				"_iconAnchor": [
					8,
					8
				]
			}
		},
		{
			"type": "Feature",
			"geometry": {
				"type": "Point",
				"coordinates": [
					 133.1781,
					 33.635
				]
			},
			"properties": {
				"name": "JA5/KC-077(余能(三角点))",
				"読み":"Yonou",
				"標高":"824m 4pt ",
				"GL":"PM63op",
				"市郡区":"G#39001G ",
				"登山日":"",
				"メモ":"",
				"_markerType": "Icon",
				"_iconUrl": "https://maps.gsi.go.jp/portal/sys/v4/symbols/828.png",
				"_iconSize": [
					16,
					16
				],
				"_iconAnchor": [
					8,
					8
				]
			}
		},
		{
			"type": "Feature",
			"geometry": {
				"type": "Point",
				"coordinates": [
					 133.8979,
					 33.6841
				]
			},
			"properties": {
				"name": "JA5/KC-078(大平山)",
				"読み":"Oohirayama",
				"標高":"817m 4pt ",
				"GL":"PM63wq",
				"市郡区":"C#3912 ",
				"登山日":"",
				"メモ":"",
				"_markerType": "Icon",
				"_iconUrl": "https://maps.gsi.go.jp/portal/sys/v4/symbols/828.png",
				"_iconSize": [
					16,
					16
				],
				"_iconAnchor": [
					8,
					8
				]
			}
		},
		{
			"type": "Feature",
			"geometry": {
				"type": "Point",
				"coordinates": [
					 133.1488,
					 33.5029
				]
			},
			"properties": {
				"name": "JA5/KC-079(天狗石(三角点))",
				"読み":"Tenguishi",
				"標高":"811m 4pt ",
				"GL":"PM63nm",
				"市郡区":"G#39004C / G#39001G ",
				"登山日":"",
				"メモ":"",
				"_markerType": "Icon",
				"_iconUrl": "https://maps.gsi.go.jp/portal/sys/v4/symbols/828.png",
				"_iconSize": [
					16,
					16
				],
				"_iconAnchor": [
					8,
					8
				]
			}
		},
		{
			"type": "Feature",
			"geometry": {
				"type": "Point",
				"coordinates": [
					 132.9315,
					 33.3735
				]
			},
			"properties": {
				"name": "JA5/KC-080(河野士(三角点))",
				"読み":"Kawanoji",
				"標高":"810m 4pt ",
				"GL":"PM63li",
				"市郡区":"G#39004J ",
				"登山日":"",
				"メモ":"",
				"_markerType": "Icon",
				"_iconUrl": "https://maps.gsi.go.jp/portal/sys/v4/symbols/828.png",
				"_iconSize": [
					16,
					16
				],
				"_iconAnchor": [
					8,
					8
				]
			}
		},
		{
			"type": "Feature",
			"geometry": {
				"type": "Point",
				"coordinates": [
					 133.0773,
					 33.3276
				]
			},
			"properties": {
				"name": "JA5/KC-082(鮎ケ峠(三角点))",
				"読み":"Ayugatouge",
				"標高":"781m 4pt ",
				"GL":"PM63mh",
				"市郡区":"G#39004L / G#39004E ",
				"登山日":"",
				"メモ":"",
				"_markerType": "Icon",
				"_iconUrl": "https://maps.gsi.go.jp/portal/sys/v4/symbols/828.png",
				"_iconSize": [
					16,
					16
				],
				"_iconAnchor": [
					8,
					8
				]
			}
		},
		{
			"type": "Feature",
			"geometry": {
				"type": "Point",
				"coordinates": [
					 132.9121,
					 33.1425
				]
			},
			"properties": {
				"name": "JA5/KC-083(不動山)",
				"読み":"Fudouyama",
				"標高":"781m 4pt ",
				"GL":"PM63kd",
				"市郡区":"C#3910 / G#39004L ",
				"登山日":"",
				"メモ":"",
				"_markerType": "Icon",
				"_iconUrl": "https://maps.gsi.go.jp/portal/sys/v4/symbols/828.png",
				"_iconSize": [
					16,
					16
				],
				"_iconAnchor": [
					8,
					8
				]
			}
		},
		{
			"type": "Feature",
			"geometry": {
				"type": "Point",
				"coordinates": [
					 133.855,
					 33.6563
				]
			},
			"properties": {
				"name": "JA5/KC-084(八台(三角点))",
				"読み":"Hachidai",
				"標高":"780m 4pt ",
				"GL":"PM63wp",
				"市郡区":"C#3912 / C#3911 ",
				"登山日":"",
				"メモ":"",
				"_markerType": "Icon",
				"_iconUrl": "https://maps.gsi.go.jp/portal/sys/v4/symbols/828.png",
				"_iconSize": [
					16,
					16
				],
				"_iconAnchor": [
					8,
					8
				]
			}
		},
		{
			"type": "Feature",
			"geometry": {
				"type": "Point",
				"coordinates": [
					 133.2595,
					 33.4411
				]
			},
			"properties": {
				"name": "JA5/KC-085(蟠蛇森)",
				"読み":"Bandagamori",
				"標高":"770m 4pt ",
				"GL":"PM63pk",
				"市郡区":"C#3905 / G#39004B / G#39004K",
				"登山日":"",
				"メモ":"",
				"_markerType": "Icon",
				"_iconUrl": "https://maps.gsi.go.jp/portal/sys/v4/symbols/828.png",
				"_iconSize": [
					16,
					16
				],
				"_iconAnchor": [
					8,
					8
				]
			}
		},
		{
			"type": "Feature",
			"geometry": {
				"type": "Point",
				"coordinates": [
					 132.7542,
					 33.0657
				]
			},
			"properties": {
				"name": "JA5/KC-086(ほけが森)",
				"読み":"Hokegamori",
				"標高":"752m 4pt ",
				"GL":"PM63jb",
				"市郡区":"C#3910 ",
				"登山日":"",
				"メモ":"",
				"_markerType": "Icon",
				"_iconUrl": "https://maps.gsi.go.jp/portal/sys/v4/symbols/828.png",
				"_iconSize": [
					16,
					16
				],
				"_iconAnchor": [
					8,
					8
				]
			}
		},
		{
			"type": "Feature",
			"geometry": {
				"type": "Point",
				"coordinates": [
					 133.1088,
					 33.3989
				]
			},
			"properties": {
				"name": "JA5/KC-087(下向山(三角点))",
				"読み":"Shimomukeyama",
				"標高":"738m 4pt ",
				"GL":"PM63nj",
				"市郡区":"G#39004E / G#39004K ",
				"登山日":"",
				"メモ":"",
				"_markerType": "Icon",
				"_iconUrl": "https://maps.gsi.go.jp/portal/sys/v4/symbols/828.png",
				"_iconSize": [
					16,
					16
				],
				"_iconAnchor": [
					8,
					8
				]
			}
		},
		{
			"type": "Feature",
			"geometry": {
				"type": "Point",
				"coordinates": [
					 134.1275,
					 33.395
				]
			},
			"properties": {
				"name": "JA5/KC-088(大角山近傍)",
				"読み":"Near_Oosumiyama",
				"標高":"724m 4pt ",
				"GL":"PM73bj",
				"市郡区":"C#3902 ",
				"登山日":"",
				"メモ":"",
				"_markerType": "Icon",
				"_iconUrl": "https://maps.gsi.go.jp/portal/sys/v4/symbols/828.png",
				"_iconSize": [
					16,
					16
				],
				"_iconAnchor": [
					8,
					8
				]
			}
		},
		{
			"type": "Feature",
			"geometry": {
				"type": "Point",
				"coordinates": [
					 133.1493,
					 33.3069
				]
			},
			"properties": {
				"name": "JA5/KC-089(大小権現山)",
				"読み":"Daishogongenyama",
				"標高":"693m 4pt ",
				"GL":"PM63nh",
				"市郡区":"G#39004E / G#39004L ",
				"登山日":"",
				"メモ":"",
				"_markerType": "Icon",
				"_iconUrl": "https://maps.gsi.go.jp/portal/sys/v4/symbols/828.png",
				"_iconSize": [
					16,
					16
				],
				"_iconAnchor": [
					8,
					8
				]
			}
		},
		{
			"type": "Feature",
			"geometry": {
				"type": "Point",
				"coordinates": [
					 133.0291,
					 33.1108
				]
			},
			"properties": {
				"name": "JA5/KC-090(仏が森)",
				"読み":"Hotokegamori",
				"標高":"688m 4pt ",
				"GL":"PM63mc",
				"市郡区":"C#3910 / G#39007H ",
				"登山日":"",
				"メモ":"",
				"_markerType": "Icon",
				"_iconUrl": "https://maps.gsi.go.jp/portal/sys/v4/symbols/828.png",
				"_iconSize": [
					16,
					16
				],
				"_iconAnchor": [
					8,
					8
				]
			}
		},
		{
			"type": "Feature",
			"geometry": {
				"type": "Point",
				"coordinates": [
					 132.7587,
					 33.0367
				]
			},
			"properties": {
				"name": "JA5/KC-091(仏森(三角点))",
				"読み":"Hotokemori",
				"標高":"682m 4pt ",
				"GL":"PM63ja",
				"市郡区":"C#3907 / C#3910 ",
				"登山日":"",
				"メモ":"",
				"_markerType": "Icon",
				"_iconUrl": "https://maps.gsi.go.jp/portal/sys/v4/symbols/828.png",
				"_iconSize": [
					16,
					16
				],
				"_iconAnchor": [
					8,
					8
				]
			}
		},
		{
			"type": "Feature",
			"geometry": {
				"type": "Point",
				"coordinates": [
					 133.3055,
					 33.4591
				]
			},
			"properties": {
				"name": "JA5/KC-092(虚空蔵山)",
				"読み":"Kokuzousan",
				"標高":"675m 4pt ",
				"GL":"PM63pl",
				"市郡区":"G#39004B / C#3905 / C#3904",
				"登山日":"",
				"メモ":"",
				"_markerType": "Icon",
				"_iconUrl": "https://maps.gsi.go.jp/portal/sys/v4/symbols/828.png",
				"_iconSize": [
					16,
					16
				],
				"_iconAnchor": [
					8,
					8
				]
			}
		},
		{
			"type": "Feature",
			"geometry": {
				"type": "Point",
				"coordinates": [
					 133.1327,
					 33.3985
				]
			},
			"properties": {
				"name": "JA5/KC-093(点670(下元山(三角点)近傍))",
				"読み":"P670",
				"標高":"670m 4pt ",
				"GL":"PM63nj",
				"市郡区":"G#39004E ",
				"登山日":"",
				"メモ":"",
				"_markerType": "Icon",
				"_iconUrl": "https://maps.gsi.go.jp/portal/sys/v4/symbols/828.png",
				"_iconSize": [
					16,
					16
				],
				"_iconAnchor": [
					8,
					8
				]
			}
		},
		{
			"type": "Feature",
			"geometry": {
				"type": "Point",
				"coordinates": [
					 133.1507,
					 33.1773
				]
			},
			"properties": {
				"name": "JA5/KC-094(五在所ノ峯)",
				"読み":"Gozaishonomine",
				"標高":"658m 4pt ",
				"GL":"PM63ne",
				"市郡区":"G#39004L / G#39007H ",
				"登山日":"",
				"メモ":"",
				"_markerType": "Icon",
				"_iconUrl": "https://maps.gsi.go.jp/portal/sys/v4/symbols/828.png",
				"_iconSize": [
					16,
					16
				],
				"_iconAnchor": [
					8,
					8
				]
			}
		},
		{
			"type": "Feature",
			"geometry": {
				"type": "Point",
				"coordinates": [
					 133.096,
					 33.252
				]
			},
			"properties": {
				"name": "JA5/KC-095(点654)",
				"読み":"P654",
				"標高":"654m 4pt ",
				"GL":"PM63ng",
				"市郡区":"G#39004L ",
				"登山日":"",
				"メモ":"",
				"_markerType": "Icon",
				"_iconUrl": "https://maps.gsi.go.jp/portal/sys/v4/symbols/828.png",
				"_iconSize": [
					16,
					16
				],
				"_iconAnchor": [
					8,
					8
				]
			}
		},
		{
			"type": "Feature",
			"geometry": {
				"type": "Point",
				"coordinates": [
					 134.1689,
					 33.3661
				]
			},
			"properties": {
				"name": "JA5/KC-096(鬼ケ丸(三角点))",
				"読み":"Onigamaru",
				"標高":"650m 4pt ",
				"GL":"PM73ci",
				"市郡区":"C#3902 ",
				"登山日":"",
				"メモ":"",
				"_markerType": "Icon",
				"_iconUrl": "https://maps.gsi.go.jp/portal/sys/v4/symbols/828.png",
				"_iconSize": [
					16,
					16
				],
				"_iconAnchor": [
					8,
					8
				]
			}
		},
		{
			"type": "Feature",
			"geometry": {
				"type": "Point",
				"coordinates": [
					 132.8071,
					 33.0354
				]
			},
			"properties": {
				"name": "JA5/KC-097(鍋ケ森)",
				"読み":"Nabegamori",
				"標高":"636m 2pt ",
				"GL":"PM63ja",
				"市郡区":"C#3910 / C#3907 ",
				"登山日":"",
				"メモ":"",
				"_markerType": "Icon",
				"_iconUrl": "https://maps.gsi.go.jp/portal/sys/v4/symbols/102.png",
				"_iconSize": [
					16,
					16
				],
				"_iconAnchor": [
					8,
					8
				]
			}
		},
		{
			"type": "Feature",
			"geometry": {
				"type": "Point",
				"coordinates": [
					 133.1487,
					 33.3577
				]
			},
			"properties": {
				"name": "JA5/KC-099(横山(三角点))",
				"読み":"Yokoyama",
				"標高":"625m 2pt ",
				"GL":"PM63ni",
				"市郡区":"G#39004E ",
				"登山日":"",
				"メモ":"",
				"_markerType": "Icon",
				"_iconUrl": "https://maps.gsi.go.jp/portal/sys/v4/symbols/102.png",
				"_iconSize": [
					16,
					16
				],
				"_iconAnchor": [
					8,
					8
				]
			}
		},
		{
			"type": "Feature",
			"geometry": {
				"type": "Point",
				"coordinates": [
					 132.9409,
					 33.0928
				]
			},
			"properties": {
				"name": "JA5/KC-100(前が森)",
				"読み":"Maegamori",
				"標高":"611m 2pt ",
				"GL":"PM63lc",
				"市郡区":"C#3910 ",
				"登山日":"",
				"メモ":"",
				"_markerType": "Icon",
				"_iconUrl": "https://maps.gsi.go.jp/portal/sys/v4/symbols/102.png",
				"_iconSize": [
					16,
					16
				],
				"_iconAnchor": [
					8,
					8
				]
			}
		},
		{
			"type": "Feature",
			"geometry": {
				"type": "Point",
				"coordinates": [
					 134.0265,
					 33.4889
				]
			},
			"properties": {
				"name": "JA5/KC-101(点610)",
				"読み":"P610",
				"標高":"610m 2pt ",
				"GL":"PM73al",
				"市郡区":"G#39002D / G#39002E ",
				"登山日":"",
				"メモ":"",
				"_markerType": "Icon",
				"_iconUrl": "https://maps.gsi.go.jp/portal/sys/v4/symbols/102.png",
				"_iconSize": [
					16,
					16
				],
				"_iconAnchor": [
					8,
					8
				]
			}
		},
		{
			"type": "Feature",
			"geometry": {
				"type": "Point",
				"coordinates": [
					 134.1206,
					 33.3615
				]
			},
			"properties": {
				"name": "JA5/KC-102(笠木山近傍)",
				"読み":"Near_Kasagiyama",
				"標高":"610m 2pt ",
				"GL":"PM73bi",
				"市郡区":"C#3902 ",
				"登山日":"",
				"メモ":"",
				"_markerType": "Icon",
				"_iconUrl": "https://maps.gsi.go.jp/portal/sys/v4/symbols/102.png",
				"_iconSize": [
					16,
					16
				],
				"_iconAnchor": [
					8,
					8
				]
			}
		},
		{
			"type": "Feature",
			"geometry": {
				"type": "Point",
				"coordinates": [
					 133.1977,
					 33.2931
				]
			},
			"properties": {
				"name": "JA5/KC-103(火打ケ森)",
				"読み":"Hiuchigamori",
				"標高":"591m 2pt ",
				"GL":"PM63oh",
				"市郡区":"G#39004E / G#39004L ",
				"登山日":"",
				"メモ":"",
				"_markerType": "Icon",
				"_iconUrl": "https://maps.gsi.go.jp/portal/sys/v4/symbols/102.png",
				"_iconSize": [
					16,
					16
				],
				"_iconAnchor": [
					8,
					8
				]
			}
		},
		{
			"type": "Feature",
			"geometry": {
				"type": "Point",
				"coordinates": [
					 133.7872,
					 33.6257
				]
			},
			"properties": {
				"name": "JA5/KC-104(清水ケ森)",
				"読み":"Shimizugamori",
				"標高":"583m 2pt ",
				"GL":"PM63vp",
				"市郡区":"C#3912 ",
				"登山日":"",
				"メモ":"",
				"_markerType": "Icon",
				"_iconUrl": "https://maps.gsi.go.jp/portal/sys/v4/symbols/102.png",
				"_iconSize": [
					16,
					16
				],
				"_iconAnchor": [
					8,
					8
				]
			}
		},
		{
			"type": "Feature",
			"geometry": {
				"type": "Point",
				"coordinates": [
					 134.2028,
					 33.4491
				]
			},
			"properties": {
				"name": "JA5/KC-105(城田(三角点))",
				"読み":"Shirota",
				"標高":"571m 2pt ",
				"GL":"PM73ck",
				"市郡区":"C#3902 ",
				"登山日":"",
				"メモ":"",
				"_markerType": "Icon",
				"_iconUrl": "https://maps.gsi.go.jp/portal/sys/v4/symbols/102.png",
				"_iconSize": [
					16,
					16
				],
				"_iconAnchor": [
					8,
					8
				]
			}
		},
		{
			"type": "Feature",
			"geometry": {
				"type": "Point",
				"coordinates": [
					 132.6928,
					 33.0247
				]
			},
			"properties": {
				"name": "JA5/KC-106(山北(三角点))",
				"読み":"Yamakita",
				"標高":"558m 2pt ",
				"GL":"PM63ia",
				"市郡区":"C#3907 ",
				"登山日":"",
				"メモ":"",
				"_markerType": "Icon",
				"_iconUrl": "https://maps.gsi.go.jp/portal/sys/v4/symbols/102.png",
				"_iconSize": [
					16,
					16
				],
				"_iconAnchor": [
					8,
					8
				]
			}
		},
		{
			"type": "Feature",
			"geometry": {
				"type": "Point",
				"coordinates": [
					 132.7803,
					 33.1962
				]
			},
			"properties": {
				"name": "JA5/KC-107(半家(三角点))",
				"読み":"Hanke",
				"標高":"553m 2pt ",
				"GL":"PM63je",
				"市郡区":"C#3910 ",
				"登山日":"",
				"メモ":"",
				"_markerType": "Icon",
				"_iconUrl": "https://maps.gsi.go.jp/portal/sys/v4/symbols/102.png",
				"_iconSize": [
					16,
					16
				],
				"_iconAnchor": [
					8,
					8
				]
			}
		},
		{
			"type": "Feature",
			"geometry": {
				"type": "Point",
				"coordinates": [
					 133.8641,
					 33.6939
				]
			},
			"properties": {
				"name": "JA5/KC-108(大比山)",
				"読み":"Oobiyama",
				"標高":"543m 2pt ",
				"GL":"PM63wq",
				"市郡区":"C#3912 ",
				"登山日":"",
				"メモ":"",
				"_markerType": "Icon",
				"_iconUrl": "https://maps.gsi.go.jp/portal/sys/v4/symbols/102.png",
				"_iconSize": [
					16,
					16
				],
				"_iconAnchor": [
					8,
					8
				]
			}
		},
		{
			"type": "Feature",
			"geometry": {
				"type": "Point",
				"coordinates": [
					 133.3103,
					 33.5582
				]
			},
			"properties": {
				"name": "JA5/KC-110(妙見山)",
				"読み":"Myoukenyama",
				"標高":"530m 2pt ",
				"GL":"PM63pn",
				"市郡区":"G#39004B / G#39004I ",
				"登山日":"",
				"メモ":"",
				"_markerType": "Icon",
				"_iconUrl": "https://maps.gsi.go.jp/portal/sys/v4/symbols/102.png",
				"_iconSize": [
					16,
					16
				],
				"_iconAnchor": [
					8,
					8
				]
			}
		},
		{
			"type": "Feature",
			"geometry": {
				"type": "Point",
				"coordinates": [
					 133.234,
					 33.555
				]
			},
			"properties": {
				"name": "JA5/KC-111(栂ノ森)",
				"読み":"Tsuganomori",
				"標高":"529m 2pt ",
				"GL":"PM63on",
				"市郡区":"G#39004C ",
				"登山日":"",
				"メモ":"",
				"_markerType": "Icon",
				"_iconUrl": "https://maps.gsi.go.jp/portal/sys/v4/symbols/102.png",
				"_iconSize": [
					16,
					16
				],
				"_iconAnchor": [
					8,
					8
				]
			}
		},
		{
			"type": "Feature",
			"geometry": {
				"type": "Point",
				"coordinates": [
					 132.7055,
					 32.9929
				]
			},
			"properties": {
				"name": "JA5/KC-112(山北(三角点))",
				"読み":"Yamakita",
				"標高":"517m 2pt ",
				"GL":"PM62ix",
				"市郡区":"C#3907 ",
				"登山日":"",
				"メモ":"",
				"_markerType": "Icon",
				"_iconUrl": "https://maps.gsi.go.jp/portal/sys/v4/symbols/102.png",
				"_iconSize": [
					16,
					16
				],
				"_iconAnchor": [
					8,
					8
				]
			}
		},
		{
			"type": "Feature",
			"geometry": {
				"type": "Point",
				"coordinates": [
					 133.2167,
					 33.2027
				]
			},
			"properties": {
				"name": "JA5/KC-113(六川山)",
				"読み":"Mukawayama",
				"標高":"508m 2pt ",
				"GL":"PM63oe",
				"市郡区":"G#39004L ",
				"登山日":"",
				"メモ":"",
				"_markerType": "Icon",
				"_iconUrl": "https://maps.gsi.go.jp/portal/sys/v4/symbols/102.png",
				"_iconSize": [
					16,
					16
				],
				"_iconAnchor": [
					8,
					8
				]
			}
		},
		{
			"type": "Feature",
			"geometry": {
				"type": "Point",
				"coordinates": [
					 132.8166,
					 32.9084
				]
			},
			"properties": {
				"name": "JA5/KC-114(栗畑山(三角点))",
				"読み":"Kurihatayama",
				"標高":"506m 2pt ",
				"GL":"PM62jv",
				"市郡区":"G#39007C ",
				"登山日":"",
				"メモ":"",
				"_markerType": "Icon",
				"_iconUrl": "https://maps.gsi.go.jp/portal/sys/v4/symbols/102.png",
				"_iconSize": [
					16,
					16
				],
				"_iconAnchor": [
					8,
					8
				]
			}
		},
		{
			"type": "Feature",
			"geometry": {
				"type": "Point",
				"coordinates": [
					 132.721,
					 33.0185
				]
			},
			"properties": {
				"name": "JA5/KC-115(点505)",
				"読み":"P505",
				"標高":"505m 2pt ",
				"GL":"PM63ia",
				"市郡区":"C#3907 ",
				"登山日":"",
				"メモ":"",
				"_markerType": "Icon",
				"_iconUrl": "https://maps.gsi.go.jp/portal/sys/v4/symbols/102.png",
				"_iconSize": [
					16,
					16
				],
				"_iconAnchor": [
					8,
					8
				]
			}
		},
		{
			"type": "Feature",
			"geometry": {
				"type": "Point",
				"coordinates": [
					 133.0848,
					 33.1756
				]
			},
			"properties": {
				"name": "JA5/KC-116(道前山(三角点))",
				"読み":"Doumaeyama",
				"標高":"493m 1pt ",
				"GL":"PM63ne",
				"市郡区":"G#39004L ",
				"登山日":"",
				"メモ":"",
				"_markerType": "Icon",
				"_iconUrl": "https://maps.gsi.go.jp/portal/sys/v4/symbols/826.png",
				"_iconSize": [
					16,
					16
				],
				"_iconAnchor": [
					8,
					8
				]
			}
		},
		{
			"type": "Feature",
			"geometry": {
				"type": "Point",
				"coordinates": [
					 132.7415,
					 33.0029
				]
			},
			"properties": {
				"name": "JA5/KC-117(京法(三角点))",
				"読み":"Keihou",
				"標高":"491m 1pt ",
				"GL":"PM63ia",
				"市郡区":"C#3907 ",
				"登山日":"",
				"メモ":"",
				"_markerType": "Icon",
				"_iconUrl": "https://maps.gsi.go.jp/portal/sys/v4/symbols/826.png",
				"_iconSize": [
					16,
					16
				],
				"_iconAnchor": [
					8,
					8
				]
			}
		},
		{
			"type": "Feature",
			"geometry": {
				"type": "Point",
				"coordinates": [
					 133.1532,
					 33.2163
				]
			},
			"properties": {
				"name": "JA5/KC-118(柏木(三角点))",
				"読み":"Kashiwagi",
				"標高":"486m 1pt ",
				"GL":"PM63nf",
				"市郡区":"G#39004L ",
				"登山日":"",
				"メモ":"",
				"_markerType": "Icon",
				"_iconUrl": "https://maps.gsi.go.jp/portal/sys/v4/symbols/826.png",
				"_iconSize": [
					16,
					16
				],
				"_iconAnchor": [
					8,
					8
				]
			}
		},
		{
			"type": "Feature",
			"geometry": {
				"type": "Point",
				"coordinates": [
					 132.8785,
					 32.9413
				]
			},
			"properties": {
				"name": "JA5/KC-119(点480(木和田山(三角点)近傍))",
				"読み":"P480",
				"標高":"480m 1pt ",
				"GL":"PM62kw",
				"市郡区":"C#3910 / G#39007C ",
				"登山日":"",
				"メモ":"",
				"_markerType": "Icon",
				"_iconUrl": "https://maps.gsi.go.jp/portal/sys/v4/symbols/826.png",
				"_iconSize": [
					16,
					16
				],
				"_iconAnchor": [
					8,
					8
				]
			}
		},
		{
			"type": "Feature",
			"geometry": {
				"type": "Point",
				"coordinates": [
					 132.8767,
					 32.9102
				]
			},
			"properties": {
				"name": "JA5/KC-120(ヒノタニ山)",
				"読み":"Hinotaniyama",
				"標高":"472m 1pt ",
				"GL":"PM62kv",
				"市郡区":"G#39007C ",
				"登山日":"",
				"メモ":"",
				"_markerType": "Icon",
				"_iconUrl": "https://maps.gsi.go.jp/portal/sys/v4/symbols/826.png",
				"_iconSize": [
					16,
					16
				],
				"_iconAnchor": [
					8,
					8
				]
			}
		},
		{
			"type": "Feature",
			"geometry": {
				"type": "Point",
				"coordinates": [
					 132.9646,
					 32.9081
				]
			},
			"properties": {
				"name": "JA5/KC-121(葛篭山)",
				"読み":"Tsuzurayama",
				"標高":"472m 1pt ",
				"GL":"PM62lv",
				"市郡区":"C#3908 ",
				"登山日":"",
				"メモ":"",
				"_markerType": "Icon",
				"_iconUrl": "https://maps.gsi.go.jp/portal/sys/v4/symbols/826.png",
				"_iconSize": [
					16,
					16
				],
				"_iconAnchor": [
					8,
					8
				]
			}
		},
		{
			"type": "Feature",
			"geometry": {
				"type": "Point",
				"coordinates": [
					 133.3981,
					 33.513
				]
			},
			"properties": {
				"name": "JA5/KC-122(石土ノ森)",
				"読み":"Ishidonomori",
				"標高":"467m 1pt ",
				"GL":"PM63qm",
				"市郡区":"C#3904 ",
				"登山日":"",
				"メモ":"",
				"_markerType": "Icon",
				"_iconUrl": "https://maps.gsi.go.jp/portal/sys/v4/symbols/826.png",
				"_iconSize": [
					16,
					16
				],
				"_iconAnchor": [
					8,
					8
				]
			}
		},
		{
			"type": "Feature",
			"geometry": {
				"type": "Point",
				"coordinates": [
					 132.6745,
					 32.8196
				]
			},
			"properties": {
				"name": "JA5/KC-123(大洞山)",
				"読み":"Oohorayama",
				"標高":"466m 1pt ",
				"GL":"PM62it",
				"市郡区":"G#39007E ",
				"登山日":"",
				"メモ":"",
				"_markerType": "Icon",
				"_iconUrl": "https://maps.gsi.go.jp/portal/sys/v4/symbols/826.png",
				"_iconSize": [
					16,
					16
				],
				"_iconAnchor": [
					8,
					8
				]
			}
		},
		{
			"type": "Feature",
			"geometry": {
				"type": "Point",
				"coordinates": [
					 132.77,
					 33.1493
				]
			},
			"properties": {
				"name": "JA5/KC-124(鎌滝(三角点))",
				"読み":"Kamataki",
				"標高":"457m 1pt ",
				"GL":"PM63jd",
				"市郡区":"C#3910 ",
				"登山日":"",
				"メモ":"",
				"_markerType": "Icon",
				"_iconUrl": "https://maps.gsi.go.jp/portal/sys/v4/symbols/826.png",
				"_iconSize": [
					16,
					16
				],
				"_iconAnchor": [
					8,
					8
				]
			}
		},
		{
			"type": "Feature",
			"geometry": {
				"type": "Point",
				"coordinates": [
					 132.7593,
					 32.892
				]
			},
			"properties": {
				"name": "JA5/KC-125(中畑山)",
				"読み":"Nakahatayama",
				"標高":"455m 1pt ",
				"GL":"PM62jv",
				"市郡区":"C#3907 ",
				"登山日":"",
				"メモ":"",
				"_markerType": "Icon",
				"_iconUrl": "https://maps.gsi.go.jp/portal/sys/v4/symbols/826.png",
				"_iconSize": [
					16,
					16
				],
				"_iconAnchor": [
					8,
					8
				]
			}
		},
		{
			"type": "Feature",
			"geometry": {
				"type": "Point",
				"coordinates": [
					 132.8245,
					 32.9364
				]
			},
			"properties": {
				"name": "JA5/KC-126(貝ケ森)",
				"読み":"Kaigamori",
				"標高":"455m 1pt ",
				"GL":"PM62jw",
				"市郡区":"C#3907 / G#39007C ",
				"登山日":"",
				"メモ":"",
				"_markerType": "Icon",
				"_iconUrl": "https://maps.gsi.go.jp/portal/sys/v4/symbols/826.png",
				"_iconSize": [
					16,
					16
				],
				"_iconAnchor": [
					8,
					8
				]
			}
		},
		{
			"type": "Feature",
			"geometry": {
				"type": "Point",
				"coordinates": [
					 132.8606,
					 32.9329
				]
			},
			"properties": {
				"name": "JA5/KC-127(点451(三角点))",
				"読み":"P451",
				"標高":"451m 1pt ",
				"GL":"PM62kw",
				"市郡区":"G#39007C ",
				"登山日":"",
				"メモ":"",
				"_markerType": "Icon",
				"_iconUrl": "https://maps.gsi.go.jp/portal/sys/v4/symbols/826.png",
				"_iconSize": [
					16,
					16
				],
				"_iconAnchor": [
					8,
					8
				]
			}
		},
		{
			"type": "Feature",
			"geometry": {
				"type": "Point",
				"coordinates": [
					 132.791,
					 32.8186
				]
			},
			"properties": {
				"name": "JA5/KC-129(点439)",
				"読み":"P439",
				"標高":"439m 1pt ",
				"GL":"PM62jt",
				"市郡区":"C#3908 ",
				"登山日":"",
				"メモ":"",
				"_markerType": "Icon",
				"_iconUrl": "https://maps.gsi.go.jp/portal/sys/v4/symbols/826.png",
				"_iconSize": [
					16,
					16
				],
				"_iconAnchor": [
					8,
					8
				]
			}
		},
		{
			"type": "Feature",
			"geometry": {
				"type": "Point",
				"coordinates": [
					 132.7491,
					 33.1937
				]
			},
			"properties": {
				"name": "JA5/KC-130(本村山(三角点))",
				"読み":"Honmurayama",
				"標高":"422m 1pt ",
				"GL":"PM63ie",
				"市郡区":"C#3910 ",
				"登山日":"",
				"メモ":"",
				"_markerType": "Icon",
				"_iconUrl": "https://maps.gsi.go.jp/portal/sys/v4/symbols/826.png",
				"_iconSize": [
					16,
					16
				],
				"_iconAnchor": [
					8,
					8
				]
			}
		},
		{
			"type": "Feature",
			"geometry": {
				"type": "Point",
				"coordinates": [
					 132.9544,
					 33.0157
				]
			},
			"properties": {
				"name": "JA5/KC-131(石見寺山)",
				"読み":"Ishimiderayama",
				"標高":"411m 1pt ",
				"GL":"PM63la",
				"市郡区":"G#39007H / C#3910 ",
				"登山日":"",
				"メモ":"",
				"_markerType": "Icon",
				"_iconUrl": "https://maps.gsi.go.jp/portal/sys/v4/symbols/826.png",
				"_iconSize": [
					16,
					16
				],
				"_iconAnchor": [
					8,
					8
				]
			}
		},
		{
			"type": "Feature",
			"geometry": {
				"type": "Point",
				"coordinates": [
					 132.747,
					 32.9835
				]
			},
			"properties": {
				"name": "JA5/KC-132(野地(三角点))",
				"読み":"Noji",
				"標高":"406m 1pt ",
				"GL":"PM62ix",
				"市郡区":"C#3907 ",
				"登山日":"",
				"メモ":"",
				"_markerType": "Icon",
				"_iconUrl": "https://maps.gsi.go.jp/portal/sys/v4/symbols/826.png",
				"_iconSize": [
					16,
					16
				],
				"_iconAnchor": [
					8,
					8
				]
			}
		},
		{
			"type": "Feature",
			"geometry": {
				"type": "Point",
				"coordinates": [
					 132.5542,
					 32.727
				]
			},
			"properties": {
				"name": "JA5/KC-133(妹背山)",
				"読み":"Imoseyama",
				"標高":"404m 1pt ",
				"GL":"PM62gr",
				"市郡区":"C#3907 ",
				"登山日":"",
				"メモ":"",
				"_markerType": "Icon",
				"_iconUrl": "https://maps.gsi.go.jp/portal/sys/v4/symbols/826.png",
				"_iconSize": [
					16,
					16
				],
				"_iconAnchor": [
					8,
					8
				]
			}
		},
		{
			"type": "Feature",
			"geometry": {
				"type": "Point",
				"coordinates": [
					 133.3304,
					 33.5475
				]
			},
			"properties": {
				"name": "JA5/KC-134(点390(扇畑(三角点)近傍))",
				"読み":"P390",
				"標高":"390m 1pt ",
				"GL":"PM63pn",
				"市郡区":"G#39004I ",
				"登山日":"",
				"メモ":"",
				"_markerType": "Icon",
				"_iconUrl": "https://maps.gsi.go.jp/portal/sys/v4/symbols/826.png",
				"_iconSize": [
					16,
					16
				],
				"_iconAnchor": [
					8,
					8
				]
			}
		},
		{
			"type": "Feature",
			"geometry": {
				"type": "Point",
				"coordinates": [
					 133.949,
					 33.5493
				]
			},
			"properties": {
				"name": "JA5/KC-135(点385)",
				"読み":"P385",
				"標高":"385m 1pt ",
				"GL":"PM63xn",
				"市郡区":"C#3903 ",
				"登山日":"",
				"メモ":"",
				"_markerType": "Icon",
				"_iconUrl": "https://maps.gsi.go.jp/portal/sys/v4/symbols/826.png",
				"_iconSize": [
					16,
					16
				],
				"_iconAnchor": [
					8,
					8
				]
			}
		},
		{
			"type": "Feature",
			"geometry": {
				"type": "Point",
				"coordinates": [
					 134.1802,
					 33.3104
				]
			},
			"properties": {
				"name": "JA5/KC-136(四十寺(三角点))",
				"読み":"Shijyudera",
				"標高":"383m 1pt ",
				"GL":"PM73ch",
				"市郡区":"C#3902 ",
				"登山日":"",
				"メモ":"",
				"_markerType": "Icon",
				"_iconUrl": "https://maps.gsi.go.jp/portal/sys/v4/symbols/826.png",
				"_iconSize": [
					16,
					16
				],
				"_iconAnchor": [
					8,
					8
				]
			}
		},
		{
			"type": "Feature",
			"geometry": {
				"type": "Point",
				"coordinates": [
					 132.8545,
					 32.9976
				]
			},
			"properties": {
				"name": "JA5/KC-137(大塔山)",
				"読み":"Daitouzan",
				"標高":"383m 1pt ",
				"GL":"PM62kx",
				"市郡区":"C#3910 ",
				"登山日":"",
				"メモ":"",
				"_markerType": "Icon",
				"_iconUrl": "https://maps.gsi.go.jp/portal/sys/v4/symbols/826.png",
				"_iconSize": [
					16,
					16
				],
				"_iconAnchor": [
					8,
					8
				]
			}
		},
		{
			"type": "Feature",
			"geometry": {
				"type": "Point",
				"coordinates": [
					 132.7588,
					 32.9538
				]
			},
			"properties": {
				"name": "JA5/KC-138(押ノ川(三角点))",
				"読み":"Oshinokawa",
				"標高":"373m 1pt ",
				"GL":"PM62jw",
				"市郡区":"C#3907 ",
				"登山日":"",
				"メモ":"",
				"_markerType": "Icon",
				"_iconUrl": "https://maps.gsi.go.jp/portal/sys/v4/symbols/826.png",
				"_iconSize": [
					16,
					16
				],
				"_iconAnchor": [
					8,
					8
				]
			}
		},
		{
			"type": "Feature",
			"geometry": {
				"type": "Point",
				"coordinates": [
					 132.8398,
					 32.8997
				]
			},
			"properties": {
				"name": "JA5/KC-139(点370(東奥山(三角点)近傍))",
				"読み":"P370",
				"標高":"370m 1pt ",
				"GL":"PM62kv",
				"市郡区":"G#39007C ",
				"登山日":"",
				"メモ":"",
				"_markerType": "Icon",
				"_iconUrl": "https://maps.gsi.go.jp/portal/sys/v4/symbols/826.png",
				"_iconSize": [
					16,
					16
				],
				"_iconAnchor": [
					8,
					8
				]
			}
		},
		{
			"type": "Feature",
			"geometry": {
				"type": "Point",
				"coordinates": [
					 133.3695,
					 33.5427
				]
			},
			"properties": {
				"name": "JA5/KC-140(烏森(三角点))",
				"読み":"Karasumori",
				"標高":"367m 1pt ",
				"GL":"PM63qn",
				"市郡区":"G#39004I ",
				"登山日":"",
				"メモ":"",
				"_markerType": "Icon",
				"_iconUrl": "https://maps.gsi.go.jp/portal/sys/v4/symbols/826.png",
				"_iconSize": [
					16,
					16
				],
				"_iconAnchor": [
					8,
					8
				]
			}
		},
		{
			"type": "Feature",
			"geometry": {
				"type": "Point",
				"coordinates": [
					 133.5165,
					 33.5258
				]
			},
			"properties": {
				"name": "JA5/KC-141(烏帽子山)",
				"読み":"Eboshiyama",
				"標高":"359m 1pt ",
				"GL":"PM63sm",
				"市郡区":"C#3901 ",
				"登山日":"",
				"メモ":"",
				"_markerType": "Icon",
				"_iconUrl": "https://maps.gsi.go.jp/portal/sys/v4/symbols/826.png",
				"_iconSize": [
					16,
					16
				],
				"_iconAnchor": [
					8,
					8
				]
			}
		},
		{
			"type": "Feature",
			"geometry": {
				"type": "Point",
				"coordinates": [
					 133.3104,
					 33.4355
				]
			},
			"properties": {
				"name": "JA5/KC-143(点332)",
				"読み":"P332",
				"標高":"332m 1pt ",
				"GL":"PM63pk",
				"市郡区":"C#3904 / C#3905 ",
				"登山日":"",
				"メモ":"",
				"_markerType": "Icon",
				"_iconUrl": "https://maps.gsi.go.jp/portal/sys/v4/symbols/826.png",
				"_iconSize": [
					16,
					16
				],
				"_iconAnchor": [
					8,
					8
				]
			}
		},
		{
			"type": "Feature",
			"geometry": {
				"type": "Point",
				"coordinates": [
					 132.9619,
					 32.8731
				]
			},
			"properties": {
				"name": "JA5/KC-144(長笹山)",
				"読み":"Nagasasayama",
				"標高":"329m 1pt ",
				"GL":"PM62lu",
				"市郡区":"C#3908 ",
				"登山日":"",
				"メモ":"",
				"_markerType": "Icon",
				"_iconUrl": "https://maps.gsi.go.jp/portal/sys/v4/symbols/826.png",
				"_iconSize": [
					16,
					16
				],
				"_iconAnchor": [
					8,
					8
				]
			}
		},
		{
			"type": "Feature",
			"geometry": {
				"type": "Point",
				"coordinates": [
					 132.8856,
					 33.0265
				]
			},
			"properties": {
				"name": "JA5/KC-145(点320(津ヶ森(三角点)近傍))",
				"読み":"P320",
				"標高":"320m 1pt ",
				"GL":"PM63ka",
				"市郡区":"C#3910 ",
				"登山日":"",
				"メモ":"",
				"_markerType": "Icon",
				"_iconUrl": "https://maps.gsi.go.jp/portal/sys/v4/symbols/826.png",
				"_iconSize": [
					16,
					16
				],
				"_iconAnchor": [
					8,
					8
				]
			}
		},
		{
			"type": "Feature",
			"geometry": {
				"type": "Point",
				"coordinates": [
					 132.9322,
					 32.816
				]
			},
			"properties": {
				"name": "JA5/KC-146(点310(宮ヶ谷山(三角点)近傍))",
				"読み":"P310",
				"標高":"310m 1pt ",
				"GL":"PM62lt",
				"市郡区":"C#3908 ",
				"登山日":"",
				"メモ":"",
				"_markerType": "Icon",
				"_iconUrl": "https://maps.gsi.go.jp/portal/sys/v4/symbols/826.png",
				"_iconSize": [
					16,
					16
				],
				"_iconAnchor": [
					8,
					8
				]
			}
		},
		{
			"type": "Feature",
			"geometry": {
				"type": "Point",
				"coordinates": [
					 133.4967,
					 33.5798
				]
			},
			"properties": {
				"name": "JA5/KC-147(鴻ノ森)",
				"読み":"Kounomori",
				"標高":"300m 1pt ",
				"GL":"PM63rn",
				"市郡区":"C#3901 ",
				"登山日":"",
				"メモ":"",
				"_markerType": "Icon",
				"_iconUrl": "https://maps.gsi.go.jp/portal/sys/v4/symbols/826.png",
				"_iconSize": [
					16,
					16
				],
				"_iconAnchor": [
					8,
					8
				]
			}
		},
		{
			"type": "Feature",
			"geometry": {
				"type": "Point",
				"coordinates": [
					 132.6714,
					 32.8528
				]
			},
			"properties": {
				"name": "JA5/KC-148(大月ウインドファーム)",
				"読み":"OotsukiWindFarm",
				"標高":"297m 1pt ",
				"GL":"PM62iu",
				"市郡区":"G#39007E ",
				"登山日":"",
				"メモ":"",
				"_markerType": "Icon",
				"_iconUrl": "https://maps.gsi.go.jp/portal/sys/v4/symbols/826.png",
				"_iconSize": [
					16,
					16
				],
				"_iconAnchor": [
					8,
					8
				]
			}
		},
		{
			"type": "Feature",
			"geometry": {
				"type": "Point",
				"coordinates": [
					 132.729,
					 32.8613
				]
			},
			"properties": {
				"name": "JA5/KC-149(熊ケ森)",
				"読み":"Kumagamori",
				"標高":"282m 1pt ",
				"GL":"PM62iu",
				"市郡区":"C#3907 / G#39007E ",
				"登山日":"",
				"メモ":"",
				"_markerType": "Icon",
				"_iconUrl": "https://maps.gsi.go.jp/portal/sys/v4/symbols/826.png",
				"_iconSize": [
					16,
					16
				],
				"_iconAnchor": [
					8,
					8
				]
			}
		},
		{
			"type": "Feature",
			"geometry": {
				"type": "Point",
				"coordinates": [
					 133.2059,
					 33.7944
				]
			},
			"properties": {
				"name": "JA5/KC-150(西黒森)",
				"読み":"Nishikuromori",
				"標高":"1861m 10pt ",
				"GL":"PM63ot",
				"市郡区":"G#39001F / C#3806 ",
				"登山日":"",
				"メモ":"",
				"_markerType": "Icon",
				"_iconUrl": "https://maps.gsi.go.jp/portal/sys/v4/symbols/101.png",
				"_iconSize": [
					16,
					16
				],
				"_iconAnchor": [
					8,
					8
				]
			}
		},
		{
			"type": "Feature",
			"geometry": {
				"type": "Point",
				"coordinates": [
					 133.9929,
					 33.8101
				]
			},
			"properties": {
				"name": "JA5/KC-151(白髪山)",
				"読み":"Shiragayama",
				"標高":"1770m 10pt ",
				"GL":"PM63xt",
				"市郡区":"C#3912 ",
				"登山日":"",
				"メモ":"",
				"_markerType": "Icon",
				"_iconUrl": "https://maps.gsi.go.jp/portal/sys/v4/symbols/101.png",
				"_iconSize": [
					16,
					16
				],
				"_iconAnchor": [
					8,
					8
				]
			}
		},
		{
			"type": "Feature",
			"geometry": {
				"type": "Point",
				"coordinates": [
					 133.248,
					 33.788
				]
			},
			"properties": {
				"name": "JA5/KC-152(伊予富士)",
				"読み":"Iyofuji",
				"標高":"1756m 10pt ",
				"GL":"PM63os",
				"市郡区":"G#39001F / C#3806 ",
				"登山日":"",
				"メモ":"",
				"_markerType": "Icon",
				"_iconUrl": "https://maps.gsi.go.jp/portal/sys/v4/symbols/101.png",
				"_iconSize": [
					16,
					16
				],
				"_iconAnchor": [
					8,
					8
				]
			}
		},
		{
			"type": "Feature",
			"geometry": {
				"type": "Point",
				"coordinates": [
					 133.31,
					 33.8159
				]
			},
			"properties": {
				"name": "JA5/KC-153(冠山)",
				"読み":"Kanmuriyama",
				"標高":"1732m 10pt ",
				"GL":"PM63pt",
				"市郡区":"G#39001F / C#3805 ",
				"登山日":"",
				"メモ":"",
				"_markerType": "Icon",
				"_iconUrl": "https://maps.gsi.go.jp/portal/sys/v4/symbols/101.png",
				"_iconSize": [
					16,
					16
				],
				"_iconAnchor": [
					8,
					8
				]
			}
		},
		{
			"type": "Feature",
			"geometry": {
				"type": "Point",
				"coordinates": [
					 133.2746,
					 33.7547
				]
			},
			"properties": {
				"name": "JA5/KC-154(点1433)",
				"読み":"P1433",
				"標高":"1433m 8pt ",
				"GL":"PM63ps",
				"市郡区":"G#39001F ",
				"登山日":"",
				"メモ":"",
				"_markerType": "Icon",
				"_iconUrl": "https://maps.gsi.go.jp/portal/sys/v4/symbols/104.png",
				"_iconSize": [
					16,
					16
				],
				"_iconAnchor": [
					8,
					8
				]
			}
		},
		{
			"type": "Feature",
			"geometry": {
				"type": "Point",
				"coordinates": [
					 133.528,
					 33.8529
				]
			},
			"properties": {
				"name": "JA5/KC-155(点1334)",
				"読み":"P1334",
				"標高":"1334m 8pt ",
				"GL":"PM63su",
				"市郡区":"G#39006B ",
				"登山日":"",
				"メモ":"",
				"_markerType": "Icon",
				"_iconUrl": "https://maps.gsi.go.jp/portal/sys/v4/symbols/104.png",
				"_iconSize": [
					16,
					16
				],
				"_iconAnchor": [
					8,
					8
				]
			}
		},
		{
			"type": "Feature",
			"geometry": {
				"type": "Point",
				"coordinates": [
					 134.0365,
					 33.6745
				]
			},
			"properties": {
				"name": "JA5/KC-156(烏帽子ヶ森)",
				"読み":"Eboshigamori",
				"標高":"1320m 8pt ",
				"GL":"PM73aq",
				"市郡区":"C#3903 ",
				"登山日":"",
				"メモ":"",
				"_markerType": "Icon",
				"_iconUrl": "https://maps.gsi.go.jp/portal/sys/v4/symbols/104.png",
				"_iconSize": [
					16,
					16
				],
				"_iconAnchor": [
					8,
					8
				]
			}
		},
		{
			"type": "Feature",
			"geometry": {
				"type": "Point",
				"coordinates": [
					 133.0775,
					 33.6535
				]
			},
			"properties": {
				"name": "JA5/KC-157(三光ノ辻山)",
				"読み":"Sankounotsujiyama",
				"標高":"1215m 8pt ",
				"GL":"PM63mp",
				"市郡区":"G#39001G / G#38005F ",
				"登山日":"",
				"メモ":"",
				"_markerType": "Icon",
				"_iconUrl": "https://maps.gsi.go.jp/portal/sys/v4/symbols/104.png",
				"_iconSize": [
					16,
					16
				],
				"_iconAnchor": [
					8,
					8
				]
			}
		},
		{
			"type": "Feature",
			"geometry": {
				"type": "Point",
				"coordinates": [
					 134.1422,
					 33.6674
				]
			},
			"properties": {
				"name": "JA5/KC-158(雁巻山)",
				"読み":"Ganmakiyama",
				"標高":"1125m 8pt ",
				"GL":"PM73bq",
				"市郡区":"G#39002A ",
				"登山日":"",
				"メモ":"",
				"_markerType": "Icon",
				"_iconUrl": "https://maps.gsi.go.jp/portal/sys/v4/symbols/104.png",
				"_iconSize": [
					16,
					16
				],
				"_iconAnchor": [
					8,
					8
				]
			}
		},
		{
			"type": "Feature",
			"geometry": {
				"type": "Point",
				"coordinates": [
					 133.5122,
					 33.684
				]
			},
			"properties": {
				"name": "JA5/KC-159(三辻山)",
				"読み":"Mitsujiyama",
				"標高":"1110m 8pt ",
				"GL":"PM63sq",
				"市郡区":"G#39005D ",
				"登山日":"",
				"メモ":"",
				"_markerType": "Icon",
				"_iconUrl": "https://maps.gsi.go.jp/portal/sys/v4/symbols/104.png",
				"_iconSize": [
					16,
					16
				],
				"_iconAnchor": [
					8,
					8
				]
			}
		},
		{
			"type": "Feature",
			"geometry": {
				"type": "Point",
				"coordinates": [
					 133.488,
					 33.7581
				]
			},
			"properties": {
				"name": "JA5/KC-160(岩躑躅山近傍)",
				"読み":"Near_Iwatsutsujiyama",
				"標高":"1109m 8pt ",
				"GL":"PM63rs",
				"市郡区":"G#39005D ",
				"登山日":"",
				"メモ":"",
				"_markerType": "Icon",
				"_iconUrl": "https://maps.gsi.go.jp/portal/sys/v4/symbols/104.png",
				"_iconSize": [
					16,
					16
				],
				"_iconAnchor": [
					8,
					8
				]
			}
		},
		{
			"type": "Feature",
			"geometry": {
				"type": "Point",
				"coordinates": [
					 133.9894,
					 33.6481
				]
			},
			"properties": {
				"name": "JA5/KC-161(点1052)",
				"読み":"P1052",
				"標高":"1052m 8pt ",
				"GL":"PM63xp",
				"市郡区":"C#3903 ",
				"登山日":"",
				"メモ":"",
				"_markerType": "Icon",
				"_iconUrl": "https://maps.gsi.go.jp/portal/sys/v4/symbols/104.png",
				"_iconSize": [
					16,
					16
				],
				"_iconAnchor": [
					8,
					8
				]
			}
		},
		{
			"type": "Feature",
			"geometry": {
				"type": "Point",
				"coordinates": [
					 133.213,
					 33.6621
				]
			},
			"properties": {
				"name": "JA5/KC-162(西モリ山(三角点))",
				"読み":"Nishimoriyama",
				"標高":"970m 6pt ",
				"GL":"PM63op",
				"市郡区":"G#39001G ",
				"登山日":"",
				"メモ":"",
				"_markerType": "Icon",
				"_iconUrl": "https://maps.gsi.go.jp/portal/sys/v4/symbols/103.png",
				"_iconSize": [
					16,
					16
				],
				"_iconAnchor": [
					8,
					8
				]
			}
		},
		{
			"type": "Feature",
			"geometry": {
				"type": "Point",
				"coordinates": [
					 133.7378,
					 33.8083
				]
			},
			"properties": {
				"name": "JA5/KC-163(佐賀(三角点))",
				"読み":"Saga",
				"標高":"956m 6pt ",
				"GL":"PM63ut",
				"市郡区":"G#39006A ",
				"登山日":"",
				"メモ":"",
				"_markerType": "Icon",
				"_iconUrl": "https://maps.gsi.go.jp/portal/sys/v4/symbols/103.png",
				"_iconSize": [
					16,
					16
				],
				"_iconAnchor": [
					8,
					8
				]
			}
		},
		{
			"type": "Feature",
			"geometry": {
				"type": "Point",
				"coordinates": [
					 133.8797,
					 33.6341
				]
			},
			"properties": {
				"name": "JA5/KC-164(点863（三角点次郎太森近傍）)",
				"読み":"P863",
				"標高":"860m 6pt ",
				"GL":"PM63wp",
				"市郡区":"C#3903 / C#3911 ",
				"登山日":"",
				"メモ":"",
				"_markerType": "Icon",
				"_iconUrl": "https://maps.gsi.go.jp/portal/sys/v4/symbols/103.png",
				"_iconSize": [
					16,
					16
				],
				"_iconAnchor": [
					8,
					8
				]
			}
		},
		{
			"type": "Feature",
			"geometry": {
				"type": "Point",
				"coordinates": [
					 132.9688,
					 33.3683
				]
			},
			"properties": {
				"name": "JA5/KC-165(土森(三角点))",
				"読み":"Tsuchimori",
				"標高":"828m 4pt ",
				"GL":"PM63li",
				"市郡区":"G#39004J ",
				"登山日":"",
				"メモ":"",
				"_markerType": "Icon",
				"_iconUrl": "https://maps.gsi.go.jp/portal/sys/v4/symbols/828.png",
				"_iconSize": [
					16,
					16
				],
				"_iconAnchor": [
					8,
					8
				]
			}
		},
		{
			"type": "Feature",
			"geometry": {
				"type": "Point",
				"coordinates": [
					 133.5759,
					 33.7369
				]
			},
			"properties": {
				"name": "JA5/KC-166(田井山)",
				"読み":"Taiyama",
				"標高":"818m 4pt ",
				"GL":"PM63sr",
				"市郡区":"G#39006B / G#39005D ",
				"登山日":"",
				"メモ":"",
				"_markerType": "Icon",
				"_iconUrl": "https://maps.gsi.go.jp/portal/sys/v4/symbols/828.png",
				"_iconSize": [
					16,
					16
				],
				"_iconAnchor": [
					8,
					8
				]
			}
		},
		{
			"type": "Feature",
			"geometry": {
				"type": "Point",
				"coordinates": [
					 132.9119,
					 33.2871
				]
			},
			"properties": {
				"name": "JA5/KC-167(点776)",
				"読み":"P776",
				"標高":"776m 4pt ",
				"GL":"PM63kg",
				"市郡区":"G#39004L ",
				"登山日":"",
				"メモ":"",
				"_markerType": "Icon",
				"_iconUrl": "https://maps.gsi.go.jp/portal/sys/v4/symbols/828.png",
				"_iconSize": [
					16,
					16
				],
				"_iconAnchor": [
					8,
					8
				]
			}
		},
		{
			"type": "Feature",
			"geometry": {
				"type": "Point",
				"coordinates": [
					 133.1134,
					 33.3676
				]
			},
			"properties": {
				"name": "JA5/KC-168(奈路(三角点))",
				"読み":"Naro",
				"標高":"724m 4pt ",
				"GL":"PM63ni",
				"市郡区":"G#39004E ",
				"登山日":"",
				"メモ":"",
				"_markerType": "Icon",
				"_iconUrl": "https://maps.gsi.go.jp/portal/sys/v4/symbols/828.png",
				"_iconSize": [
					16,
					16
				],
				"_iconAnchor": [
					8,
					8
				]
			}
		},
		{
			"type": "Feature",
			"geometry": {
				"type": "Point",
				"coordinates": [
					 132.8336,
					 33.1843
				]
			},
			"properties": {
				"name": "JA5/KC-169(点674)",
				"読み":"P674",
				"標高":"674m 4pt ",
				"GL":"PM63ke",
				"市郡区":"C#3910 ",
				"登山日":"",
				"メモ":"",
				"_markerType": "Icon",
				"_iconUrl": "https://maps.gsi.go.jp/portal/sys/v4/symbols/828.png",
				"_iconSize": [
					16,
					16
				],
				"_iconAnchor": [
					8,
					8
				]
			}
		},
		{
			"type": "Feature",
			"geometry": {
				"type": "Point",
				"coordinates": [
					 133.4732,
					 33.6984
				]
			},
			"properties": {
				"name": "JA5/KC-170(西森山(三角点))",
				"読み":"Nishimoriyama",
				"標高":"663m 4pt ",
				"GL":"PM63rq",
				"市郡区":"G#39005D ",
				"登山日":"",
				"メモ":"",
				"_markerType": "Icon",
				"_iconUrl": "https://maps.gsi.go.jp/portal/sys/v4/symbols/828.png",
				"_iconSize": [
					16,
					16
				],
				"_iconAnchor": [
					8,
					8
				]
			}
		},
		{
			"type": "Feature",
			"geometry": {
				"type": "Point",
				"coordinates": [
					 133.9797,
					 33.481
				]
			},
			"properties": {
				"name": "JA5/KC-171(旭ヶ丘)",
				"読み":"Asahigaoka",
				"標高":"640m 2pt ",
				"GL":"PM63xl",
				"市郡区":"C#3903 / G#39002D ",
				"登山日":"",
				"メモ":"",
				"_markerType": "Icon",
				"_iconUrl": "https://maps.gsi.go.jp/portal/sys/v4/symbols/102.png",
				"_iconSize": [
					16,
					16
				],
				"_iconAnchor": [
					8,
					8
				]
			}
		},
		{
			"type": "Feature",
			"geometry": {
				"type": "Point",
				"coordinates": [
					 133.997,
					 33.517
				]
			},
			"properties": {
				"name": "JA5/KC-172(滝倉（三角点))",
				"読み":"Takikura",
				"標高":"619m 2pt ",
				"GL":"PM63xm",
				"市郡区":"C#3903 / G#39002D ",
				"登山日":"",
				"メモ":"",
				"_markerType": "Icon",
				"_iconUrl": "https://maps.gsi.go.jp/portal/sys/v4/symbols/102.png",
				"_iconSize": [
					16,
					16
				],
				"_iconAnchor": [
					8,
					8
				]
			}
		},
		{
			"type": "Feature",
			"geometry": {
				"type": "Point",
				"coordinates": [
					 133.8806,
					 33.7211
				]
			},
			"properties": {
				"name": "JA5/KC-173(大倉山)",
				"読み":"Ookurayama",
				"標高":"602m 2pt ",
				"GL":"PM63wr",
				"市郡区":"C#3912 ",
				"登山日":"",
				"メモ":"",
				"_markerType": "Icon",
				"_iconUrl": "https://maps.gsi.go.jp/portal/sys/v4/symbols/102.png",
				"_iconSize": [
					16,
					16
				],
				"_iconAnchor": [
					8,
					8
				]
			}
		},
		{
			"type": "Feature",
			"geometry": {
				"type": "Point",
				"coordinates": [
					 132.8292,
					 33.1522
				]
			},
			"properties": {
				"name": "JA5/KC-174(加茂山(三角点))",
				"読み":"Kamoyama",
				"標高":"592m 2pt ",
				"GL":"PM63jd",
				"市郡区":"C#3910 ",
				"登山日":"",
				"メモ":"",
				"_markerType": "Icon",
				"_iconUrl": "https://maps.gsi.go.jp/portal/sys/v4/symbols/102.png",
				"_iconSize": [
					16,
					16
				],
				"_iconAnchor": [
					8,
					8
				]
			}
		},
		{
			"type": "Feature",
			"geometry": {
				"type": "Point",
				"coordinates": [
					 132.9989,
					 33.1979
				]
			},
			"properties": {
				"name": "JA5/KC-175(大迫(三角点))",
				"読み":"Oosako",
				"標高":"575m 2pt ",
				"GL":"PM63le",
				"市郡区":"G#39004L ",
				"登山日":"",
				"メモ":"",
				"_markerType": "Icon",
				"_iconUrl": "https://maps.gsi.go.jp/portal/sys/v4/symbols/102.png",
				"_iconSize": [
					16,
					16
				],
				"_iconAnchor": [
					8,
					8
				]
			}
		},
		{
			"type": "Feature",
			"geometry": {
				"type": "Point",
				"coordinates": [
					 132.7839,
					 33.1094
				]
			},
			"properties": {
				"name": "JA5/KC-176(点569)",
				"読み":"P569",
				"標高":"569m 2pt ",
				"GL":"PM63jc",
				"市郡区":"C#3910 ",
				"登山日":"",
				"メモ":"",
				"_markerType": "Icon",
				"_iconUrl": "https://maps.gsi.go.jp/portal/sys/v4/symbols/102.png",
				"_iconSize": [
					16,
					16
				],
				"_iconAnchor": [
					8,
					8
				]
			}
		},
		{
			"type": "Feature",
			"geometry": {
				"type": "Point",
				"coordinates": [
					 133.684,
					 33.7763
				]
			},
			"properties": {
				"name": "JA5/KC-177(日浦(三角点))",
				"読み":"Hiura",
				"標高":"555m 2pt ",
				"GL":"PM63us",
				"市郡区":"G#39006A ",
				"登山日":"",
				"メモ":"",
				"_markerType": "Icon",
				"_iconUrl": "https://maps.gsi.go.jp/portal/sys/v4/symbols/102.png",
				"_iconSize": [
					16,
					16
				],
				"_iconAnchor": [
					8,
					8
				]
			}
		},
		{
			"type": "Feature",
			"geometry": {
				"type": "Point",
				"coordinates": [
					 133.5251,
					 33.6097
				]
			},
			"properties": {
				"name": "JA5/KC-178(新兵衛谷(三角点))",
				"読み":"Shinbeidani",
				"標高":"540m 2pt ",
				"GL":"PM63so",
				"市郡区":"C#3901 ",
				"登山日":"",
				"メモ":"",
				"_markerType": "Icon",
				"_iconUrl": "https://maps.gsi.go.jp/portal/sys/v4/symbols/102.png",
				"_iconSize": [
					16,
					16
				],
				"_iconAnchor": [
					8,
					8
				]
			}
		},
		{
			"type": "Feature",
			"geometry": {
				"type": "Point",
				"coordinates": [
					 133.1493,
					 33.2669
				]
			},
			"properties": {
				"name": "JA5/KC-179(三宝森(三角点))",
				"読み":"Sanpomori",
				"標高":"486m 1pt ",
				"GL":"PM63ng",
				"市郡区":"G#39004L ",
				"登山日":"",
				"メモ":"",
				"_markerType": "Icon",
				"_iconUrl": "https://maps.gsi.go.jp/portal/sys/v4/symbols/826.png",
				"_iconSize": [
					16,
					16
				],
				"_iconAnchor": [
					8,
					8
				]
			}
		},
		{
			"type": "Feature",
			"geometry": {
				"type": "Point",
				"coordinates": [
					 133.0023,
					 32.7449
				]
			},
			"properties": {
				"name": "JA5/KC-180(白皇山)",
				"読み":"Hakuouzan",
				"標高":"458m 1pt ",
				"GL":"PM62mr",
				"市郡区":"C#3908 ",
				"登山日":"",
				"メモ":"",
				"_markerType": "Icon",
				"_iconUrl": "https://maps.gsi.go.jp/portal/sys/v4/symbols/826.png",
				"_iconSize": [
					16,
					16
				],
				"_iconAnchor": [
					8,
					8
				]
			}
		},
		{
			"type": "Feature",
			"geometry": {
				"type": "Point",
				"coordinates": [
					 133.1331,
					 33.1853
				]
			},
			"properties": {
				"name": "JA5/KC-181(点457)",
				"読み":"P457",
				"標高":"457m 1pt ",
				"GL":"PM63ne",
				"市郡区":"G#39004L ",
				"登山日":"",
				"メモ":"",
				"_markerType": "Icon",
				"_iconUrl": "https://maps.gsi.go.jp/portal/sys/v4/symbols/826.png",
				"_iconSize": [
					16,
					16
				],
				"_iconAnchor": [
					8,
					8
				]
			}
		},
		{
			"type": "Feature",
			"geometry": {
				"type": "Point",
				"coordinates": [
					 133.813,
					 33.6134
				]
			},
			"properties": {
				"name": "JA5/KC-182(別役(三角点)近傍)",
				"読み":"Near_Betchaku",
				"標高":"449m 1pt ",
				"GL":"PM63vo",
				"市郡区":"C#3911 / C#3912 ",
				"登山日":"",
				"メモ":"",
				"_markerType": "Icon",
				"_iconUrl": "https://maps.gsi.go.jp/portal/sys/v4/symbols/826.png",
				"_iconSize": [
					16,
					16
				],
				"_iconAnchor": [
					8,
					8
				]
			}
		},
		{
			"type": "Feature",
			"geometry": {
				"type": "Point",
				"coordinates": [
					 133.3447,
					 33.4981
				]
			},
			"properties": {
				"name": "JA5/KC-183(点414)",
				"読み":"P414",
				"標高":"414m 1pt ",
				"GL":"PM63ql",
				"市郡区":"C#3904 / G#39004I ",
				"登山日":"",
				"メモ":"",
				"_markerType": "Icon",
				"_iconUrl": "https://maps.gsi.go.jp/portal/sys/v4/symbols/826.png",
				"_iconSize": [
					16,
					16
				],
				"_iconAnchor": [
					8,
					8
				]
			}
		},
		{
			"type": "Feature",
			"geometry": {
				"type": "Point",
				"coordinates": [
					 132.8178,
					 33.0056
				]
			},
			"properties": {
				"name": "JA5/KC-184(久才川(三角点))",
				"読み":"Kusaigawa",
				"標高":"384m 1pt ",
				"GL":"PM63ja",
				"市郡区":"C#3907 / C#3910 ",
				"登山日":"",
				"メモ":"",
				"_markerType": "Icon",
				"_iconUrl": "https://maps.gsi.go.jp/portal/sys/v4/symbols/826.png",
				"_iconSize": [
					16,
					16
				],
				"_iconAnchor": [
					8,
					8
				]
			}
		},
		{
			"type": "Feature",
			"geometry": {
				"type": "Point",
				"coordinates": [
					 132.9182,
					 32.9052
				]
			},
			"properties": {
				"name": "JA5/KC-185(点381（三角点上中山近傍）)",
				"読み":"P381",
				"標高":"370m 1pt ",
				"GL":"PM62lv",
				"市郡区":"C#3908 ",
				"登山日":"",
				"メモ":"",
				"_markerType": "Icon",
				"_iconUrl": "https://maps.gsi.go.jp/portal/sys/v4/symbols/826.png",
				"_iconSize": [
					16,
					16
				],
				"_iconAnchor": [
					8,
					8
				]
			}
		},
		{
			"type": "Feature",
			"geometry": {
				"type": "Point",
				"coordinates": [
					 132.8784,
					 32.9975
				]
			},
			"properties": {
				"name": "JA5/KC-186(点356)",
				"読み":"P356",
				"標高":"356m 1pt ",
				"GL":"PM62kx",
				"市郡区":"C#3910 ",
				"登山日":"",
				"メモ":"",
				"_markerType": "Icon",
				"_iconUrl": "https://maps.gsi.go.jp/portal/sys/v4/symbols/826.png",
				"_iconSize": [
					16,
					16
				],
				"_iconAnchor": [
					8,
					8
				]
			}
		},
		{
			"type": "Feature",
			"geometry": {
				"type": "Point",
				"coordinates": [
					 133.2502,
					 33.2586
				]
			},
			"properties": {
				"name": "JA5/KC-187(点334)",
				"読み":"P334",
				"標高":"334m 1pt ",
				"GL":"PM63pg",
				"市郡区":"G#39004E ",
				"登山日":"",
				"メモ":"",
				"_markerType": "Icon",
				"_iconUrl": "https://maps.gsi.go.jp/portal/sys/v4/symbols/826.png",
				"_iconSize": [
					16,
					16
				],
				"_iconAnchor": [
					8,
					8
				]
			}
		},
		{
			"type": "Feature",
			"geometry": {
				"type": "Point",
				"coordinates": [
					 134.248,
					 33.5295
				]
			},
			"properties": {
				"name": "JA5/KC-188(点320（三角点内田近傍）)",
				"読み":"P320",
				"標高":"320m 1pt ",
				"GL":"PM73cm",
				"市郡区":"G#39002G ",
				"登山日":"",
				"メモ":"",
				"_markerType": "Icon",
				"_iconUrl": "https://maps.gsi.go.jp/portal/sys/v4/symbols/826.png",
				"_iconSize": [
					16,
					16
				],
				"_iconAnchor": [
					8,
					8
				]
			}
		},
		{
			"type": "Feature",
			"geometry": {
				"type": "Point",
				"coordinates": [
					 132.9834,
					 32.8905
				]
			},
			"properties": {
				"name": "JA5/KC-189(点286)",
				"読み":"P286",
				"標高":"286m 1pt ",
				"GL":"PM62lv",
				"市郡区":"C#3908 ",
				"登山日":"",
				"メモ":"",
				"_markerType": "Icon",
				"_iconUrl": "https://maps.gsi.go.jp/portal/sys/v4/symbols/826.png",
				"_iconSize": [
					16,
					16
				],
				"_iconAnchor": [
					8,
					8
				]
			}
		},
		{
			"type": "Feature",
			"geometry": {
				"type": "Point",
				"coordinates": [
					 133.3249,
					 33.3953
				]
			},
			"properties": {
				"name": "JA5/KC-190(法印山)",
				"読み":"Houinyama",
				"標高":"280m 1pt ",
				"GL":"PM63pj",
				"市郡区":"C#3905 ",
				"登山日":"",
				"メモ":"",
				"_markerType": "Icon",
				"_iconUrl": "https://maps.gsi.go.jp/portal/sys/v4/symbols/826.png",
				"_iconSize": [
					16,
					16
				],
				"_iconAnchor": [
					8,
					8
				]
			}
		},
		{
			"type": "Feature",
			"geometry": {
				"type": "Point",
				"coordinates": [
					 133.4445,
					 33.426
				]
			},
			"properties": {
				"name": "JA5/KC-191(宇都賀山)",
				"読み":"Utsugayama",
				"標高":"256m 1pt ",
				"GL":"PM63rk",
				"市郡区":"C#3904 ",
				"登山日":"",
				"メモ":"",
				"_markerType": "Icon",
				"_iconUrl": "https://maps.gsi.go.jp/portal/sys/v4/symbols/826.png",
				"_iconSize": [
					16,
					16
				],
				"_iconAnchor": [
					8,
					8
				]
			}
		},
		{
			"type": "Feature",
			"geometry": {
				"type": "Point",
				"coordinates": [
					 132.7248,
					 32.9493
				]
			},
			"properties": {
				"name": "JA5/KC-192(本城山)",
				"読み":"Honjyoyama",
				"標高":"254m 1pt ",
				"GL":"PM62iw",
				"市郡区":"C#3907 ",
				"登山日":"",
				"メモ":"",
				"_markerType": "Icon",
				"_iconUrl": "https://maps.gsi.go.jp/portal/sys/v4/symbols/826.png",
				"_iconSize": [
					16,
					16
				],
				"_iconAnchor": [
					8,
					8
				]
			}
		},
		{
			"type": "Feature",
			"geometry": {
				"type": "Point",
				"coordinates": [
					 132.4899,
					 32.802
				]
			},
			"properties": {
				"name": "JA5/KC-193(龍頭山)",
				"読み":"Ryutouzan",
				"標高":"250m 1pt ",
				"GL":"PM62ft",
				"市郡区":"C#3907 ",
				"登山日":"",
				"メモ":"",
				"_markerType": "Icon",
				"_iconUrl": "https://maps.gsi.go.jp/portal/sys/v4/symbols/826.png",
				"_iconSize": [
					16,
					16
				],
				"_iconAnchor": [
					8,
					8
				]
			}
		},
		{
			"type": "Feature",
			"geometry": {
				"type": "Point",
				"coordinates": [
					 133.215,
					 33.1564
				]
			},
			"properties": {
				"name": "JA5/KC-194(三崎山)",
				"読み":"Misakiyama",
				"標高":"218m 1pt ",
				"GL":"PM63od",
				"市郡区":"G#39004L ",
				"登山日":"",
				"メモ":"",
				"_markerType": "Icon",
				"_iconUrl": "https://maps.gsi.go.jp/portal/sys/v4/symbols/826.png",
				"_iconSize": [
					16,
					16
				],
				"_iconAnchor": [
					8,
					8
				]
			}
		},
		{
			"type": "Feature",
			"geometry": {
				"type": "Point",
				"coordinates": [
					 133.6158,
					 33.5525
				]
			},
			"properties": {
				"name": "JA5/KC-195(鉢伏山)",
				"読み":"Hachibuseyama",
				"標高":"213m 1pt ",
				"GL":"PM63tn",
				"市郡区":"C#3901 / C#3909 ",
				"登山日":"",
				"メモ":"",
				"_markerType": "Icon",
				"_iconUrl": "https://maps.gsi.go.jp/portal/sys/v4/symbols/826.png",
				"_iconSize": [
					16,
					16
				],
				"_iconAnchor": [
					8,
					8
				]
			}
		},
		{
			"type": "Feature",
			"geometry": {
				"type": "Point",
				"coordinates": [
					 132.4901,
					 32.739
				]
			},
			"properties": {
				"name": "JA5/KC-196(姫島(三角点))",
				"読み":"Himejima",
				"標高":"157m 1pt ",
				"GL":"PM62fr",
				"市郡区":"C#3907 ",
				"登山日":"",
				"メモ":"",
				"_markerType": "Icon",
				"_iconUrl": "https://maps.gsi.go.jp/portal/sys/v4/symbols/826.png",
				"_iconSize": [
					16,
					16
				],
				"_iconAnchor": [
					8,
					8
				]
			}
		},
		{
			"type": "Feature",
			"geometry": {
				"type": "Point",
				"coordinates": [
					 133.069919,
					 33.383791
				]
			},
			"properties": {
				"name": "JA5/KC-197(芹川山)",
				"読み":"Serikawayama",
				"標高":"926m 6pt ",
				"GL":"PM63hj",
				"市郡区":"G#39004K / G#39004E ",
				"登山日":"",
				"メモ":"",
				"_markerType": "Icon",
				"_iconUrl": "https://maps.gsi.go.jp/portal/sys/v4/symbols/103.png",
				"_iconSize": [
					16,
					16
				],
				"_iconAnchor": [
					8,
					8
				]
			}
		},
		{
			"type": "Feature",
			"geometry": {
				"type": "Point",
				"coordinates": [
					 133.0332,
					 33.2087
				]
			},
			"properties": {
				"name": "JA5/KC-198(柳がさこ山)",
				"読み":"yanagigasakoyama",
				"標高":"609m 2pt ",
				"GL":"PM63mf",
				"市郡区":"G#39004L ",
				"登山日":"",
				"メモ":"",
				"_markerType": "Icon",
				"_iconUrl": "https://maps.gsi.go.jp/portal/sys/v4/symbols/102.png",
				"_iconSize": [
					16,
					16
				],
				"_iconAnchor": [
					8,
					8
				]
			}
		},
		{
			"type": "Feature",
			"geometry": {
				"type": "Point",
				"coordinates": [
					 132.7768,
					 32.8822
				]
			},
			"properties": {
				"name": "JA5/KC-199(点452)",
				"読み":"JA/KC-199",
				"標高":"452m 1pt ",
				"GL":"PM62jv",
				"市郡区":"G#39007C / C#3907 ",
				"登山日":"",
				"メモ":"",
				"_markerType": "Icon",
				"_iconUrl": "https://maps.gsi.go.jp/portal/sys/v4/symbols/826.png",
				"_iconSize": [
					16,
					16
				],
				"_iconAnchor": [
					8,
					8
				]
			}
		},
		{
			"type": "Feature",
			"geometry": {
				"type": "Point",
				"coordinates": [
					 132.9946,
					 33.0408
				]
			},
			"properties": {
				"name": "JA5/KC-200(八丁山)",
				"読み":"Hatchouyama",
				"標高":"288m 1pt ",
				"GL":"PM63la",
				"市郡区":"G#39007H ",
				"登山日":"",
				"メモ":"",
				"_markerType": "Icon",
				"_iconUrl": "https://maps.gsi.go.jp/portal/sys/v4/symbols/826.png",
				"_iconSize": [
					16,
					16
				],
				"_iconAnchor": [
					8,
					8
				]
			}
		},
		{
			"type": "Feature",
			"geometry": {
				"type": "Point",
				"coordinates": [
					 134.0943,
					 33.8536
				]
			},
			"properties": {
				"name": "JA5/TS-001(剣山)",
				"読み":"Tsurugisan",
				"標高":"1955m 10pt ",
				"GL":"PM73bu",
				"市郡区":"C#3708 / G#37006H ",
				"登山日":"",
				"メモ":"",
				"_markerType": "Icon",
				"_iconUrl": "https://maps.gsi.go.jp/portal/sys/v4/symbols/101.png",
				"_iconSize": [
					16,
					16
				],
				"_iconAnchor": [
					8,
					8
				]
			}
		},
		{
			"type": "Feature",
			"geometry": {
				"type": "Point",
				"coordinates": [
					 134.086,
					 33.8431
				]
			},
			"properties": {
				"name": "JA5/TS-002(次郎笈)",
				"読み":"Jirougyu",
				"標高":"1930m 10pt ",
				"GL":"PM73bu",
				"市郡区":"G#37006H / C#3708 ",
				"登山日":"",
				"メモ":"",
				"_markerType": "Icon",
				"_iconUrl": "https://maps.gsi.go.jp/portal/sys/v4/symbols/101.png",
				"_iconSize": [
					16,
					16
				],
				"_iconAnchor": [
					8,
					8
				]
			}
		},
		{
			"type": "Feature",
			"geometry": {
				"type": "Point",
				"coordinates": [
					 133.9877,
					 33.8394
				]
			},
			"properties": {
				"name": "JA5/TS-003(三嶺)",
				"読み":"Miune",
				"標高":"1893m 10pt ",
				"GL":"PM63xu",
				"市郡区":"C#3708 / C#3912 ",
				"登山日":"",
				"メモ":"",
				"_markerType": "Icon",
				"_iconUrl": "https://maps.gsi.go.jp/portal/sys/v4/symbols/101.png",
				"_iconSize": [
					16,
					16
				],
				"_iconAnchor": [
					8,
					8
				]
			}
		},
		{
			"type": "Feature",
			"geometry": {
				"type": "Point",
				"coordinates": [
					 133.9749,
					 33.9251
				]
			},
			"properties": {
				"name": "JA5/TS-004(矢筈山)",
				"読み":"Yahazusan",
				"標高":"1849m 10pt ",
				"GL":"PM63xw",
				"市郡区":"C#3708 / G#37009H ",
				"登山日":"",
				"メモ":"",
				"_markerType": "Icon",
				"_iconUrl": "https://maps.gsi.go.jp/portal/sys/v4/symbols/101.png",
				"_iconSize": [
					16,
					16
				],
				"_iconAnchor": [
					8,
					8
				]
			}
		},
		{
			"type": "Feature",
			"geometry": {
				"type": "Point",
				"coordinates": [
					 134.0393,
					 33.8669
				]
			},
			"properties": {
				"name": "JA5/TS-005(塔丸)",
				"読み":"Tounomaru",
				"標高":"1713m 10pt ",
				"GL":"PM73au",
				"市郡区":"C#3708 ",
				"登山日":"",
				"メモ":"",
				"_markerType": "Icon",
				"_iconUrl": "https://maps.gsi.go.jp/portal/sys/v4/symbols/101.png",
				"_iconSize": [
					16,
					16
				],
				"_iconAnchor": [
					8,
					8
				]
			}
		},
		{
			"type": "Feature",
			"geometry": {
				"type": "Point",
				"coordinates": [
					 134.0899,
					 33.8742
				]
			},
			"properties": {
				"name": "JA5/TS-006(剣山(丸笹山))",
				"読み":"Tsurugisan/Maruzasayama",
				"標高":"1712m 10pt ",
				"GL":"PM73bu",
				"市郡区":"C#3707 / G#37009H / C#3708",
				"登山日":"",
				"メモ":"",
				"_markerType": "Icon",
				"_iconUrl": "https://maps.gsi.go.jp/portal/sys/v4/symbols/101.png",
				"_iconSize": [
					16,
					16
				],
				"_iconAnchor": [
					8,
					8
				]
			}
		},
		{
			"type": "Feature",
			"geometry": {
				"type": "Point",
				"coordinates": [
					 134.0549,
					 33.7848
				]
			},
			"properties": {
				"name": "JA5/TS-007(石立山)",
				"読み":"Ishitatezan",
				"標高":"1708m 10pt ",
				"GL":"PM73as",
				"市郡区":"G#37006H / C#3912 ",
				"登山日":"",
				"メモ":"",
				"_markerType": "Icon",
				"_iconUrl": "https://maps.gsi.go.jp/portal/sys/v4/symbols/101.png",
				"_iconSize": [
					16,
					16
				],
				"_iconAnchor": [
					8,
					8
				]
			}
		},
		{
			"type": "Feature",
			"geometry": {
				"type": "Point",
				"coordinates": [
					 134.241,
					 33.8914
				]
			},
			"properties": {
				"name": "JA5/TS-008(高城山)",
				"読み":"Takashiroyama",
				"標高":"1632m 10pt ",
				"GL":"PM73cv",
				"市郡区":"G#37006H / C#3707 ",
				"登山日":"",
				"メモ":"",
				"_markerType": "Icon",
				"_iconUrl": "https://maps.gsi.go.jp/portal/sys/v4/symbols/101.png",
				"_iconSize": [
					16,
					16
				],
				"_iconAnchor": [
					8,
					8
				]
			}
		},
		{
			"type": "Feature",
			"geometry": {
				"type": "Point",
				"coordinates": [
					 134.1714,
					 33.8686
				]
			},
			"properties": {
				"name": "JA5/TS-009(天神丸)",
				"読み":"Tenjinmaru",
				"標高":"1632m 10pt ",
				"GL":"PM73cu",
				"市郡区":"G#37006H / C#3707 ",
				"登山日":"",
				"メモ":"",
				"_markerType": "Icon",
				"_iconUrl": "https://maps.gsi.go.jp/portal/sys/v4/symbols/101.png",
				"_iconSize": [
					16,
					16
				],
				"_iconAnchor": [
					8,
					8
				]
			}
		},
		{
			"type": "Feature",
			"geometry": {
				"type": "Point",
				"coordinates": [
					 133.8934,
					 33.8049
				]
			},
			"properties": {
				"name": "JA5/TS-010(矢筈山(三角点))",
				"読み":"Yahazuyama",
				"標高":"1607m 10pt ",
				"GL":"PM63wt",
				"市郡区":"C#3708 / C#3912 ",
				"登山日":"",
				"メモ":"",
				"_markerType": "Icon",
				"_iconUrl": "https://maps.gsi.go.jp/portal/sys/v4/symbols/101.png",
				"_iconSize": [
					16,
					16
				],
				"_iconAnchor": [
					8,
					8
				]
			}
		},
		{
			"type": "Feature",
			"geometry": {
				"type": "Point",
				"coordinates": [
					 134.1987,
					 33.8327
				]
			},
			"properties": {
				"name": "JA5/TS-011(平家平)",
				"読み":"Heikedaira",
				"標高":"1603m 10pt ",
				"GL":"PM73ct",
				"市郡区":"G#37006H ",
				"登山日":"",
				"メモ":"",
				"_markerType": "Icon",
				"_iconUrl": "https://maps.gsi.go.jp/portal/sys/v4/symbols/101.png",
				"_iconSize": [
					16,
					16
				],
				"_iconAnchor": [
					8,
					8
				]
			}
		},
		{
			"type": "Feature",
			"geometry": {
				"type": "Point",
				"coordinates": [
					 134.2086,
					 33.8808
				]
			},
			"properties": {
				"name": "JA5/TS-012(樫戸丸)",
				"読み":"Kasidomaru",
				"標高":"1566m 10pt ",
				"GL":"PM73cv",
				"市郡区":"G#37006H / C#3707 ",
				"登山日":"",
				"メモ":"",
				"_markerType": "Icon",
				"_iconUrl": "https://maps.gsi.go.jp/portal/sys/v4/symbols/101.png",
				"_iconSize": [
					16,
					16
				],
				"_iconAnchor": [
					8,
					8
				]
			}
		},
		{
			"type": "Feature",
			"geometry": {
				"type": "Point",
				"coordinates": [
					 134.2948,
					 33.9057
				]
			},
			"properties": {
				"name": "JA5/TS-013(雲早山)",
				"読み":"Kumosouyama",
				"標高":"1496m 8pt ",
				"GL":"PM73dv",
				"市郡区":"G#37006H / G#37007B ",
				"登山日":"",
				"メモ":"",
				"_markerType": "Icon",
				"_iconUrl": "https://maps.gsi.go.jp/portal/sys/v4/symbols/104.png",
				"_iconSize": [
					16,
					16
				],
				"_iconAnchor": [
					8,
					8
				]
			}
		},
		{
			"type": "Feature",
			"geometry": {
				"type": "Point",
				"coordinates": [
					 133.8441,
					 33.9246
				]
			},
			"properties": {
				"name": "JA5/TS-014(中津山)",
				"読み":"Nakatsuzan",
				"標高":"1447m 8pt ",
				"GL":"PM63ww",
				"市郡区":"C#3708 ",
				"登山日":"",
				"メモ":"",
				"_markerType": "Icon",
				"_iconUrl": "https://maps.gsi.go.jp/portal/sys/v4/symbols/104.png",
				"_iconSize": [
					16,
					16
				],
				"_iconAnchor": [
					8,
					8
				]
			}
		},
		{
			"type": "Feature",
			"geometry": {
				"type": "Point",
				"coordinates": [
					 134.3252,
					 33.887
				]
			},
			"properties": {
				"name": "JA5/TS-015(高丸山)",
				"読み":"Takamaruyama",
				"標高":"1439m 8pt ",
				"GL":"PM73dv",
				"市郡区":"G#37005B / G#37006H ",
				"登山日":"",
				"メモ":"",
				"_markerType": "Icon",
				"_iconUrl": "https://maps.gsi.go.jp/portal/sys/v4/symbols/104.png",
				"_iconSize": [
					16,
					16
				],
				"_iconAnchor": [
					8,
					8
				]
			}
		},
		{
			"type": "Feature",
			"geometry": {
				"type": "Point",
				"coordinates": [
					 134.2329,
					 33.8354
				]
			},
			"properties": {
				"name": "JA5/TS-016(青ノ峠(三角点))",
				"読み":"Aonotouge",
				"標高":"1433m 8pt ",
				"GL":"PM73cu",
				"市郡区":"G#37006H ",
				"登山日":"",
				"メモ":"",
				"_markerType": "Icon",
				"_iconUrl": "https://maps.gsi.go.jp/portal/sys/v4/symbols/104.png",
				"_iconSize": [
					16,
					16
				],
				"_iconAnchor": [
					8,
					8
				]
			}
		},
		{
			"type": "Feature",
			"geometry": {
				"type": "Point",
				"coordinates": [
					 133.7847,
					 33.9076
				]
			},
			"properties": {
				"name": "JA5/TS-018(国見山)",
				"読み":"Kunimizan",
				"標高":"1409m 8pt ",
				"GL":"PM63vv",
				"市郡区":"C#3708 ",
				"登山日":"",
				"メモ":"",
				"_markerType": "Icon",
				"_iconUrl": "https://maps.gsi.go.jp/portal/sys/v4/symbols/104.png",
				"_iconSize": [
					16,
					16
				],
				"_iconAnchor": [
					8,
					8
				]
			}
		},
		{
			"type": "Feature",
			"geometry": {
				"type": "Point",
				"coordinates": [
					 133.8629,
					 33.8405
				]
			},
			"properties": {
				"name": "JA5/TS-019(樫尾(三角点))",
				"読み":"Kashio",
				"標高":"1374m 8pt ",
				"GL":"PM63wu",
				"市郡区":"C#3708 ",
				"登山日":"",
				"メモ":"",
				"_markerType": "Icon",
				"_iconUrl": "https://maps.gsi.go.jp/portal/sys/v4/symbols/104.png",
				"_iconSize": [
					16,
					16
				],
				"_iconAnchor": [
					8,
					8
				]
			}
		},
		{
			"type": "Feature",
			"geometry": {
				"type": "Point",
				"coordinates": [
					 134.1609,
					 33.6971
				]
			},
			"properties": {
				"name": "JA5/TS-020(湯桶丸)",
				"読み":"Yutoumaru",
				"標高":"1372m 8pt ",
				"GL":"PM73bq",
				"市郡区":"G#37006H ",
				"登山日":"",
				"メモ":"",
				"_markerType": "Icon",
				"_iconUrl": "https://maps.gsi.go.jp/portal/sys/v4/symbols/104.png",
				"_iconSize": [
					16,
					16
				],
				"_iconAnchor": [
					8,
					8
				]
			}
		},
		{
			"type": "Feature",
			"geometry": {
				"type": "Point",
				"coordinates": [
					 134.2955,
					 33.8706
				]
			},
			"properties": {
				"name": "JA5/TS-021(西三子山)",
				"読み":"Nishimineyama",
				"標高":"1349m 8pt ",
				"GL":"PM73du",
				"市郡区":"G#37006H ",
				"登山日":"",
				"メモ":"",
				"_markerType": "Icon",
				"_iconUrl": "https://maps.gsi.go.jp/portal/sys/v4/symbols/104.png",
				"_iconSize": [
					16,
					16
				],
				"_iconAnchor": [
					8,
					8
				]
			}
		},
		{
			"type": "Feature",
			"geometry": {
				"type": "Point",
				"coordinates": [
					 133.8919,
					 33.9512
				]
			},
			"properties": {
				"name": "JA5/TS-022(腕山)",
				"読み":"Kainayama",
				"標高":"1333m 8pt ",
				"GL":"PM63ww",
				"市郡区":"C#3708 ",
				"登山日":"",
				"メモ":"",
				"_markerType": "Icon",
				"_iconUrl": "https://maps.gsi.go.jp/portal/sys/v4/symbols/104.png",
				"_iconSize": [
					16,
					16
				],
				"_iconAnchor": [
					8,
					8
				]
			}
		},
		{
			"type": "Feature",
			"geometry": {
				"type": "Point",
				"coordinates": [
					 134.0998,
					 33.9234
				]
			},
			"properties": {
				"name": "JA5/TS-023(八面山)",
				"読み":"Yatsurayama",
				"標高":"1313m 8pt ",
				"GL":"PM73bw",
				"市郡区":"G#37009H / C#3707 ",
				"登山日":"",
				"メモ":"",
				"_markerType": "Icon",
				"_iconUrl": "https://maps.gsi.go.jp/portal/sys/v4/symbols/104.png",
				"_iconSize": [
					16,
					16
				],
				"_iconAnchor": [
					8,
					8
				]
			}
		},
		{
			"type": "Feature",
			"geometry": {
				"type": "Point",
				"coordinates": [
					 134.3502,
					 33.85
				]
			},
			"properties": {
				"name": "JA5/TS-024(栗谷山)",
				"読み":"Kuritaniyama",
				"標高":"1172m 8pt ",
				"GL":"PM73eu",
				"市郡区":"G#37005B / G#37006H ",
				"登山日":"",
				"メモ":"",
				"_markerType": "Icon",
				"_iconUrl": "https://maps.gsi.go.jp/portal/sys/v4/symbols/104.png",
				"_iconSize": [
					16,
					16
				],
				"_iconAnchor": [
					8,
					8
				]
			}
		},
		{
			"type": "Feature",
			"geometry": {
				"type": "Point",
				"coordinates": [
					 134.1993,
					 33.9935
				]
			},
			"properties": {
				"name": "JA5/TS-025(奥野々山)",
				"読み":"Okunonoyama",
				"標高":"1159m 8pt ",
				"GL":"PM73cx",
				"市郡区":"C#3705 / C#3707 ",
				"登山日":"",
				"メモ":"",
				"_markerType": "Icon",
				"_iconUrl": "https://maps.gsi.go.jp/portal/sys/v4/symbols/104.png",
				"_iconSize": [
					16,
					16
				],
				"_iconAnchor": [
					8,
					8
				]
			}
		},
		{
			"type": "Feature",
			"geometry": {
				"type": "Point",
				"coordinates": [
					 134.1342,
					 33.7511
				]
			},
			"properties": {
				"name": "JA5/TS-026(荒瀬(三角点))",
				"読み":"Arase",
				"標高":"1115m 8pt ",
				"GL":"PM73bs",
				"市郡区":"G#37006H ",
				"登山日":"",
				"メモ":"",
				"_markerType": "Icon",
				"_iconUrl": "https://maps.gsi.go.jp/portal/sys/v4/symbols/104.png",
				"_iconSize": [
					16,
					16
				],
				"_iconAnchor": [
					8,
					8
				]
			}
		},
		{
			"type": "Feature",
			"geometry": {
				"type": "Point",
				"coordinates": [
					 134.2343,
					 33.9554
				]
			},
			"properties": {
				"name": "JA5/TS-027(東宮山)",
				"読み":"Touguusan",
				"標高":"1091m 6pt ",
				"GL":"PM73cw",
				"市郡区":"C#3707 / G#37007B ",
				"登山日":"",
				"メモ":"",
				"_markerType": "Icon",
				"_iconUrl": "https://maps.gsi.go.jp/portal/sys/v4/symbols/103.png",
				"_iconSize": [
					16,
					16
				],
				"_iconAnchor": [
					8,
					8
				]
			}
		},
		{
			"type": "Feature",
			"geometry": {
				"type": "Point",
				"coordinates": [
					 134.1067,
					 33.9792
				]
			},
			"properties": {
				"name": "JA5/TS-028(友内山)",
				"読み":"Tomouchiyama",
				"標高":"1073m 6pt ",
				"GL":"PM73bx",
				"市郡区":"G#37009H / C#3707 ",
				"登山日":"",
				"メモ":"",
				"_markerType": "Icon",
				"_iconUrl": "https://maps.gsi.go.jp/portal/sys/v4/symbols/103.png",
				"_iconSize": [
					16,
					16
				],
				"_iconAnchor": [
					8,
					8
				]
			}
		},
		{
			"type": "Feature",
			"geometry": {
				"type": "Point",
				"coordinates": [
					 133.6968,
					 33.9116
				]
			},
			"properties": {
				"name": "JA5/TS-029(天狗岳)",
				"読み":"Tengudake",
				"標高":"1070m 6pt ",
				"GL":"PM63uv",
				"市郡区":"C#3708 ",
				"登山日":"",
				"メモ":"",
				"_markerType": "Icon",
				"_iconUrl": "https://maps.gsi.go.jp/portal/sys/v4/symbols/103.png",
				"_iconSize": [
					16,
					16
				],
				"_iconAnchor": [
					8,
					8
				]
			}
		},
		{
			"type": "Feature",
			"geometry": {
				"type": "Point",
				"coordinates": [
					 133.7221,
					 33.8886
				]
			},
			"properties": {
				"name": "JA5/TS-030(三名(三角点))",
				"読み":"Sanmyou",
				"標高":"1061m 6pt ",
				"GL":"PM63uv",
				"市郡区":"C#3708 ",
				"登山日":"",
				"メモ":"",
				"_markerType": "Icon",
				"_iconUrl": "https://maps.gsi.go.jp/portal/sys/v4/symbols/103.png",
				"_iconSize": [
					16,
					16
				],
				"_iconAnchor": [
					8,
					8
				]
			}
		},
		{
			"type": "Feature",
			"geometry": {
				"type": "Point",
				"coordinates": [
					 134.4014,
					 33.9458
				]
			},
			"properties": {
				"name": "JA5/TS-031(点1031)",
				"読み":"P1031",
				"標高":"1031m 6pt ",
				"GL":"PM73ew",
				"市郡区":"G#37005B / G#37007B ",
				"登山日":"",
				"メモ":"",
				"_markerType": "Icon",
				"_iconUrl": "https://maps.gsi.go.jp/portal/sys/v4/symbols/103.png",
				"_iconSize": [
					16,
					16
				],
				"_iconAnchor": [
					8,
					8
				]
			}
		},
		{
			"type": "Feature",
			"geometry": {
				"type": "Point",
				"coordinates": [
					 134.2724,
					 33.796
				]
			},
			"properties": {
				"name": "JA5/TS-032(点984(海川(三角点)近傍))",
				"読み":"P984",
				"標高":"984m 6pt ",
				"GL":"PM73dt",
				"市郡区":"G#37006H ",
				"登山日":"",
				"メモ":"",
				"_markerType": "Icon",
				"_iconUrl": "https://maps.gsi.go.jp/portal/sys/v4/symbols/103.png",
				"_iconSize": [
					16,
					16
				],
				"_iconAnchor": [
					8,
					8
				]
			}
		},
		{
			"type": "Feature",
			"geometry": {
				"type": "Point",
				"coordinates": [
					 134.2303,
					 33.9327
				]
			},
			"properties": {
				"name": "JA5/TS-033(風宮山)",
				"読み":"Kazemiyayama",
				"標高":"970m 6pt ",
				"GL":"PM73cw",
				"市郡区":"G#37007B / C#3707 ",
				"登山日":"",
				"メモ":"",
				"_markerType": "Icon",
				"_iconUrl": "https://maps.gsi.go.jp/portal/sys/v4/symbols/103.png",
				"_iconSize": [
					16,
					16
				],
				"_iconAnchor": [
					8,
					8
				]
			}
		},
		{
			"type": "Feature",
			"geometry": {
				"type": "Point",
				"coordinates": [
					 134.1271,
					 34.1231
				]
			},
			"properties": {
				"name": "JA5/TS-034(大滝山)",
				"読み":"Ootakiyama",
				"標高":"946m 6pt ",
				"GL":"PM74bc",
				"市郡区":"C#3707 / C#3601 ",
				"登山日":"",
				"メモ":"",
				"_markerType": "Icon",
				"_iconUrl": "https://maps.gsi.go.jp/portal/sys/v4/symbols/103.png",
				"_iconSize": [
					16,
					16
				],
				"_iconAnchor": [
					8,
					8
				]
			}
		},
		{
			"type": "Feature",
			"geometry": {
				"type": "Point",
				"coordinates": [
					 133.7228,
					 34.035
				]
			},
			"properties": {
				"name": "JA5/TS-035(雲辺寺山)",
				"読み":"Unpenjisan",
				"標高":"927m 6pt ",
				"GL":"PM64ua",
				"市郡区":"C#3708 / C#3605 ",
				"登山日":"",
				"メモ":"",
				"_markerType": "Icon",
				"_iconUrl": "https://maps.gsi.go.jp/portal/sys/v4/symbols/103.png",
				"_iconSize": [
					16,
					16
				],
				"_iconAnchor": [
					8,
					8
				]
			}
		},
		{
			"type": "Feature",
			"geometry": {
				"type": "Point",
				"coordinates": [
					 134.2394,
					 33.6236
				]
			},
			"properties": {
				"name": "JA5/TS-036(西ケ峯)",
				"読み":"Nishigamine",
				"標高":"924m 6pt ",
				"GL":"PM73co",
				"市郡区":"G#37004H ",
				"登山日":"",
				"メモ":"",
				"_markerType": "Icon",
				"_iconUrl": "https://maps.gsi.go.jp/portal/sys/v4/symbols/103.png",
				"_iconSize": [
					16,
					16
				],
				"_iconAnchor": [
					8,
					8
				]
			}
		},
		{
			"type": "Feature",
			"geometry": {
				"type": "Point",
				"coordinates": [
					 134.2734,
					 33.7613
				]
			},
			"properties": {
				"name": "JA5/TS-037(高峠山)",
				"読み":"Takatougeyama",
				"標高":"920m 6pt ",
				"GL":"PM73ds",
				"市郡区":"G#37006H ",
				"登山日":"",
				"メモ":"",
				"_markerType": "Icon",
				"_iconUrl": "https://maps.gsi.go.jp/portal/sys/v4/symbols/103.png",
				"_iconSize": [
					16,
					16
				],
				"_iconAnchor": [
					8,
					8
				]
			}
		},
		{
			"type": "Feature",
			"geometry": {
				"type": "Point",
				"coordinates": [
					 134.2825,
					 33.9912
				]
			},
			"properties": {
				"name": "JA5/TS-038(本城の丸)",
				"読み":"Honjyounomaru",
				"標高":"920m 6pt ",
				"GL":"PM73dx",
				"市郡区":"C#3705 / G#37007B ",
				"登山日":"",
				"メモ":"",
				"_markerType": "Icon",
				"_iconUrl": "https://maps.gsi.go.jp/portal/sys/v4/symbols/103.png",
				"_iconSize": [
					16,
					16
				],
				"_iconAnchor": [
					8,
					8
				]
			}
		},
		{
			"type": "Feature",
			"geometry": {
				"type": "Point",
				"coordinates": [
					 134.4091,
					 33.7421
				]
			},
			"properties": {
				"name": "JA5/TS-039(八郎山)",
				"読み":"Hachirousan",
				"標高":"919m 6pt ",
				"GL":"PM73er",
				"市郡区":"G#37006H / G#37004G ",
				"登山日":"",
				"メモ":"",
				"_markerType": "Icon",
				"_iconUrl": "https://maps.gsi.go.jp/portal/sys/v4/symbols/103.png",
				"_iconSize": [
					16,
					16
				],
				"_iconAnchor": [
					8,
					8
				]
			}
		},
		{
			"type": "Feature",
			"geometry": {
				"type": "Point",
				"coordinates": [
					 133.842,
					 34.0951
				]
			},
			"properties": {
				"name": "JA5/TS-040(登尾山)",
				"読み":"Noboriosan",
				"標高":"887m 6pt ",
				"GL":"PM64wc",
				"市郡区":"G#37010I / G#36006F ",
				"登山日":"",
				"メモ":"",
				"_markerType": "Icon",
				"_iconUrl": "https://maps.gsi.go.jp/portal/sys/v4/symbols/103.png",
				"_iconSize": [
					16,
					16
				],
				"_iconAnchor": [
					8,
					8
				]
			}
		},
		{
			"type": "Feature",
			"geometry": {
				"type": "Point",
				"coordinates": [
					 134.3927,
					 33.7183
				]
			},
			"properties": {
				"name": "JA5/TS-041(胴切山)",
				"読み":"Doukiriyama",
				"標高":"884m 6pt ",
				"GL":"PM73er",
				"市郡区":"G#37004G / G#37004H / G#37004D",
				"登山日":"",
				"メモ":"",
				"_markerType": "Icon",
				"_iconUrl": "https://maps.gsi.go.jp/portal/sys/v4/symbols/103.png",
				"_iconSize": [
					16,
					16
				],
				"_iconAnchor": [
					8,
					8
				]
			}
		},
		{
			"type": "Feature",
			"geometry": {
				"type": "Point",
				"coordinates": [
					 133.7799,
					 34.0451
				]
			},
			"properties": {
				"name": "JA5/TS-042(馬場展望台)",
				"読み":"Umaba",
				"標高":"854m 6pt ",
				"GL":"PM64vb",
				"市郡区":"C#3708 ",
				"登山日":"",
				"メモ":"",
				"_markerType": "Icon",
				"_iconUrl": "https://maps.gsi.go.jp/portal/sys/v4/symbols/103.png",
				"_iconSize": [
					16,
					16
				],
				"_iconAnchor": [
					8,
					8
				]
			}
		},
		{
			"type": "Feature",
			"geometry": {
				"type": "Point",
				"coordinates": [
					 133.8547,
					 33.9963
				]
			},
			"properties": {
				"name": "JA5/TS-043(鷹指(三角点))",
				"読み":"Takasashi",
				"標高":"841m 4pt ",
				"GL":"PM63wx",
				"市郡区":"C#3708 ",
				"登山日":"",
				"メモ":"",
				"_markerType": "Icon",
				"_iconUrl": "https://maps.gsi.go.jp/portal/sys/v4/symbols/828.png",
				"_iconSize": [
					16,
					16
				],
				"_iconAnchor": [
					8,
					8
				]
			}
		},
		{
			"type": "Feature",
			"geometry": {
				"type": "Point",
				"coordinates": [
					 134.4483,
					 33.8812
				]
			},
			"properties": {
				"name": "JA5/TS-044(狸谷(三角点))",
				"読み":"Tanukidani",
				"標高":"840m 4pt ",
				"GL":"PM73fv",
				"市郡区":"G#37005B / G#37005A ",
				"登山日":"",
				"メモ":"",
				"_markerType": "Icon",
				"_iconUrl": "https://maps.gsi.go.jp/portal/sys/v4/symbols/828.png",
				"_iconSize": [
					16,
					16
				],
				"_iconAnchor": [
					8,
					8
				]
			}
		},
		{
			"type": "Feature",
			"geometry": {
				"type": "Point",
				"coordinates": [
					 134.2113,
					 34.1338
				]
			},
			"properties": {
				"name": "JA5/TS-045(妙体山)",
				"読み":"Myoutaisan",
				"標高":"785m 4pt ",
				"GL":"PM74cd",
				"市郡区":"C#3706 / C#3707 ",
				"登山日":"",
				"メモ":"",
				"_markerType": "Icon",
				"_iconUrl": "https://maps.gsi.go.jp/portal/sys/v4/symbols/828.png",
				"_iconSize": [
					16,
					16
				],
				"_iconAnchor": [
					8,
					8
				]
			}
		},
		{
			"type": "Feature",
			"geometry": {
				"type": "Point",
				"coordinates": [
					 134.2173,
					 33.7828
				]
			},
			"properties": {
				"name": "JA5/TS-046(古堂山)",
				"読み":"Kodouyama",
				"標高":"774m 4pt ",
				"GL":"PM73cs",
				"市郡区":"G#37006H ",
				"登山日":"",
				"メモ":"",
				"_markerType": "Icon",
				"_iconUrl": "https://maps.gsi.go.jp/portal/sys/v4/symbols/828.png",
				"_iconSize": [
					16,
					16
				],
				"_iconAnchor": [
					8,
					8
				]
			}
		},
		{
			"type": "Feature",
			"geometry": {
				"type": "Point",
				"coordinates": [
					 134.5095,
					 33.9624
				]
			},
			"properties": {
				"name": "JA5/TS-047(中津峰山)",
				"読み":"Nakatsumineyama",
				"標高":"773m 4pt ",
				"GL":"PM73gx",
				"市郡区":"G#37005A / C#3701 ",
				"登山日":"",
				"メモ":"",
				"_markerType": "Icon",
				"_iconUrl": "https://maps.gsi.go.jp/portal/sys/v4/symbols/828.png",
				"_iconSize": [
					16,
					16
				],
				"_iconAnchor": [
					8,
					8
				]
			}
		},
		{
			"type": "Feature",
			"geometry": {
				"type": "Point",
				"coordinates": [
					 134.4752,
					 33.9013
				]
			},
			"properties": {
				"name": "JA5/TS-048(丈ケ丸(三角点))",
				"読み":"Jyougamaru",
				"標高":"762m 4pt ",
				"GL":"PM73fv",
				"市郡区":"C#3704 / G#37005A ",
				"登山日":"",
				"メモ":"",
				"_markerType": "Icon",
				"_iconUrl": "https://maps.gsi.go.jp/portal/sys/v4/symbols/828.png",
				"_iconSize": [
					16,
					16
				],
				"_iconAnchor": [
					8,
					8
				]
			}
		},
		{
			"type": "Feature",
			"geometry": {
				"type": "Point",
				"coordinates": [
					 134.3106,
					 34.1706
				]
			},
			"properties": {
				"name": "JA5/TS-049(三角山(三角点))",
				"読み":"Sankakuyama",
				"標高":"755m 4pt ",
				"GL":"PM74de",
				"市郡区":"C#3706 ",
				"登山日":"",
				"メモ":"",
				"_markerType": "Icon",
				"_iconUrl": "https://maps.gsi.go.jp/portal/sys/v4/symbols/828.png",
				"_iconSize": [
					16,
					16
				],
				"_iconAnchor": [
					8,
					8
				]
			}
		},
		{
			"type": "Feature",
			"geometry": {
				"type": "Point",
				"coordinates": [
					 134.1123,
					 34.0304
				]
			},
			"properties": {
				"name": "JA5/TS-050(高丸)",
				"読み":"Takamaru",
				"標高":"741m 4pt ",
				"GL":"PM74ba",
				"市郡区":"C#3707 / G#37009H ",
				"登山日":"",
				"メモ":"",
				"_markerType": "Icon",
				"_iconUrl": "https://maps.gsi.go.jp/portal/sys/v4/symbols/828.png",
				"_iconSize": [
					16,
					16
				],
				"_iconAnchor": [
					8,
					8
				]
			}
		},
		{
			"type": "Feature",
			"geometry": {
				"type": "Point",
				"coordinates": [
					 134.1801,
					 34.157
				]
			},
			"properties": {
				"name": "JA5/TS-051(点735)",
				"読み":"P735",
				"標高":"735m 4pt ",
				"GL":"PM74cd",
				"市郡区":"C#3707 ",
				"登山日":"",
				"メモ":"",
				"_markerType": "Icon",
				"_iconUrl": "https://maps.gsi.go.jp/portal/sys/v4/symbols/828.png",
				"_iconSize": [
					16,
					16
				],
				"_iconAnchor": [
					8,
					8
				]
			}
		},
		{
			"type": "Feature",
			"geometry": {
				"type": "Point",
				"coordinates": [
					 134.4047,
					 33.9064
				]
			},
			"properties": {
				"name": "JA5/TS-052(清水山)",
				"読み":"Shimizuyama",
				"標高":"725m 4pt ",
				"GL":"PM73ev",
				"市郡区":"G#37005B ",
				"登山日":"",
				"メモ":"",
				"_markerType": "Icon",
				"_iconUrl": "https://maps.gsi.go.jp/portal/sys/v4/symbols/828.png",
				"_iconSize": [
					16,
					16
				],
				"_iconAnchor": [
					8,
					8
				]
			}
		},
		{
			"type": "Feature",
			"geometry": {
				"type": "Point",
				"coordinates": [
					 134.3946,
					 34.1637
				]
			},
			"properties": {
				"name": "JA5/TS-053(大山)",
				"読み":"Ooyama",
				"標高":"691m 4pt ",
				"GL":"PM74ed",
				"市郡区":"G#37002C / C#3607 ",
				"登山日":"",
				"メモ":"",
				"_markerType": "Icon",
				"_iconUrl": "https://maps.gsi.go.jp/portal/sys/v4/symbols/828.png",
				"_iconSize": [
					16,
					16
				],
				"_iconAnchor": [
					8,
					8
				]
			}
		},
		{
			"type": "Feature",
			"geometry": {
				"type": "Point",
				"coordinates": [
					 134.2697,
					 34.1495
				]
			},
			"properties": {
				"name": "JA5/TS-054(城王山)",
				"読み":"Jyouousan",
				"標高":"630m 2pt ",
				"GL":"PM74dd",
				"市郡区":"C#3706 ",
				"登山日":"",
				"メモ":"",
				"_markerType": "Icon",
				"_iconUrl": "https://maps.gsi.go.jp/portal/sys/v4/symbols/102.png",
				"_iconSize": [
					16,
					16
				],
				"_iconAnchor": [
					8,
					8
				]
			}
		},
		{
			"type": "Feature",
			"geometry": {
				"type": "Point",
				"coordinates": [
					 134.4649,
					 33.779
				]
			},
			"properties": {
				"name": "JA5/TS-055(鉢ノ山)",
				"読み":"Hachinoyama",
				"標高":"621m 2pt ",
				"GL":"PM73fs",
				"市郡区":"G#37004G / G#37006H ",
				"登山日":"",
				"メモ":"",
				"_markerType": "Icon",
				"_iconUrl": "https://maps.gsi.go.jp/portal/sys/v4/symbols/102.png",
				"_iconSize": [
					16,
					16
				],
				"_iconAnchor": [
					8,
					8
				]
			}
		},
		{
			"type": "Feature",
			"geometry": {
				"type": "Point",
				"coordinates": [
					 134.5198,
					 33.8741
				]
			},
			"properties": {
				"name": "JA5/TS-056(太竜寺山)",
				"読み":"Tairyuujiyama",
				"標高":"618m 2pt ",
				"GL":"PM73gu",
				"市郡区":"C#3704 / G#37006H ",
				"登山日":"",
				"メモ":"",
				"_markerType": "Icon",
				"_iconUrl": "https://maps.gsi.go.jp/portal/sys/v4/symbols/102.png",
				"_iconSize": [
					16,
					16
				],
				"_iconAnchor": [
					8,
					8
				]
			}
		},
		{
			"type": "Feature",
			"geometry": {
				"type": "Point",
				"coordinates": [
					 134.5282,
					 33.8041
				]
			},
			"properties": {
				"name": "JA5/TS-057(矢筈山)",
				"読み":"Yahazuyama",
				"標高":"603m 2pt ",
				"GL":"PM73gt",
				"市郡区":"G#37004G / C#3704 / G#37006H",
				"登山日":"",
				"メモ":"",
				"_markerType": "Icon",
				"_iconUrl": "https://maps.gsi.go.jp/portal/sys/v4/symbols/102.png",
				"_iconSize": [
					16,
					16
				],
				"_iconAnchor": [
					8,
					8
				]
			}
		},
		{
			"type": "Feature",
			"geometry": {
				"type": "Point",
				"coordinates": [
					 134.4389,
					 33.8195
				]
			},
			"properties": {
				"name": "JA5/TS-058(長滝山)",
				"読み":"Nagatakisan",
				"標高":"582m 2pt ",
				"GL":"PM73ft",
				"市郡区":"G#37006H ",
				"登山日":"",
				"メモ":"",
				"_markerType": "Icon",
				"_iconUrl": "https://maps.gsi.go.jp/portal/sys/v4/symbols/102.png",
				"_iconSize": [
					16,
					16
				],
				"_iconAnchor": [
					8,
					8
				]
			}
		},
		{
			"type": "Feature",
			"geometry": {
				"type": "Point",
				"coordinates": [
					 134.454,
					 33.732
				]
			},
			"properties": {
				"name": "JA5/TS-059(片山)",
				"読み":"Katayama",
				"標高":"552m 2pt ",
				"GL":"PM73fr",
				"市郡区":"G#37004G ",
				"登山日":"",
				"メモ":"",
				"_markerType": "Icon",
				"_iconUrl": "https://maps.gsi.go.jp/portal/sys/v4/symbols/102.png",
				"_iconSize": [
					16,
					16
				],
				"_iconAnchor": [
					8,
					8
				]
			}
		},
		{
			"type": "Feature",
			"geometry": {
				"type": "Point",
				"coordinates": [
					 134.4996,
					 34.1864
				]
			},
			"properties": {
				"name": "JA5/TS-060(大麻山)",
				"読み":"Ooasayama",
				"標高":"538m 2pt ",
				"GL":"PM74fe",
				"市郡区":"C#3702 ",
				"登山日":"",
				"メモ":"",
				"_markerType": "Icon",
				"_iconUrl": "https://maps.gsi.go.jp/portal/sys/v4/symbols/102.png",
				"_iconSize": [
					16,
					16
				],
				"_iconAnchor": [
					8,
					8
				]
			}
		},
		{
			"type": "Feature",
			"geometry": {
				"type": "Point",
				"coordinates": [
					 133.7511,
					 33.9714
				]
			},
			"properties": {
				"name": "JA5/TS-061(上大任(三角点))",
				"読み":"Kamioutou",
				"標高":"536m 2pt ",
				"GL":"PM63vx",
				"市郡区":"C#3708 ",
				"登山日":"",
				"メモ":"",
				"_markerType": "Icon",
				"_iconUrl": "https://maps.gsi.go.jp/portal/sys/v4/symbols/102.png",
				"_iconSize": [
					16,
					16
				],
				"_iconAnchor": [
					8,
					8
				]
			}
		},
		{
			"type": "Feature",
			"geometry": {
				"type": "Point",
				"coordinates": [
					 134.333,
					 33.6685
				]
			},
			"properties": {
				"name": "JA5/TS-062(神野(三角点))",
				"読み":"Jinno",
				"標高":"534m 2pt ",
				"GL":"PM73dq",
				"市郡区":"G#37004H ",
				"登山日":"",
				"メモ":"",
				"_markerType": "Icon",
				"_iconUrl": "https://maps.gsi.go.jp/portal/sys/v4/symbols/102.png",
				"_iconSize": [
					16,
					16
				],
				"_iconAnchor": [
					8,
					8
				]
			}
		},
		{
			"type": "Feature",
			"geometry": {
				"type": "Point",
				"coordinates": [
					 134.5708,
					 33.8973
				]
			},
			"properties": {
				"name": "JA5/TS-063(三ツ尾山(三角点))",
				"読み":"Mitsuoyama",
				"標高":"531m 2pt ",
				"GL":"PM73gv",
				"市郡区":"C#3704 ",
				"登山日":"",
				"メモ":"",
				"_markerType": "Icon",
				"_iconUrl": "https://maps.gsi.go.jp/portal/sys/v4/symbols/102.png",
				"_iconSize": [
					16,
					16
				],
				"_iconAnchor": [
					8,
					8
				]
			}
		},
		{
			"type": "Feature",
			"geometry": {
				"type": "Point",
				"coordinates": [
					 134.4576,
					 33.9252
				]
			},
			"properties": {
				"name": "JA5/TS-064(稼勢山)",
				"読み":"Kaseyama",
				"標高":"530m 2pt ",
				"GL":"PM73fw",
				"市郡区":"G#37005A / G#37005B ",
				"登山日":"",
				"メモ":"",
				"_markerType": "Icon",
				"_iconUrl": "https://maps.gsi.go.jp/portal/sys/v4/symbols/102.png",
				"_iconSize": [
					16,
					16
				],
				"_iconAnchor": [
					8,
					8
				]
			}
		},
		{
			"type": "Feature",
			"geometry": {
				"type": "Point",
				"coordinates": [
					 134.3893,
					 34.0098
				]
			},
			"properties": {
				"name": "JA5/TS-065(広野(三角点))",
				"読み":"Hirono",
				"標高":"522m 2pt ",
				"GL":"PM74ea",
				"市郡区":"G#37007B ",
				"登山日":"",
				"メモ":"",
				"_markerType": "Icon",
				"_iconUrl": "https://maps.gsi.go.jp/portal/sys/v4/symbols/102.png",
				"_iconSize": [
					16,
					16
				],
				"_iconAnchor": [
					8,
					8
				]
			}
		},
		{
			"type": "Feature",
			"geometry": {
				"type": "Point",
				"coordinates": [
					 134.2261,
					 33.5631
				]
			},
			"properties": {
				"name": "JA5/TS-066(点515)",
				"読み":"P515",
				"標高":"515m 2pt ",
				"GL":"PM73cn",
				"市郡区":"G#37004H / G#39002G ",
				"登山日":"",
				"メモ":"",
				"_markerType": "Icon",
				"_iconUrl": "https://maps.gsi.go.jp/portal/sys/v4/symbols/102.png",
				"_iconSize": [
					16,
					16
				],
				"_iconAnchor": [
					8,
					8
				]
			}
		},
		{
			"type": "Feature",
			"geometry": {
				"type": "Point",
				"coordinates": [
					 134.5121,
					 34.2051
				]
			},
			"properties": {
				"name": "JA5/TS-067(犬ケ谷(三角点)近傍)",
				"読み":"Near_Inugatani",
				"標高":"510m 2pt ",
				"GL":"PM74ge",
				"市郡区":"C#3702 ",
				"登山日":"",
				"メモ":"",
				"_markerType": "Icon",
				"_iconUrl": "https://maps.gsi.go.jp/portal/sys/v4/symbols/102.png",
				"_iconSize": [
					16,
					16
				],
				"_iconAnchor": [
					8,
					8
				]
			}
		},
		{
			"type": "Feature",
			"geometry": {
				"type": "Point",
				"coordinates": [
					 134.3811,
					 33.9958
				]
			},
			"properties": {
				"name": "JA5/TS-068(点509)",
				"読み":"P509",
				"標高":"509m 2pt ",
				"GL":"PM73ex",
				"市郡区":"G#37007B ",
				"登山日":"",
				"メモ":"",
				"_markerType": "Icon",
				"_iconUrl": "https://maps.gsi.go.jp/portal/sys/v4/symbols/102.png",
				"_iconSize": [
					16,
					16
				],
				"_iconAnchor": [
					8,
					8
				]
			}
		},
		{
			"type": "Feature",
			"geometry": {
				"type": "Point",
				"coordinates": [
					 134.4288,
					 34.0247
				]
			},
			"properties": {
				"name": "JA5/TS-069(西龍王山)",
				"読み":"Nishiryuuouzan",
				"標高":"495m 1pt ",
				"GL":"PM74fa",
				"市郡区":"C#3701 / G#37007B ",
				"登山日":"",
				"メモ":"",
				"_markerType": "Icon",
				"_iconUrl": "https://maps.gsi.go.jp/portal/sys/v4/symbols/826.png",
				"_iconSize": [
					16,
					16
				],
				"_iconAnchor": [
					8,
					8
				]
			}
		},
		{
			"type": "Feature",
			"geometry": {
				"type": "Point",
				"coordinates": [
					 134.5135,
					 33.7527
				]
			},
			"properties": {
				"name": "JA5/TS-070(大影山)",
				"読み":"Ookageyama",
				"標高":"459m 1pt ",
				"GL":"PM73gs",
				"市郡区":"G#37004G ",
				"登山日":"",
				"メモ":"",
				"_markerType": "Icon",
				"_iconUrl": "https://maps.gsi.go.jp/portal/sys/v4/symbols/826.png",
				"_iconSize": [
					16,
					16
				],
				"_iconAnchor": [
					8,
					8
				]
			}
		},
		{
			"type": "Feature",
			"geometry": {
				"type": "Point",
				"coordinates": [
					 134.4718,
					 33.6938
				]
			},
			"properties": {
				"name": "JA5/TS-071(白沢(三角点))",
				"読み":"Shirosawa",
				"標高":"450m 1pt ",
				"GL":"PM73fq",
				"市郡区":"G#37004D / G#37004G ",
				"登山日":"",
				"メモ":"",
				"_markerType": "Icon",
				"_iconUrl": "https://maps.gsi.go.jp/portal/sys/v4/symbols/826.png",
				"_iconSize": [
					16,
					16
				],
				"_iconAnchor": [
					8,
					8
				]
			}
		},
		{
			"type": "Feature",
			"geometry": {
				"type": "Point",
				"coordinates": [
					 134.6506,
					 33.8052
				]
			},
			"properties": {
				"name": "JA5/TS-072(明神山)",
				"読み":"Myoujinyama",
				"標高":"442m 1pt ",
				"GL":"PM73ht",
				"市郡区":"G#37004G / C#3704 ",
				"登山日":"",
				"メモ":"",
				"_markerType": "Icon",
				"_iconUrl": "https://maps.gsi.go.jp/portal/sys/v4/symbols/826.png",
				"_iconSize": [
					16,
					16
				],
				"_iconAnchor": [
					8,
					8
				]
			}
		},
		{
			"type": "Feature",
			"geometry": {
				"type": "Point",
				"coordinates": [
					 134.5402,
					 34.1887
				]
			},
			"properties": {
				"name": "JA5/TS-073(天円山)",
				"読み":"Amagatsubuyama",
				"標高":"434m 1pt ",
				"GL":"PM74ge",
				"市郡区":"C#3702 ",
				"登山日":"",
				"メモ":"",
				"_markerType": "Icon",
				"_iconUrl": "https://maps.gsi.go.jp/portal/sys/v4/symbols/826.png",
				"_iconSize": [
					16,
					16
				],
				"_iconAnchor": [
					8,
					8
				]
			}
		},
		{
			"type": "Feature",
			"geometry": {
				"type": "Point",
				"coordinates": [
					 134.4071,
					 34.0096
				]
			},
			"properties": {
				"name": "JA5/TS-074(喜来(三角点))",
				"読み":"Kirai",
				"標高":"429m 1pt ",
				"GL":"PM74ea",
				"市郡区":"G#37007B ",
				"登山日":"",
				"メモ":"",
				"_markerType": "Icon",
				"_iconUrl": "https://maps.gsi.go.jp/portal/sys/v4/symbols/826.png",
				"_iconSize": [
					16,
					16
				],
				"_iconAnchor": [
					8,
					8
				]
			}
		},
		{
			"type": "Feature",
			"geometry": {
				"type": "Point",
				"coordinates": [
					 134.3491,
					 33.6769
				]
			},
			"properties": {
				"name": "JA5/TS-075(荒瀬(三角点))",
				"読み":"Arase",
				"標高":"427m 1pt ",
				"GL":"PM73eq",
				"市郡区":"G#37004H ",
				"登山日":"",
				"メモ":"",
				"_markerType": "Icon",
				"_iconUrl": "https://maps.gsi.go.jp/portal/sys/v4/symbols/826.png",
				"_iconSize": [
					16,
					16
				],
				"_iconAnchor": [
					8,
					8
				]
			}
		},
		{
			"type": "Feature",
			"geometry": {
				"type": "Point",
				"coordinates": [
					 134.2732,
					 33.6535
				]
			},
			"properties": {
				"name": "JA5/TS-076(村山(三角点))",
				"読み":"Murayama",
				"標高":"418m 1pt ",
				"GL":"PM73dp",
				"市郡区":"G#37004H ",
				"登山日":"",
				"メモ":"",
				"_markerType": "Icon",
				"_iconUrl": "https://maps.gsi.go.jp/portal/sys/v4/symbols/826.png",
				"_iconSize": [
					16,
					16
				],
				"_iconAnchor": [
					8,
					8
				]
			}
		},
		{
			"type": "Feature",
			"geometry": {
				"type": "Point",
				"coordinates": [
					 134.2937,
					 33.5814
				]
			},
			"properties": {
				"name": "JA5/TS-077(鈴ケ峰)",
				"読み":"Suzugamine",
				"標高":"400m 1pt ",
				"GL":"PM73dn",
				"市郡区":"G#37004H ",
				"登山日":"",
				"メモ":"",
				"_markerType": "Icon",
				"_iconUrl": "https://maps.gsi.go.jp/portal/sys/v4/symbols/826.png",
				"_iconSize": [
					16,
					16
				],
				"_iconAnchor": [
					8,
					8
				]
			}
		},
		{
			"type": "Feature",
			"geometry": {
				"type": "Point",
				"coordinates": [
					 134.3678,
					 33.9848
				]
			},
			"properties": {
				"name": "JA5/TS-078(点380(吉良山(三角点)近傍))",
				"読み":"P380",
				"標高":"380m 1pt ",
				"GL":"PM73ex",
				"市郡区":"G#37007B ",
				"登山日":"",
				"メモ":"",
				"_markerType": "Icon",
				"_iconUrl": "https://maps.gsi.go.jp/portal/sys/v4/symbols/826.png",
				"_iconSize": [
					16,
					16
				],
				"_iconAnchor": [
					8,
					8
				]
			}
		},
		{
			"type": "Feature",
			"geometry": {
				"type": "Point",
				"coordinates": [
					 134.4968,
					 33.7318
				]
			},
			"properties": {
				"name": "JA5/TS-079(柳瀬(三角点))",
				"読み":"Yanase",
				"標高":"373m 1pt ",
				"GL":"PM73fr",
				"市郡区":"G#37004G ",
				"登山日":"",
				"メモ":"",
				"_markerType": "Icon",
				"_iconUrl": "https://maps.gsi.go.jp/portal/sys/v4/symbols/826.png",
				"_iconSize": [
					16,
					16
				],
				"_iconAnchor": [
					8,
					8
				]
			}
		},
		{
			"type": "Feature",
			"geometry": {
				"type": "Point",
				"coordinates": [
					 134.4345,
					 33.9157
				]
			},
			"properties": {
				"name": "JA5/TS-080(樋口山)",
				"読み":"Higuchiyama",
				"標高":"372m 1pt ",
				"GL":"PM73fv",
				"市郡区":"G#37005B ",
				"登山日":"",
				"メモ":"",
				"_markerType": "Icon",
				"_iconUrl": "https://maps.gsi.go.jp/portal/sys/v4/symbols/826.png",
				"_iconSize": [
					16,
					16
				],
				"_iconAnchor": [
					8,
					8
				]
			}
		},
		{
			"type": "Feature",
			"geometry": {
				"type": "Point",
				"coordinates": [
					 134.5616,
					 34.1926
				]
			},
			"properties": {
				"name": "JA5/TS-081(星越(三角点))",
				"読み":"Hoshigoe",
				"標高":"354m 1pt ",
				"GL":"PM74ge",
				"市郡区":"C#3702 ",
				"登山日":"",
				"メモ":"",
				"_markerType": "Icon",
				"_iconUrl": "https://maps.gsi.go.jp/portal/sys/v4/symbols/826.png",
				"_iconSize": [
					16,
					16
				],
				"_iconAnchor": [
					8,
					8
				]
			}
		},
		{
			"type": "Feature",
			"geometry": {
				"type": "Point",
				"coordinates": [
					 134.4771,
					 33.8402
				]
			},
			"properties": {
				"name": "JA5/TS-083(黒磯山(三角点))",
				"読み":"Kuroisoyama",
				"標高":"345m 1pt ",
				"GL":"PM73fu",
				"市郡区":"G#37006H ",
				"登山日":"",
				"メモ":"",
				"_markerType": "Icon",
				"_iconUrl": "https://maps.gsi.go.jp/portal/sys/v4/symbols/826.png",
				"_iconSize": [
					16,
					16
				],
				"_iconAnchor": [
					8,
					8
				]
			}
		},
		{
			"type": "Feature",
			"geometry": {
				"type": "Point",
				"coordinates": [
					 134.4976,
					 34.0145
				]
			},
			"properties": {
				"name": "JA5/TS-085(高丸山(三角点))",
				"読み":"Takamaruyama",
				"標高":"310m 1pt ",
				"GL":"PM74fa",
				"市郡区":"C#3701 / G#37008A ",
				"登山日":"",
				"メモ":"",
				"_markerType": "Icon",
				"_iconUrl": "https://maps.gsi.go.jp/portal/sys/v4/symbols/826.png",
				"_iconSize": [
					16,
					16
				],
				"_iconAnchor": [
					8,
					8
				]
			}
		},
		{
			"type": "Feature",
			"geometry": {
				"type": "Point",
				"coordinates": [
					 134.5164,
					 34.0608
				]
			},
			"properties": {
				"name": "JA5/TS-086(眉山)",
				"読み":"Bizan",
				"標高":"290m 1pt ",
				"GL":"PM74gb",
				"市郡区":"C#3701 ",
				"登山日":"",
				"メモ":"",
				"_markerType": "Icon",
				"_iconUrl": "https://maps.gsi.go.jp/portal/sys/v4/symbols/826.png",
				"_iconSize": [
					16,
					16
				],
				"_iconAnchor": [
					8,
					8
				]
			}
		},
		{
			"type": "Feature",
			"geometry": {
				"type": "Point",
				"coordinates": [
					 134.5653,
					 33.9738
				]
			},
			"properties": {
				"name": "JA5/TS-087(飯谷(三角点))",
				"読み":"Iiya",
				"標高":"288m 1pt ",
				"GL":"PM73gx",
				"市郡区":"C#3701 ",
				"登山日":"",
				"メモ":"",
				"_markerType": "Icon",
				"_iconUrl": "https://maps.gsi.go.jp/portal/sys/v4/symbols/826.png",
				"_iconSize": [
					16,
					16
				],
				"_iconAnchor": [
					8,
					8
				]
			}
		},
		{
			"type": "Feature",
			"geometry": {
				"type": "Point",
				"coordinates": [
					 133.9376,
					 33.9149
				]
			},
			"properties": {
				"name": "JA5/TS-088(落禿(三角点))",
				"読み":"Ochihage",
				"標高":"1683m 10pt ",
				"GL":"PM63xv",
				"市郡区":"C#3708 ",
				"登山日":"",
				"メモ":"",
				"_markerType": "Icon",
				"_iconUrl": "https://maps.gsi.go.jp/portal/sys/v4/symbols/101.png",
				"_iconSize": [
					16,
					16
				],
				"_iconAnchor": [
					8,
					8
				]
			}
		},
		{
			"type": "Feature",
			"geometry": {
				"type": "Point",
				"coordinates": [
					 134.1399,
					 33.8155
				]
			},
			"properties": {
				"name": "JA5/TS-089(折宇谷山)",
				"読み":"Oriudaniyama",
				"標高":"1653m 10pt ",
				"GL":"PM73bt",
				"市郡区":"G#37006H ",
				"登山日":"",
				"メモ":"",
				"_markerType": "Icon",
				"_iconUrl": "https://maps.gsi.go.jp/portal/sys/v4/symbols/101.png",
				"_iconSize": [
					16,
					16
				],
				"_iconAnchor": [
					8,
					8
				]
			}
		},
		{
			"type": "Feature",
			"geometry": {
				"type": "Point",
				"coordinates": [
					 133.9747,
					 33.8862
				]
			},
			"properties": {
				"name": "JA5/TS-090(点1445)",
				"読み":"P1445",
				"標高":"1445m 8pt ",
				"GL":"PM63xv",
				"市郡区":"C#3708 ",
				"登山日":"",
				"メモ":"",
				"_markerType": "Icon",
				"_iconUrl": "https://maps.gsi.go.jp/portal/sys/v4/symbols/104.png",
				"_iconSize": [
					16,
					16
				],
				"_iconAnchor": [
					8,
					8
				]
			}
		},
		{
			"type": "Feature",
			"geometry": {
				"type": "Point",
				"coordinates": [
					 134.2574,
					 33.9163
				]
			},
			"properties": {
				"name": "JA5/TS-091(砥石権現)",
				"読み":"Toishigongen",
				"標高":"1375m 8pt ",
				"GL":"PM73dv",
				"市郡区":"G#37006H / G#37007B ",
				"登山日":"",
				"メモ":"",
				"_markerType": "Icon",
				"_iconUrl": "https://maps.gsi.go.jp/portal/sys/v4/symbols/104.png",
				"_iconSize": [
					16,
					16
				],
				"_iconAnchor": [
					8,
					8
				]
			}
		},
		{
			"type": "Feature",
			"geometry": {
				"type": "Point",
				"coordinates": [
					 134.065,
					 33.6983
				]
			},
			"properties": {
				"name": "JA5/TS-092(高ノ河山)",
				"読み":"Takanokouyama",
				"標高":"1364m 8pt ",
				"GL":"PM73aq",
				"市郡区":"G#37006H / C#3903 ",
				"登山日":"",
				"メモ":"",
				"_markerType": "Icon",
				"_iconUrl": "https://maps.gsi.go.jp/portal/sys/v4/symbols/104.png",
				"_iconSize": [
					16,
					16
				],
				"_iconAnchor": [
					8,
					8
				]
			}
		},
		{
			"type": "Feature",
			"geometry": {
				"type": "Point",
				"coordinates": [
					 134.0703,
					 33.7126
				]
			},
			"properties": {
				"name": "JA5/TS-093(点1310)",
				"読み":"P1310",
				"標高":"1310m 8pt ",
				"GL":"PM73ar",
				"市郡区":"G#37006H / C#3903 ",
				"登山日":"",
				"メモ":"",
				"_markerType": "Icon",
				"_iconUrl": "https://maps.gsi.go.jp/portal/sys/v4/symbols/104.png",
				"_iconSize": [
					16,
					16
				],
				"_iconAnchor": [
					8,
					8
				]
			}
		},
		{
			"type": "Feature",
			"geometry": {
				"type": "Point",
				"coordinates": [
					 134.0904,
					 33.7342
				]
			},
			"properties": {
				"name": "JA5/TS-094(点1262)",
				"読み":"P1262",
				"標高":"1262m 8pt ",
				"GL":"PM73br",
				"市郡区":"G#37006H ",
				"登山日":"",
				"メモ":"",
				"_markerType": "Icon",
				"_iconUrl": "https://maps.gsi.go.jp/portal/sys/v4/symbols/104.png",
				"_iconSize": [
					16,
					16
				],
				"_iconAnchor": [
					8,
					8
				]
			}
		},
		{
			"type": "Feature",
			"geometry": {
				"type": "Point",
				"coordinates": [
					 134.1736,
					 33.9363
				]
			},
			"properties": {
				"name": "JA5/TS-095(正善山)",
				"読み":"Shozenyama",
				"標高":"1229m 8pt ",
				"GL":"PM73cw",
				"市郡区":"C#3707 ",
				"登山日":"",
				"メモ":"",
				"_markerType": "Icon",
				"_iconUrl": "https://maps.gsi.go.jp/portal/sys/v4/symbols/104.png",
				"_iconSize": [
					16,
					16
				],
				"_iconAnchor": [
					8,
					8
				]
			}
		},
		{
			"type": "Feature",
			"geometry": {
				"type": "Point",
				"coordinates": [
					 134.109,
					 33.7177
				]
			},
			"properties": {
				"name": "JA5/TS-096(点1173)",
				"読み":"P1173",
				"標高":"1173m 8pt ",
				"GL":"PM73br",
				"市郡区":"G#37006H ",
				"登山日":"",
				"メモ":"",
				"_markerType": "Icon",
				"_iconUrl": "https://maps.gsi.go.jp/portal/sys/v4/symbols/104.png",
				"_iconSize": [
					16,
					16
				],
				"_iconAnchor": [
					8,
					8
				]
			}
		},
		{
			"type": "Feature",
			"geometry": {
				"type": "Point",
				"coordinates": [
					 133.6608,
					 33.8836
				]
			},
			"properties": {
				"name": "JA5/TS-097(三傍示山)",
				"読み":"Sanboujiyama",
				"標高":"1158m 8pt ",
				"GL":"PM63tv",
				"市郡区":"C#3708 / C#3813 ",
				"登山日":"",
				"メモ":"",
				"_markerType": "Icon",
				"_iconUrl": "https://maps.gsi.go.jp/portal/sys/v4/symbols/104.png",
				"_iconSize": [
					16,
					16
				],
				"_iconAnchor": [
					8,
					8
				]
			}
		},
		{
			"type": "Feature",
			"geometry": {
				"type": "Point",
				"coordinates": [
					 134.2025,
					 33.7289
				]
			},
			"properties": {
				"name": "JA5/TS-098(神戸丸)",
				"読み":"Koubemaru",
				"標高":"1148m 8pt ",
				"GL":"PM73cr",
				"市郡区":"G#37006H ",
				"登山日":"",
				"メモ":"",
				"_markerType": "Icon",
				"_iconUrl": "https://maps.gsi.go.jp/portal/sys/v4/symbols/104.png",
				"_iconSize": [
					16,
					16
				],
				"_iconAnchor": [
					8,
					8
				]
			}
		},
		{
			"type": "Feature",
			"geometry": {
				"type": "Point",
				"coordinates": [
					 133.8422,
					 33.9413
				]
			},
			"properties": {
				"name": "JA5/TS-099(点1090)",
				"読み":"P1090",
				"標高":"1090m 6pt ",
				"GL":"PM63ww",
				"市郡区":"C#3708 ",
				"登山日":"",
				"メモ":"",
				"_markerType": "Icon",
				"_iconUrl": "https://maps.gsi.go.jp/portal/sys/v4/symbols/103.png",
				"_iconSize": [
					16,
					16
				],
				"_iconAnchor": [
					8,
					8
				]
			}
		},
		{
			"type": "Feature",
			"geometry": {
				"type": "Point",
				"coordinates": [
					 134.0539,
					 33.9701
				]
			},
			"properties": {
				"name": "JA5/TS-100(三頭(三角点))",
				"読み":"Mitou",
				"標高":"1073m 6pt ",
				"GL":"PM73ax",
				"市郡区":"G#37009H ",
				"登山日":"",
				"メモ":"",
				"_markerType": "Icon",
				"_iconUrl": "https://maps.gsi.go.jp/portal/sys/v4/symbols/103.png",
				"_iconSize": [
					16,
					16
				],
				"_iconAnchor": [
					8,
					8
				]
			}
		},
		{
			"type": "Feature",
			"geometry": {
				"type": "Point",
				"coordinates": [
					 134.0482,
					 34.1155
				]
			},
			"properties": {
				"name": "JA5/TS-101(竜王山)",
				"読み":"Ryuouyama",
				"標高":"1060m 6pt ",
				"GL":"PM74ac",
				"市郡区":"C#3707 / G#36006F ",
				"登山日":"",
				"メモ":"",
				"_markerType": "Icon",
				"_iconUrl": "https://maps.gsi.go.jp/portal/sys/v4/symbols/103.png",
				"_iconSize": [
					16,
					16
				],
				"_iconAnchor": [
					8,
					8
				]
			}
		},
		{
			"type": "Feature",
			"geometry": {
				"type": "Point",
				"coordinates": [
					 134.1512,
					 33.9763
				]
			},
			"properties": {
				"name": "JA5/TS-102(半平山)",
				"読み":"Handairayama",
				"標高":"1016m 6pt ",
				"GL":"PM73bx",
				"市郡区":"C#3707 ",
				"登山日":"",
				"メモ":"",
				"_markerType": "Icon",
				"_iconUrl": "https://maps.gsi.go.jp/portal/sys/v4/symbols/103.png",
				"_iconSize": [
					16,
					16
				],
				"_iconAnchor": [
					8,
					8
				]
			}
		},
		{
			"type": "Feature",
			"geometry": {
				"type": "Point",
				"coordinates": [
					 134.2867,
					 33.8198
				]
			},
			"properties": {
				"name": "JA5/TS-103(日明(三角点))",
				"読み":"Nichimei",
				"標高":"939m 6pt ",
				"GL":"PM73dt",
				"市郡区":"G#37006H ",
				"登山日":"",
				"メモ":"",
				"_markerType": "Icon",
				"_iconUrl": "https://maps.gsi.go.jp/portal/sys/v4/symbols/103.png",
				"_iconSize": [
					16,
					16
				],
				"_iconAnchor": [
					8,
					8
				]
			}
		},
		{
			"type": "Feature",
			"geometry": {
				"type": "Point",
				"coordinates": [
					 134.304,
					 33.9821
				]
			},
			"properties": {
				"name": "JA5/TS-104(焼山寺山)",
				"読み":"Shousanjiyama",
				"標高":"938m 6pt ",
				"GL":"PM73dx",
				"市郡区":"G#37007B ",
				"登山日":"",
				"メモ":"",
				"_markerType": "Icon",
				"_iconUrl": "https://maps.gsi.go.jp/portal/sys/v4/symbols/103.png",
				"_iconSize": [
					16,
					16
				],
				"_iconAnchor": [
					8,
					8
				]
			}
		},
		{
			"type": "Feature",
			"geometry": {
				"type": "Point",
				"coordinates": [
					 134.1334,
					 34.1515
				]
			},
			"properties": {
				"name": "JA5/TS-105(大相山)",
				"読み":"Daisouyama",
				"標高":"881m 6pt ",
				"GL":"PM74bd",
				"市郡区":"C#3601 / G#36004B ",
				"登山日":"",
				"メモ":"",
				"_markerType": "Icon",
				"_iconUrl": "https://maps.gsi.go.jp/portal/sys/v4/symbols/103.png",
				"_iconSize": [
					16,
					16
				],
				"_iconAnchor": [
					8,
					8
				]
			}
		},
		{
			"type": "Feature",
			"geometry": {
				"type": "Point",
				"coordinates": [
					 134.3114,
					 33.8408
				]
			},
			"properties": {
				"name": "JA5/TS-106(点792)",
				"読み":"P792",
				"標高":"794m 4pt ",
				"GL":"PM73du",
				"市郡区":"G#37006H ",
				"登山日":"",
				"メモ":"",
				"_markerType": "Icon",
				"_iconUrl": "https://maps.gsi.go.jp/portal/sys/v4/symbols/828.png",
				"_iconSize": [
					16,
					16
				],
				"_iconAnchor": [
					8,
					8
				]
			}
		},
		{
			"type": "Feature",
			"geometry": {
				"type": "Point",
				"coordinates": [
					 134.3368,
					 33.7305
				]
			},
			"properties": {
				"name": "JA5/TS-107(点790)",
				"読み":"P790",
				"標高":"790m 4pt ",
				"GL":"PM73er",
				"市郡区":"G#37004H / G#37006H ",
				"登山日":"",
				"メモ":"",
				"_markerType": "Icon",
				"_iconUrl": "https://maps.gsi.go.jp/portal/sys/v4/symbols/828.png",
				"_iconSize": [
					16,
					16
				],
				"_iconAnchor": [
					8,
					8
				]
			}
		},
		{
			"type": "Feature",
			"geometry": {
				"type": "Point",
				"coordinates": [
					 134.4867,
					 33.9548
				]
			},
			"properties": {
				"name": "JA5/TS-108(北山(三角点))",
				"読み":"Kitayama",
				"標高":"776m 4pt ",
				"GL":"PM73fw",
				"市郡区":"G#37005A ",
				"登山日":"",
				"メモ":"",
				"_markerType": "Icon",
				"_iconUrl": "https://maps.gsi.go.jp/portal/sys/v4/symbols/828.png",
				"_iconSize": [
					16,
					16
				],
				"_iconAnchor": [
					8,
					8
				]
			}
		},
		{
			"type": "Feature",
			"geometry": {
				"type": "Point",
				"coordinates": [
					 134.2762,
					 34.1665
				]
			},
			"properties": {
				"name": "JA5/TS-110(奥日開谷(三角点))",
				"読み":"Okuhigaidani",
				"標高":"620m 2pt ",
				"GL":"PM74dd",
				"市郡区":"C#3706 ",
				"登山日":"",
				"メモ":"",
				"_markerType": "Icon",
				"_iconUrl": "https://maps.gsi.go.jp/portal/sys/v4/symbols/102.png",
				"_iconSize": [
					16,
					16
				],
				"_iconAnchor": [
					8,
					8
				]
			}
		},
		{
			"type": "Feature",
			"geometry": {
				"type": "Point",
				"coordinates": [
					 134.3667,
					 34.0289
				]
			},
			"properties": {
				"name": "JA5/TS-111(点591（三角点二ツ丸山近傍）)",
				"読み":"P591",
				"標高":"590m 2pt ",
				"GL":"PM74ea",
				"市郡区":"G#37007B / C#3705 ",
				"登山日":"",
				"メモ":"",
				"_markerType": "Icon",
				"_iconUrl": "https://maps.gsi.go.jp/portal/sys/v4/symbols/102.png",
				"_iconSize": [
					16,
					16
				],
				"_iconAnchor": [
					8,
					8
				]
			}
		},
		{
			"type": "Feature",
			"geometry": {
				"type": "Point",
				"coordinates": [
					 134.4777,
					 33.7409
				]
			},
			"properties": {
				"name": "JA5/TS-112(玉厨子山)",
				"読み":"Tamazushiyama",
				"標高":"540m 2pt ",
				"GL":"PM73fr",
				"市郡区":"G#37004G ",
				"登山日":"",
				"メモ":"",
				"_markerType": "Icon",
				"_iconUrl": "https://maps.gsi.go.jp/portal/sys/v4/symbols/102.png",
				"_iconSize": [
					16,
					16
				],
				"_iconAnchor": [
					8,
					8
				]
			}
		},
		{
			"type": "Feature",
			"geometry": {
				"type": "Point",
				"coordinates": [
					 134.2299,
					 33.5888
				]
			},
			"properties": {
				"name": "JA5/TS-113(点532)",
				"読み":"P532",
				"標高":"532m 2pt ",
				"GL":"PM73co",
				"市郡区":"G#37004H ",
				"登山日":"",
				"メモ":"",
				"_markerType": "Icon",
				"_iconUrl": "https://maps.gsi.go.jp/portal/sys/v4/symbols/102.png",
				"_iconSize": [
					16,
					16
				],
				"_iconAnchor": [
					8,
					8
				]
			}
		},
		{
			"type": "Feature",
			"geometry": {
				"type": "Point",
				"coordinates": [
					 133.7697,
					 33.9756
				]
			},
			"properties": {
				"name": "JA5/TS-114(点503（三角点横峰近傍）)",
				"読み":"P503",
				"標高":"500m 2pt ",
				"GL":"PM63vx",
				"市郡区":"C#3708 ",
				"登山日":"",
				"メモ":"",
				"_markerType": "Icon",
				"_iconUrl": "https://maps.gsi.go.jp/portal/sys/v4/symbols/102.png",
				"_iconSize": [
					16,
					16
				],
				"_iconAnchor": [
					8,
					8
				]
			}
		},
		{
			"type": "Feature",
			"geometry": {
				"type": "Point",
				"coordinates": [
					 134.0497,
					 34.028
				]
			},
			"properties": {
				"name": "JA5/TS-115(点502（三角点貞光山近傍）)",
				"読み":"P502",
				"標高":"500m 2pt ",
				"GL":"PM74aa",
				"市郡区":"G#37009H ",
				"登山日":"",
				"メモ":"",
				"_markerType": "Icon",
				"_iconUrl": "https://maps.gsi.go.jp/portal/sys/v4/symbols/102.png",
				"_iconSize": [
					16,
					16
				],
				"_iconAnchor": [
					8,
					8
				]
			}
		},
		{
			"type": "Feature",
			"geometry": {
				"type": "Point",
				"coordinates": [
					 134.3636,
					 33.7958
				]
			},
			"properties": {
				"name": "JA5/TS-116(点497)",
				"読み":"P497",
				"標高":"497m 1pt ",
				"GL":"PM73et",
				"市郡区":"G#37006H ",
				"登山日":"",
				"メモ":"",
				"_markerType": "Icon",
				"_iconUrl": "https://maps.gsi.go.jp/portal/sys/v4/symbols/826.png",
				"_iconSize": [
					16,
					16
				],
				"_iconAnchor": [
					8,
					8
				]
			}
		},
		{
			"type": "Feature",
			"geometry": {
				"type": "Point",
				"coordinates": [
					 134.5394,
					 33.9292
				]
			},
			"properties": {
				"name": "JA5/TS-117(点433)",
				"読み":"P433",
				"標高":"433m 1pt ",
				"GL":"PM73gw",
				"市郡区":"G#37005A / C#3704 ",
				"登山日":"",
				"メモ":"",
				"_markerType": "Icon",
				"_iconUrl": "https://maps.gsi.go.jp/portal/sys/v4/symbols/826.png",
				"_iconSize": [
					16,
					16
				],
				"_iconAnchor": [
					8,
					8
				]
			}
		},
		{
			"type": "Feature",
			"geometry": {
				"type": "Point",
				"coordinates": [
					 134.2518,
					 33.5841
				]
			},
			"properties": {
				"name": "JA5/TS-118(小野(三角点))",
				"読み":"Ono",
				"標高":"417m 1pt ",
				"GL":"PM73do",
				"市郡区":"G#37004H ",
				"登山日":"",
				"メモ":"",
				"_markerType": "Icon",
				"_iconUrl": "https://maps.gsi.go.jp/portal/sys/v4/symbols/826.png",
				"_iconSize": [
					16,
					16
				],
				"_iconAnchor": [
					8,
					8
				]
			}
		},
		{
			"type": "Feature",
			"geometry": {
				"type": "Point",
				"coordinates": [
					 134.4693,
					 34.1773
				]
			},
			"properties": {
				"name": "JA5/TS-119(藍染山(三角点))",
				"読み":"Aizomeyama",
				"標高":"414m 1pt ",
				"GL":"PM74fe",
				"市郡区":"C#3702 / G#37002B ",
				"登山日":"",
				"メモ":"",
				"_markerType": "Icon",
				"_iconUrl": "https://maps.gsi.go.jp/portal/sys/v4/symbols/826.png",
				"_iconSize": [
					16,
					16
				],
				"_iconAnchor": [
					8,
					8
				]
			}
		},
		{
			"type": "Feature",
			"geometry": {
				"type": "Point",
				"coordinates": [
					 134.3971,
					 33.6801
				]
			},
			"properties": {
				"name": "JA5/TS-120(百々路山)",
				"読み":"Dodoroyama",
				"標高":"386m 1pt ",
				"GL":"PM73eq",
				"市郡区":"G#37004D ",
				"登山日":"",
				"メモ":"",
				"_markerType": "Icon",
				"_iconUrl": "https://maps.gsi.go.jp/portal/sys/v4/symbols/826.png",
				"_iconSize": [
					16,
					16
				],
				"_iconAnchor": [
					8,
					8
				]
			}
		},
		{
			"type": "Feature",
			"geometry": {
				"type": "Point",
				"coordinates": [
					 134.3795,
					 33.7938
				]
			},
			"properties": {
				"name": "JA5/TS-121(点384)",
				"読み":"P384",
				"標高":"382m 1pt ",
				"GL":"PM73et",
				"市郡区":"G#37006H ",
				"登山日":"",
				"メモ":"",
				"_markerType": "Icon",
				"_iconUrl": "https://maps.gsi.go.jp/portal/sys/v4/symbols/826.png",
				"_iconSize": [
					16,
					16
				],
				"_iconAnchor": [
					8,
					8
				]
			}
		},
		{
			"type": "Feature",
			"geometry": {
				"type": "Point",
				"coordinates": [
					 134.5095,
					 33.7661
				]
			},
			"properties": {
				"name": "JA5/TS-122(寺野(三角点))",
				"読み":"Terano",
				"標高":"373m 1pt ",
				"GL":"PM73gs",
				"市郡区":"G#37004G ",
				"登山日":"",
				"メモ":"",
				"_markerType": "Icon",
				"_iconUrl": "https://maps.gsi.go.jp/portal/sys/v4/symbols/826.png",
				"_iconSize": [
					16,
					16
				],
				"_iconAnchor": [
					8,
					8
				]
			}
		},
		{
			"type": "Feature",
			"geometry": {
				"type": "Point",
				"coordinates": [
					 134.557,
					 33.7742
				]
			},
			"properties": {
				"name": "JA5/TS-123(点350（三角点徳竹近傍）)",
				"読み":"P350",
				"標高":"350m 1pt ",
				"GL":"PM73gs",
				"市郡区":"G#37004G ",
				"登山日":"",
				"メモ":"",
				"_markerType": "Icon",
				"_iconUrl": "https://maps.gsi.go.jp/portal/sys/v4/symbols/826.png",
				"_iconSize": [
					16,
					16
				],
				"_iconAnchor": [
					8,
					8
				]
			}
		},
		{
			"type": "Feature",
			"geometry": {
				"type": "Point",
				"coordinates": [
					 134.3773,
					 33.6606
				]
			},
			"properties": {
				"name": "JA5/TS-124(土俵ケ丸(三角点))",
				"読み":"Dohyogamaru",
				"標高":"333m 1pt ",
				"GL":"PM73ep",
				"市郡区":"G#37004D / G#37004H ",
				"登山日":"",
				"メモ":"",
				"_markerType": "Icon",
				"_iconUrl": "https://maps.gsi.go.jp/portal/sys/v4/symbols/826.png",
				"_iconSize": [
					16,
					16
				],
				"_iconAnchor": [
					8,
					8
				]
			}
		},
		{
			"type": "Feature",
			"geometry": {
				"type": "Point",
				"coordinates": [
					 134.5473,
					 33.7567
				]
			},
			"properties": {
				"name": "JA5/TS-125(点332.9)",
				"読み":"P333",
				"標高":"333m 1pt ",
				"GL":"PM73gs",
				"市郡区":"G#37004G ",
				"登山日":"",
				"メモ":"",
				"_markerType": "Icon",
				"_iconUrl": "https://maps.gsi.go.jp/portal/sys/v4/symbols/826.png",
				"_iconSize": [
					16,
					16
				],
				"_iconAnchor": [
					8,
					8
				]
			}
		},
		{
			"type": "Feature",
			"geometry": {
				"type": "Point",
				"coordinates": [
					 134.6441,
					 33.8948
				]
			},
			"properties": {
				"name": "JA5/TS-126(津峰神社)",
				"読み":"Tsunominejinja",
				"標高":"280m 1pt ",
				"GL":"PM73hv",
				"市郡区":"C#3704 ",
				"登山日":"",
				"メモ":"",
				"_markerType": "Icon",
				"_iconUrl": "https://maps.gsi.go.jp/portal/sys/v4/symbols/826.png",
				"_iconSize": [
					16,
					16
				],
				"_iconAnchor": [
					8,
					8
				]
			}
		},
		{
			"type": "Feature",
			"geometry": {
				"type": "Point",
				"coordinates": [
					 134.4961,
					 33.6339
				]
			},
			"properties": {
				"name": "JA5/TS-127(大島(三角点))",
				"読み":"Ooshima",
				"標高":"216m 1pt ",
				"GL":"PM73fp",
				"市郡区":"G#37004D ",
				"登山日":"",
				"メモ":"",
				"_markerType": "Icon",
				"_iconUrl": "https://maps.gsi.go.jp/portal/sys/v4/symbols/826.png",
				"_iconSize": [
					16,
					16
				],
				"_iconAnchor": [
					8,
					8
				]
			}
		},
		{
			"type": "Feature",
			"geometry": {
				"type": "Point",
				"coordinates": [
					 134.6186,
					 34.2056
				]
			},
			"properties": {
				"name": "JA5/TS-128(大谷(三角点))",
				"読み":"Ootani",
				"標高":"199m 1pt ",
				"GL":"PM74he",
				"市郡区":"C#3702 ",
				"登山日":"",
				"メモ":"",
				"_markerType": "Icon",
				"_iconUrl": "https://maps.gsi.go.jp/portal/sys/v4/symbols/826.png",
				"_iconSize": [
					16,
					16
				],
				"_iconAnchor": [
					8,
					8
				]
			}
		},
		{
			"type": "Feature",
			"geometry": {
				"type": "Point",
				"coordinates": [
					 134.4593,
					 34.0449
				]
			},
			"properties": {
				"name": "JA5/TS-129(辰ヶ山)",
				"読み":"Tatsugayama",
				"標高":"197m 1pt ",
				"GL":"PM74fb",
				"市郡区":"C#3701 ",
				"登山日":"",
				"メモ":"",
				"_markerType": "Icon",
				"_iconUrl": "https://maps.gsi.go.jp/portal/sys/v4/symbols/826.png",
				"_iconSize": [
					16,
					16
				],
				"_iconAnchor": [
					8,
					8
				]
			}
		},
		{
			"type": "Feature",
			"geometry": {
				"type": "Point",
				"coordinates": [
					 134.5889,
					 34.0224
				]
			},
			"properties": {
				"name": "JA5/TS-130(日峯山)",
				"読み":"Hinominesan",
				"標高":"191m 1pt ",
				"GL":"PM74ha",
				"市郡区":"C#3703 / C#3701 ",
				"登山日":"",
				"メモ":"",
				"_markerType": "Icon",
				"_iconUrl": "https://maps.gsi.go.jp/portal/sys/v4/symbols/826.png",
				"_iconSize": [
					16,
					16
				],
				"_iconAnchor": [
					8,
					8
				]
			}
		},
		{
			"type": "Feature",
			"geometry": {
				"type": "Point",
				"coordinates": [
					 134.5662,
					 34.2137
				]
			},
			"properties": {
				"name": "JA5/TS-131(点191)",
				"読み":"P191",
				"標高":"191m 1pt ",
				"GL":"PM74gf",
				"市郡区":"C#3702 ",
				"登山日":"",
				"メモ":"",
				"_markerType": "Icon",
				"_iconUrl": "https://maps.gsi.go.jp/portal/sys/v4/symbols/826.png",
				"_iconSize": [
					16,
					16
				],
				"_iconAnchor": [
					8,
					8
				]
			}
		},
		{
			"type": "Feature",
			"geometry": {
				"type": "Point",
				"coordinates": [
					 134.3529,
					 33.5803
				]
			},
			"properties": {
				"name": "JA5/TS-132(乳ノ崎(三角点))",
				"読み":"Chinosaki",
				"標高":"177m 1pt ",
				"GL":"PM73en",
				"市郡区":"G#37004H ",
				"登山日":"",
				"メモ":"",
				"_markerType": "Icon",
				"_iconUrl": "https://maps.gsi.go.jp/portal/sys/v4/symbols/826.png",
				"_iconSize": [
					16,
					16
				],
				"_iconAnchor": [
					8,
					8
				]
			}
		},
		{
			"type": "Feature",
			"geometry": {
				"type": "Point",
				"coordinates": [
					 134.6067,
					 34.2368
				]
			},
			"properties": {
				"name": "JA5/TS-133(撫佐(三角点))",
				"読み":"Musa",
				"標高":"165m 1pt ",
				"GL":"PM74hf",
				"市郡区":"C#3702 ",
				"登山日":"",
				"メモ":"",
				"_markerType": "Icon",
				"_iconUrl": "https://maps.gsi.go.jp/portal/sys/v4/symbols/826.png",
				"_iconSize": [
					16,
					16
				],
				"_iconAnchor": [
					8,
					8
				]
			}
		},
		{
			"type": "Feature",
			"geometry": {
				"type": "Point",
				"coordinates": [
					 134.2336,
					 33.9091
				]
			},
			"properties": {
				"name": "JA5/TS-134(点1457)",
				"読み":"JA5/TS-134",
				"標高":"1457m 8pt ",
				"GL":"PM73cv",
				"市郡区":"G#37007B / G#37006H ",
				"登山日":"",
				"メモ":"",
				"_markerType": "Icon",
				"_iconUrl": "https://maps.gsi.go.jp/portal/sys/v4/symbols/104.png",
				"_iconSize": [
					16,
					16
				],
				"_iconAnchor": [
					8,
					8
				]
			}
		},
		{
			"type": "Feature",
			"geometry": {
				"type": "Point",
				"coordinates": [
					 134.586,
					 33.9162
				]
			},
			"properties": {
				"name": "JA5/TS-135(熊谷(三角点))",
				"読み":"Kumadani",
				"標高":"252m 1pt ",
				"GL":"PM73hv",
				"市郡区":"C#3704 ",
				"登山日":"",
				"メモ":"",
				"_markerType": "Icon",
				"_iconUrl": "https://maps.gsi.go.jp/portal/sys/v4/symbols/826.png",
				"_iconSize": [
					16,
					16
				],
				"_iconAnchor": [
					8,
					8
				]
			}
		}
	]
}
