{
	"type": "FeatureCollection",
	"features": [
		{
			"type": "Feature",
			"geometry": {
				"type": "Point",
				"coordinates": [
					 130.3686,
					 33.4364
				]
			},
			"properties": {
				"name": "JA6/FO-001(脊振山)",
				"読み":"Sefurisan",
				"標高":"1055m 6pt ",
				"GL":"PM53ek",
				"市郡区":"C#400107 / C#4110 ",
				"登山日":"",
				"メモ":"",
				"_markerType": "Icon",
				"_iconUrl": "https://maps.gsi.go.jp/portal/sys/v4/symbols/103.png",
				"_iconSize": [
					16,
					16
				],
				"_iconAnchor": [
					8,
					8
				]
			}
		},
		{
			"type": "Feature",
			"geometry": {
				"type": "Point",
				"coordinates": [
					 130.7679,
					 33.4865
				]
			},
			"properties": {
				"name": "JA6/FO-002(馬見山)",
				"読み":"Umamiyama",
				"標高":"978m 6pt ",
				"GL":"PM53jl",
				"市郡区":"C#4034 / C#4033 ",
				"登山日":"",
				"メモ":"",
				"_markerType": "Icon",
				"_iconUrl": "https://maps.gsi.go.jp/portal/sys/v4/symbols/103.png",
				"_iconSize": [
					16,
					16
				],
				"_iconAnchor": [
					8,
					8
				]
			}
		},
		{
			"type": "Feature",
			"geometry": {
				"type": "Point",
				"coordinates": [
					 130.7876,
					 33.1964
				]
			},
			"properties": {
				"name": "JA6/FO-003(石割岳)",
				"読み":"Ishiwaridake",
				"標高":"941m 6pt ",
				"GL":"PM53je",
				"市郡区":"C#4015 ",
				"登山日":"",
				"メモ":"",
				"_markerType": "Icon",
				"_iconUrl": "https://maps.gsi.go.jp/portal/sys/v4/symbols/103.png",
				"_iconSize": [
					16,
					16
				],
				"_iconAnchor": [
					8,
					8
				]
			}
		},
		{
			"type": "Feature",
			"geometry": {
				"type": "Point",
				"coordinates": [
					 130.5838,
					 33.5555
				]
			},
			"properties": {
				"name": "JA6/FO-004(三郡山)",
				"読み":"Sangunzan",
				"標高":"936m 6pt ",
				"GL":"PM53hn",
				"市郡区":"C#4024 / C#4010 / G#40005A",
				"登山日":"",
				"メモ":"",
				"_markerType": "Icon",
				"_iconUrl": "https://maps.gsi.go.jp/portal/sys/v4/symbols/103.png",
				"_iconSize": [
					16,
					16
				],
				"_iconAnchor": [
					8,
					8
				]
			}
		},
		{
			"type": "Feature",
			"geometry": {
				"type": "Point",
				"coordinates": [
					 130.7405,
					 33.4879
				]
			},
			"properties": {
				"name": "JA6/FO-005(屏山)",
				"読み":"Heizan",
				"標高":"927m 6pt ",
				"GL":"PM53il",
				"市郡区":"C#4034 / C#4033 ",
				"登山日":"",
				"メモ":"",
				"_markerType": "Icon",
				"_iconUrl": "https://maps.gsi.go.jp/portal/sys/v4/symbols/103.png",
				"_iconSize": [
					16,
					16
				],
				"_iconAnchor": [
					8,
					8
				]
			}
		},
		{
			"type": "Feature",
			"geometry": {
				"type": "Point",
				"coordinates": [
					 130.8039,
					 33.7422
				]
			},
			"properties": {
				"name": "JA6/FO-006(福智山)",
				"読み":"Fukuchiyama",
				"標高":"901m 6pt ",
				"GL":"PM53jr",
				"市郡区":"G#40009J / C#402105 / C#4009",
				"登山日":"",
				"メモ":"",
				"_markerType": "Icon",
				"_iconUrl": "https://maps.gsi.go.jp/portal/sys/v4/symbols/103.png",
				"_iconSize": [
					16,
					16
				],
				"_iconAnchor": [
					8,
					8
				]
			}
		},
		{
			"type": "Feature",
			"geometry": {
				"type": "Point",
				"coordinates": [
					 130.7709,
					 33.157
				]
			},
			"properties": {
				"name": "JA6/FO-007(広川原)",
				"読み":"Hirogawara",
				"標高":"843m 4pt ",
				"GL":"PM53jd",
				"市郡区":"C#4015 ",
				"登山日":"",
				"メモ":"",
				"_markerType": "Icon",
				"_iconUrl": "https://maps.gsi.go.jp/portal/sys/v4/symbols/828.png",
				"_iconSize": [
					16,
					16
				],
				"_iconAnchor": [
					8,
					8
				]
			}
		},
		{
			"type": "Feature",
			"geometry": {
				"type": "Point",
				"coordinates": [
					 130.8616,
					 33.4487
				]
			},
			"properties": {
				"name": "JA6/FO-008(大日ケ岳)",
				"読み":"Dainichigatake",
				"標高":"830m 4pt ",
				"GL":"PM53kk",
				"市郡区":"G#40001H / G#40009I ",
				"登山日":"",
				"メモ":"",
				"_markerType": "Icon",
				"_iconUrl": "https://maps.gsi.go.jp/portal/sys/v4/symbols/828.png",
				"_iconSize": [
					16,
					16
				],
				"_iconAnchor": [
					8,
					8
				]
			}
		},
		{
			"type": "Feature",
			"geometry": {
				"type": "Point",
				"coordinates": [
					 130.7228,
					 33.303
				]
			},
			"properties": {
				"name": "JA6/FO-009(鷹取山)",
				"読み":"Takatoriyama",
				"標高":"802m 4pt ",
				"GL":"PM53ih",
				"市郡区":"C#4015 / C#4007 ",
				"登山日":"",
				"メモ":"",
				"_markerType": "Icon",
				"_iconUrl": "https://maps.gsi.go.jp/portal/sys/v4/symbols/828.png",
				"_iconSize": [
					16,
					16
				],
				"_iconAnchor": [
					8,
					8
				]
			}
		},
		{
			"type": "Feature",
			"geometry": {
				"type": "Point",
				"coordinates": [
					 130.8183,
					 33.4572
				]
			},
			"properties": {
				"name": "JA6/FO-010(白石山)",
				"読み":"Shiraishiyama",
				"標高":"748m 4pt ",
				"GL":"PM53jk",
				"市郡区":"G#40001H / C#4034 ",
				"登山日":"",
				"メモ":"",
				"_markerType": "Icon",
				"_iconUrl": "https://maps.gsi.go.jp/portal/sys/v4/symbols/828.png",
				"_iconSize": [
					16,
					16
				],
				"_iconAnchor": [
					8,
					8
				]
			}
		},
		{
			"type": "Feature",
			"geometry": {
				"type": "Point",
				"coordinates": [
					 130.2719,
					 33.4954
				]
			},
			"properties": {
				"name": "JA6/FO-011(川原山)",
				"読み":"Kawabaruyama",
				"標高":"735m 4pt ",
				"GL":"PM53dl",
				"市郡区":"C#4036 / C#400107 ",
				"登山日":"",
				"メモ":"",
				"_markerType": "Icon",
				"_iconUrl": "https://maps.gsi.go.jp/portal/sys/v4/symbols/828.png",
				"_iconSize": [
					16,
					16
				],
				"_iconAnchor": [
					8,
					8
				]
			}
		},
		{
			"type": "Feature",
			"geometry": {
				"type": "Point",
				"coordinates": [
					 130.8098,
					 33.4191
				]
			},
			"properties": {
				"name": "JA6/FO-012(鈴ヶ峠(三角点))",
				"読み":"Suzugatouge",
				"標高":"716m 4pt ",
				"GL":"PM53jk",
				"市郡区":"C#4034 ",
				"登山日":"",
				"メモ":"",
				"_markerType": "Icon",
				"_iconUrl": "https://maps.gsi.go.jp/portal/sys/v4/symbols/828.png",
				"_iconSize": [
					16,
					16
				],
				"_iconAnchor": [
					8,
					8
				]
			}
		},
		{
			"type": "Feature",
			"geometry": {
				"type": "Point",
				"coordinates": [
					 130.9093,
					 33.7807
				]
			},
			"properties": {
				"name": "JA6/FO-013(貫山)",
				"読み":"Nukisan",
				"標高":"712m 4pt ",
				"GL":"PM53ks",
				"市郡区":"C#402105 ",
				"登山日":"",
				"メモ":"",
				"_markerType": "Icon",
				"_iconUrl": "https://maps.gsi.go.jp/portal/sys/v4/symbols/828.png",
				"_iconSize": [
					16,
					16
				],
				"_iconAnchor": [
					8,
					8
				]
			}
		},
		{
			"type": "Feature",
			"geometry": {
				"type": "Point",
				"coordinates": [
					 130.8338,
					 33.4874
				]
			},
			"properties": {
				"name": "JA6/FO-014(畑尻(三角点))",
				"読み":"Hatajiri",
				"標高":"711m 4pt ",
				"GL":"PM53kl",
				"市郡区":"G#40009I / G#40001H ",
				"登山日":"",
				"メモ":"",
				"_markerType": "Icon",
				"_iconUrl": "https://maps.gsi.go.jp/portal/sys/v4/symbols/828.png",
				"_iconSize": [
					16,
					16
				],
				"_iconAnchor": [
					8,
					8
				]
			}
		},
		{
			"type": "Feature",
			"geometry": {
				"type": "Point",
				"coordinates": [
					 130.8109,
					 33.5131
				]
			},
			"properties": {
				"name": "JA6/FO-015(戸谷ヶ岳本峰)",
				"読み":"Toyagatakehonmine",
				"標高":"710m 4pt ",
				"GL":"PM53jm",
				"市郡区":"G#40009H / G#40009I ",
				"登山日":"",
				"メモ":"",
				"_markerType": "Icon",
				"_iconUrl": "https://maps.gsi.go.jp/portal/sys/v4/symbols/828.png",
				"_iconSize": [
					16,
					16
				],
				"_iconAnchor": [
					8,
					8
				]
			}
		},
		{
			"type": "Feature",
			"geometry": {
				"type": "Point",
				"coordinates": [
					 130.7633,
					 33.4548
				]
			},
			"properties": {
				"name": "JA6/FO-016(籾岳)",
				"読み":"Momidake",
				"標高":"694m 4pt ",
				"GL":"PM53jk",
				"市郡区":"C#4034 ",
				"登山日":"",
				"メモ":"",
				"_markerType": "Icon",
				"_iconUrl": "https://maps.gsi.go.jp/portal/sys/v4/symbols/828.png",
				"_iconSize": [
					16,
					16
				],
				"_iconAnchor": [
					8,
					8
				]
			}
		},
		{
			"type": "Feature",
			"geometry": {
				"type": "Point",
				"coordinates": [
					 130.9152,
					 33.5656
				]
			},
			"properties": {
				"name": "JA6/FO-017(犢牛岳)",
				"読み":"Kottoidake",
				"標高":"690m 4pt ",
				"GL":"PM53kn",
				"市郡区":"G#40009A ",
				"登山日":"",
				"メモ":"",
				"_markerType": "Icon",
				"_iconUrl": "https://maps.gsi.go.jp/portal/sys/v4/symbols/828.png",
				"_iconSize": [
					16,
					16
				],
				"_iconAnchor": [
					8,
					8
				]
			}
		},
		{
			"type": "Feature",
			"geometry": {
				"type": "Point",
				"coordinates": [
					 130.5815,
					 33.6604
				]
			},
			"properties": {
				"name": "JA6/FO-018(菅嶽)",
				"読み":"Sugadake",
				"標高":"682m 4pt ",
				"GL":"PM53gp",
				"市郡区":"C#4032 ",
				"登山日":"",
				"メモ":"",
				"_markerType": "Icon",
				"_iconUrl": "https://maps.gsi.go.jp/portal/sys/v4/symbols/828.png",
				"_iconSize": [
					16,
					16
				],
				"_iconAnchor": [
					8,
					8
				]
			}
		},
		{
			"type": "Feature",
			"geometry": {
				"type": "Point",
				"coordinates": [
					 130.8669,
					 33.7369
				]
			},
			"properties": {
				"name": "JA6/FO-019(竜ケ鼻)",
				"読み":"Ryuugahana",
				"標高":"681m 4pt ",
				"GL":"PM53kr",
				"市郡区":"C#402105 ",
				"登山日":"",
				"メモ":"",
				"_markerType": "Icon",
				"_iconUrl": "https://maps.gsi.go.jp/portal/sys/v4/symbols/828.png",
				"_iconSize": [
					16,
					16
				],
				"_iconAnchor": [
					8,
					8
				]
			}
		},
		{
			"type": "Feature",
			"geometry": {
				"type": "Point",
				"coordinates": [
					 130.6087,
					 33.5195
				]
			},
			"properties": {
				"name": "JA6/FO-020(大根地山)",
				"読み":"Oonechiyama",
				"標高":"652m 4pt ",
				"GL":"PM53hm",
				"市郡区":"C#4024 ",
				"登山日":"",
				"メモ":"",
				"_markerType": "Icon",
				"_iconUrl": "https://maps.gsi.go.jp/portal/sys/v4/symbols/828.png",
				"_iconSize": [
					16,
					16
				],
				"_iconAnchor": [
					8,
					8
				]
			}
		},
		{
			"type": "Feature",
			"geometry": {
				"type": "Point",
				"coordinates": [
					 130.5592,
					 33.7204
				]
			},
			"properties": {
				"name": "JA6/FO-021(西山(鮎坂山))",
				"読み":"Nishiyama/Ayusakayama",
				"標高":"645m 2pt ",
				"GL":"PM53gr",
				"市郡区":"C#4032 / C#4029 ",
				"登山日":"",
				"メモ":"",
				"_markerType": "Icon",
				"_iconUrl": "https://maps.gsi.go.jp/portal/sys/v4/symbols/102.png",
				"_iconSize": [
					16,
					16
				],
				"_iconAnchor": [
					8,
					8
				]
			}
		},
		{
			"type": "Feature",
			"geometry": {
				"type": "Point",
				"coordinates": [
					 130.8016,
					 33.4355
				]
			},
			"properties": {
				"name": "JA6/FO-022(鳥屋山)",
				"読み":"Toyasan",
				"標高":"645m 2pt ",
				"GL":"PM53jk",
				"市郡区":"C#4034 ",
				"登山日":"",
				"メモ":"",
				"_markerType": "Icon",
				"_iconUrl": "https://maps.gsi.go.jp/portal/sys/v4/symbols/102.png",
				"_iconSize": [
					16,
					16
				],
				"_iconAnchor": [
					8,
					8
				]
			}
		},
		{
			"type": "Feature",
			"geometry": {
				"type": "Point",
				"coordinates": [
					 130.5646,
					 33.6743
				]
			},
			"properties": {
				"name": "JA6/FO-023(点624)",
				"読み":"P624",
				"標高":"624m 2pt ",
				"GL":"PM53gq",
				"市郡区":"C#4032 ",
				"登山日":"",
				"メモ":"",
				"_markerType": "Icon",
				"_iconUrl": "https://maps.gsi.go.jp/portal/sys/v4/symbols/102.png",
				"_iconSize": [
					16,
					16
				],
				"_iconAnchor": [
					8,
					8
				]
			}
		},
		{
			"type": "Feature",
			"geometry": {
				"type": "Point",
				"coordinates": [
					 130.7966,
					 33.8465
				]
			},
			"properties": {
				"name": "JA6/FO-024(皿倉山)",
				"読み":"Sarakurayama",
				"標高":"622m 2pt ",
				"GL":"PM53ju",
				"市郡区":"C#402106 ",
				"登山日":"",
				"メモ":"",
				"_markerType": "Icon",
				"_iconUrl": "https://maps.gsi.go.jp/portal/sys/v4/symbols/102.png",
				"_iconSize": [
					16,
					16
				],
				"_iconAnchor": [
					8,
					8
				]
			}
		},
		{
			"type": "Feature",
			"geometry": {
				"type": "Point",
				"coordinates": [
					 130.6127,
					 33.6155
				]
			},
			"properties": {
				"name": "JA6/FO-025(龍王山)",
				"読み":"Ryuuouzan",
				"標高":"616m 2pt ",
				"GL":"PM53ho",
				"市郡区":"C#4010 ",
				"登山日":"",
				"メモ":"",
				"_markerType": "Icon",
				"_iconUrl": "https://maps.gsi.go.jp/portal/sys/v4/symbols/102.png",
				"_iconSize": [
					16,
					16
				],
				"_iconAnchor": [
					8,
					8
				]
			}
		},
		{
			"type": "Feature",
			"geometry": {
				"type": "Point",
				"coordinates": [
					 130.9172,
					 33.8595
				]
			},
			"properties": {
				"name": "JA6/FO-026(足立山(霧ヶ岳))",
				"読み":"Adachiyama/Kirigatake",
				"標高":"598m 2pt ",
				"GL":"PM53lu",
				"市郡区":"C#402104 / C#402105 ",
				"登山日":"",
				"メモ":"",
				"_markerType": "Icon",
				"_iconUrl": "https://maps.gsi.go.jp/portal/sys/v4/symbols/102.png",
				"_iconSize": [
					16,
					16
				],
				"_iconAnchor": [
					8,
					8
				]
			}
		},
		{
			"type": "Feature",
			"geometry": {
				"type": "Point",
				"coordinates": [
					 130.3645,
					 33.512
				]
			},
			"properties": {
				"name": "JA6/FO-027(油山)",
				"読み":"Aburayama",
				"標高":"597m 2pt ",
				"GL":"PM53em",
				"市郡区":"C#400107 / C#400104 ",
				"登山日":"",
				"メモ":"",
				"_markerType": "Icon",
				"_iconUrl": "https://maps.gsi.go.jp/portal/sys/v4/symbols/102.png",
				"_iconSize": [
					16,
					16
				],
				"_iconAnchor": [
					8,
					8
				]
			}
		},
		{
			"type": "Feature",
			"geometry": {
				"type": "Point",
				"coordinates": [
					 130.7808,
					 33.786
				]
			},
			"properties": {
				"name": "JA6/FO-028(金剛山近傍)",
				"読み":"Near_Kongosan",
				"標高":"574m 2pt ",
				"GL":"PM53js",
				"市郡区":"C#402107 / C#4009 ",
				"登山日":"",
				"メモ":"",
				"_markerType": "Icon",
				"_iconUrl": "https://maps.gsi.go.jp/portal/sys/v4/symbols/102.png",
				"_iconSize": [
					16,
					16
				],
				"_iconAnchor": [
					8,
					8
				]
			}
		},
		{
			"type": "Feature",
			"geometry": {
				"type": "Point",
				"coordinates": [
					 130.8813,
					 33.6581
				]
			},
			"properties": {
				"name": "JA6/FO-029(飯岳山(大坂山))",
				"読み":"Iitakesan/Oosakayama",
				"標高":"573m 2pt ",
				"GL":"PM53kp",
				"市郡区":"G#40009F / G#40015E ",
				"登山日":"",
				"メモ":"",
				"_markerType": "Icon",
				"_iconUrl": "https://maps.gsi.go.jp/portal/sys/v4/symbols/102.png",
				"_iconSize": [
					16,
					16
				],
				"_iconAnchor": [
					8,
					8
				]
			}
		},
		{
			"type": "Feature",
			"geometry": {
				"type": "Point",
				"coordinates": [
					 130.8819,
					 33.7526
				]
			},
			"properties": {
				"name": "JA6/FO-030(点541)",
				"読み":"P541",
				"標高":"541m 2pt ",
				"GL":"PM53ks",
				"市郡区":"C#402105 ",
				"登山日":"",
				"メモ":"",
				"_markerType": "Icon",
				"_iconUrl": "https://maps.gsi.go.jp/portal/sys/v4/symbols/102.png",
				"_iconSize": [
					16,
					16
				],
				"_iconAnchor": [
					8,
					8
				]
			}
		},
		{
			"type": "Feature",
			"geometry": {
				"type": "Point",
				"coordinates": [
					 130.9475,
					 33.8922
				]
			},
			"properties": {
				"name": "JA6/FO-031(戸ノ上山)",
				"読み":"Tonouesan",
				"標高":"518m 2pt ",
				"GL":"PM53lv",
				"市郡区":"C#402101 ",
				"登山日":"",
				"メモ":"",
				"_markerType": "Icon",
				"_iconUrl": "https://maps.gsi.go.jp/portal/sys/v4/symbols/102.png",
				"_iconSize": [
					16,
					16
				],
				"_iconAnchor": [
					8,
					8
				]
			}
		},
		{
			"type": "Feature",
			"geometry": {
				"type": "Point",
				"coordinates": [
					 130.8445,
					 33.6922
				]
			},
			"properties": {
				"name": "JA6/FO-032(三ノ岳)",
				"読み":"Sannotake",
				"標高":"510m 2pt ",
				"GL":"PM53kq",
				"市郡区":"G#40009F ",
				"登山日":"",
				"メモ":"",
				"_markerType": "Icon",
				"_iconUrl": "https://maps.gsi.go.jp/portal/sys/v4/symbols/102.png",
				"_iconSize": [
					16,
					16
				],
				"_iconAnchor": [
					8,
					8
				]
			}
		},
		{
			"type": "Feature",
			"geometry": {
				"type": "Point",
				"coordinates": [
					 130.5706,
					 33.849
				]
			},
			"properties": {
				"name": "JA6/FO-034(孔大寺山)",
				"読み":"Kodaijiyama",
				"標高":"499m 1pt ",
				"GL":"PM53gu",
				"市郡区":"C#4026 / G#40004B ",
				"登山日":"",
				"メモ":"",
				"_markerType": "Icon",
				"_iconUrl": "https://maps.gsi.go.jp/portal/sys/v4/symbols/826.png",
				"_iconSize": [
					16,
					16
				],
				"_iconAnchor": [
					8,
					8
				]
			}
		},
		{
			"type": "Feature",
			"geometry": {
				"type": "Point",
				"coordinates": [
					 130.6104,
					 33.4929
				]
			},
			"properties": {
				"name": "JA6/FO-035(砥上岳)",
				"読み":"Tokamidake",
				"標高":"496m 1pt ",
				"GL":"PM53hl",
				"市郡区":"G#40001G / C#4024 ",
				"登山日":"",
				"メモ":"",
				"_markerType": "Icon",
				"_iconUrl": "https://maps.gsi.go.jp/portal/sys/v4/symbols/826.png",
				"_iconSize": [
					16,
					16
				],
				"_iconAnchor": [
					8,
					8
				]
			}
		},
		{
			"type": "Feature",
			"geometry": {
				"type": "Point",
				"coordinates": [
					 130.5531,
					 33.8695
				]
			},
			"properties": {
				"name": "JA6/FO-036(湯川山)",
				"読み":"Yugawayama",
				"標高":"471m 1pt ",
				"GL":"PM53gu",
				"市郡区":"C#4026 / G#40004B ",
				"登山日":"",
				"メモ":"",
				"_markerType": "Icon",
				"_iconUrl": "https://maps.gsi.go.jp/portal/sys/v4/symbols/826.png",
				"_iconSize": [
					16,
					16
				],
				"_iconAnchor": [
					8,
					8
				]
			}
		},
		{
			"type": "Feature",
			"geometry": {
				"type": "Point",
				"coordinates": [
					 130.7594,
					 33.4097
				]
			},
			"properties": {
				"name": "JA6/FO-037(椿ケ谷(三角点))",
				"読み":"Tsubakigatani",
				"標高":"464m 1pt ",
				"GL":"PM53jj",
				"市郡区":"C#4034 ",
				"登山日":"",
				"メモ":"",
				"_markerType": "Icon",
				"_iconUrl": "https://maps.gsi.go.jp/portal/sys/v4/symbols/826.png",
				"_iconSize": [
					16,
					16
				],
				"_iconAnchor": [
					8,
					8
				]
			}
		},
		{
			"type": "Feature",
			"geometry": {
				"type": "Point",
				"coordinates": [
					 130.5903,
					 33.159
				]
			},
			"properties": {
				"name": "JA6/FO-038(飛形山(削除予定))",
				"読み":"Tobikatayama",
				"標高":"460m 1pt ",
				"GL":"PM53hd",
				"市郡区":"C#4015 ",
				"登山日":"",
				"メモ":"",
				"_markerType": "Icon",
				"_iconUrl": "https://maps.gsi.go.jp/portal/sys/v4/symbols/826.png",
				"_iconSize": [
					16,
					16
				],
				"_iconAnchor": [
					8,
					8
				]
			}
		},
		{
			"type": "Feature",
			"geometry": {
				"type": "Point",
				"coordinates": [
					 130.6186,
					 33.6732
				]
			},
			"properties": {
				"name": "JA6/FO-039(点445)",
				"読み":"P445",
				"標高":"445m 1pt ",
				"GL":"PM53hq",
				"市郡区":"C#4032 ",
				"登山日":"",
				"メモ":"",
				"_markerType": "Icon",
				"_iconUrl": "https://maps.gsi.go.jp/portal/sys/v4/symbols/826.png",
				"_iconSize": [
					16,
					16
				],
				"_iconAnchor": [
					8,
					8
				]
			}
		},
		{
			"type": "Feature",
			"geometry": {
				"type": "Point",
				"coordinates": [
					 130.6421,
					 33.6865
				]
			},
			"properties": {
				"name": "JA6/FO-040(笠置山)",
				"読み":"Kasagiyama",
				"標高":"425m 1pt ",
				"GL":"PM53hq",
				"市郡区":"C#4032 / C#4010 ",
				"登山日":"",
				"メモ":"",
				"_markerType": "Icon",
				"_iconUrl": "https://maps.gsi.go.jp/portal/sys/v4/symbols/826.png",
				"_iconSize": [
					16,
					16
				],
				"_iconAnchor": [
					8,
					8
				]
			}
		},
		{
			"type": "Feature",
			"geometry": {
				"type": "Point",
				"coordinates": [
					 130.7759,
					 33.5945
				]
			},
			"properties": {
				"name": "JA6/FO-041(金国山)",
				"読み":"Kanakuniyama",
				"標高":"421m 1pt ",
				"GL":"PM53jo",
				"市郡区":"C#4011 ",
				"登山日":"",
				"メモ":"",
				"_markerType": "Icon",
				"_iconUrl": "https://maps.gsi.go.jp/portal/sys/v4/symbols/826.png",
				"_iconSize": [
					16,
					16
				],
				"_iconAnchor": [
					8,
					8
				]
			}
		},
		{
			"type": "Feature",
			"geometry": {
				"type": "Point",
				"coordinates": [
					 130.5139,
					 33.5381
				]
			},
			"properties": {
				"name": "JA6/FO-042(四王寺(三角点))",
				"読み":"Shiouji",
				"標高":"410m 1pt ",
				"GL":"PM53gm",
				"市郡区":"G#40005A / C#4025 ",
				"登山日":"",
				"メモ":"",
				"_markerType": "Icon",
				"_iconUrl": "https://maps.gsi.go.jp/portal/sys/v4/symbols/826.png",
				"_iconSize": [
					16,
					16
				],
				"_iconAnchor": [
					8,
					8
				]
			}
		},
		{
			"type": "Feature",
			"geometry": {
				"type": "Point",
				"coordinates": [
					 130.6659,
					 33.5496
				]
			},
			"properties": {
				"name": "JA6/FO-044(弥山岳)",
				"読み":"Yayamadake",
				"標高":"378m 1pt ",
				"GL":"PM53hn",
				"市郡区":"C#4010 / G#40006C ",
				"登山日":"",
				"メモ":"",
				"_markerType": "Icon",
				"_iconUrl": "https://maps.gsi.go.jp/portal/sys/v4/symbols/826.png",
				"_iconSize": [
					16,
					16
				],
				"_iconAnchor": [
					8,
					8
				]
			}
		},
		{
			"type": "Feature",
			"geometry": {
				"type": "Point",
				"coordinates": [
					 130.5905,
					 33.8187
				]
			},
			"properties": {
				"name": "JA6/FO-045(城山)",
				"読み":"Jyouyama",
				"標高":"369m 1pt ",
				"GL":"PM53ht",
				"市郡区":"C#4026 / G#40004B ",
				"登山日":"",
				"メモ":"",
				"_markerType": "Icon",
				"_iconUrl": "https://maps.gsi.go.jp/portal/sys/v4/symbols/826.png",
				"_iconSize": [
					16,
					16
				],
				"_iconAnchor": [
					8,
					8
				]
			}
		},
		{
			"type": "Feature",
			"geometry": {
				"type": "Point",
				"coordinates": [
					 130.4683,
					 33.6797
				]
			},
			"properties": {
				"name": "JA6/FO-046(立花山)",
				"読み":"Tachibanayama",
				"標高":"367m 1pt ",
				"GL":"PM53fq",
				"市郡区":"G#40005F / C#400101 / G#40005G",
				"登山日":"",
				"メモ":"",
				"_markerType": "Icon",
				"_iconUrl": "https://maps.gsi.go.jp/portal/sys/v4/symbols/826.png",
				"_iconSize": [
					16,
					16
				],
				"_iconAnchor": [
					8,
					8
				]
			}
		},
		{
			"type": "Feature",
			"geometry": {
				"type": "Point",
				"coordinates": [
					 130.161,
					 33.5723
				]
			},
			"properties": {
				"name": "JA6/FO-047(可也山)",
				"読み":"Kayasan",
				"標高":"365m 1pt ",
				"GL":"PM53bn",
				"市郡区":"C#4036 ",
				"登山日":"",
				"メモ":"",
				"_markerType": "Icon",
				"_iconUrl": "https://maps.gsi.go.jp/portal/sys/v4/symbols/826.png",
				"_iconSize": [
					16,
					16
				],
				"_iconAnchor": [
					8,
					8
				]
			}
		},
		{
			"type": "Feature",
			"geometry": {
				"type": "Point",
				"coordinates": [
					 130.9547,
					 33.9244
				]
			},
			"properties": {
				"name": "JA6/FO-048(風師山(風頭)(削除予定))",
				"読み":"Kazeshiyama/Kazekashira",
				"標高":"362m 1pt ",
				"GL":"PM53lw",
				"市郡区":"C#402101 ",
				"登山日":"",
				"メモ":"",
				"_markerType": "Icon",
				"_iconUrl": "https://maps.gsi.go.jp/portal/sys/v4/symbols/826.png",
				"_iconSize": [
					16,
					16
				],
				"_iconAnchor": [
					8,
					8
				]
			}
		},
		{
			"type": "Feature",
			"geometry": {
				"type": "Point",
				"coordinates": [
					 130.7518,
					 33.6306
				]
			},
			"properties": {
				"name": "JA6/FO-049(関ノ山(三角点))",
				"読み":"Sekinoyama",
				"標高":"359m 1pt ",
				"GL":"PM53jp",
				"市郡区":"C#4010 / C#4011 ",
				"登山日":"",
				"メモ":"",
				"_markerType": "Icon",
				"_iconUrl": "https://maps.gsi.go.jp/portal/sys/v4/symbols/826.png",
				"_iconSize": [
					16,
					16
				],
				"_iconAnchor": [
					8,
					8
				]
			}
		},
		{
			"type": "Feature",
			"geometry": {
				"type": "Point",
				"coordinates": [
					 130.6812,
					 33.7479
				]
			},
			"properties": {
				"name": "JA6/FO-050(六ケ岳)",
				"読み":"Mutsugatake",
				"標高":"339m 1pt ",
				"GL":"PM53ir",
				"市郡区":"C#4032 / G#40007B ",
				"登山日":"",
				"メモ":"",
				"_markerType": "Icon",
				"_iconUrl": "https://maps.gsi.go.jp/portal/sys/v4/symbols/826.png",
				"_iconSize": [
					16,
					16
				],
				"_iconAnchor": [
					8,
					8
				]
			}
		},
		{
			"type": "Feature",
			"geometry": {
				"type": "Point",
				"coordinates": [
					 130.5684,
					 33.4928
				]
			},
			"properties": {
				"name": "JA6/FO-051(宮地岳)",
				"読み":"Miyajidake",
				"標高":"339m 1pt ",
				"GL":"PM53gl",
				"市郡区":"C#4024 ",
				"登山日":"",
				"メモ":"",
				"_markerType": "Icon",
				"_iconUrl": "https://maps.gsi.go.jp/portal/sys/v4/symbols/826.png",
				"_iconSize": [
					16,
					16
				],
				"_iconAnchor": [
					8,
					8
				]
			}
		},
		{
			"type": "Feature",
			"geometry": {
				"type": "Point",
				"coordinates": [
					 130.6223,
					 33.7813
				]
			},
			"properties": {
				"name": "JA6/FO-052(権現山(新立山))",
				"読み":"Gongenyama/Shintateyama",
				"標高":"326m 1pt ",
				"GL":"PM53hs",
				"市郡区":"C#4026 / C#4032 ",
				"登山日":"",
				"メモ":"",
				"_markerType": "Icon",
				"_iconUrl": "https://maps.gsi.go.jp/portal/sys/v4/symbols/826.png",
				"_iconSize": [
					16,
					16
				],
				"_iconAnchor": [
					8,
					8
				]
			}
		},
		{
			"type": "Feature",
			"geometry": {
				"type": "Point",
				"coordinates": [
					 130.694,
					 33.5517
				]
			},
			"properties": {
				"name": "JA6/FO-053(長谷山)",
				"読み":"Haseyama",
				"標高":"311m 1pt ",
				"GL":"PM53in",
				"市郡区":"C#4033 ",
				"登山日":"",
				"メモ":"",
				"_markerType": "Icon",
				"_iconUrl": "https://maps.gsi.go.jp/portal/sys/v4/symbols/826.png",
				"_iconSize": [
					16,
					16
				],
				"_iconAnchor": [
					8,
					8
				]
			}
		},
		{
			"type": "Feature",
			"geometry": {
				"type": "Point",
				"coordinates": [
					 130.7723,
					 33.9034
				]
			},
			"properties": {
				"name": "JA6/FO-054(石峰山)",
				"読み":"Ishimineyama",
				"標高":"303m 1pt ",
				"GL":"PM53jv",
				"市郡区":"C#402102 ",
				"登山日":"",
				"メモ":"",
				"_markerType": "Icon",
				"_iconUrl": "https://maps.gsi.go.jp/portal/sys/v4/symbols/826.png",
				"_iconSize": [
					16,
					16
				],
				"_iconAnchor": [
					8,
					8
				]
			}
		},
		{
			"type": "Feature",
			"geometry": {
				"type": "Point",
				"coordinates": [
					 130.8592,
					 33.4298
				]
			},
			"properties": {
				"name": "JA6/FO-055(台山)",
				"読み":"Daiyama",
				"標高":"726m 4pt ",
				"GL":"PM53kk",
				"市郡区":"G#40001H ",
				"登山日":"",
				"メモ":"",
				"_markerType": "Icon",
				"_iconUrl": "https://maps.gsi.go.jp/portal/sys/v4/symbols/828.png",
				"_iconSize": [
					16,
					16
				],
				"_iconAnchor": [
					8,
					8
				]
			}
		},
		{
			"type": "Feature",
			"geometry": {
				"type": "Point",
				"coordinates": [
					 130.5446,
					 33.5979
				]
			},
			"properties": {
				"name": "JA6/FO-056(若杉山)",
				"読み":"Wakasugiyama",
				"標高":"681m 4pt ",
				"GL":"PM53go",
				"市郡区":"G#40005D ",
				"登山日":"",
				"メモ":"",
				"_markerType": "Icon",
				"_iconUrl": "https://maps.gsi.go.jp/portal/sys/v4/symbols/828.png",
				"_iconSize": [
					16,
					16
				],
				"_iconAnchor": [
					8,
					8
				]
			}
		},
		{
			"type": "Feature",
			"geometry": {
				"type": "Point",
				"coordinates": [
					 130.8151,
					 33.1461
				]
			},
			"properties": {
				"name": "JA6/FO-057(城山)",
				"読み":"Shiroyama",
				"標高":"643m 2pt ",
				"GL":"PM53jd",
				"市郡区":"C#4015 ",
				"登山日":"",
				"メモ":"",
				"_markerType": "Icon",
				"_iconUrl": "https://maps.gsi.go.jp/portal/sys/v4/symbols/102.png",
				"_iconSize": [
					16,
					16
				],
				"_iconAnchor": [
					8,
					8
				]
			}
		},
		{
			"type": "Feature",
			"geometry": {
				"type": "Point",
				"coordinates": [
					 130.8338,
					 33.2846
				]
			},
			"properties": {
				"name": "JA6/FO-058(竹ノ口(三角点))",
				"読み":"Takenokuchi",
				"標高":"612m 2pt ",
				"GL":"PM53kg",
				"市郡区":"C#4031 ",
				"登山日":"",
				"メモ":"",
				"_markerType": "Icon",
				"_iconUrl": "https://maps.gsi.go.jp/portal/sys/v4/symbols/102.png",
				"_iconSize": [
					16,
					16
				],
				"_iconAnchor": [
					8,
					8
				]
			}
		},
		{
			"type": "Feature",
			"geometry": {
				"type": "Point",
				"coordinates": [
					 130.8868,
					 33.5467
				]
			},
			"properties": {
				"name": "JA6/FO-059(点512)",
				"読み":"P512",
				"標高":"512m 2pt ",
				"GL":"PM53kn",
				"市郡区":"G#40009I ",
				"登山日":"",
				"メモ":"",
				"_markerType": "Icon",
				"_iconUrl": "https://maps.gsi.go.jp/portal/sys/v4/symbols/102.png",
				"_iconSize": [
					16,
					16
				],
				"_iconAnchor": [
					8,
					8
				]
			}
		},
		{
			"type": "Feature",
			"geometry": {
				"type": "Point",
				"coordinates": [
					 130.8288,
					 33.7915
				]
			},
			"properties": {
				"name": "JA6/FO-060(点501)",
				"読み":"P501",
				"標高":"501m 2pt ",
				"GL":"PM53js",
				"市郡区":"C#402105 ",
				"登山日":"",
				"メモ":"",
				"_markerType": "Icon",
				"_iconUrl": "https://maps.gsi.go.jp/portal/sys/v4/symbols/102.png",
				"_iconSize": [
					16,
					16
				],
				"_iconAnchor": [
					8,
					8
				]
			}
		},
		{
			"type": "Feature",
			"geometry": {
				"type": "Point",
				"coordinates": [
					 130.2686,
					 33.5483
				]
			},
			"properties": {
				"name": "JA6/FO-061(高祖山)",
				"読み":"Takasuyama",
				"標高":"420m 1pt ",
				"GL":"PM53dn",
				"市郡区":"C#400105 / C#4036 ",
				"登山日":"",
				"メモ":"",
				"_markerType": "Icon",
				"_iconUrl": "https://maps.gsi.go.jp/portal/sys/v4/symbols/826.png",
				"_iconSize": [
					16,
					16
				],
				"_iconAnchor": [
					8,
					8
				]
			}
		},
		{
			"type": "Feature",
			"geometry": {
				"type": "Point",
				"coordinates": [
					 130.9527,
					 33.7684
				]
			},
			"properties": {
				"name": "JA6/FO-062(高城山)",
				"読み":"Takashiroyama",
				"標高":"419m 1pt ",
				"GL":"PM53ls",
				"市郡区":"G#40015B ",
				"登山日":"",
				"メモ":"",
				"_markerType": "Icon",
				"_iconUrl": "https://maps.gsi.go.jp/portal/sys/v4/symbols/826.png",
				"_iconSize": [
					16,
					16
				],
				"_iconAnchor": [
					8,
					8
				]
			}
		},
		{
			"type": "Feature",
			"geometry": {
				"type": "Point",
				"coordinates": [
					 130.6802,
					 33.4317
				]
			},
			"properties": {
				"name": "JA6/FO-063(大平山)",
				"読み":"Oohirayama",
				"標高":"315m 1pt ",
				"GL":"PM53ik",
				"市郡区":"C#4034 ",
				"登山日":"",
				"メモ":"",
				"_markerType": "Icon",
				"_iconUrl": "https://maps.gsi.go.jp/portal/sys/v4/symbols/826.png",
				"_iconSize": [
					16,
					16
				],
				"_iconAnchor": [
					8,
					8
				]
			}
		},
		{
			"type": "Feature",
			"geometry": {
				"type": "Point",
				"coordinates": [
					 130.6069,
					 33.7584
				]
			},
			"properties": {
				"name": "JA6/FO-064(靡山)",
				"読み":"Nabikiyama",
				"標高":"297m 1pt ",
				"GL":"PM53hs",
				"市郡区":"C#4032 ",
				"登山日":"",
				"メモ":"",
				"_markerType": "Icon",
				"_iconUrl": "https://maps.gsi.go.jp/portal/sys/v4/symbols/826.png",
				"_iconSize": [
					16,
					16
				],
				"_iconAnchor": [
					8,
					8
				]
			}
		},
		{
			"type": "Feature",
			"geometry": {
				"type": "Point",
				"coordinates": [
					 130.6365,
					 33.702
				]
			},
			"properties": {
				"name": "JA6/FO-065(点280)",
				"読み":"P280",
				"標高":"280m 1pt ",
				"GL":"PM53hq",
				"市郡区":"C#4032 ",
				"登山日":"",
				"メモ":"",
				"_markerType": "Icon",
				"_iconUrl": "https://maps.gsi.go.jp/portal/sys/v4/symbols/826.png",
				"_iconSize": [
					16,
					16
				],
				"_iconAnchor": [
					8,
					8
				]
			}
		},
		{
			"type": "Feature",
			"geometry": {
				"type": "Point",
				"coordinates": [
					 130.5393,
					 33.7763
				]
			},
			"properties": {
				"name": "JA6/FO-066(許斐山)",
				"読み":"Konomiyama",
				"標高":"271m 1pt ",
				"GL":"PM53gs",
				"市郡区":"C#4026 / C#4030 ",
				"登山日":"",
				"メモ":"",
				"_markerType": "Icon",
				"_iconUrl": "https://maps.gsi.go.jp/portal/sys/v4/symbols/826.png",
				"_iconSize": [
					16,
					16
				],
				"_iconAnchor": [
					8,
					8
				]
			}
		},
		{
			"type": "Feature",
			"geometry": {
				"type": "Point",
				"coordinates": [
					 130.6629,
					 33.6921
				]
			},
			"properties": {
				"name": "JA6/FO-067(荒谷(三角点))",
				"読み":"Aratani",
				"標高":"268m 1pt ",
				"GL":"PM53hq",
				"市郡区":"C#4010 / C#4032 ",
				"登山日":"",
				"メモ":"",
				"_markerType": "Icon",
				"_iconUrl": "https://maps.gsi.go.jp/portal/sys/v4/symbols/826.png",
				"_iconSize": [
					16,
					16
				],
				"_iconAnchor": [
					8,
					8
				]
			}
		},
		{
			"type": "Feature",
			"geometry": {
				"type": "Point",
				"coordinates": [
					 130.6249,
					 33.8194
				]
			},
			"properties": {
				"name": "JA6/FO-068(戸田山)",
				"読み":"Todayama",
				"標高":"267m 1pt ",
				"GL":"PM53ht",
				"市郡区":"G#40004B / C#4026 ",
				"登山日":"",
				"メモ":"",
				"_markerType": "Icon",
				"_iconUrl": "https://maps.gsi.go.jp/portal/sys/v4/symbols/826.png",
				"_iconSize": [
					16,
					16
				],
				"_iconAnchor": [
					8,
					8
				]
			}
		},
		{
			"type": "Feature",
			"geometry": {
				"type": "Point",
				"coordinates": [
					 130.2055,
					 33.621
				]
			},
			"properties": {
				"name": "JA6/FO-069(天ヶ岳)",
				"読み":"Amagatake",
				"標高":"261m 1pt ",
				"GL":"PM53co",
				"市郡区":"C#400105 / C#4036 ",
				"登山日":"",
				"メモ":"",
				"_markerType": "Icon",
				"_iconUrl": "https://maps.gsi.go.jp/portal/sys/v4/symbols/826.png",
				"_iconSize": [
					16,
					16
				],
				"_iconAnchor": [
					8,
					8
				]
			}
		},
		{
			"type": "Feature",
			"geometry": {
				"type": "Point",
				"coordinates": [
					 130.2218,
					 33.6166
				]
			},
			"properties": {
				"name": "JA6/FO-070(柑子岳)",
				"読み":"Koushidake",
				"標高":"254m 1pt ",
				"GL":"PM53co",
				"市郡区":"C#400105 ",
				"登山日":"",
				"メモ":"",
				"_markerType": "Icon",
				"_iconUrl": "https://maps.gsi.go.jp/portal/sys/v4/symbols/826.png",
				"_iconSize": [
					16,
					16
				],
				"_iconAnchor": [
					8,
					8
				]
			}
		},
		{
			"type": "Feature",
			"geometry": {
				"type": "Point",
				"coordinates": [
					 130.4947,
					 33.7953
				]
			},
			"properties": {
				"name": "JA6/FO-071(水落山(三角点))",
				"読み":"Mizuochiyama",
				"標高":"247m 1pt ",
				"GL":"PM53ft",
				"市郡区":"C#4030 ",
				"登山日":"",
				"メモ":"",
				"_markerType": "Icon",
				"_iconUrl": "https://maps.gsi.go.jp/portal/sys/v4/symbols/826.png",
				"_iconSize": [
					16,
					16
				],
				"_iconAnchor": [
					8,
					8
				]
			}
		},
		{
			"type": "Feature",
			"geometry": {
				"type": "Point",
				"coordinates": [
					 130.1058,
					 34.2443
				]
			},
			"properties": {
				"name": "JA6/FO-072(一ノ岳)",
				"読み":"Ichinodake",
				"標高":"244m 1pt ",
				"GL":"PM54bf",
				"市郡区":"C#4026 ",
				"登山日":"",
				"メモ":"",
				"_markerType": "Icon",
				"_iconUrl": "https://maps.gsi.go.jp/portal/sys/v4/symbols/826.png",
				"_iconSize": [
					16,
					16
				],
				"_iconAnchor": [
					8,
					8
				]
			}
		},
		{
			"type": "Feature",
			"geometry": {
				"type": "Point",
				"coordinates": [
					 130.1627,
					 33.5976
				]
			},
			"properties": {
				"name": "JA6/FO-073(火山)",
				"読み":"Hiyama",
				"標高":"244m 1pt ",
				"GL":"PM53bo",
				"市郡区":"C#4036 ",
				"登山日":"",
				"メモ":"",
				"_markerType": "Icon",
				"_iconUrl": "https://maps.gsi.go.jp/portal/sys/v4/symbols/826.png",
				"_iconSize": [
					16,
					16
				],
				"_iconAnchor": [
					8,
					8
				]
			}
		},
		{
			"type": "Feature",
			"geometry": {
				"type": "Point",
				"coordinates": [
					 130.4964,
					 33.5603
				]
			},
			"properties": {
				"name": "JA6/FO-074(井野山)",
				"読み":"Inoyama",
				"標高":"236m 1pt ",
				"GL":"PM53fn",
				"市郡区":"G#40005A / C#4025 ",
				"登山日":"",
				"メモ":"",
				"_markerType": "Icon",
				"_iconUrl": "https://maps.gsi.go.jp/portal/sys/v4/symbols/826.png",
				"_iconSize": [
					16,
					16
				],
				"_iconAnchor": [
					8,
					8
				]
			}
		},
		{
			"type": "Feature",
			"geometry": {
				"type": "Point",
				"coordinates": [
					 130.1632,
					 33.6227
				]
			},
			"properties": {
				"name": "JA6/FO-075(彦山)",
				"読み":"Hikoyama",
				"標高":"232m 1pt ",
				"GL":"PM53bo",
				"市郡区":"C#4036 ",
				"登山日":"",
				"メモ":"",
				"_markerType": "Icon",
				"_iconUrl": "https://maps.gsi.go.jp/portal/sys/v4/symbols/826.png",
				"_iconSize": [
					16,
					16
				],
				"_iconAnchor": [
					8,
					8
				]
			}
		},
		{
			"type": "Feature",
			"geometry": {
				"type": "Point",
				"coordinates": [
					 130.9138,
					 33.721
				]
			},
			"properties": {
				"name": "JA6/FO-076(観音山)",
				"読み":"Kannonyama",
				"標高":"232m 1pt ",
				"GL":"PM53kr",
				"市郡区":"G#40015E / C#4018 ",
				"登山日":"",
				"メモ":"",
				"_markerType": "Icon",
				"_iconUrl": "https://maps.gsi.go.jp/portal/sys/v4/symbols/826.png",
				"_iconSize": [
					16,
					16
				],
				"_iconAnchor": [
					8,
					8
				]
			}
		},
		{
			"type": "Feature",
			"geometry": {
				"type": "Point",
				"coordinates": [
					 130.9774,
					 33.857
				]
			},
			"properties": {
				"name": "JA6/FO-077(鳶ヶ巣山)",
				"読み":"Tobigasuyama",
				"標高":"226m 1pt ",
				"GL":"PM53lu",
				"市郡区":"C#402101 ",
				"登山日":"",
				"メモ":"",
				"_markerType": "Icon",
				"_iconUrl": "https://maps.gsi.go.jp/portal/sys/v4/symbols/826.png",
				"_iconSize": [
					16,
					16
				],
				"_iconAnchor": [
					8,
					8
				]
			}
		},
		{
			"type": "Feature",
			"geometry": {
				"type": "Point",
				"coordinates": [
					 130.8673,
					 33.8106
				]
			},
			"properties": {
				"name": "JA6/FO-078(古川山城跡)",
				"読み":"Furukawayamashiroato",
				"標高":"222m 1pt ",
				"GL":"PM53kt",
				"市郡区":"C#402105 ",
				"登山日":"",
				"メモ":"",
				"_markerType": "Icon",
				"_iconUrl": "https://maps.gsi.go.jp/portal/sys/v4/symbols/826.png",
				"_iconSize": [
					16,
					16
				],
				"_iconAnchor": [
					8,
					8
				]
			}
		},
		{
			"type": "Feature",
			"geometry": {
				"type": "Point",
				"coordinates": [
					 130.4246,
					 33.8983
				]
			},
			"properties": {
				"name": "JA6/FO-079(御岳山)",
				"読み":"Mitakesan",
				"標高":"221m 1pt ",
				"GL":"PM53fv",
				"市郡区":"C#4026 ",
				"登山日":"",
				"メモ":"",
				"_markerType": "Icon",
				"_iconUrl": "https://maps.gsi.go.jp/portal/sys/v4/symbols/826.png",
				"_iconSize": [
					16,
					16
				],
				"_iconAnchor": [
					8,
					8
				]
			}
		},
		{
			"type": "Feature",
			"geometry": {
				"type": "Point",
				"coordinates": [
					 130.2316,
					 33.6896
				]
			},
			"properties": {
				"name": "JA6/FO-080(玄界島)",
				"読み":"Genkaijima",
				"標高":"218m 1pt ",
				"GL":"PM53cq",
				"市郡区":"C#400105 ",
				"登山日":"",
				"メモ":"",
				"_markerType": "Icon",
				"_iconUrl": "https://maps.gsi.go.jp/portal/sys/v4/symbols/826.png",
				"_iconSize": [
					16,
					16
				],
				"_iconAnchor": [
					8,
					8
				]
			}
		},
		{
			"type": "Feature",
			"geometry": {
				"type": "Point",
				"coordinates": [
					 130.0997,
					 33.5817
				]
			},
			"properties": {
				"name": "JA6/FO-081(立石山)",
				"読み":"Tateishiyama",
				"標高":"210m 1pt ",
				"GL":"PM53bn",
				"市郡区":"C#4036 ",
				"登山日":"",
				"メモ":"",
				"_markerType": "Icon",
				"_iconUrl": "https://maps.gsi.go.jp/portal/sys/v4/symbols/826.png",
				"_iconSize": [
					16,
					16
				],
				"_iconAnchor": [
					8,
					8
				]
			}
		},
		{
			"type": "Feature",
			"geometry": {
				"type": "Point",
				"coordinates": [
					 130.225,
					 33.6511
				]
			},
			"properties": {
				"name": "JA6/FO-082(灘山)",
				"読み":"Nadayama",
				"標高":"210m 1pt ",
				"GL":"PM53cp",
				"市郡区":"C#400105 ",
				"登山日":"",
				"メモ":"",
				"_markerType": "Icon",
				"_iconUrl": "https://maps.gsi.go.jp/portal/sys/v4/symbols/826.png",
				"_iconSize": [
					16,
					16
				],
				"_iconAnchor": [
					8,
					8
				]
			}
		},
		{
			"type": "Feature",
			"geometry": {
				"type": "Point",
				"coordinates": [
					 130.3035,
					 33.6209
				]
			},
			"properties": {
				"name": "JA6/FO-083(能古島)",
				"読み":"Nokojima",
				"標高":"195m 1pt ",
				"GL":"PM53do",
				"市郡区":"C#400105 ",
				"登山日":"",
				"メモ":"",
				"_markerType": "Icon",
				"_iconUrl": "https://maps.gsi.go.jp/portal/sys/v4/symbols/826.png",
				"_iconSize": [
					16,
					16
				],
				"_iconAnchor": [
					8,
					8
				]
			}
		},
		{
			"type": "Feature",
			"geometry": {
				"type": "Point",
				"coordinates": [
					 130.0489,
					 33.5732
				]
			},
			"properties": {
				"name": "JA6/FO-084(鎮山)",
				"読み":"Chinyama",
				"標高":"187m 1pt ",
				"GL":"PM53an",
				"市郡区":"C#4036 ",
				"登山日":"",
				"メモ":"",
				"_markerType": "Icon",
				"_iconUrl": "https://maps.gsi.go.jp/portal/sys/v4/symbols/826.png",
				"_iconSize": [
					16,
					16
				],
				"_iconAnchor": [
					8,
					8
				]
			}
		},
		{
			"type": "Feature",
			"geometry": {
				"type": "Point",
				"coordinates": [
					 130.5002,
					 33.9033
				]
			},
			"properties": {
				"name": "JA6/FO-085(地島)",
				"読み":"Jishima",
				"標高":"187m 1pt ",
				"GL":"PM53gv",
				"市郡区":"C#4026 ",
				"登山日":"",
				"メモ":"",
				"_markerType": "Icon",
				"_iconUrl": "https://maps.gsi.go.jp/portal/sys/v4/symbols/826.png",
				"_iconSize": [
					16,
					16
				],
				"_iconAnchor": [
					8,
					8
				]
			}
		},
		{
			"type": "Feature",
			"geometry": {
				"type": "Point",
				"coordinates": [
					 130.267,
					 33.6099
				]
			},
			"properties": {
				"name": "JA6/FO-086(毘沙門山)",
				"読み":"Bisyamonyama",
				"標高":"177m 1pt ",
				"GL":"PM53do",
				"市郡区":"C#400105 ",
				"登山日":"",
				"メモ":"",
				"_markerType": "Icon",
				"_iconUrl": "https://maps.gsi.go.jp/portal/sys/v4/symbols/826.png",
				"_iconSize": [
					16,
					16
				],
				"_iconAnchor": [
					8,
					8
				]
			}
		},
		{
			"type": "Feature",
			"geometry": {
				"type": "Point",
				"coordinates": [
					 130.3034,
					 33.6749
				]
			},
			"properties": {
				"name": "JA6/FO-087(志賀島)",
				"読み":"Shikanoshima",
				"標高":"173m 1pt ",
				"GL":"PM53dq",
				"市郡区":"C#400101 ",
				"登山日":"",
				"メモ":"",
				"_markerType": "Icon",
				"_iconUrl": "https://maps.gsi.go.jp/portal/sys/v4/symbols/826.png",
				"_iconSize": [
					16,
					16
				],
				"_iconAnchor": [
					8,
					8
				]
			}
		},
		{
			"type": "Feature",
			"geometry": {
				"type": "Point",
				"coordinates": [
					 130.286865,
					 33.52248
				]
			},
			"properties": {
				"name": "JA6/FO-088(上王丸山)",
				"読み":"Kamioumaruyama",
				"標高":"475m 1pt ",
				"GL":"PM53dm",
				"市郡区":"C#4036 / C#400105 ",
				"登山日":"",
				"メモ":"",
				"_markerType": "Icon",
				"_iconUrl": "https://maps.gsi.go.jp/portal/sys/v4/symbols/826.png",
				"_iconSize": [
					16,
					16
				],
				"_iconAnchor": [
					8,
					8
				]
			}
		},
		{
			"type": "Feature",
			"geometry": {
				"type": "Point",
				"coordinates": [
					 130.287005,
					 33.540304
				]
			},
			"properties": {
				"name": "JA6/FO-089(高知山)",
				"読み":"Takachiyama",
				"標高":"419m 1pt ",
				"GL":"PM53dm",
				"市郡区":"C#400105 / C#4036 ",
				"登山日":"",
				"メモ":"",
				"_markerType": "Icon",
				"_iconUrl": "https://maps.gsi.go.jp/portal/sys/v4/symbols/826.png",
				"_iconSize": [
					16,
					16
				],
				"_iconAnchor": [
					8,
					8
				]
			}
		},
		{
			"type": "Feature",
			"geometry": {
				"type": "Point",
				"coordinates": [
					 131.069984,
					 33.506781
				]
			},
			"properties": {
				"name": "JA6/FO-090(雁股山)",
				"読み":"Ganmatayama",
				"標高":"807m 4pt ",
				"GL":"PM53mm",
				"市郡区":"G#40011F / C#4403 ",
				"登山日":"",
				"メモ":"",
				"_markerType": "Icon",
				"_iconUrl": "https://maps.gsi.go.jp/portal/sys/v4/symbols/828.png",
				"_iconSize": [
					16,
					16
				],
				"_iconAnchor": [
					8,
					8
				]
			}
		},
		{
			"type": "Feature",
			"geometry": {
				"type": "Point",
				"coordinates": [
					 130.870036,
					 33.415624
				]
			},
			"properties": {
				"name": "JA6/FO-091(城ヶ迫)",
				"読み":"Shirogasako",
				"標高":"546m 2pt ",
				"GL":"PM53kj",
				"市郡区":"G#40001H ",
				"登山日":"",
				"メモ":"",
				"_markerType": "Icon",
				"_iconUrl": "https://maps.gsi.go.jp/portal/sys/v4/symbols/102.png",
				"_iconSize": [
					16,
					16
				],
				"_iconAnchor": [
					8,
					8
				]
			}
		},
		{
			"type": "Feature",
			"geometry": {
				"type": "Point",
				"coordinates": [
					 130.851932,
					 33.754424
				]
			},
			"properties": {
				"name": "JA6/FO-092(点396)",
				"読み":"JA6/FO-092",
				"標高":"396m 1pt ",
				"GL":"PM53ks",
				"市郡区":"G#402105 ",
				"登山日":"",
				"メモ":"",
				"_markerType": "Icon",
				"_iconUrl": "https://maps.gsi.go.jp/portal/sys/v4/symbols/826.png",
				"_iconSize": [
					16,
					16
				],
				"_iconAnchor": [
					8,
					8
				]
			}
		},
		{
			"type": "Feature",
			"geometry": {
				"type": "Point",
				"coordinates": [
					 130.135288,
					 33.578408
				]
			},
			"properties": {
				"name": "JA6/FO-093(竹越(三角点))",
				"読み":"Takekoshi",
				"標高":"163m 1pt ",
				"GL":"PM53bn",
				"市郡区":"C#4036 ",
				"登山日":"",
				"メモ":"",
				"_markerType": "Icon",
				"_iconUrl": "https://maps.gsi.go.jp/portal/sys/v4/symbols/826.png",
				"_iconSize": [
					16,
					16
				],
				"_iconAnchor": [
					8,
					8
				]
			}
		},
		{
			"type": "Feature",
			"geometry": {
				"type": "Point",
				"coordinates": [
					 130.5044,
					 30.3359
				]
			},
			"properties": {
				"name": "JA6/KG-001(宮之浦岳)",
				"読み":"Miyanouradake",
				"標高":"1936m 10pt ",
				"GL":"PM50gi",
				"市郡区":"G#46009E ",
				"登山日":"",
				"メモ":"",
				"_markerType": "Icon",
				"_iconUrl": "https://maps.gsi.go.jp/portal/sys/v4/symbols/101.png",
				"_iconSize": [
					16,
					16
				],
				"_iconAnchor": [
					8,
					8
				]
			}
		},
		{
			"type": "Feature",
			"geometry": {
				"type": "Point",
				"coordinates": [
					 130.5106,
					 30.29
				]
			},
			"properties": {
				"name": "JA6/KG-002(ジンネム高盤岳)",
				"読み":"Jinnemukoubandake",
				"標高":"1734m 10pt ",
				"GL":"PM50gg",
				"市郡区":"G#46009E ",
				"登山日":"",
				"メモ":"",
				"_markerType": "Icon",
				"_iconUrl": "https://maps.gsi.go.jp/portal/sys/v4/symbols/101.png",
				"_iconSize": [
					16,
					16
				],
				"_iconAnchor": [
					8,
					8
				]
			}
		},
		{
			"type": "Feature",
			"geometry": {
				"type": "Point",
				"coordinates": [
					 130.8616,
					 31.9342
				]
			},
			"properties": {
				"name": "JA6/KG-003(霧島山(韓国岳))",
				"読み":"Kirishimayama/Karakunidake",
				"標高":"1700m 10pt ",
				"GL":"PM51kw",
				"市郡区":"C#4509 / C#4505 / C#4619",
				"登山日":"",
				"メモ":"",
				"_markerType": "Icon",
				"_iconUrl": "https://maps.gsi.go.jp/portal/sys/v4/symbols/101.png",
				"_iconSize": [
					16,
					16
				],
				"_iconAnchor": [
					8,
					8
				]
			}
		},
		{
			"type": "Feature",
			"geometry": {
				"type": "Point",
				"coordinates": [
					 130.5539,
					 30.3235
				]
			},
			"properties": {
				"name": "JA6/KG-004(石塚山)",
				"読み":"Ishidukayama",
				"標高":"1589m 10pt ",
				"GL":"PM50gh",
				"市郡区":"G#46009E ",
				"登山日":"",
				"メモ":"",
				"_markerType": "Icon",
				"_iconUrl": "https://maps.gsi.go.jp/portal/sys/v4/symbols/101.png",
				"_iconSize": [
					16,
					16
				],
				"_iconAnchor": [
					8,
					8
				]
			}
		},
		{
			"type": "Feature",
			"geometry": {
				"type": "Point",
				"coordinates": [
					 130.5545,
					 30.2731
				]
			},
			"properties": {
				"name": "JA6/KG-005(割石岳)",
				"読み":"Wariisidake",
				"標高":"1410m 8pt ",
				"GL":"PM50gg",
				"市郡区":"G#46009E ",
				"登山日":"",
				"メモ":"",
				"_markerType": "Icon",
				"_iconUrl": "https://maps.gsi.go.jp/portal/sys/v4/symbols/104.png",
				"_iconSize": [
					16,
					16
				],
				"_iconAnchor": [
					8,
					8
				]
			}
		},
		{
			"type": "Feature",
			"geometry": {
				"type": "Point",
				"coordinates": [
					 130.8185,
					 31.4862
				]
			},
			"properties": {
				"name": "JA6/KG-006(高隈山(大箆柄岳))",
				"読み":"Takakumayama/Oonogaradake",
				"標高":"1236m 8pt ",
				"GL":"PM51jl",
				"市郡区":"C#4603 / C#4615 ",
				"登山日":"",
				"メモ":"",
				"_markerType": "Icon",
				"_iconUrl": "https://maps.gsi.go.jp/portal/sys/v4/symbols/104.png",
				"_iconSize": [
					16,
					16
				],
				"_iconAnchor": [
					8,
					8
				]
			}
		},
		{
			"type": "Feature",
			"geometry": {
				"type": "Point",
				"coordinates": [
					 130.6002,
					 30.3661
				]
			},
			"properties": {
				"name": "JA6/KG-007(愛子岳)",
				"読み":"Aikodake",
				"標高":"1235m 8pt ",
				"GL":"PM50hi",
				"市郡区":"G#46009E ",
				"登山日":"",
				"メモ":"",
				"_markerType": "Icon",
				"_iconUrl": "https://maps.gsi.go.jp/portal/sys/v4/symbols/104.png",
				"_iconSize": [
					16,
					16
				],
				"_iconAnchor": [
					8,
					8
				]
			}
		},
		{
			"type": "Feature",
			"geometry": {
				"type": "Point",
				"coordinates": [
					 130.6566,
					 31.5926
				]
			},
			"properties": {
				"name": "JA6/KG-008(御岳(北岳))",
				"読み":"Ontake/Kitadake",
				"標高":"1117m 8pt ",
				"GL":"PM51ho",
				"市郡区":"C#4601 ",
				"登山日":"",
				"メモ":"",
				"_markerType": "Icon",
				"_iconUrl": "https://maps.gsi.go.jp/portal/sys/v4/symbols/104.png",
				"_iconSize": [
					16,
					16
				],
				"_iconAnchor": [
					8,
					8
				]
			}
		},
		{
			"type": "Feature",
			"geometry": {
				"type": "Point",
				"coordinates": [
					 130.7917,
					 31.9546
				]
			},
			"properties": {
				"name": "JA6/KG-009(栗野岳)",
				"読み":"Kurinodake",
				"標高":"1102m 8pt ",
				"GL":"PM51jw",
				"市郡区":"G#46001L ",
				"登山日":"",
				"メモ":"",
				"_markerType": "Icon",
				"_iconUrl": "https://maps.gsi.go.jp/portal/sys/v4/symbols/104.png",
				"_iconSize": [
					16,
					16
				],
				"_iconAnchor": [
					8,
					8
				]
			}
		},
		{
			"type": "Feature",
			"geometry": {
				"type": "Point",
				"coordinates": [
					 130.3676,
					 31.9808
				]
			},
			"properties": {
				"name": "JA6/KG-010(紫尾山(上宮山))",
				"読み":"Shibisan/Jyougusan",
				"標高":"1067m 6pt ",
				"GL":"PM51ex",
				"市郡区":"G#46010L / C#4607 ",
				"登山日":"",
				"メモ":"",
				"_markerType": "Icon",
				"_iconUrl": "https://maps.gsi.go.jp/portal/sys/v4/symbols/103.png",
				"_iconSize": [
					16,
					16
				],
				"_iconAnchor": [
					8,
					8
				]
			}
		},
		{
			"type": "Feature",
			"geometry": {
				"type": "Point",
				"coordinates": [
					 130.6207,
					 32.1501
				]
			},
			"properties": {
				"name": "JA6/KG-011(二ツ石(三角点))",
				"読み":"Futatsuishi",
				"標高":"998m 6pt ",
				"GL":"PM52hd",
				"市郡区":"C#4625 ",
				"登山日":"",
				"メモ":"",
				"_markerType": "Icon",
				"_iconUrl": "https://maps.gsi.go.jp/portal/sys/v4/symbols/103.png",
				"_iconSize": [
					16,
					16
				],
				"_iconAnchor": [
					8,
					8
				]
			}
		},
		{
			"type": "Feature",
			"geometry": {
				"type": "Point",
				"coordinates": [
					 129.857,
					 29.8593
				]
			},
			"properties": {
				"name": "JA6/KG-012(御岳)",
				"読み":"Otake",
				"標高":"979m 6pt ",
				"GL":"PL49wu",
				"市郡区":"G#46006D ",
				"登山日":"",
				"メモ":"",
				"_markerType": "Icon",
				"_iconUrl": "https://maps.gsi.go.jp/portal/sys/v4/symbols/103.png",
				"_iconSize": [
					16,
					16
				],
				"_iconAnchor": [
					8,
					8
				]
			}
		},
		{
			"type": "Feature",
			"geometry": {
				"type": "Point",
				"coordinates": [
					 130.9901,
					 31.2642
				]
			},
			"properties": {
				"name": "JA6/KG-013(甫与志岳)",
				"読み":"Hoyoshidake",
				"標高":"967m 6pt ",
				"GL":"PM51lg",
				"市郡区":"G#46008L ",
				"登山日":"",
				"メモ":"",
				"_markerType": "Icon",
				"_iconUrl": "https://maps.gsi.go.jp/portal/sys/v4/symbols/103.png",
				"_iconSize": [
					16,
					16
				],
				"_iconAnchor": [
					8,
					8
				]
			}
		},
		{
			"type": "Feature",
			"geometry": {
				"type": "Point",
				"coordinates": [
					 130.8802,
					 31.1296
				]
			},
			"properties": {
				"name": "JA6/KG-014(枯木(三角点))",
				"読み":"Kareki",
				"標高":"959m 6pt ",
				"GL":"PM51kd",
				"市郡区":"G#46008J / G#46008K ",
				"登山日":"",
				"メモ":"",
				"_markerType": "Icon",
				"_iconUrl": "https://maps.gsi.go.jp/portal/sys/v4/symbols/103.png",
				"_iconSize": [
					16,
					16
				],
				"_iconAnchor": [
					8,
					8
				]
			}
		},
		{
			"type": "Feature",
			"geometry": {
				"type": "Point",
				"coordinates": [
					 130.9253,
					 31.2268
				]
			},
			"properties": {
				"name": "JA6/KG-015(大尾岳)",
				"読み":"Uodake",
				"標高":"941m 6pt ",
				"GL":"PM51lf",
				"市郡区":"G#46008L / G#46008J ",
				"登山日":"",
				"メモ":"",
				"_markerType": "Icon",
				"_iconUrl": "https://maps.gsi.go.jp/portal/sys/v4/symbols/103.png",
				"_iconSize": [
					16,
					16
				],
				"_iconAnchor": [
					8,
					8
				]
			}
		},
		{
			"type": "Feature",
			"geometry": {
				"type": "Point",
				"coordinates": [
					 130.5284,
					 31.1799
				]
			},
			"properties": {
				"name": "JA6/KG-016(開聞岳)",
				"読み":"Kaimondake",
				"標高":"924m 6pt ",
				"GL":"PM51ge",
				"市郡区":"C#4610 ",
				"登山日":"",
				"メモ":"",
				"_markerType": "Icon",
				"_iconUrl": "https://maps.gsi.go.jp/portal/sys/v4/symbols/103.png",
				"_iconSize": [
					16,
					16
				],
				"_iconAnchor": [
					8,
					8
				]
			}
		},
		{
			"type": "Feature",
			"geometry": {
				"type": "Point",
				"coordinates": [
					 130.991,
					 31.2901
				]
			},
			"properties": {
				"name": "JA6/KG-017(点913)",
				"読み":"P913",
				"標高":"913m 6pt ",
				"GL":"PM51lg",
				"市郡区":"G#46008L ",
				"登山日":"",
				"メモ":"",
				"_markerType": "Icon",
				"_iconUrl": "https://maps.gsi.go.jp/portal/sys/v4/symbols/103.png",
				"_iconSize": [
					16,
					16
				],
				"_iconAnchor": [
					8,
					8
				]
			}
		},
		{
			"type": "Feature",
			"geometry": {
				"type": "Point",
				"coordinates": [
					 130.7705,
					 31.1364
				]
			},
			"properties": {
				"name": "JA6/KG-018(野首嶽)",
				"読み":"Nokubidake",
				"標高":"897m 6pt ",
				"GL":"PM51jd",
				"市郡区":"G#46008K ",
				"登山日":"",
				"メモ":"",
				"_markerType": "Icon",
				"_iconUrl": "https://maps.gsi.go.jp/portal/sys/v4/symbols/103.png",
				"_iconSize": [
					16,
					16
				],
				"_iconAnchor": [
					8,
					8
				]
			}
		},
		{
			"type": "Feature",
			"geometry": {
				"type": "Point",
				"coordinates": [
					 130.8069,
					 31.1255
				]
			},
			"properties": {
				"name": "JA6/KG-019(木場岳)",
				"読み":"Kobadake",
				"標高":"891m 6pt ",
				"GL":"PM51jd",
				"市郡区":"G#46008K ",
				"登山日":"",
				"メモ":"",
				"_markerType": "Icon",
				"_iconUrl": "https://maps.gsi.go.jp/portal/sys/v4/symbols/103.png",
				"_iconSize": [
					16,
					16
				],
				"_iconAnchor": [
					8,
					8
				]
			}
		},
		{
			"type": "Feature",
			"geometry": {
				"type": "Point",
				"coordinates": [
					 130.7874,
					 31.5459
				]
			},
			"properties": {
				"name": "JA6/KG-020(びしゃご岳)",
				"読み":"Bisyagodake",
				"標高":"885m 6pt ",
				"GL":"PM51jn",
				"市郡区":"C#4615 ",
				"登山日":"",
				"メモ":"",
				"_markerType": "Icon",
				"_iconUrl": "https://maps.gsi.go.jp/portal/sys/v4/symbols/103.png",
				"_iconSize": [
					16,
					16
				],
				"_iconAnchor": [
					8,
					8
				]
			}
		},
		{
			"type": "Feature",
			"geometry": {
				"type": "Point",
				"coordinates": [
					 130.7982,
					 31.5065
				]
			},
			"properties": {
				"name": "JA6/KG-021(七岳)",
				"読み":"Nanatsudake",
				"標高":"881m 6pt ",
				"GL":"PM51jm",
				"市郡区":"C#4615 / C#4603 ",
				"登山日":"",
				"メモ":"",
				"_markerType": "Icon",
				"_iconUrl": "https://maps.gsi.go.jp/portal/sys/v4/symbols/103.png",
				"_iconSize": [
					16,
					16
				],
				"_iconAnchor": [
					8,
					8
				]
			}
		},
		{
			"type": "Feature",
			"geometry": {
				"type": "Point",
				"coordinates": [
					 130.5826,
					 32.1549
				]
			},
			"properties": {
				"name": "JA6/KG-022(布計山(三角点))",
				"読み":"Fukeyama",
				"標高":"846m 4pt ",
				"GL":"PM52gd",
				"市郡区":"C#4625 / C#4305 ",
				"登山日":"",
				"メモ":"",
				"_markerType": "Icon",
				"_iconUrl": "https://maps.gsi.go.jp/portal/sys/v4/symbols/828.png",
				"_iconSize": [
					16,
					16
				],
				"_iconAnchor": [
					8,
					8
				]
			}
		},
		{
			"type": "Feature",
			"geometry": {
				"type": "Point",
				"coordinates": [
					 129.7139,
					 29.6384
				]
			},
			"properties": {
				"name": "JA6/KG-023(御岳)",
				"読み":"Otake",
				"標高":"796m 4pt ",
				"GL":"PL49up",
				"市郡区":"G#46006D ",
				"登山日":"",
				"メモ":"",
				"_markerType": "Icon",
				"_iconUrl": "https://maps.gsi.go.jp/portal/sys/v4/symbols/828.png",
				"_iconSize": [
					16,
					16
				],
				"_iconAnchor": [
					8,
					8
				]
			}
		},
		{
			"type": "Feature",
			"geometry": {
				"type": "Point",
				"coordinates": [
					 130.9445,
					 31.1849
				]
			},
			"properties": {
				"name": "JA6/KG-024(六郎館岳)",
				"読み":"Rokuroukandake",
				"標高":"754m 4pt ",
				"GL":"PM51le",
				"市郡区":"G#46008L / G#46008J ",
				"登山日":"",
				"メモ":"",
				"_markerType": "Icon",
				"_iconUrl": "https://maps.gsi.go.jp/portal/sys/v4/symbols/828.png",
				"_iconSize": [
					16,
					16
				],
				"_iconAnchor": [
					8,
					8
				]
			}
		},
		{
			"type": "Feature",
			"geometry": {
				"type": "Point",
				"coordinates": [
					 131.0052,
					 31.2495
				]
			},
			"properties": {
				"name": "JA6/KG-025(北岳)",
				"読み":"Kitadake",
				"標高":"747m 4pt ",
				"GL":"PM51mf",
				"市郡区":"G#46008L ",
				"登山日":"",
				"メモ":"",
				"_markerType": "Icon",
				"_iconUrl": "https://maps.gsi.go.jp/portal/sys/v4/symbols/828.png",
				"_iconSize": [
					16,
					16
				],
				"_iconAnchor": [
					8,
					8
				]
			}
		},
		{
			"type": "Feature",
			"geometry": {
				"type": "Point",
				"coordinates": [
					 130.5318,
					 30.4272
				]
			},
			"properties": {
				"name": "JA6/KG-026(点706)",
				"読み":"P706",
				"標高":"706m 4pt ",
				"GL":"PM50gk",
				"市郡区":"G#46009E ",
				"登山日":"",
				"メモ":"",
				"_markerType": "Icon",
				"_iconUrl": "https://maps.gsi.go.jp/portal/sys/v4/symbols/828.png",
				"_iconSize": [
					16,
					16
				],
				"_iconAnchor": [
					8,
					8
				]
			}
		},
		{
			"type": "Feature",
			"geometry": {
				"type": "Point",
				"coordinates": [
					 130.3052,
					 30.793
				]
			},
			"properties": {
				"name": "JA6/KG-027(硫黄岳)",
				"読み":"Ioudake",
				"標高":"704m 4pt ",
				"GL":"PM50dt",
				"市郡区":"G#46006B ",
				"登山日":"",
				"メモ":"",
				"_markerType": "Icon",
				"_iconUrl": "https://maps.gsi.go.jp/portal/sys/v4/symbols/828.png",
				"_iconSize": [
					16,
					16
				],
				"_iconAnchor": [
					8,
					8
				]
			}
		},
		{
			"type": "Feature",
			"geometry": {
				"type": "Point",
				"coordinates": [
					 130.6061,
					 31.8749
				]
			},
			"properties": {
				"name": "JA6/KG-028(烏帽子岳)",
				"読み":"Eboshidake",
				"標高":"703m 4pt ",
				"GL":"PM51hu",
				"市郡区":"C#4619 / C#4626 ",
				"登山日":"",
				"メモ":"",
				"_markerType": "Icon",
				"_iconUrl": "https://maps.gsi.go.jp/portal/sys/v4/symbols/828.png",
				"_iconSize": [
					16,
					16
				],
				"_iconAnchor": [
					8,
					8
				]
			}
		},
		{
			"type": "Feature",
			"geometry": {
				"type": "Point",
				"coordinates": [
					 129.3211,
					 28.2961
				]
			},
			"properties": {
				"name": "JA6/KG-029(湯湾岳)",
				"読み":"Yuwandake",
				"標高":"694m 4pt ",
				"GL":"PL48ph",
				"市郡区":"G#46005M / G#46005F ",
				"登山日":"",
				"メモ":"",
				"_markerType": "Icon",
				"_iconUrl": "https://maps.gsi.go.jp/portal/sys/v4/symbols/828.png",
				"_iconSize": [
					16,
					16
				],
				"_iconAnchor": [
					8,
					8
				]
			}
		},
		{
			"type": "Feature",
			"geometry": {
				"type": "Point",
				"coordinates": [
					 130.4007,
					 32.1229
				]
			},
			"properties": {
				"name": "JA6/KG-030(矢筈岳)",
				"読み":"Yahazudake",
				"標高":"687m 4pt ",
				"GL":"PM52ec",
				"市郡区":"C#4607 / C#4305 ",
				"登山日":"",
				"メモ":"",
				"_markerType": "Icon",
				"_iconUrl": "https://maps.gsi.go.jp/portal/sys/v4/symbols/828.png",
				"_iconSize": [
					16,
					16
				],
				"_iconAnchor": [
					8,
					8
				]
			}
		},
		{
			"type": "Feature",
			"geometry": {
				"type": "Point",
				"coordinates": [
					 130.6347,
					 31.8464
				]
			},
			"properties": {
				"name": "JA6/KG-031(長尾岳)",
				"読み":"Nagaodake",
				"標高":"680m 4pt ",
				"GL":"PM51hu",
				"市郡区":"C#4626 / C#4619 ",
				"登山日":"",
				"メモ":"",
				"_markerType": "Icon",
				"_iconUrl": "https://maps.gsi.go.jp/portal/sys/v4/symbols/828.png",
				"_iconSize": [
					16,
					16
				],
				"_iconAnchor": [
					8,
					8
				]
			}
		},
		{
			"type": "Feature",
			"geometry": {
				"type": "Point",
				"coordinates": [
					 130.4484,
					 31.7345
				]
			},
			"properties": {
				"name": "JA6/KG-032(八重山)",
				"読み":"Yaeyama",
				"標高":"677m 4pt ",
				"GL":"PM51fr",
				"市郡区":"C#4601 / C#4616 ",
				"登山日":"",
				"メモ":"",
				"_markerType": "Icon",
				"_iconUrl": "https://maps.gsi.go.jp/portal/sys/v4/symbols/828.png",
				"_iconSize": [
					16,
					16
				],
				"_iconAnchor": [
					8,
					8
				]
			}
		},
		{
			"type": "Feature",
			"geometry": {
				"type": "Point",
				"coordinates": [
					 130.5614,
					 31.8591
				]
			},
			"properties": {
				"name": "JA6/KG-033(矢止岳)",
				"読み":"Yadomedake",
				"標高":"670m 4pt ",
				"GL":"PM51gu",
				"市郡区":"C#4616 / C#4626 ",
				"登山日":"",
				"メモ":"",
				"_markerType": "Icon",
				"_iconUrl": "https://maps.gsi.go.jp/portal/sys/v4/symbols/828.png",
				"_iconSize": [
					16,
					16
				],
				"_iconAnchor": [
					8,
					8
				]
			}
		},
		{
			"type": "Feature",
			"geometry": {
				"type": "Point",
				"coordinates": [
					 130.4289,
					 32.1137
				]
			},
			"properties": {
				"name": "JA6/KG-034(郷田山(三角点))",
				"読み":"Satodayama",
				"標高":"664m 4pt ",
				"GL":"PM52fc",
				"市郡区":"C#4607 / C#4305 ",
				"登山日":"",
				"メモ":"",
				"_markerType": "Icon",
				"_iconUrl": "https://maps.gsi.go.jp/portal/sys/v4/symbols/828.png",
				"_iconSize": [
					16,
					16
				],
				"_iconAnchor": [
					8,
					8
				]
			}
		},
		{
			"type": "Feature",
			"geometry": {
				"type": "Point",
				"coordinates": [
					 130.2173,
					 30.4432
				]
			},
			"properties": {
				"name": "JA6/KG-035(古岳)",
				"読み":"Furudake",
				"標高":"657m 4pt ",
				"GL":"PM50ck",
				"市郡区":"G#46009E ",
				"登山日":"",
				"メモ":"",
				"_markerType": "Icon",
				"_iconUrl": "https://maps.gsi.go.jp/portal/sys/v4/symbols/828.png",
				"_iconSize": [
					16,
					16
				],
				"_iconAnchor": [
					8,
					8
				]
			}
		},
		{
			"type": "Feature",
			"geometry": {
				"type": "Point",
				"coordinates": [
					 130.5823,
					 31.9026
				]
			},
			"properties": {
				"name": "JA6/KG-036(中岳)",
				"読み":"Nakadake",
				"標高":"654m 4pt ",
				"GL":"PM51gv",
				"市郡区":"G#46010L ",
				"登山日":"",
				"メモ":"",
				"_markerType": "Icon",
				"_iconUrl": "https://maps.gsi.go.jp/portal/sys/v4/symbols/828.png",
				"_iconSize": [
					16,
					16
				],
				"_iconAnchor": [
					8,
					8
				]
			}
		},
		{
			"type": "Feature",
			"geometry": {
				"type": "Point",
				"coordinates": [
					 130.6368,
					 31.9278
				]
			},
			"properties": {
				"name": "JA6/KG-037(国見岳)",
				"読み":"Kunimidake",
				"標高":"649m 2pt ",
				"GL":"PM51hw",
				"市郡区":"G#46001L ",
				"登山日":"",
				"メモ":"",
				"_markerType": "Icon",
				"_iconUrl": "https://maps.gsi.go.jp/portal/sys/v4/symbols/102.png",
				"_iconSize": [
					16,
					16
				],
				"_iconAnchor": [
					8,
					8
				]
			}
		},
		{
			"type": "Feature",
			"geometry": {
				"type": "Point",
				"coordinates": [
					 128.9832,
					 27.7787
				]
			},
			"properties": {
				"name": "JA6/KG-038(井之川岳)",
				"読み":"Inokawadake",
				"標高":"645m 2pt ",
				"GL":"PL47ls",
				"市郡区":"G#46005L / G#46005D ",
				"登山日":"",
				"メモ":"",
				"_markerType": "Icon",
				"_iconUrl": "https://maps.gsi.go.jp/portal/sys/v4/symbols/102.png",
				"_iconSize": [
					16,
					16
				],
				"_iconAnchor": [
					8,
					8
				]
			}
		},
		{
			"type": "Feature",
			"geometry": {
				"type": "Point",
				"coordinates": [
					 130.3829,
					 31.4677
				]
			},
			"properties": {
				"name": "JA6/KG-039(金峯山)",
				"読み":"Kinpouzan",
				"標高":"636m 2pt ",
				"GL":"PM51el",
				"市郡区":"C#4621 ",
				"登山日":"",
				"メモ":"",
				"_markerType": "Icon",
				"_iconUrl": "https://maps.gsi.go.jp/portal/sys/v4/symbols/102.png",
				"_iconSize": [
					16,
					16
				],
				"_iconAnchor": [
					8,
					8
				]
			}
		},
		{
			"type": "Feature",
			"geometry": {
				"type": "Point",
				"coordinates": [
					 129.9254,
					 29.968
				]
			},
			"properties": {
				"name": "JA6/KG-040(前岳)",
				"読み":"Maedake",
				"標高":"629m 2pt ",
				"GL":"PL49xx",
				"市郡区":"G#46006D ",
				"登山日":"",
				"メモ":"",
				"_markerType": "Icon",
				"_iconUrl": "https://maps.gsi.go.jp/portal/sys/v4/symbols/102.png",
				"_iconSize": [
					16,
					16
				],
				"_iconAnchor": [
					8,
					8
				]
			}
		},
		{
			"type": "Feature",
			"geometry": {
				"type": "Point",
				"coordinates": [
					 129.9375,
					 30.8283
				]
			},
			"properties": {
				"name": "JA6/KG-041(櫓岳)",
				"読み":"Yaguradake",
				"標高":"622m 2pt ",
				"GL":"PM40xt",
				"市郡区":"G#46006B ",
				"登山日":"",
				"メモ":"",
				"_markerType": "Icon",
				"_iconUrl": "https://maps.gsi.go.jp/portal/sys/v4/symbols/102.png",
				"_iconSize": [
					16,
					16
				],
				"_iconAnchor": [
					8,
					8
				]
			}
		},
		{
			"type": "Feature",
			"geometry": {
				"type": "Point",
				"coordinates": [
					 130.7172,
					 32.0201
				]
			},
			"properties": {
				"name": "JA6/KG-042(川西(三角点))",
				"読み":"Kawanishi",
				"標高":"615m 2pt ",
				"GL":"PM52ia",
				"市郡区":"G#46001L ",
				"登山日":"",
				"メモ":"",
				"_markerType": "Icon",
				"_iconUrl": "https://maps.gsi.go.jp/portal/sys/v4/symbols/102.png",
				"_iconSize": [
					16,
					16
				],
				"_iconAnchor": [
					8,
					8
				]
			}
		},
		{
			"type": "Feature",
			"geometry": {
				"type": "Point",
				"coordinates": [
					 130.5064,
					 31.3841
				]
			},
			"properties": {
				"name": "JA6/KG-043(点606)",
				"読み":"P606",
				"標高":"606m 2pt ",
				"GL":"PM51gj",
				"市郡区":"C#4624 / C#4601 ",
				"登山日":"",
				"メモ":"",
				"_markerType": "Icon",
				"_iconUrl": "https://maps.gsi.go.jp/portal/sys/v4/symbols/102.png",
				"_iconSize": [
					16,
					16
				],
				"_iconAnchor": [
					8,
					8
				]
			}
		},
		{
			"type": "Feature",
			"geometry": {
				"type": "Point",
				"coordinates": [
					 129.7393,
					 31.7232
				]
			},
			"properties": {
				"name": "JA6/KG-044(尾岳)",
				"読み":"Otake",
				"標高":"604m 2pt ",
				"GL":"PM41ur",
				"市郡区":"C#4616 ",
				"登山日":"",
				"メモ":"",
				"_markerType": "Icon",
				"_iconUrl": "https://maps.gsi.go.jp/portal/sys/v4/symbols/102.png",
				"_iconSize": [
					16,
					16
				],
				"_iconAnchor": [
					8,
					8
				]
			}
		},
		{
			"type": "Feature",
			"geometry": {
				"type": "Point",
				"coordinates": [
					 130.2679,
					 31.9674
				]
			},
			"properties": {
				"name": "JA6/KG-046(点600)",
				"読み":"P600",
				"標高":"600m 2pt ",
				"GL":"PM51dx",
				"市郡区":"C#4616 / C#4606 ",
				"登山日":"",
				"メモ":"",
				"_markerType": "Icon",
				"_iconUrl": "https://maps.gsi.go.jp/portal/sys/v4/symbols/102.png",
				"_iconSize": [
					16,
					16
				],
				"_iconAnchor": [
					8,
					8
				]
			}
		},
		{
			"type": "Feature",
			"geometry": {
				"type": "Point",
				"coordinates": [
					 130.1582,
					 31.4045
				]
			},
			"properties": {
				"name": "JA6/KG-047(野間岳)",
				"読み":"Nomadake",
				"標高":"591m 2pt ",
				"GL":"PM51bj",
				"市郡区":"C#4621 ",
				"登山日":"",
				"メモ":"",
				"_markerType": "Icon",
				"_iconUrl": "https://maps.gsi.go.jp/portal/sys/v4/symbols/102.png",
				"_iconSize": [
					16,
					16
				],
				"_iconAnchor": [
					8,
					8
				]
			}
		},
		{
			"type": "Feature",
			"geometry": {
				"type": "Point",
				"coordinates": [
					 130.4639,
					 31.4553
				]
			},
			"properties": {
				"name": "JA6/KG-048(熊ヶ岳)",
				"読み":"Kumagatake",
				"標高":"590m 2pt ",
				"GL":"PM51fk",
				"市郡区":"C#4624 ",
				"登山日":"",
				"メモ":"",
				"_markerType": "Icon",
				"_iconUrl": "https://maps.gsi.go.jp/portal/sys/v4/symbols/102.png",
				"_iconSize": [
					16,
					16
				],
				"_iconAnchor": [
					8,
					8
				]
			}
		},
		{
			"type": "Feature",
			"geometry": {
				"type": "Point",
				"coordinates": [
					 130.4776,
					 31.4259
				]
			},
			"properties": {
				"name": "JA6/KG-049(鎌塚(三角点))",
				"読み":"Kamaduka",
				"標高":"586m 2pt ",
				"GL":"PM51fk",
				"市郡区":"C#4624 ",
				"登山日":"",
				"メモ":"",
				"_markerType": "Icon",
				"_iconUrl": "https://maps.gsi.go.jp/portal/sys/v4/symbols/102.png",
				"_iconSize": [
					16,
					16
				],
				"_iconAnchor": [
					8,
					8
				]
			}
		},
		{
			"type": "Feature",
			"geometry": {
				"type": "Point",
				"coordinates": [
					 129.5947,
					 29.465
				]
			},
			"properties": {
				"name": "JA6/KG-050(御岳)",
				"読み":"Mitake",
				"標高":"584m 2pt ",
				"GL":"PL49tl",
				"市郡区":"G#46006D ",
				"登山日":"",
				"メモ":"",
				"_markerType": "Icon",
				"_iconUrl": "https://maps.gsi.go.jp/portal/sys/v4/symbols/102.png",
				"_iconSize": [
					16,
					16
				],
				"_iconAnchor": [
					8,
					8
				]
			}
		},
		{
			"type": "Feature",
			"geometry": {
				"type": "Point",
				"coordinates": [
					 130.583,
					 31.6972
				]
			},
			"properties": {
				"name": "JA6/KG-051(赤崩)",
				"読み":"Akagure",
				"標高":"580m 2pt ",
				"GL":"PM51gq",
				"市郡区":"C#4601 / C#4626 ",
				"登山日":"",
				"メモ":"",
				"_markerType": "Icon",
				"_iconUrl": "https://maps.gsi.go.jp/portal/sys/v4/symbols/102.png",
				"_iconSize": [
					16,
					16
				],
				"_iconAnchor": [
					8,
					8
				]
			}
		},
		{
			"type": "Feature",
			"geometry": {
				"type": "Point",
				"coordinates": [
					 130.5262,
					 31.3106
				]
			},
			"properties": {
				"name": "JA6/KG-052(尾巡山)",
				"読み":"Omeguriyama",
				"標高":"577m 2pt ",
				"GL":"PM51gh",
				"市郡区":"C#4624 ",
				"登山日":"",
				"メモ":"",
				"_markerType": "Icon",
				"_iconUrl": "https://maps.gsi.go.jp/portal/sys/v4/symbols/102.png",
				"_iconSize": [
					16,
					16
				],
				"_iconAnchor": [
					8,
					8
				]
			}
		},
		{
			"type": "Feature",
			"geometry": {
				"type": "Point",
				"coordinates": [
					 130.4905,
					 32.0715
				]
			},
			"properties": {
				"name": "JA6/KG-053(黒田山)",
				"読み":"Kurodayama",
				"標高":"570m 2pt ",
				"GL":"PM52fb",
				"市郡区":"C#4607 ",
				"登山日":"",
				"メモ":"",
				"_markerType": "Icon",
				"_iconUrl": "https://maps.gsi.go.jp/portal/sys/v4/symbols/102.png",
				"_iconSize": [
					16,
					16
				],
				"_iconAnchor": [
					8,
					8
				]
			}
		},
		{
			"type": "Feature",
			"geometry": {
				"type": "Point",
				"coordinates": [
					 130.4868,
					 31.7486
				]
			},
			"properties": {
				"name": "JA6/KG-055(瀬戸平山)",
				"読み":"Setobirayama",
				"標高":"546m 2pt ",
				"GL":"PM51fr",
				"市郡区":"C#4616 / C#4626 ",
				"登山日":"",
				"メモ":"",
				"_markerType": "Icon",
				"_iconUrl": "https://maps.gsi.go.jp/portal/sys/v4/symbols/102.png",
				"_iconSize": [
					16,
					16
				],
				"_iconAnchor": [
					8,
					8
				]
			}
		},
		{
			"type": "Feature",
			"geometry": {
				"type": "Point",
				"coordinates": [
					 130.5128,
					 31.7122
				]
			},
			"properties": {
				"name": "JA6/KG-056(花尾山)",
				"読み":"Hanaoyama",
				"標高":"540m 2pt ",
				"GL":"PM51gr",
				"市郡区":"C#4601 ",
				"登山日":"",
				"メモ":"",
				"_markerType": "Icon",
				"_iconUrl": "https://maps.gsi.go.jp/portal/sys/v4/symbols/102.png",
				"_iconSize": [
					16,
					16
				],
				"_iconAnchor": [
					8,
					8
				]
			}
		},
		{
			"type": "Feature",
			"geometry": {
				"type": "Point",
				"coordinates": [
					 129.7369,
					 29.6644
				]
			},
			"properties": {
				"name": "JA6/KG-057(冨立岳)",
				"読み":"Tondachidake",
				"標高":"536m 2pt ",
				"GL":"PL49up",
				"市郡区":"G#46006D ",
				"登山日":"",
				"メモ":"",
				"_markerType": "Icon",
				"_iconUrl": "https://maps.gsi.go.jp/portal/sys/v4/symbols/102.png",
				"_iconSize": [
					16,
					16
				],
				"_iconAnchor": [
					8,
					8
				]
			}
		},
		{
			"type": "Feature",
			"geometry": {
				"type": "Point",
				"coordinates": [
					 128.9281,
					 27.8705
				]
			},
			"properties": {
				"name": "JA6/KG-058(天城岳)",
				"読み":"Amagidake",
				"標高":"533m 2pt ",
				"GL":"PL47lu",
				"市郡区":"G#46005L ",
				"登山日":"",
				"メモ":"",
				"_markerType": "Icon",
				"_iconUrl": "https://maps.gsi.go.jp/portal/sys/v4/symbols/102.png",
				"_iconSize": [
					16,
					16
				],
				"_iconAnchor": [
					8,
					8
				]
			}
		},
		{
			"type": "Feature",
			"geometry": {
				"type": "Point",
				"coordinates": [
					 130.4294,
					 31.4706
				]
			},
			"properties": {
				"name": "JA6/KG-059(大坂(三角点))",
				"読み":"Oosaka",
				"標高":"533m 2pt ",
				"GL":"PM51fl",
				"市郡区":"C#4621 / C#4624 ",
				"登山日":"",
				"メモ":"",
				"_markerType": "Icon",
				"_iconUrl": "https://maps.gsi.go.jp/portal/sys/v4/symbols/102.png",
				"_iconSize": [
					16,
					16
				],
				"_iconAnchor": [
					8,
					8
				]
			}
		},
		{
			"type": "Feature",
			"geometry": {
				"type": "Point",
				"coordinates": [
					 131.1541,
					 31.5804
				]
			},
			"properties": {
				"name": "JA6/KG-060(御在所岳)",
				"読み":"Gozaisyodake",
				"標高":"531m 2pt ",
				"GL":"PM51nn",
				"市郡区":"C#4622 ",
				"登山日":"",
				"メモ":"",
				"_markerType": "Icon",
				"_iconUrl": "https://maps.gsi.go.jp/portal/sys/v4/symbols/102.png",
				"_iconSize": [
					16,
					16
				],
				"_iconAnchor": [
					8,
					8
				]
			}
		},
		{
			"type": "Feature",
			"geometry": {
				"type": "Point",
				"coordinates": [
					 130.2418,
					 31.7768
				]
			},
			"properties": {
				"name": "JA6/KG-061(点528)",
				"読み":"P528",
				"標高":"528m 2pt ",
				"GL":"PM51cs",
				"市郡区":"C#4616 / C#4620 ",
				"登山日":"",
				"メモ":"",
				"_markerType": "Icon",
				"_iconUrl": "https://maps.gsi.go.jp/portal/sys/v4/symbols/102.png",
				"_iconSize": [
					16,
					16
				],
				"_iconAnchor": [
					8,
					8
				]
			}
		},
		{
			"type": "Feature",
			"geometry": {
				"type": "Point",
				"coordinates": [
					 129.3333,
					 28.3354
				]
			},
			"properties": {
				"name": "JA6/KG-062(小川岳)",
				"読み":"Ogawadake",
				"標高":"528m 2pt ",
				"GL":"PL48qi",
				"市郡区":"G#46005M ",
				"登山日":"",
				"メモ":"",
				"_markerType": "Icon",
				"_iconUrl": "https://maps.gsi.go.jp/portal/sys/v4/symbols/102.png",
				"_iconSize": [
					16,
					16
				],
				"_iconAnchor": [
					8,
					8
				]
			}
		},
		{
			"type": "Feature",
			"geometry": {
				"type": "Point",
				"coordinates": [
					 129.8876,
					 29.8294
				]
			},
			"properties": {
				"name": "JA6/KG-063(先割岳)",
				"読み":"Sakiwaridake",
				"標高":"524m 2pt ",
				"GL":"PL49wt",
				"市郡区":"G#46006D ",
				"登山日":"",
				"メモ":"",
				"_markerType": "Icon",
				"_iconUrl": "https://maps.gsi.go.jp/portal/sys/v4/symbols/102.png",
				"_iconSize": [
					16,
					16
				],
				"_iconAnchor": [
					8,
					8
				]
			}
		},
		{
			"type": "Feature",
			"geometry": {
				"type": "Point",
				"coordinates": [
					 130.4205,
					 31.6993
				]
			},
			"properties": {
				"name": "JA6/KG-065(重平山)",
				"読み":"Sigehirayama",
				"標高":"523m 2pt ",
				"GL":"PM51fq",
				"市郡区":"C#4601 / C#4617 ",
				"登山日":"",
				"メモ":"",
				"_markerType": "Icon",
				"_iconUrl": "https://maps.gsi.go.jp/portal/sys/v4/symbols/102.png",
				"_iconSize": [
					16,
					16
				],
				"_iconAnchor": [
					8,
					8
				]
			}
		},
		{
			"type": "Feature",
			"geometry": {
				"type": "Point",
				"coordinates": [
					 131.0827,
					 31.5908
				]
			},
			"properties": {
				"name": "JA6/KG-066(宮田山)",
				"読み":"Miyatayama",
				"標高":"520m 2pt ",
				"GL":"PM51mo",
				"市郡区":"C#4622 ",
				"登山日":"",
				"メモ":"",
				"_markerType": "Icon",
				"_iconUrl": "https://maps.gsi.go.jp/portal/sys/v4/symbols/102.png",
				"_iconSize": [
					16,
					16
				],
				"_iconAnchor": [
					8,
					8
				]
			}
		},
		{
			"type": "Feature",
			"geometry": {
				"type": "Point",
				"coordinates": [
					 130.5334,
					 31.8389
				]
			},
			"properties": {
				"name": "JA6/KG-067(上手(三角点))",
				"読み":"Kamite",
				"標高":"519m 2pt ",
				"GL":"PM51gu",
				"市郡区":"C#4616 / C#4626 ",
				"登山日":"",
				"メモ":"",
				"_markerType": "Icon",
				"_iconUrl": "https://maps.gsi.go.jp/portal/sys/v4/symbols/102.png",
				"_iconSize": [
					16,
					16
				],
				"_iconAnchor": [
					8,
					8
				]
			}
		},
		{
			"type": "Feature",
			"geometry": {
				"type": "Point",
				"coordinates": [
					 130.3312,
					 31.7487
				]
			},
			"properties": {
				"name": "JA6/KG-068(冠岳(西岳))",
				"読み":"Kanmuridake/Nishidake",
				"標高":"516m 2pt ",
				"GL":"PM51dr",
				"市郡区":"C#4620 / C#4616 ",
				"登山日":"",
				"メモ":"",
				"_markerType": "Icon",
				"_iconUrl": "https://maps.gsi.go.jp/portal/sys/v4/symbols/102.png",
				"_iconSize": [
					16,
					16
				],
				"_iconAnchor": [
					8,
					8
				]
			}
		},
		{
			"type": "Feature",
			"geometry": {
				"type": "Point",
				"coordinates": [
					 130.2674,
					 31.3803
				]
			},
			"properties": {
				"name": "JA6/KG-069(長尾山)",
				"読み":"Nagaoyama",
				"標高":"513m 2pt ",
				"GL":"PM51dj",
				"市郡区":"C#4621 ",
				"登山日":"",
				"メモ":"",
				"_markerType": "Icon",
				"_iconUrl": "https://maps.gsi.go.jp/portal/sys/v4/symbols/102.png",
				"_iconSize": [
					16,
					16
				],
				"_iconAnchor": [
					8,
					8
				]
			}
		},
		{
			"type": "Feature",
			"geometry": {
				"type": "Point",
				"coordinates": [
					 130.4611,
					 31.8226
				]
			},
			"properties": {
				"name": "JA6/KG-070(片城山)",
				"読み":"Katashiroyama",
				"標高":"509m 2pt ",
				"GL":"PM51ft",
				"市郡区":"C#4616 / G#46010L ",
				"登山日":"",
				"メモ":"",
				"_markerType": "Icon",
				"_iconUrl": "https://maps.gsi.go.jp/portal/sys/v4/symbols/102.png",
				"_iconSize": [
					16,
					16
				],
				"_iconAnchor": [
					8,
					8
				]
			}
		},
		{
			"type": "Feature",
			"geometry": {
				"type": "Point",
				"coordinates": [
					 129.5416,
					 29.9031
				]
			},
			"properties": {
				"name": "JA6/KG-071(御岳)",
				"読み":"Otake",
				"標高":"497m 1pt ",
				"GL":"PL49sv",
				"市郡区":"G#46006D ",
				"登山日":"",
				"メモ":"",
				"_markerType": "Icon",
				"_iconUrl": "https://maps.gsi.go.jp/portal/sys/v4/symbols/826.png",
				"_iconSize": [
					16,
					16
				],
				"_iconAnchor": [
					8,
					8
				]
			}
		},
		{
			"type": "Feature",
			"geometry": {
				"type": "Point",
				"coordinates": [
					 129.3638,
					 28.189
				]
			},
			"properties": {
				"name": "JA6/KG-072(網野子(三角点))",
				"読み":"Aminoko",
				"標高":"496m 1pt ",
				"GL":"PL48qe",
				"市郡区":"G#46005J ",
				"登山日":"",
				"メモ":"",
				"_markerType": "Icon",
				"_iconUrl": "https://maps.gsi.go.jp/portal/sys/v4/symbols/826.png",
				"_iconSize": [
					16,
					16
				],
				"_iconAnchor": [
					8,
					8
				]
			}
		},
		{
			"type": "Feature",
			"geometry": {
				"type": "Point",
				"coordinates": [
					 128.9948,
					 28.8008
				]
			},
			"properties": {
				"name": "JA6/KG-073(横当島)",
				"読み":"Yokoatejima",
				"標高":"495m 1pt ",
				"GL":"PL48lt",
				"市郡区":"G#46006D ",
				"登山日":"",
				"メモ":"",
				"_markerType": "Icon",
				"_iconUrl": "https://maps.gsi.go.jp/portal/sys/v4/symbols/826.png",
				"_iconSize": [
					16,
					16
				],
				"_iconAnchor": [
					8,
					8
				]
			}
		},
		{
			"type": "Feature",
			"geometry": {
				"type": "Point",
				"coordinates": [
					 130.5211,
					 31.6903
				]
			},
			"properties": {
				"name": "JA6/KG-074(三重嶽)",
				"読み":"Miedake",
				"標高":"486m 1pt ",
				"GL":"PM51gq",
				"市郡区":"C#4601 ",
				"登山日":"",
				"メモ":"",
				"_markerType": "Icon",
				"_iconUrl": "https://maps.gsi.go.jp/portal/sys/v4/symbols/826.png",
				"_iconSize": [
					16,
					16
				],
				"_iconAnchor": [
					8,
					8
				]
			}
		},
		{
			"type": "Feature",
			"geometry": {
				"type": "Point",
				"coordinates": [
					 130.8623,
					 31.2997
				]
			},
			"properties": {
				"name": "JA6/KG-075(点485)",
				"読み":"P485",
				"標高":"485m 1pt ",
				"GL":"PM51kh",
				"市郡区":"C#4603 ",
				"登山日":"",
				"メモ":"",
				"_markerType": "Icon",
				"_iconUrl": "https://maps.gsi.go.jp/portal/sys/v4/symbols/826.png",
				"_iconSize": [
					16,
					16
				],
				"_iconAnchor": [
					8,
					8
				]
			}
		},
		{
			"type": "Feature",
			"geometry": {
				"type": "Point",
				"coordinates": [
					 129.4195,
					 28.2892
				]
			},
			"properties": {
				"name": "JA6/KG-076(タカバチ山)",
				"読み":"Takabachiyama",
				"標高":"485m 1pt ",
				"GL":"PL48rg",
				"市郡区":"C#4623 ",
				"登山日":"",
				"メモ":"",
				"_markerType": "Icon",
				"_iconUrl": "https://maps.gsi.go.jp/portal/sys/v4/symbols/826.png",
				"_iconSize": [
					16,
					16
				],
				"_iconAnchor": [
					8,
					8
				]
			}
		},
		{
			"type": "Feature",
			"geometry": {
				"type": "Point",
				"coordinates": [
					 129.3134,
					 28.1837
				]
			},
			"properties": {
				"name": "JA6/KG-077(油井岳)",
				"読み":"Yuidake",
				"標高":"483m 1pt ",
				"GL":"PL48pe",
				"市郡区":"G#46005J ",
				"登山日":"",
				"メモ":"",
				"_markerType": "Icon",
				"_iconUrl": "https://maps.gsi.go.jp/portal/sys/v4/symbols/826.png",
				"_iconSize": [
					16,
					16
				],
				"_iconAnchor": [
					8,
					8
				]
			}
		},
		{
			"type": "Feature",
			"geometry": {
				"type": "Point",
				"coordinates": [
					 130.302,
					 31.3398
				]
			},
			"properties": {
				"name": "JA6/KG-078(蔵多山)",
				"読み":"Kuratayama",
				"標高":"475m 1pt ",
				"GL":"PM51di",
				"市郡区":"C#4621 / C#4604 ",
				"登山日":"",
				"メモ":"",
				"_markerType": "Icon",
				"_iconUrl": "https://maps.gsi.go.jp/portal/sys/v4/symbols/826.png",
				"_iconSize": [
					16,
					16
				],
				"_iconAnchor": [
					8,
					8
				]
			}
		},
		{
			"type": "Feature",
			"geometry": {
				"type": "Point",
				"coordinates": [
					 130.5089,
					 31.7662
				]
			},
			"properties": {
				"name": "JA6/KG-079(真黒岳)",
				"読み":"Makurodake",
				"標高":"470m 1pt ",
				"GL":"PM51gs",
				"市郡区":"C#4626 ",
				"登山日":"",
				"メモ":"",
				"_markerType": "Icon",
				"_iconUrl": "https://maps.gsi.go.jp/portal/sys/v4/symbols/826.png",
				"_iconSize": [
					16,
					16
				],
				"_iconAnchor": [
					8,
					8
				]
			}
		},
		{
			"type": "Feature",
			"geometry": {
				"type": "Point",
				"coordinates": [
					 130.5168,
					 31.256
				]
			},
			"properties": {
				"name": "JA6/KG-080(大野岳)",
				"読み":"Oonodake",
				"標高":"466m 1pt ",
				"GL":"PM51gg",
				"市郡区":"C#4624 ",
				"登山日":"",
				"メモ":"",
				"_markerType": "Icon",
				"_iconUrl": "https://maps.gsi.go.jp/portal/sys/v4/symbols/826.png",
				"_iconSize": [
					16,
					16
				],
				"_iconAnchor": [
					8,
					8
				]
			}
		},
		{
			"type": "Feature",
			"geometry": {
				"type": "Point",
				"coordinates": [
					 130.2242,
					 31.3291
				]
			},
			"properties": {
				"name": "JA6/KG-081(陣ノ尾)",
				"読み":"Jinnoo",
				"標高":"463m 1pt ",
				"GL":"PM51ch",
				"市郡区":"C#4621 ",
				"登山日":"",
				"メモ":"",
				"_markerType": "Icon",
				"_iconUrl": "https://maps.gsi.go.jp/portal/sys/v4/symbols/826.png",
				"_iconSize": [
					16,
					16
				],
				"_iconAnchor": [
					8,
					8
				]
			}
		},
		{
			"type": "Feature",
			"geometry": {
				"type": "Point",
				"coordinates": [
					 129.3291,
					 28.1971
				]
			},
			"properties": {
				"name": "JA6/KG-082(点456)",
				"読み":"P456",
				"標高":"456m 1pt ",
				"GL":"PL48pe",
				"市郡区":"G#46005J ",
				"登山日":"",
				"メモ":"",
				"_markerType": "Icon",
				"_iconUrl": "https://maps.gsi.go.jp/portal/sys/v4/symbols/826.png",
				"_iconSize": [
					16,
					16
				],
				"_iconAnchor": [
					8,
					8
				]
			}
		},
		{
			"type": "Feature",
			"geometry": {
				"type": "Point",
				"coordinates": [
					 129.4659,
					 28.3258
				]
			},
			"properties": {
				"name": "JA6/KG-083(松長山)",
				"読み":"Matsunagayama",
				"標高":"455m 1pt ",
				"GL":"PL48rh",
				"市郡区":"C#4623 ",
				"登山日":"",
				"メモ":"",
				"_markerType": "Icon",
				"_iconUrl": "https://maps.gsi.go.jp/portal/sys/v4/symbols/826.png",
				"_iconSize": [
					16,
					16
				],
				"_iconAnchor": [
					8,
					8
				]
			}
		},
		{
			"type": "Feature",
			"geometry": {
				"type": "Point",
				"coordinates": [
					 129.9364,
					 29.9556
				]
			},
			"properties": {
				"name": "JA6/KG-084(タナギ山)",
				"読み":"Tanagiyama",
				"標高":"454m 1pt ",
				"GL":"PL49xw",
				"市郡区":"G#46006D ",
				"登山日":"",
				"メモ":"",
				"_markerType": "Icon",
				"_iconUrl": "https://maps.gsi.go.jp/portal/sys/v4/symbols/826.png",
				"_iconSize": [
					16,
					16
				],
				"_iconAnchor": [
					8,
					8
				]
			}
		},
		{
			"type": "Feature",
			"geometry": {
				"type": "Point",
				"coordinates": [
					 131.1144,
					 31.5854
				]
			},
			"properties": {
				"name": "JA6/KG-085(切口(三角点))",
				"読み":"Kiriguchi",
				"標高":"450m 1pt ",
				"GL":"PM51no",
				"市郡区":"C#4622 ",
				"登山日":"",
				"メモ":"",
				"_markerType": "Icon",
				"_iconUrl": "https://maps.gsi.go.jp/portal/sys/v4/symbols/826.png",
				"_iconSize": [
					16,
					16
				],
				"_iconAnchor": [
					8,
					8
				]
			}
		},
		{
			"type": "Feature",
			"geometry": {
				"type": "Point",
				"coordinates": [
					 130.2473,
					 31.3042
				]
			},
			"properties": {
				"name": "JA6/KG-086(草野岳)",
				"読み":"Kusanodake",
				"標高":"449m 1pt ",
				"GL":"PM51ch",
				"市郡区":"C#4604 / C#4621 ",
				"登山日":"",
				"メモ":"",
				"_markerType": "Icon",
				"_iconUrl": "https://maps.gsi.go.jp/portal/sys/v4/symbols/826.png",
				"_iconSize": [
					16,
					16
				],
				"_iconAnchor": [
					8,
					8
				]
			}
		},
		{
			"type": "Feature",
			"geometry": {
				"type": "Point",
				"coordinates": [
					 130.4957,
					 31.837
				]
			},
			"properties": {
				"name": "JA6/KG-087(上之郡(三角点))",
				"読み":"Kaminogun",
				"標高":"442m 1pt ",
				"GL":"PM51fu",
				"市郡区":"C#4616 ",
				"登山日":"",
				"メモ":"",
				"_markerType": "Icon",
				"_iconUrl": "https://maps.gsi.go.jp/portal/sys/v4/symbols/826.png",
				"_iconSize": [
					16,
					16
				],
				"_iconAnchor": [
					8,
					8
				]
			}
		},
		{
			"type": "Feature",
			"geometry": {
				"type": "Point",
				"coordinates": [
					 130.5133,
					 31.7455
				]
			},
			"properties": {
				"name": "JA6/KG-088(雄岳)",
				"読み":"Odake",
				"標高":"438m 1pt ",
				"GL":"PM51gr",
				"市郡区":"C#4601 / C#4626 ",
				"登山日":"",
				"メモ":"",
				"_markerType": "Icon",
				"_iconUrl": "https://maps.gsi.go.jp/portal/sys/v4/symbols/826.png",
				"_iconSize": [
					16,
					16
				],
				"_iconAnchor": [
					8,
					8
				]
			}
		},
		{
			"type": "Feature",
			"geometry": {
				"type": "Point",
				"coordinates": [
					 130.5418,
					 31.9889
				]
			},
			"properties": {
				"name": "JA6/KG-089(点437)",
				"読み":"P437",
				"標高":"437m 1pt ",
				"GL":"PM51gx",
				"市郡区":"G#46010L / C#4626 ",
				"登山日":"",
				"メモ":"",
				"_markerType": "Icon",
				"_iconUrl": "https://maps.gsi.go.jp/portal/sys/v4/symbols/826.png",
				"_iconSize": [
					16,
					16
				],
				"_iconAnchor": [
					8,
					8
				]
			}
		},
		{
			"type": "Feature",
			"geometry": {
				"type": "Point",
				"coordinates": [
					 129.2322,
					 28.2345
				]
			},
			"properties": {
				"name": "JA6/KG-090(冠岳)",
				"読み":"Kanmuridake",
				"標高":"435m 1pt ",
				"GL":"PL48of",
				"市郡区":"G#46005J / G#46005F ",
				"登山日":"",
				"メモ":"",
				"_markerType": "Icon",
				"_iconUrl": "https://maps.gsi.go.jp/portal/sys/v4/symbols/826.png",
				"_iconSize": [
					16,
					16
				],
				"_iconAnchor": [
					8,
					8
				]
			}
		},
		{
			"type": "Feature",
			"geometry": {
				"type": "Point",
				"coordinates": [
					 129.1865,
					 28.2429
				]
			},
			"properties": {
				"name": "JA6/KG-091(中ノ尾(三角点))",
				"読み":"Nakanoo",
				"標高":"434m 1pt ",
				"GL":"PL48of",
				"市郡区":"G#46005J / G#46005F ",
				"登山日":"",
				"メモ":"",
				"_markerType": "Icon",
				"_iconUrl": "https://maps.gsi.go.jp/portal/sys/v4/symbols/826.png",
				"_iconSize": [
					16,
					16
				],
				"_iconAnchor": [
					8,
					8
				]
			}
		},
		{
			"type": "Feature",
			"geometry": {
				"type": "Point",
				"coordinates": [
					 130.3575,
					 31.7322
				]
			},
			"properties": {
				"name": "JA6/KG-092(大平山（行司塚）)",
				"読み":"Oohirayama",
				"標高":"430m 1pt ",
				"GL":"PM51er",
				"市郡区":"C#4620 ",
				"登山日":"",
				"メモ":"",
				"_markerType": "Icon",
				"_iconUrl": "https://maps.gsi.go.jp/portal/sys/v4/symbols/826.png",
				"_iconSize": [
					16,
					16
				],
				"_iconAnchor": [
					8,
					8
				]
			}
		},
		{
			"type": "Feature",
			"geometry": {
				"type": "Point",
				"coordinates": [
					 129.8972,
					 31.8337
				]
			},
			"properties": {
				"name": "JA6/KG-093(遠目木山)",
				"読み":"Toomekiyama",
				"標高":"423m 1pt ",
				"GL":"PM41wu",
				"市郡区":"C#4616 ",
				"登山日":"",
				"メモ":"",
				"_markerType": "Icon",
				"_iconUrl": "https://maps.gsi.go.jp/portal/sys/v4/symbols/826.png",
				"_iconSize": [
					16,
					16
				],
				"_iconAnchor": [
					8,
					8
				]
			}
		},
		{
			"type": "Feature",
			"geometry": {
				"type": "Point",
				"coordinates": [
					 131.1714,
					 31.5503
				]
			},
			"properties": {
				"name": "JA6/KG-094(点420(的野(三角点)近傍))",
				"読み":"P420",
				"標高":"420m 1pt ",
				"GL":"PM51on",
				"市郡区":"C#4622 ",
				"登山日":"",
				"メモ":"",
				"_markerType": "Icon",
				"_iconUrl": "https://maps.gsi.go.jp/portal/sys/v4/symbols/826.png",
				"_iconSize": [
					16,
					16
				],
				"_iconAnchor": [
					8,
					8
				]
			}
		},
		{
			"type": "Feature",
			"geometry": {
				"type": "Point",
				"coordinates": [
					 130.5137,
					 31.7766
				]
			},
			"properties": {
				"name": "JA6/KG-095(点420)",
				"読み":"P420",
				"標高":"420m 1pt ",
				"GL":"PM51gs",
				"市郡区":"C#4626 ",
				"登山日":"",
				"メモ":"",
				"_markerType": "Icon",
				"_iconUrl": "https://maps.gsi.go.jp/portal/sys/v4/symbols/826.png",
				"_iconSize": [
					16,
					16
				],
				"_iconAnchor": [
					8,
					8
				]
			}
		},
		{
			"type": "Feature",
			"geometry": {
				"type": "Point",
				"coordinates": [
					 131.0616,
					 31.5606
				]
			},
			"properties": {
				"name": "JA6/KG-096(霧岳)",
				"読み":"Kiridake",
				"標高":"420m 1pt ",
				"GL":"PM51mn",
				"市郡区":"C#4622 ",
				"登山日":"",
				"メモ":"",
				"_markerType": "Icon",
				"_iconUrl": "https://maps.gsi.go.jp/portal/sys/v4/symbols/826.png",
				"_iconSize": [
					16,
					16
				],
				"_iconAnchor": [
					8,
					8
				]
			}
		},
		{
			"type": "Feature",
			"geometry": {
				"type": "Point",
				"coordinates": [
					 128.9457,
					 27.7389
				]
			},
			"properties": {
				"name": "JA6/KG-097(犬田布岳)",
				"読み":"Inutabudake",
				"標高":"417m 1pt ",
				"GL":"PL47lr",
				"市郡区":"G#46005E / G#46005D ",
				"登山日":"",
				"メモ":"",
				"_markerType": "Icon",
				"_iconUrl": "https://maps.gsi.go.jp/portal/sys/v4/symbols/826.png",
				"_iconSize": [
					16,
					16
				],
				"_iconAnchor": [
					8,
					8
				]
			}
		},
		{
			"type": "Feature",
			"geometry": {
				"type": "Point",
				"coordinates": [
					 130.353,
					 31.3112
				]
			},
			"properties": {
				"name": "JA6/KG-098(下山岳)",
				"読み":"Sagayamadake",
				"標高":"416m 1pt ",
				"GL":"PM51eh",
				"市郡区":"C#4604 / C#4624 ",
				"登山日":"",
				"メモ":"",
				"_markerType": "Icon",
				"_iconUrl": "https://maps.gsi.go.jp/portal/sys/v4/symbols/826.png",
				"_iconSize": [
					16,
					16
				],
				"_iconAnchor": [
					8,
					8
				]
			}
		},
		{
			"type": "Feature",
			"geometry": {
				"type": "Point",
				"coordinates": [
					 129.3318,
					 28.1531
				]
			},
			"properties": {
				"name": "JA6/KG-099(キヤンマ山)",
				"読み":"Kiyanmayama",
				"標高":"415m 1pt ",
				"GL":"PL48pd",
				"市郡区":"G#46005J ",
				"登山日":"",
				"メモ":"",
				"_markerType": "Icon",
				"_iconUrl": "https://maps.gsi.go.jp/portal/sys/v4/symbols/826.png",
				"_iconSize": [
					16,
					16
				],
				"_iconAnchor": [
					8,
					8
				]
			}
		},
		{
			"type": "Feature",
			"geometry": {
				"type": "Point",
				"coordinates": [
					 130.5949,
					 31.2229
				]
			},
			"properties": {
				"name": "JA6/KG-100(鷲尾岳)",
				"読み":"Washiodake",
				"標高":"411m 1pt ",
				"GL":"PM51hf",
				"市郡区":"C#4610 ",
				"登山日":"",
				"メモ":"",
				"_markerType": "Icon",
				"_iconUrl": "https://maps.gsi.go.jp/portal/sys/v4/symbols/826.png",
				"_iconSize": [
					16,
					16
				],
				"_iconAnchor": [
					8,
					8
				]
			}
		},
		{
			"type": "Feature",
			"geometry": {
				"type": "Point",
				"coordinates": [
					 130.1576,
					 32.1587
				]
			},
			"properties": {
				"name": "JA6/KG-101(大中岳)",
				"読み":"Oonakadake",
				"標高":"403m 1pt ",
				"GL":"PM52bd",
				"市郡区":"G#46003D ",
				"登山日":"",
				"メモ":"",
				"_markerType": "Icon",
				"_iconUrl": "https://maps.gsi.go.jp/portal/sys/v4/symbols/826.png",
				"_iconSize": [
					16,
					16
				],
				"_iconAnchor": [
					8,
					8
				]
			}
		},
		{
			"type": "Feature",
			"geometry": {
				"type": "Point",
				"coordinates": [
					 129.2213,
					 28.0367
				]
			},
			"properties": {
				"name": "JA6/KG-102(請島(三角点))",
				"読み":"Ukejima",
				"標高":"398m 1pt ",
				"GL":"PL48oa",
				"市郡区":"G#46005J ",
				"登山日":"",
				"メモ":"",
				"_markerType": "Icon",
				"_iconUrl": "https://maps.gsi.go.jp/portal/sys/v4/symbols/826.png",
				"_iconSize": [
					16,
					16
				],
				"_iconAnchor": [
					8,
					8
				]
			}
		},
		{
			"type": "Feature",
			"geometry": {
				"type": "Point",
				"coordinates": [
					 130.3345,
					 31.2944
				]
			},
			"properties": {
				"name": "JA6/KG-103(国見岳)",
				"読み":"Kunimidake",
				"標高":"396m 1pt ",
				"GL":"PM51eh",
				"市郡区":"C#4604 ",
				"登山日":"",
				"メモ":"",
				"_markerType": "Icon",
				"_iconUrl": "https://maps.gsi.go.jp/portal/sys/v4/symbols/826.png",
				"_iconSize": [
					16,
					16
				],
				"_iconAnchor": [
					8,
					8
				]
			}
		},
		{
			"type": "Feature",
			"geometry": {
				"type": "Point",
				"coordinates": [
					 130.226,
					 32.1097
				]
			},
			"properties": {
				"name": "JA6/KG-104(笠山)",
				"読み":"Kasayama",
				"標高":"395m 1pt ",
				"GL":"PM52cc",
				"市郡区":"C#4606 ",
				"登山日":"",
				"メモ":"",
				"_markerType": "Icon",
				"_iconUrl": "https://maps.gsi.go.jp/portal/sys/v4/symbols/826.png",
				"_iconSize": [
					16,
					16
				],
				"_iconAnchor": [
					8,
					8
				]
			}
		},
		{
			"type": "Feature",
			"geometry": {
				"type": "Point",
				"coordinates": [
					 130.2364,
					 32.276
				]
			},
			"properties": {
				"name": "JA6/KG-105(七郎山)",
				"読み":"Shichirouzan",
				"標高":"393m 1pt ",
				"GL":"PM52cg",
				"市郡区":"G#46003D ",
				"登山日":"",
				"メモ":"",
				"_markerType": "Icon",
				"_iconUrl": "https://maps.gsi.go.jp/portal/sys/v4/symbols/826.png",
				"_iconSize": [
					16,
					16
				],
				"_iconAnchor": [
					8,
					8
				]
			}
		},
		{
			"type": "Feature",
			"geometry": {
				"type": "Point",
				"coordinates": [
					 129.2525,
					 28.2904
				]
			},
			"properties": {
				"name": "JA6/KG-106(芦検(三角点))",
				"読み":"Ashiken",
				"標高":"387m 1pt ",
				"GL":"PL48pg",
				"市郡区":"G#46005F ",
				"登山日":"",
				"メモ":"",
				"_markerType": "Icon",
				"_iconUrl": "https://maps.gsi.go.jp/portal/sys/v4/symbols/826.png",
				"_iconSize": [
					16,
					16
				],
				"_iconAnchor": [
					8,
					8
				]
			}
		},
		{
			"type": "Feature",
			"geometry": {
				"type": "Point",
				"coordinates": [
					 130.4635,
					 31.8716
				]
			},
			"properties": {
				"name": "JA6/KG-107(高倉山)",
				"読み":"Takakurayama",
				"標高":"386m 1pt ",
				"GL":"PM51fu",
				"市郡区":"G#46010L ",
				"登山日":"",
				"メモ":"",
				"_markerType": "Icon",
				"_iconUrl": "https://maps.gsi.go.jp/portal/sys/v4/symbols/826.png",
				"_iconSize": [
					16,
					16
				],
				"_iconAnchor": [
					8,
					8
				]
			}
		},
		{
			"type": "Feature",
			"geometry": {
				"type": "Point",
				"coordinates": [
					 130.3819,
					 31.7012
				]
			},
			"properties": {
				"name": "JA6/KG-108(悪平(三角点))",
				"読み":"Akudaira",
				"標高":"375m 1pt ",
				"GL":"PM51eq",
				"市郡区":"C#4617 ",
				"登山日":"",
				"メモ":"",
				"_markerType": "Icon",
				"_iconUrl": "https://maps.gsi.go.jp/portal/sys/v4/symbols/826.png",
				"_iconSize": [
					16,
					16
				],
				"_iconAnchor": [
					8,
					8
				]
			}
		},
		{
			"type": "Feature",
			"geometry": {
				"type": "Point",
				"coordinates": [
					 129.3049,
					 28.2404
				]
			},
			"properties": {
				"name": "JA6/KG-109(点370)",
				"読み":"P370",
				"標高":"370m 1pt ",
				"GL":"PL48pf",
				"市郡区":"G#46005J / G#46005F ",
				"登山日":"",
				"メモ":"",
				"_markerType": "Icon",
				"_iconUrl": "https://maps.gsi.go.jp/portal/sys/v4/symbols/826.png",
				"_iconSize": [
					16,
					16
				],
				"_iconAnchor": [
					8,
					8
				]
			}
		},
		{
			"type": "Feature",
			"geometry": {
				"type": "Point",
				"coordinates": [
					 130.2769,
					 31.9046
				]
			},
			"properties": {
				"name": "JA6/KG-110(混岳)",
				"読み":"Kondake",
				"標高":"369m 1pt ",
				"GL":"PM51dv",
				"市郡区":"C#4616 ",
				"登山日":"",
				"メモ":"",
				"_markerType": "Icon",
				"_iconUrl": "https://maps.gsi.go.jp/portal/sys/v4/symbols/826.png",
				"_iconSize": [
					16,
					16
				],
				"_iconAnchor": [
					8,
					8
				]
			}
		},
		{
			"type": "Feature",
			"geometry": {
				"type": "Point",
				"coordinates": [
					 130.5316,
					 31.737
				]
			},
			"properties": {
				"name": "JA6/KG-111(高峰)",
				"読み":"Takamine",
				"標高":"363m 1pt ",
				"GL":"PM51gr",
				"市郡区":"C#4601 ",
				"登山日":"",
				"メモ":"",
				"_markerType": "Icon",
				"_iconUrl": "https://maps.gsi.go.jp/portal/sys/v4/symbols/826.png",
				"_iconSize": [
					16,
					16
				],
				"_iconAnchor": [
					8,
					8
				]
			}
		},
		{
			"type": "Feature",
			"geometry": {
				"type": "Point",
				"coordinates": [
					 130.1819,
					 31.3791
				]
			},
			"properties": {
				"name": "JA6/KG-112(西の丘)",
				"読み":"Nishinooka",
				"標高":"360m 1pt ",
				"GL":"PM51cj",
				"市郡区":"C#4621 ",
				"登山日":"",
				"メモ":"",
				"_markerType": "Icon",
				"_iconUrl": "https://maps.gsi.go.jp/portal/sys/v4/symbols/826.png",
				"_iconSize": [
					16,
					16
				],
				"_iconAnchor": [
					8,
					8
				]
			}
		},
		{
			"type": "Feature",
			"geometry": {
				"type": "Point",
				"coordinates": [
					 131.1458,
					 31.4868
				]
			},
			"properties": {
				"name": "JA6/KG-113(陣岳)",
				"読み":"Jindake",
				"標高":"349m 1pt ",
				"GL":"PM51nl",
				"市郡区":"C#4622 ",
				"登山日":"",
				"メモ":"",
				"_markerType": "Icon",
				"_iconUrl": "https://maps.gsi.go.jp/portal/sys/v4/symbols/826.png",
				"_iconSize": [
					16,
					16
				],
				"_iconAnchor": [
					8,
					8
				]
			}
		},
		{
			"type": "Feature",
			"geometry": {
				"type": "Point",
				"coordinates": [
					 130.2844,
					 30.7942
				]
			},
			"properties": {
				"name": "JA6/KG-114(矢筈山)",
				"読み":"Yahazuyama",
				"標高":"349m 1pt ",
				"GL":"PM50dt",
				"市郡区":"G#46006B ",
				"登山日":"",
				"メモ":"",
				"_markerType": "Icon",
				"_iconUrl": "https://maps.gsi.go.jp/portal/sys/v4/symbols/826.png",
				"_iconSize": [
					16,
					16
				],
				"_iconAnchor": [
					8,
					8
				]
			}
		},
		{
			"type": "Feature",
			"geometry": {
				"type": "Point",
				"coordinates": [
					 130.2949,
					 31.7391
				]
			},
			"properties": {
				"name": "JA6/KG-115(火立ケ岡)",
				"読み":"Hitachigaoka",
				"標高":"348m 1pt ",
				"GL":"PM51dr",
				"市郡区":"C#4620 ",
				"登山日":"",
				"メモ":"",
				"_markerType": "Icon",
				"_iconUrl": "https://maps.gsi.go.jp/portal/sys/v4/symbols/826.png",
				"_iconSize": [
					16,
					16
				],
				"_iconAnchor": [
					8,
					8
				]
			}
		},
		{
			"type": "Feature",
			"geometry": {
				"type": "Point",
				"coordinates": [
					 130.7038,
					 31.0565
				]
			},
			"properties": {
				"name": "JA6/KG-116(茶屋(三角点))",
				"読み":"Chaya",
				"標高":"348m 1pt ",
				"GL":"PM51ib",
				"市郡区":"G#46008K ",
				"登山日":"",
				"メモ":"",
				"_markerType": "Icon",
				"_iconUrl": "https://maps.gsi.go.jp/portal/sys/v4/symbols/826.png",
				"_iconSize": [
					16,
					16
				],
				"_iconAnchor": [
					8,
					8
				]
			}
		},
		{
			"type": "Feature",
			"geometry": {
				"type": "Point",
				"coordinates": [
					 130.3533,
					 31.7871
				]
			},
			"properties": {
				"name": "JA6/KG-117(日笠岳（日笠山）)",
				"読み":"Higasadake",
				"標高":"340m 1pt ",
				"GL":"PM51es",
				"市郡区":"C#4616 ",
				"登山日":"",
				"メモ":"",
				"_markerType": "Icon",
				"_iconUrl": "https://maps.gsi.go.jp/portal/sys/v4/symbols/826.png",
				"_iconSize": [
					16,
					16
				],
				"_iconAnchor": [
					8,
					8
				]
			}
		},
		{
			"type": "Feature",
			"geometry": {
				"type": "Point",
				"coordinates": [
					 130.9492,
					 31.3013
				]
			},
			"properties": {
				"name": "JA6/KG-118(北長谷(三角点))",
				"読み":"Kitahase",
				"標高":"322m 1pt ",
				"GL":"PM51lh",
				"市郡区":"G#46008L ",
				"登山日":"",
				"メモ":"",
				"_markerType": "Icon",
				"_iconUrl": "https://maps.gsi.go.jp/portal/sys/v4/symbols/826.png",
				"_iconSize": [
					16,
					16
				],
				"_iconAnchor": [
					8,
					8
				]
			}
		},
		{
			"type": "Feature",
			"geometry": {
				"type": "Point",
				"coordinates": [
					 129.2027,
					 28.2912
				]
			},
			"properties": {
				"name": "JA6/KG-119(烏帽子岳)",
				"読み":"Eboshidake",
				"標高":"322m 1pt ",
				"GL":"PL48og",
				"市郡区":"G#46005F ",
				"登山日":"",
				"メモ":"",
				"_markerType": "Icon",
				"_iconUrl": "https://maps.gsi.go.jp/portal/sys/v4/symbols/826.png",
				"_iconSize": [
					16,
					16
				],
				"_iconAnchor": [
					8,
					8
				]
			}
		},
		{
			"type": "Feature",
			"geometry": {
				"type": "Point",
				"coordinates": [
					 130.2268,
					 31.9895
				]
			},
			"properties": {
				"name": "JA6/KG-120(上床山)",
				"読み":"Uwatokoyama",
				"標高":"321m 1pt ",
				"GL":"PM51cx",
				"市郡区":"C#4606 ",
				"登山日":"",
				"メモ":"",
				"_markerType": "Icon",
				"_iconUrl": "https://maps.gsi.go.jp/portal/sys/v4/symbols/826.png",
				"_iconSize": [
					16,
					16
				],
				"_iconAnchor": [
					8,
					8
				]
			}
		},
		{
			"type": "Feature",
			"geometry": {
				"type": "Point",
				"coordinates": [
					 129.2026,
					 28.1664
				]
			},
			"properties": {
				"name": "JA6/KG-122(弓師岳(三角点))",
				"読み":"Yumishidake",
				"標高":"314m 1pt ",
				"GL":"PL48od",
				"市郡区":"G#46005J ",
				"登山日":"",
				"メモ":"",
				"_markerType": "Icon",
				"_iconUrl": "https://maps.gsi.go.jp/portal/sys/v4/symbols/826.png",
				"_iconSize": [
					16,
					16
				],
				"_iconAnchor": [
					8,
					8
				]
			}
		},
		{
			"type": "Feature",
			"geometry": {
				"type": "Point",
				"coordinates": [
					 130.3468,
					 31.8306
				]
			},
			"properties": {
				"name": "JA6/KG-123(上床（寺山）)",
				"読み":"Uwatoko/Terayama",
				"標高":"310m 1pt ",
				"GL":"PM51et",
				"市郡区":"C#4616 ",
				"登山日":"",
				"メモ":"",
				"_markerType": "Icon",
				"_iconUrl": "https://maps.gsi.go.jp/portal/sys/v4/symbols/826.png",
				"_iconSize": [
					16,
					16
				],
				"_iconAnchor": [
					8,
					8
				]
			}
		},
		{
			"type": "Feature",
			"geometry": {
				"type": "Point",
				"coordinates": [
					 130.3813,
					 31.5983
				]
			},
			"properties": {
				"name": "JA6/KG-124(諸正岳)",
				"読み":"Moromasadake",
				"標高":"310m 1pt ",
				"GL":"PM51eo",
				"市郡区":"C#4617 ",
				"登山日":"",
				"メモ":"",
				"_markerType": "Icon",
				"_iconUrl": "https://maps.gsi.go.jp/portal/sys/v4/symbols/826.png",
				"_iconSize": [
					16,
					16
				],
				"_iconAnchor": [
					8,
					8
				]
			}
		},
		{
			"type": "Feature",
			"geometry": {
				"type": "Point",
				"coordinates": [
					 129.8233,
					 31.8588
				]
			},
			"properties": {
				"name": "JA6/KG-125(縄瀬山)",
				"読み":"Nouzeyama",
				"標高":"306m 1pt ",
				"GL":"PM41vu",
				"市郡区":"C#4616 ",
				"登山日":"",
				"メモ":"",
				"_markerType": "Icon",
				"_iconUrl": "https://maps.gsi.go.jp/portal/sys/v4/symbols/826.png",
				"_iconSize": [
					16,
					16
				],
				"_iconAnchor": [
					8,
					8
				]
			}
		},
		{
			"type": "Feature",
			"geometry": {
				"type": "Point",
				"coordinates": [
					 129.1991,
					 28.1875
				]
			},
			"properties": {
				"name": "JA6/KG-126(高鉢山)",
				"読み":"Takabachiyama",
				"標高":"298m 1pt ",
				"GL":"PL48oe",
				"市郡区":"G#46005J ",
				"登山日":"",
				"メモ":"",
				"_markerType": "Icon",
				"_iconUrl": "https://maps.gsi.go.jp/portal/sys/v4/symbols/826.png",
				"_iconSize": [
					16,
					16
				],
				"_iconAnchor": [
					8,
					8
				]
			}
		},
		{
			"type": "Feature",
			"geometry": {
				"type": "Point",
				"coordinates": [
					 129.8744,
					 31.8443
				]
			},
			"properties": {
				"name": "JA6/KG-127(中野(三角点))",
				"読み":"Nakano",
				"標高":"293m 1pt ",
				"GL":"PM41wu",
				"市郡区":"C#4616 ",
				"登山日":"",
				"メモ":"",
				"_markerType": "Icon",
				"_iconUrl": "https://maps.gsi.go.jp/portal/sys/v4/symbols/826.png",
				"_iconSize": [
					16,
					16
				],
				"_iconAnchor": [
					8,
					8
				]
			}
		},
		{
			"type": "Feature",
			"geometry": {
				"type": "Point",
				"coordinates": [
					 129.2081,
					 29.1445
				]
			},
			"properties": {
				"name": "JA6/KG-128(イマキラ岳)",
				"読み":"Imakiradake",
				"標高":"292m 1pt ",
				"GL":"PL49od",
				"市郡区":"G#46006D ",
				"登山日":"",
				"メモ":"",
				"_markerType": "Icon",
				"_iconUrl": "https://maps.gsi.go.jp/portal/sys/v4/symbols/826.png",
				"_iconSize": [
					16,
					16
				],
				"_iconAnchor": [
					8,
					8
				]
			}
		},
		{
			"type": "Feature",
			"geometry": {
				"type": "Point",
				"coordinates": [
					 129.1594,
					 28.0291
				]
			},
			"properties": {
				"name": "JA6/KG-129(点290(与路島内))",
				"読み":"P290",
				"標高":"290m 1pt ",
				"GL":"PL48na",
				"市郡区":"G#46005J ",
				"登山日":"",
				"メモ":"",
				"_markerType": "Icon",
				"_iconUrl": "https://maps.gsi.go.jp/portal/sys/v4/symbols/826.png",
				"_iconSize": [
					16,
					16
				],
				"_iconAnchor": [
					8,
					8
				]
			}
		},
		{
			"type": "Feature",
			"geometry": {
				"type": "Point",
				"coordinates": [
					 130.3571,
					 31.4316
				]
			},
			"properties": {
				"name": "JA6/KG-130(中岳)",
				"読み":"Nakadake",
				"標高":"288m 1pt ",
				"GL":"PM51ek",
				"市郡区":"C#4621 ",
				"登山日":"",
				"メモ":"",
				"_markerType": "Icon",
				"_iconUrl": "https://maps.gsi.go.jp/portal/sys/v4/symbols/826.png",
				"_iconSize": [
					16,
					16
				],
				"_iconAnchor": [
					8,
					8
				]
			}
		},
		{
			"type": "Feature",
			"geometry": {
				"type": "Point",
				"coordinates": [
					 129.2757,
					 28.1018
				]
			},
			"properties": {
				"name": "JA6/KG-131(点284)",
				"読み":"P284",
				"標高":"284m 1pt ",
				"GL":"PL48pc",
				"市郡区":"G#46005J ",
				"登山日":"",
				"メモ":"",
				"_markerType": "Icon",
				"_iconUrl": "https://maps.gsi.go.jp/portal/sys/v4/symbols/826.png",
				"_iconSize": [
					16,
					16
				],
				"_iconAnchor": [
					8,
					8
				]
			}
		},
		{
			"type": "Feature",
			"geometry": {
				"type": "Point",
				"coordinates": [
					 130.9707,
					 31.328
				]
			},
			"properties": {
				"name": "JA6/KG-132(薬師山(三角点))",
				"読み":"Yakushiyama",
				"標高":"281m 1pt ",
				"GL":"PM51lh",
				"市郡区":"G#46008L ",
				"登山日":"",
				"メモ":"",
				"_markerType": "Icon",
				"_iconUrl": "https://maps.gsi.go.jp/portal/sys/v4/symbols/826.png",
				"_iconSize": [
					16,
					16
				],
				"_iconAnchor": [
					8,
					8
				]
			}
		},
		{
			"type": "Feature",
			"geometry": {
				"type": "Point",
				"coordinates": [
					 129.0008,
					 28.8308
				]
			},
			"properties": {
				"name": "JA6/KG-133(点280(上ノ根島内))",
				"読み":"P280",
				"標高":"280m 1pt ",
				"GL":"PL48mt",
				"市郡区":"G#46006D ",
				"登山日":"",
				"メモ":"",
				"_markerType": "Icon",
				"_iconUrl": "https://maps.gsi.go.jp/portal/sys/v4/symbols/826.png",
				"_iconSize": [
					16,
					16
				],
				"_iconAnchor": [
					8,
					8
				]
			}
		},
		{
			"type": "Feature",
			"geometry": {
				"type": "Point",
				"coordinates": [
					 129.3745,
					 28.1233
				]
			},
			"properties": {
				"name": "JA6/KG-134(皆通崎(三角点))",
				"読み":"Kaitsuuzaki",
				"標高":"271m 1pt ",
				"GL":"PL48qc",
				"市郡区":"G#46005J ",
				"登山日":"",
				"メモ":"",
				"_markerType": "Icon",
				"_iconUrl": "https://maps.gsi.go.jp/portal/sys/v4/symbols/826.png",
				"_iconSize": [
					16,
					16
				],
				"_iconAnchor": [
					8,
					8
				]
			}
		},
		{
			"type": "Feature",
			"geometry": {
				"type": "Point",
				"coordinates": [
					 129.2439,
					 28.0224
				]
			},
			"properties": {
				"name": "JA6/KG-135(請阿室(三角点))",
				"読み":"Ukeamuro",
				"標高":"260m 1pt ",
				"GL":"PL48oa",
				"市郡区":"G#46005J ",
				"登山日":"",
				"メモ":"",
				"_markerType": "Icon",
				"_iconUrl": "https://maps.gsi.go.jp/portal/sys/v4/symbols/826.png",
				"_iconSize": [
					16,
					16
				],
				"_iconAnchor": [
					8,
					8
				]
			}
		},
		{
			"type": "Feature",
			"geometry": {
				"type": "Point",
				"coordinates": [
					 128.9797,
					 28.7974
				]
			},
			"properties": {
				"name": "JA6/KG-136(点250)",
				"読み":"P250",
				"標高":"250m 1pt ",
				"GL":"PL48lt",
				"市郡区":"G#46006D ",
				"登山日":"",
				"メモ":"",
				"_markerType": "Icon",
				"_iconUrl": "https://maps.gsi.go.jp/portal/sys/v4/symbols/826.png",
				"_iconSize": [
					16,
					16
				],
				"_iconAnchor": [
					8,
					8
				]
			}
		},
		{
			"type": "Feature",
			"geometry": {
				"type": "Point",
				"coordinates": [
					 129.3442,
					 28.0973
				]
			},
			"properties": {
				"name": "JA6/KG-137(諸鈍(三角点))",
				"読み":"Morozumi",
				"標高":"248m 1pt ",
				"GL":"PL48qc",
				"市郡区":"G#46005J ",
				"登山日":"",
				"メモ":"",
				"_markerType": "Icon",
				"_iconUrl": "https://maps.gsi.go.jp/portal/sys/v4/symbols/826.png",
				"_iconSize": [
					16,
					16
				],
				"_iconAnchor": [
					8,
					8
				]
			}
		},
		{
			"type": "Feature",
			"geometry": {
				"type": "Point",
				"coordinates": [
					 128.5667,
					 27.3691
				]
			},
			"properties": {
				"name": "JA6/KG-138(大山)",
				"読み":"Ooyama",
				"標高":"240m 1pt ",
				"GL":"PL47gi",
				"市郡区":"G#46005A ",
				"登山日":"",
				"メモ":"",
				"_markerType": "Icon",
				"_iconUrl": "https://maps.gsi.go.jp/portal/sys/v4/symbols/826.png",
				"_iconSize": [
					16,
					16
				],
				"_iconAnchor": [
					8,
					8
				]
			}
		},
		{
			"type": "Feature",
			"geometry": {
				"type": "Point",
				"coordinates": [
					 129.5962,
					 28.3854
				]
			},
			"properties": {
				"name": "JA6/KG-139(大勝(三角点))",
				"読み":"Taisyo",
				"標高":"221m 1pt ",
				"GL":"PL48tj",
				"市郡区":"G#46005K ",
				"登山日":"",
				"メモ":"",
				"_markerType": "Icon",
				"_iconUrl": "https://maps.gsi.go.jp/portal/sys/v4/symbols/826.png",
				"_iconSize": [
					16,
					16
				],
				"_iconAnchor": [
					8,
					8
				]
			}
		},
		{
			"type": "Feature",
			"geometry": {
				"type": "Point",
				"coordinates": [
					 129.9735,
					 28.2995
				]
			},
			"properties": {
				"name": "JA6/KG-140(喜界島内)",
				"読み":"Kikaijima",
				"標高":"214m 1pt ",
				"GL":"PL48xh",
				"市郡区":"G#46005H ",
				"登山日":"",
				"メモ":"",
				"_markerType": "Icon",
				"_iconUrl": "https://maps.gsi.go.jp/portal/sys/v4/symbols/826.png",
				"_iconSize": [
					16,
					16
				],
				"_iconAnchor": [
					8,
					8
				]
			}
		},
		{
			"type": "Feature",
			"geometry": {
				"type": "Point",
				"coordinates": [
					 130.4924,
					 30.3428
				]
			},
			"properties": {
				"name": "JA6/KG-143(永田岳)",
				"読み":"Nagatadake",
				"標高":"1886m 10pt ",
				"GL":"PM50fi",
				"市郡区":"G#46009E ",
				"登山日":"",
				"メモ":"",
				"_markerType": "Icon",
				"_iconUrl": "https://maps.gsi.go.jp/portal/sys/v4/symbols/101.png",
				"_iconSize": [
					16,
					16
				],
				"_iconAnchor": [
					8,
					8
				]
			}
		},
		{
			"type": "Feature",
			"geometry": {
				"type": "Point",
				"coordinates": [
					 130.4859,
					 30.3589
				]
			},
			"properties": {
				"name": "JA6/KG-144(障子岳)",
				"読み":"Shojidake",
				"標高":"1549m 10pt ",
				"GL":"PM50fi",
				"市郡区":"G#46009E ",
				"登山日":"",
				"メモ":"",
				"_markerType": "Icon",
				"_iconUrl": "https://maps.gsi.go.jp/portal/sys/v4/symbols/101.png",
				"_iconSize": [
					16,
					16
				],
				"_iconAnchor": [
					8,
					8
				]
			}
		},
		{
			"type": "Feature",
			"geometry": {
				"type": "Point",
				"coordinates": [
					 130.4154,
					 30.3526
				]
			},
			"properties": {
				"name": "JA6/KG-145(国割岳)",
				"読み":"Kuniwaridake",
				"標高":"1323m 8pt ",
				"GL":"PM50ei",
				"市郡区":"G#46009E ",
				"登山日":"",
				"メモ":"",
				"_markerType": "Icon",
				"_iconUrl": "https://maps.gsi.go.jp/portal/sys/v4/symbols/104.png",
				"_iconSize": [
					16,
					16
				],
				"_iconAnchor": [
					8,
					8
				]
			}
		},
		{
			"type": "Feature",
			"geometry": {
				"type": "Point",
				"coordinates": [
					 130.8206,
					 31.4603
				]
			},
			"properties": {
				"name": "JA6/KG-146(御岳)",
				"読み":"Ontake",
				"標高":"1181m 8pt ",
				"GL":"PM51jl",
				"市郡区":"C#4603 ",
				"登山日":"",
				"メモ":"",
				"_markerType": "Icon",
				"_iconUrl": "https://maps.gsi.go.jp/portal/sys/v4/symbols/104.png",
				"_iconSize": [
					16,
					16
				],
				"_iconAnchor": [
					8,
					8
				]
			}
		},
		{
			"type": "Feature",
			"geometry": {
				"type": "Point",
				"coordinates": [
					 130.7946,
					 31.4619
				]
			},
			"properties": {
				"name": "JA6/KG-147(平岳)",
				"読み":"Hiradake",
				"標高":"1102m 8pt ",
				"GL":"PM51jl",
				"市郡区":"C#4615 ",
				"登山日":"",
				"メモ":"",
				"_markerType": "Icon",
				"_iconUrl": "https://maps.gsi.go.jp/portal/sys/v4/symbols/104.png",
				"_iconSize": [
					16,
					16
				],
				"_iconAnchor": [
					8,
					8
				]
			}
		},
		{
			"type": "Feature",
			"geometry": {
				"type": "Point",
				"coordinates": [
					 130.5922,
					 30.3237
				]
			},
			"properties": {
				"name": "JA6/KG-148(尾立岳)",
				"読み":"Odatedake",
				"標高":"1061m 6pt ",
				"GL":"PM50hh",
				"市郡区":"G#46009E ",
				"登山日":"",
				"メモ":"",
				"_markerType": "Icon",
				"_iconUrl": "https://maps.gsi.go.jp/portal/sys/v4/symbols/103.png",
				"_iconSize": [
					16,
					16
				],
				"_iconAnchor": [
					8,
					8
				]
			}
		},
		{
			"type": "Feature",
			"geometry": {
				"type": "Point",
				"coordinates": [
					 130.629,
					 30.3526
				]
			},
			"properties": {
				"name": "JA6/KG-149(船行前岳)",
				"読み":"Funayukimaedake",
				"標高":"943m 6pt ",
				"GL":"PM50hi",
				"市郡区":"G#46009E ",
				"登山日":"",
				"メモ":"",
				"_markerType": "Icon",
				"_iconUrl": "https://maps.gsi.go.jp/portal/sys/v4/symbols/103.png",
				"_iconSize": [
					16,
					16
				],
				"_iconAnchor": [
					8,
					8
				]
			}
		},
		{
			"type": "Feature",
			"geometry": {
				"type": "Point",
				"coordinates": [
					 130.6769,
					 32.1094
				]
			},
			"properties": {
				"name": "JA6/KG-150(間根ヶ平)",
				"読み":"Manegadaira",
				"標高":"900m 6pt ",
				"GL":"PM52ic",
				"市郡区":"C#4625 ",
				"登山日":"",
				"メモ":"",
				"_markerType": "Icon",
				"_iconUrl": "https://maps.gsi.go.jp/portal/sys/v4/symbols/103.png",
				"_iconSize": [
					16,
					16
				],
				"_iconAnchor": [
					8,
					8
				]
			}
		},
		{
			"type": "Feature",
			"geometry": {
				"type": "Point",
				"coordinates": [
					 130.9012,
					 31.7282
				]
			},
			"properties": {
				"name": "JA6/KG-151(白鹿岳近傍)",
				"読み":"Near_Shiragadake",
				"標高":"605m 2pt ",
				"GL":"PM51kr",
				"市郡区":"C#4618 ",
				"登山日":"",
				"メモ":"",
				"_markerType": "Icon",
				"_iconUrl": "https://maps.gsi.go.jp/portal/sys/v4/symbols/102.png",
				"_iconSize": [
					16,
					16
				],
				"_iconAnchor": [
					8,
					8
				]
			}
		},
		{
			"type": "Feature",
			"geometry": {
				"type": "Point",
				"coordinates": [
					 130.4594,
					 32.0437
				]
			},
			"properties": {
				"name": "JA6/KG-152(土取山近傍)",
				"読み":"Tsuchitoriyama",
				"標高":"590m 2pt ",
				"GL":"PM52fb",
				"市郡区":"C#4607 ",
				"登山日":"",
				"メモ":"",
				"_markerType": "Icon",
				"_iconUrl": "https://maps.gsi.go.jp/portal/sys/v4/symbols/102.png",
				"_iconSize": [
					16,
					16
				],
				"_iconAnchor": [
					8,
					8
				]
			}
		},
		{
			"type": "Feature",
			"geometry": {
				"type": "Point",
				"coordinates": [
					 130.878,
					 31.7672
				]
			},
			"properties": {
				"name": "JA6/KG-153(大良(三角点))",
				"読み":"Daira",
				"標高":"570m 2pt ",
				"GL":"PM51ks",
				"市郡区":"C#4618 / C#4619 ",
				"登山日":"",
				"メモ":"",
				"_markerType": "Icon",
				"_iconUrl": "https://maps.gsi.go.jp/portal/sys/v4/symbols/102.png",
				"_iconSize": [
					16,
					16
				],
				"_iconAnchor": [
					8,
					8
				]
			}
		},
		{
			"type": "Feature",
			"geometry": {
				"type": "Point",
				"coordinates": [
					 129.4311,
					 28.2142
				]
			},
			"properties": {
				"name": "JA6/KG-154(金川岳)",
				"読み":"Kanengodake",
				"標高":"528m 2pt ",
				"GL":"PL48rf",
				"市郡区":"C#4623 ",
				"登山日":"",
				"メモ":"",
				"_markerType": "Icon",
				"_iconUrl": "https://maps.gsi.go.jp/portal/sys/v4/symbols/102.png",
				"_iconSize": [
					16,
					16
				],
				"_iconAnchor": [
					8,
					8
				]
			}
		},
		{
			"type": "Feature",
			"geometry": {
				"type": "Point",
				"coordinates": [
					 131.092,
					 31.633
				]
			},
			"properties": {
				"name": "JA6/KG-155(岸良（三角点近傍）)",
				"読み":"Kishira",
				"標高":"520m 2pt ",
				"GL":"PM51np",
				"市郡区":"C#4618 ",
				"登山日":"",
				"メモ":"",
				"_markerType": "Icon",
				"_iconUrl": "https://maps.gsi.go.jp/portal/sys/v4/symbols/102.png",
				"_iconSize": [
					16,
					16
				],
				"_iconAnchor": [
					8,
					8
				]
			}
		},
		{
			"type": "Feature",
			"geometry": {
				"type": "Point",
				"coordinates": [
					 129.7135,
					 31.6584
				]
			},
			"properties": {
				"name": "JA6/KG-156(口岳)",
				"読み":"Kuchidake",
				"標高":"487m 1pt ",
				"GL":"PM41up",
				"市郡区":"C#4616 ",
				"登山日":"",
				"メモ":"",
				"_markerType": "Icon",
				"_iconUrl": "https://maps.gsi.go.jp/portal/sys/v4/symbols/826.png",
				"_iconSize": [
					16,
					16
				],
				"_iconAnchor": [
					8,
					8
				]
			}
		},
		{
			"type": "Feature",
			"geometry": {
				"type": "Point",
				"coordinates": [
					 130.9285,
					 31.2703
				]
			},
			"properties": {
				"name": "JA6/KG-158(中岳(三角点))",
				"読み":"Nakadake",
				"標高":"460m 1pt ",
				"GL":"PM51lg",
				"市郡区":"G#46008L / C#4603 ",
				"登山日":"",
				"メモ":"",
				"_markerType": "Icon",
				"_iconUrl": "https://maps.gsi.go.jp/portal/sys/v4/symbols/826.png",
				"_iconSize": [
					16,
					16
				],
				"_iconAnchor": [
					8,
					8
				]
			}
		},
		{
			"type": "Feature",
			"geometry": {
				"type": "Point",
				"coordinates": [
					 128.9426,
					 27.8008
				]
			},
			"properties": {
				"name": "JA6/KG-159(美名田山)",
				"読み":"Minatayama",
				"標高":"437m 1pt ",
				"GL":"PL47lt",
				"市郡区":"G#46005D / G#46005L ",
				"登山日":"",
				"メモ":"",
				"_markerType": "Icon",
				"_iconUrl": "https://maps.gsi.go.jp/portal/sys/v4/symbols/826.png",
				"_iconSize": [
					16,
					16
				],
				"_iconAnchor": [
					8,
					8
				]
			}
		},
		{
			"type": "Feature",
			"geometry": {
				"type": "Point",
				"coordinates": [
					 130.365,
					 31.8919
				]
			},
			"properties": {
				"name": "JA6/KG-160(笠山)",
				"読み":"Kasayama",
				"標高":"431m 1pt ",
				"GL":"PM51ev",
				"市郡区":"C#4616 ",
				"登山日":"",
				"メモ":"",
				"_markerType": "Icon",
				"_iconUrl": "https://maps.gsi.go.jp/portal/sys/v4/symbols/826.png",
				"_iconSize": [
					16,
					16
				],
				"_iconAnchor": [
					8,
					8
				]
			}
		},
		{
			"type": "Feature",
			"geometry": {
				"type": "Point",
				"coordinates": [
					 129.9331,
					 29.9613
				]
			},
			"properties": {
				"name": "JA6/KG-161(燃岳)",
				"読み":"Moedake",
				"標高":"425m 1pt ",
				"GL":"PL49xx",
				"市郡区":"G#46006D ",
				"登山日":"",
				"メモ":"",
				"_markerType": "Icon",
				"_iconUrl": "https://maps.gsi.go.jp/portal/sys/v4/symbols/826.png",
				"_iconSize": [
					16,
					16
				],
				"_iconAnchor": [
					8,
					8
				]
			}
		},
		{
			"type": "Feature",
			"geometry": {
				"type": "Point",
				"coordinates": [
					 130.4922,
					 31.785
				]
			},
			"properties": {
				"name": "JA6/KG-162(愛宕山)",
				"読み":"Atagoyama",
				"標高":"423m 1pt ",
				"GL":"PM51fs",
				"市郡区":"C#4616 ",
				"登山日":"",
				"メモ":"",
				"_markerType": "Icon",
				"_iconUrl": "https://maps.gsi.go.jp/portal/sys/v4/symbols/826.png",
				"_iconSize": [
					16,
					16
				],
				"_iconAnchor": [
					8,
					8
				]
			}
		},
		{
			"type": "Feature",
			"geometry": {
				"type": "Point",
				"coordinates": [
					 130.5148,
					 31.8089
				]
			},
			"properties": {
				"name": "JA6/KG-163(千貫岳)",
				"読み":"Sengandake",
				"標高":"422m 1pt ",
				"GL":"PM51gt",
				"市郡区":"C#4616 / C#4626 ",
				"登山日":"",
				"メモ":"",
				"_markerType": "Icon",
				"_iconUrl": "https://maps.gsi.go.jp/portal/sys/v4/symbols/826.png",
				"_iconSize": [
					16,
					16
				],
				"_iconAnchor": [
					8,
					8
				]
			}
		},
		{
			"type": "Feature",
			"geometry": {
				"type": "Point",
				"coordinates": [
					 129.2207,
					 28.0824
				]
			},
			"properties": {
				"name": "JA6/KG-164(加崎岳)",
				"読み":"Kasakidake",
				"標高":"326m 1pt ",
				"GL":"PL48ob",
				"市郡区":"G#46005J ",
				"登山日":"",
				"メモ":"",
				"_markerType": "Icon",
				"_iconUrl": "https://maps.gsi.go.jp/portal/sys/v4/symbols/826.png",
				"_iconSize": [
					16,
					16
				],
				"_iconAnchor": [
					8,
					8
				]
			}
		},
		{
			"type": "Feature",
			"geometry": {
				"type": "Point",
				"coordinates": [
					 129.4478,
					 31.1955
				]
			},
			"properties": {
				"name": "JA6/KG-165(清内岳)",
				"読み":"Kiyouchidake",
				"標高":"319m 1pt ",
				"GL":"PM41re",
				"市郡区":"C#4621 ",
				"登山日":"",
				"メモ":"",
				"_markerType": "Icon",
				"_iconUrl": "https://maps.gsi.go.jp/portal/sys/v4/symbols/826.png",
				"_iconSize": [
					16,
					16
				],
				"_iconAnchor": [
					8,
					8
				]
			}
		},
		{
			"type": "Feature",
			"geometry": {
				"type": "Point",
				"coordinates": [
					 129.9243,
					 31.824
				]
			},
			"properties": {
				"name": "JA6/KG-166(残木（三角点近傍）)",
				"読み":"Zanki",
				"標高":"310m 1pt ",
				"GL":"PM41xt",
				"市郡区":"C#4616 ",
				"登山日":"",
				"メモ":"",
				"_markerType": "Icon",
				"_iconUrl": "https://maps.gsi.go.jp/portal/sys/v4/symbols/826.png",
				"_iconSize": [
					16,
					16
				],
				"_iconAnchor": [
					8,
					8
				]
			}
		},
		{
			"type": "Feature",
			"geometry": {
				"type": "Point",
				"coordinates": [
					 129.6218,
					 29.8812
				]
			},
			"properties": {
				"name": "JA6/KG-167(小臥蛇島)",
				"読み":"Kogajyajima",
				"標高":"301m 1pt ",
				"GL":"PL49tv",
				"市郡区":"G#46006D ",
				"登山日":"",
				"メモ":"",
				"_markerType": "Icon",
				"_iconUrl": "https://maps.gsi.go.jp/portal/sys/v4/symbols/826.png",
				"_iconSize": [
					16,
					16
				],
				"_iconAnchor": [
					8,
					8
				]
			}
		},
		{
			"type": "Feature",
			"geometry": {
				"type": "Point",
				"coordinates": [
					 129.83,
					 31.801
				]
			},
			"properties": {
				"name": "JA6/KG-168(帽子山)",
				"読み":"Boushiyama",
				"標高":"296m 1pt ",
				"GL":"PM41vt",
				"市郡区":"C#4616 ",
				"登山日":"",
				"メモ":"",
				"_markerType": "Icon",
				"_iconUrl": "https://maps.gsi.go.jp/portal/sys/v4/symbols/826.png",
				"_iconSize": [
					16,
					16
				],
				"_iconAnchor": [
					8,
					8
				]
			}
		},
		{
			"type": "Feature",
			"geometry": {
				"type": "Point",
				"coordinates": [
					 130.1774,
					 30.4705
				]
			},
			"properties": {
				"name": "JA6/KG-169(番屋ヶ峰)",
				"読み":"Banyagamine",
				"標高":"290m 1pt ",
				"GL":"PM50cl",
				"市郡区":"G#46009E ",
				"登山日":"",
				"メモ":"",
				"_markerType": "Icon",
				"_iconUrl": "https://maps.gsi.go.jp/portal/sys/v4/symbols/826.png",
				"_iconSize": [
					16,
					16
				],
				"_iconAnchor": [
					8,
					8
				]
			}
		},
		{
			"type": "Feature",
			"geometry": {
				"type": "Point",
				"coordinates": [
					 130.1626,
					 32.1163
				]
			},
			"properties": {
				"name": "JA6/KG-170(山門野(三角点))",
				"読み":"Yamadono",
				"標高":"290m 1pt ",
				"GL":"PM52bc",
				"市郡区":"G#46003D ",
				"登山日":"",
				"メモ":"",
				"_markerType": "Icon",
				"_iconUrl": "https://maps.gsi.go.jp/portal/sys/v4/symbols/826.png",
				"_iconSize": [
					16,
					16
				],
				"_iconAnchor": [
					8,
					8
				]
			}
		},
		{
			"type": "Feature",
			"geometry": {
				"type": "Point",
				"coordinates": [
					 130.9008,
					 31.2868
				]
			},
			"properties": {
				"name": "JA6/KG-171(福師岳)",
				"読み":"Fukushidake",
				"標高":"282m 1pt ",
				"GL":"PM51kg",
				"市郡区":"C#4603 ",
				"登山日":"",
				"メモ":"",
				"_markerType": "Icon",
				"_iconUrl": "https://maps.gsi.go.jp/portal/sys/v4/symbols/826.png",
				"_iconSize": [
					16,
					16
				],
				"_iconAnchor": [
					8,
					8
				]
			}
		},
		{
			"type": "Feature",
			"geometry": {
				"type": "Point",
				"coordinates": [
					 130.9788,
					 30.6394
				]
			},
			"properties": {
				"name": "JA6/KG-172(瀬戸(三角点))",
				"読み":"Seto",
				"標高":"282m 1pt ",
				"GL":"PM50lp",
				"市郡区":"G#46009C / C#4614 ",
				"登山日":"",
				"メモ":"",
				"_markerType": "Icon",
				"_iconUrl": "https://maps.gsi.go.jp/portal/sys/v4/symbols/826.png",
				"_iconSize": [
					16,
					16
				],
				"_iconAnchor": [
					8,
					8
				]
			}
		},
		{
			"type": "Feature",
			"geometry": {
				"type": "Point",
				"coordinates": [
					 131.0419,
					 31.5073
				]
			},
			"properties": {
				"name": "JA6/KG-173(岳野丘)",
				"読み":"Takenooka",
				"標高":"274m 1pt ",
				"GL":"PM51mm",
				"市郡区":"C#4622 ",
				"登山日":"",
				"メモ":"",
				"_markerType": "Icon",
				"_iconUrl": "https://maps.gsi.go.jp/portal/sys/v4/symbols/826.png",
				"_iconSize": [
					16,
					16
				],
				"_iconAnchor": [
					8,
					8
				]
			}
		},
		{
			"type": "Feature",
			"geometry": {
				"type": "Point",
				"coordinates": [
					 130.291,
					 31.9054
				]
			},
			"properties": {
				"name": "JA6/KG-174(平原山)",
				"読み":"Heibanyama",
				"標高":"264m 1pt ",
				"GL":"PM51dv",
				"市郡区":"C#4616 ",
				"登山日":"",
				"メモ":"",
				"_markerType": "Icon",
				"_iconUrl": "https://maps.gsi.go.jp/portal/sys/v4/symbols/826.png",
				"_iconSize": [
					16,
					16
				],
				"_iconAnchor": [
					8,
					8
				]
			}
		},
		{
			"type": "Feature",
			"geometry": {
				"type": "Point",
				"coordinates": [
					 130.2458,
					 31.2741
				]
			},
			"properties": {
				"name": "JA6/KG-175(番屋山)",
				"読み":"Banyayama",
				"標高":"261m 1pt ",
				"GL":"PM51cg",
				"市郡区":"C#4621 ",
				"登山日":"",
				"メモ":"",
				"_markerType": "Icon",
				"_iconUrl": "https://maps.gsi.go.jp/portal/sys/v4/symbols/826.png",
				"_iconSize": [
					16,
					16
				],
				"_iconAnchor": [
					8,
					8
				]
			}
		},
		{
			"type": "Feature",
			"geometry": {
				"type": "Point",
				"coordinates": [
					 129.9145,
					 31.8603
				]
			},
			"properties": {
				"name": "JA6/KG-176(遠見山)",
				"読み":"Toomiyama",
				"標高":"250m 1pt ",
				"GL":"PM41wu",
				"市郡区":"C#4616 ",
				"登山日":"",
				"メモ":"",
				"_markerType": "Icon",
				"_iconUrl": "https://maps.gsi.go.jp/portal/sys/v4/symbols/826.png",
				"_iconSize": [
					16,
					16
				],
				"_iconAnchor": [
					8,
					8
				]
			}
		},
		{
			"type": "Feature",
			"geometry": {
				"type": "Point",
				"coordinates": [
					 129.5339,
					 29.6919
				]
			},
			"properties": {
				"name": "JA6/KG-177(御岳)",
				"読み":"Ontake",
				"標高":"242m 1pt ",
				"GL":"PL49sq",
				"市郡区":"G#46006D ",
				"登山日":"",
				"メモ":"",
				"_markerType": "Icon",
				"_iconUrl": "https://maps.gsi.go.jp/portal/sys/v4/symbols/826.png",
				"_iconSize": [
					16,
					16
				],
				"_iconAnchor": [
					8,
					8
				]
			}
		},
		{
			"type": "Feature",
			"geometry": {
				"type": "Point",
				"coordinates": [
					 130.2884,
					 30.7828
				]
			},
			"properties": {
				"name": "JA6/KG-178(稲村岳)",
				"読み":"Inamuradake",
				"標高":"240m 1pt ",
				"GL":"PM50ds",
				"市郡区":"G#46006B ",
				"登山日":"",
				"メモ":"",
				"_markerType": "Icon",
				"_iconUrl": "https://maps.gsi.go.jp/portal/sys/v4/symbols/826.png",
				"_iconSize": [
					16,
					16
				],
				"_iconAnchor": [
					8,
					8
				]
			}
		},
		{
			"type": "Feature",
			"geometry": {
				"type": "Point",
				"coordinates": [
					 130.4106,
					 31.868
				]
			},
			"properties": {
				"name": "JA6/KG-179(須杭岡)",
				"読み":"Sukuioka",
				"標高":"240m 1pt ",
				"GL":"PM51eu",
				"市郡区":"G#46010L ",
				"登山日":"",
				"メモ":"",
				"_markerType": "Icon",
				"_iconUrl": "https://maps.gsi.go.jp/portal/sys/v4/symbols/826.png",
				"_iconSize": [
					16,
					16
				],
				"_iconAnchor": [
					8,
					8
				]
			}
		},
		{
			"type": "Feature",
			"geometry": {
				"type": "Point",
				"coordinates": [
					 130.35,
					 31.612
				]
			},
			"properties": {
				"name": "JA6/KG-180(城山)",
				"読み":"Shiroyama",
				"標高":"240m 1pt ",
				"GL":"PM51eo",
				"市郡区":"C#4617 ",
				"登山日":"",
				"メモ":"",
				"_markerType": "Icon",
				"_iconUrl": "https://maps.gsi.go.jp/portal/sys/v4/symbols/826.png",
				"_iconSize": [
					16,
					16
				],
				"_iconAnchor": [
					8,
					8
				]
			}
		},
		{
			"type": "Feature",
			"geometry": {
				"type": "Point",
				"coordinates": [
					 131.0534,
					 30.7436
				]
			},
			"properties": {
				"name": "JA6/KG-181(天女ヶ倉)",
				"読み":"Amamegakura",
				"標高":"237m 1pt ",
				"GL":"PM50mr",
				"市郡区":"C#4614 ",
				"登山日":"",
				"メモ":"",
				"_markerType": "Icon",
				"_iconUrl": "https://maps.gsi.go.jp/portal/sys/v4/symbols/826.png",
				"_iconSize": [
					16,
					16
				],
				"_iconAnchor": [
					8,
					8
				]
			}
		},
		{
			"type": "Feature",
			"geometry": {
				"type": "Point",
				"coordinates": [
					 129.9142,
					 30.0022
				]
			},
			"properties": {
				"name": "JA6/KG-182(フリイ岳)",
				"読み":"Furiidake",
				"標高":"235m 1pt ",
				"GL":"PM40wa",
				"市郡区":"G#46006D ",
				"登山日":"",
				"メモ":"",
				"_markerType": "Icon",
				"_iconUrl": "https://maps.gsi.go.jp/portal/sys/v4/symbols/826.png",
				"_iconSize": [
					16,
					16
				],
				"_iconAnchor": [
					8,
					8
				]
			}
		},
		{
			"type": "Feature",
			"geometry": {
				"type": "Point",
				"coordinates": [
					 130.7591,
					 31.204
				]
			},
			"properties": {
				"name": "JA6/KG-183(川南(三角点))",
				"読み":"Kanan",
				"標高":"234m 1pt ",
				"GL":"PM51je",
				"市郡区":"G#46008K ",
				"登山日":"",
				"メモ":"",
				"_markerType": "Icon",
				"_iconUrl": "https://maps.gsi.go.jp/portal/sys/v4/symbols/826.png",
				"_iconSize": [
					16,
					16
				],
				"_iconAnchor": [
					8,
					8
				]
			}
		},
		{
			"type": "Feature",
			"geometry": {
				"type": "Point",
				"coordinates": [
					 130.6621,
					 31.0017
				]
			},
			"properties": {
				"name": "JA6/KG-184(点220)",
				"読み":"JA6/KG-184",
				"標高":"220m 1pt ",
				"GL":"PM51ha",
				"市郡区":"G#46008K ",
				"登山日":"",
				"メモ":"",
				"_markerType": "Icon",
				"_iconUrl": "https://maps.gsi.go.jp/portal/sys/v4/symbols/826.png",
				"_iconSize": [
					16,
					16
				],
				"_iconAnchor": [
					8,
					8
				]
			}
		},
		{
			"type": "Feature",
			"geometry": {
				"type": "Point",
				"coordinates": [
					 130.4326,
					 30.8125
				]
			},
			"properties": {
				"name": "JA6/KG-185(マゴメ山)",
				"読み":"Magomeyama",
				"標高":"219m 1pt ",
				"GL":"PM50ft",
				"市郡区":"G#46006B ",
				"登山日":"",
				"メモ":"",
				"_markerType": "Icon",
				"_iconUrl": "https://maps.gsi.go.jp/portal/sys/v4/symbols/826.png",
				"_iconSize": [
					16,
					16
				],
				"_iconAnchor": [
					8,
					8
				]
			}
		},
		{
			"type": "Feature",
			"geometry": {
				"type": "Point",
				"coordinates": [
					 129.2486,
					 28.2077
				]
			},
			"properties": {
				"name": "JA6/KG-186(浜グリ先(三角点))",
				"読み":"Hamagurisaki",
				"標高":"212m 1pt ",
				"GL":"PL48oe",
				"市郡区":"G#46005J ",
				"登山日":"",
				"メモ":"",
				"_markerType": "Icon",
				"_iconUrl": "https://maps.gsi.go.jp/portal/sys/v4/symbols/826.png",
				"_iconSize": [
					16,
					16
				],
				"_iconAnchor": [
					8,
					8
				]
			}
		},
		{
			"type": "Feature",
			"geometry": {
				"type": "Point",
				"coordinates": [
					 130.6832,
					 31.0156
				]
			},
			"properties": {
				"name": "JA6/KG-187(本田平(三角点))",
				"読み":"Hondadaira",
				"標高":"211m 1pt ",
				"GL":"PM51ia",
				"市郡区":"G#46008K ",
				"登山日":"",
				"メモ":"",
				"_markerType": "Icon",
				"_iconUrl": "https://maps.gsi.go.jp/portal/sys/v4/symbols/826.png",
				"_iconSize": [
					16,
					16
				],
				"_iconAnchor": [
					8,
					8
				]
			}
		},
		{
			"type": "Feature",
			"geometry": {
				"type": "Point",
				"coordinates": [
					 130.6543,
					 31.2621
				]
			},
			"properties": {
				"name": "JA6/KG-188(魚見岳)",
				"読み":"Uomidake",
				"標高":"210m 1pt ",
				"GL":"PM51hg",
				"市郡区":"C#4610 ",
				"登山日":"",
				"メモ":"",
				"_markerType": "Icon",
				"_iconUrl": "https://maps.gsi.go.jp/portal/sys/v4/symbols/826.png",
				"_iconSize": [
					16,
					16
				],
				"_iconAnchor": [
					8,
					8
				]
			}
		},
		{
			"type": "Feature",
			"geometry": {
				"type": "Point",
				"coordinates": [
					 130.6255,
					 31.1822
				]
			},
			"properties": {
				"name": "JA6/KG-189(小岩)",
				"読み":"Koiwa",
				"標高":"204m 1pt ",
				"GL":"PM51he",
				"市郡区":"C#4610 ",
				"登山日":"",
				"メモ":"",
				"_markerType": "Icon",
				"_iconUrl": "https://maps.gsi.go.jp/portal/sys/v4/symbols/826.png",
				"_iconSize": [
					16,
					16
				],
				"_iconAnchor": [
					8,
					8
				]
			}
		},
		{
			"type": "Feature",
			"geometry": {
				"type": "Point",
				"coordinates": [
					 129.2674,
					 28.1587
				]
			},
			"properties": {
				"name": "JA6/KG-190(加計呂麻島)",
				"読み":"Kakeromajima",
				"標高":"190m 1pt ",
				"GL":"PL48pd",
				"市郡区":"G#46005J ",
				"登山日":"",
				"メモ":"",
				"_markerType": "Icon",
				"_iconUrl": "https://maps.gsi.go.jp/portal/sys/v4/symbols/826.png",
				"_iconSize": [
					16,
					16
				],
				"_iconAnchor": [
					8,
					8
				]
			}
		},
		{
			"type": "Feature",
			"geometry": {
				"type": "Point",
				"coordinates": [
					 129.6872,
					 28.4711
				]
			},
			"properties": {
				"name": "JA6/KG-191(高岳)",
				"読み":"Takadake",
				"標高":"183m 1pt ",
				"GL":"PL48ul",
				"市郡区":"C#4623 ",
				"登山日":"",
				"メモ":"",
				"_markerType": "Icon",
				"_iconUrl": "https://maps.gsi.go.jp/portal/sys/v4/symbols/826.png",
				"_iconSize": [
					16,
					16
				],
				"_iconAnchor": [
					8,
					8
				]
			}
		},
		{
			"type": "Feature",
			"geometry": {
				"type": "Point",
				"coordinates": [
					 129.7124,
					 31.6259
				]
			},
			"properties": {
				"name": "JA6/KG-192(津口鼻)",
				"読み":"Tsuguchihana",
				"標高":"165m 1pt ",
				"GL":"PM41up",
				"市郡区":"C#4616 ",
				"登山日":"",
				"メモ":"",
				"_markerType": "Icon",
				"_iconUrl": "https://maps.gsi.go.jp/portal/sys/v4/symbols/826.png",
				"_iconSize": [
					16,
					16
				],
				"_iconAnchor": [
					8,
					8
				]
			}
		},
		{
			"type": "Feature",
			"geometry": {
				"type": "Point",
				"coordinates": [
					 129.1652,
					 28.1199
				]
			},
			"properties": {
				"name": "JA6/KG-193(須子茂離)",
				"読み":"Sukomobanare",
				"標高":"152m 1pt ",
				"GL":"PL48nc",
				"市郡区":"G#46005J ",
				"登山日":"",
				"メモ":"",
				"_markerType": "Icon",
				"_iconUrl": "https://maps.gsi.go.jp/portal/sys/v4/symbols/826.png",
				"_iconSize": [
					16,
					16
				],
				"_iconAnchor": [
					8,
					8
				]
			}
		},
		{
			"type": "Feature",
			"geometry": {
				"type": "Point",
				"coordinates": [
					 129.4328,
					 30.8468
				]
			},
			"properties": {
				"name": "JA6/KG-194(下ノ島)",
				"読み":"Shimonoshima",
				"標高":"151m 1pt ",
				"GL":"PM40ru",
				"市郡区":"C#4621 ",
				"登山日":"",
				"メモ":"",
				"_markerType": "Icon",
				"_iconUrl": "https://maps.gsi.go.jp/portal/sys/v4/symbols/826.png",
				"_iconSize": [
					16,
					16
				],
				"_iconAnchor": [
					8,
					8
				]
			}
		},
		{
			"type": "Feature",
			"geometry": {
				"type": "Point",
				"coordinates": [
					 130.633681,
					 31.888207
				]
			},
			"properties": {
				"name": "JA6/KG-195(貝吹岡)",
				"読み":"Kaibukioka",
				"標高":"568m 2pt ",
				"GL":"PM51hv",
				"市郡区":"C#4619 ",
				"登山日":"",
				"メモ":"",
				"_markerType": "Icon",
				"_iconUrl": "https://maps.gsi.go.jp/portal/sys/v4/symbols/102.png",
				"_iconSize": [
					16,
					16
				],
				"_iconAnchor": [
					8,
					8
				]
			}
		},
		{
			"type": "Feature",
			"geometry": {
				"type": "Point",
				"coordinates": [
					 130.398231,
					 32.030999
				]
			},
			"properties": {
				"name": "JA6/KG-196(平四郎(三角点))",
				"読み":"Heishirou",
				"標高":"558m 2pt ",
				"GL":"PM52ea",
				"市郡区":"C#4607 ",
				"登山日":"",
				"メモ":"",
				"_markerType": "Icon",
				"_iconUrl": "https://maps.gsi.go.jp/portal/sys/v4/symbols/102.png",
				"_iconSize": [
					16,
					16
				],
				"_iconAnchor": [
					8,
					8
				]
			}
		},
		{
			"type": "Feature",
			"geometry": {
				"type": "Point",
				"coordinates": [
					 130.446744,
					 31.491968
				]
			},
			"properties": {
				"name": "JA6/KG-197(立神)",
				"読み":"Tategami",
				"標高":"478m 1pt ",
				"GL":"PM51fl",
				"市郡区":"C#4601 ",
				"登山日":"",
				"メモ":"",
				"_markerType": "Icon",
				"_iconUrl": "https://maps.gsi.go.jp/portal/sys/v4/symbols/826.png",
				"_iconSize": [
					16,
					16
				],
				"_iconAnchor": [
					8,
					8
				]
			}
		},
		{
			"type": "Feature",
			"geometry": {
				"type": "Point",
				"coordinates": [
					 130.5032873,
					 31.79271626
				]
			},
			"properties": {
				"name": "JA6/KG-198(点451)",
				"読み":"JA/KG-198",
				"標高":"451m 1pt ",
				"GL":"PM51gt",
				"市郡区":"C#4616 / C#4626 ",
				"登山日":"",
				"メモ":"",
				"_markerType": "Icon",
				"_iconUrl": "https://maps.gsi.go.jp/portal/sys/v4/symbols/826.png",
				"_iconSize": [
					16,
					16
				],
				"_iconAnchor": [
					8,
					8
				]
			}
		},
		{
			"type": "Feature",
			"geometry": {
				"type": "Point",
				"coordinates": [
					 130.504575,
					 31.802893
				]
			},
			"properties": {
				"name": "JA6/KG-199(点413)",
				"読み":"JA/KG-199",
				"標高":"413m 1pt ",
				"GL":"PM51gt",
				"市郡区":"C#4616 ",
				"登山日":"",
				"メモ":"",
				"_markerType": "Icon",
				"_iconUrl": "https://maps.gsi.go.jp/portal/sys/v4/symbols/826.png",
				"_iconSize": [
					16,
					16
				],
				"_iconAnchor": [
					8,
					8
				]
			}
		},
		{
			"type": "Feature",
			"geometry": {
				"type": "Point",
				"coordinates": [
					 130.18786,
					 32.152217
				]
			},
			"properties": {
				"name": "JA6/KG-200(牧(三角点))",
				"読み":"Maki",
				"標高":"294m 1pt ",
				"GL":"PM52cd",
				"市郡区":"G#46003D ",
				"登山日":"",
				"メモ":"",
				"_markerType": "Icon",
				"_iconUrl": "https://maps.gsi.go.jp/portal/sys/v4/symbols/826.png",
				"_iconSize": [
					16,
					16
				],
				"_iconAnchor": [
					8,
					8
				]
			}
		},
		{
			"type": "Feature",
			"geometry": {
				"type": "Point",
				"coordinates": [
					 129.854778,
					 31.864296
				]
			},
			"properties": {
				"name": "JA6/KG-201(天狗山)",
				"読み":"Tenguyama",
				"標高":"229m 1pt ",
				"GL":"PM41wu",
				"市郡区":"C#4616 ",
				"登山日":"",
				"メモ":"",
				"_markerType": "Icon",
				"_iconUrl": "https://maps.gsi.go.jp/portal/sys/v4/symbols/826.png",
				"_iconSize": [
					16,
					16
				],
				"_iconAnchor": [
					8,
					8
				]
			}
		},
		{
			"type": "Feature",
			"geometry": {
				"type": "Point",
				"coordinates": [
					 130.9468,
					 32.4734
				]
			},
			"properties": {
				"name": "JA6/KM-001(上福根山)",
				"読み":"Kamifukuneyama",
				"標高":"1646m 10pt ",
				"GL":"PM52ll",
				"市郡区":"C#4302 ",
				"登山日":"",
				"メモ":"",
				"_markerType": "Icon",
				"_iconUrl": "https://maps.gsi.go.jp/portal/sys/v4/symbols/101.png",
				"_iconSize": [
					16,
					16
				],
				"_iconAnchor": [
					8,
					8
				]
			}
		},
		{
			"type": "Feature",
			"geometry": {
				"type": "Point",
				"coordinates": [
					 131.1039,
					 32.8843
				]
			},
			"properties": {
				"name": "JA6/KM-002(阿蘇山(高岳))",
				"読み":"Asosan/Takadake",
				"標高":"1592m 10pt ",
				"GL":"PM52nv",
				"市郡区":"G#43002I / C#4314 ",
				"登山日":"",
				"メモ":"",
				"_markerType": "Icon",
				"_iconUrl": "https://maps.gsi.go.jp/portal/sys/v4/symbols/101.png",
				"_iconSize": [
					16,
					16
				],
				"_iconAnchor": [
					8,
					8
				]
			}
		},
		{
			"type": "Feature",
			"geometry": {
				"type": "Point",
				"coordinates": [
					 131.1444,
					 32.8835
				]
			},
			"properties": {
				"name": "JA6/KM-003(阿蘇山(根子岳(猫岳)))",
				"読み":"Asosan/Nekodake",
				"標高":"1433m 8pt ",
				"GL":"PM52nv",
				"市郡区":"G#43002I / C#4314 ",
				"登山日":"",
				"メモ":"",
				"_markerType": "Icon",
				"_iconUrl": "https://maps.gsi.go.jp/portal/sys/v4/symbols/104.png",
				"_iconSize": [
					16,
					16
				],
				"_iconAnchor": [
					8,
					8
				]
			}
		},
		{
			"type": "Feature",
			"geometry": {
				"type": "Point",
				"coordinates": [
					 130.9434,
					 32.1504
				]
			},
			"properties": {
				"name": "JA6/KM-004(白髪岳)",
				"読み":"Shiragadake",
				"標高":"1417m 8pt ",
				"GL":"PM52ld",
				"市郡区":"G#43008N ",
				"登山日":"",
				"メモ":"",
				"_markerType": "Icon",
				"_iconUrl": "https://maps.gsi.go.jp/portal/sys/v4/symbols/104.png",
				"_iconSize": [
					16,
					16
				],
				"_iconAnchor": [
					8,
					8
				]
			}
		},
		{
			"type": "Feature",
			"geometry": {
				"type": "Point",
				"coordinates": [
					 130.9684,
					 32.6035
				]
			},
			"properties": {
				"name": "JA6/KM-006(目丸山)",
				"読み":"Memaruyama",
				"標高":"1341m 8pt ",
				"GL":"PM52lo",
				"市郡区":"G#43009H / G#43005G ",
				"登山日":"",
				"メモ":"",
				"_markerType": "Icon",
				"_iconUrl": "https://maps.gsi.go.jp/portal/sys/v4/symbols/104.png",
				"_iconSize": [
					16,
					16
				],
				"_iconAnchor": [
					8,
					8
				]
			}
		},
		{
			"type": "Feature",
			"geometry": {
				"type": "Point",
				"coordinates": [
					 131.058,
					 32.8737
				]
			},
			"properties": {
				"name": "JA6/KM-007(阿蘇山(烏帽子岳))",
				"読み":"Asosan/Eboshidake",
				"標高":"1337m 8pt ",
				"GL":"PM52mu",
				"市郡区":"G#43002M ",
				"登山日":"",
				"メモ":"",
				"_markerType": "Icon",
				"_iconUrl": "https://maps.gsi.go.jp/portal/sys/v4/symbols/104.png",
				"_iconSize": [
					16,
					16
				],
				"_iconAnchor": [
					8,
					8
				]
			}
		},
		{
			"type": "Feature",
			"geometry": {
				"type": "Point",
				"coordinates": [
					 131.0578,
					 32.8926
				]
			},
			"properties": {
				"name": "JA6/KM-008(阿蘇山(杵島岳))",
				"読み":"Asosan/Kishimadake",
				"標高":"1326m 8pt ",
				"GL":"PM52mv",
				"市郡区":"C#4314 ",
				"登山日":"",
				"メモ":"",
				"_markerType": "Icon",
				"_iconUrl": "https://maps.gsi.go.jp/portal/sys/v4/symbols/104.png",
				"_iconSize": [
					16,
					16
				],
				"_iconAnchor": [
					8,
					8
				]
			}
		},
		{
			"type": "Feature",
			"geometry": {
				"type": "Point",
				"coordinates": [
					 130.7777,
					 32.3714
				]
			},
			"properties": {
				"name": "JA6/KM-009(仰烏帽子山)",
				"読み":"Nokeeboshiyama",
				"標高":"1302m 8pt ",
				"GL":"PM52ji",
				"市郡区":"G#43008J / G#43008M ",
				"登山日":"",
				"メモ":"",
				"_markerType": "Icon",
				"_iconUrl": "https://maps.gsi.go.jp/portal/sys/v4/symbols/104.png",
				"_iconSize": [
					16,
					16
				],
				"_iconAnchor": [
					8,
					8
				]
			}
		},
		{
			"type": "Feature",
			"geometry": {
				"type": "Point",
				"coordinates": [
					 130.8801,
					 32.5096
				]
			},
			"properties": {
				"name": "JA6/KM-010(保口岳)",
				"読み":"Hokuchidake",
				"標高":"1281m 8pt ",
				"GL":"PM52km",
				"市郡区":"C#4302 ",
				"登山日":"",
				"メモ":"",
				"_markerType": "Icon",
				"_iconUrl": "https://maps.gsi.go.jp/portal/sys/v4/symbols/104.png",
				"_iconSize": [
					16,
					16
				],
				"_iconAnchor": [
					8,
					8
				]
			}
		},
		{
			"type": "Feature",
			"geometry": {
				"type": "Point",
				"coordinates": [
					 130.8193,
					 32.4548
				]
			},
			"properties": {
				"name": "JA6/KM-011(白鬚岳)",
				"読み":"Shiragadake",
				"標高":"1244m 8pt ",
				"GL":"PM52jk",
				"市郡区":"G#43008A ",
				"登山日":"",
				"メモ":"",
				"_markerType": "Icon",
				"_iconUrl": "https://maps.gsi.go.jp/portal/sys/v4/symbols/104.png",
				"_iconSize": [
					16,
					16
				],
				"_iconAnchor": [
					8,
					8
				]
			}
		},
		{
			"type": "Feature",
			"geometry": {
				"type": "Point",
				"coordinates": [
					 131.0051,
					 32.7888
				]
			},
			"properties": {
				"name": "JA6/KM-012(大矢野岳)",
				"読み":"Ooyanodake",
				"標高":"1236m 8pt ",
				"GL":"PM52ms",
				"市郡区":"G#43002M / G#43005G ",
				"登山日":"",
				"メモ":"",
				"_markerType": "Icon",
				"_iconUrl": "https://maps.gsi.go.jp/portal/sys/v4/symbols/104.png",
				"_iconSize": [
					16,
					16
				],
				"_iconAnchor": [
					8,
					8
				]
			}
		},
		{
			"type": "Feature",
			"geometry": {
				"type": "Point",
				"coordinates": [
					 130.9149,
					 32.3667
				]
			},
			"properties": {
				"name": "JA6/KM-013(点1220(茶臼峠近傍))",
				"読み":"P1220",
				"標高":"1220m 8pt ",
				"GL":"PM52ki",
				"市郡区":"G#43008A ",
				"登山日":"",
				"メモ":"",
				"_markerType": "Icon",
				"_iconUrl": "https://maps.gsi.go.jp/portal/sys/v4/symbols/104.png",
				"_iconSize": [
					16,
					16
				],
				"_iconAnchor": [
					8,
					8
				]
			}
		},
		{
			"type": "Feature",
			"geometry": {
				"type": "Point",
				"coordinates": [
					 130.9788,
					 32.1562
				]
			},
			"properties": {
				"name": "JA6/KM-014(小白鬚岳)",
				"読み":"Koshiragadake",
				"標高":"1183m 8pt ",
				"GL":"PM52ld",
				"市郡区":"G#43008N ",
				"登山日":"",
				"メモ":"",
				"_markerType": "Icon",
				"_iconUrl": "https://maps.gsi.go.jp/portal/sys/v4/symbols/104.png",
				"_iconSize": [
					16,
					16
				],
				"_iconAnchor": [
					8,
					8
				]
			}
		},
		{
			"type": "Feature",
			"geometry": {
				"type": "Point",
				"coordinates": [
					 131.0557,
					 32.2461
				]
			},
			"properties": {
				"name": "JA6/KM-015(横谷(三角点))",
				"読み":"Yokotani",
				"標高":"1168m 8pt ",
				"GL":"PM52mf",
				"市郡区":"G#43008E / G#45002F ",
				"登山日":"",
				"メモ":"",
				"_markerType": "Icon",
				"_iconUrl": "https://maps.gsi.go.jp/portal/sys/v4/symbols/104.png",
				"_iconSize": [
					16,
					16
				],
				"_iconAnchor": [
					8,
					8
				]
			}
		},
		{
			"type": "Feature",
			"geometry": {
				"type": "Point",
				"coordinates": [
					 130.8082,
					 32.4941
				]
			},
			"properties": {
				"name": "JA6/KM-016(六本杉山)",
				"読み":"Ropponsugiyama",
				"標高":"1149m 8pt ",
				"GL":"PM52jl",
				"市郡区":"C#4302 / G#43008A ",
				"登山日":"",
				"メモ":"",
				"_markerType": "Icon",
				"_iconUrl": "https://maps.gsi.go.jp/portal/sys/v4/symbols/104.png",
				"_iconSize": [
					16,
					16
				],
				"_iconAnchor": [
					8,
					8
				]
			}
		},
		{
			"type": "Feature",
			"geometry": {
				"type": "Point",
				"coordinates": [
					 130.8875,
					 32.1472
				]
			},
			"properties": {
				"name": "JA6/KM-017(大平山)",
				"読み":"Oohirayama",
				"標高":"1120m 8pt ",
				"GL":"PM52kd",
				"市郡区":"G#43008F ",
				"登山日":"",
				"メモ":"",
				"_markerType": "Icon",
				"_iconUrl": "https://maps.gsi.go.jp/portal/sys/v4/symbols/104.png",
				"_iconSize": [
					16,
					16
				],
				"_iconAnchor": [
					8,
					8
				]
			}
		},
		{
			"type": "Feature",
			"geometry": {
				"type": "Point",
				"coordinates": [
					 130.9339,
					 32.9533
				]
			},
			"properties": {
				"name": "JA6/KM-018(鞍岳)",
				"読み":"Kuradake",
				"標高":"1118m 8pt ",
				"GL":"PM52lw",
				"市郡区":"C#4310 ",
				"登山日":"",
				"メモ":"",
				"_markerType": "Icon",
				"_iconUrl": "https://maps.gsi.go.jp/portal/sys/v4/symbols/104.png",
				"_iconSize": [
					16,
					16
				],
				"_iconAnchor": [
					8,
					8
				]
			}
		},
		{
			"type": "Feature",
			"geometry": {
				"type": "Point",
				"coordinates": [
					 131.0131,
					 32.2295
				]
			},
			"properties": {
				"name": "JA6/KM-019(花立山)",
				"読み":"Hanatateyama",
				"標高":"1106m 8pt ",
				"GL":"PM52mf",
				"市郡区":"G#43008E / G#43008K ",
				"登山日":"",
				"メモ":"",
				"_markerType": "Icon",
				"_iconUrl": "https://maps.gsi.go.jp/portal/sys/v4/symbols/104.png",
				"_iconSize": [
					16,
					16
				],
				"_iconAnchor": [
					8,
					8
				]
			}
		},
		{
			"type": "Feature",
			"geometry": {
				"type": "Point",
				"coordinates": [
					 130.9704,
					 32.8379
				]
			},
			"properties": {
				"name": "JA6/KM-020(俵山)",
				"読み":"Tawarayama",
				"標高":"1100m 8pt ",
				"GL":"PM52lu",
				"市郡区":"G#43002K ",
				"登山日":"",
				"メモ":"",
				"_markerType": "Icon",
				"_iconUrl": "https://maps.gsi.go.jp/portal/sys/v4/symbols/104.png",
				"_iconSize": [
					16,
					16
				],
				"_iconAnchor": [
					8,
					8
				]
			}
		},
		{
			"type": "Feature",
			"geometry": {
				"type": "Point",
				"coordinates": [
					 130.8347,
					 33.0703
				]
			},
			"properties": {
				"name": "JA6/KM-021(八方ケ岳)",
				"読み":"Happougatake",
				"標高":"1052m 6pt ",
				"GL":"PM53kb",
				"市郡区":"C#4310 / C#4308 ",
				"登山日":"",
				"メモ":"",
				"_markerType": "Icon",
				"_iconUrl": "https://maps.gsi.go.jp/portal/sys/v4/symbols/103.png",
				"_iconSize": [
					16,
					16
				],
				"_iconAnchor": [
					8,
					8
				]
			}
		},
		{
			"type": "Feature",
			"geometry": {
				"type": "Point",
				"coordinates": [
					 130.7112,
					 32.3703
				]
			},
			"properties": {
				"name": "JA6/KM-022(榎木峠)",
				"読み":"Enokitouge",
				"標高":"1033m 6pt ",
				"GL":"PM52ii",
				"市郡区":"G#43008J / C#4302 ",
				"登山日":"",
				"メモ":"",
				"_markerType": "Icon",
				"_iconUrl": "https://maps.gsi.go.jp/portal/sys/v4/symbols/103.png",
				"_iconSize": [
					16,
					16
				],
				"_iconAnchor": [
					8,
					8
				]
			}
		},
		{
			"type": "Feature",
			"geometry": {
				"type": "Point",
				"coordinates": [
					 130.8175,
					 33.1054
				]
			},
			"properties": {
				"name": "JA6/KM-023(国見山)",
				"読み":"Kunimiyama",
				"標高":"1018m 6pt ",
				"GL":"PM53jc",
				"市郡区":"C#4308 ",
				"登山日":"",
				"メモ":"",
				"_markerType": "Icon",
				"_iconUrl": "https://maps.gsi.go.jp/portal/sys/v4/symbols/103.png",
				"_iconSize": [
					16,
					16
				],
				"_iconAnchor": [
					8,
					8
				]
			}
		},
		{
			"type": "Feature",
			"geometry": {
				"type": "Point",
				"coordinates": [
					 130.7146,
					 32.325
				]
			},
			"properties": {
				"name": "JA6/KM-024(点1017)",
				"読み":"P1017",
				"標高":"1017m 6pt ",
				"GL":"PM52ih",
				"市郡区":"G#43008J ",
				"登山日":"",
				"メモ":"",
				"_markerType": "Icon",
				"_iconUrl": "https://maps.gsi.go.jp/portal/sys/v4/symbols/103.png",
				"_iconSize": [
					16,
					16
				],
				"_iconAnchor": [
					8,
					8
				]
			}
		},
		{
			"type": "Feature",
			"geometry": {
				"type": "Point",
				"coordinates": [
					 130.9373,
					 33.0523
				]
			},
			"properties": {
				"name": "JA6/KM-025(保慶山(三角点))",
				"読み":"Hokeiyama",
				"標高":"1016m 6pt ",
				"GL":"PM53lb",
				"市郡区":"C#4310 / C#4404 ",
				"登山日":"",
				"メモ":"",
				"_markerType": "Icon",
				"_iconUrl": "https://maps.gsi.go.jp/portal/sys/v4/symbols/103.png",
				"_iconSize": [
					16,
					16
				],
				"_iconAnchor": [
					8,
					8
				]
			}
		},
		{
			"type": "Feature",
			"geometry": {
				"type": "Point",
				"coordinates": [
					 130.7672,
					 32.4252
				]
			},
			"properties": {
				"name": "JA6/KM-026(点990(棚ノ尾(三角点)近傍))",
				"読み":"P990",
				"標高":"990m 6pt ",
				"GL":"PM52jk",
				"市郡区":"G#43008A ",
				"登山日":"",
				"メモ":"",
				"_markerType": "Icon",
				"_iconUrl": "https://maps.gsi.go.jp/portal/sys/v4/symbols/103.png",
				"_iconSize": [
					16,
					16
				],
				"_iconAnchor": [
					8,
					8
				]
			}
		},
		{
			"type": "Feature",
			"geometry": {
				"type": "Point",
				"coordinates": [
					 130.6977,
					 32.3452
				]
			},
			"properties": {
				"name": "JA6/KM-027(国見山)",
				"読み":"Kunimiyama",
				"標高":"981m 6pt ",
				"GL":"PM52ii",
				"市郡区":"G#43008J / C#4302 ",
				"登山日":"",
				"メモ":"",
				"_markerType": "Icon",
				"_iconUrl": "https://maps.gsi.go.jp/portal/sys/v4/symbols/103.png",
				"_iconSize": [
					16,
					16
				],
				"_iconAnchor": [
					8,
					8
				]
			}
		},
		{
			"type": "Feature",
			"geometry": {
				"type": "Point",
				"coordinates": [
					 130.7517,
					 32.4686
				]
			},
			"properties": {
				"name": "JA6/KM-028(点974)",
				"読み":"P974",
				"標高":"974m 6pt ",
				"GL":"PM52jl",
				"市郡区":"G#43008A / C#4302 ",
				"登山日":"",
				"メモ":"",
				"_markerType": "Icon",
				"_iconUrl": "https://maps.gsi.go.jp/portal/sys/v4/symbols/103.png",
				"_iconSize": [
					16,
					16
				],
				"_iconAnchor": [
					8,
					8
				]
			}
		},
		{
			"type": "Feature",
			"geometry": {
				"type": "Point",
				"coordinates": [
					 130.6142,
					 32.1878
				]
			},
			"properties": {
				"name": "JA6/KM-029(国見山)",
				"読み":"Kunimiyama",
				"標高":"969m 6pt ",
				"GL":"PM52he",
				"市郡区":"G#43008L ",
				"登山日":"",
				"メモ":"",
				"_markerType": "Icon",
				"_iconUrl": "https://maps.gsi.go.jp/portal/sys/v4/symbols/103.png",
				"_iconSize": [
					16,
					16
				],
				"_iconAnchor": [
					8,
					8
				]
			}
		},
		{
			"type": "Feature",
			"geometry": {
				"type": "Point",
				"coordinates": [
					 130.6694,
					 32.3207
				]
			},
			"properties": {
				"name": "JA6/KM-030(秋払山)",
				"読み":"Akibaraiyama",
				"標高":"928m 6pt ",
				"GL":"PM52ih",
				"市郡区":"G#43008L ",
				"登山日":"",
				"メモ":"",
				"_markerType": "Icon",
				"_iconUrl": "https://maps.gsi.go.jp/portal/sys/v4/symbols/103.png",
				"_iconSize": [
					16,
					16
				],
				"_iconAnchor": [
					8,
					8
				]
			}
		},
		{
			"type": "Feature",
			"geometry": {
				"type": "Point",
				"coordinates": [
					 131.0491,
					 32.1633
				]
			},
			"properties": {
				"name": "JA6/KM-031(赤木山)",
				"読み":"Akagiyama",
				"標高":"910m 6pt ",
				"GL":"PM52md",
				"市郡区":"G#43008E / C#4505 ",
				"登山日":"",
				"メモ":"",
				"_markerType": "Icon",
				"_iconUrl": "https://maps.gsi.go.jp/portal/sys/v4/symbols/103.png",
				"_iconSize": [
					16,
					16
				],
				"_iconAnchor": [
					8,
					8
				]
			}
		},
		{
			"type": "Feature",
			"geometry": {
				"type": "Point",
				"coordinates": [
					 130.5558,
					 32.1974
				]
			},
			"properties": {
				"name": "JA6/KM-032(大関山)",
				"読み":"Oozekiyama",
				"標高":"902m 6pt ",
				"GL":"PM52ge",
				"市郡区":"C#4305 / G#43001C ",
				"登山日":"",
				"メモ":"",
				"_markerType": "Icon",
				"_iconUrl": "https://maps.gsi.go.jp/portal/sys/v4/symbols/103.png",
				"_iconSize": [
					16,
					16
				],
				"_iconAnchor": [
					8,
					8
				]
			}
		},
		{
			"type": "Feature",
			"geometry": {
				"type": "Point",
				"coordinates": [
					 130.6765,
					 32.3068
				]
			},
			"properties": {
				"name": "JA6/KM-033(点894)",
				"読み":"P894",
				"標高":"894m 6pt ",
				"GL":"PM52ih",
				"市郡区":"G#43008L ",
				"登山日":"",
				"メモ":"",
				"_markerType": "Icon",
				"_iconUrl": "https://maps.gsi.go.jp/portal/sys/v4/symbols/103.png",
				"_iconSize": [
					16,
					16
				],
				"_iconAnchor": [
					8,
					8
				]
			}
		},
		{
			"type": "Feature",
			"geometry": {
				"type": "Point",
				"coordinates": [
					 130.7872,
					 32.548
				]
			},
			"properties": {
				"name": "JA6/KM-034(矢山岳)",
				"読み":"Yayamadake",
				"標高":"870m 6pt ",
				"GL":"PM52jn",
				"市郡区":"C#4302 ",
				"登山日":"",
				"メモ":"",
				"_markerType": "Icon",
				"_iconUrl": "https://maps.gsi.go.jp/portal/sys/v4/symbols/103.png",
				"_iconSize": [
					16,
					16
				],
				"_iconAnchor": [
					8,
					8
				]
			}
		},
		{
			"type": "Feature",
			"geometry": {
				"type": "Point",
				"coordinates": [
					 130.9776,
					 32.8986
				]
			},
			"properties": {
				"name": "JA6/KM-035(瀬田(三角点))",
				"読み":"Seta",
				"標高":"862m 6pt ",
				"GL":"PM52lv",
				"市郡区":"G#43002M ",
				"登山日":"",
				"メモ":"",
				"_markerType": "Icon",
				"_iconUrl": "https://maps.gsi.go.jp/portal/sys/v4/symbols/103.png",
				"_iconSize": [
					16,
					16
				],
				"_iconAnchor": [
					8,
					8
				]
			}
		},
		{
			"type": "Feature",
			"geometry": {
				"type": "Point",
				"coordinates": [
					 131.0171,
					 33.1042
				]
			},
			"properties": {
				"name": "JA6/KM-037(扇山(三角点))",
				"読み":"Oogiyama",
				"標高":"838m 4pt ",
				"GL":"PM53mc",
				"市郡区":"G#43002C ",
				"登山日":"",
				"メモ":"",
				"_markerType": "Icon",
				"_iconUrl": "https://maps.gsi.go.jp/portal/sys/v4/symbols/828.png",
				"_iconSize": [
					16,
					16
				],
				"_iconAnchor": [
					8,
					8
				]
			}
		},
		{
			"type": "Feature",
			"geometry": {
				"type": "Point",
				"coordinates": [
					 130.9193,
					 32.6926
				]
			},
			"properties": {
				"name": "JA6/KM-038(間谷山)",
				"読み":"Mantaniyama",
				"標高":"812m 4pt ",
				"GL":"PM52lq",
				"市郡区":"G#43005G ",
				"登山日":"",
				"メモ":"",
				"_markerType": "Icon",
				"_iconUrl": "https://maps.gsi.go.jp/portal/sys/v4/symbols/828.png",
				"_iconSize": [
					16,
					16
				],
				"_iconAnchor": [
					8,
					8
				]
			}
		},
		{
			"type": "Feature",
			"geometry": {
				"type": "Point",
				"coordinates": [
					 130.8761,
					 32.6641
				]
			},
			"properties": {
				"name": "JA6/KM-039(甲佐岳)",
				"読み":"Kousadake",
				"標高":"753m 4pt ",
				"GL":"PM52kp",
				"市郡区":"G#43009H / G#43005C / G#43005E",
				"登山日":"",
				"メモ":"",
				"_markerType": "Icon",
				"_iconUrl": "https://maps.gsi.go.jp/portal/sys/v4/symbols/828.png",
				"_iconSize": [
					16,
					16
				],
				"_iconAnchor": [
					8,
					8
				]
			}
		},
		{
			"type": "Feature",
			"geometry": {
				"type": "Point",
				"coordinates": [
					 131.0015,
					 33.14
				]
			},
			"properties": {
				"name": "JA6/KM-040(黒渕(三角点))",
				"読み":"Kurobuchi",
				"標高":"740m 4pt ",
				"GL":"PM53md",
				"市郡区":"G#43002C ",
				"登山日":"",
				"メモ":"",
				"_markerType": "Icon",
				"_iconUrl": "https://maps.gsi.go.jp/portal/sys/v4/symbols/828.png",
				"_iconSize": [
					16,
					16
				],
				"_iconAnchor": [
					8,
					8
				]
			}
		},
		{
			"type": "Feature",
			"geometry": {
				"type": "Point",
				"coordinates": [
					 130.4636,
					 32.1357
				]
			},
			"properties": {
				"name": "JA6/KM-041(鬼岳)",
				"読み":"Onidake",
				"標高":"735m 4pt ",
				"GL":"PM52fd",
				"市郡区":"C#4305 ",
				"登山日":"",
				"メモ":"",
				"_markerType": "Icon",
				"_iconUrl": "https://maps.gsi.go.jp/portal/sys/v4/symbols/828.png",
				"_iconSize": [
					16,
					16
				],
				"_iconAnchor": [
					8,
					8
				]
			}
		},
		{
			"type": "Feature",
			"geometry": {
				"type": "Point",
				"coordinates": [
					 130.6369,
					 32.2783
				]
			},
			"properties": {
				"name": "JA6/KM-042(点700(権現山近傍))",
				"読み":"P700",
				"標高":"700m 4pt ",
				"GL":"PM52hg",
				"市郡区":"G#43008L ",
				"登山日":"",
				"メモ":"",
				"_markerType": "Icon",
				"_iconUrl": "https://maps.gsi.go.jp/portal/sys/v4/symbols/828.png",
				"_iconSize": [
					16,
					16
				],
				"_iconAnchor": [
					8,
					8
				]
			}
		},
		{
			"type": "Feature",
			"geometry": {
				"type": "Point",
				"coordinates": [
					 130.6223,
					 32.8444
				]
			},
			"properties": {
				"name": "JA6/KM-043(熊ノ岳)",
				"読み":"Kumanodake",
				"標高":"686m 4pt ",
				"GL":"PM52hu",
				"市郡区":"C#430103 / C#4306 ",
				"登山日":"",
				"メモ":"",
				"_markerType": "Icon",
				"_iconUrl": "https://maps.gsi.go.jp/portal/sys/v4/symbols/828.png",
				"_iconSize": [
					16,
					16
				],
				"_iconAnchor": [
					8,
					8
				]
			}
		},
		{
			"type": "Feature",
			"geometry": {
				"type": "Point",
				"coordinates": [
					 130.327,
					 32.4278
				]
			},
			"properties": {
				"name": "JA6/KM-044(倉岳)",
				"読み":"Kuradake",
				"標高":"682m 4pt ",
				"GL":"PM52dk",
				"市郡区":"C#4315 ",
				"登山日":"",
				"メモ":"",
				"_markerType": "Icon",
				"_iconUrl": "https://maps.gsi.go.jp/portal/sys/v4/symbols/828.png",
				"_iconSize": [
					16,
					16
				],
				"_iconAnchor": [
					8,
					8
				]
			}
		},
		{
			"type": "Feature",
			"geometry": {
				"type": "Point",
				"coordinates": [
					 130.639,
					 32.814
				]
			},
			"properties": {
				"name": "JA6/KM-045(金峰山)",
				"読み":"Kinbouzan",
				"標高":"665m 4pt ",
				"GL":"PM52ht",
				"市郡区":"C#430103 ",
				"登山日":"",
				"メモ":"",
				"_markerType": "Icon",
				"_iconUrl": "https://maps.gsi.go.jp/portal/sys/v4/symbols/828.png",
				"_iconSize": [
					16,
					16
				],
				"_iconAnchor": [
					8,
					8
				]
			}
		},
		{
			"type": "Feature",
			"geometry": {
				"type": "Point",
				"coordinates": [
					 130.9395,
					 32.6572
				]
			},
			"properties": {
				"name": "JA6/KM-046(万坂山)",
				"読み":"Manzakayama",
				"標高":"664m 4pt ",
				"GL":"PM52lp",
				"市郡区":"G#43005G / G#43009H ",
				"登山日":"",
				"メモ":"",
				"_markerType": "Icon",
				"_iconUrl": "https://maps.gsi.go.jp/portal/sys/v4/symbols/828.png",
				"_iconSize": [
					16,
					16
				],
				"_iconAnchor": [
					8,
					8
				]
			}
		},
		{
			"type": "Feature",
			"geometry": {
				"type": "Point",
				"coordinates": [
					 130.7288,
					 33.0939
				]
			},
			"properties": {
				"name": "JA6/KM-047(西岳)",
				"読み":"Nishidake",
				"標高":"648m 2pt ",
				"GL":"PM53ic",
				"市郡区":"C#4308 ",
				"登山日":"",
				"メモ":"",
				"_markerType": "Icon",
				"_iconUrl": "https://maps.gsi.go.jp/portal/sys/v4/symbols/102.png",
				"_iconSize": [
					16,
					16
				],
				"_iconAnchor": [
					8,
					8
				]
			}
		},
		{
			"type": "Feature",
			"geometry": {
				"type": "Point",
				"coordinates": [
					 130.6279,
					 32.364
				]
			},
			"properties": {
				"name": "JA6/KM-048(山瀬(三角点))",
				"読み":"Yamase",
				"標高":"628m 2pt ",
				"GL":"PM52hi",
				"市郡区":"G#43001C / C#4302 ",
				"登山日":"",
				"メモ":"",
				"_markerType": "Icon",
				"_iconUrl": "https://maps.gsi.go.jp/portal/sys/v4/symbols/102.png",
				"_iconSize": [
					16,
					16
				],
				"_iconAnchor": [
					8,
					8
				]
			}
		},
		{
			"type": "Feature",
			"geometry": {
				"type": "Point",
				"coordinates": [
					 130.4825,
					 32.206
				]
			},
			"properties": {
				"name": "JA6/KM-049(点609)",
				"読み":"P609",
				"標高":"609m 2pt ",
				"GL":"PM52fe",
				"市郡区":"G#43001C ",
				"登山日":"",
				"メモ":"",
				"_markerType": "Icon",
				"_iconUrl": "https://maps.gsi.go.jp/portal/sys/v4/symbols/102.png",
				"_iconSize": [
					16,
					16
				],
				"_iconAnchor": [
					8,
					8
				]
			}
		},
		{
			"type": "Feature",
			"geometry": {
				"type": "Point",
				"coordinates": [
					 130.6799,
					 33.1714
				]
			},
			"properties": {
				"name": "JA6/KM-050(女岳(雌岳))",
				"読み":"Medake",
				"標高":"596m 2pt ",
				"GL":"PM53ie",
				"市郡区":"C#4308 / C#4015 ",
				"登山日":"",
				"メモ":"",
				"_markerType": "Icon",
				"_iconUrl": "https://maps.gsi.go.jp/portal/sys/v4/symbols/102.png",
				"_iconSize": [
					16,
					16
				],
				"_iconAnchor": [
					8,
					8
				]
			}
		},
		{
			"type": "Feature",
			"geometry": {
				"type": "Point",
				"coordinates": [
					 130.3402,
					 32.4808
				]
			},
			"properties": {
				"name": "JA6/KM-051(老嶽)",
				"読み":"Oidake",
				"標高":"590m 2pt ",
				"GL":"PM52el",
				"市郡区":"C#4315 ",
				"登山日":"",
				"メモ":"",
				"_markerType": "Icon",
				"_iconUrl": "https://maps.gsi.go.jp/portal/sys/v4/symbols/102.png",
				"_iconSize": [
					16,
					16
				],
				"_iconAnchor": [
					8,
					8
				]
			}
		},
		{
			"type": "Feature",
			"geometry": {
				"type": "Point",
				"coordinates": [
					 130.5489,
					 32.345
				]
			},
			"properties": {
				"name": "JA6/KM-052(笠山)",
				"読み":"Kasayama",
				"標高":"567m 2pt ",
				"GL":"PM52gi",
				"市郡区":"G#43001C ",
				"登山日":"",
				"メモ":"",
				"_markerType": "Icon",
				"_iconUrl": "https://maps.gsi.go.jp/portal/sys/v4/symbols/102.png",
				"_iconSize": [
					16,
					16
				],
				"_iconAnchor": [
					8,
					8
				]
			}
		},
		{
			"type": "Feature",
			"geometry": {
				"type": "Point",
				"coordinates": [
					 130.7777,
					 32.5848
				]
			},
			"properties": {
				"name": "JA6/KM-053(下岳(三角点))",
				"読み":"Shimodake",
				"標高":"563m 2pt ",
				"GL":"PM52jo",
				"市郡区":"C#4302 / C#4313 ",
				"登山日":"",
				"メモ":"",
				"_markerType": "Icon",
				"_iconUrl": "https://maps.gsi.go.jp/portal/sys/v4/symbols/102.png",
				"_iconSize": [
					16,
					16
				],
				"_iconAnchor": [
					8,
					8
				]
			}
		},
		{
			"type": "Feature",
			"geometry": {
				"type": "Point",
				"coordinates": [
					 130.4969,
					 32.1811
				]
			},
			"properties": {
				"name": "JA6/KM-054(仁王木山(三角点))",
				"読み":"Niougiyama",
				"標高":"544m 2pt ",
				"GL":"PM52fe",
				"市郡区":"C#4305 ",
				"登山日":"",
				"メモ":"",
				"_markerType": "Icon",
				"_iconUrl": "https://maps.gsi.go.jp/portal/sys/v4/symbols/102.png",
				"_iconSize": [
					16,
					16
				],
				"_iconAnchor": [
					8,
					8
				]
			}
		},
		{
			"type": "Feature",
			"geometry": {
				"type": "Point",
				"coordinates": [
					 130.6865,
					 32.5277
				]
			},
			"properties": {
				"name": "JA6/KM-055(竜ケ峯(三角点))",
				"読み":"Ryugamine",
				"標高":"542m 2pt ",
				"GL":"PM52im",
				"市郡区":"C#4302 / G#43012H ",
				"登山日":"",
				"メモ":"",
				"_markerType": "Icon",
				"_iconUrl": "https://maps.gsi.go.jp/portal/sys/v4/symbols/102.png",
				"_iconSize": [
					16,
					16
				],
				"_iconAnchor": [
					8,
					8
				]
			}
		},
		{
			"type": "Feature",
			"geometry": {
				"type": "Point",
				"coordinates": [
					 130.0838,
					 32.4363
				]
			},
			"properties": {
				"name": "JA6/KM-056(天竺)",
				"読み":"Tenjiku",
				"標高":"538m 2pt ",
				"GL":"PM52bk",
				"市郡区":"G#43003M / C#4315 ",
				"登山日":"",
				"メモ":"",
				"_markerType": "Icon",
				"_iconUrl": "https://maps.gsi.go.jp/portal/sys/v4/symbols/102.png",
				"_iconSize": [
					16,
					16
				],
				"_iconAnchor": [
					8,
					8
				]
			}
		},
		{
			"type": "Feature",
			"geometry": {
				"type": "Point",
				"coordinates": [
					 130.0939,
					 32.3993
				]
			},
			"properties": {
				"name": "JA6/KM-057(角山)",
				"読み":"Kadoyama",
				"標高":"526m 2pt ",
				"GL":"PM52bj",
				"市郡区":"C#4315 ",
				"登山日":"",
				"メモ":"",
				"_markerType": "Icon",
				"_iconUrl": "https://maps.gsi.go.jp/portal/sys/v4/symbols/102.png",
				"_iconSize": [
					16,
					16
				],
				"_iconAnchor": [
					8,
					8
				]
			}
		},
		{
			"type": "Feature",
			"geometry": {
				"type": "Point",
				"coordinates": [
					 130.6194,
					 32.4421
				]
			},
			"properties": {
				"name": "JA6/KM-058(点510(大谷尾(三角点)近傍))",
				"読み":"P510",
				"標高":"510m 2pt ",
				"GL":"PM52hk",
				"市郡区":"C#4302 ",
				"登山日":"",
				"メモ":"",
				"_markerType": "Icon",
				"_iconUrl": "https://maps.gsi.go.jp/portal/sys/v4/symbols/102.png",
				"_iconSize": [
					16,
					16
				],
				"_iconAnchor": [
					8,
					8
				]
			}
		},
		{
			"type": "Feature",
			"geometry": {
				"type": "Point",
				"coordinates": [
					 130.1463,
					 32.4199
				]
			},
			"properties": {
				"name": "JA6/KM-059(行人岳)",
				"読み":"Gyounindake",
				"標高":"506m 2pt ",
				"GL":"PM52bk",
				"市郡区":"C#4315 ",
				"登山日":"",
				"メモ":"",
				"_markerType": "Icon",
				"_iconUrl": "https://maps.gsi.go.jp/portal/sys/v4/symbols/102.png",
				"_iconSize": [
					16,
					16
				],
				"_iconAnchor": [
					8,
					8
				]
			}
		},
		{
			"type": "Feature",
			"geometry": {
				"type": "Point",
				"coordinates": [
					 130.3815,
					 32.432
				]
			},
			"properties": {
				"name": "JA6/KM-060(念珠嶽(三角点))",
				"読み":"Nenjyudake",
				"標高":"503m 2pt ",
				"GL":"PM52ek",
				"市郡区":"C#4312 / C#4315 ",
				"登山日":"",
				"メモ":"",
				"_markerType": "Icon",
				"_iconUrl": "https://maps.gsi.go.jp/portal/sys/v4/symbols/102.png",
				"_iconSize": [
					16,
					16
				],
				"_iconAnchor": [
					8,
					8
				]
			}
		},
		{
			"type": "Feature",
			"geometry": {
				"type": "Point",
				"coordinates": [
					 130.5274,
					 32.9846
				]
			},
			"properties": {
				"name": "JA6/KM-061(筒ヶ岳)",
				"読み":"Tsutsugatake",
				"標高":"501m 2pt ",
				"GL":"PM52gx",
				"市郡区":"C#4306 / C#4304 ",
				"登山日":"",
				"メモ":"",
				"_markerType": "Icon",
				"_iconUrl": "https://maps.gsi.go.jp/portal/sys/v4/symbols/102.png",
				"_iconSize": [
					16,
					16
				],
				"_iconAnchor": [
					8,
					8
				]
			}
		},
		{
			"type": "Feature",
			"geometry": {
				"type": "Point",
				"coordinates": [
					 130.2773,
					 32.4511
				]
			},
			"properties": {
				"name": "JA6/KM-062(動鳴山)",
				"読み":"Doumeizan",
				"標高":"495m 1pt ",
				"GL":"PM52dk",
				"市郡区":"C#4315 ",
				"登山日":"",
				"メモ":"",
				"_markerType": "Icon",
				"_iconUrl": "https://maps.gsi.go.jp/portal/sys/v4/symbols/826.png",
				"_iconSize": [
					16,
					16
				],
				"_iconAnchor": [
					8,
					8
				]
			}
		},
		{
			"type": "Feature",
			"geometry": {
				"type": "Point",
				"coordinates": [
					 130.1093,
					 32.3563
				]
			},
			"properties": {
				"name": "JA6/KM-063(点490)",
				"読み":"P490",
				"標高":"490m 1pt ",
				"GL":"PM52bi",
				"市郡区":"C#4315 ",
				"登山日":"",
				"メモ":"",
				"_markerType": "Icon",
				"_iconUrl": "https://maps.gsi.go.jp/portal/sys/v4/symbols/826.png",
				"_iconSize": [
					16,
					16
				],
				"_iconAnchor": [
					8,
					8
				]
			}
		},
		{
			"type": "Feature",
			"geometry": {
				"type": "Point",
				"coordinates": [
					 130.5979,
					 32.3131
				]
			},
			"properties": {
				"name": "JA6/KM-064(点486)",
				"読み":"P486",
				"標高":"486m 1pt ",
				"GL":"PM52hh",
				"市郡区":"G#43001C ",
				"登山日":"",
				"メモ":"",
				"_markerType": "Icon",
				"_iconUrl": "https://maps.gsi.go.jp/portal/sys/v4/symbols/826.png",
				"_iconSize": [
					16,
					16
				],
				"_iconAnchor": [
					8,
					8
				]
			}
		},
		{
			"type": "Feature",
			"geometry": {
				"type": "Point",
				"coordinates": [
					 130.0924,
					 32.3843
				]
			},
			"properties": {
				"name": "JA6/KM-065(矢筈岳)",
				"読み":"Yahazudake",
				"標高":"481m 1pt ",
				"GL":"PM52bj",
				"市郡区":"C#4315 ",
				"登山日":"",
				"メモ":"",
				"_markerType": "Icon",
				"_iconUrl": "https://maps.gsi.go.jp/portal/sys/v4/symbols/826.png",
				"_iconSize": [
					16,
					16
				],
				"_iconAnchor": [
					8,
					8
				]
			}
		},
		{
			"type": "Feature",
			"geometry": {
				"type": "Point",
				"coordinates": [
					 130.7519,
					 32.5629
				]
			},
			"properties": {
				"name": "JA6/KM-066(寺春(三角点))",
				"読み":"Teraharu",
				"標高":"479m 1pt ",
				"GL":"PM52jn",
				"市郡区":"C#4302 / C#4313 ",
				"登山日":"",
				"メモ":"",
				"_markerType": "Icon",
				"_iconUrl": "https://maps.gsi.go.jp/portal/sys/v4/symbols/826.png",
				"_iconSize": [
					16,
					16
				],
				"_iconAnchor": [
					8,
					8
				]
			}
		},
		{
			"type": "Feature",
			"geometry": {
				"type": "Point",
				"coordinates": [
					 130.5775,
					 32.6535
				]
			},
			"properties": {
				"name": "JA6/KM-067(大岳)",
				"読み":"Oodake",
				"標高":"477m 1pt ",
				"GL":"PM52gp",
				"市郡区":"C#4313 / C#4311 ",
				"登山日":"",
				"メモ":"",
				"_markerType": "Icon",
				"_iconUrl": "https://maps.gsi.go.jp/portal/sys/v4/symbols/826.png",
				"_iconSize": [
					16,
					16
				],
				"_iconAnchor": [
					8,
					8
				]
			}
		},
		{
			"type": "Feature",
			"geometry": {
				"type": "Point",
				"coordinates": [
					 130.8472,
					 32.6732
				]
			},
			"properties": {
				"name": "JA6/KM-068(鹿里(三角点))",
				"読み":"Shikazato",
				"標高":"462m 1pt ",
				"GL":"PM52kq",
				"市郡区":"G#43005C ",
				"登山日":"",
				"メモ":"",
				"_markerType": "Icon",
				"_iconUrl": "https://maps.gsi.go.jp/portal/sys/v4/symbols/826.png",
				"_iconSize": [
					16,
					16
				],
				"_iconAnchor": [
					8,
					8
				]
			}
		},
		{
			"type": "Feature",
			"geometry": {
				"type": "Point",
				"coordinates": [
					 130.3487,
					 32.3267
				]
			},
			"properties": {
				"name": "JA6/KM-069(烏峠(烏ヶ峠))",
				"読み":"Karasutouge(Karasugatouge)",
				"標高":"442m 1pt ",
				"GL":"PM52eh",
				"市郡区":"C#4315 ",
				"登山日":"",
				"メモ":"",
				"_markerType": "Icon",
				"_iconUrl": "https://maps.gsi.go.jp/portal/sys/v4/symbols/826.png",
				"_iconSize": [
					16,
					16
				],
				"_iconAnchor": [
					8,
					8
				]
			}
		},
		{
			"type": "Feature",
			"geometry": {
				"type": "Point",
				"coordinates": [
					 130.1166,
					 32.2964
				]
			},
			"properties": {
				"name": "JA6/KM-070(柱岳)",
				"読み":"Hashiradake",
				"標高":"432m 1pt ",
				"GL":"PM52bh",
				"市郡区":"C#4315 ",
				"登山日":"",
				"メモ":"",
				"_markerType": "Icon",
				"_iconUrl": "https://maps.gsi.go.jp/portal/sys/v4/symbols/826.png",
				"_iconSize": [
					16,
					16
				],
				"_iconAnchor": [
					8,
					8
				]
			}
		},
		{
			"type": "Feature",
			"geometry": {
				"type": "Point",
				"coordinates": [
					 130.7062,
					 33.0539
				]
			},
			"properties": {
				"name": "JA6/KM-071(震岳)",
				"読み":"Yurugidake",
				"標高":"416m 1pt ",
				"GL":"PM53ib",
				"市郡区":"C#4308 ",
				"登山日":"",
				"メモ":"",
				"_markerType": "Icon",
				"_iconUrl": "https://maps.gsi.go.jp/portal/sys/v4/symbols/826.png",
				"_iconSize": [
					16,
					16
				],
				"_iconAnchor": [
					8,
					8
				]
			}
		},
		{
			"type": "Feature",
			"geometry": {
				"type": "Point",
				"coordinates": [
					 130.6504,
					 33.0814
				]
			},
			"properties": {
				"name": "JA6/KM-072(三ツ尾山)",
				"読み":"Mitsuoyama",
				"標高":"409m 1pt ",
				"GL":"PM53hb",
				"市郡区":"C#4308 ",
				"登山日":"",
				"メモ":"",
				"_markerType": "Icon",
				"_iconUrl": "https://maps.gsi.go.jp/portal/sys/v4/symbols/826.png",
				"_iconSize": [
					16,
					16
				],
				"_iconAnchor": [
					8,
					8
				]
			}
		},
		{
			"type": "Feature",
			"geometry": {
				"type": "Point",
				"coordinates": [
					 130.4666,
					 32.6277
				]
			},
			"properties": {
				"name": "JA6/KM-073(三角岳)",
				"読み":"Misumidake",
				"標高":"406m 1pt ",
				"GL":"PM52fp",
				"市郡区":"C#4313 ",
				"登山日":"",
				"メモ":"",
				"_markerType": "Icon",
				"_iconUrl": "https://maps.gsi.go.jp/portal/sys/v4/symbols/826.png",
				"_iconSize": [
					16,
					16
				],
				"_iconAnchor": [
					8,
					8
				]
			}
		},
		{
			"type": "Feature",
			"geometry": {
				"type": "Point",
				"coordinates": [
					 130.0886,
					 32.2668
				]
			},
			"properties": {
				"name": "JA6/KM-074(六郎次山)",
				"読み":"Rokuroujisan",
				"標高":"405m 1pt ",
				"GL":"PM52bg",
				"市郡区":"C#4315 ",
				"登山日":"",
				"メモ":"",
				"_markerType": "Icon",
				"_iconUrl": "https://maps.gsi.go.jp/portal/sys/v4/symbols/826.png",
				"_iconSize": [
					16,
					16
				],
				"_iconAnchor": [
					8,
					8
				]
			}
		},
		{
			"type": "Feature",
			"geometry": {
				"type": "Point",
				"coordinates": [
					 130.0278,
					 32.2342
				]
			},
			"properties": {
				"name": "JA6/KM-075(権現山)",
				"読み":"Gongenyama",
				"標高":"402m 1pt ",
				"GL":"PM52af",
				"市郡区":"C#4315 ",
				"登山日":"",
				"メモ":"",
				"_markerType": "Icon",
				"_iconUrl": "https://maps.gsi.go.jp/portal/sys/v4/symbols/826.png",
				"_iconSize": [
					16,
					16
				],
				"_iconAnchor": [
					8,
					8
				]
			}
		},
		{
			"type": "Feature",
			"geometry": {
				"type": "Point",
				"coordinates": [
					 130.4066,
					 32.4789
				]
			},
			"properties": {
				"name": "JA6/KM-076(次郎丸嶽)",
				"読み":"Jiroumarudake",
				"標高":"397m 1pt ",
				"GL":"PM52el",
				"市郡区":"C#4312 ",
				"登山日":"",
				"メモ":"",
				"_markerType": "Icon",
				"_iconUrl": "https://maps.gsi.go.jp/portal/sys/v4/symbols/826.png",
				"_iconSize": [
					16,
					16
				],
				"_iconAnchor": [
					8,
					8
				]
			}
		},
		{
			"type": "Feature",
			"geometry": {
				"type": "Point",
				"coordinates": [
					 130.8382,
					 32.6287
				]
			},
			"properties": {
				"name": "JA6/KM-077(手蝶山)",
				"読み":"Tecyouzan",
				"標高":"390m 1pt ",
				"GL":"PM52kp",
				"市郡区":"G#43009H / G#43005C ",
				"登山日":"",
				"メモ":"",
				"_markerType": "Icon",
				"_iconUrl": "https://maps.gsi.go.jp/portal/sys/v4/symbols/826.png",
				"_iconSize": [
					16,
					16
				],
				"_iconAnchor": [
					8,
					8
				]
			}
		},
		{
			"type": "Feature",
			"geometry": {
				"type": "Point",
				"coordinates": [
					 130.6372,
					 32.9455
				]
			},
			"properties": {
				"name": "JA6/KM-078(国見山)",
				"読み":"Kunimiyama",
				"標高":"389m 1pt ",
				"GL":"PM52hw",
				"市郡区":"C#4308 ",
				"登山日":"",
				"メモ":"",
				"_markerType": "Icon",
				"_iconUrl": "https://maps.gsi.go.jp/portal/sys/v4/symbols/826.png",
				"_iconSize": [
					16,
					16
				],
				"_iconAnchor": [
					8,
					8
				]
			}
		},
		{
			"type": "Feature",
			"geometry": {
				"type": "Point",
				"coordinates": [
					 130.5047,
					 33.0284
				]
			},
			"properties": {
				"name": "JA6/KM-079(三池山)",
				"読み":"Miikeyama",
				"標高":"388m 1pt ",
				"GL":"PM53ga",
				"市郡区":"G#43010G / C#4008 ",
				"登山日":"",
				"メモ":"",
				"_markerType": "Icon",
				"_iconUrl": "https://maps.gsi.go.jp/portal/sys/v4/symbols/826.png",
				"_iconSize": [
					16,
					16
				],
				"_iconAnchor": [
					8,
					8
				]
			}
		},
		{
			"type": "Feature",
			"geometry": {
				"type": "Point",
				"coordinates": [
					 130.6165,
					 32.935
				]
			},
			"properties": {
				"name": "JA6/KM-080(松ケ平(三角点))",
				"読み":"Matugadaira",
				"標高":"383m 1pt ",
				"GL":"PM52hw",
				"市郡区":"C#4306 ",
				"登山日":"",
				"メモ":"",
				"_markerType": "Icon",
				"_iconUrl": "https://maps.gsi.go.jp/portal/sys/v4/symbols/826.png",
				"_iconSize": [
					16,
					16
				],
				"_iconAnchor": [
					8,
					8
				]
			}
		},
		{
			"type": "Feature",
			"geometry": {
				"type": "Point",
				"coordinates": [
					 130.1599,
					 32.4476
				]
			},
			"properties": {
				"name": "JA6/KM-081(染岳)",
				"読み":"Somedake",
				"標高":"380m 1pt ",
				"GL":"PM52bk",
				"市郡区":"C#4315 ",
				"登山日":"",
				"メモ":"",
				"_markerType": "Icon",
				"_iconUrl": "https://maps.gsi.go.jp/portal/sys/v4/symbols/826.png",
				"_iconSize": [
					16,
					16
				],
				"_iconAnchor": [
					8,
					8
				]
			}
		},
		{
			"type": "Feature",
			"geometry": {
				"type": "Point",
				"coordinates": [
					 130.4206,
					 32.4659
				]
			},
			"properties": {
				"name": "JA6/KM-082(白嶽)",
				"読み":"Shiratake",
				"標高":"372m 1pt ",
				"GL":"PM52fl",
				"市郡区":"C#4312 ",
				"登山日":"",
				"メモ":"",
				"_markerType": "Icon",
				"_iconUrl": "https://maps.gsi.go.jp/portal/sys/v4/symbols/826.png",
				"_iconSize": [
					16,
					16
				],
				"_iconAnchor": [
					8,
					8
				]
			}
		},
		{
			"type": "Feature",
			"geometry": {
				"type": "Point",
				"coordinates": [
					 130.1395,
					 32.3727
				]
			},
			"properties": {
				"name": "JA6/KM-083(碇石(三角点))",
				"読み":"Okiteishi",
				"標高":"347m 1pt ",
				"GL":"PM52bi",
				"市郡区":"C#4315 ",
				"登山日":"",
				"メモ":"",
				"_markerType": "Icon",
				"_iconUrl": "https://maps.gsi.go.jp/portal/sys/v4/symbols/826.png",
				"_iconSize": [
					16,
					16
				],
				"_iconAnchor": [
					8,
					8
				]
			}
		},
		{
			"type": "Feature",
			"geometry": {
				"type": "Point",
				"coordinates": [
					 130.042,
					 32.2597
				]
			},
			"properties": {
				"name": "JA6/KM-084(高取山)",
				"読み":"Takatoriyama",
				"標高":"341m 1pt ",
				"GL":"PM52ag",
				"市郡区":"C#4315 ",
				"登山日":"",
				"メモ":"",
				"_markerType": "Icon",
				"_iconUrl": "https://maps.gsi.go.jp/portal/sys/v4/symbols/826.png",
				"_iconSize": [
					16,
					16
				],
				"_iconAnchor": [
					8,
					8
				]
			}
		},
		{
			"type": "Feature",
			"geometry": {
				"type": "Point",
				"coordinates": [
					 130.0116,
					 32.2852
				]
			},
			"properties": {
				"name": "JA6/KM-085(石神山)",
				"読み":"Ishigamiyama",
				"標高":"334m 1pt ",
				"GL":"PM52ag",
				"市郡区":"C#4315 ",
				"登山日":"",
				"メモ":"",
				"_markerType": "Icon",
				"_iconUrl": "https://maps.gsi.go.jp/portal/sys/v4/symbols/826.png",
				"_iconSize": [
					16,
					16
				],
				"_iconAnchor": [
					8,
					8
				]
			}
		},
		{
			"type": "Feature",
			"geometry": {
				"type": "Point",
				"coordinates": [
					 130.1911,
					 32.3412
				]
			},
			"properties": {
				"name": "JA6/KM-086(小峰越)",
				"読み":"Kominegoe",
				"標高":"334m 1pt ",
				"GL":"PM52ci",
				"市郡区":"C#4315 ",
				"登山日":"",
				"メモ":"",
				"_markerType": "Icon",
				"_iconUrl": "https://maps.gsi.go.jp/portal/sys/v4/symbols/826.png",
				"_iconSize": [
					16,
					16
				],
				"_iconAnchor": [
					8,
					8
				]
			}
		},
		{
			"type": "Feature",
			"geometry": {
				"type": "Point",
				"coordinates": [
					 130.1531,
					 32.3742
				]
			},
			"properties": {
				"name": "JA6/KM-087(楠原嶺)",
				"読み":"Kusubarumine",
				"標高":"331m 1pt ",
				"GL":"PM52bi",
				"市郡区":"C#4315 ",
				"登山日":"",
				"メモ":"",
				"_markerType": "Icon",
				"_iconUrl": "https://maps.gsi.go.jp/portal/sys/v4/symbols/826.png",
				"_iconSize": [
					16,
					16
				],
				"_iconAnchor": [
					8,
					8
				]
			}
		},
		{
			"type": "Feature",
			"geometry": {
				"type": "Point",
				"coordinates": [
					 130.5816,
					 33.0539
				]
			},
			"properties": {
				"name": "JA6/KM-088(相谷(三角点))",
				"読み":"Aitani",
				"標高":"319m 1pt ",
				"GL":"PM53gb",
				"市郡区":"G#43010I / G#43010G ",
				"登山日":"",
				"メモ":"",
				"_markerType": "Icon",
				"_iconUrl": "https://maps.gsi.go.jp/portal/sys/v4/symbols/826.png",
				"_iconSize": [
					16,
					16
				],
				"_iconAnchor": [
					8,
					8
				]
			}
		},
		{
			"type": "Feature",
			"geometry": {
				"type": "Point",
				"coordinates": [
					 130.7088,
					 32.6881
				]
			},
			"properties": {
				"name": "JA6/KM-089(木原(三角点))",
				"読み":"Kihara",
				"標高":"314m 1pt ",
				"GL":"PM52iq",
				"市郡区":"C#4311 / C#430104 ",
				"登山日":"",
				"メモ":"",
				"_markerType": "Icon",
				"_iconUrl": "https://maps.gsi.go.jp/portal/sys/v4/symbols/826.png",
				"_iconSize": [
					16,
					16
				],
				"_iconAnchor": [
					8,
					8
				]
			}
		},
		{
			"type": "Feature",
			"geometry": {
				"type": "Point",
				"coordinates": [
					 130.6657,
					 32.9754
				]
			},
			"properties": {
				"name": "JA6/KM-090(米野山)",
				"読み":"Menoyama",
				"標高":"312m 1pt ",
				"GL":"PM52hx",
				"市郡区":"C#4308 ",
				"登山日":"",
				"メモ":"",
				"_markerType": "Icon",
				"_iconUrl": "https://maps.gsi.go.jp/portal/sys/v4/symbols/826.png",
				"_iconSize": [
					16,
					16
				],
				"_iconAnchor": [
					8,
					8
				]
			}
		},
		{
			"type": "Feature",
			"geometry": {
				"type": "Point",
				"coordinates": [
					 130.5676,
					 32.287
				]
			},
			"properties": {
				"name": "JA6/KM-091(市野瀬(三角点))",
				"読み":"Ichinose",
				"標高":"311m 1pt ",
				"GL":"PM52gg",
				"市郡区":"G#43001C ",
				"登山日":"",
				"メモ":"",
				"_markerType": "Icon",
				"_iconUrl": "https://maps.gsi.go.jp/portal/sys/v4/symbols/826.png",
				"_iconSize": [
					16,
					16
				],
				"_iconAnchor": [
					8,
					8
				]
			}
		},
		{
			"type": "Feature",
			"geometry": {
				"type": "Point",
				"coordinates": [
					 130.6303,
					 32.7888
				]
			},
			"properties": {
				"name": "JA6/KM-092(権現山)",
				"読み":"Gongensan",
				"標高":"273m 1pt ",
				"GL":"PM52hs",
				"市郡区":"C#430103 ",
				"登山日":"",
				"メモ":"",
				"_markerType": "Icon",
				"_iconUrl": "https://maps.gsi.go.jp/portal/sys/v4/symbols/826.png",
				"_iconSize": [
					16,
					16
				],
				"_iconAnchor": [
					8,
					8
				]
			}
		},
		{
			"type": "Feature",
			"geometry": {
				"type": "Point",
				"coordinates": [
					 130.9257,
					 32.5638
				]
			},
			"properties": {
				"name": "JA6/KM-094(点1372)",
				"読み":"JA6/KM-094",
				"標高":"1372m 8pt ",
				"GL":"PM52ln",
				"市郡区":"C#4302 ",
				"登山日":"",
				"メモ":"",
				"_markerType": "Icon",
				"_iconUrl": "https://maps.gsi.go.jp/portal/sys/v4/symbols/104.png",
				"_iconSize": [
					16,
					16
				],
				"_iconAnchor": [
					8,
					8
				]
			}
		},
		{
			"type": "Feature",
			"geometry": {
				"type": "Point",
				"coordinates": [
					 130.8188,
					 32.4353
				]
			},
			"properties": {
				"name": "JA6/KM-095(国見山)",
				"読み":"Kunimiyama",
				"標高":"1253m 8pt ",
				"GL":"PM52jk",
				"市郡区":"G#43008A ",
				"登山日":"",
				"メモ":"",
				"_markerType": "Icon",
				"_iconUrl": "https://maps.gsi.go.jp/portal/sys/v4/symbols/104.png",
				"_iconSize": [
					16,
					16
				],
				"_iconAnchor": [
					8,
					8
				]
			}
		},
		{
			"type": "Feature",
			"geometry": {
				"type": "Point",
				"coordinates": [
					 130.7406,
					 32.387
				]
			},
			"properties": {
				"name": "JA6/KM-096(牟田野(三角点))",
				"読み":"Mutano",
				"標高":"1155m 8pt ",
				"GL":"PM52ij",
				"市郡区":"G#43008J / G#43008A ",
				"登山日":"",
				"メモ":"",
				"_markerType": "Icon",
				"_iconUrl": "https://maps.gsi.go.jp/portal/sys/v4/symbols/104.png",
				"_iconSize": [
					16,
					16
				],
				"_iconAnchor": [
					8,
					8
				]
			}
		},
		{
			"type": "Feature",
			"geometry": {
				"type": "Point",
				"coordinates": [
					 131.0235,
					 32.242
				]
			},
			"properties": {
				"name": "JA6/KM-097(点1100)",
				"読み":"JA6/KM-097",
				"標高":"1100m 8pt ",
				"GL":"PM52mf",
				"市郡区":"G#43008E / G#43008K ",
				"登山日":"",
				"メモ":"",
				"_markerType": "Icon",
				"_iconUrl": "https://maps.gsi.go.jp/portal/sys/v4/symbols/104.png",
				"_iconSize": [
					16,
					16
				],
				"_iconAnchor": [
					8,
					8
				]
			}
		},
		{
			"type": "Feature",
			"geometry": {
				"type": "Point",
				"coordinates": [
					 130.9841,
					 32.2123
				]
			},
			"properties": {
				"name": "JA6/KM-098(黒原山)",
				"読み":"Kurobaruyama",
				"標高":"1017m 6pt ",
				"GL":"PM52lf",
				"市郡区":"G#43008E / G#43008N ",
				"登山日":"",
				"メモ":"",
				"_markerType": "Icon",
				"_iconUrl": "https://maps.gsi.go.jp/portal/sys/v4/symbols/103.png",
				"_iconSize": [
					16,
					16
				],
				"_iconAnchor": [
					8,
					8
				]
			}
		},
		{
			"type": "Feature",
			"geometry": {
				"type": "Point",
				"coordinates": [
					 131.0539,
					 32.2097
				]
			},
			"properties": {
				"name": "JA6/KM-099(アクソ山)",
				"読み":"Akusoyama",
				"標高":"963m 6pt ",
				"GL":"PM52mf",
				"市郡区":"G#43008E ",
				"登山日":"",
				"メモ":"",
				"_markerType": "Icon",
				"_iconUrl": "https://maps.gsi.go.jp/portal/sys/v4/symbols/103.png",
				"_iconSize": [
					16,
					16
				],
				"_iconAnchor": [
					8,
					8
				]
			}
		},
		{
			"type": "Feature",
			"geometry": {
				"type": "Point",
				"coordinates": [
					 130.9991,
					 32.2033
				]
			},
			"properties": {
				"name": "JA6/KM-100(トガノヲ（三角点近傍）)",
				"読み":"Toganoo",
				"標高":"954m 6pt ",
				"GL":"PM52le",
				"市郡区":"G#43008E ",
				"登山日":"",
				"メモ":"",
				"_markerType": "Icon",
				"_iconUrl": "https://maps.gsi.go.jp/portal/sys/v4/symbols/103.png",
				"_iconSize": [
					16,
					16
				],
				"_iconAnchor": [
					8,
					8
				]
			}
		},
		{
			"type": "Feature",
			"geometry": {
				"type": "Point",
				"coordinates": [
					 131.064,
					 33.1948
				]
			},
			"properties": {
				"name": "JA6/KM-101(亀石山)",
				"読み":"Kameishiyama",
				"標高":"942m 6pt ",
				"GL":"PM53me",
				"市郡区":"C#4404 ",
				"登山日":"",
				"メモ":"",
				"_markerType": "Icon",
				"_iconUrl": "https://maps.gsi.go.jp/portal/sys/v4/symbols/103.png",
				"_iconSize": [
					16,
					16
				],
				"_iconAnchor": [
					8,
					8
				]
			}
		},
		{
			"type": "Feature",
			"geometry": {
				"type": "Point",
				"coordinates": [
					 130.7557,
					 32.1101
				]
			},
			"properties": {
				"name": "JA6/KM-102(大川間（三角点近傍）)",
				"読み":"Ookawama",
				"標高":"843m 4pt ",
				"GL":"PM52jc",
				"市郡区":"C#4303 ",
				"登山日":"",
				"メモ":"",
				"_markerType": "Icon",
				"_iconUrl": "https://maps.gsi.go.jp/portal/sys/v4/symbols/828.png",
				"_iconSize": [
					16,
					16
				],
				"_iconAnchor": [
					8,
					8
				]
			}
		},
		{
			"type": "Feature",
			"geometry": {
				"type": "Point",
				"coordinates": [
					 130.9018,
					 32.6055
				]
			},
			"properties": {
				"name": "JA6/KM-103(点840(四万丈近傍))",
				"読み":"JA6/KM-103",
				"標高":"840m 4pt ",
				"GL":"PM52ko",
				"市郡区":"G#43009H ",
				"登山日":"",
				"メモ":"",
				"_markerType": "Icon",
				"_iconUrl": "https://maps.gsi.go.jp/portal/sys/v4/symbols/828.png",
				"_iconSize": [
					16,
					16
				],
				"_iconAnchor": [
					8,
					8
				]
			}
		},
		{
			"type": "Feature",
			"geometry": {
				"type": "Point",
				"coordinates": [
					 131.0358,
					 33.1049
				]
			},
			"properties": {
				"name": "JA6/KM-104(点740)",
				"読み":"JA6/KM-104",
				"標高":"740m 4pt ",
				"GL":"PM53mc",
				"市郡区":"G#43002C / G#43002F ",
				"登山日":"",
				"メモ":"",
				"_markerType": "Icon",
				"_iconUrl": "https://maps.gsi.go.jp/portal/sys/v4/symbols/828.png",
				"_iconSize": [
					16,
					16
				],
				"_iconAnchor": [
					8,
					8
				]
			}
		},
		{
			"type": "Feature",
			"geometry": {
				"type": "Point",
				"coordinates": [
					 130.6315,
					 32.8548
				]
			},
			"properties": {
				"name": "JA6/KM-105(三ノ岳)",
				"読み":"Sannodake",
				"標高":"681m 4pt ",
				"GL":"PM52hu",
				"市郡区":"C#4306 / C#430103 ",
				"登山日":"",
				"メモ":"",
				"_markerType": "Icon",
				"_iconUrl": "https://maps.gsi.go.jp/portal/sys/v4/symbols/828.png",
				"_iconSize": [
					16,
					16
				],
				"_iconAnchor": [
					8,
					8
				]
			}
		},
		{
			"type": "Feature",
			"geometry": {
				"type": "Point",
				"coordinates": [
					 130.3785,
					 32.4023
				]
			},
			"properties": {
				"name": "JA6/KM-106(龍ヶ岳)",
				"読み":"Ryugatake",
				"標高":"469m 1pt ",
				"GL":"PM52ej",
				"市郡区":"C#4312 ",
				"登山日":"",
				"メモ":"",
				"_markerType": "Icon",
				"_iconUrl": "https://maps.gsi.go.jp/portal/sys/v4/symbols/826.png",
				"_iconSize": [
					16,
					16
				],
				"_iconAnchor": [
					8,
					8
				]
			}
		},
		{
			"type": "Feature",
			"geometry": {
				"type": "Point",
				"coordinates": [
					 130.0738,
					 32.399
				]
			},
			"properties": {
				"name": "JA6/KM-107(点462)",
				"読み":"P462",
				"標高":"462m 1pt ",
				"GL":"PM52aj",
				"市郡区":"C#4315 ",
				"登山日":"",
				"メモ":"",
				"_markerType": "Icon",
				"_iconUrl": "https://maps.gsi.go.jp/portal/sys/v4/symbols/826.png",
				"_iconSize": [
					16,
					16
				],
				"_iconAnchor": [
					8,
					8
				]
			}
		},
		{
			"type": "Feature",
			"geometry": {
				"type": "Point",
				"coordinates": [
					 130.0541,
					 32.3768
				]
			},
			"properties": {
				"name": "JA6/KM-108(十三野山)",
				"読み":"Jyusannoyama",
				"標高":"453m 1pt ",
				"GL":"PM52aj",
				"市郡区":"C#4315 ",
				"登山日":"",
				"メモ":"",
				"_markerType": "Icon",
				"_iconUrl": "https://maps.gsi.go.jp/portal/sys/v4/symbols/826.png",
				"_iconSize": [
					16,
					16
				],
				"_iconAnchor": [
					8,
					8
				]
			}
		},
		{
			"type": "Feature",
			"geometry": {
				"type": "Point",
				"coordinates": [
					 130.3197,
					 32.4548
				]
			},
			"properties": {
				"name": "JA6/KM-109(大窪山)",
				"読み":"Ookuboyama",
				"標高":"440m 1pt ",
				"GL":"PM52dk",
				"市郡区":"C#4315 ",
				"登山日":"",
				"メモ":"",
				"_markerType": "Icon",
				"_iconUrl": "https://maps.gsi.go.jp/portal/sys/v4/symbols/826.png",
				"_iconSize": [
					16,
					16
				],
				"_iconAnchor": [
					8,
					8
				]
			}
		},
		{
			"type": "Feature",
			"geometry": {
				"type": "Point",
				"coordinates": [
					 130.8276,
					 32.7401
				]
			},
			"properties": {
				"name": "JA6/KM-110(飯田山)",
				"読み":"Iidayama",
				"標高":"431m 1pt ",
				"GL":"PM52jr",
				"市郡区":"G#43005D ",
				"登山日":"",
				"メモ":"",
				"_markerType": "Icon",
				"_iconUrl": "https://maps.gsi.go.jp/portal/sys/v4/symbols/826.png",
				"_iconSize": [
					16,
					16
				],
				"_iconAnchor": [
					8,
					8
				]
			}
		},
		{
			"type": "Feature",
			"geometry": {
				"type": "Point",
				"coordinates": [
					 130.0515,
					 32.3427
				]
			},
			"properties": {
				"name": "JA6/KM-111(千人塚（三角点近傍）)",
				"読み":"Senninzuka",
				"標高":"400m 1pt ",
				"GL":"PM52ai",
				"市郡区":"C#4315 ",
				"登山日":"",
				"メモ":"",
				"_markerType": "Icon",
				"_iconUrl": "https://maps.gsi.go.jp/portal/sys/v4/symbols/826.png",
				"_iconSize": [
					16,
					16
				],
				"_iconAnchor": [
					8,
					8
				]
			}
		},
		{
			"type": "Feature",
			"geometry": {
				"type": "Point",
				"coordinates": [
					 130.0719,
					 32.3608
				]
			},
			"properties": {
				"name": "JA6/KM-112(水之平峠（三角点近傍）)",
				"読み":"Mizunodairatouge",
				"標高":"390m 1pt ",
				"GL":"PM52ai",
				"市郡区":"C#4315 ",
				"登山日":"",
				"メモ":"",
				"_markerType": "Icon",
				"_iconUrl": "https://maps.gsi.go.jp/portal/sys/v4/symbols/826.png",
				"_iconSize": [
					16,
					16
				],
				"_iconAnchor": [
					8,
					8
				]
			}
		},
		{
			"type": "Feature",
			"geometry": {
				"type": "Point",
				"coordinates": [
					 130.852,
					 32.6427
				]
			},
			"properties": {
				"name": "JA6/KM-113(鎌倉山)",
				"読み":"Kamakurayama",
				"標高":"370m 1pt ",
				"GL":"PM52kp",
				"市郡区":"G#43009H / G#43005C ",
				"登山日":"",
				"メモ":"",
				"_markerType": "Icon",
				"_iconUrl": "https://maps.gsi.go.jp/portal/sys/v4/symbols/826.png",
				"_iconSize": [
					16,
					16
				],
				"_iconAnchor": [
					8,
					8
				]
			}
		},
		{
			"type": "Feature",
			"geometry": {
				"type": "Point",
				"coordinates": [
					 130.6191,
					 32.4669
				]
			},
			"properties": {
				"name": "JA6/KM-114(高岳(三角点))",
				"読み":"Takadake",
				"標高":"361m 1pt ",
				"GL":"PM52hl",
				"市郡区":"C#4302 ",
				"登山日":"",
				"メモ":"",
				"_markerType": "Icon",
				"_iconUrl": "https://maps.gsi.go.jp/portal/sys/v4/symbols/826.png",
				"_iconSize": [
					16,
					16
				],
				"_iconAnchor": [
					8,
					8
				]
			}
		},
		{
			"type": "Feature",
			"geometry": {
				"type": "Point",
				"coordinates": [
					 129.9837,
					 32.3552
				]
			},
			"properties": {
				"name": "JA6/KM-115(荒尾岳)",
				"読み":"Araodake",
				"標高":"342m 1pt ",
				"GL":"PM42xi",
				"市郡区":"C#4315 ",
				"登山日":"",
				"メモ":"",
				"_markerType": "Icon",
				"_iconUrl": "https://maps.gsi.go.jp/portal/sys/v4/symbols/826.png",
				"_iconSize": [
					16,
					16
				],
				"_iconAnchor": [
					8,
					8
				]
			}
		},
		{
			"type": "Feature",
			"geometry": {
				"type": "Point",
				"coordinates": [
					 130.5306,
					 32.3879
				]
			},
			"properties": {
				"name": "JA6/KM-116(植松(三角点))",
				"読み":"Uematsu",
				"標高":"335m 1pt ",
				"GL":"PM52gj",
				"市郡区":"C#4302 / G#43001C ",
				"登山日":"",
				"メモ":"",
				"_markerType": "Icon",
				"_iconUrl": "https://maps.gsi.go.jp/portal/sys/v4/symbols/826.png",
				"_iconSize": [
					16,
					16
				],
				"_iconAnchor": [
					8,
					8
				]
			}
		},
		{
			"type": "Feature",
			"geometry": {
				"type": "Point",
				"coordinates": [
					 130.617,
					 32.4121
				]
			},
			"properties": {
				"name": "JA6/KM-117(鶴喰(三角点))",
				"読み":"Tsuruhami",
				"標高":"292m 1pt ",
				"GL":"PM52hj",
				"市郡区":"C#4302 ",
				"登山日":"",
				"メモ":"",
				"_markerType": "Icon",
				"_iconUrl": "https://maps.gsi.go.jp/portal/sys/v4/symbols/826.png",
				"_iconSize": [
					16,
					16
				],
				"_iconAnchor": [
					8,
					8
				]
			}
		},
		{
			"type": "Feature",
			"geometry": {
				"type": "Point",
				"coordinates": [
					 130.0682,
					 32.244
				]
			},
			"properties": {
				"name": "JA6/KM-118(大平(三角点))",
				"読み":"Oodaira",
				"標高":"289m 1pt ",
				"GL":"PM52af",
				"市郡区":"C#4315 ",
				"登山日":"",
				"メモ":"",
				"_markerType": "Icon",
				"_iconUrl": "https://maps.gsi.go.jp/portal/sys/v4/symbols/826.png",
				"_iconSize": [
					16,
					16
				],
				"_iconAnchor": [
					8,
					8
				]
			}
		},
		{
			"type": "Feature",
			"geometry": {
				"type": "Point",
				"coordinates": [
					 130.7311,
					 32.608
				]
			},
			"properties": {
				"name": "JA6/KM-119(城山)",
				"読み":"Shiroyama",
				"標高":"281m 1pt ",
				"GL":"PM52io",
				"市郡区":"C#4313 ",
				"登山日":"",
				"メモ":"",
				"_markerType": "Icon",
				"_iconUrl": "https://maps.gsi.go.jp/portal/sys/v4/symbols/826.png",
				"_iconSize": [
					16,
					16
				],
				"_iconAnchor": [
					8,
					8
				]
			}
		},
		{
			"type": "Feature",
			"geometry": {
				"type": "Point",
				"coordinates": [
					 130.7744,
					 32.6512
				]
			},
			"properties": {
				"name": "JA6/KM-120(大沢水(三角点))",
				"読み":"Oosawamizu",
				"標高":"274m 1pt ",
				"GL":"PM52jp",
				"市郡区":"C#4313 / G#43009H ",
				"登山日":"",
				"メモ":"",
				"_markerType": "Icon",
				"_iconUrl": "https://maps.gsi.go.jp/portal/sys/v4/symbols/826.png",
				"_iconSize": [
					16,
					16
				],
				"_iconAnchor": [
					8,
					8
				]
			}
		},
		{
			"type": "Feature",
			"geometry": {
				"type": "Point",
				"coordinates": [
					 130.0365,
					 32.2935
				]
			},
			"properties": {
				"name": "JA6/KM-121(五通山)",
				"読み":"Gotsuyama",
				"標高":"266m 1pt ",
				"GL":"PM52ah",
				"市郡区":"C#4315 ",
				"登山日":"",
				"メモ":"",
				"_markerType": "Icon",
				"_iconUrl": "https://maps.gsi.go.jp/portal/sys/v4/symbols/826.png",
				"_iconSize": [
					16,
					16
				],
				"_iconAnchor": [
					8,
					8
				]
			}
		},
		{
			"type": "Feature",
			"geometry": {
				"type": "Point",
				"coordinates": [
					 130.0858,
					 32.3269
				]
			},
			"properties": {
				"name": "JA6/KM-122(野平(三角点))",
				"読み":"Nodaira",
				"標高":"266m 1pt ",
				"GL":"PM52bh",
				"市郡区":"C#4315 ",
				"登山日":"",
				"メモ":"",
				"_markerType": "Icon",
				"_iconUrl": "https://maps.gsi.go.jp/portal/sys/v4/symbols/826.png",
				"_iconSize": [
					16,
					16
				],
				"_iconAnchor": [
					8,
					8
				]
			}
		},
		{
			"type": "Feature",
			"geometry": {
				"type": "Point",
				"coordinates": [
					 130.1387,
					 32.2676
				]
			},
			"properties": {
				"name": "JA6/KM-123(産島)",
				"読み":"Ubujima",
				"標高":"261m 1pt ",
				"GL":"PM52bg",
				"市郡区":"C#4315 ",
				"登山日":"",
				"メモ":"",
				"_markerType": "Icon",
				"_iconUrl": "https://maps.gsi.go.jp/portal/sys/v4/symbols/826.png",
				"_iconSize": [
					16,
					16
				],
				"_iconAnchor": [
					8,
					8
				]
			}
		},
		{
			"type": "Feature",
			"geometry": {
				"type": "Point",
				"coordinates": [
					 130.1545,
					 32.2931
				]
			},
			"properties": {
				"name": "JA6/KM-124(梶木岳)",
				"読み":"Kajikidake",
				"標高":"253m 1pt ",
				"GL":"PM52bh",
				"市郡区":"C#4315 ",
				"登山日":"",
				"メモ":"",
				"_markerType": "Icon",
				"_iconUrl": "https://maps.gsi.go.jp/portal/sys/v4/symbols/826.png",
				"_iconSize": [
					16,
					16
				],
				"_iconAnchor": [
					8,
					8
				]
			}
		},
		{
			"type": "Feature",
			"geometry": {
				"type": "Point",
				"coordinates": [
					 130.6104,
					 33.0536
				]
			},
			"properties": {
				"name": "JA6/KM-125(中岳)",
				"読み":"Nakadake",
				"標高":"242m 1pt ",
				"GL":"PM53hb",
				"市郡区":"G#43010I ",
				"登山日":"",
				"メモ":"",
				"_markerType": "Icon",
				"_iconUrl": "https://maps.gsi.go.jp/portal/sys/v4/symbols/826.png",
				"_iconSize": [
					16,
					16
				],
				"_iconAnchor": [
					8,
					8
				]
			}
		},
		{
			"type": "Feature",
			"geometry": {
				"type": "Point",
				"coordinates": [
					 130.2082,
					 32.3657
				]
			},
			"properties": {
				"name": "JA6/KM-126(鍋割山)",
				"読み":"Nabewariyama",
				"標高":"241m 1pt ",
				"GL":"PM52ci",
				"市郡区":"C#4315 ",
				"登山日":"",
				"メモ":"",
				"_markerType": "Icon",
				"_iconUrl": "https://maps.gsi.go.jp/portal/sys/v4/symbols/826.png",
				"_iconSize": [
					16,
					16
				],
				"_iconAnchor": [
					8,
					8
				]
			}
		},
		{
			"type": "Feature",
			"geometry": {
				"type": "Point",
				"coordinates": [
					 130.4873,
					 32.287
				]
			},
			"properties": {
				"name": "JA6/KM-127(天見岳)",
				"読み":"Amamidake",
				"標高":"235m 1pt ",
				"GL":"PM52fg",
				"市郡区":"G#43001C ",
				"登山日":"",
				"メモ":"",
				"_markerType": "Icon",
				"_iconUrl": "https://maps.gsi.go.jp/portal/sys/v4/symbols/826.png",
				"_iconSize": [
					16,
					16
				],
				"_iconAnchor": [
					8,
					8
				]
			}
		},
		{
			"type": "Feature",
			"geometry": {
				"type": "Point",
				"coordinates": [
					 130.4326,
					 32.218
				]
			},
			"properties": {
				"name": "JA6/KM-128(熊陣山)",
				"読み":"Kumajinyama",
				"標高":"233m 1pt ",
				"GL":"PM52ff",
				"市郡区":"C#4305 ",
				"登山日":"",
				"メモ":"",
				"_markerType": "Icon",
				"_iconUrl": "https://maps.gsi.go.jp/portal/sys/v4/symbols/826.png",
				"_iconSize": [
					16,
					16
				],
				"_iconAnchor": [
					8,
					8
				]
			}
		},
		{
			"type": "Feature",
			"geometry": {
				"type": "Point",
				"coordinates": [
					 130.4146,
					 32.5029
				]
			},
			"properties": {
				"name": "JA6/KM-129(千元森嶽)",
				"読み":"Senganmoridake",
				"標高":"233m 1pt ",
				"GL":"PM52em",
				"市郡区":"C#4312 ",
				"登山日":"",
				"メモ":"",
				"_markerType": "Icon",
				"_iconUrl": "https://maps.gsi.go.jp/portal/sys/v4/symbols/826.png",
				"_iconSize": [
					16,
					16
				],
				"_iconAnchor": [
					8,
					8
				]
			}
		},
		{
			"type": "Feature",
			"geometry": {
				"type": "Point",
				"coordinates": [
					 130.4186,
					 32.3866
				]
			},
			"properties": {
				"name": "JA6/KM-130(大嶽(三角点))",
				"読み":"Oodake",
				"標高":"232m 1pt ",
				"GL":"PM52fj",
				"市郡区":"C#4312 ",
				"登山日":"",
				"メモ":"",
				"_markerType": "Icon",
				"_iconUrl": "https://maps.gsi.go.jp/portal/sys/v4/symbols/826.png",
				"_iconSize": [
					16,
					16
				],
				"_iconAnchor": [
					8,
					8
				]
			}
		},
		{
			"type": "Feature",
			"geometry": {
				"type": "Point",
				"coordinates": [
					 130.02,
					 32.2137
				]
			},
			"properties": {
				"name": "JA6/KM-131(点229)",
				"読み":"P229",
				"標高":"229m 1pt ",
				"GL":"PM52af",
				"市郡区":"C#4315 ",
				"登山日":"",
				"メモ":"",
				"_markerType": "Icon",
				"_iconUrl": "https://maps.gsi.go.jp/portal/sys/v4/symbols/826.png",
				"_iconSize": [
					16,
					16
				],
				"_iconAnchor": [
					8,
					8
				]
			}
		},
		{
			"type": "Feature",
			"geometry": {
				"type": "Point",
				"coordinates": [
					 130.4528,
					 32.6108
				]
			},
			"properties": {
				"name": "JA6/KM-132(飛岳)",
				"読み":"Tobidake",
				"標高":"229m 1pt ",
				"GL":"PM52fo",
				"市郡区":"C#4312 ",
				"登山日":"",
				"メモ":"",
				"_markerType": "Icon",
				"_iconUrl": "https://maps.gsi.go.jp/portal/sys/v4/symbols/826.png",
				"_iconSize": [
					16,
					16
				],
				"_iconAnchor": [
					8,
					8
				]
			}
		},
		{
			"type": "Feature",
			"geometry": {
				"type": "Point",
				"coordinates": [
					 130.4413,
					 32.6223
				]
			},
			"properties": {
				"name": "JA6/KM-133(柴尾山)",
				"読み":"Shibaoyama",
				"標高":"225m 1pt ",
				"GL":"PM52fo",
				"市郡区":"C#4312 ",
				"登山日":"",
				"メモ":"",
				"_markerType": "Icon",
				"_iconUrl": "https://maps.gsi.go.jp/portal/sys/v4/symbols/826.png",
				"_iconSize": [
					16,
					16
				],
				"_iconAnchor": [
					8,
					8
				]
			}
		},
		{
			"type": "Feature",
			"geometry": {
				"type": "Point",
				"coordinates": [
					 129.9739,
					 32.2444
				]
			},
			"properties": {
				"name": "JA6/KM-134(遠見岳)",
				"読み":"Toomidake",
				"標高":"224m 1pt ",
				"GL":"PM42xf",
				"市郡区":"C#4315 ",
				"登山日":"",
				"メモ":"",
				"_markerType": "Icon",
				"_iconUrl": "https://maps.gsi.go.jp/portal/sys/v4/symbols/826.png",
				"_iconSize": [
					16,
					16
				],
				"_iconAnchor": [
					8,
					8
				]
			}
		},
		{
			"type": "Feature",
			"geometry": {
				"type": "Point",
				"coordinates": [
					 130.4194,
					 32.2174
				]
			},
			"properties": {
				"name": "JA6/KM-135(秋葉山)",
				"読み":"Akibayama",
				"標高":"215m 1pt ",
				"GL":"PM52ff",
				"市郡区":"C#4305 ",
				"登山日":"",
				"メモ":"",
				"_markerType": "Icon",
				"_iconUrl": "https://maps.gsi.go.jp/portal/sys/v4/symbols/826.png",
				"_iconSize": [
					16,
					16
				],
				"_iconAnchor": [
					8,
					8
				]
			}
		},
		{
			"type": "Feature",
			"geometry": {
				"type": "Point",
				"coordinates": [
					 130.3505,
					 32.364
				]
			},
			"properties": {
				"name": "JA6/KM-136(横浦島)",
				"読み":"Yokourajima",
				"標高":"197m 1pt ",
				"GL":"PM52ei",
				"市郡区":"C#4315 ",
				"登山日":"",
				"メモ":"",
				"_markerType": "Icon",
				"_iconUrl": "https://maps.gsi.go.jp/portal/sys/v4/symbols/826.png",
				"_iconSize": [
					16,
					16
				],
				"_iconAnchor": [
					8,
					8
				]
			}
		},
		{
			"type": "Feature",
			"geometry": {
				"type": "Point",
				"coordinates": [
					 130.4225,
					 32.3747
				]
			},
			"properties": {
				"name": "JA6/KM-137(泊山)",
				"読み":"Tomariyama",
				"標高":"193m 1pt ",
				"GL":"PM52fi",
				"市郡区":"C#4312 ",
				"登山日":"",
				"メモ":"",
				"_markerType": "Icon",
				"_iconUrl": "https://maps.gsi.go.jp/portal/sys/v4/symbols/826.png",
				"_iconSize": [
					16,
					16
				],
				"_iconAnchor": [
					8,
					8
				]
			}
		},
		{
			"type": "Feature",
			"geometry": {
				"type": "Point",
				"coordinates": [
					 130.3323,
					 32.3511
				]
			},
			"properties": {
				"name": "JA6/KM-138(長尾峠)",
				"読み":"Nagaotouge",
				"標高":"180m 1pt ",
				"GL":"PM52di",
				"市郡区":"C#4315 ",
				"登山日":"",
				"メモ":"",
				"_markerType": "Icon",
				"_iconUrl": "https://maps.gsi.go.jp/portal/sys/v4/symbols/826.png",
				"_iconSize": [
					16,
					16
				],
				"_iconAnchor": [
					8,
					8
				]
			}
		},
		{
			"type": "Feature",
			"geometry": {
				"type": "Point",
				"coordinates": [
					 130.4783,
					 32.5651
				]
			},
			"properties": {
				"name": "JA6/KM-139(高山)",
				"読み":"Takayama",
				"標高":"167m 1pt ",
				"GL":"PM52fn",
				"市郡区":"C#4312 ",
				"登山日":"",
				"メモ":"",
				"_markerType": "Icon",
				"_iconUrl": "https://maps.gsi.go.jp/portal/sys/v4/symbols/826.png",
				"_iconSize": [
					16,
					16
				],
				"_iconAnchor": [
					8,
					8
				]
			}
		},
		{
			"type": "Feature",
			"geometry": {
				"type": "Point",
				"coordinates": [
					 130.3218,
					 32.375
				]
			},
			"properties": {
				"name": "JA6/KM-140(楠森島)",
				"読み":"Kusumorijima",
				"標高":"159m 1pt ",
				"GL":"PM52dj",
				"市郡区":"C#4315 ",
				"登山日":"",
				"メモ":"",
				"_markerType": "Icon",
				"_iconUrl": "https://maps.gsi.go.jp/portal/sys/v4/symbols/826.png",
				"_iconSize": [
					16,
					16
				],
				"_iconAnchor": [
					8,
					8
				]
			}
		},
		{
			"type": "Feature",
			"geometry": {
				"type": "Point",
				"coordinates": [
					 130.507536,
					 32.274198
				]
			},
			"properties": {
				"name": "JA6/KM-141(荒平山)",
				"読み":"Arahirayama",
				"標高":"229m 1pt ",
				"GL":"PM52gg",
				"市郡区":"G#43001C ",
				"登山日":"",
				"メモ":"",
				"_markerType": "Icon",
				"_iconUrl": "https://maps.gsi.go.jp/portal/sys/v4/symbols/826.png",
				"_iconSize": [
					16,
					16
				],
				"_iconAnchor": [
					8,
					8
				]
			}
		},
		{
			"type": "Feature",
			"geometry": {
				"type": "Point",
				"coordinates": [
					 130.910253,
					 32.551986
				]
			},
			"properties": {
				"name": "JA6/KM-142(大金峰)",
				"読み":"Ooganamine",
				"標高":"1396m 8pt ",
				"GL":"PM52kn",
				"市郡区":"C#4302 ",
				"登山日":"",
				"メモ":"",
				"_markerType": "Icon",
				"_iconUrl": "https://maps.gsi.go.jp/portal/sys/v4/symbols/104.png",
				"_iconSize": [
					16,
					16
				],
				"_iconAnchor": [
					8,
					8
				]
			}
		},
		{
			"type": "Feature",
			"geometry": {
				"type": "Point",
				"coordinates": [
					 130.67364,
					 33.102476
				]
			},
			"properties": {
				"name": "JA6/KM-143(竹ノ山)",
				"読み":"Takenoyama",
				"標高":"398m 1pt ",
				"GL":"PM53ic",
				"市郡区":"C#4308 ",
				"登山日":"",
				"メモ":"",
				"_markerType": "Icon",
				"_iconUrl": "https://maps.gsi.go.jp/portal/sys/v4/symbols/826.png",
				"_iconSize": [
					16,
					16
				],
				"_iconAnchor": [
					8,
					8
				]
			}
		},
		{
			"type": "Feature",
			"geometry": {
				"type": "Point",
				"coordinates": [
					 130.6837,
					 33.0654
				]
			},
			"properties": {
				"name": "JA6/KM-144(彦岳)",
				"読み":"Hikodake",
				"標高":"355m 1pt ",
				"GL":"PM53ib",
				"市郡区":"C#4308 ",
				"登山日":"",
				"メモ":"",
				"_markerType": "Icon",
				"_iconUrl": "https://maps.gsi.go.jp/portal/sys/v4/symbols/826.png",
				"_iconSize": [
					16,
					16
				],
				"_iconAnchor": [
					8,
					8
				]
			}
		},
		{
			"type": "Feature",
			"geometry": {
				"type": "Point",
				"coordinates": [
					 130.052711,
					 32.265235
				]
			},
			"properties": {
				"name": "JA6/KM-145(観音山)",
				"読み":"Kannonyama",
				"標高":"297m 1pt ",
				"GL":"PM52ag",
				"市郡区":"C#4315 ",
				"登山日":"",
				"メモ":"",
				"_markerType": "Icon",
				"_iconUrl": "https://maps.gsi.go.jp/portal/sys/v4/symbols/826.png",
				"_iconSize": [
					16,
					16
				],
				"_iconAnchor": [
					8,
					8
				]
			}
		},
		{
			"type": "Feature",
			"geometry": {
				"type": "Point",
				"coordinates": [
					 131.0184,
					 32.5471
				]
			},
			"properties": {
				"name": "JA6/MZ-001(国見岳)",
				"読み":"Kunimidake",
				"標高":"1739m 10pt ",
				"GL":"PM52mn",
				"市郡区":"G#45005H / C#4302 ",
				"登山日":"",
				"メモ":"",
				"_markerType": "Icon",
				"_iconUrl": "https://maps.gsi.go.jp/portal/sys/v4/symbols/101.png",
				"_iconSize": [
					16,
					16
				],
				"_iconAnchor": [
					8,
					8
				]
			}
		},
		{
			"type": "Feature",
			"geometry": {
				"type": "Point",
				"coordinates": [
					 131.101,
					 32.3117
				]
			},
			"properties": {
				"name": "JA6/MZ-002(市房山)",
				"読み":"Ichifusayama",
				"標高":"1721m 10pt ",
				"GL":"PM52nh",
				"市郡区":"G#45002F / G#43008H / G#45005H",
				"登山日":"",
				"メモ":"",
				"_markerType": "Icon",
				"_iconUrl": "https://maps.gsi.go.jp/portal/sys/v4/symbols/101.png",
				"_iconSize": [
					16,
					16
				],
				"_iconAnchor": [
					8,
					8
				]
			}
		},
		{
			"type": "Feature",
			"geometry": {
				"type": "Point",
				"coordinates": [
					 131.3481,
					 32.8106
				]
			},
			"properties": {
				"name": "JA6/MZ-003(障子岳)",
				"読み":"Shoujidake",
				"標高":"1709m 10pt ",
				"GL":"PM52qt",
				"市郡区":"G#45003B / C#4413 ",
				"登山日":"",
				"メモ":"",
				"_markerType": "Icon",
				"_iconUrl": "https://maps.gsi.go.jp/portal/sys/v4/symbols/101.png",
				"_iconSize": [
					16,
					16
				],
				"_iconAnchor": [
					8,
					8
				]
			}
		},
		{
			"type": "Feature",
			"geometry": {
				"type": "Point",
				"coordinates": [
					 131.1049,
					 32.5796
				]
			},
			"properties": {
				"name": "JA6/MZ-004(向坂山)",
				"読み":"Mukouzakayama",
				"標高":"1685m 10pt ",
				"GL":"PM52nn",
				"市郡区":"G#45003A / G#45005H / G#43005G",
				"登山日":"",
				"メモ":"",
				"_markerType": "Icon",
				"_iconUrl": "https://maps.gsi.go.jp/portal/sys/v4/symbols/101.png",
				"_iconSize": [
					16,
					16
				],
				"_iconAnchor": [
					8,
					8
				]
			}
		},
		{
			"type": "Feature",
			"geometry": {
				"type": "Point",
				"coordinates": [
					 131.1275,
					 32.517
				]
			},
			"properties": {
				"name": "JA6/MZ-005(扇山)",
				"読み":"Oogiyama",
				"標高":"1662m 10pt ",
				"GL":"PM52nm",
				"市郡区":"G#45005H ",
				"登山日":"",
				"メモ":"",
				"_markerType": "Icon",
				"_iconUrl": "https://maps.gsi.go.jp/portal/sys/v4/symbols/101.png",
				"_iconSize": [
					16,
					16
				],
				"_iconAnchor": [
					8,
					8
				]
			}
		},
		{
			"type": "Feature",
			"geometry": {
				"type": "Point",
				"coordinates": [
					 131.5134,
					 32.7378
				]
			},
			"properties": {
				"name": "JA6/MZ-006(大崩山)",
				"読み":"Ookueyama",
				"標高":"1644m 10pt ",
				"GL":"PM52sr",
				"市郡区":"C#4503 ",
				"登山日":"",
				"メモ":"",
				"_markerType": "Icon",
				"_iconUrl": "https://maps.gsi.go.jp/portal/sys/v4/symbols/101.png",
				"_iconSize": [
					16,
					16
				],
				"_iconAnchor": [
					8,
					8
				]
			}
		},
		{
			"type": "Feature",
			"geometry": {
				"type": "Point",
				"coordinates": [
					 131.4212,
					 32.8118
				]
			},
			"properties": {
				"name": "JA6/MZ-007(本谷山)",
				"読み":"Hontaniyama",
				"標高":"1643m 10pt ",
				"GL":"PM52rt",
				"市郡区":"G#45003C / C#4413 / G#45003B",
				"登山日":"",
				"メモ":"",
				"_markerType": "Icon",
				"_iconUrl": "https://maps.gsi.go.jp/portal/sys/v4/symbols/101.png",
				"_iconSize": [
					16,
					16
				],
				"_iconAnchor": [
					8,
					8
				]
			}
		},
		{
			"type": "Feature",
			"geometry": {
				"type": "Point",
				"coordinates": [
					 131.0138,
					 32.4626
				]
			},
			"properties": {
				"name": "JA6/MZ-008(白鳥山)",
				"読み":"Shiratoriyama",
				"標高":"1639m 10pt ",
				"GL":"PM52ml",
				"市郡区":"G#45005H / C#4302 / G#43008H",
				"登山日":"",
				"メモ":"",
				"_markerType": "Icon",
				"_iconUrl": "https://maps.gsi.go.jp/portal/sys/v4/symbols/101.png",
				"_iconSize": [
					16,
					16
				],
				"_iconAnchor": [
					8,
					8
				]
			}
		},
		{
			"type": "Feature",
			"geometry": {
				"type": "Point",
				"coordinates": [
					 131.0761,
					 32.3705
				]
			},
			"properties": {
				"name": "JA6/MZ-009(江代山(津野岳))",
				"読み":"Eshiroyama/Tsunodake",
				"標高":"1607m 10pt ",
				"GL":"PM52mi",
				"市郡区":"G#45005H / G#43008H ",
				"登山日":"",
				"メモ":"",
				"_markerType": "Icon",
				"_iconUrl": "https://maps.gsi.go.jp/portal/sys/v4/symbols/101.png",
				"_iconSize": [
					16,
					16
				],
				"_iconAnchor": [
					8,
					8
				]
			}
		},
		{
			"type": "Feature",
			"geometry": {
				"type": "Point",
				"coordinates": [
					 131.4627,
					 32.7399
				]
			},
			"properties": {
				"name": "JA6/MZ-010(点1580(日隠山近傍))",
				"読み":"P1580",
				"標高":"1580m 10pt ",
				"GL":"PM52rr",
				"市郡区":"G#45003C ",
				"登山日":"",
				"メモ":"",
				"_markerType": "Icon",
				"_iconUrl": "https://maps.gsi.go.jp/portal/sys/v4/symbols/101.png",
				"_iconSize": [
					16,
					16
				],
				"_iconAnchor": [
					8,
					8
				]
			}
		},
		{
			"type": "Feature",
			"geometry": {
				"type": "Point",
				"coordinates": [
					 130.9189,
					 31.8862
				]
			},
			"properties": {
				"name": "JA6/MZ-011(霧島山(高千穂峰))",
				"読み":"Kirishimayama/Takachihonomine",
				"標高":"1574m 10pt ",
				"GL":"PM51lv",
				"市郡区":"C#4502 / G#45004A ",
				"登山日":"",
				"メモ":"",
				"_markerType": "Icon",
				"_iconUrl": "https://maps.gsi.go.jp/portal/sys/v4/symbols/101.png",
				"_iconSize": [
					16,
					16
				],
				"_iconAnchor": [
					8,
					8
				]
			}
		},
		{
			"type": "Feature",
			"geometry": {
				"type": "Point",
				"coordinates": [
					 131.4832,
					 32.7646
				]
			},
			"properties": {
				"name": "JA6/MZ-012(点1571(鹿納の野近傍))",
				"読み":"P1571",
				"標高":"1571m 10pt ",
				"GL":"PM52rs",
				"市郡区":"G#45003C / C#4503 ",
				"登山日":"",
				"メモ":"",
				"_markerType": "Icon",
				"_iconUrl": "https://maps.gsi.go.jp/portal/sys/v4/symbols/101.png",
				"_iconSize": [
					16,
					16
				],
				"_iconAnchor": [
					8,
					8
				]
			}
		},
		{
			"type": "Feature",
			"geometry": {
				"type": "Point",
				"coordinates": [
					 131.1677,
					 32.3002
				]
			},
			"properties": {
				"name": "JA6/MZ-013(石堂山)",
				"読み":"Ishidouyama",
				"標高":"1547m 10pt ",
				"GL":"PM52oh",
				"市郡区":"G#45002F / G#45005H ",
				"登山日":"",
				"メモ":"",
				"_markerType": "Icon",
				"_iconUrl": "https://maps.gsi.go.jp/portal/sys/v4/symbols/101.png",
				"_iconSize": [
					16,
					16
				],
				"_iconAnchor": [
					8,
					8
				]
			}
		},
		{
			"type": "Feature",
			"geometry": {
				"type": "Point",
				"coordinates": [
					 131.5284,
					 32.7026
				]
			},
			"properties": {
				"name": "JA6/MZ-014(鬼の目山)",
				"読み":"Oninomeyama",
				"標高":"1491m 8pt ",
				"GL":"PM52sq",
				"市郡区":"C#4503 ",
				"登山日":"",
				"メモ":"",
				"_markerType": "Icon",
				"_iconUrl": "https://maps.gsi.go.jp/portal/sys/v4/symbols/104.png",
				"_iconSize": [
					16,
					16
				],
				"_iconAnchor": [
					8,
					8
				]
			}
		},
		{
			"type": "Feature",
			"geometry": {
				"type": "Point",
				"coordinates": [
					 131.1955,
					 32.3746
				]
			},
			"properties": {
				"name": "JA6/MZ-015(三方岳)",
				"読み":"Sanpoudake",
				"標高":"1479m 8pt ",
				"GL":"PM52oi",
				"市郡区":"G#45005H / G#45005K ",
				"登山日":"",
				"メモ":"",
				"_markerType": "Icon",
				"_iconUrl": "https://maps.gsi.go.jp/portal/sys/v4/symbols/104.png",
				"_iconSize": [
					16,
					16
				],
				"_iconAnchor": [
					8,
					8
				]
			}
		},
		{
			"type": "Feature",
			"geometry": {
				"type": "Point",
				"coordinates": [
					 131.2191,
					 32.5618
				]
			},
			"properties": {
				"name": "JA6/MZ-016(黒岳)",
				"読み":"Kurodake",
				"標高":"1455m 8pt ",
				"GL":"PM52on",
				"市郡区":"G#45005J / G#45005H ",
				"登山日":"",
				"メモ":"",
				"_markerType": "Icon",
				"_iconUrl": "https://maps.gsi.go.jp/portal/sys/v4/symbols/104.png",
				"_iconSize": [
					16,
					16
				],
				"_iconAnchor": [
					8,
					8
				]
			}
		},
		{
			"type": "Feature",
			"geometry": {
				"type": "Point",
				"coordinates": [
					 131.1889,
					 32.423
				]
			},
			"properties": {
				"name": "JA6/MZ-017(尾崎山)",
				"読み":"Ozakiyama",
				"標高":"1438m 8pt ",
				"GL":"PM52ok",
				"市郡区":"G#45005H ",
				"登山日":"",
				"メモ":"",
				"_markerType": "Icon",
				"_iconUrl": "https://maps.gsi.go.jp/portal/sys/v4/symbols/104.png",
				"_iconSize": [
					16,
					16
				],
				"_iconAnchor": [
					8,
					8
				]
			}
		},
		{
			"type": "Feature",
			"geometry": {
				"type": "Point",
				"coordinates": [
					 131.5687,
					 32.7541
				]
			},
			"properties": {
				"name": "JA6/MZ-018(桑原山)",
				"読み":"Kuwabaruyama",
				"標高":"1408m 8pt ",
				"GL":"PM52ss",
				"市郡区":"C#4503 / C#4405 ",
				"登山日":"",
				"メモ":"",
				"_markerType": "Icon",
				"_iconUrl": "https://maps.gsi.go.jp/portal/sys/v4/symbols/104.png",
				"_iconSize": [
					16,
					16
				],
				"_iconAnchor": [
					8,
					8
				]
			}
		},
		{
			"type": "Feature",
			"geometry": {
				"type": "Point",
				"coordinates": [
					 131.4266,
					 32.2993
				]
			},
			"properties": {
				"name": "JA6/MZ-019(尾鈴山)",
				"読み":"Osuzuyama",
				"標高":"1405m 8pt ",
				"GL":"PM52rh",
				"市郡区":"G#45002C / G#45002D ",
				"登山日":"",
				"メモ":"",
				"_markerType": "Icon",
				"_iconUrl": "https://maps.gsi.go.jp/portal/sys/v4/symbols/104.png",
				"_iconSize": [
					16,
					16
				],
				"_iconAnchor": [
					8,
					8
				]
			}
		},
		{
			"type": "Feature",
			"geometry": {
				"type": "Point",
				"coordinates": [
					 131.4449,
					 32.7089
				]
			},
			"properties": {
				"name": "JA6/MZ-020(釣鐘山)",
				"読み":"Tsurganeyama",
				"標高":"1396m 8pt ",
				"GL":"PM52rr",
				"市郡区":"G#45003C ",
				"登山日":"",
				"メモ":"",
				"_markerType": "Icon",
				"_iconUrl": "https://maps.gsi.go.jp/portal/sys/v4/symbols/104.png",
				"_iconSize": [
					16,
					16
				],
				"_iconAnchor": [
					8,
					8
				]
			}
		},
		{
			"type": "Feature",
			"geometry": {
				"type": "Point",
				"coordinates": [
					 131.2455,
					 32.4446
				]
			},
			"properties": {
				"name": "JA6/MZ-021(松尾峠(三角点))",
				"読み":"Matsuotouge",
				"標高":"1368m 8pt ",
				"GL":"PM52ok",
				"市郡区":"G#45005H ",
				"登山日":"",
				"メモ":"",
				"_markerType": "Icon",
				"_iconUrl": "https://maps.gsi.go.jp/portal/sys/v4/symbols/104.png",
				"_iconSize": [
					16,
					16
				],
				"_iconAnchor": [
					8,
					8
				]
			}
		},
		{
			"type": "Feature",
			"geometry": {
				"type": "Point",
				"coordinates": [
					 131.1847,
					 32.6006
				]
			},
			"properties": {
				"name": "JA6/MZ-022(鞍岡２(三角点))",
				"読み":"Kuraoka2",
				"標高":"1362m 8pt ",
				"GL":"PM52oo",
				"市郡区":"G#45005H / G#45003A ",
				"登山日":"",
				"メモ":"",
				"_markerType": "Icon",
				"_iconUrl": "https://maps.gsi.go.jp/portal/sys/v4/symbols/104.png",
				"_iconSize": [
					16,
					16
				],
				"_iconAnchor": [
					8,
					8
				]
			}
		},
		{
			"type": "Feature",
			"geometry": {
				"type": "Point",
				"coordinates": [
					 131.1484,
					 32.4112
				]
			},
			"properties": {
				"name": "JA6/MZ-023(石仁田山)",
				"読み":"Ishinitayama",
				"標高":"1359m 8pt ",
				"GL":"PM52nj",
				"市郡区":"G#45005H ",
				"登山日":"",
				"メモ":"",
				"_markerType": "Icon",
				"_iconUrl": "https://maps.gsi.go.jp/portal/sys/v4/symbols/104.png",
				"_iconSize": [
					16,
					16
				],
				"_iconAnchor": [
					8,
					8
				]
			}
		},
		{
			"type": "Feature",
			"geometry": {
				"type": "Point",
				"coordinates": [
					 131.2874,
					 32.6346
				]
			},
			"properties": {
				"name": "JA6/MZ-024(諸塚山)",
				"読み":"Morotsukayama",
				"標高":"1342m 8pt ",
				"GL":"PM52pp",
				"市郡区":"G#45005J / G#45003B ",
				"登山日":"",
				"メモ":"",
				"_markerType": "Icon",
				"_iconUrl": "https://maps.gsi.go.jp/portal/sys/v4/symbols/104.png",
				"_iconSize": [
					16,
					16
				],
				"_iconAnchor": [
					8,
					8
				]
			}
		},
		{
			"type": "Feature",
			"geometry": {
				"type": "Point",
				"coordinates": [
					 131.0919,
					 32.4492
				]
			},
			"properties": {
				"name": "JA6/MZ-025(三方峠(三角点))",
				"読み":"Sanboutouge",
				"標高":"1326m 8pt ",
				"GL":"PM52nk",
				"市郡区":"G#45005H ",
				"登山日":"",
				"メモ":"",
				"_markerType": "Icon",
				"_iconUrl": "https://maps.gsi.go.jp/portal/sys/v4/symbols/104.png",
				"_iconSize": [
					16,
					16
				],
				"_iconAnchor": [
					8,
					8
				]
			}
		},
		{
			"type": "Feature",
			"geometry": {
				"type": "Point",
				"coordinates": [
					 131.2528,
					 32.6145
				]
			},
			"properties": {
				"name": "JA6/MZ-026(大仁田山(三角点))",
				"読み":"Oonitayama",
				"標高":"1316m 8pt ",
				"GL":"PM52po",
				"市郡区":"G#45005J / G#45003A ",
				"登山日":"",
				"メモ":"",
				"_markerType": "Icon",
				"_iconUrl": "https://maps.gsi.go.jp/portal/sys/v4/symbols/104.png",
				"_iconSize": [
					16,
					16
				],
				"_iconAnchor": [
					8,
					8
				]
			}
		},
		{
			"type": "Feature",
			"geometry": {
				"type": "Point",
				"coordinates": [
					 131.1843,
					 32.6374
				]
			},
			"properties": {
				"name": "JA6/MZ-027(祇園山)",
				"読み":"Gionyama",
				"標高":"1307m 8pt ",
				"GL":"PM52op",
				"市郡区":"G#45003A ",
				"登山日":"",
				"メモ":"",
				"_markerType": "Icon",
				"_iconUrl": "https://maps.gsi.go.jp/portal/sys/v4/symbols/104.png",
				"_iconSize": [
					16,
					16
				],
				"_iconAnchor": [
					8,
					8
				]
			}
		},
		{
			"type": "Feature",
			"geometry": {
				"type": "Point",
				"coordinates": [
					 131.1628,
					 32.362
				]
			},
			"properties": {
				"name": "JA6/MZ-028(城(三角点))",
				"読み":"Shiro",
				"標高":"1303m 8pt ",
				"GL":"PM52ni",
				"市郡区":"G#45005H ",
				"登山日":"",
				"メモ":"",
				"_markerType": "Icon",
				"_iconUrl": "https://maps.gsi.go.jp/portal/sys/v4/symbols/104.png",
				"_iconSize": [
					16,
					16
				],
				"_iconAnchor": [
					8,
					8
				]
			}
		},
		{
			"type": "Feature",
			"geometry": {
				"type": "Point",
				"coordinates": [
					 131.4016,
					 32.7542
				]
			},
			"properties": {
				"name": "JA6/MZ-029(二つ岳近傍)",
				"読み":"Futatsudake",
				"標高":"1260m 8pt ",
				"GL":"PM52qs",
				"市郡区":"G#45003C / G#45003B ",
				"登山日":"",
				"メモ":"",
				"_markerType": "Icon",
				"_iconUrl": "https://maps.gsi.go.jp/portal/sys/v4/symbols/104.png",
				"_iconSize": [
					16,
					16
				],
				"_iconAnchor": [
					8,
					8
				]
			}
		},
		{
			"type": "Feature",
			"geometry": {
				"type": "Point",
				"coordinates": [
					 131.5578,
					 32.6943
				]
			},
			"properties": {
				"name": "JA6/MZ-030(榎峠)",
				"読み":"Enokitouge",
				"標高":"1245m 8pt ",
				"GL":"PM52sq",
				"市郡区":"C#4503 ",
				"登山日":"",
				"メモ":"",
				"_markerType": "Icon",
				"_iconUrl": "https://maps.gsi.go.jp/portal/sys/v4/symbols/104.png",
				"_iconSize": [
					16,
					16
				],
				"_iconAnchor": [
					8,
					8
				]
			}
		},
		{
			"type": "Feature",
			"geometry": {
				"type": "Point",
				"coordinates": [
					 131.1925,
					 32.1337
				]
			},
			"properties": {
				"name": "JA6/MZ-031(掃部岳)",
				"読み":"Kamondake",
				"標高":"1223m 8pt ",
				"GL":"PM52od",
				"市郡区":"G#45002F / C#4508 ",
				"登山日":"",
				"メモ":"",
				"_markerType": "Icon",
				"_iconUrl": "https://maps.gsi.go.jp/portal/sys/v4/symbols/104.png",
				"_iconSize": [
					16,
					16
				],
				"_iconAnchor": [
					8,
					8
				]
			}
		},
		{
			"type": "Feature",
			"geometry": {
				"type": "Point",
				"coordinates": [
					 131.1818,
					 32.2533
				]
			},
			"properties": {
				"name": "JA6/MZ-032(天包山)",
				"読み":"Tenpouzan",
				"標高":"1189m 8pt ",
				"GL":"PM52og",
				"市郡区":"G#45002F ",
				"登山日":"",
				"メモ":"",
				"_markerType": "Icon",
				"_iconUrl": "https://maps.gsi.go.jp/portal/sys/v4/symbols/104.png",
				"_iconSize": [
					16,
					16
				],
				"_iconAnchor": [
					8,
					8
				]
			}
		},
		{
			"type": "Feature",
			"geometry": {
				"type": "Point",
				"coordinates": [
					 131.2835,
					 32.2894
				]
			},
			"properties": {
				"name": "JA6/MZ-033(オサレ山)",
				"読み":"Ozareyama",
				"標高":"1152m 8pt ",
				"GL":"PM52pg",
				"市郡区":"C#4508 ",
				"登山日":"",
				"メモ":"",
				"_markerType": "Icon",
				"_iconUrl": "https://maps.gsi.go.jp/portal/sys/v4/symbols/104.png",
				"_iconSize": [
					16,
					16
				],
				"_iconAnchor": [
					8,
					8
				]
			}
		},
		{
			"type": "Feature",
			"geometry": {
				"type": "Point",
				"coordinates": [
					 131.1416,
					 32.1658
				]
			},
			"properties": {
				"name": "JA6/MZ-034(村所山(三角点))",
				"読み":"Muradokoroyama",
				"標高":"1147m 8pt ",
				"GL":"PM52nd",
				"市郡区":"G#45002F ",
				"登山日":"",
				"メモ":"",
				"_markerType": "Icon",
				"_iconUrl": "https://maps.gsi.go.jp/portal/sys/v4/symbols/104.png",
				"_iconSize": [
					16,
					16
				],
				"_iconAnchor": [
					8,
					8
				]
			}
		},
		{
			"type": "Feature",
			"geometry": {
				"type": "Point",
				"coordinates": [
					 131.2266,
					 32.2751
				]
			},
			"properties": {
				"name": "JA6/MZ-035(烏帽子岳)",
				"読み":"Eboshidake",
				"標高":"1126m 8pt ",
				"GL":"PM52og",
				"市郡区":"C#4508 / G#45002F ",
				"登山日":"",
				"メモ":"",
				"_markerType": "Icon",
				"_iconUrl": "https://maps.gsi.go.jp/portal/sys/v4/symbols/104.png",
				"_iconSize": [
					16,
					16
				],
				"_iconAnchor": [
					8,
					8
				]
			}
		},
		{
			"type": "Feature",
			"geometry": {
				"type": "Point",
				"coordinates": [
					 131.2695,
					 31.7689
				]
			},
			"properties": {
				"name": "JA6/MZ-036(鰐塚山)",
				"読み":"Wanitsukayama",
				"標高":"1118m 8pt ",
				"GL":"PM51ps",
				"市郡区":"C#4501 / G#45001B / C#4504",
				"登山日":"",
				"メモ":"",
				"_markerType": "Icon",
				"_iconUrl": "https://maps.gsi.go.jp/portal/sys/v4/symbols/104.png",
				"_iconSize": [
					16,
					16
				],
				"_iconAnchor": [
					8,
					8
				]
			}
		},
		{
			"type": "Feature",
			"geometry": {
				"type": "Point",
				"coordinates": [
					 131.1549,
					 32.0759
				]
			},
			"properties": {
				"name": "JA6/MZ-037(大森岳)",
				"読み":"Oomoridake",
				"標高":"1109m 8pt ",
				"GL":"PM52nb",
				"市郡区":"C#4505 ",
				"登山日":"",
				"メモ":"",
				"_markerType": "Icon",
				"_iconUrl": "https://maps.gsi.go.jp/portal/sys/v4/symbols/104.png",
				"_iconSize": [
					16,
					16
				],
				"_iconAnchor": [
					8,
					8
				]
			}
		},
		{
			"type": "Feature",
			"geometry": {
				"type": "Point",
				"coordinates": [
					 131.3416,
					 32.4295
				]
			},
			"properties": {
				"name": "JA6/MZ-038(高峠)",
				"読み":"Takatouge",
				"標高":"1107m 8pt ",
				"GL":"PM52qk",
				"市郡区":"G#45005K ",
				"登山日":"",
				"メモ":"",
				"_markerType": "Icon",
				"_iconUrl": "https://maps.gsi.go.jp/portal/sys/v4/symbols/104.png",
				"_iconSize": [
					16,
					16
				],
				"_iconAnchor": [
					8,
					8
				]
			}
		},
		{
			"type": "Feature",
			"geometry": {
				"type": "Point",
				"coordinates": [
					 131.374,
					 32.5641
				]
			},
			"properties": {
				"name": "JA6/MZ-039(九左エ門(三角点))",
				"読み":"Kyuzaemon",
				"標高":"1101m 8pt ",
				"GL":"PM52qn",
				"市郡区":"G#45005J / G#45005K / G#45003C",
				"登山日":"",
				"メモ":"",
				"_markerType": "Icon",
				"_iconUrl": "https://maps.gsi.go.jp/portal/sys/v4/symbols/104.png",
				"_iconSize": [
					16,
					16
				],
				"_iconAnchor": [
					8,
					8
				]
			}
		},
		{
			"type": "Feature",
			"geometry": {
				"type": "Point",
				"coordinates": [
					 131.2554,
					 32.8046
				]
			},
			"properties": {
				"name": "JA6/MZ-040(国見岳)",
				"読み":"Kunimidake",
				"標高":"1088m 6pt ",
				"GL":"PM52pt",
				"市郡区":"G#45003B / G#43002I ",
				"登山日":"",
				"メモ":"",
				"_markerType": "Icon",
				"_iconUrl": "https://maps.gsi.go.jp/portal/sys/v4/symbols/103.png",
				"_iconSize": [
					16,
					16
				],
				"_iconAnchor": [
					8,
					8
				]
			}
		},
		{
			"type": "Feature",
			"geometry": {
				"type": "Point",
				"coordinates": [
					 131.1689,
					 32.1735
				]
			},
			"properties": {
				"name": "JA6/MZ-041(点1057)",
				"読み":"P1057",
				"標高":"1057m 6pt ",
				"GL":"PM52oe",
				"市郡区":"G#45002F ",
				"登山日":"",
				"メモ":"",
				"_markerType": "Icon",
				"_iconUrl": "https://maps.gsi.go.jp/portal/sys/v4/symbols/103.png",
				"_iconSize": [
					16,
					16
				],
				"_iconAnchor": [
					8,
					8
				]
			}
		},
		{
			"type": "Feature",
			"geometry": {
				"type": "Point",
				"coordinates": [
					 131.2565,
					 32.1632
				]
			},
			"properties": {
				"name": "JA6/MZ-042(国見山)",
				"読み":"Kunimiyama",
				"標高":"1036m 6pt ",
				"GL":"PM52pd",
				"市郡区":"C#4508 ",
				"登山日":"",
				"メモ":"",
				"_markerType": "Icon",
				"_iconUrl": "https://maps.gsi.go.jp/portal/sys/v4/symbols/103.png",
				"_iconSize": [
					16,
					16
				],
				"_iconAnchor": [
					8,
					8
				]
			}
		},
		{
			"type": "Feature",
			"geometry": {
				"type": "Point",
				"coordinates": [
					 131.358,
					 32.2649
				]
			},
			"properties": {
				"name": "JA6/MZ-043(柏葉(三角点))",
				"読み":"Kashiwaba",
				"標高":"1022m 6pt ",
				"GL":"PM52qg",
				"市郡区":"G#45002D / C#4508 ",
				"登山日":"",
				"メモ":"",
				"_markerType": "Icon",
				"_iconUrl": "https://maps.gsi.go.jp/portal/sys/v4/symbols/103.png",
				"_iconSize": [
					16,
					16
				],
				"_iconAnchor": [
					8,
					8
				]
			}
		},
		{
			"type": "Feature",
			"geometry": {
				"type": "Point",
				"coordinates": [
					 131.1049,
					 32.1684
				]
			},
			"properties": {
				"name": "JA6/MZ-044(点1016)",
				"読み":"P1016",
				"標高":"1016m 6pt ",
				"GL":"PM52ne",
				"市郡区":"G#45002F / G#43008E ",
				"登山日":"",
				"メモ":"",
				"_markerType": "Icon",
				"_iconUrl": "https://maps.gsi.go.jp/portal/sys/v4/symbols/103.png",
				"_iconSize": [
					16,
					16
				],
				"_iconAnchor": [
					8,
					8
				]
			}
		},
		{
			"type": "Feature",
			"geometry": {
				"type": "Point",
				"coordinates": [
					 131.3592,
					 32.2415
				]
			},
			"properties": {
				"name": "JA6/MZ-045(点1004(大瀬内山近傍))",
				"読み":"P1004",
				"標高":"1004m 6pt ",
				"GL":"PM52qf",
				"市郡区":"C#4508 / G#45002D ",
				"登山日":"",
				"メモ":"",
				"_markerType": "Icon",
				"_iconUrl": "https://maps.gsi.go.jp/portal/sys/v4/symbols/103.png",
				"_iconSize": [
					16,
					16
				],
				"_iconAnchor": [
					8,
					8
				]
			}
		},
		{
			"type": "Feature",
			"geometry": {
				"type": "Point",
				"coordinates": [
					 131.2244,
					 32.7052
				]
			},
			"properties": {
				"name": "JA6/MZ-047(桝形山)",
				"読み":"Masugatayama",
				"標高":"982m 6pt ",
				"GL":"PM52oq",
				"市郡区":"G#45003A ",
				"登山日":"",
				"メモ":"",
				"_markerType": "Icon",
				"_iconUrl": "https://maps.gsi.go.jp/portal/sys/v4/symbols/103.png",
				"_iconSize": [
					16,
					16
				],
				"_iconAnchor": [
					8,
					8
				]
			}
		},
		{
			"type": "Feature",
			"geometry": {
				"type": "Point",
				"coordinates": [
					 130.9891,
					 32.1318
				]
			},
			"properties": {
				"name": "JA6/MZ-048(ジョウゴ岳)",
				"読み":"Jyougodake",
				"標高":"980m 6pt ",
				"GL":"PM52ld",
				"市郡区":"C#4505 ",
				"登山日":"",
				"メモ":"",
				"_markerType": "Icon",
				"_iconUrl": "https://maps.gsi.go.jp/portal/sys/v4/symbols/103.png",
				"_iconSize": [
					16,
					16
				],
				"_iconAnchor": [
					8,
					8
				]
			}
		},
		{
			"type": "Feature",
			"geometry": {
				"type": "Point",
				"coordinates": [
					 130.8821,
					 32.1215
				]
			},
			"properties": {
				"name": "JA6/MZ-049(点960(木屋ケ野(三角点)近傍))",
				"読み":"P960",
				"標高":"960m 6pt ",
				"GL":"PM52kc",
				"市郡区":"C#4509 / G#43008F ",
				"登山日":"",
				"メモ":"",
				"_markerType": "Icon",
				"_iconUrl": "https://maps.gsi.go.jp/portal/sys/v4/symbols/103.png",
				"_iconSize": [
					16,
					16
				],
				"_iconAnchor": [
					8,
					8
				]
			}
		},
		{
			"type": "Feature",
			"geometry": {
				"type": "Point",
				"coordinates": [
					 131.2494,
					 32.1198
				]
			},
			"properties": {
				"name": "JA6/MZ-050(楠八重(三角点))",
				"読み":"Kusuyae",
				"標高":"957m 6pt ",
				"GL":"PM52oc",
				"市郡区":"C#4508 ",
				"登山日":"",
				"メモ":"",
				"_markerType": "Icon",
				"_iconUrl": "https://maps.gsi.go.jp/portal/sys/v4/symbols/103.png",
				"_iconSize": [
					16,
					16
				],
				"_iconAnchor": [
					8,
					8
				]
			}
		},
		{
			"type": "Feature",
			"geometry": {
				"type": "Point",
				"coordinates": [
					 131.2106,
					 31.715
				]
			},
			"properties": {
				"name": "JA6/MZ-051(柳岳)",
				"読み":"Yanagidake",
				"標高":"952m 6pt ",
				"GL":"PM51or",
				"市郡区":"C#4504 / G#45001B ",
				"登山日":"",
				"メモ":"",
				"_markerType": "Icon",
				"_iconUrl": "https://maps.gsi.go.jp/portal/sys/v4/symbols/103.png",
				"_iconSize": [
					16,
					16
				],
				"_iconAnchor": [
					8,
					8
				]
			}
		},
		{
			"type": "Feature",
			"geometry": {
				"type": "Point",
				"coordinates": [
					 131.234,
					 32.2432
				]
			},
			"properties": {
				"name": "JA6/MZ-052(赤鬚山)",
				"読み":"Akahigeyama",
				"標高":"951m 6pt ",
				"GL":"PM52of",
				"市郡区":"C#4508 / G#45002F ",
				"登山日":"",
				"メモ":"",
				"_markerType": "Icon",
				"_iconUrl": "https://maps.gsi.go.jp/portal/sys/v4/symbols/103.png",
				"_iconSize": [
					16,
					16
				],
				"_iconAnchor": [
					8,
					8
				]
			}
		},
		{
			"type": "Feature",
			"geometry": {
				"type": "Point",
				"coordinates": [
					 131.1083,
					 32.0834
				]
			},
			"properties": {
				"name": "JA6/MZ-053(麓(三角点))",
				"読み":"Fumoto",
				"標高":"951m 6pt ",
				"GL":"PM52nc",
				"市郡区":"C#4505 ",
				"登山日":"",
				"メモ":"",
				"_markerType": "Icon",
				"_iconUrl": "https://maps.gsi.go.jp/portal/sys/v4/symbols/103.png",
				"_iconSize": [
					16,
					16
				],
				"_iconAnchor": [
					8,
					8
				]
			}
		},
		{
			"type": "Feature",
			"geometry": {
				"type": "Point",
				"coordinates": [
					 130.9036,
					 32.1196
				]
			},
			"properties": {
				"name": "JA6/MZ-054(天狗山)",
				"読み":"Tenguyama",
				"標高":"941m 6pt ",
				"GL":"PM52kc",
				"市郡区":"C#4509 ",
				"登山日":"",
				"メモ":"",
				"_markerType": "Icon",
				"_iconUrl": "https://maps.gsi.go.jp/portal/sys/v4/symbols/103.png",
				"_iconSize": [
					16,
					16
				],
				"_iconAnchor": [
					8,
					8
				]
			}
		},
		{
			"type": "Feature",
			"geometry": {
				"type": "Point",
				"coordinates": [
					 131.113,
					 32.1115
				]
			},
			"properties": {
				"name": "JA6/MZ-055(袋(三角点))",
				"読み":"Fukuro",
				"標高":"935m 6pt ",
				"GL":"PM52nc",
				"市郡区":"C#4505 ",
				"登山日":"",
				"メモ":"",
				"_markerType": "Icon",
				"_iconUrl": "https://maps.gsi.go.jp/portal/sys/v4/symbols/103.png",
				"_iconSize": [
					16,
					16
				],
				"_iconAnchor": [
					8,
					8
				]
			}
		},
		{
			"type": "Feature",
			"geometry": {
				"type": "Point",
				"coordinates": [
					 131.1099,
					 32.0369
				]
			},
			"properties": {
				"name": "JA6/MZ-056(七熊山)",
				"読み":"Nanakumayama",
				"標高":"929m 6pt ",
				"GL":"PM52na",
				"市郡区":"C#4505 ",
				"登山日":"",
				"メモ":"",
				"_markerType": "Icon",
				"_iconUrl": "https://maps.gsi.go.jp/portal/sys/v4/symbols/103.png",
				"_iconSize": [
					16,
					16
				],
				"_iconAnchor": [
					8,
					8
				]
			}
		},
		{
			"type": "Feature",
			"geometry": {
				"type": "Point",
				"coordinates": [
					 131.2537,
					 32.0986
				]
			},
			"properties": {
				"name": "JA6/MZ-057(点923)",
				"読み":"P923",
				"標高":"923m 6pt ",
				"GL":"PM52pc",
				"市郡区":"C#4508 / G#45006B ",
				"登山日":"",
				"メモ":"",
				"_markerType": "Icon",
				"_iconUrl": "https://maps.gsi.go.jp/portal/sys/v4/symbols/103.png",
				"_iconSize": [
					16,
					16
				],
				"_iconAnchor": [
					8,
					8
				]
			}
		},
		{
			"type": "Feature",
			"geometry": {
				"type": "Point",
				"coordinates": [
					 131.1587,
					 31.6692
				]
			},
			"properties": {
				"name": "JA6/MZ-058(牛ノ峠(三角点))",
				"読み":"Ushinotouge",
				"標高":"918m 6pt ",
				"GL":"PM51nq",
				"市郡区":"C#4502 / G#45001B ",
				"登山日":"",
				"メモ":"",
				"_markerType": "Icon",
				"_iconUrl": "https://maps.gsi.go.jp/portal/sys/v4/symbols/103.png",
				"_iconSize": [
					16,
					16
				],
				"_iconAnchor": [
					8,
					8
				]
			}
		},
		{
			"type": "Feature",
			"geometry": {
				"type": "Point",
				"coordinates": [
					 131.2264,
					 31.7825
				]
			},
			"properties": {
				"name": "JA6/MZ-059(天神山)",
				"読み":"Tenjinyama",
				"標高":"911m 6pt ",
				"GL":"PM51os",
				"市郡区":"G#45001B / C#4502 ",
				"登山日":"",
				"メモ":"",
				"_markerType": "Icon",
				"_iconUrl": "https://maps.gsi.go.jp/portal/sys/v4/symbols/103.png",
				"_iconSize": [
					16,
					16
				],
				"_iconAnchor": [
					8,
					8
				]
			}
		},
		{
			"type": "Feature",
			"geometry": {
				"type": "Point",
				"coordinates": [
					 131.3462,
					 32.3309
				]
			},
			"properties": {
				"name": "JA6/MZ-060(点910(大岳(三角点)近傍))",
				"読み":"P910",
				"標高":"910m 6pt ",
				"GL":"PM52qh",
				"市郡区":"G#45002D / C#4506 ",
				"登山日":"",
				"メモ":"",
				"_markerType": "Icon",
				"_iconUrl": "https://maps.gsi.go.jp/portal/sys/v4/symbols/103.png",
				"_iconSize": [
					16,
					16
				],
				"_iconAnchor": [
					8,
					8
				]
			}
		},
		{
			"type": "Feature",
			"geometry": {
				"type": "Point",
				"coordinates": [
					 131.2103,
					 32.0743
				]
			},
			"properties": {
				"name": "JA6/MZ-061(点910)",
				"読み":"P910",
				"標高":"910m 6pt ",
				"GL":"PM52ob",
				"市郡区":"G#45006B / G#45006A ",
				"登山日":"",
				"メモ":"",
				"_markerType": "Icon",
				"_iconUrl": "https://maps.gsi.go.jp/portal/sys/v4/symbols/103.png",
				"_iconSize": [
					16,
					16
				],
				"_iconAnchor": [
					8,
					8
				]
			}
		},
		{
			"type": "Feature",
			"geometry": {
				"type": "Point",
				"coordinates": [
					 130.9658,
					 32.1114
				]
			},
			"properties": {
				"name": "JA6/MZ-062(内才谷(三角点))",
				"読み":"Uchisaitani",
				"標高":"905m 6pt ",
				"GL":"PM52lc",
				"市郡区":"C#4509 ",
				"登山日":"",
				"メモ":"",
				"_markerType": "Icon",
				"_iconUrl": "https://maps.gsi.go.jp/portal/sys/v4/symbols/103.png",
				"_iconSize": [
					16,
					16
				],
				"_iconAnchor": [
					8,
					8
				]
			}
		},
		{
			"type": "Feature",
			"geometry": {
				"type": "Point",
				"coordinates": [
					 131.3388,
					 32.645
				]
			},
			"properties": {
				"name": "JA6/MZ-063(高城山)",
				"読み":"Takajyouyama",
				"標高":"901m 6pt ",
				"GL":"PM52qp",
				"市郡区":"G#45003C ",
				"登山日":"",
				"メモ":"",
				"_markerType": "Icon",
				"_iconUrl": "https://maps.gsi.go.jp/portal/sys/v4/symbols/103.png",
				"_iconSize": [
					16,
					16
				],
				"_iconAnchor": [
					8,
					8
				]
			}
		},
		{
			"type": "Feature",
			"geometry": {
				"type": "Point",
				"coordinates": [
					 131.0542,
					 32.267
				]
			},
			"properties": {
				"name": "JA6/MZ-064(点900)",
				"読み":"P900",
				"標高":"900m 6pt ",
				"GL":"PM52mg",
				"市郡区":"G#45002F / G#43008K ",
				"登山日":"",
				"メモ":"",
				"_markerType": "Icon",
				"_iconUrl": "https://maps.gsi.go.jp/portal/sys/v4/symbols/103.png",
				"_iconSize": [
					16,
					16
				],
				"_iconAnchor": [
					8,
					8
				]
			}
		},
		{
			"type": "Feature",
			"geometry": {
				"type": "Point",
				"coordinates": [
					 131.3914,
					 32.4209
				]
			},
			"properties": {
				"name": "JA6/MZ-065(点899)",
				"読み":"P899",
				"標高":"899m 6pt ",
				"GL":"PM52qk",
				"市郡区":"G#45005K ",
				"登山日":"",
				"メモ":"",
				"_markerType": "Icon",
				"_iconUrl": "https://maps.gsi.go.jp/portal/sys/v4/symbols/103.png",
				"_iconSize": [
					16,
					16
				],
				"_iconAnchor": [
					8,
					8
				]
			}
		},
		{
			"type": "Feature",
			"geometry": {
				"type": "Point",
				"coordinates": [
					 131.443,
					 32.2375
				]
			},
			"properties": {
				"name": "JA6/MZ-066(上面木山)",
				"読み":"Jyoumegiyama",
				"標高":"897m 6pt ",
				"GL":"PM52rf",
				"市郡区":"G#45002D / G#45002A ",
				"登山日":"",
				"メモ":"",
				"_markerType": "Icon",
				"_iconUrl": "https://maps.gsi.go.jp/portal/sys/v4/symbols/103.png",
				"_iconSize": [
					16,
					16
				],
				"_iconAnchor": [
					8,
					8
				]
			}
		},
		{
			"type": "Feature",
			"geometry": {
				"type": "Point",
				"coordinates": [
					 131.3466,
					 32.4727
				]
			},
			"properties": {
				"name": "JA6/MZ-067(尖野)",
				"読み":"Togarino",
				"標高":"879m 6pt ",
				"GL":"PM52ql",
				"市郡区":"G#45005K ",
				"登山日":"",
				"メモ":"",
				"_markerType": "Icon",
				"_iconUrl": "https://maps.gsi.go.jp/portal/sys/v4/symbols/103.png",
				"_iconSize": [
					16,
					16
				],
				"_iconAnchor": [
					8,
					8
				]
			}
		},
		{
			"type": "Feature",
			"geometry": {
				"type": "Point",
				"coordinates": [
					 131.3987,
					 32.3749
				]
			},
			"properties": {
				"name": "JA6/MZ-068(加子山)",
				"読み":"Kakoyama",
				"標高":"867m 6pt ",
				"GL":"PM52qi",
				"市郡区":"G#45005K / C#4506 ",
				"登山日":"",
				"メモ":"",
				"_markerType": "Icon",
				"_iconUrl": "https://maps.gsi.go.jp/portal/sys/v4/symbols/103.png",
				"_iconSize": [
					16,
					16
				],
				"_iconAnchor": [
					8,
					8
				]
			}
		},
		{
			"type": "Feature",
			"geometry": {
				"type": "Point",
				"coordinates": [
					 131.4971,
					 32.2959
				]
			},
			"properties": {
				"name": "JA6/MZ-069(畑倉山)",
				"読み":"Hatakurayama",
				"標高":"849m 4pt ",
				"GL":"PM52rh",
				"市郡区":"C#4506 / G#45002C ",
				"登山日":"",
				"メモ":"",
				"_markerType": "Icon",
				"_iconUrl": "https://maps.gsi.go.jp/portal/sys/v4/symbols/828.png",
				"_iconSize": [
					16,
					16
				],
				"_iconAnchor": [
					8,
					8
				]
			}
		},
		{
			"type": "Feature",
			"geometry": {
				"type": "Point",
				"coordinates": [
					 131.2384,
					 31.7287
				]
			},
			"properties": {
				"name": "JA6/MZ-070(赤松(三角点))",
				"読み":"Akamatsu",
				"標高":"847m 4pt ",
				"GL":"PM51or",
				"市郡区":"G#45001B / C#4504 ",
				"登山日":"",
				"メモ":"",
				"_markerType": "Icon",
				"_iconUrl": "https://maps.gsi.go.jp/portal/sys/v4/symbols/828.png",
				"_iconSize": [
					16,
					16
				],
				"_iconAnchor": [
					8,
					8
				]
			}
		},
		{
			"type": "Feature",
			"geometry": {
				"type": "Point",
				"coordinates": [
					 130.7964,
					 31.9817
				]
			},
			"properties": {
				"name": "JA6/MZ-071(飯盛山)",
				"読み":"Iimoriyama",
				"標高":"846m 4pt ",
				"GL":"PM51jx",
				"市郡区":"C#4509 ",
				"登山日":"",
				"メモ":"",
				"_markerType": "Icon",
				"_iconUrl": "https://maps.gsi.go.jp/portal/sys/v4/symbols/828.png",
				"_iconSize": [
					16,
					16
				],
				"_iconAnchor": [
					8,
					8
				]
			}
		},
		{
			"type": "Feature",
			"geometry": {
				"type": "Point",
				"coordinates": [
					 131.3064,
					 31.7815
				]
			},
			"properties": {
				"name": "JA6/MZ-072(朝陣野)",
				"読み":"Asajinno",
				"標高":"839m 4pt ",
				"GL":"PM51ps",
				"市郡区":"C#4501 ",
				"登山日":"",
				"メモ":"",
				"_markerType": "Icon",
				"_iconUrl": "https://maps.gsi.go.jp/portal/sys/v4/symbols/828.png",
				"_iconSize": [
					16,
					16
				],
				"_iconAnchor": [
					8,
					8
				]
			}
		},
		{
			"type": "Feature",
			"geometry": {
				"type": "Point",
				"coordinates": [
					 131.4006,
					 32.5062
				]
			},
			"properties": {
				"name": "JA6/MZ-073(黒原(三角点))",
				"読み":"Kurohara",
				"標高":"833m 4pt ",
				"GL":"PM52qm",
				"市郡区":"G#45005K / G#45005J ",
				"登山日":"",
				"メモ":"",
				"_markerType": "Icon",
				"_iconUrl": "https://maps.gsi.go.jp/portal/sys/v4/symbols/828.png",
				"_iconSize": [
					16,
					16
				],
				"_iconAnchor": [
					8,
					8
				]
			}
		},
		{
			"type": "Feature",
			"geometry": {
				"type": "Point",
				"coordinates": [
					 131.5723,
					 32.6259
				]
			},
			"properties": {
				"name": "JA6/MZ-074(行縢山)",
				"読み":"Mukabakiyama",
				"標高":"830m 4pt ",
				"GL":"PM52sp",
				"市郡区":"C#4503 ",
				"登山日":"",
				"メモ":"",
				"_markerType": "Icon",
				"_iconUrl": "https://maps.gsi.go.jp/portal/sys/v4/symbols/828.png",
				"_iconSize": [
					16,
					16
				],
				"_iconAnchor": [
					8,
					8
				]
			}
		},
		{
			"type": "Feature",
			"geometry": {
				"type": "Point",
				"coordinates": [
					 131.4526,
					 32.3995
				]
			},
			"properties": {
				"name": "JA6/MZ-075(珍神山)",
				"読み":"Uzugamiyama",
				"標高":"823m 4pt ",
				"GL":"PM52rj",
				"市郡区":"G#45005K / C#4506 ",
				"登山日":"",
				"メモ":"",
				"_markerType": "Icon",
				"_iconUrl": "https://maps.gsi.go.jp/portal/sys/v4/symbols/828.png",
				"_iconSize": [
					16,
					16
				],
				"_iconAnchor": [
					8,
					8
				]
			}
		},
		{
			"type": "Feature",
			"geometry": {
				"type": "Point",
				"coordinates": [
					 131.0448,
					 32.0655
				]
			},
			"properties": {
				"name": "JA6/MZ-076(軍谷(三角点))",
				"読み":"Ikusadani",
				"標高":"817m 4pt ",
				"GL":"PM52mb",
				"市郡区":"C#4505 ",
				"登山日":"",
				"メモ":"",
				"_markerType": "Icon",
				"_iconUrl": "https://maps.gsi.go.jp/portal/sys/v4/symbols/828.png",
				"_iconSize": [
					16,
					16
				],
				"_iconAnchor": [
					8,
					8
				]
			}
		},
		{
			"type": "Feature",
			"geometry": {
				"type": "Point",
				"coordinates": [
					 131.4194,
					 32.6578
				]
			},
			"properties": {
				"name": "JA6/MZ-077(丹助岳)",
				"読み":"Tansukedake",
				"標高":"815m 4pt ",
				"GL":"PM52rp",
				"市郡区":"G#45003C ",
				"登山日":"",
				"メモ":"",
				"_markerType": "Icon",
				"_iconUrl": "https://maps.gsi.go.jp/portal/sys/v4/symbols/828.png",
				"_iconSize": [
					16,
					16
				],
				"_iconAnchor": [
					8,
					8
				]
			}
		},
		{
			"type": "Feature",
			"geometry": {
				"type": "Point",
				"coordinates": [
					 131.2106,
					 31.6725
				]
			},
			"properties": {
				"name": "JA6/MZ-078(新村(三角点))",
				"読み":"Niimura",
				"標高":"793m 4pt ",
				"GL":"PM51oq",
				"市郡区":"C#4504 ",
				"登山日":"",
				"メモ":"",
				"_markerType": "Icon",
				"_iconUrl": "https://maps.gsi.go.jp/portal/sys/v4/symbols/828.png",
				"_iconSize": [
					16,
					16
				],
				"_iconAnchor": [
					8,
					8
				]
			}
		},
		{
			"type": "Feature",
			"geometry": {
				"type": "Point",
				"coordinates": [
					 131.2823,
					 31.722
				]
			},
			"properties": {
				"name": "JA6/MZ-079(梅之木山)",
				"読み":"Umenokiyama",
				"標高":"790m 4pt ",
				"GL":"PM51pr",
				"市郡区":"C#4504 ",
				"登山日":"",
				"メモ":"",
				"_markerType": "Icon",
				"_iconUrl": "https://maps.gsi.go.jp/portal/sys/v4/symbols/828.png",
				"_iconSize": [
					16,
					16
				],
				"_iconAnchor": [
					8,
					8
				]
			}
		},
		{
			"type": "Feature",
			"geometry": {
				"type": "Point",
				"coordinates": [
					 131.2579,
					 31.6127
				]
			},
			"properties": {
				"name": "JA6/MZ-080(男鈴山)",
				"読み":"Osuzusan",
				"標高":"783m 4pt ",
				"GL":"PM51po",
				"市郡区":"C#4507 / C#4504 ",
				"登山日":"",
				"メモ":"",
				"_markerType": "Icon",
				"_iconUrl": "https://maps.gsi.go.jp/portal/sys/v4/symbols/828.png",
				"_iconSize": [
					16,
					16
				],
				"_iconAnchor": [
					8,
					8
				]
			}
		},
		{
			"type": "Feature",
			"geometry": {
				"type": "Point",
				"coordinates": [
					 131.1939,
					 31.6447
				]
			},
			"properties": {
				"name": "JA6/MZ-081(割篭谷(三角点))",
				"読み":"Warigomoriya",
				"標高":"769m 4pt ",
				"GL":"PM51op",
				"市郡区":"C#4504 / C#4502 ",
				"登山日":"",
				"メモ":"",
				"_markerType": "Icon",
				"_iconUrl": "https://maps.gsi.go.jp/portal/sys/v4/symbols/828.png",
				"_iconSize": [
					16,
					16
				],
				"_iconAnchor": [
					8,
					8
				]
			}
		},
		{
			"type": "Feature",
			"geometry": {
				"type": "Point",
				"coordinates": [
					 131.3778,
					 32.3349
				]
			},
			"properties": {
				"name": "JA6/MZ-082(雪車塚(三角点))",
				"読み":"Yukikurumaduka",
				"標高":"759m 4pt ",
				"GL":"PM52qi",
				"市郡区":"C#4506 ",
				"登山日":"",
				"メモ":"",
				"_markerType": "Icon",
				"_iconUrl": "https://maps.gsi.go.jp/portal/sys/v4/symbols/828.png",
				"_iconSize": [
					16,
					16
				],
				"_iconAnchor": [
					8,
					8
				]
			}
		},
		{
			"type": "Feature",
			"geometry": {
				"type": "Point",
				"coordinates": [
					 131.3716,
					 32.3557
				]
			},
			"properties": {
				"name": "JA6/MZ-083(渡川山(三角点))",
				"読み":"Watarigawayama",
				"標高":"758m 4pt ",
				"GL":"PM52qi",
				"市郡区":"C#4506 / G#45005K ",
				"登山日":"",
				"メモ":"",
				"_markerType": "Icon",
				"_iconUrl": "https://maps.gsi.go.jp/portal/sys/v4/symbols/828.png",
				"_iconSize": [
					16,
					16
				],
				"_iconAnchor": [
					8,
					8
				]
			}
		},
		{
			"type": "Feature",
			"geometry": {
				"type": "Point",
				"coordinates": [
					 131.3958,
					 31.7523
				]
			},
			"properties": {
				"name": "JA6/MZ-084(岩壺山)",
				"読み":"Iwatsuboyama",
				"標高":"738m 4pt ",
				"GL":"PM51qs",
				"市郡区":"C#4501 / C#4504 ",
				"登山日":"",
				"メモ":"",
				"_markerType": "Icon",
				"_iconUrl": "https://maps.gsi.go.jp/portal/sys/v4/symbols/828.png",
				"_iconSize": [
					16,
					16
				],
				"_iconAnchor": [
					8,
					8
				]
			}
		},
		{
			"type": "Feature",
			"geometry": {
				"type": "Point",
				"coordinates": [
					 131.6707,
					 32.7682
				]
			},
			"properties": {
				"name": "JA6/MZ-085(切込山(三角点))",
				"読み":"Kirikomiyama",
				"標高":"736m 4pt ",
				"GL":"PM52us",
				"市郡区":"C#4503 / C#4405 ",
				"登山日":"",
				"メモ":"",
				"_markerType": "Icon",
				"_iconUrl": "https://maps.gsi.go.jp/portal/sys/v4/symbols/828.png",
				"_iconSize": [
					16,
					16
				],
				"_iconAnchor": [
					8,
					8
				]
			}
		},
		{
			"type": "Feature",
			"geometry": {
				"type": "Point",
				"coordinates": [
					 131.656,
					 32.6561
				]
			},
			"properties": {
				"name": "JA6/MZ-086(可愛岳)",
				"読み":"Enodake",
				"標高":"728m 4pt ",
				"GL":"PM52tp",
				"市郡区":"C#4503 ",
				"登山日":"",
				"メモ":"",
				"_markerType": "Icon",
				"_iconUrl": "https://maps.gsi.go.jp/portal/sys/v4/symbols/828.png",
				"_iconSize": [
					16,
					16
				],
				"_iconAnchor": [
					8,
					8
				]
			}
		},
		{
			"type": "Feature",
			"geometry": {
				"type": "Point",
				"coordinates": [
					 131.5043,
					 32.4574
				]
			},
			"properties": {
				"name": "JA6/MZ-087(躑躅山(三角点))",
				"読み":"Tsutsujiyama",
				"標高":"727m 4pt ",
				"GL":"PM52sk",
				"市郡区":"G#45005K ",
				"登山日":"",
				"メモ":"",
				"_markerType": "Icon",
				"_iconUrl": "https://maps.gsi.go.jp/portal/sys/v4/symbols/828.png",
				"_iconSize": [
					16,
					16
				],
				"_iconAnchor": [
					8,
					8
				]
			}
		},
		{
			"type": "Feature",
			"geometry": {
				"type": "Point",
				"coordinates": [
					 131.408,
					 32.4122
				]
			},
			"properties": {
				"name": "JA6/MZ-088(尖山)",
				"読み":"Togariyama",
				"標高":"716m 4pt ",
				"GL":"PM52qj",
				"市郡区":"G#45005K ",
				"登山日":"",
				"メモ":"",
				"_markerType": "Icon",
				"_iconUrl": "https://maps.gsi.go.jp/portal/sys/v4/symbols/828.png",
				"_iconSize": [
					16,
					16
				],
				"_iconAnchor": [
					8,
					8
				]
			}
		},
		{
			"type": "Feature",
			"geometry": {
				"type": "Point",
				"coordinates": [
					 131.2362,
					 32.0761
				]
			},
			"properties": {
				"name": "JA6/MZ-089(盤木山)",
				"読み":"Bangiyama",
				"標高":"711m 4pt ",
				"GL":"PM52ob",
				"市郡区":"G#45006B / G#45006A ",
				"登山日":"",
				"メモ":"",
				"_markerType": "Icon",
				"_iconUrl": "https://maps.gsi.go.jp/portal/sys/v4/symbols/828.png",
				"_iconSize": [
					16,
					16
				],
				"_iconAnchor": [
					8,
					8
				]
			}
		},
		{
			"type": "Feature",
			"geometry": {
				"type": "Point",
				"coordinates": [
					 130.868,
					 32.0685
				]
			},
			"properties": {
				"name": "JA6/MZ-090(観音岳(三角点))",
				"読み":"Kannondake",
				"標高":"706m 4pt ",
				"GL":"PM52kb",
				"市郡区":"C#4509 ",
				"登山日":"",
				"メモ":"",
				"_markerType": "Icon",
				"_iconUrl": "https://maps.gsi.go.jp/portal/sys/v4/symbols/828.png",
				"_iconSize": [
					16,
					16
				],
				"_iconAnchor": [
					8,
					8
				]
			}
		},
		{
			"type": "Feature",
			"geometry": {
				"type": "Point",
				"coordinates": [
					 131.1792,
					 31.6298
				]
			},
			"properties": {
				"name": "JA6/MZ-091(点700(尾平野(三角点)近傍))",
				"読み":"P700",
				"標高":"700m 4pt ",
				"GL":"PM51op",
				"市郡区":"C#4502 / C#4622 ",
				"登山日":"",
				"メモ":"",
				"_markerType": "Icon",
				"_iconUrl": "https://maps.gsi.go.jp/portal/sys/v4/symbols/828.png",
				"_iconSize": [
					16,
					16
				],
				"_iconAnchor": [
					8,
					8
				]
			}
		},
		{
			"type": "Feature",
			"geometry": {
				"type": "Point",
				"coordinates": [
					 131.057,
					 32.1
				]
			},
			"properties": {
				"name": "JA6/MZ-092(辰本(三角点))",
				"読み":"Tatsumoto",
				"標高":"680m 4pt ",
				"GL":"PM52mc",
				"市郡区":"C#4505 ",
				"登山日":"",
				"メモ":"",
				"_markerType": "Icon",
				"_iconUrl": "https://maps.gsi.go.jp/portal/sys/v4/symbols/828.png",
				"_iconSize": [
					16,
					16
				],
				"_iconAnchor": [
					8,
					8
				]
			}
		},
		{
			"type": "Feature",
			"geometry": {
				"type": "Point",
				"coordinates": [
					 131.3184,
					 31.8026
				]
			},
			"properties": {
				"name": "JA6/MZ-093(点679)",
				"読み":"P679",
				"標高":"679m 4pt ",
				"GL":"PM51pt",
				"市郡区":"C#4501 ",
				"登山日":"",
				"メモ":"",
				"_markerType": "Icon",
				"_iconUrl": "https://maps.gsi.go.jp/portal/sys/v4/symbols/828.png",
				"_iconSize": [
					16,
					16
				],
				"_iconAnchor": [
					8,
					8
				]
			}
		},
		{
			"type": "Feature",
			"geometry": {
				"type": "Point",
				"coordinates": [
					 131.3219,
					 32.3595
				]
			},
			"properties": {
				"name": "JA6/MZ-094(点671)",
				"読み":"P671",
				"標高":"671m 4pt ",
				"GL":"PM52pi",
				"市郡区":"G#45005K ",
				"登山日":"",
				"メモ":"",
				"_markerType": "Icon",
				"_iconUrl": "https://maps.gsi.go.jp/portal/sys/v4/symbols/828.png",
				"_iconSize": [
					16,
					16
				],
				"_iconAnchor": [
					8,
					8
				]
			}
		},
		{
			"type": "Feature",
			"geometry": {
				"type": "Point",
				"coordinates": [
					 131.798,
					 32.8253
				]
			},
			"properties": {
				"name": "JA6/MZ-095(枯樅(三角点))",
				"読み":"Karemomi",
				"標高":"665m 4pt ",
				"GL":"PM52vt",
				"市郡区":"C#4503 / C#4405 ",
				"登山日":"",
				"メモ":"",
				"_markerType": "Icon",
				"_iconUrl": "https://maps.gsi.go.jp/portal/sys/v4/symbols/828.png",
				"_iconSize": [
					16,
					16
				],
				"_iconAnchor": [
					8,
					8
				]
			}
		},
		{
			"type": "Feature",
			"geometry": {
				"type": "Point",
				"coordinates": [
					 131.8554,
					 32.8232
				]
			},
			"properties": {
				"name": "JA6/MZ-096(場照山)",
				"読み":"Bateruyama",
				"標高":"661m 4pt ",
				"GL":"PM52wt",
				"市郡区":"C#4503 / C#4405 ",
				"登山日":"",
				"メモ":"",
				"_markerType": "Icon",
				"_iconUrl": "https://maps.gsi.go.jp/portal/sys/v4/symbols/828.png",
				"_iconSize": [
					16,
					16
				],
				"_iconAnchor": [
					8,
					8
				]
			}
		},
		{
			"type": "Feature",
			"geometry": {
				"type": "Point",
				"coordinates": [
					 131.5302,
					 32.4923
				]
			},
			"properties": {
				"name": "JA6/MZ-097(駒瀬山)",
				"読み":"Komazeyama",
				"標高":"652m 4pt ",
				"GL":"PM52sl",
				"市郡区":"G#45005B ",
				"登山日":"",
				"メモ":"",
				"_markerType": "Icon",
				"_iconUrl": "https://maps.gsi.go.jp/portal/sys/v4/symbols/828.png",
				"_iconSize": [
					16,
					16
				],
				"_iconAnchor": [
					8,
					8
				]
			}
		},
		{
			"type": "Feature",
			"geometry": {
				"type": "Point",
				"coordinates": [
					 131.7575,
					 32.7006
				]
			},
			"properties": {
				"name": "JA6/MZ-098(鏡山)",
				"読み":"Kagamiyama",
				"標高":"645m 2pt ",
				"GL":"PM52vq",
				"市郡区":"C#4503 ",
				"登山日":"",
				"メモ":"",
				"_markerType": "Icon",
				"_iconUrl": "https://maps.gsi.go.jp/portal/sys/v4/symbols/102.png",
				"_iconSize": [
					16,
					16
				],
				"_iconAnchor": [
					8,
					8
				]
			}
		},
		{
			"type": "Feature",
			"geometry": {
				"type": "Point",
				"coordinates": [
					 131.3199,
					 32.2372
				]
			},
			"properties": {
				"name": "JA6/MZ-099(坪谷(三角点))",
				"読み":"Tsubotani",
				"標高":"643m 2pt ",
				"GL":"PM52pf",
				"市郡区":"C#4508 ",
				"登山日":"",
				"メモ":"",
				"_markerType": "Icon",
				"_iconUrl": "https://maps.gsi.go.jp/portal/sys/v4/symbols/102.png",
				"_iconSize": [
					16,
					16
				],
				"_iconAnchor": [
					8,
					8
				]
			}
		},
		{
			"type": "Feature",
			"geometry": {
				"type": "Point",
				"coordinates": [
					 131.3368,
					 31.7869
				]
			},
			"properties": {
				"name": "JA6/MZ-100(長鼻)",
				"読み":"Nagabana",
				"標高":"638m 2pt ",
				"GL":"PM51qs",
				"市郡区":"C#4501 ",
				"登山日":"",
				"メモ":"",
				"_markerType": "Icon",
				"_iconUrl": "https://maps.gsi.go.jp/portal/sys/v4/symbols/102.png",
				"_iconSize": [
					16,
					16
				],
				"_iconAnchor": [
					8,
					8
				]
			}
		},
		{
			"type": "Feature",
			"geometry": {
				"type": "Point",
				"coordinates": [
					 131.779,
					 32.7363
				]
			},
			"properties": {
				"name": "JA6/MZ-101(点623)",
				"読み":"P623",
				"標高":"623m 2pt ",
				"GL":"PM52vr",
				"市郡区":"C#4503 ",
				"登山日":"",
				"メモ":"",
				"_markerType": "Icon",
				"_iconUrl": "https://maps.gsi.go.jp/portal/sys/v4/symbols/102.png",
				"_iconSize": [
					16,
					16
				],
				"_iconAnchor": [
					8,
					8
				]
			}
		},
		{
			"type": "Feature",
			"geometry": {
				"type": "Point",
				"coordinates": [
					 131.3348,
					 31.81
				]
			},
			"properties": {
				"name": "JA6/MZ-102(梅藪(三角点))",
				"読み":"Umeyabu",
				"標高":"614m 2pt ",
				"GL":"PM51qt",
				"市郡区":"C#4501 ",
				"登山日":"",
				"メモ":"",
				"_markerType": "Icon",
				"_iconUrl": "https://maps.gsi.go.jp/portal/sys/v4/symbols/102.png",
				"_iconSize": [
					16,
					16
				],
				"_iconAnchor": [
					8,
					8
				]
			}
		},
		{
			"type": "Feature",
			"geometry": {
				"type": "Point",
				"coordinates": [
					 131.3388,
					 31.6706
				]
			},
			"properties": {
				"name": "JA6/MZ-103(舞之山)",
				"読み":"Mainoyama",
				"標高":"612m 2pt ",
				"GL":"PM51qq",
				"市郡区":"C#4504 ",
				"登山日":"",
				"メモ":"",
				"_markerType": "Icon",
				"_iconUrl": "https://maps.gsi.go.jp/portal/sys/v4/symbols/102.png",
				"_iconSize": [
					16,
					16
				],
				"_iconAnchor": [
					8,
					8
				]
			}
		},
		{
			"type": "Feature",
			"geometry": {
				"type": "Point",
				"coordinates": [
					 131.5034,
					 32.4875
				]
			},
			"properties": {
				"name": "JA6/MZ-104(猿松子(三角点))",
				"読み":"Sarumatsuko",
				"標高":"596m 2pt ",
				"GL":"PM52sl",
				"市郡区":"G#45005K ",
				"登山日":"",
				"メモ":"",
				"_markerType": "Icon",
				"_iconUrl": "https://maps.gsi.go.jp/portal/sys/v4/symbols/102.png",
				"_iconSize": [
					16,
					16
				],
				"_iconAnchor": [
					8,
					8
				]
			}
		},
		{
			"type": "Feature",
			"geometry": {
				"type": "Point",
				"coordinates": [
					 131.3637,
					 31.7497
				]
			},
			"properties": {
				"name": "JA6/MZ-105(点587)",
				"読み":"P587",
				"標高":"587m 2pt ",
				"GL":"PM51qr",
				"市郡区":"C#4504 ",
				"登山日":"",
				"メモ":"",
				"_markerType": "Icon",
				"_iconUrl": "https://maps.gsi.go.jp/portal/sys/v4/symbols/102.png",
				"_iconSize": [
					16,
					16
				],
				"_iconAnchor": [
					8,
					8
				]
			}
		},
		{
			"type": "Feature",
			"geometry": {
				"type": "Point",
				"coordinates": [
					 131.294,
					 32.1165
				]
			},
			"properties": {
				"name": "JA6/MZ-106(点576)",
				"読み":"P576",
				"標高":"576m 2pt ",
				"GL":"PM52pc",
				"市郡区":"C#4508 ",
				"登山日":"",
				"メモ":"",
				"_markerType": "Icon",
				"_iconUrl": "https://maps.gsi.go.jp/portal/sys/v4/symbols/102.png",
				"_iconSize": [
					16,
					16
				],
				"_iconAnchor": [
					8,
					8
				]
			}
		},
		{
			"type": "Feature",
			"geometry": {
				"type": "Point",
				"coordinates": [
					 131.2102,
					 31.8512
				]
			},
			"properties": {
				"name": "JA6/MZ-107(青井岳)",
				"読み":"Aoidake",
				"標高":"563m 2pt ",
				"GL":"PM51ou",
				"市郡区":"C#4502 ",
				"登山日":"",
				"メモ":"",
				"_markerType": "Icon",
				"_iconUrl": "https://maps.gsi.go.jp/portal/sys/v4/symbols/102.png",
				"_iconSize": [
					16,
					16
				],
				"_iconAnchor": [
					8,
					8
				]
			}
		},
		{
			"type": "Feature",
			"geometry": {
				"type": "Point",
				"coordinates": [
					 131.7116,
					 32.7665
				]
			},
			"properties": {
				"name": "JA6/MZ-108(黒岩山)",
				"読み":"Kuroiwayama",
				"標高":"548m 2pt ",
				"GL":"PM52us",
				"市郡区":"C#4503 ",
				"登山日":"",
				"メモ":"",
				"_markerType": "Icon",
				"_iconUrl": "https://maps.gsi.go.jp/portal/sys/v4/symbols/102.png",
				"_iconSize": [
					16,
					16
				],
				"_iconAnchor": [
					8,
					8
				]
			}
		},
		{
			"type": "Feature",
			"geometry": {
				"type": "Point",
				"coordinates": [
					 131.3343,
					 32.2058
				]
			},
			"properties": {
				"name": "JA6/MZ-109(古野(三角点))",
				"読み":"Furuno",
				"標高":"540m 2pt ",
				"GL":"PM52qe",
				"市郡区":"C#4508 ",
				"登山日":"",
				"メモ":"",
				"_markerType": "Icon",
				"_iconUrl": "https://maps.gsi.go.jp/portal/sys/v4/symbols/102.png",
				"_iconSize": [
					16,
					16
				],
				"_iconAnchor": [
					8,
					8
				]
			}
		},
		{
			"type": "Feature",
			"geometry": {
				"type": "Point",
				"coordinates": [
					 131.8299,
					 32.7593
				]
			},
			"properties": {
				"name": "JA6/MZ-110(点539)",
				"読み":"P539",
				"標高":"539m 2pt ",
				"GL":"PM52vs",
				"市郡区":"C#4503 ",
				"登山日":"",
				"メモ":"",
				"_markerType": "Icon",
				"_iconUrl": "https://maps.gsi.go.jp/portal/sys/v4/symbols/102.png",
				"_iconSize": [
					16,
					16
				],
				"_iconAnchor": [
					8,
					8
				]
			}
		},
		{
			"type": "Feature",
			"geometry": {
				"type": "Point",
				"coordinates": [
					 131.3357,
					 31.4437
				]
			},
			"properties": {
				"name": "JA6/MZ-111(高畑山)",
				"読み":"Takahatayama",
				"標高":"534m 2pt ",
				"GL":"PM51qk",
				"市郡区":"C#4507 ",
				"登山日":"",
				"メモ":"",
				"_markerType": "Icon",
				"_iconUrl": "https://maps.gsi.go.jp/portal/sys/v4/symbols/102.png",
				"_iconSize": [
					16,
					16
				],
				"_iconAnchor": [
					8,
					8
				]
			}
		},
		{
			"type": "Feature",
			"geometry": {
				"type": "Point",
				"coordinates": [
					 131.3758,
					 31.7981
				]
			},
			"properties": {
				"name": "JA6/MZ-112(双石山)",
				"読み":"Boroishiyama",
				"標高":"509m 2pt ",
				"GL":"PM51qt",
				"市郡区":"C#4501 ",
				"登山日":"",
				"メモ":"",
				"_markerType": "Icon",
				"_iconUrl": "https://maps.gsi.go.jp/portal/sys/v4/symbols/102.png",
				"_iconSize": [
					16,
					16
				],
				"_iconAnchor": [
					8,
					8
				]
			}
		},
		{
			"type": "Feature",
			"geometry": {
				"type": "Point",
				"coordinates": [
					 131.2104,
					 31.5076
				]
			},
			"properties": {
				"name": "JA6/MZ-113(竜口(三角点))",
				"読み":"Tatsuguchi",
				"標高":"507m 2pt ",
				"GL":"PM51om",
				"市郡区":"C#4507 ",
				"登山日":"",
				"メモ":"",
				"_markerType": "Icon",
				"_iconUrl": "https://maps.gsi.go.jp/portal/sys/v4/symbols/102.png",
				"_iconSize": [
					16,
					16
				],
				"_iconAnchor": [
					8,
					8
				]
			}
		},
		{
			"type": "Feature",
			"geometry": {
				"type": "Point",
				"coordinates": [
					 131.5347,
					 32.4441
				]
			},
			"properties": {
				"name": "JA6/MZ-114(点490(山中峠(三角点)近傍))",
				"読み":"P490",
				"標高":"490m 1pt ",
				"GL":"PM52sk",
				"市郡区":"G#45005B / C#4506 ",
				"登山日":"",
				"メモ":"",
				"_markerType": "Icon",
				"_iconUrl": "https://maps.gsi.go.jp/portal/sys/v4/symbols/826.png",
				"_iconSize": [
					16,
					16
				],
				"_iconAnchor": [
					8,
					8
				]
			}
		},
		{
			"type": "Feature",
			"geometry": {
				"type": "Point",
				"coordinates": [
					 131.2762,
					 31.5683
				]
			},
			"properties": {
				"name": "JA6/MZ-115(鹿久山)",
				"読み":"Kakuyama",
				"標高":"485m 1pt ",
				"GL":"PM51pn",
				"市郡区":"C#4504 ",
				"登山日":"",
				"メモ":"",
				"_markerType": "Icon",
				"_iconUrl": "https://maps.gsi.go.jp/portal/sys/v4/symbols/826.png",
				"_iconSize": [
					16,
					16
				],
				"_iconAnchor": [
					8,
					8
				]
			}
		},
		{
			"type": "Feature",
			"geometry": {
				"type": "Point",
				"coordinates": [
					 131.5506,
					 32.5972
				]
			},
			"properties": {
				"name": "JA6/MZ-116(霧子山)",
				"読み":"Kirikoyama",
				"標高":"470m 1pt ",
				"GL":"PM52so",
				"市郡区":"C#4503 ",
				"登山日":"",
				"メモ":"",
				"_markerType": "Icon",
				"_iconUrl": "https://maps.gsi.go.jp/portal/sys/v4/symbols/826.png",
				"_iconSize": [
					16,
					16
				],
				"_iconAnchor": [
					8,
					8
				]
			}
		},
		{
			"type": "Feature",
			"geometry": {
				"type": "Point",
				"coordinates": [
					 131.5727,
					 32.5149
				]
			},
			"properties": {
				"name": "JA6/MZ-118(下庭谷(三角点))",
				"読み":"Shimoniwatani",
				"標高":"463m 1pt ",
				"GL":"PM52sm",
				"市郡区":"G#45005B ",
				"登山日":"",
				"メモ":"",
				"_markerType": "Icon",
				"_iconUrl": "https://maps.gsi.go.jp/portal/sys/v4/symbols/826.png",
				"_iconSize": [
					16,
					16
				],
				"_iconAnchor": [
					8,
					8
				]
			}
		},
		{
			"type": "Feature",
			"geometry": {
				"type": "Point",
				"coordinates": [
					 131.4871,
					 32.4835
				]
			},
			"properties": {
				"name": "JA6/MZ-119(天狗岩(三角点))",
				"読み":"Tenguiwa",
				"標高":"463m 1pt ",
				"GL":"PM52rl",
				"市郡区":"G#45005K ",
				"登山日":"",
				"メモ":"",
				"_markerType": "Icon",
				"_iconUrl": "https://maps.gsi.go.jp/portal/sys/v4/symbols/826.png",
				"_iconSize": [
					16,
					16
				],
				"_iconAnchor": [
					8,
					8
				]
			}
		},
		{
			"type": "Feature",
			"geometry": {
				"type": "Point",
				"coordinates": [
					 131.2746,
					 31.8966
				]
			},
			"properties": {
				"name": "JA6/MZ-120(五町(三角点))",
				"読み":"Gomachi",
				"標高":"455m 1pt ",
				"GL":"PM51pv",
				"市郡区":"C#4501 ",
				"登山日":"",
				"メモ":"",
				"_markerType": "Icon",
				"_iconUrl": "https://maps.gsi.go.jp/portal/sys/v4/symbols/826.png",
				"_iconSize": [
					16,
					16
				],
				"_iconAnchor": [
					8,
					8
				]
			}
		},
		{
			"type": "Feature",
			"geometry": {
				"type": "Point",
				"coordinates": [
					 131.6157,
					 32.4908
				]
			},
			"properties": {
				"name": "JA6/MZ-121(唐松山)",
				"読み":"Karamatsuyama",
				"標高":"428m 1pt ",
				"GL":"PM52tl",
				"市郡区":"G#45005B ",
				"登山日":"",
				"メモ":"",
				"_markerType": "Icon",
				"_iconUrl": "https://maps.gsi.go.jp/portal/sys/v4/symbols/826.png",
				"_iconSize": [
					16,
					16
				],
				"_iconAnchor": [
					8,
					8
				]
			}
		},
		{
			"type": "Feature",
			"geometry": {
				"type": "Point",
				"coordinates": [
					 131.5694,
					 32.3779
				]
			},
			"properties": {
				"name": "JA6/MZ-122(日ノ平(三角点))",
				"読み":"Hinodaira",
				"標高":"427m 1pt ",
				"GL":"PM52sj",
				"市郡区":"C#4506 ",
				"登山日":"",
				"メモ":"",
				"_markerType": "Icon",
				"_iconUrl": "https://maps.gsi.go.jp/portal/sys/v4/symbols/826.png",
				"_iconSize": [
					16,
					16
				],
				"_iconAnchor": [
					8,
					8
				]
			}
		},
		{
			"type": "Feature",
			"geometry": {
				"type": "Point",
				"coordinates": [
					 131.4758,
					 32.3725
				]
			},
			"properties": {
				"name": "JA6/MZ-123(楠森塚)",
				"読み":"Kusumoriduka",
				"標高":"417m 1pt ",
				"GL":"PM52ri",
				"市郡区":"C#4506 ",
				"登山日":"",
				"メモ":"",
				"_markerType": "Icon",
				"_iconUrl": "https://maps.gsi.go.jp/portal/sys/v4/symbols/826.png",
				"_iconSize": [
					16,
					16
				],
				"_iconAnchor": [
					8,
					8
				]
			}
		},
		{
			"type": "Feature",
			"geometry": {
				"type": "Point",
				"coordinates": [
					 131.1151,
					 31.9096
				]
			},
			"properties": {
				"name": "JA6/MZ-124(江平(三角点))",
				"読み":"Enodaira",
				"標高":"380m 1pt ",
				"GL":"PM51nv",
				"市郡区":"C#4502 ",
				"登山日":"",
				"メモ":"",
				"_markerType": "Icon",
				"_iconUrl": "https://maps.gsi.go.jp/portal/sys/v4/symbols/826.png",
				"_iconSize": [
					16,
					16
				],
				"_iconAnchor": [
					8,
					8
				]
			}
		},
		{
			"type": "Feature",
			"geometry": {
				"type": "Point",
				"coordinates": [
					 131.0589,
					 31.916989
				]
			},
			"properties": {
				"name": "JA6/MZ-125(杉ノ元(三角点近傍))",
				"読み":"Near_Suginomoto",
				"標高":"358m 1pt ",
				"GL":"PM51mw",
				"市郡区":"G#45004A / C#4502 ",
				"登山日":"",
				"メモ":"",
				"_markerType": "Icon",
				"_iconUrl": "https://maps.gsi.go.jp/portal/sys/v4/symbols/826.png",
				"_iconSize": [
					16,
					16
				],
				"_iconAnchor": [
					8,
					8
				]
			}
		},
		{
			"type": "Feature",
			"geometry": {
				"type": "Point",
				"coordinates": [
					 131.2902,
					 31.5257
				]
			},
			"properties": {
				"name": "JA6/MZ-127(鯛取山)",
				"読み":"Taitoriyama",
				"標高":"367m 1pt ",
				"GL":"PM51pm",
				"市郡区":"C#4504 / C#4507 ",
				"登山日":"",
				"メモ":"",
				"_markerType": "Icon",
				"_iconUrl": "https://maps.gsi.go.jp/portal/sys/v4/symbols/826.png",
				"_iconSize": [
					16,
					16
				],
				"_iconAnchor": [
					8,
					8
				]
			}
		},
		{
			"type": "Feature",
			"geometry": {
				"type": "Point",
				"coordinates": [
					 131.3035,
					 31.4937
				]
			},
			"properties": {
				"name": "JA6/MZ-128(鹿鳴山)",
				"読み":"Kameizan",
				"標高":"362m 1pt ",
				"GL":"PM51pl",
				"市郡区":"C#4504 / C#4507 ",
				"登山日":"",
				"メモ":"",
				"_markerType": "Icon",
				"_iconUrl": "https://maps.gsi.go.jp/portal/sys/v4/symbols/826.png",
				"_iconSize": [
					16,
					16
				],
				"_iconAnchor": [
					8,
					8
				]
			}
		},
		{
			"type": "Feature",
			"geometry": {
				"type": "Point",
				"coordinates": [
					 131.5263,
					 32.4027
				]
			},
			"properties": {
				"name": "JA6/MZ-129(立山)",
				"読み":"Tatiyama",
				"標高":"354m 1pt ",
				"GL":"PM52sj",
				"市郡区":"C#4506 ",
				"登山日":"",
				"メモ":"",
				"_markerType": "Icon",
				"_iconUrl": "https://maps.gsi.go.jp/portal/sys/v4/symbols/826.png",
				"_iconSize": [
					16,
					16
				],
				"_iconAnchor": [
					8,
					8
				]
			}
		},
		{
			"type": "Feature",
			"geometry": {
				"type": "Point",
				"coordinates": [
					 131.3284,
					 31.5449
				]
			},
			"properties": {
				"name": "JA6/MZ-130(点340(滝ヶ平山近傍))",
				"読み":"P340",
				"標高":"340m 1pt ",
				"GL":"PM51pn",
				"市郡区":"C#4504 ",
				"登山日":"",
				"メモ":"",
				"_markerType": "Icon",
				"_iconUrl": "https://maps.gsi.go.jp/portal/sys/v4/symbols/826.png",
				"_iconSize": [
					16,
					16
				],
				"_iconAnchor": [
					8,
					8
				]
			}
		},
		{
			"type": "Feature",
			"geometry": {
				"type": "Point",
				"coordinates": [
					 131.459,
					 32.4386
				]
			},
			"properties": {
				"name": "JA6/MZ-131(椋原(三角点))",
				"読み":"Mukuhara",
				"標高":"339m 1pt ",
				"GL":"PM52rk",
				"市郡区":"G#45005K ",
				"登山日":"",
				"メモ":"",
				"_markerType": "Icon",
				"_iconUrl": "https://maps.gsi.go.jp/portal/sys/v4/symbols/826.png",
				"_iconSize": [
					16,
					16
				],
				"_iconAnchor": [
					8,
					8
				]
			}
		},
		{
			"type": "Feature",
			"geometry": {
				"type": "Point",
				"coordinates": [
					 131.7117,
					 32.6365
				]
			},
			"properties": {
				"name": "JA6/MZ-132(長井(三角点))",
				"読み":"Nagai",
				"標高":"325m 1pt ",
				"GL":"PM52up",
				"市郡区":"C#4503 ",
				"登山日":"",
				"メモ":"",
				"_markerType": "Icon",
				"_iconUrl": "https://maps.gsi.go.jp/portal/sys/v4/symbols/826.png",
				"_iconSize": [
					16,
					16
				],
				"_iconAnchor": [
					8,
					8
				]
			}
		},
		{
			"type": "Feature",
			"geometry": {
				"type": "Point",
				"coordinates": [
					 131.7069,
					 32.4891
				]
			},
			"properties": {
				"name": "JA6/MZ-133(遠見山)",
				"読み":"Toomiyama",
				"標高":"308m 1pt ",
				"GL":"PM52ul",
				"市郡区":"G#45005B ",
				"登山日":"",
				"メモ":"",
				"_markerType": "Icon",
				"_iconUrl": "https://maps.gsi.go.jp/portal/sys/v4/symbols/826.png",
				"_iconSize": [
					16,
					16
				],
				"_iconAnchor": [
					8,
					8
				]
			}
		},
		{
			"type": "Feature",
			"geometry": {
				"type": "Point",
				"coordinates": [
					 131.4383,
					 32.4307
				]
			},
			"properties": {
				"name": "JA6/MZ-134(熊の神楽)",
				"読み":"Kumanokagura",
				"標高":"306m 1pt ",
				"GL":"PM52rk",
				"市郡区":"G#45005K ",
				"登山日":"",
				"メモ":"",
				"_markerType": "Icon",
				"_iconUrl": "https://maps.gsi.go.jp/portal/sys/v4/symbols/826.png",
				"_iconSize": [
					16,
					16
				],
				"_iconAnchor": [
					8,
					8
				]
			}
		},
		{
			"type": "Feature",
			"geometry": {
				"type": "Point",
				"coordinates": [
					 131.3323,
					 31.3729
				]
			},
			"properties": {
				"name": "JA6/MZ-135(札立(三角点))",
				"読み":"Fudatate",
				"標高":"295m 1pt ",
				"GL":"PM51pi",
				"市郡区":"C#4507 ",
				"登山日":"",
				"メモ":"",
				"_markerType": "Icon",
				"_iconUrl": "https://maps.gsi.go.jp/portal/sys/v4/symbols/826.png",
				"_iconSize": [
					16,
					16
				],
				"_iconAnchor": [
					8,
					8
				]
			}
		},
		{
			"type": "Feature",
			"geometry": {
				"type": "Point",
				"coordinates": [
					 131.3728,
					 31.4837
				]
			},
			"properties": {
				"name": "JA6/MZ-136(番屋(三角点))",
				"読み":"Banya",
				"標高":"273m 1pt ",
				"GL":"PM51ql",
				"市郡区":"C#4507 ",
				"登山日":"",
				"メモ":"",
				"_markerType": "Icon",
				"_iconUrl": "https://maps.gsi.go.jp/portal/sys/v4/symbols/826.png",
				"_iconSize": [
					16,
					16
				],
				"_iconAnchor": [
					8,
					8
				]
			}
		},
		{
			"type": "Feature",
			"geometry": {
				"type": "Point",
				"coordinates": [
					 131.1207,
					 32.6054
				]
			},
			"properties": {
				"name": "JA6/MZ-137(小川岳)",
				"読み":"Ogawadake",
				"標高":"1542m 10pt ",
				"GL":"PM52no",
				"市郡区":"G#45003A / G#43005G ",
				"登山日":"",
				"メモ":"",
				"_markerType": "Icon",
				"_iconUrl": "https://maps.gsi.go.jp/portal/sys/v4/symbols/101.png",
				"_iconSize": [
					16,
					16
				],
				"_iconAnchor": [
					8,
					8
				]
			}
		},
		{
			"type": "Feature",
			"geometry": {
				"type": "Point",
				"coordinates": [
					 131.5366,
					 32.7588
				]
			},
			"properties": {
				"name": "JA6/MZ-138(木山内岳)",
				"読み":"Kiyamauchidake",
				"標高":"1401m 8pt ",
				"GL":"PM52ss",
				"市郡区":"C#4503 / C#4405 ",
				"登山日":"",
				"メモ":"",
				"_markerType": "Icon",
				"_iconUrl": "https://maps.gsi.go.jp/portal/sys/v4/symbols/104.png",
				"_iconSize": [
					16,
					16
				],
				"_iconAnchor": [
					8,
					8
				]
			}
		},
		{
			"type": "Feature",
			"geometry": {
				"type": "Point",
				"coordinates": [
					 131.1901,
					 32.3409
				]
			},
			"properties": {
				"name": "JA6/MZ-139(点1367)",
				"読み":"JA6/MZ-139",
				"標高":"1367m 8pt ",
				"GL":"PM52oi",
				"市郡区":"G#45005H / C#4508 ",
				"登山日":"",
				"メモ":"",
				"_markerType": "Icon",
				"_iconUrl": "https://maps.gsi.go.jp/portal/sys/v4/symbols/104.png",
				"_iconSize": [
					16,
					16
				],
				"_iconAnchor": [
					8,
					8
				]
			}
		},
		{
			"type": "Feature",
			"geometry": {
				"type": "Point",
				"coordinates": [
					 130.9094,
					 31.9494
				]
			},
			"properties": {
				"name": "JA6/MZ-140(夷守岳)",
				"読み":"Hinamoridake",
				"標高":"1344m 8pt ",
				"GL":"PM51kw",
				"市郡区":"C#4505 ",
				"登山日":"",
				"メモ":"",
				"_markerType": "Icon",
				"_iconUrl": "https://maps.gsi.go.jp/portal/sys/v4/symbols/104.png",
				"_iconSize": [
					16,
					16
				],
				"_iconAnchor": [
					8,
					8
				]
			}
		},
		{
			"type": "Feature",
			"geometry": {
				"type": "Point",
				"coordinates": [
					 131.1158,
					 32.6425
				]
			},
			"properties": {
				"name": "JA6/MZ-141(黒峰)",
				"読み":"Kuromine",
				"標高":"1283m 8pt ",
				"GL":"PM52np",
				"市郡区":"G#45003A / G#43005G ",
				"登山日":"",
				"メモ":"",
				"_markerType": "Icon",
				"_iconUrl": "https://maps.gsi.go.jp/portal/sys/v4/symbols/104.png",
				"_iconSize": [
					16,
					16
				],
				"_iconAnchor": [
					8,
					8
				]
			}
		},
		{
			"type": "Feature",
			"geometry": {
				"type": "Point",
				"coordinates": [
					 131.0701,
					 32.2808
				]
			},
			"properties": {
				"name": "JA6/MZ-142(黒仁田(三角点))",
				"読み":"Kuronita",
				"標高":"1106m 8pt ",
				"GL":"PM52mg",
				"市郡区":"G#45002F / G#43008H ",
				"登山日":"",
				"メモ":"",
				"_markerType": "Icon",
				"_iconUrl": "https://maps.gsi.go.jp/portal/sys/v4/symbols/104.png",
				"_iconSize": [
					16,
					16
				],
				"_iconAnchor": [
					8,
					8
				]
			}
		},
		{
			"type": "Feature",
			"geometry": {
				"type": "Point",
				"coordinates": [
					 131.216,
					 32.3277
				]
			},
			"properties": {
				"name": "JA6/MZ-143(点1090)",
				"読み":"P1090",
				"標高":"1090m 6pt ",
				"GL":"PM52oh",
				"市郡区":"G#45005K / C#4508 ",
				"登山日":"",
				"メモ":"",
				"_markerType": "Icon",
				"_iconUrl": "https://maps.gsi.go.jp/portal/sys/v4/symbols/103.png",
				"_iconSize": [
					16,
					16
				],
				"_iconAnchor": [
					8,
					8
				]
			}
		},
		{
			"type": "Feature",
			"geometry": {
				"type": "Point",
				"coordinates": [
					 131.1602,
					 32.1146
				]
			},
			"properties": {
				"name": "JA6/MZ-144(中巣(三角点))",
				"読み":"Nakasu",
				"標高":"1044m 6pt ",
				"GL":"PM52nc",
				"市郡区":"C#4505 ",
				"登山日":"",
				"メモ":"",
				"_markerType": "Icon",
				"_iconUrl": "https://maps.gsi.go.jp/portal/sys/v4/symbols/103.png",
				"_iconSize": [
					16,
					16
				],
				"_iconAnchor": [
					8,
					8
				]
			}
		},
		{
			"type": "Feature",
			"geometry": {
				"type": "Point",
				"coordinates": [
					 131.252,
					 32.2911
				]
			},
			"properties": {
				"name": "JA6/MZ-145(雪降山)",
				"読み":"Yukifuriyama",
				"標高":"990m 6pt ",
				"GL":"PM52pg",
				"市郡区":"C#4508 ",
				"登山日":"",
				"メモ":"",
				"_markerType": "Icon",
				"_iconUrl": "https://maps.gsi.go.jp/portal/sys/v4/symbols/103.png",
				"_iconSize": [
					16,
					16
				],
				"_iconAnchor": [
					8,
					8
				]
			}
		},
		{
			"type": "Feature",
			"geometry": {
				"type": "Point",
				"coordinates": [
					 131.2761,
					 31.6852
				]
			},
			"properties": {
				"name": "JA6/MZ-146(小松山（近傍）)",
				"読み":"Komatsuyama",
				"標高":"990m 6pt ",
				"GL":"PM51pq",
				"市郡区":"C#4504 ",
				"登山日":"",
				"メモ":"",
				"_markerType": "Icon",
				"_iconUrl": "https://maps.gsi.go.jp/portal/sys/v4/symbols/103.png",
				"_iconSize": [
					16,
					16
				],
				"_iconAnchor": [
					8,
					8
				]
			}
		},
		{
			"type": "Feature",
			"geometry": {
				"type": "Point",
				"coordinates": [
					 131.3879,
					 32.6962
				]
			},
			"properties": {
				"name": "JA6/MZ-147(戸川岳)",
				"読み":"Togawadake",
				"標高":"954m 6pt ",
				"GL":"PM52qq",
				"市郡区":"G#45003C ",
				"登山日":"",
				"メモ":"",
				"_markerType": "Icon",
				"_iconUrl": "https://maps.gsi.go.jp/portal/sys/v4/symbols/103.png",
				"_iconSize": [
					16,
					16
				],
				"_iconAnchor": [
					8,
					8
				]
			}
		},
		{
			"type": "Feature",
			"geometry": {
				"type": "Point",
				"coordinates": [
					 131.4743,
					 32.6518
				]
			},
			"properties": {
				"name": "JA6/MZ-148(点951)",
				"読み":"P951",
				"標高":"951m 6pt ",
				"GL":"PM52rp",
				"市郡区":"C#4503 ",
				"登山日":"",
				"メモ":"",
				"_markerType": "Icon",
				"_iconUrl": "https://maps.gsi.go.jp/portal/sys/v4/symbols/103.png",
				"_iconSize": [
					16,
					16
				],
				"_iconAnchor": [
					8,
					8
				]
			}
		},
		{
			"type": "Feature",
			"geometry": {
				"type": "Point",
				"coordinates": [
					 131.4839,
					 32.3097
				]
			},
			"properties": {
				"name": "JA6/MZ-149(上逆瀬山)",
				"読み":"Kamisakaseyama",
				"標高":"931m 6pt ",
				"GL":"PM52rh",
				"市郡区":"C#4506 / G#45002C ",
				"登山日":"",
				"メモ":"",
				"_markerType": "Icon",
				"_iconUrl": "https://maps.gsi.go.jp/portal/sys/v4/symbols/103.png",
				"_iconSize": [
					16,
					16
				],
				"_iconAnchor": [
					8,
					8
				]
			}
		},
		{
			"type": "Feature",
			"geometry": {
				"type": "Point",
				"coordinates": [
					 131.3754,
					 32.2362
				]
			},
			"properties": {
				"name": "JA6/MZ-151(点822)",
				"読み":"P822",
				"標高":"822m 4pt ",
				"GL":"PM52qf",
				"市郡区":"G#45002D ",
				"登山日":"",
				"メモ":"",
				"_markerType": "Icon",
				"_iconUrl": "https://maps.gsi.go.jp/portal/sys/v4/symbols/828.png",
				"_iconSize": [
					16,
					16
				],
				"_iconAnchor": [
					8,
					8
				]
			}
		},
		{
			"type": "Feature",
			"geometry": {
				"type": "Point",
				"coordinates": [
					 131.588,
					 32.6295
				]
			},
			"properties": {
				"name": "JA6/MZ-152(点809)",
				"読み":"P809",
				"標高":"809m 4pt ",
				"GL":"PM52tp",
				"市郡区":"C#4503 ",
				"登山日":"",
				"メモ":"",
				"_markerType": "Icon",
				"_iconUrl": "https://maps.gsi.go.jp/portal/sys/v4/symbols/828.png",
				"_iconSize": [
					16,
					16
				],
				"_iconAnchor": [
					8,
					8
				]
			}
		},
		{
			"type": "Feature",
			"geometry": {
				"type": "Point",
				"coordinates": [
					 131.2162,
					 31.6259
				]
			},
			"properties": {
				"name": "JA6/MZ-153(点746)",
				"読み":"P746",
				"標高":"746m 4pt ",
				"GL":"PM51op",
				"市郡区":"C#4504 / C#4507 ",
				"登山日":"",
				"メモ":"",
				"_markerType": "Icon",
				"_iconUrl": "https://maps.gsi.go.jp/portal/sys/v4/symbols/828.png",
				"_iconSize": [
					16,
					16
				],
				"_iconAnchor": [
					8,
					8
				]
			}
		},
		{
			"type": "Feature",
			"geometry": {
				"type": "Point",
				"coordinates": [
					 131.2083,
					 31.6206
				]
			},
			"properties": {
				"name": "JA6/MZ-154(点741)",
				"読み":"P741",
				"標高":"741m 4pt ",
				"GL":"PM51oo",
				"市郡区":"C#4507 ",
				"登山日":"",
				"メモ":"",
				"_markerType": "Icon",
				"_iconUrl": "https://maps.gsi.go.jp/portal/sys/v4/symbols/828.png",
				"_iconSize": [
					16,
					16
				],
				"_iconAnchor": [
					8,
					8
				]
			}
		},
		{
			"type": "Feature",
			"geometry": {
				"type": "Point",
				"coordinates": [
					 131.3337,
					 32.3679
				]
			},
			"properties": {
				"name": "JA6/MZ-155(杭谷(三角点))",
				"読み":"Kuitani",
				"標高":"591m 2pt ",
				"GL":"PM52qi",
				"市郡区":"G#45005K ",
				"登山日":"",
				"メモ":"",
				"_markerType": "Icon",
				"_iconUrl": "https://maps.gsi.go.jp/portal/sys/v4/symbols/102.png",
				"_iconSize": [
					16,
					16
				],
				"_iconAnchor": [
					8,
					8
				]
			}
		},
		{
			"type": "Feature",
			"geometry": {
				"type": "Point",
				"coordinates": [
					 131.4449,
					 32.5332
				]
			},
			"properties": {
				"name": "JA6/MZ-156(小八重(三角点))",
				"読み":"Koyae",
				"標高":"540m 2pt ",
				"GL":"PM52rm",
				"市郡区":"G#45005K ",
				"登山日":"",
				"メモ":"",
				"_markerType": "Icon",
				"_iconUrl": "https://maps.gsi.go.jp/portal/sys/v4/symbols/102.png",
				"_iconSize": [
					16,
					16
				],
				"_iconAnchor": [
					8,
					8
				]
			}
		},
		{
			"type": "Feature",
			"geometry": {
				"type": "Point",
				"coordinates": [
					 131.4243,
					 32.1998
				]
			},
			"properties": {
				"name": "JA6/MZ-157(白木八重牧場)",
				"読み":"Shirokiyaefarm",
				"標高":"470m 1pt ",
				"GL":"PM52re",
				"市郡区":"G#45002D ",
				"登山日":"",
				"メモ":"",
				"_markerType": "Icon",
				"_iconUrl": "https://maps.gsi.go.jp/portal/sys/v4/symbols/826.png",
				"_iconSize": [
					16,
					16
				],
				"_iconAnchor": [
					8,
					8
				]
			}
		},
		{
			"type": "Feature",
			"geometry": {
				"type": "Point",
				"coordinates": [
					 131.6264,
					 32.6015
				]
			},
			"properties": {
				"name": "JA6/MZ-158(高平山)",
				"読み":"Takahirayama",
				"標高":"406m 1pt ",
				"GL":"PM52to",
				"市郡区":"C#4503 ",
				"登山日":"",
				"メモ":"",
				"_markerType": "Icon",
				"_iconUrl": "https://maps.gsi.go.jp/portal/sys/v4/symbols/826.png",
				"_iconSize": [
					16,
					16
				],
				"_iconAnchor": [
					8,
					8
				]
			}
		},
		{
			"type": "Feature",
			"geometry": {
				"type": "Point",
				"coordinates": [
					 131.6151,
					 32.5031
				]
			},
			"properties": {
				"name": "JA6/MZ-159(二子山)",
				"読み":"Futagoyama",
				"標高":"398m 1pt ",
				"GL":"PM52tm",
				"市郡区":"G#45005B ",
				"登山日":"",
				"メモ":"",
				"_markerType": "Icon",
				"_iconUrl": "https://maps.gsi.go.jp/portal/sys/v4/symbols/826.png",
				"_iconSize": [
					16,
					16
				],
				"_iconAnchor": [
					8,
					8
				]
			}
		},
		{
			"type": "Feature",
			"geometry": {
				"type": "Point",
				"coordinates": [
					 131.5658,
					 32.5298
				]
			},
			"properties": {
				"name": "JA6/MZ-160(上庭谷(三角点))",
				"読み":"Kaminiwaya",
				"標高":"381m 1pt ",
				"GL":"PM52sm",
				"市郡区":"G#45005B ",
				"登山日":"",
				"メモ":"",
				"_markerType": "Icon",
				"_iconUrl": "https://maps.gsi.go.jp/portal/sys/v4/symbols/826.png",
				"_iconSize": [
					16,
					16
				],
				"_iconAnchor": [
					8,
					8
				]
			}
		},
		{
			"type": "Feature",
			"geometry": {
				"type": "Point",
				"coordinates": [
					 131.438,
					 32.1837
				]
			},
			"properties": {
				"name": "JA6/MZ-161(天狗岳)",
				"読み":"Tengudake",
				"標高":"376m 1pt ",
				"GL":"PM52re",
				"市郡区":"G#45002D ",
				"登山日":"",
				"メモ":"",
				"_markerType": "Icon",
				"_iconUrl": "https://maps.gsi.go.jp/portal/sys/v4/symbols/826.png",
				"_iconSize": [
					16,
					16
				],
				"_iconAnchor": [
					8,
					8
				]
			}
		},
		{
			"type": "Feature",
			"geometry": {
				"type": "Point",
				"coordinates": [
					 131.1745,
					 31.8924
				]
			},
			"properties": {
				"name": "JA6/MZ-162(岩骨山)",
				"読み":"Iwahoneyama",
				"標高":"372m 1pt ",
				"GL":"PM51ov",
				"市郡区":"C#4502 ",
				"登山日":"",
				"メモ":"",
				"_markerType": "Icon",
				"_iconUrl": "https://maps.gsi.go.jp/portal/sys/v4/symbols/826.png",
				"_iconSize": [
					16,
					16
				],
				"_iconAnchor": [
					8,
					8
				]
			}
		},
		{
			"type": "Feature",
			"geometry": {
				"type": "Point",
				"coordinates": [
					 131.3437,
					 31.4902
				]
			},
			"properties": {
				"name": "JA6/MZ-163(三本松（三角点近傍）)",
				"読み":"Sanbonmatsu",
				"標高":"370m 1pt ",
				"GL":"PM51ql",
				"市郡区":"C#4507 ",
				"登山日":"",
				"メモ":"",
				"_markerType": "Icon",
				"_iconUrl": "https://maps.gsi.go.jp/portal/sys/v4/symbols/826.png",
				"_iconSize": [
					16,
					16
				],
				"_iconAnchor": [
					8,
					8
				]
			}
		},
		{
			"type": "Feature",
			"geometry": {
				"type": "Point",
				"coordinates": [
					 131.1481,
					 31.8321
				]
			},
			"properties": {
				"name": "JA6/MZ-164(点370)",
				"読み":"P370",
				"標高":"370m 1pt ",
				"GL":"PM51nt",
				"市郡区":"C#4502 ",
				"登山日":"",
				"メモ":"",
				"_markerType": "Icon",
				"_iconUrl": "https://maps.gsi.go.jp/portal/sys/v4/symbols/826.png",
				"_iconSize": [
					16,
					16
				],
				"_iconAnchor": [
					8,
					8
				]
			}
		},
		{
			"type": "Feature",
			"geometry": {
				"type": "Point",
				"coordinates": [
					 131.1502,
					 31.9069
				]
			},
			"properties": {
				"name": "JA6/MZ-165(高尾山)",
				"読み":"Takaoyama",
				"標高":"366m 1pt ",
				"GL":"PM51nv",
				"市郡区":"C#4502 ",
				"登山日":"",
				"メモ":"",
				"_markerType": "Icon",
				"_iconUrl": "https://maps.gsi.go.jp/portal/sys/v4/symbols/826.png",
				"_iconSize": [
					16,
					16
				],
				"_iconAnchor": [
					8,
					8
				]
			}
		},
		{
			"type": "Feature",
			"geometry": {
				"type": "Point",
				"coordinates": [
					 131.5419,
					 32.356
				]
			},
			"properties": {
				"name": "JA6/MZ-166(点365)",
				"読み":"P365",
				"標高":"365m 1pt ",
				"GL":"PM52si",
				"市郡区":"C#4506 ",
				"登山日":"",
				"メモ":"",
				"_markerType": "Icon",
				"_iconUrl": "https://maps.gsi.go.jp/portal/sys/v4/symbols/826.png",
				"_iconSize": [
					16,
					16
				],
				"_iconAnchor": [
					8,
					8
				]
			}
		},
		{
			"type": "Feature",
			"geometry": {
				"type": "Point",
				"coordinates": [
					 131.5465,
					 32.469
				]
			},
			"properties": {
				"name": "JA6/MZ-167(ごろ山)",
				"読み":"Goroyama",
				"標高":"351m 1pt ",
				"GL":"PM52sl",
				"市郡区":"G#45005B ",
				"登山日":"",
				"メモ":"",
				"_markerType": "Icon",
				"_iconUrl": "https://maps.gsi.go.jp/portal/sys/v4/symbols/826.png",
				"_iconSize": [
					16,
					16
				],
				"_iconAnchor": [
					8,
					8
				]
			}
		},
		{
			"type": "Feature",
			"geometry": {
				"type": "Point",
				"coordinates": [
					 131.6219,
					 32.539
				]
			},
			"properties": {
				"name": "JA6/MZ-168(大谷(三角点))",
				"読み":"Ootani",
				"標高":"350m 1pt ",
				"GL":"PM52tm",
				"市郡区":"C#4503 ",
				"登山日":"",
				"メモ":"",
				"_markerType": "Icon",
				"_iconUrl": "https://maps.gsi.go.jp/portal/sys/v4/symbols/826.png",
				"_iconSize": [
					16,
					16
				],
				"_iconAnchor": [
					8,
					8
				]
			}
		},
		{
			"type": "Feature",
			"geometry": {
				"type": "Point",
				"coordinates": [
					 131.183,
					 31.4866
				]
			},
			"properties": {
				"name": "JA6/MZ-169(岳権現(三角点))",
				"読み":"Takegonngen",
				"標高":"337m 1pt ",
				"GL":"PM51ol",
				"市郡区":"C#4507 ",
				"登山日":"",
				"メモ":"",
				"_markerType": "Icon",
				"_iconUrl": "https://maps.gsi.go.jp/portal/sys/v4/symbols/826.png",
				"_iconSize": [
					16,
					16
				],
				"_iconAnchor": [
					8,
					8
				]
			}
		},
		{
			"type": "Feature",
			"geometry": {
				"type": "Point",
				"coordinates": [
					 131.2978,
					 31.6028
				]
			},
			"properties": {
				"name": "JA6/MZ-170(登屋野(三角点))",
				"読み":"Toyano",
				"標高":"315m 1pt ",
				"GL":"PM51po",
				"市郡区":"C#4504 ",
				"登山日":"",
				"メモ":"",
				"_markerType": "Icon",
				"_iconUrl": "https://maps.gsi.go.jp/portal/sys/v4/symbols/826.png",
				"_iconSize": [
					16,
					16
				],
				"_iconAnchor": [
					8,
					8
				]
			}
		},
		{
			"type": "Feature",
			"geometry": {
				"type": "Point",
				"coordinates": [
					 131.1781,
					 31.472
				]
			},
			"properties": {
				"name": "JA6/MZ-171(石原(三角点))",
				"読み":"Ishihara",
				"標高":"289m 1pt ",
				"GL":"PM51ol",
				"市郡区":"C#4507 ",
				"登山日":"",
				"メモ":"",
				"_markerType": "Icon",
				"_iconUrl": "https://maps.gsi.go.jp/portal/sys/v4/symbols/826.png",
				"_iconSize": [
					16,
					16
				],
				"_iconAnchor": [
					8,
					8
				]
			}
		},
		{
			"type": "Feature",
			"geometry": {
				"type": "Point",
				"coordinates": [
					 131.3601,
					 31.6079
				]
			},
			"properties": {
				"name": "JA6/MZ-172(鼓岳)",
				"読み":"Tsuzumidake",
				"標高":"275m 1pt ",
				"GL":"PM51qo",
				"市郡区":"C#4504 ",
				"登山日":"",
				"メモ":"",
				"_markerType": "Icon",
				"_iconUrl": "https://maps.gsi.go.jp/portal/sys/v4/symbols/826.png",
				"_iconSize": [
					16,
					16
				],
				"_iconAnchor": [
					8,
					8
				]
			}
		},
		{
			"type": "Feature",
			"geometry": {
				"type": "Point",
				"coordinates": [
					 131.7172,
					 32.4953
				]
			},
			"properties": {
				"name": "JA6/MZ-173(谷ノ山(三角点))",
				"読み":"Taninoyama",
				"標高":"260m 1pt ",
				"GL":"PM52ul",
				"市郡区":"G#45005B / C#4503 ",
				"登山日":"",
				"メモ":"",
				"_markerType": "Icon",
				"_iconUrl": "https://maps.gsi.go.jp/portal/sys/v4/symbols/826.png",
				"_iconSize": [
					16,
					16
				],
				"_iconAnchor": [
					8,
					8
				]
			}
		},
		{
			"type": "Feature",
			"geometry": {
				"type": "Point",
				"coordinates": [
					 131.6644,
					 32.5585
				]
			},
			"properties": {
				"name": "JA6/MZ-174(愛宕山)",
				"読み":"Atagoyama",
				"標高":"251m 1pt ",
				"GL":"PM52tn",
				"市郡区":"C#4503 ",
				"登山日":"",
				"メモ":"",
				"_markerType": "Icon",
				"_iconUrl": "https://maps.gsi.go.jp/portal/sys/v4/symbols/826.png",
				"_iconSize": [
					16,
					16
				],
				"_iconAnchor": [
					8,
					8
				]
			}
		},
		{
			"type": "Feature",
			"geometry": {
				"type": "Point",
				"coordinates": [
					 131.3931,
					 31.5698
				]
			},
			"properties": {
				"name": "JA6/MZ-175(伴屋(三角点))",
				"読み":"Banya",
				"標高":"228m 1pt ",
				"GL":"PM51qn",
				"市郡区":"C#4504 ",
				"登山日":"",
				"メモ":"",
				"_markerType": "Icon",
				"_iconUrl": "https://maps.gsi.go.jp/portal/sys/v4/symbols/826.png",
				"_iconSize": [
					16,
					16
				],
				"_iconAnchor": [
					8,
					8
				]
			}
		},
		{
			"type": "Feature",
			"geometry": {
				"type": "Point",
				"coordinates": [
					 131.7056,
					 32.5091
				]
			},
			"properties": {
				"name": "JA6/MZ-176(赤水(三角点))",
				"読み":"Akamizu",
				"標高":"223m 1pt ",
				"GL":"PM52um",
				"市郡区":"C#4503 ",
				"登山日":"",
				"メモ":"",
				"_markerType": "Icon",
				"_iconUrl": "https://maps.gsi.go.jp/portal/sys/v4/symbols/826.png",
				"_iconSize": [
					16,
					16
				],
				"_iconAnchor": [
					8,
					8
				]
			}
		},
		{
			"type": "Feature",
			"geometry": {
				"type": "Point",
				"coordinates": [
					 131.3618,
					 31.5839
				]
			},
			"properties": {
				"name": "JA6/MZ-177(弁分(三角点))",
				"読み":"Benbun",
				"標高":"221m 1pt ",
				"GL":"PM51qo",
				"市郡区":"C#4504 ",
				"登山日":"",
				"メモ":"",
				"_markerType": "Icon",
				"_iconUrl": "https://maps.gsi.go.jp/portal/sys/v4/symbols/826.png",
				"_iconSize": [
					16,
					16
				],
				"_iconAnchor": [
					8,
					8
				]
			}
		},
		{
			"type": "Feature",
			"geometry": {
				"type": "Point",
				"coordinates": [
					 131.382,
					 31.5655
				]
			},
			"properties": {
				"name": "JA6/MZ-178(上岳(三角点))",
				"読み":"Kamidake",
				"標高":"210m 1pt ",
				"GL":"PM51qn",
				"市郡区":"C#4504 ",
				"登山日":"",
				"メモ":"",
				"_markerType": "Icon",
				"_iconUrl": "https://maps.gsi.go.jp/portal/sys/v4/symbols/826.png",
				"_iconSize": [
					16,
					16
				],
				"_iconAnchor": [
					8,
					8
				]
			}
		},
		{
			"type": "Feature",
			"geometry": {
				"type": "Point",
				"coordinates": [
					 131.407,
					 31.5316
				]
			},
			"properties": {
				"name": "JA6/MZ-179(大島(三角点))",
				"読み":"Ooshima",
				"標高":"206m 1pt ",
				"GL":"PM51qm",
				"市郡区":"C#4504 ",
				"登山日":"",
				"メモ":"",
				"_markerType": "Icon",
				"_iconUrl": "https://maps.gsi.go.jp/portal/sys/v4/symbols/826.png",
				"_iconSize": [
					16,
					16
				],
				"_iconAnchor": [
					8,
					8
				]
			}
		},
		{
			"type": "Feature",
			"geometry": {
				"type": "Point",
				"coordinates": [
					 131.3987,
					 31.6112
				]
			},
			"properties": {
				"name": "JA6/MZ-180(高砂城山)",
				"読み":"Takasajyoyama",
				"標高":"202m 1pt ",
				"GL":"PM51qo",
				"市郡区":"C#4504 ",
				"登山日":"",
				"メモ":"",
				"_markerType": "Icon",
				"_iconUrl": "https://maps.gsi.go.jp/portal/sys/v4/symbols/826.png",
				"_iconSize": [
					16,
					16
				],
				"_iconAnchor": [
					8,
					8
				]
			}
		},
		{
			"type": "Feature",
			"geometry": {
				"type": "Point",
				"coordinates": [
					 131.6639,
					 32.4201
				]
			},
			"properties": {
				"name": "JA6/MZ-181(米ノ山)",
				"読み":"Komenoyama",
				"標高":"191m 1pt ",
				"GL":"PM52tk",
				"市郡区":"C#4506 ",
				"登山日":"",
				"メモ":"",
				"_markerType": "Icon",
				"_iconUrl": "https://maps.gsi.go.jp/portal/sys/v4/symbols/826.png",
				"_iconSize": [
					16,
					16
				],
				"_iconAnchor": [
					8,
					8
				]
			}
		},
		{
			"type": "Feature",
			"geometry": {
				"type": "Point",
				"coordinates": [
					 131.8214,
					 32.6652
				]
			},
			"properties": {
				"name": "JA6/MZ-182(遠見場山)",
				"読み":"Tonbayama",
				"標高":"185m 1pt ",
				"GL":"PM52vp",
				"市郡区":"C#4503 ",
				"登山日":"",
				"メモ":"",
				"_markerType": "Icon",
				"_iconUrl": "https://maps.gsi.go.jp/portal/sys/v4/symbols/826.png",
				"_iconSize": [
					16,
					16
				],
				"_iconAnchor": [
					8,
					8
				]
			}
		},
		{
			"type": "Feature",
			"geometry": {
				"type": "Point",
				"coordinates": [
					 131.129379,
					 32.067767
				]
			},
			"properties": {
				"name": "JA6/MZ-183(点829)",
				"読み":"P829",
				"標高":"829m 4pt ",
				"GL":"PM52nb",
				"市郡区":"C#4505 ",
				"登山日":"",
				"メモ":"",
				"_markerType": "Icon",
				"_iconUrl": "https://maps.gsi.go.jp/portal/sys/v4/symbols/828.png",
				"_iconSize": [
					16,
					16
				],
				"_iconAnchor": [
					8,
					8
				]
			}
		},
		{
			"type": "Feature",
			"geometry": {
				"type": "Point",
				"coordinates": [
					 131.494718,
					 32.688618
				]
			},
			"properties": {
				"name": "JA6/MZ-184(だき山)",
				"読み":"Dakiyama",
				"標高":"1420m 8pt ",
				"GL":"PM52rq",
				"市郡区":"C#4503 ",
				"登山日":"",
				"メモ":"",
				"_markerType": "Icon",
				"_iconUrl": "https://maps.gsi.go.jp/portal/sys/v4/symbols/104.png",
				"_iconSize": [
					16,
					16
				],
				"_iconAnchor": [
					8,
					8
				]
			}
		},
		{
			"type": "Feature",
			"geometry": {
				"type": "Point",
				"coordinates": [
					 131.25349,
					 32.67742
				]
			},
			"properties": {
				"name": "JA6/MZ-185(二上山)",
				"読み":"Futakamiyama",
				"標高":"1082m 6pt ",
				"GL":"PM52pq",
				"市郡区":"G#45003B / G#45003A ",
				"登山日":"",
				"メモ":"",
				"_markerType": "Icon",
				"_iconUrl": "https://maps.gsi.go.jp/portal/sys/v4/symbols/103.png",
				"_iconSize": [
					16,
					16
				],
				"_iconAnchor": [
					8,
					8
				]
			}
		},
		{
			"type": "Feature",
			"geometry": {
				"type": "Point",
				"coordinates": [
					 131.300268,
					 32.29983
				]
			},
			"properties": {
				"name": "JA6/MZ-186(点1048)",
				"読み":"JA6/MZ-186",
				"標高":"1048m 6pt ",
				"GL":"PM52ph",
				"市郡区":"G#45002D ",
				"登山日":"",
				"メモ":"",
				"_markerType": "Icon",
				"_iconUrl": "https://maps.gsi.go.jp/portal/sys/v4/symbols/103.png",
				"_iconSize": [
					16,
					16
				],
				"_iconAnchor": [
					8,
					8
				]
			}
		},
		{
			"type": "Feature",
			"geometry": {
				"type": "Point",
				"coordinates": [
					 131.326747,
					 32.606411
				]
			},
			"properties": {
				"name": "JA6/MZ-187(樋ノ向(三角点))",
				"読み":"Hinomukai",
				"標高":"1029m 6pt ",
				"GL":"PM52po",
				"市郡区":"G#45005H ",
				"登山日":"",
				"メモ":"",
				"_markerType": "Icon",
				"_iconUrl": "https://maps.gsi.go.jp/portal/sys/v4/symbols/103.png",
				"_iconSize": [
					16,
					16
				],
				"_iconAnchor": [
					8,
					8
				]
			}
		},
		{
			"type": "Feature",
			"geometry": {
				"type": "Point",
				"coordinates": [
					 131.226153,
					 32.68515
				]
			},
			"properties": {
				"name": "JA6/MZ-188(下長野(三角点))",
				"読み":"Shimonagano",
				"標高":"948m 6pt ",
				"GL":"PM52oq",
				"市郡区":"G#45003B / G#45003A ",
				"登山日":"",
				"メモ":"",
				"_markerType": "Icon",
				"_iconUrl": "https://maps.gsi.go.jp/portal/sys/v4/symbols/103.png",
				"_iconSize": [
					16,
					16
				],
				"_iconAnchor": [
					8,
					8
				]
			}
		},
		{
			"type": "Feature",
			"geometry": {
				"type": "Point",
				"coordinates": [
					 131.383846,
					 32.295495
				]
			},
			"properties": {
				"name": "JA6/MZ-189(川口(三角点))",
				"読み":"Kawaguchi",
				"標高":"903m 6pt ",
				"GL":"PM52qh",
				"市郡区":"G#45002D ",
				"登山日":"",
				"メモ":"",
				"_markerType": "Icon",
				"_iconUrl": "https://maps.gsi.go.jp/portal/sys/v4/symbols/103.png",
				"_iconSize": [
					16,
					16
				],
				"_iconAnchor": [
					8,
					8
				]
			}
		},
		{
			"type": "Feature",
			"geometry": {
				"type": "Point",
				"coordinates": [
					 131.331596,
					 32.735956
				]
			},
			"properties": {
				"name": "JA6/MZ-190(焼山寺山)",
				"読み":"Shouzanjiyama",
				"標高":"835m 4pt ",
				"GL":"PM52pr",
				"市郡区":"G#45003B ",
				"登山日":"",
				"メモ":"",
				"_markerType": "Icon",
				"_iconUrl": "https://maps.gsi.go.jp/portal/sys/v4/symbols/828.png",
				"_iconSize": [
					16,
					16
				],
				"_iconAnchor": [
					8,
					8
				]
			}
		},
		{
			"type": "Feature",
			"geometry": {
				"type": "Point",
				"coordinates": [
					 131.288724,
					 32.752416
				]
			},
			"properties": {
				"name": "JA6/MZ-191(四恩岳)",
				"読み":"Shiondake",
				"標高":"676m 4pt ",
				"GL":"PM52ps",
				"市郡区":"G#45003B ",
				"登山日":"",
				"メモ":"",
				"_markerType": "Icon",
				"_iconUrl": "https://maps.gsi.go.jp/portal/sys/v4/symbols/828.png",
				"_iconSize": [
					16,
					16
				],
				"_iconAnchor": [
					8,
					8
				]
			}
		},
		{
			"type": "Feature",
			"geometry": {
				"type": "Point",
				"coordinates": [
					 131.635523,
					 32.691579
				]
			},
			"properties": {
				"name": "JA6/MZ-192(長谷ヶ内(三角点))",
				"読み":"Hasegauchi",
				"標高":"618m 2pt ",
				"GL":"PM52tq",
				"市郡区":"C#4503 ",
				"登山日":"",
				"メモ":"",
				"_markerType": "Icon",
				"_iconUrl": "https://maps.gsi.go.jp/portal/sys/v4/symbols/102.png",
				"_iconSize": [
					16,
					16
				],
				"_iconAnchor": [
					8,
					8
				]
			}
		},
		{
			"type": "Feature",
			"geometry": {
				"type": "Point",
				"coordinates": [
					 131.767573,
					 32.776992
				]
			},
			"properties": {
				"name": "JA6/MZ-193(小長谷(三角点))",
				"読み":"Kohase",
				"標高":"404m 1pt ",
				"GL":"PM52vs",
				"市郡区":"C#4503 ",
				"登山日":"",
				"メモ":"",
				"_markerType": "Icon",
				"_iconUrl": "https://maps.gsi.go.jp/portal/sys/v4/symbols/826.png",
				"_iconSize": [
					16,
					16
				],
				"_iconAnchor": [
					8,
					8
				]
			}
		},
		{
			"type": "Feature",
			"geometry": {
				"type": "Point",
				"coordinates": [
					 131.042733,
					 31.967655
				]
			},
			"properties": {
				"name": "JA6/MZ-194(霞ヶ丘)",
				"読み":"Kasumigaoka",
				"標高":"356m 1pt ",
				"GL":"PM51mx",
				"市郡区":"C#4505 ",
				"登山日":"",
				"メモ":"",
				"_markerType": "Icon",
				"_iconUrl": "https://maps.gsi.go.jp/portal/sys/v4/symbols/826.png",
				"_iconSize": [
					16,
					16
				],
				"_iconAnchor": [
					8,
					8
				]
			}
		},
		{
			"type": "Feature",
			"geometry": {
				"type": "Point",
				"coordinates": [
					 130.2989,
					 32.7612
				]
			},
			"properties": {
				"name": "JA6/NS-001(雲仙岳(平成新山))",
				"読み":"Unzendake/Heiseishinzan",
				"標高":"1483m 8pt ",
				"GL":"PM52ds",
				"市郡区":"C#4203 / C#4213 ",
				"登山日":"",
				"メモ":"",
				"_markerType": "Icon",
				"_iconUrl": "https://maps.gsi.go.jp/portal/sys/v4/symbols/104.png",
				"_iconSize": [
					16,
					16
				],
				"_iconAnchor": [
					8,
					8
				]
			}
		},
		{
			"type": "Feature",
			"geometry": {
				"type": "Point",
				"coordinates": [
					 130.2606,
					 32.7755
				]
			},
			"properties": {
				"name": "JA6/NS-002(九千部岳)",
				"読み":"Kusenbudake",
				"標高":"1062m 6pt ",
				"GL":"PM52ds",
				"市郡区":"C#4213 ",
				"登山日":"",
				"メモ":"",
				"_markerType": "Icon",
				"_iconUrl": "https://maps.gsi.go.jp/portal/sys/v4/symbols/103.png",
				"_iconSize": [
					16,
					16
				],
				"_iconAnchor": [
					8,
					8
				]
			}
		},
		{
			"type": "Feature",
			"geometry": {
				"type": "Point",
				"coordinates": [
					 130.0766,
					 32.958
				]
			},
			"properties": {
				"name": "JA6/NS-003(多良岳(五家原岳))",
				"読み":"Taradake/Gokaharadake",
				"標高":"1057m 6pt ",
				"GL":"PM52aw",
				"市郡区":"C#4204 / C#4205 ",
				"登山日":"",
				"メモ":"",
				"_markerType": "Icon",
				"_iconUrl": "https://maps.gsi.go.jp/portal/sys/v4/symbols/103.png",
				"_iconSize": [
					16,
					16
				],
				"_iconAnchor": [
					8,
					8
				]
			}
		},
		{
			"type": "Feature",
			"geometry": {
				"type": "Point",
				"coordinates": [
					 130.2712,
					 32.7392
				]
			},
			"properties": {
				"name": "JA6/NS-004(矢岳)",
				"読み":"Yadake",
				"標高":"970m 6pt ",
				"GL":"PM52dr",
				"市郡区":"C#4213 ",
				"登山日":"",
				"メモ":"",
				"_markerType": "Icon",
				"_iconUrl": "https://maps.gsi.go.jp/portal/sys/v4/symbols/103.png",
				"_iconSize": [
					16,
					16
				],
				"_iconAnchor": [
					8,
					8
				]
			}
		},
		{
			"type": "Feature",
			"geometry": {
				"type": "Point",
				"coordinates": [
					 130.2512,
					 32.7371
				]
			},
			"properties": {
				"name": "JA6/NS-005(絹笠山)",
				"読み":"Kinugasayama",
				"標高":"879m 6pt ",
				"GL":"PM52dr",
				"市郡区":"C#4213 ",
				"登山日":"",
				"メモ":"",
				"_markerType": "Icon",
				"_iconUrl": "https://maps.gsi.go.jp/portal/sys/v4/symbols/103.png",
				"_iconSize": [
					16,
					16
				],
				"_iconAnchor": [
					8,
					8
				]
			}
		},
		{
			"type": "Feature",
			"geometry": {
				"type": "Point",
				"coordinates": [
					 130.2528,
					 32.7911
				]
			},
			"properties": {
				"name": "JA6/NS-006(吾妻岳)",
				"読み":"Azumadake",
				"標高":"870m 6pt ",
				"GL":"PM52ds",
				"市郡区":"C#4213 ",
				"登山日":"",
				"メモ":"",
				"_markerType": "Icon",
				"_iconUrl": "https://maps.gsi.go.jp/portal/sys/v4/symbols/103.png",
				"_iconSize": [
					16,
					16
				],
				"_iconAnchor": [
					8,
					8
				]
			}
		},
		{
			"type": "Feature",
			"geometry": {
				"type": "Point",
				"coordinates": [
					 130.337,
					 32.7717
				]
			},
			"properties": {
				"name": "JA6/NS-007(七面山)",
				"読み":"Shichimenzan",
				"標高":"819m 4pt ",
				"GL":"PM52es",
				"市郡区":"C#4203 ",
				"登山日":"",
				"メモ":"",
				"_markerType": "Icon",
				"_iconUrl": "https://maps.gsi.go.jp/portal/sys/v4/symbols/828.png",
				"_iconSize": [
					16,
					16
				],
				"_iconAnchor": [
					8,
					8
				]
			}
		},
		{
			"type": "Feature",
			"geometry": {
				"type": "Point",
				"coordinates": [
					 129.8038,
					 33.1793
				]
			},
			"properties": {
				"name": "JA6/NS-008(隠居岳)",
				"読み":"Kakuidake",
				"標高":"670m 4pt ",
				"GL":"PM43ve",
				"市郡区":"C#4202 ",
				"登山日":"",
				"メモ":"",
				"_markerType": "Icon",
				"_iconUrl": "https://maps.gsi.go.jp/portal/sys/v4/symbols/828.png",
				"_iconSize": [
					16,
					16
				],
				"_iconAnchor": [
					8,
					8
				]
			}
		},
		{
			"type": "Feature",
			"geometry": {
				"type": "Point",
				"coordinates": [
					 129.2261,
					 34.1774
				]
			},
			"properties": {
				"name": "JA6/NS-009(矢立山)",
				"読み":"Yatateyama",
				"標高":"649m 2pt ",
				"GL":"PM44oe",
				"市郡区":"C#4209 ",
				"登山日":"",
				"メモ":"",
				"_markerType": "Icon",
				"_iconUrl": "https://maps.gsi.go.jp/portal/sys/v4/symbols/102.png",
				"_iconSize": [
					16,
					16
				],
				"_iconAnchor": [
					8,
					8
				]
			}
		},
		{
			"type": "Feature",
			"geometry": {
				"type": "Point",
				"coordinates": [
					 129.9213,
					 33.0905
				]
			},
			"properties": {
				"name": "JA6/NS-010(虚空蔵山)",
				"読み":"Kokuzouzan",
				"標高":"609m 2pt ",
				"GL":"PM43xc",
				"市郡区":"G#42007A ",
				"登山日":"",
				"メモ":"",
				"_markerType": "Icon",
				"_iconUrl": "https://maps.gsi.go.jp/portal/sys/v4/symbols/102.png",
				"_iconSize": [
					16,
					16
				],
				"_iconAnchor": [
					8,
					8
				]
			}
		},
		{
			"type": "Feature",
			"geometry": {
				"type": "Point",
				"coordinates": [
					 129.8565,
					 32.6702
				]
			},
			"properties": {
				"name": "JA6/NS-011(八郎岳)",
				"読み":"Hachiroudake",
				"標高":"590m 2pt ",
				"GL":"PM42wq",
				"市郡区":"C#4201 ",
				"登山日":"",
				"メモ":"",
				"_markerType": "Icon",
				"_iconUrl": "https://maps.gsi.go.jp/portal/sys/v4/symbols/102.png",
				"_iconSize": [
					16,
					16
				],
				"_iconAnchor": [
					8,
					8
				]
			}
		},
		{
			"type": "Feature",
			"geometry": {
				"type": "Point",
				"coordinates": [
					 129.7519,
					 33.1804
				]
			},
			"properties": {
				"name": "JA6/NS-012(烏帽子岳)",
				"読み":"Eboshidake",
				"標高":"568m 2pt ",
				"GL":"PM43ve",
				"市郡区":"C#4202 ",
				"登山日":"",
				"メモ":"",
				"_markerType": "Icon",
				"_iconUrl": "https://maps.gsi.go.jp/portal/sys/v4/symbols/102.png",
				"_iconSize": [
					16,
					16
				],
				"_iconAnchor": [
					8,
					8
				]
			}
		},
		{
			"type": "Feature",
			"geometry": {
				"type": "Point",
				"coordinates": [
					 129.7448,
					 32.9135
				]
			},
			"properties": {
				"name": "JA6/NS-013(長浦岳)",
				"読み":"Nagauradake",
				"標高":"561m 2pt ",
				"GL":"PM42uv",
				"市郡区":"C#4201 ",
				"登山日":"",
				"メモ":"",
				"_markerType": "Icon",
				"_iconUrl": "https://maps.gsi.go.jp/portal/sys/v4/symbols/102.png",
				"_iconSize": [
					16,
					16
				],
				"_iconAnchor": [
					8,
					8
				]
			}
		},
		{
			"type": "Feature",
			"geometry": {
				"type": "Point",
				"coordinates": [
					 129.265,
					 34.2044
				]
			},
			"properties": {
				"name": "JA6/NS-014(有明山)",
				"読み":"Ariakeyama",
				"標高":"558m 2pt ",
				"GL":"PM44pe",
				"市郡区":"C#4209 ",
				"登山日":"",
				"メモ":"",
				"_markerType": "Icon",
				"_iconUrl": "https://maps.gsi.go.jp/portal/sys/v4/symbols/102.png",
				"_iconSize": [
					16,
					16
				],
				"_iconAnchor": [
					8,
					8
				]
			}
		},
		{
			"type": "Feature",
			"geometry": {
				"type": "Point",
				"coordinates": [
					 129.4659,
					 33.3369
				]
			},
			"properties": {
				"name": "JA6/NS-015(安満岳)",
				"読み":"Yasumandake",
				"標高":"530m 2pt ",
				"GL":"PM43ri",
				"市郡区":"C#4207 ",
				"登山日":"",
				"メモ":"",
				"_markerType": "Icon",
				"_iconUrl": "https://maps.gsi.go.jp/portal/sys/v4/symbols/102.png",
				"_iconSize": [
					16,
					16
				],
				"_iconAnchor": [
					8,
					8
				]
			}
		},
		{
			"type": "Feature",
			"geometry": {
				"type": "Point",
				"coordinates": [
					 129.2496,
					 34.2639
				]
			},
			"properties": {
				"name": "JA6/NS-016(白嶽)",
				"読み":"Shiratake",
				"標高":"518m 2pt ",
				"GL":"PM44og",
				"市郡区":"C#4209 ",
				"登山日":"",
				"メモ":"",
				"_markerType": "Icon",
				"_iconUrl": "https://maps.gsi.go.jp/portal/sys/v4/symbols/102.png",
				"_iconSize": [
					16,
					16
				],
				"_iconAnchor": [
					8,
					8
				]
			}
		},
		{
			"type": "Feature",
			"geometry": {
				"type": "Point",
				"coordinates": [
					 129.9076,
					 32.7937
				]
			},
			"properties": {
				"name": "JA6/NS-017(帆場岳)",
				"読み":"Hobadake",
				"標高":"506m 2pt ",
				"GL":"PM42wt",
				"市郡区":"C#4201 ",
				"登山日":"",
				"メモ":"",
				"_markerType": "Icon",
				"_iconUrl": "https://maps.gsi.go.jp/portal/sys/v4/symbols/102.png",
				"_iconSize": [
					16,
					16
				],
				"_iconAnchor": [
					8,
					8
				]
			}
		},
		{
			"type": "Feature",
			"geometry": {
				"type": "Point",
				"coordinates": [
					 129.3817,
					 34.5724
				]
			},
			"properties": {
				"name": "JA6/NS-018(御岳(雄岳))",
				"読み":"Mitake/Odake",
				"標高":"479m 1pt ",
				"GL":"PM44qn",
				"市郡区":"C#4209 ",
				"登山日":"",
				"メモ":"",
				"_markerType": "Icon",
				"_iconUrl": "https://maps.gsi.go.jp/portal/sys/v4/symbols/826.png",
				"_iconSize": [
					16,
					16
				],
				"_iconAnchor": [
					8,
					8
				]
			}
		},
		{
			"type": "Feature",
			"geometry": {
				"type": "Point",
				"coordinates": [
					 129.8304,
					 32.7933
				]
			},
			"properties": {
				"name": "JA6/NS-019(岩屋山)",
				"読み":"Iwayayama",
				"標高":"475m 1pt ",
				"GL":"PM42vt",
				"市郡区":"C#4201 ",
				"登山日":"",
				"メモ":"",
				"_markerType": "Icon",
				"_iconUrl": "https://maps.gsi.go.jp/portal/sys/v4/symbols/826.png",
				"_iconSize": [
					16,
					16
				],
				"_iconAnchor": [
					8,
					8
				]
			}
		},
		{
			"type": "Feature",
			"geometry": {
				"type": "Point",
				"coordinates": [
					 128.681,
					 32.6982
				]
			},
			"properties": {
				"name": "JA6/NS-020(父ヶ岳)",
				"読み":"Tetegatake",
				"標高":"460m 1pt ",
				"GL":"PM42iq",
				"市郡区":"C#4211 ",
				"登山日":"",
				"メモ":"",
				"_markerType": "Icon",
				"_iconUrl": "https://maps.gsi.go.jp/portal/sys/v4/symbols/826.png",
				"_iconSize": [
					16,
					16
				],
				"_iconAnchor": [
					8,
					8
				]
			}
		},
		{
			"type": "Feature",
			"geometry": {
				"type": "Point",
				"coordinates": [
					 129.9699,
					 32.7833
				]
			},
			"properties": {
				"name": "JA6/NS-021(行仙岳)",
				"読み":"Gyousendake",
				"標高":"456m 1pt ",
				"GL":"PM42xs",
				"市郡区":"C#4201 ",
				"登山日":"",
				"メモ":"",
				"_markerType": "Icon",
				"_iconUrl": "https://maps.gsi.go.jp/portal/sys/v4/symbols/826.png",
				"_iconSize": [
					16,
					16
				],
				"_iconAnchor": [
					8,
					8
				]
			}
		},
		{
			"type": "Feature",
			"geometry": {
				"type": "Point",
				"coordinates": [
					 129.894,
					 32.8519
				]
			},
			"properties": {
				"name": "JA6/NS-022(琴ノ尾岳)",
				"読み":"Kotonoodake",
				"標高":"451m 1pt ",
				"GL":"PM42wu",
				"市郡区":"C#4204 ",
				"登山日":"",
				"メモ":"",
				"_markerType": "Icon",
				"_iconUrl": "https://maps.gsi.go.jp/portal/sys/v4/symbols/826.png",
				"_iconSize": [
					16,
					16
				],
				"_iconAnchor": [
					8,
					8
				]
			}
		},
		{
			"type": "Feature",
			"geometry": {
				"type": "Point",
				"coordinates": [
					 129.9824,
					 32.7882
				]
			},
			"properties": {
				"name": "JA6/NS-023(船石岳)",
				"読み":"Funaishidake",
				"標高":"451m 1pt ",
				"GL":"PM42xs",
				"市郡区":"C#4201 ",
				"登山日":"",
				"メモ":"",
				"_markerType": "Icon",
				"_iconUrl": "https://maps.gsi.go.jp/portal/sys/v4/symbols/826.png",
				"_iconSize": [
					16,
					16
				],
				"_iconAnchor": [
					8,
					8
				]
			}
		},
		{
			"type": "Feature",
			"geometry": {
				"type": "Point",
				"coordinates": [
					 129.7034,
					 33.1967
				]
			},
			"properties": {
				"name": "JA6/NS-024(将冠岳)",
				"読み":"Syoukandake",
				"標高":"445m 1pt ",
				"GL":"PM43ue",
				"市郡区":"C#4202 ",
				"登山日":"",
				"メモ":"",
				"_markerType": "Icon",
				"_iconUrl": "https://maps.gsi.go.jp/portal/sys/v4/symbols/826.png",
				"_iconSize": [
					16,
					16
				],
				"_iconAnchor": [
					8,
					8
				]
			}
		},
		{
			"type": "Feature",
			"geometry": {
				"type": "Point",
				"coordinates": [
					 129.0932,
					 33.0657
				]
			},
			"properties": {
				"name": "JA6/NS-025(番岳)",
				"読み":"Bandake",
				"標高":"443m 1pt ",
				"GL":"PM43nb",
				"市郡区":"G#42009K ",
				"登山日":"",
				"メモ":"",
				"_markerType": "Icon",
				"_iconUrl": "https://maps.gsi.go.jp/portal/sys/v4/symbols/826.png",
				"_iconSize": [
					16,
					16
				],
				"_iconAnchor": [
					8,
					8
				]
			}
		},
		{
			"type": "Feature",
			"geometry": {
				"type": "Point",
				"coordinates": [
					 129.0529,
					 32.9335
				]
			},
			"properties": {
				"name": "JA6/NS-026(山王山(雄嶽))",
				"読み":"Sannouzan/Odake",
				"標高":"439m 1pt ",
				"GL":"PM42mw",
				"市郡区":"G#42009K ",
				"登山日":"",
				"メモ":"",
				"_markerType": "Icon",
				"_iconUrl": "https://maps.gsi.go.jp/portal/sys/v4/symbols/826.png",
				"_iconSize": [
					16,
					16
				],
				"_iconAnchor": [
					8,
					8
				]
			}
		},
		{
			"type": "Feature",
			"geometry": {
				"type": "Point",
				"coordinates": [
					 129.0561,
					 33.0099
				]
			},
			"properties": {
				"name": "JA6/NS-027(高熨斗岳)",
				"読み":"Takanoshidake",
				"標高":"431m 1pt ",
				"GL":"PM43ma",
				"市郡区":"G#42009K ",
				"登山日":"",
				"メモ":"",
				"_markerType": "Icon",
				"_iconUrl": "https://maps.gsi.go.jp/portal/sys/v4/symbols/826.png",
				"_iconSize": [
					16,
					16
				],
				"_iconAnchor": [
					8,
					8
				]
			}
		},
		{
			"type": "Feature",
			"geometry": {
				"type": "Point",
				"coordinates": [
					 128.7855,
					 32.6707
				]
			},
			"properties": {
				"name": "JA6/NS-028(翁頭山)",
				"読み":"Outousan",
				"標高":"429m 1pt ",
				"GL":"PM42jq",
				"市郡区":"C#4211 ",
				"登山日":"",
				"メモ":"",
				"_markerType": "Icon",
				"_iconUrl": "https://maps.gsi.go.jp/portal/sys/v4/symbols/826.png",
				"_iconSize": [
					16,
					16
				],
				"_iconAnchor": [
					8,
					8
				]
			}
		},
		{
			"type": "Feature",
			"geometry": {
				"type": "Point",
				"coordinates": [
					 128.7573,
					 32.6938
				]
			},
			"properties": {
				"name": "JA6/NS-029(仏阪(三角点))",
				"読み":"Hotokezaka",
				"標高":"419m 1pt ",
				"GL":"PM42jq",
				"市郡区":"C#4211 ",
				"登山日":"",
				"メモ":"",
				"_markerType": "Icon",
				"_iconUrl": "https://maps.gsi.go.jp/portal/sys/v4/symbols/826.png",
				"_iconSize": [
					16,
					16
				],
				"_iconAnchor": [
					8,
					8
				]
			}
		},
		{
			"type": "Feature",
			"geometry": {
				"type": "Point",
				"coordinates": [
					 129.8181,
					 32.815
				]
			},
			"properties": {
				"name": "JA6/NS-030(烏帽子岳)",
				"読み":"Eboshidake",
				"標高":"413m 1pt ",
				"GL":"PM42vt",
				"市郡区":"C#4201 / G#42006N ",
				"登山日":"",
				"メモ":"",
				"_markerType": "Icon",
				"_iconUrl": "https://maps.gsi.go.jp/portal/sys/v4/symbols/826.png",
				"_iconSize": [
					16,
					16
				],
				"_iconAnchor": [
					8,
					8
				]
			}
		},
		{
			"type": "Feature",
			"geometry": {
				"type": "Point",
				"coordinates": [
					 130.209,
					 32.6412
				]
			},
			"properties": {
				"name": "JA6/NS-031(鳳上岳)",
				"読み":"Houjyoudake",
				"標高":"410m 1pt ",
				"GL":"PM52cp",
				"市郡区":"C#4214 ",
				"登山日":"",
				"メモ":"",
				"_markerType": "Icon",
				"_iconUrl": "https://maps.gsi.go.jp/portal/sys/v4/symbols/826.png",
				"_iconSize": [
					16,
					16
				],
				"_iconAnchor": [
					8,
					8
				]
			}
		},
		{
			"type": "Feature",
			"geometry": {
				"type": "Point",
				"coordinates": [
					 129.9909,
					 32.8068
				]
			},
			"properties": {
				"name": "JA6/NS-032(井樋ノ尾岳)",
				"読み":"Ibinoodake",
				"標高":"407m 1pt ",
				"GL":"PM42xt",
				"市郡区":"C#4204 / C#4201 ",
				"登山日":"",
				"メモ":"",
				"_markerType": "Icon",
				"_iconUrl": "https://maps.gsi.go.jp/portal/sys/v4/symbols/826.png",
				"_iconSize": [
					16,
					16
				],
				"_iconAnchor": [
					8,
					8
				]
			}
		},
		{
			"type": "Feature",
			"geometry": {
				"type": "Point",
				"coordinates": [
					 129.4895,
					 33.3169
				]
			},
			"properties": {
				"name": "JA6/NS-033(上床(三角点))",
				"読み":"Kamitoko",
				"標高":"406m 1pt ",
				"GL":"PM43rh",
				"市郡区":"C#4207 ",
				"登山日":"",
				"メモ":"",
				"_markerType": "Icon",
				"_iconUrl": "https://maps.gsi.go.jp/portal/sys/v4/symbols/826.png",
				"_iconSize": [
					16,
					16
				],
				"_iconAnchor": [
					8,
					8
				]
			}
		},
		{
			"type": "Feature",
			"geometry": {
				"type": "Point",
				"coordinates": [
					 128.6934,
					 32.6518
				]
			},
			"properties": {
				"name": "JA6/NS-034(岩谷岳)",
				"読み":"Iwayadake",
				"標高":"397m 1pt ",
				"GL":"PM42ip",
				"市郡区":"C#4211 ",
				"登山日":"",
				"メモ":"",
				"_markerType": "Icon",
				"_iconUrl": "https://maps.gsi.go.jp/portal/sys/v4/symbols/826.png",
				"_iconSize": [
					16,
					16
				],
				"_iconAnchor": [
					8,
					8
				]
			}
		},
		{
			"type": "Feature",
			"geometry": {
				"type": "Point",
				"coordinates": [
					 129.4003,
					 33.2158
				]
			},
			"properties": {
				"name": "JA6/NS-035(屏風岳)",
				"読み":"Byoubudake",
				"標高":"394m 1pt ",
				"GL":"PM43qf",
				"市郡区":"C#4207 ",
				"登山日":"",
				"メモ":"",
				"_markerType": "Icon",
				"_iconUrl": "https://maps.gsi.go.jp/portal/sys/v4/symbols/826.png",
				"_iconSize": [
					16,
					16
				],
				"_iconAnchor": [
					8,
					8
				]
			}
		},
		{
			"type": "Feature",
			"geometry": {
				"type": "Point",
				"coordinates": [
					 130.1996,
					 32.7697
				]
			},
			"properties": {
				"name": "JA6/NS-036(千々石(三角点))",
				"読み":"Chijiwa",
				"標高":"392m 1pt ",
				"GL":"PM52cs",
				"市郡区":"C#4213 ",
				"登山日":"",
				"メモ":"",
				"_markerType": "Icon",
				"_iconUrl": "https://maps.gsi.go.jp/portal/sys/v4/symbols/826.png",
				"_iconSize": [
					16,
					16
				],
				"_iconAnchor": [
					8,
					8
				]
			}
		},
		{
			"type": "Feature",
			"geometry": {
				"type": "Point",
				"coordinates": [
					 128.8098,
					 32.7214
				]
			},
			"properties": {
				"name": "JA6/NS-037(笹嶽)",
				"読み":"Sasadake",
				"標高":"390m 1pt ",
				"GL":"PM42jr",
				"市郡区":"C#4211 ",
				"登山日":"",
				"メモ":"",
				"_markerType": "Icon",
				"_iconUrl": "https://maps.gsi.go.jp/portal/sys/v4/symbols/826.png",
				"_iconSize": [
					16,
					16
				],
				"_iconAnchor": [
					8,
					8
				]
			}
		},
		{
			"type": "Feature",
			"geometry": {
				"type": "Point",
				"coordinates": [
					 129.0868,
					 32.963
				]
			},
			"properties": {
				"name": "JA6/NS-039(矢倉岳)",
				"読み":"Yaguradake",
				"標高":"384m 1pt ",
				"GL":"PM42nx",
				"市郡区":"G#42009K ",
				"登山日":"",
				"メモ":"",
				"_markerType": "Icon",
				"_iconUrl": "https://maps.gsi.go.jp/portal/sys/v4/symbols/826.png",
				"_iconSize": [
					16,
					16
				],
				"_iconAnchor": [
					8,
					8
				]
			}
		},
		{
			"type": "Feature",
			"geometry": {
				"type": "Point",
				"coordinates": [
					 129.5946,
					 33.2427
				]
			},
			"properties": {
				"name": "JA6/NS-040(大観山)",
				"読み":"Daikanzan",
				"標高":"374m 1pt ",
				"GL":"PM43tf",
				"市郡区":"C#4202 ",
				"登山日":"",
				"メモ":"",
				"_markerType": "Icon",
				"_iconUrl": "https://maps.gsi.go.jp/portal/sys/v4/symbols/826.png",
				"_iconSize": [
					16,
					16
				],
				"_iconAnchor": [
					8,
					8
				]
			}
		},
		{
			"type": "Feature",
			"geometry": {
				"type": "Point",
				"coordinates": [
					 128.7158,
					 32.6235
				]
			},
			"properties": {
				"name": "JA6/NS-041(長峰(三角点))",
				"読み":"Nagamine",
				"標高":"374m 1pt ",
				"GL":"PM42io",
				"市郡区":"C#4211 ",
				"登山日":"",
				"メモ":"",
				"_markerType": "Icon",
				"_iconUrl": "https://maps.gsi.go.jp/portal/sys/v4/symbols/826.png",
				"_iconSize": [
					16,
					16
				],
				"_iconAnchor": [
					8,
					8
				]
			}
		},
		{
			"type": "Feature",
			"geometry": {
				"type": "Point",
				"coordinates": [
					 129.4672,
					 33.2588
				]
			},
			"properties": {
				"name": "JA6/NS-042(慈眼岳)",
				"読み":"Jigendake",
				"標高":"372m 1pt ",
				"GL":"PM43rg",
				"市郡区":"C#4207 ",
				"登山日":"",
				"メモ":"",
				"_markerType": "Icon",
				"_iconUrl": "https://maps.gsi.go.jp/portal/sys/v4/symbols/826.png",
				"_iconSize": [
					16,
					16
				],
				"_iconAnchor": [
					8,
					8
				]
			}
		},
		{
			"type": "Feature",
			"geometry": {
				"type": "Point",
				"coordinates": [
					 129.0826,
					 33.012
				]
			},
			"properties": {
				"name": "JA6/NS-043(番岳)",
				"読み":"Bandake",
				"標高":"368m 1pt ",
				"GL":"PM43ma",
				"市郡区":"G#42009K ",
				"登山日":"",
				"メモ":"",
				"_markerType": "Icon",
				"_iconUrl": "https://maps.gsi.go.jp/portal/sys/v4/symbols/826.png",
				"_iconSize": [
					16,
					16
				],
				"_iconAnchor": [
					8,
					8
				]
			}
		},
		{
			"type": "Feature",
			"geometry": {
				"type": "Point",
				"coordinates": [
					 128.7874,
					 32.7197
				]
			},
			"properties": {
				"name": "JA6/NS-044(唐嶽)",
				"読み":"Karadake",
				"標高":"366m 1pt ",
				"GL":"PM42jr",
				"市郡区":"C#4211 ",
				"登山日":"",
				"メモ":"",
				"_markerType": "Icon",
				"_iconUrl": "https://maps.gsi.go.jp/portal/sys/v4/symbols/826.png",
				"_iconSize": [
					16,
					16
				],
				"_iconAnchor": [
					8,
					8
				]
			}
		},
		{
			"type": "Feature",
			"geometry": {
				"type": "Point",
				"coordinates": [
					 129.152,
					 32.9858
				]
			},
			"properties": {
				"name": "JA6/NS-045(丹那山)",
				"読み":"Tannayasan",
				"標高":"364m 1pt ",
				"GL":"PM42nx",
				"市郡区":"G#42009K ",
				"登山日":"",
				"メモ":"",
				"_markerType": "Icon",
				"_iconUrl": "https://maps.gsi.go.jp/portal/sys/v4/symbols/826.png",
				"_iconSize": [
					16,
					16
				],
				"_iconAnchor": [
					8,
					8
				]
			}
		},
		{
			"type": "Feature",
			"geometry": {
				"type": "Point",
				"coordinates": [
					 128.7303,
					 32.6462
				]
			},
			"properties": {
				"name": "JA6/NS-046(八本木(三角点))",
				"読み":"Happongi",
				"標高":"363m 1pt ",
				"GL":"PM42ip",
				"市郡区":"C#4211 ",
				"登山日":"",
				"メモ":"",
				"_markerType": "Icon",
				"_iconUrl": "https://maps.gsi.go.jp/portal/sys/v4/symbols/826.png",
				"_iconSize": [
					16,
					16
				],
				"_iconAnchor": [
					8,
					8
				]
			}
		},
		{
			"type": "Feature",
			"geometry": {
				"type": "Point",
				"coordinates": [
					 129.114,
					 33.1064
				]
			},
			"properties": {
				"name": "JA6/NS-047(多石山)",
				"読み":"Taishiyama",
				"標高":"362m 1pt ",
				"GL":"PM43nc",
				"市郡区":"G#42009K ",
				"登山日":"",
				"メモ":"",
				"_markerType": "Icon",
				"_iconUrl": "https://maps.gsi.go.jp/portal/sys/v4/symbols/826.png",
				"_iconSize": [
					16,
					16
				],
				"_iconAnchor": [
					8,
					8
				]
			}
		},
		{
			"type": "Feature",
			"geometry": {
				"type": "Point",
				"coordinates": [
					 128.787,
					 32.7505
				]
			},
			"properties": {
				"name": "JA6/NS-048(権現岳)",
				"読み":"Gongendake",
				"標高":"359m 1pt ",
				"GL":"PM42js",
				"市郡区":"C#4211 ",
				"登山日":"",
				"メモ":"",
				"_markerType": "Icon",
				"_iconUrl": "https://maps.gsi.go.jp/portal/sys/v4/symbols/826.png",
				"_iconSize": [
					16,
					16
				],
				"_iconAnchor": [
					8,
					8
				]
			}
		},
		{
			"type": "Feature",
			"geometry": {
				"type": "Point",
				"coordinates": [
					 129.3859,
					 34.5142
				]
			},
			"properties": {
				"name": "JA6/NS-049(点354)",
				"読み":"P354",
				"標高":"354m 1pt ",
				"GL":"PM44qm",
				"市郡区":"C#4209 ",
				"登山日":"",
				"メモ":"",
				"_markerType": "Icon",
				"_iconUrl": "https://maps.gsi.go.jp/portal/sys/v4/symbols/826.png",
				"_iconSize": [
					16,
					16
				],
				"_iconAnchor": [
					8,
					8
				]
			}
		},
		{
			"type": "Feature",
			"geometry": {
				"type": "Point",
				"coordinates": [
					 129.6662,
					 33.2722
				]
			},
			"properties": {
				"name": "JA6/NS-050(鷲尾岳)",
				"読み":"Washiodake",
				"標高":"351m 1pt ",
				"GL":"PM43tg",
				"市郡区":"G#42004E / C#4202 ",
				"登山日":"",
				"メモ":"",
				"_markerType": "Icon",
				"_iconUrl": "https://maps.gsi.go.jp/portal/sys/v4/symbols/826.png",
				"_iconSize": [
					16,
					16
				],
				"_iconAnchor": [
					8,
					8
				]
			}
		},
		{
			"type": "Feature",
			"geometry": {
				"type": "Point",
				"coordinates": [
					 129.8297,
					 32.6731
				]
			},
			"properties": {
				"name": "JA6/NS-051(城山)",
				"読み":"Shiroyama",
				"標高":"351m 1pt ",
				"GL":"PM42vq",
				"市郡区":"C#4201 ",
				"登山日":"",
				"メモ":"",
				"_markerType": "Icon",
				"_iconUrl": "https://maps.gsi.go.jp/portal/sys/v4/symbols/826.png",
				"_iconSize": [
					16,
					16
				],
				"_iconAnchor": [
					8,
					8
				]
			}
		},
		{
			"type": "Feature",
			"geometry": {
				"type": "Point",
				"coordinates": [
					 129.4448,
					 33.2713
				]
			},
			"properties": {
				"name": "JA6/NS-052(有僧都岳)",
				"読み":"Yuusouzudake",
				"標高":"351m 1pt ",
				"GL":"PM43rg",
				"市郡区":"C#4207 ",
				"登山日":"",
				"メモ":"",
				"_markerType": "Icon",
				"_iconUrl": "https://maps.gsi.go.jp/portal/sys/v4/symbols/826.png",
				"_iconSize": [
					16,
					16
				],
				"_iconAnchor": [
					8,
					8
				]
			}
		},
		{
			"type": "Feature",
			"geometry": {
				"type": "Point",
				"coordinates": [
					 128.8465,
					 32.8188
				]
			},
			"properties": {
				"name": "JA6/NS-053(鵜岳)",
				"読み":"Udake",
				"標高":"350m 1pt ",
				"GL":"PM42kt",
				"市郡区":"C#4211 ",
				"登山日":"",
				"メモ":"",
				"_markerType": "Icon",
				"_iconUrl": "https://maps.gsi.go.jp/portal/sys/v4/symbols/826.png",
				"_iconSize": [
					16,
					16
				],
				"_iconAnchor": [
					8,
					8
				]
			}
		},
		{
			"type": "Feature",
			"geometry": {
				"type": "Point",
				"coordinates": [
					 129.1244,
					 33.2024
				]
			},
			"properties": {
				"name": "JA6/NS-054(平岳)",
				"読み":"Hiratake",
				"標高":"350m 1pt ",
				"GL":"PM43ne",
				"市郡区":"G#42004D ",
				"登山日":"",
				"メモ":"",
				"_markerType": "Icon",
				"_iconUrl": "https://maps.gsi.go.jp/portal/sys/v4/symbols/826.png",
				"_iconSize": [
					16,
					16
				],
				"_iconAnchor": [
					8,
					8
				]
			}
		},
		{
			"type": "Feature",
			"geometry": {
				"type": "Point",
				"coordinates": [
					 129.3726,
					 33.1753
				]
			},
			"properties": {
				"name": "JA6/NS-055(志々伎山)",
				"読み":"Shijikizan",
				"標高":"347m 1pt ",
				"GL":"PM43qe",
				"市郡区":"C#4207 ",
				"登山日":"",
				"メモ":"",
				"_markerType": "Icon",
				"_iconUrl": "https://maps.gsi.go.jp/portal/sys/v4/symbols/826.png",
				"_iconSize": [
					16,
					16
				],
				"_iconAnchor": [
					8,
					8
				]
			}
		},
		{
			"type": "Feature",
			"geometry": {
				"type": "Point",
				"coordinates": [
					 129.0055,
					 32.9121
				]
			},
			"properties": {
				"name": "JA6/NS-056(大平(三角点))",
				"読み":"Oohira",
				"標高":"339m 1pt ",
				"GL":"PM42mv",
				"市郡区":"G#42009K ",
				"登山日":"",
				"メモ":"",
				"_markerType": "Icon",
				"_iconUrl": "https://maps.gsi.go.jp/portal/sys/v4/symbols/826.png",
				"_iconSize": [
					16,
					16
				],
				"_iconAnchor": [
					8,
					8
				]
			}
		},
		{
			"type": "Feature",
			"geometry": {
				"type": "Point",
				"coordinates": [
					 129.1288,
					 32.9618
				]
			},
			"properties": {
				"name": "JA6/NS-057(黒木山)",
				"読み":"Kurokiyama",
				"標高":"335m 1pt ",
				"GL":"PM42nx",
				"市郡区":"G#42009K ",
				"登山日":"",
				"メモ":"",
				"_markerType": "Icon",
				"_iconUrl": "https://maps.gsi.go.jp/portal/sys/v4/symbols/826.png",
				"_iconSize": [
					16,
					16
				],
				"_iconAnchor": [
					8,
					8
				]
			}
		},
		{
			"type": "Feature",
			"geometry": {
				"type": "Point",
				"coordinates": [
					 129.0585,
					 32.8593
				]
			},
			"properties": {
				"name": "JA6/NS-058(扇山)",
				"読み":"Oogiyama",
				"標高":"330m 1pt ",
				"GL":"PM42mu",
				"市郡区":"G#42009K ",
				"登山日":"",
				"メモ":"",
				"_markerType": "Icon",
				"_iconUrl": "https://maps.gsi.go.jp/portal/sys/v4/symbols/826.png",
				"_iconSize": [
					16,
					16
				],
				"_iconAnchor": [
					8,
					8
				]
			}
		},
		{
			"type": "Feature",
			"geometry": {
				"type": "Point",
				"coordinates": [
					 129.8046,
					 32.6099
				]
			},
			"properties": {
				"name": "JA6/NS-059(二ノ岳)",
				"読み":"Ninotake",
				"標高":"326m 1pt ",
				"GL":"PM42vo",
				"市郡区":"C#4201 ",
				"登山日":"",
				"メモ":"",
				"_markerType": "Icon",
				"_iconUrl": "https://maps.gsi.go.jp/portal/sys/v4/symbols/826.png",
				"_iconSize": [
					16,
					16
				],
				"_iconAnchor": [
					8,
					8
				]
			}
		},
		{
			"type": "Feature",
			"geometry": {
				"type": "Point",
				"coordinates": [
					 129.0003,
					 32.7728
				]
			},
			"properties": {
				"name": "JA6/NS-060(致彦山)",
				"読み":"Chitahikosan",
				"標高":"326m 1pt ",
				"GL":"PM42ms",
				"市郡区":"C#4211 ",
				"登山日":"",
				"メモ":"",
				"_markerType": "Icon",
				"_iconUrl": "https://maps.gsi.go.jp/portal/sys/v4/symbols/826.png",
				"_iconSize": [
					16,
					16
				],
				"_iconAnchor": [
					8,
					8
				]
			}
		},
		{
			"type": "Feature",
			"geometry": {
				"type": "Point",
				"coordinates": [
					 129.8633,
					 33.1709
				]
			},
			"properties": {
				"name": "JA6/NS-062(幕ノ頭)",
				"読み":"Makunotou",
				"標高":"320m 1pt ",
				"GL":"PM43we",
				"市郡区":"C#4202 / G#41005A ",
				"登山日":"",
				"メモ":"",
				"_markerType": "Icon",
				"_iconUrl": "https://maps.gsi.go.jp/portal/sys/v4/symbols/826.png",
				"_iconSize": [
					16,
					16
				],
				"_iconAnchor": [
					8,
					8
				]
			}
		},
		{
			"type": "Feature",
			"geometry": {
				"type": "Point",
				"coordinates": [
					 128.8489,
					 32.6566
				]
			},
			"properties": {
				"name": "JA6/NS-063(鬼岳)",
				"読み":"Onidake",
				"標高":"315m 1pt ",
				"GL":"PM42kp",
				"市郡区":"C#4211 ",
				"登山日":"",
				"メモ":"",
				"_markerType": "Icon",
				"_iconUrl": "https://maps.gsi.go.jp/portal/sys/v4/symbols/826.png",
				"_iconSize": [
					16,
					16
				],
				"_iconAnchor": [
					8,
					8
				]
			}
		},
		{
			"type": "Feature",
			"geometry": {
				"type": "Point",
				"coordinates": [
					 129.6491,
					 33.2636
				]
			},
			"properties": {
				"name": "JA6/NS-065(点313)",
				"読み":"P313",
				"標高":"313m 1pt ",
				"GL":"PM43tg",
				"市郡区":"G#42004E ",
				"登山日":"",
				"メモ":"",
				"_markerType": "Icon",
				"_iconUrl": "https://maps.gsi.go.jp/portal/sys/v4/symbols/826.png",
				"_iconSize": [
					16,
					16
				],
				"_iconAnchor": [
					8,
					8
				]
			}
		},
		{
			"type": "Feature",
			"geometry": {
				"type": "Point",
				"coordinates": [
					 129.0251,
					 32.9515
				]
			},
			"properties": {
				"name": "JA6/NS-066(木場(三角点))",
				"読み":"Kiba",
				"標高":"309m 1pt ",
				"GL":"PM42mw",
				"市郡区":"G#42009K ",
				"登山日":"",
				"メモ":"",
				"_markerType": "Icon",
				"_iconUrl": "https://maps.gsi.go.jp/portal/sys/v4/symbols/826.png",
				"_iconSize": [
					16,
					16
				],
				"_iconAnchor": [
					8,
					8
				]
			}
		},
		{
			"type": "Feature",
			"geometry": {
				"type": "Point",
				"coordinates": [
					 130.1793,
					 32.627
				]
			},
			"properties": {
				"name": "JA6/NS-069(愛宕山)",
				"読み":"Aigosan",
				"標高":"291m 1pt ",
				"GL":"PM52cp",
				"市郡区":"C#4214 ",
				"登山日":"",
				"メモ":"",
				"_markerType": "Icon",
				"_iconUrl": "https://maps.gsi.go.jp/portal/sys/v4/symbols/826.png",
				"_iconSize": [
					16,
					16
				],
				"_iconAnchor": [
					8,
					8
				]
			}
		},
		{
			"type": "Feature",
			"geometry": {
				"type": "Point",
				"coordinates": [
					 130.1035,
					 32.816
				]
			},
			"properties": {
				"name": "JA6/NS-070(蓮華石岳)",
				"読み":"Rengeishidake",
				"標高":"280m 1pt ",
				"GL":"PM52bt",
				"市郡区":"C#4204 ",
				"登山日":"",
				"メモ":"",
				"_markerType": "Icon",
				"_iconUrl": "https://maps.gsi.go.jp/portal/sys/v4/symbols/826.png",
				"_iconSize": [
					16,
					16
				],
				"_iconAnchor": [
					8,
					8
				]
			}
		},
		{
			"type": "Feature",
			"geometry": {
				"type": "Point",
				"coordinates": [
					 130.0925,
					 32.9755
				]
			},
			"properties": {
				"name": "JA6/NS-071(多良岳)",
				"読み":"Taradake",
				"標高":"996m 6pt ",
				"GL":"PM52bx",
				"市郡区":"G#41007C ",
				"登山日":"",
				"メモ":"",
				"_markerType": "Icon",
				"_iconUrl": "https://maps.gsi.go.jp/portal/sys/v4/symbols/103.png",
				"_iconSize": [
					16,
					16
				],
				"_iconAnchor": [
					8,
					8
				]
			}
		},
		{
			"type": "Feature",
			"geometry": {
				"type": "Point",
				"coordinates": [
					 130.27,
					 32.7178
				]
			},
			"properties": {
				"name": "JA6/NS-072(高岩山)",
				"読み":"Takaiwayama",
				"標高":"881m 6pt ",
				"GL":"PM52dr",
				"市郡区":"C#4214 ",
				"登山日":"",
				"メモ":"",
				"_markerType": "Icon",
				"_iconUrl": "https://maps.gsi.go.jp/portal/sys/v4/symbols/103.png",
				"_iconSize": [
					16,
					16
				],
				"_iconAnchor": [
					8,
					8
				]
			}
		},
		{
			"type": "Feature",
			"geometry": {
				"type": "Point",
				"coordinates": [
					 130.2719,
					 32.7881
				]
			},
			"properties": {
				"name": "JA6/NS-073(鳥甲山)",
				"読み":"Torikabutoyama",
				"標高":"822m 4pt ",
				"GL":"PM52ds",
				"市郡区":"C#4213 ",
				"登山日":"",
				"メモ":"",
				"_markerType": "Icon",
				"_iconUrl": "https://maps.gsi.go.jp/portal/sys/v4/symbols/828.png",
				"_iconSize": [
					16,
					16
				],
				"_iconAnchor": [
					8,
					8
				]
			}
		},
		{
			"type": "Feature",
			"geometry": {
				"type": "Point",
				"coordinates": [
					 128.7057,
					 32.6827
				]
			},
			"properties": {
				"name": "JA6/NS-074(七ッ岳)",
				"読み":"Nanatsudake",
				"標高":"431m 1pt ",
				"GL":"PM42iq",
				"市郡区":"C#4211 ",
				"登山日":"",
				"メモ":"",
				"_markerType": "Icon",
				"_iconUrl": "https://maps.gsi.go.jp/portal/sys/v4/symbols/826.png",
				"_iconSize": [
					16,
					16
				],
				"_iconAnchor": [
					8,
					8
				]
			}
		},
		{
			"type": "Feature",
			"geometry": {
				"type": "Point",
				"coordinates": [
					 129.9204,
					 32.7446
				]
			},
			"properties": {
				"name": "JA6/NS-075(茂木山)",
				"読み":"Mogiyama",
				"標高":"410m 1pt ",
				"GL":"PM42xr",
				"市郡区":"C#4201 ",
				"登山日":"",
				"メモ":"",
				"_markerType": "Icon",
				"_iconUrl": "https://maps.gsi.go.jp/portal/sys/v4/symbols/826.png",
				"_iconSize": [
					16,
					16
				],
				"_iconAnchor": [
					8,
					8
				]
			}
		},
		{
			"type": "Feature",
			"geometry": {
				"type": "Point",
				"coordinates": [
					 129.0666,
					 32.9205
				]
			},
			"properties": {
				"name": "JA6/NS-076(雌岳)",
				"読み":"Mentake",
				"標高":"402m 1pt ",
				"GL":"PM42mw",
				"市郡区":"G#42009K ",
				"登山日":"",
				"メモ":"",
				"_markerType": "Icon",
				"_iconUrl": "https://maps.gsi.go.jp/portal/sys/v4/symbols/826.png",
				"_iconSize": [
					16,
					16
				],
				"_iconAnchor": [
					8,
					8
				]
			}
		},
		{
			"type": "Feature",
			"geometry": {
				"type": "Point",
				"coordinates": [
					 129.8429,
					 33.1001
				]
			},
			"properties": {
				"name": "JA6/NS-077(弘法岳近傍)",
				"読み":"Near_Kouboudake",
				"標高":"390m 1pt ",
				"GL":"PM43wc",
				"市郡区":"C#4202 / G#42007A ",
				"登山日":"",
				"メモ":"",
				"_markerType": "Icon",
				"_iconUrl": "https://maps.gsi.go.jp/portal/sys/v4/symbols/826.png",
				"_iconSize": [
					16,
					16
				],
				"_iconAnchor": [
					8,
					8
				]
			}
		},
		{
			"type": "Feature",
			"geometry": {
				"type": "Point",
				"coordinates": [
					 129.8838,
					 32.7718
				]
			},
			"properties": {
				"name": "JA6/NS-078(金比羅山)",
				"読み":"Konpirasan",
				"標高":"366m 1pt ",
				"GL":"PM42ws",
				"市郡区":"C#4201 ",
				"登山日":"",
				"メモ":"",
				"_markerType": "Icon",
				"_iconUrl": "https://maps.gsi.go.jp/portal/sys/v4/symbols/826.png",
				"_iconSize": [
					16,
					16
				],
				"_iconAnchor": [
					8,
					8
				]
			}
		},
		{
			"type": "Feature",
			"geometry": {
				"type": "Point",
				"coordinates": [
					 129.4105,
					 33.2264
				]
			},
			"properties": {
				"name": "JA6/NS-079(佐志岳)",
				"読み":"Sashidake",
				"標高":"347m 1pt ",
				"GL":"PM43qf",
				"市郡区":"C#4207 ",
				"登山日":"",
				"メモ":"",
				"_markerType": "Icon",
				"_iconUrl": "https://maps.gsi.go.jp/portal/sys/v4/symbols/826.png",
				"_iconSize": [
					16,
					16
				],
				"_iconAnchor": [
					8,
					8
				]
			}
		},
		{
			"type": "Feature",
			"geometry": {
				"type": "Point",
				"coordinates": [
					 129.2408,
					 34.1183
				]
			},
			"properties": {
				"name": "JA6/NS-080(碇隈山)",
				"読み":"Ikarikumayama",
				"標高":"346m 1pt ",
				"GL":"PM44oc",
				"市郡区":"C#4209 ",
				"登山日":"",
				"メモ":"",
				"_markerType": "Icon",
				"_iconUrl": "https://maps.gsi.go.jp/portal/sys/v4/symbols/826.png",
				"_iconSize": [
					16,
					16
				],
				"_iconAnchor": [
					8,
					8
				]
			}
		},
		{
			"type": "Feature",
			"geometry": {
				"type": "Point",
				"coordinates": [
					 129.8493,
					 32.7534
				]
			},
			"properties": {
				"name": "JA6/NS-081(稲佐山)",
				"読み":"Inasayama",
				"標高":"333m 1pt ",
				"GL":"PM42ws",
				"市郡区":"C#4201 ",
				"登山日":"",
				"メモ":"",
				"_markerType": "Icon",
				"_iconUrl": "https://maps.gsi.go.jp/portal/sys/v4/symbols/826.png",
				"_iconSize": [
					16,
					16
				],
				"_iconAnchor": [
					8,
					8
				]
			}
		},
		{
			"type": "Feature",
			"geometry": {
				"type": "Point",
				"coordinates": [
					 128.6751,
					 32.7139
				]
			},
			"properties": {
				"name": "JA6/NS-082(桐ノ木山)",
				"読み":"Kirinokiyama",
				"標高":"330m 1pt ",
				"GL":"PM42ir",
				"市郡区":"C#4211 ",
				"登山日":"",
				"メモ":"",
				"_markerType": "Icon",
				"_iconUrl": "https://maps.gsi.go.jp/portal/sys/v4/symbols/826.png",
				"_iconSize": [
					16,
					16
				],
				"_iconAnchor": [
					8,
					8
				]
			}
		},
		{
			"type": "Feature",
			"geometry": {
				"type": "Point",
				"coordinates": [
					 129.0922,
					 33.047
				]
			},
			"properties": {
				"name": "JA6/NS-083(小番岳)",
				"読み":"Kobandake",
				"標高":"330m 1pt ",
				"GL":"PM43nb",
				"市郡区":"G#42009K ",
				"登山日":"",
				"メモ":"",
				"_markerType": "Icon",
				"_iconUrl": "https://maps.gsi.go.jp/portal/sys/v4/symbols/826.png",
				"_iconSize": [
					16,
					16
				],
				"_iconAnchor": [
					8,
					8
				]
			}
		},
		{
			"type": "Feature",
			"geometry": {
				"type": "Point",
				"coordinates": [
					 129.4965,
					 33.3472
				]
			},
			"properties": {
				"name": "JA6/NS-084(垣ノ岳)",
				"読み":"Kakinodake",
				"標高":"328m 1pt ",
				"GL":"PM43ri",
				"市郡区":"C#4207 ",
				"登山日":"",
				"メモ":"",
				"_markerType": "Icon",
				"_iconUrl": "https://maps.gsi.go.jp/portal/sys/v4/symbols/826.png",
				"_iconSize": [
					16,
					16
				],
				"_iconAnchor": [
					8,
					8
				]
			}
		},
		{
			"type": "Feature",
			"geometry": {
				"type": "Point",
				"coordinates": [
					 129.3438,
					 34.5822
				]
			},
			"properties": {
				"name": "JA6/NS-085(太田隈山)",
				"読み":"Ootakumayama",
				"標高":"309m 1pt ",
				"GL":"PM44qn",
				"市郡区":"C#4209 ",
				"登山日":"",
				"メモ":"",
				"_markerType": "Icon",
				"_iconUrl": "https://maps.gsi.go.jp/portal/sys/v4/symbols/826.png",
				"_iconSize": [
					16,
					16
				],
				"_iconAnchor": [
					8,
					8
				]
			}
		},
		{
			"type": "Feature",
			"geometry": {
				"type": "Point",
				"coordinates": [
					 129.7071,
					 33.2762
				]
			},
			"properties": {
				"name": "JA6/NS-086(牧ノ岳)",
				"読み":"Makinodake",
				"標高":"301m 1pt ",
				"GL":"PM43ug",
				"市郡区":"C#4202 ",
				"登山日":"",
				"メモ":"",
				"_markerType": "Icon",
				"_iconUrl": "https://maps.gsi.go.jp/portal/sys/v4/symbols/826.png",
				"_iconSize": [
					16,
					16
				],
				"_iconAnchor": [
					8,
					8
				]
			}
		},
		{
			"type": "Feature",
			"geometry": {
				"type": "Point",
				"coordinates": [
					 130.0185,
					 32.7986
				]
			},
			"properties": {
				"name": "JA6/NS-087(八天岳)",
				"読み":"Hachitendake",
				"標高":"297m 1pt ",
				"GL":"PM52at",
				"市郡区":"C#4204 ",
				"登山日":"",
				"メモ":"",
				"_markerType": "Icon",
				"_iconUrl": "https://maps.gsi.go.jp/portal/sys/v4/symbols/826.png",
				"_iconSize": [
					16,
					16
				],
				"_iconAnchor": [
					8,
					8
				]
			}
		},
		{
			"type": "Feature",
			"geometry": {
				"type": "Point",
				"coordinates": [
					 130.0024,
					 32.7853
				]
			},
			"properties": {
				"name": "JA6/NS-088(飯盛山)",
				"読み":"Iimoriyama",
				"標高":"294m 1pt ",
				"GL":"PM52as",
				"市郡区":"C#4204 ",
				"登山日":"",
				"メモ":"",
				"_markerType": "Icon",
				"_iconUrl": "https://maps.gsi.go.jp/portal/sys/v4/symbols/826.png",
				"_iconSize": [
					16,
					16
				],
				"_iconAnchor": [
					8,
					8
				]
			}
		},
		{
			"type": "Feature",
			"geometry": {
				"type": "Point",
				"coordinates": [
					 129.4837,
					 33.3497
				]
			},
			"properties": {
				"name": "JA6/NS-089(城山)",
				"読み":"Shiroyama",
				"標高":"288m 1pt ",
				"GL":"PM43ri",
				"市郡区":"C#4207 ",
				"登山日":"",
				"メモ":"",
				"_markerType": "Icon",
				"_iconUrl": "https://maps.gsi.go.jp/portal/sys/v4/symbols/826.png",
				"_iconSize": [
					16,
					16
				],
				"_iconAnchor": [
					8,
					8
				]
			}
		},
		{
			"type": "Feature",
			"geometry": {
				"type": "Point",
				"coordinates": [
					 129.3539,
					 34.6447
				]
			},
			"properties": {
				"name": "JA6/NS-090(千俵蒔山)",
				"読み":"Senbyoumakiyama",
				"標高":"287m 1pt ",
				"GL":"PM44qp",
				"市郡区":"C#4209 ",
				"登山日":"",
				"メモ":"",
				"_markerType": "Icon",
				"_iconUrl": "https://maps.gsi.go.jp/portal/sys/v4/symbols/826.png",
				"_iconSize": [
					16,
					16
				],
				"_iconAnchor": [
					8,
					8
				]
			}
		},
		{
			"type": "Feature",
			"geometry": {
				"type": "Point",
				"coordinates": [
					 129.4181,
					 33.3898
				]
			},
			"properties": {
				"name": "JA6/NS-091(番岳)",
				"読み":"Bandake",
				"標高":"286m 1pt ",
				"GL":"PM43rj",
				"市郡区":"C#4207 ",
				"登山日":"",
				"メモ":"",
				"_markerType": "Icon",
				"_iconUrl": "https://maps.gsi.go.jp/portal/sys/v4/symbols/826.png",
				"_iconSize": [
					16,
					16
				],
				"_iconAnchor": [
					8,
					8
				]
			}
		},
		{
			"type": "Feature",
			"geometry": {
				"type": "Point",
				"coordinates": [
					 128.3544,
					 32.0032
				]
			},
			"properties": {
				"name": "JA6/NS-092(女島(三角点))",
				"読み":"Meshima",
				"標高":"281m 1pt ",
				"GL":"PM42ea",
				"市郡区":"C#4211 ",
				"登山日":"",
				"メモ":"",
				"_markerType": "Icon",
				"_iconUrl": "https://maps.gsi.go.jp/portal/sys/v4/symbols/826.png",
				"_iconSize": [
					16,
					16
				],
				"_iconAnchor": [
					8,
					8
				]
			}
		},
		{
			"type": "Feature",
			"geometry": {
				"type": "Point",
				"coordinates": [
					 128.9527,
					 32.8676
				]
			},
			"properties": {
				"name": "JA6/NS-093(鵯越)",
				"読み":"Hiyodorigoe",
				"標高":"276m 1pt ",
				"GL":"PM42lu",
				"市郡区":"C#4211 ",
				"登山日":"",
				"メモ":"",
				"_markerType": "Icon",
				"_iconUrl": "https://maps.gsi.go.jp/portal/sys/v4/symbols/826.png",
				"_iconSize": [
					16,
					16
				],
				"_iconAnchor": [
					8,
					8
				]
			}
		},
		{
			"type": "Feature",
			"geometry": {
				"type": "Point",
				"coordinates": [
					 128.9629,
					 32.7647
				]
			},
			"properties": {
				"name": "JA6/NS-094(ツブラ島)",
				"読み":"Tsuburajima",
				"標高":"276m 1pt ",
				"GL":"PM42ls",
				"市郡区":"C#4211 ",
				"登山日":"",
				"メモ":"",
				"_markerType": "Icon",
				"_iconUrl": "https://maps.gsi.go.jp/portal/sys/v4/symbols/826.png",
				"_iconSize": [
					16,
					16
				],
				"_iconAnchor": [
					8,
					8
				]
			}
		},
		{
			"type": "Feature",
			"geometry": {
				"type": "Point",
				"coordinates": [
					 128.6299,
					 32.6092
				]
			},
			"properties": {
				"name": "JA6/NS-095(星山)",
				"読み":"Hoshiyama",
				"標高":"275m 1pt ",
				"GL":"PM42ho",
				"市郡区":"C#4211 ",
				"登山日":"",
				"メモ":"",
				"_markerType": "Icon",
				"_iconUrl": "https://maps.gsi.go.jp/portal/sys/v4/symbols/826.png",
				"_iconSize": [
					16,
					16
				],
				"_iconAnchor": [
					8,
					8
				]
			}
		},
		{
			"type": "Feature",
			"geometry": {
				"type": "Point",
				"coordinates": [
					 129.1053,
					 33.1339
				]
			},
			"properties": {
				"name": "JA6/NS-096(立瀬山)",
				"読み":"Tatsuseyama",
				"標高":"275m 1pt ",
				"GL":"PM43nd",
				"市郡区":"G#42009K ",
				"登山日":"",
				"メモ":"",
				"_markerType": "Icon",
				"_iconUrl": "https://maps.gsi.go.jp/portal/sys/v4/symbols/826.png",
				"_iconSize": [
					16,
					16
				],
				"_iconAnchor": [
					8,
					8
				]
			}
		},
		{
			"type": "Feature",
			"geometry": {
				"type": "Point",
				"coordinates": [
					 129.2736,
					 34.3007
				]
			},
			"properties": {
				"name": "JA6/NS-097(城山)",
				"読み":"Shiroyama",
				"標高":"273m 1pt ",
				"GL":"PM44ph",
				"市郡区":"C#4209 ",
				"登山日":"",
				"メモ":"",
				"_markerType": "Icon",
				"_iconUrl": "https://maps.gsi.go.jp/portal/sys/v4/symbols/826.png",
				"_iconSize": [
					16,
					16
				],
				"_iconAnchor": [
					8,
					8
				]
			}
		},
		{
			"type": "Feature",
			"geometry": {
				"type": "Point",
				"coordinates": [
					 130.0035,
					 32.7758
				]
			},
			"properties": {
				"name": "JA6/NS-098(佐田岳)",
				"読み":"Satadake",
				"標高":"270m 1pt ",
				"GL":"PM52as",
				"市郡区":"C#4204 ",
				"登山日":"",
				"メモ":"",
				"_markerType": "Icon",
				"_iconUrl": "https://maps.gsi.go.jp/portal/sys/v4/symbols/826.png",
				"_iconSize": [
					16,
					16
				],
				"_iconAnchor": [
					8,
					8
				]
			}
		},
		{
			"type": "Feature",
			"geometry": {
				"type": "Point",
				"coordinates": [
					 128.7811,
					 32.7713
				]
			},
			"properties": {
				"name": "JA6/NS-099(点270-2)",
				"読み":"P270-2",
				"標高":"270m 1pt ",
				"GL":"PM42js",
				"市郡区":"C#4211 ",
				"登山日":"",
				"メモ":"",
				"_markerType": "Icon",
				"_iconUrl": "https://maps.gsi.go.jp/portal/sys/v4/symbols/826.png",
				"_iconSize": [
					16,
					16
				],
				"_iconAnchor": [
					8,
					8
				]
			}
		},
		{
			"type": "Feature",
			"geometry": {
				"type": "Point",
				"coordinates": [
					 129.5292,
					 33.3433
				]
			},
			"properties": {
				"name": "JA6/NS-100(川内峠(三角点))",
				"読み":"Kawauchitouge",
				"標高":"267m 1pt ",
				"GL":"PM43si",
				"市郡区":"C#4207 ",
				"登山日":"",
				"メモ":"",
				"_markerType": "Icon",
				"_iconUrl": "https://maps.gsi.go.jp/portal/sys/v4/symbols/826.png",
				"_iconSize": [
					16,
					16
				],
				"_iconAnchor": [
					8,
					8
				]
			}
		},
		{
			"type": "Feature",
			"geometry": {
				"type": "Point",
				"coordinates": [
					 128.6234,
					 32.6596
				]
			},
			"properties": {
				"name": "JA6/NS-101(島山島)",
				"読み":"Shimayamajima",
				"標高":"265m 1pt ",
				"GL":"PM42hp",
				"市郡区":"C#4211 ",
				"登山日":"",
				"メモ":"",
				"_markerType": "Icon",
				"_iconUrl": "https://maps.gsi.go.jp/portal/sys/v4/symbols/826.png",
				"_iconSize": [
					16,
					16
				],
				"_iconAnchor": [
					8,
					8
				]
			}
		},
		{
			"type": "Feature",
			"geometry": {
				"type": "Point",
				"coordinates": [
					 128.9838,
					 32.7537
				]
			},
			"properties": {
				"name": "JA6/NS-102(番岳)",
				"読み":"Bandake",
				"標高":"264m 1pt ",
				"GL":"PM42ls",
				"市郡区":"C#4211 ",
				"登山日":"",
				"メモ":"",
				"_markerType": "Icon",
				"_iconUrl": "https://maps.gsi.go.jp/portal/sys/v4/symbols/826.png",
				"_iconSize": [
					16,
					16
				],
				"_iconAnchor": [
					8,
					8
				]
			}
		},
		{
			"type": "Feature",
			"geometry": {
				"type": "Point",
				"coordinates": [
					 129.8096,
					 33.1005
				]
			},
			"properties": {
				"name": "JA6/NS-103(白石岳)",
				"読み":"Shiroishidake",
				"標高":"262m 1pt ",
				"GL":"PM43vc",
				"市郡区":"C#4202 ",
				"登山日":"",
				"メモ":"",
				"_markerType": "Icon",
				"_iconUrl": "https://maps.gsi.go.jp/portal/sys/v4/symbols/826.png",
				"_iconSize": [
					16,
					16
				],
				"_iconAnchor": [
					8,
					8
				]
			}
		},
		{
			"type": "Feature",
			"geometry": {
				"type": "Point",
				"coordinates": [
					 129.6637,
					 33.2015
				]
			},
			"properties": {
				"name": "JA6/NS-104(愛宕山)",
				"読み":"Atagoyama",
				"標高":"259m 1pt ",
				"GL":"PM43te",
				"市郡区":"C#4202 ",
				"登山日":"",
				"メモ":"",
				"_markerType": "Icon",
				"_iconUrl": "https://maps.gsi.go.jp/portal/sys/v4/symbols/826.png",
				"_iconSize": [
					16,
					16
				],
				"_iconAnchor": [
					8,
					8
				]
			}
		},
		{
			"type": "Feature",
			"geometry": {
				"type": "Point",
				"coordinates": [
					 129.1079,
					 33.2729
				]
			},
			"properties": {
				"name": "JA6/NS-105(城ヶ岳)",
				"読み":"Shirogatake",
				"標高":"259m 1pt ",
				"GL":"PM43ng",
				"市郡区":"C#4202 ",
				"登山日":"",
				"メモ":"",
				"_markerType": "Icon",
				"_iconUrl": "https://maps.gsi.go.jp/portal/sys/v4/symbols/826.png",
				"_iconSize": [
					16,
					16
				],
				"_iconAnchor": [
					8,
					8
				]
			}
		},
		{
			"type": "Feature",
			"geometry": {
				"type": "Point",
				"coordinates": [
					 129.9934,
					 32.8704
				]
			},
			"properties": {
				"name": "JA6/NS-106(日岳)",
				"読み":"Hidake",
				"標高":"258m 1pt ",
				"GL":"PM42xu",
				"市郡区":"C#4205 ",
				"登山日":"",
				"メモ":"",
				"_markerType": "Icon",
				"_iconUrl": "https://maps.gsi.go.jp/portal/sys/v4/symbols/826.png",
				"_iconSize": [
					16,
					16
				],
				"_iconAnchor": [
					8,
					8
				]
			}
		},
		{
			"type": "Feature",
			"geometry": {
				"type": "Point",
				"coordinates": [
					 129.1276,
					 33.182
				]
			},
			"properties": {
				"name": "JA6/NS-107(点256)",
				"読み":"P256",
				"標高":"256m 1pt ",
				"GL":"PM43ne",
				"市郡区":"G#42004D ",
				"登山日":"",
				"メモ":"",
				"_markerType": "Icon",
				"_iconUrl": "https://maps.gsi.go.jp/portal/sys/v4/symbols/826.png",
				"_iconSize": [
					16,
					16
				],
				"_iconAnchor": [
					8,
					8
				]
			}
		},
		{
			"type": "Feature",
			"geometry": {
				"type": "Point",
				"coordinates": [
					 129.0588,
					 32.8331
				]
			},
			"properties": {
				"name": "JA6/NS-108(虎星山)",
				"読み":"Toraboshiyama",
				"標高":"255m 1pt ",
				"GL":"PM42mt",
				"市郡区":"G#42009K ",
				"登山日":"",
				"メモ":"",
				"_markerType": "Icon",
				"_iconUrl": "https://maps.gsi.go.jp/portal/sys/v4/symbols/826.png",
				"_iconSize": [
					16,
					16
				],
				"_iconAnchor": [
					8,
					8
				]
			}
		},
		{
			"type": "Feature",
			"geometry": {
				"type": "Point",
				"coordinates": [
					 128.9737,
					 32.8901
				]
			},
			"properties": {
				"name": "JA6/NS-109(間伏(三角点))",
				"読み":"Mabushi",
				"標高":"254m 1pt ",
				"GL":"PM42lv",
				"市郡区":"G#42009K ",
				"登山日":"",
				"メモ":"",
				"_markerType": "Icon",
				"_iconUrl": "https://maps.gsi.go.jp/portal/sys/v4/symbols/826.png",
				"_iconSize": [
					16,
					16
				],
				"_iconAnchor": [
					8,
					8
				]
			}
		},
		{
			"type": "Feature",
			"geometry": {
				"type": "Point",
				"coordinates": [
					 128.9022,
					 32.8645
				]
			},
			"properties": {
				"name": "JA6/NS-110(早房山)",
				"読み":"Hayabusayama",
				"標高":"253m 1pt ",
				"GL":"PM42ku",
				"市郡区":"C#4211 ",
				"登山日":"",
				"メモ":"",
				"_markerType": "Icon",
				"_iconUrl": "https://maps.gsi.go.jp/portal/sys/v4/symbols/826.png",
				"_iconSize": [
					16,
					16
				],
				"_iconAnchor": [
					8,
					8
				]
			}
		},
		{
			"type": "Feature",
			"geometry": {
				"type": "Point",
				"coordinates": [
					 129.5502,
					 33.4039
				]
			},
			"properties": {
				"name": "JA6/NS-111(白岳)",
				"読み":"Shirodake",
				"標高":"250m 1pt ",
				"GL":"PM43sj",
				"市郡区":"C#4207 ",
				"登山日":"",
				"メモ":"",
				"_markerType": "Icon",
				"_iconUrl": "https://maps.gsi.go.jp/portal/sys/v4/symbols/826.png",
				"_iconSize": [
					16,
					16
				],
				"_iconAnchor": [
					8,
					8
				]
			}
		},
		{
			"type": "Feature",
			"geometry": {
				"type": "Point",
				"coordinates": [
					 129.6997,
					 33.1512
				]
			},
			"properties": {
				"name": "JA6/NS-112(赤崎岳)",
				"読み":"Akazakidake",
				"標高":"250m 1pt ",
				"GL":"PM43ud",
				"市郡区":"C#4202 ",
				"登山日":"",
				"メモ":"",
				"_markerType": "Icon",
				"_iconUrl": "https://maps.gsi.go.jp/portal/sys/v4/symbols/826.png",
				"_iconSize": [
					16,
					16
				],
				"_iconAnchor": [
					8,
					8
				]
			}
		},
		{
			"type": "Feature",
			"geometry": {
				"type": "Point",
				"coordinates": [
					 128.607,
					 32.6168
				]
			},
			"properties": {
				"name": "JA6/NS-113(大瀬山)",
				"読み":"Ooseyama",
				"標高":"249m 1pt ",
				"GL":"PM42ho",
				"市郡区":"C#4211 ",
				"登山日":"",
				"メモ":"",
				"_markerType": "Icon",
				"_iconUrl": "https://maps.gsi.go.jp/portal/sys/v4/symbols/826.png",
				"_iconSize": [
					16,
					16
				],
				"_iconAnchor": [
					8,
					8
				]
			}
		},
		{
			"type": "Feature",
			"geometry": {
				"type": "Point",
				"coordinates": [
					 129.2002,
					 34.2937
				]
			},
			"properties": {
				"name": "JA6/NS-114(北ノ内(三角点))",
				"読み":"Kitanouchi",
				"標高":"248m 1pt ",
				"GL":"PM44oh",
				"市郡区":"C#4209 ",
				"登山日":"",
				"メモ":"",
				"_markerType": "Icon",
				"_iconUrl": "https://maps.gsi.go.jp/portal/sys/v4/symbols/826.png",
				"_iconSize": [
					16,
					16
				],
				"_iconAnchor": [
					8,
					8
				]
			}
		},
		{
			"type": "Feature",
			"geometry": {
				"type": "Point",
				"coordinates": [
					 128.9624,
					 32.9251
				]
			},
			"properties": {
				"name": "JA6/NS-115(バンヤノ峠)",
				"読み":"Banyanotouge",
				"標高":"244m 1pt ",
				"GL":"PM42lw",
				"市郡区":"G#42009K ",
				"登山日":"",
				"メモ":"",
				"_markerType": "Icon",
				"_iconUrl": "https://maps.gsi.go.jp/portal/sys/v4/symbols/826.png",
				"_iconSize": [
					16,
					16
				],
				"_iconAnchor": [
					8,
					8
				]
			}
		},
		{
			"type": "Feature",
			"geometry": {
				"type": "Point",
				"coordinates": [
					 129.0423,
					 32.9664
				]
			},
			"properties": {
				"name": "JA6/NS-116(地蔵山)",
				"読み":"Jizouyama",
				"標高":"240m 1pt ",
				"GL":"PM42mx",
				"市郡区":"G#42009K ",
				"登山日":"",
				"メモ":"",
				"_markerType": "Icon",
				"_iconUrl": "https://maps.gsi.go.jp/portal/sys/v4/symbols/826.png",
				"_iconSize": [
					16,
					16
				],
				"_iconAnchor": [
					8,
					8
				]
			}
		},
		{
			"type": "Feature",
			"geometry": {
				"type": "Point",
				"coordinates": [
					 128.6475,
					 32.6316
				]
			},
			"properties": {
				"name": "JA6/NS-117(点239)",
				"読み":"P239",
				"標高":"239m 1pt ",
				"GL":"PM42hp",
				"市郡区":"C#4211 ",
				"登山日":"",
				"メモ":"",
				"_markerType": "Icon",
				"_iconUrl": "https://maps.gsi.go.jp/portal/sys/v4/symbols/826.png",
				"_iconSize": [
					16,
					16
				],
				"_iconAnchor": [
					8,
					8
				]
			}
		},
		{
			"type": "Feature",
			"geometry": {
				"type": "Point",
				"coordinates": [
					 128.94,
					 32.9166
				]
			},
			"properties": {
				"name": "JA6/NS-118(馬頭山)",
				"読み":"Batouzan",
				"標高":"236m 1pt ",
				"GL":"PM42lv",
				"市郡区":"G#42009K ",
				"登山日":"",
				"メモ":"",
				"_markerType": "Icon",
				"_iconUrl": "https://maps.gsi.go.jp/portal/sys/v4/symbols/826.png",
				"_iconSize": [
					16,
					16
				],
				"_iconAnchor": [
					8,
					8
				]
			}
		},
		{
			"type": "Feature",
			"geometry": {
				"type": "Point",
				"coordinates": [
					 129.4167,
					 33.1937
				]
			},
			"properties": {
				"name": "JA6/NS-119(浜岳)",
				"読み":"Hamadake",
				"標高":"235m 1pt ",
				"GL":"PM43re",
				"市郡区":"C#4207 ",
				"登山日":"",
				"メモ":"",
				"_markerType": "Icon",
				"_iconUrl": "https://maps.gsi.go.jp/portal/sys/v4/symbols/826.png",
				"_iconSize": [
					16,
					16
				],
				"_iconAnchor": [
					8,
					8
				]
			}
		},
		{
			"type": "Feature",
			"geometry": {
				"type": "Point",
				"coordinates": [
					 128.9985,
					 32.7643
				]
			},
			"properties": {
				"name": "JA6/NS-120(点234)",
				"読み":"P234",
				"標高":"234m 1pt ",
				"GL":"PM42ls",
				"市郡区":"C#4211 ",
				"登山日":"",
				"メモ":"",
				"_markerType": "Icon",
				"_iconUrl": "https://maps.gsi.go.jp/portal/sys/v4/symbols/826.png",
				"_iconSize": [
					16,
					16
				],
				"_iconAnchor": [
					8,
					8
				]
			}
		},
		{
			"type": "Feature",
			"geometry": {
				"type": "Point",
				"coordinates": [
					 129.8568,
					 32.7131
				]
			},
			"properties": {
				"name": "JA6/NS-121(大久保山)",
				"読み":"Ookuboyama",
				"標高":"234m 1pt ",
				"GL":"PM42wr",
				"市郡区":"C#4201 ",
				"登山日":"",
				"メモ":"",
				"_markerType": "Icon",
				"_iconUrl": "https://maps.gsi.go.jp/portal/sys/v4/symbols/826.png",
				"_iconSize": [
					16,
					16
				],
				"_iconAnchor": [
					8,
					8
				]
			}
		},
		{
			"type": "Feature",
			"geometry": {
				"type": "Point",
				"coordinates": [
					 129.2166,
					 34.0906
				]
			},
			"properties": {
				"name": "JA6/NS-122(神山)",
				"読み":"Kouyama",
				"標高":"230m 1pt ",
				"GL":"PM44oc",
				"市郡区":"C#4209 ",
				"登山日":"",
				"メモ":"",
				"_markerType": "Icon",
				"_iconUrl": "https://maps.gsi.go.jp/portal/sys/v4/symbols/826.png",
				"_iconSize": [
					16,
					16
				],
				"_iconAnchor": [
					8,
					8
				]
			}
		},
		{
			"type": "Feature",
			"geometry": {
				"type": "Point",
				"coordinates": [
					 128.4023,
					 32.0464
				]
			},
			"properties": {
				"name": "JA6/NS-123(男島)",
				"読み":"Otokojima",
				"標高":"225m 1pt ",
				"GL":"PM42eb",
				"市郡区":"C#4211 ",
				"登山日":"",
				"メモ":"",
				"_markerType": "Icon",
				"_iconUrl": "https://maps.gsi.go.jp/portal/sys/v4/symbols/826.png",
				"_iconSize": [
					16,
					16
				],
				"_iconAnchor": [
					8,
					8
				]
			}
		},
		{
			"type": "Feature",
			"geometry": {
				"type": "Point",
				"coordinates": [
					 128.8767,
					 32.8279
				]
			},
			"properties": {
				"name": "JA6/NS-124(楠泊(三角点）)",
				"読み":"Kusudomari",
				"標高":"221m 1pt ",
				"GL":"PM42kt",
				"市郡区":"C#4211 ",
				"登山日":"",
				"メモ":"",
				"_markerType": "Icon",
				"_iconUrl": "https://maps.gsi.go.jp/portal/sys/v4/symbols/826.png",
				"_iconSize": [
					16,
					16
				],
				"_iconAnchor": [
					8,
					8
				]
			}
		},
		{
			"type": "Feature",
			"geometry": {
				"type": "Point",
				"coordinates": [
					 129.6114,
					 32.9283
				]
			},
			"properties": {
				"name": "JA6/NS-125(遠見山)",
				"読み":"Toomiyama",
				"標高":"217m 1pt ",
				"GL":"PM42tw",
				"市郡区":"C#4212 ",
				"登山日":"",
				"メモ":"",
				"_markerType": "Icon",
				"_iconUrl": "https://maps.gsi.go.jp/portal/sys/v4/symbols/826.png",
				"_iconSize": [
					16,
					16
				],
				"_iconAnchor": [
					8,
					8
				]
			}
		},
		{
			"type": "Feature",
			"geometry": {
				"type": "Point",
				"coordinates": [
					 129.514,
					 33.377
				]
			},
			"properties": {
				"name": "JA6/NS-126(小富士山)",
				"読み":"Kofujiyama",
				"標高":"217m 1pt ",
				"GL":"PM43sj",
				"市郡区":"C#4207 ",
				"登山日":"",
				"メモ":"",
				"_markerType": "Icon",
				"_iconUrl": "https://maps.gsi.go.jp/portal/sys/v4/symbols/826.png",
				"_iconSize": [
					16,
					16
				],
				"_iconAnchor": [
					8,
					8
				]
			}
		},
		{
			"type": "Feature",
			"geometry": {
				"type": "Point",
				"coordinates": [
					 129.5414,
					 33.4961
				]
			},
			"properties": {
				"name": "JA6/NS-127(平ノ辻)",
				"読み":"Hiranotsuji",
				"標高":"216m 1pt ",
				"GL":"PM43sl",
				"市郡区":"C#4207 ",
				"登山日":"",
				"メモ":"",
				"_markerType": "Icon",
				"_iconUrl": "https://maps.gsi.go.jp/portal/sys/v4/symbols/826.png",
				"_iconSize": [
					16,
					16
				],
				"_iconAnchor": [
					8,
					8
				]
			}
		},
		{
			"type": "Feature",
			"geometry": {
				"type": "Point",
				"coordinates": [
					 129.7103,
					 33.7413
				]
			},
			"properties": {
				"name": "JA6/NS-128(岳ノ辻)",
				"読み":"Takenotsuji",
				"標高":"213m 1pt ",
				"GL":"PM43ur",
				"市郡区":"C#4210 ",
				"登山日":"",
				"メモ":"",
				"_markerType": "Icon",
				"_iconUrl": "https://maps.gsi.go.jp/portal/sys/v4/symbols/826.png",
				"_iconSize": [
					16,
					16
				],
				"_iconAnchor": [
					8,
					8
				]
			}
		},
		{
			"type": "Feature",
			"geometry": {
				"type": "Point",
				"coordinates": [
					 129.9884,
					 32.7695
				]
			},
			"properties": {
				"name": "JA6/NS-129(点210)",
				"読み":"P210",
				"標高":"210m 1pt ",
				"GL":"PM42xs",
				"市郡区":"C#4204 / C#4201 ",
				"登山日":"",
				"メモ":"",
				"_markerType": "Icon",
				"_iconUrl": "https://maps.gsi.go.jp/portal/sys/v4/symbols/826.png",
				"_iconSize": [
					16,
					16
				],
				"_iconAnchor": [
					8,
					8
				]
			}
		},
		{
			"type": "Feature",
			"geometry": {
				"type": "Point",
				"coordinates": [
					 129.3729,
					 34.2825
				]
			},
			"properties": {
				"name": "JA6/NS-130(紺青岳)",
				"読み":"Konjyodake",
				"標高":"210m 1pt ",
				"GL":"PM44qg",
				"市郡区":"C#4209 ",
				"登山日":"",
				"メモ":"",
				"_markerType": "Icon",
				"_iconUrl": "https://maps.gsi.go.jp/portal/sys/v4/symbols/826.png",
				"_iconSize": [
					16,
					16
				],
				"_iconAnchor": [
					8,
					8
				]
			}
		},
		{
			"type": "Feature",
			"geometry": {
				"type": "Point",
				"coordinates": [
					 129.7471,
					 33.0929
				]
			},
			"properties": {
				"name": "JA6/NS-131(虚空蔵山)",
				"読み":"Kokuzousan",
				"標高":"209m 1pt ",
				"GL":"PM43uc",
				"市郡区":"C#4202 ",
				"登山日":"",
				"メモ":"",
				"_markerType": "Icon",
				"_iconUrl": "https://maps.gsi.go.jp/portal/sys/v4/symbols/826.png",
				"_iconSize": [
					16,
					16
				],
				"_iconAnchor": [
					8,
					8
				]
			}
		},
		{
			"type": "Feature",
			"geometry": {
				"type": "Point",
				"coordinates": [
					 129.245,
					 33.0059
				]
			},
			"properties": {
				"name": "JA6/NS-132(白岳)",
				"読み":"Shirodake",
				"標高":"205m 1pt ",
				"GL":"PM43oa",
				"市郡区":"C#4212 ",
				"登山日":"",
				"メモ":"",
				"_markerType": "Icon",
				"_iconUrl": "https://maps.gsi.go.jp/portal/sys/v4/symbols/826.png",
				"_iconSize": [
					16,
					16
				],
				"_iconAnchor": [
					8,
					8
				]
			}
		},
		{
			"type": "Feature",
			"geometry": {
				"type": "Point",
				"coordinates": [
					 128.8654,
					 32.7968
				]
			},
			"properties": {
				"name": "JA6/NS-133(徳女岳)",
				"読み":"Tokujyodake",
				"標高":"204m 1pt ",
				"GL":"PM42kt",
				"市郡区":"C#4211 ",
				"登山日":"",
				"メモ":"",
				"_markerType": "Icon",
				"_iconUrl": "https://maps.gsi.go.jp/portal/sys/v4/symbols/826.png",
				"_iconSize": [
					16,
					16
				],
				"_iconAnchor": [
					8,
					8
				]
			}
		},
		{
			"type": "Feature",
			"geometry": {
				"type": "Point",
				"coordinates": [
					 129.7658,
					 33.1178
				]
			},
			"properties": {
				"name": "JA6/NS-134(牛ノ岳)",
				"読み":"Ushinodake",
				"標高":"202m 1pt ",
				"GL":"PM43vc",
				"市郡区":"C#4202 ",
				"登山日":"",
				"メモ":"",
				"_markerType": "Icon",
				"_iconUrl": "https://maps.gsi.go.jp/portal/sys/v4/symbols/826.png",
				"_iconSize": [
					16,
					16
				],
				"_iconAnchor": [
					8,
					8
				]
			}
		},
		{
			"type": "Feature",
			"geometry": {
				"type": "Point",
				"coordinates": [
					 129.782,
					 33.0945
				]
			},
			"properties": {
				"name": "JA6/NS-135(点200)",
				"読み":"P200",
				"標高":"200m 1pt ",
				"GL":"PM43vc",
				"市郡区":"C#4202 ",
				"登山日":"",
				"メモ":"",
				"_markerType": "Icon",
				"_iconUrl": "https://maps.gsi.go.jp/portal/sys/v4/symbols/826.png",
				"_iconSize": [
					16,
					16
				],
				"_iconAnchor": [
					8,
					8
				]
			}
		},
		{
			"type": "Feature",
			"geometry": {
				"type": "Point",
				"coordinates": [
					 129.7405,
					 32.5798
				]
			},
			"properties": {
				"name": "JA6/NS-136(権現山)",
				"読み":"Gongenyama",
				"標高":"199m 1pt ",
				"GL":"PM42un",
				"市郡区":"C#4201 ",
				"登山日":"",
				"メモ":"",
				"_markerType": "Icon",
				"_iconUrl": "https://maps.gsi.go.jp/portal/sys/v4/symbols/826.png",
				"_iconSize": [
					16,
					16
				],
				"_iconAnchor": [
					8,
					8
				]
			}
		},
		{
			"type": "Feature",
			"geometry": {
				"type": "Point",
				"coordinates": [
					 128.6786,
					 32.8073
				]
			},
			"properties": {
				"name": "JA6/NS-137(姫島)",
				"読み":"Himejima",
				"標高":"197m 1pt ",
				"GL":"PM42it",
				"市郡区":"C#4211 ",
				"登山日":"",
				"メモ":"",
				"_markerType": "Icon",
				"_iconUrl": "https://maps.gsi.go.jp/portal/sys/v4/symbols/826.png",
				"_iconSize": [
					16,
					16
				],
				"_iconAnchor": [
					8,
					8
				]
			}
		},
		{
			"type": "Feature",
			"geometry": {
				"type": "Point",
				"coordinates": [
					 129.6102,
					 33.0404
				]
			},
			"properties": {
				"name": "JA6/NS-138(百合岳)",
				"読み":"Yuridake",
				"標高":"194m 1pt ",
				"GL":"PM43ta",
				"市郡区":"C#4212 ",
				"登山日":"",
				"メモ":"",
				"_markerType": "Icon",
				"_iconUrl": "https://maps.gsi.go.jp/portal/sys/v4/symbols/826.png",
				"_iconSize": [
					16,
					16
				],
				"_iconAnchor": [
					8,
					8
				]
			}
		},
		{
			"type": "Feature",
			"geometry": {
				"type": "Point",
				"coordinates": [
					 128.8796,
					 32.8651
				]
			},
			"properties": {
				"name": "JA6/NS-139(大串(三角点))",
				"読み":"Oogushi",
				"標高":"191m 1pt ",
				"GL":"PM42ku",
				"市郡区":"C#4211 ",
				"登山日":"",
				"メモ":"",
				"_markerType": "Icon",
				"_iconUrl": "https://maps.gsi.go.jp/portal/sys/v4/symbols/826.png",
				"_iconSize": [
					16,
					16
				],
				"_iconAnchor": [
					8,
					8
				]
			}
		},
		{
			"type": "Feature",
			"geometry": {
				"type": "Point",
				"coordinates": [
					 128.9902,
					 32.9578
				]
			},
			"properties": {
				"name": "JA6/NS-140(串島)",
				"読み":"Kushijima",
				"標高":"190m 1pt ",
				"GL":"PM42lw",
				"市郡区":"G#42009K ",
				"登山日":"",
				"メモ":"",
				"_markerType": "Icon",
				"_iconUrl": "https://maps.gsi.go.jp/portal/sys/v4/symbols/826.png",
				"_iconSize": [
					16,
					16
				],
				"_iconAnchor": [
					8,
					8
				]
			}
		},
		{
			"type": "Feature",
			"geometry": {
				"type": "Point",
				"coordinates": [
					 129.3593,
					 34.3243
				]
			},
			"properties": {
				"name": "JA6/NS-141(浅茅山)",
				"読み":"Asajiyama",
				"標高":"188m 1pt ",
				"GL":"PM44qh",
				"市郡区":"C#4209 ",
				"登山日":"",
				"メモ":"",
				"_markerType": "Icon",
				"_iconUrl": "https://maps.gsi.go.jp/portal/sys/v4/symbols/826.png",
				"_iconSize": [
					16,
					16
				],
				"_iconAnchor": [
					8,
					8
				]
			}
		},
		{
			"type": "Feature",
			"geometry": {
				"type": "Point",
				"coordinates": [
					 129.7501,
					 33.1179
				]
			},
			"properties": {
				"name": "JA6/NS-142(大崎山)",
				"読み":"Oosakiyama",
				"標高":"184m 1pt ",
				"GL":"PM43vc",
				"市郡区":"C#4202 ",
				"登山日":"",
				"メモ":"",
				"_markerType": "Icon",
				"_iconUrl": "https://maps.gsi.go.jp/portal/sys/v4/symbols/826.png",
				"_iconSize": [
					16,
					16
				],
				"_iconAnchor": [
					8,
					8
				]
			}
		},
		{
			"type": "Feature",
			"geometry": {
				"type": "Point",
				"coordinates": [
					 128.3721,
					 32.0259
				]
			},
			"properties": {
				"name": "JA6/NS-143(寄島)",
				"読み":"Yorishima",
				"標高":"183m 1pt ",
				"GL":"PM42ea",
				"市郡区":"C#4211 ",
				"登山日":"",
				"メモ":"",
				"_markerType": "Icon",
				"_iconUrl": "https://maps.gsi.go.jp/portal/sys/v4/symbols/826.png",
				"_iconSize": [
					16,
					16
				],
				"_iconAnchor": [
					8,
					8
				]
			}
		},
		{
			"type": "Feature",
			"geometry": {
				"type": "Point",
				"coordinates": [
					 129.828658,
					 33.382093
				]
			},
			"properties": {
				"name": "JA6/NS-144(大山展望台)",
				"読み":"Ooyamatenboudai",
				"標高":"181m 1pt ",
				"GL":"PM43vj",
				"市郡区":"C#4208 ",
				"登山日":"",
				"メモ":"",
				"_markerType": "Icon",
				"_iconUrl": "https://maps.gsi.go.jp/portal/sys/v4/symbols/826.png",
				"_iconSize": [
					16,
					16
				],
				"_iconAnchor": [
					8,
					8
				]
			}
		},
		{
			"type": "Feature",
			"geometry": {
				"type": "Point",
				"coordinates": [
					 129.3669,
					 34.3773
				]
			},
			"properties": {
				"name": "JA6/NS-145(大蔭山)",
				"読み":"Ookageyama",
				"標高":"179m 1pt ",
				"GL":"PM44qj",
				"市郡区":"C#4209 ",
				"登山日":"",
				"メモ":"",
				"_markerType": "Icon",
				"_iconUrl": "https://maps.gsi.go.jp/portal/sys/v4/symbols/826.png",
				"_iconSize": [
					16,
					16
				],
				"_iconAnchor": [
					8,
					8
				]
			}
		},
		{
			"type": "Feature",
			"geometry": {
				"type": "Point",
				"coordinates": [
					 129.6303,
					 33.2102
				]
			},
			"properties": {
				"name": "JA6/NS-146(足毛馬)",
				"読み":"Ashigema",
				"標高":"174m 1pt ",
				"GL":"PM43tf",
				"市郡区":"C#4202 ",
				"登山日":"",
				"メモ":"",
				"_markerType": "Icon",
				"_iconUrl": "https://maps.gsi.go.jp/portal/sys/v4/symbols/826.png",
				"_iconSize": [
					16,
					16
				],
				"_iconAnchor": [
					8,
					8
				]
			}
		},
		{
			"type": "Feature",
			"geometry": {
				"type": "Point",
				"coordinates": [
					 129.851,
					 33.3823
				]
			},
			"properties": {
				"name": "JA6/NS-147(白岳)",
				"読み":"Shirodake",
				"標高":"173m 1pt ",
				"GL":"PM43wj",
				"市郡区":"C#4208 ",
				"登山日":"",
				"メモ":"",
				"_markerType": "Icon",
				"_iconUrl": "https://maps.gsi.go.jp/portal/sys/v4/symbols/826.png",
				"_iconSize": [
					16,
					16
				],
				"_iconAnchor": [
					8,
					8
				]
			}
		},
		{
			"type": "Feature",
			"geometry": {
				"type": "Point",
				"coordinates": [
					 129.6953,
					 33.1312
				]
			},
			"properties": {
				"name": "JA6/NS-148(柚木原)",
				"読み":"Yunokibaru",
				"標高":"170m 1pt ",
				"GL":"PM43ud",
				"市郡区":"C#4202 ",
				"登山日":"",
				"メモ":"",
				"_markerType": "Icon",
				"_iconUrl": "https://maps.gsi.go.jp/portal/sys/v4/symbols/826.png",
				"_iconSize": [
					16,
					16
				],
				"_iconAnchor": [
					8,
					8
				]
			}
		},
		{
			"type": "Feature",
			"geometry": {
				"type": "Point",
				"coordinates": [
					 128.8786,
					 32.7476
				]
			},
			"properties": {
				"name": "JA6/NS-149(多々良島)",
				"読み":"Tatarajima",
				"標高":"156m 1pt ",
				"GL":"PM42kr",
				"市郡区":"C#4211 ",
				"登山日":"",
				"メモ":"",
				"_markerType": "Icon",
				"_iconUrl": "https://maps.gsi.go.jp/portal/sys/v4/symbols/826.png",
				"_iconSize": [
					16,
					16
				],
				"_iconAnchor": [
					8,
					8
				]
			}
		},
		{
			"type": "Feature",
			"geometry": {
				"type": "Point",
				"coordinates": [
					 129.0178,
					 33.0113
				]
			},
			"properties": {
				"name": "JA6/NS-150(祝言島)",
				"読み":"Shugenjima",
				"標高":"155m 1pt ",
				"GL":"PM43ma",
				"市郡区":"G#42009K ",
				"登山日":"",
				"メモ":"",
				"_markerType": "Icon",
				"_iconUrl": "https://maps.gsi.go.jp/portal/sys/v4/symbols/826.png",
				"_iconSize": [
					16,
					16
				],
				"_iconAnchor": [
					8,
					8
				]
			}
		},
		{
			"type": "Feature",
			"geometry": {
				"type": "Point",
				"coordinates": [
					 129.2425,
					 34.0984
				]
			},
			"properties": {
				"name": "JA6/NS-151(内院島)",
				"読み":"Naiinjima",
				"標高":"154m 1pt ",
				"GL":"PM44oc",
				"市郡区":"C#4209 ",
				"登山日":"",
				"メモ":"",
				"_markerType": "Icon",
				"_iconUrl": "https://maps.gsi.go.jp/portal/sys/v4/symbols/826.png",
				"_iconSize": [
					16,
					16
				],
				"_iconAnchor": [
					8,
					8
				]
			}
		},
		{
			"type": "Feature",
			"geometry": {
				"type": "Point",
				"coordinates": [
					 128.6003,
					 32.7349
				]
			},
			"properties": {
				"name": "JA6/NS-152(男岳)",
				"読み":"Odake",
				"標高":"150m 1pt ",
				"GL":"PM42hr",
				"市郡区":"C#4211 ",
				"登山日":"",
				"メモ":"",
				"_markerType": "Icon",
				"_iconUrl": "https://maps.gsi.go.jp/portal/sys/v4/symbols/826.png",
				"_iconSize": [
					16,
					16
				],
				"_iconAnchor": [
					8,
					8
				]
			}
		},
		{
			"type": "Feature",
			"geometry": {
				"type": "Point",
				"coordinates": [
					 129.91936,
					 33.077999
				]
			},
			"properties": {
				"name": "JA6/NS-153(高見岳)",
				"読み":"Takamidake",
				"標高":"538m 2pt ",
				"GL":"PM43xb",
				"市郡区":"G#42007C / G#42007A ",
				"登山日":"",
				"メモ":"",
				"_markerType": "Icon",
				"_iconUrl": "https://maps.gsi.go.jp/portal/sys/v4/symbols/102.png",
				"_iconSize": [
					16,
					16
				],
				"_iconAnchor": [
					8,
					8
				]
			}
		},
		{
			"type": "Feature",
			"geometry": {
				"type": "Point",
				"coordinates": [
					 129.798703,
					 32.837373
				]
			},
			"properties": {
				"name": "JA6/NS-154(点321)",
				"読み":"JA6/NS-154",
				"標高":"321m 1pt ",
				"GL":"PM42vu",
				"市郡区":"C#4201 ",
				"登山日":"",
				"メモ":"",
				"_markerType": "Icon",
				"_iconUrl": "https://maps.gsi.go.jp/portal/sys/v4/symbols/826.png",
				"_iconSize": [
					16,
					16
				],
				"_iconAnchor": [
					8,
					8
				]
			}
		},
		{
			"type": "Feature",
			"geometry": {
				"type": "Point",
				"coordinates": [
					 129.081588,
					 32.871532
				]
			},
			"properties": {
				"name": "JA6/NS-155(遠見番岳)",
				"読み":"Toomibandake",
				"標高":"308m 1pt ",
				"GL":"PM42mu",
				"市郡区":"G#42009K ",
				"登山日":"",
				"メモ":"",
				"_markerType": "Icon",
				"_iconUrl": "https://maps.gsi.go.jp/portal/sys/v4/symbols/826.png",
				"_iconSize": [
					16,
					16
				],
				"_iconAnchor": [
					8,
					8
				]
			}
		},
		{
			"type": "Feature",
			"geometry": {
				"type": "Point",
				"coordinates": [
					 128.893833,
					 32.798278
				]
			},
			"properties": {
				"name": "JA6/NS-156(白岳)",
				"読み":"Shirodake",
				"標高":"292m 1pt ",
				"GL":"PM42kt",
				"市郡区":"C#4211 ",
				"登山日":"",
				"メモ":"",
				"_markerType": "Icon",
				"_iconUrl": "https://maps.gsi.go.jp/portal/sys/v4/symbols/826.png",
				"_iconSize": [
					16,
					16
				],
				"_iconAnchor": [
					8,
					8
				]
			}
		},
		{
			"type": "Feature",
			"geometry": {
				"type": "Point",
				"coordinates": [
					 129.309983,
					 34.227558
				]
			},
			"properties": {
				"name": "JA6/NS-157(二度口山(三角点))",
				"読み":"Nidoguchiyama",
				"標高":"240m 1pt ",
				"GL":"PM44pf",
				"市郡区":"C#4209 ",
				"登山日":"",
				"メモ":"",
				"_markerType": "Icon",
				"_iconUrl": "https://maps.gsi.go.jp/portal/sys/v4/symbols/826.png",
				"_iconSize": [
					16,
					16
				],
				"_iconAnchor": [
					8,
					8
				]
			}
		},
		{
			"type": "Feature",
			"geometry": {
				"type": "Point",
				"coordinates": [
					 128.667111,
					 32.761385
				]
			},
			"properties": {
				"name": "JA6/NS-158(京ノ岳)",
				"読み":"Kyounodake",
				"標高":"181m 1pt ",
				"GL":"PM42is",
				"市郡区":"C#4211 ",
				"登山日":"",
				"メモ":"",
				"_markerType": "Icon",
				"_iconUrl": "https://maps.gsi.go.jp/portal/sys/v4/symbols/826.png",
				"_iconSize": [
					16,
					16
				],
				"_iconAnchor": [
					8,
					8
				]
			}
		},
		{
			"type": "Feature",
			"geometry": {
				"type": "Point",
				"coordinates": [
					 124.1832,
					 24.4272
				]
			},
			"properties": {
				"name": "JA6/ON-001(於茂登岳)",
				"読み":"Omotodake",
				"標高":"526m 2pt ",
				"GL":"PL24ck",
				"市郡区":"C#4704 ",
				"登山日":"",
				"メモ":"",
				"_markerType": "Icon",
				"_iconUrl": "https://maps.gsi.go.jp/portal/sys/v4/symbols/102.png",
				"_iconSize": [
					16,
					16
				],
				"_iconAnchor": [
					8,
					8
				]
			}
		},
		{
			"type": "Feature",
			"geometry": {
				"type": "Point",
				"coordinates": [
					 128.2187,
					 26.717
				]
			},
			"properties": {
				"name": "JA6/ON-002(与那覇岳)",
				"読み":"Yonahadake",
				"標高":"503m 2pt ",
				"GL":"PL46cr",
				"市郡区":"G#47001H ",
				"登山日":"",
				"メモ":"",
				"_markerType": "Icon",
				"_iconUrl": "https://maps.gsi.go.jp/portal/sys/v4/symbols/102.png",
				"_iconSize": [
					16,
					16
				],
				"_iconAnchor": [
					8,
					8
				]
			}
		},
		{
			"type": "Feature",
			"geometry": {
				"type": "Point",
				"coordinates": [
					 123.8912,
					 24.3592
				]
			},
			"properties": {
				"name": "JA6/ON-003(古見岳)",
				"読み":"Komidake",
				"標高":"470m 1pt ",
				"GL":"PL14wi",
				"市郡区":"G#47005B ",
				"登山日":"",
				"メモ":"",
				"_markerType": "Icon",
				"_iconUrl": "https://maps.gsi.go.jp/portal/sys/v4/symbols/826.png",
				"_iconSize": [
					16,
					16
				],
				"_iconAnchor": [
					8,
					8
				]
			}
		},
		{
			"type": "Feature",
			"geometry": {
				"type": "Point",
				"coordinates": [
					 127.9284,
					 26.6355
				]
			},
			"properties": {
				"name": "JA6/ON-004(八重岳)",
				"読み":"Yaedake",
				"標高":"453m 1pt ",
				"GL":"PL36xp",
				"市郡区":"G#47001I / C#4708 ",
				"登山日":"",
				"メモ":"",
				"_markerType": "Icon",
				"_iconUrl": "https://maps.gsi.go.jp/portal/sys/v4/symbols/826.png",
				"_iconSize": [
					16,
					16
				],
				"_iconAnchor": [
					8,
					8
				]
			}
		},
		{
			"type": "Feature",
			"geometry": {
				"type": "Point",
				"coordinates": [
					 123.7957,
					 24.3374
				]
			},
			"properties": {
				"name": "JA6/ON-005(波照間森)",
				"読み":"Haterumamori",
				"標高":"447m 1pt ",
				"GL":"PL14vi",
				"市郡区":"G#47005B ",
				"登山日":"",
				"メモ":"",
				"_markerType": "Icon",
				"_iconUrl": "https://maps.gsi.go.jp/portal/sys/v4/symbols/826.png",
				"_iconSize": [
					16,
					16
				],
				"_iconAnchor": [
					8,
					8
				]
			}
		},
		{
			"type": "Feature",
			"geometry": {
				"type": "Point",
				"coordinates": [
					 123.8163,
					 24.3624
				]
			},
			"properties": {
				"name": "JA6/ON-006(テドウ山)",
				"読み":"Tedouyama",
				"標高":"441m 1pt ",
				"GL":"PL14vi",
				"市郡区":"G#47005B ",
				"登山日":"",
				"メモ":"",
				"_markerType": "Icon",
				"_iconUrl": "https://maps.gsi.go.jp/portal/sys/v4/symbols/826.png",
				"_iconSize": [
					16,
					16
				],
				"_iconAnchor": [
					8,
					8
				]
			}
		},
		{
			"type": "Feature",
			"geometry": {
				"type": "Point",
				"coordinates": [
					 123.7956,
					 24.2809
				]
			},
			"properties": {
				"name": "JA6/ON-007(南風見岳)",
				"読み":"Haemidake",
				"標高":"425m 1pt ",
				"GL":"PL14vg",
				"市郡区":"G#47005B ",
				"登山日":"",
				"メモ":"",
				"_markerType": "Icon",
				"_iconUrl": "https://maps.gsi.go.jp/portal/sys/v4/symbols/826.png",
				"_iconSize": [
					16,
					16
				],
				"_iconAnchor": [
					8,
					8
				]
			}
		},
		{
			"type": "Feature",
			"geometry": {
				"type": "Point",
				"coordinates": [
					 128.2726,
					 26.8067
				]
			},
			"properties": {
				"name": "JA6/ON-008(西銘岳)",
				"読み":"Nishimedake",
				"標高":"420m 1pt ",
				"GL":"PL46dt",
				"市郡区":"G#47001H ",
				"登山日":"",
				"メモ":"",
				"_markerType": "Icon",
				"_iconUrl": "https://maps.gsi.go.jp/portal/sys/v4/symbols/826.png",
				"_iconSize": [
					16,
					16
				],
				"_iconAnchor": [
					8,
					8
				]
			}
		},
		{
			"type": "Feature",
			"geometry": {
				"type": "Point",
				"coordinates": [
					 128.0479,
					 26.5986
				]
			},
			"properties": {
				"name": "JA6/ON-009(多野岳)",
				"読み":"Tanodake",
				"標高":"385m 1pt ",
				"GL":"PL46ao",
				"市郡区":"C#4708 ",
				"登山日":"",
				"メモ":"",
				"_markerType": "Icon",
				"_iconUrl": "https://maps.gsi.go.jp/portal/sys/v4/symbols/826.png",
				"_iconSize": [
					16,
					16
				],
				"_iconAnchor": [
					8,
					8
				]
			}
		},
		{
			"type": "Feature",
			"geometry": {
				"type": "Point",
				"coordinates": [
					 124.314,
					 24.5721
				]
			},
			"properties": {
				"name": "JA6/ON-010(安良岳)",
				"読み":"Yasuradake",
				"標高":"365m 1pt ",
				"GL":"PL24dn",
				"市郡区":"C#4704 ",
				"登山日":"",
				"メモ":"",
				"_markerType": "Icon",
				"_iconUrl": "https://maps.gsi.go.jp/portal/sys/v4/symbols/826.png",
				"_iconSize": [
					16,
					16
				],
				"_iconAnchor": [
					8,
					8
				]
			}
		},
		{
			"type": "Feature",
			"geometry": {
				"type": "Point",
				"coordinates": [
					 127.8747,
					 26.4794
				]
			},
			"properties": {
				"name": "JA6/ON-011(恩納岳)",
				"読み":"Onnadake",
				"標高":"363m 1pt ",
				"GL":"PL36wl",
				"市郡区":"G#47001C / G#47001E ",
				"登山日":"",
				"メモ":"",
				"_markerType": "Icon",
				"_iconUrl": "https://maps.gsi.go.jp/portal/sys/v4/symbols/826.png",
				"_iconSize": [
					16,
					16
				],
				"_iconAnchor": [
					8,
					8
				]
			}
		},
		{
			"type": "Feature",
			"geometry": {
				"type": "Point",
				"coordinates": [
					 123.4714,
					 25.7425
				]
			},
			"properties": {
				"name": "JA6/ON-012(点362)",
				"読み":"P362",
				"標高":"362m 1pt ",
				"GL":"PL15rr",
				"市郡区":"C#4704 ",
				"登山日":"",
				"メモ":"",
				"_markerType": "Icon",
				"_iconUrl": "https://maps.gsi.go.jp/portal/sys/v4/symbols/826.png",
				"_iconSize": [
					16,
					16
				],
				"_iconAnchor": [
					8,
					8
				]
			}
		},
		{
			"type": "Feature",
			"geometry": {
				"type": "Point",
				"coordinates": [
					 128.1387,
					 26.6845
				]
			},
			"properties": {
				"name": "JA6/ON-013(ネクマチヂ岳)",
				"読み":"Nekumachijidake",
				"標高":"361m 1pt ",
				"GL":"PL46bq",
				"市郡区":"G#47001B ",
				"登山日":"",
				"メモ":"",
				"_markerType": "Icon",
				"_iconUrl": "https://maps.gsi.go.jp/portal/sys/v4/symbols/826.png",
				"_iconSize": [
					16,
					16
				],
				"_iconAnchor": [
					8,
					8
				]
			}
		},
		{
			"type": "Feature",
			"geometry": {
				"type": "Point",
				"coordinates": [
					 128.0098,
					 26.5855
				]
			},
			"properties": {
				"name": "JA6/ON-014(名護岳)",
				"読み":"Nagodake",
				"標高":"345m 1pt ",
				"GL":"PL46ao",
				"市郡区":"C#4708 ",
				"登山日":"",
				"メモ":"",
				"_markerType": "Icon",
				"_iconUrl": "https://maps.gsi.go.jp/portal/sys/v4/symbols/826.png",
				"_iconSize": [
					16,
					16
				],
				"_iconAnchor": [
					8,
					8
				]
			}
		},
		{
			"type": "Feature",
			"geometry": {
				"type": "Point",
				"coordinates": [
					 128.001,
					 26.5395
				]
			},
			"properties": {
				"name": "JA6/ON-015(久志岳)",
				"読み":"Kushidake",
				"標高":"335m 1pt ",
				"GL":"PL46am",
				"市郡区":"C#4708 ",
				"登山日":"",
				"メモ":"",
				"_markerType": "Icon",
				"_iconUrl": "https://maps.gsi.go.jp/portal/sys/v4/symbols/826.png",
				"_iconSize": [
					16,
					16
				],
				"_iconAnchor": [
					8,
					8
				]
			}
		},
		{
			"type": "Feature",
			"geometry": {
				"type": "Point",
				"coordinates": [
					 128.0073,
					 26.5452
				]
			},
			"properties": {
				"name": "JA6/ON-016(辺野古岳)",
				"読み":"Henokodake",
				"標高":"332m 1pt ",
				"GL":"PL46an",
				"市郡区":"C#4708 ",
				"登山日":"",
				"メモ":"",
				"_markerType": "Icon",
				"_iconUrl": "https://maps.gsi.go.jp/portal/sys/v4/symbols/826.png",
				"_iconSize": [
					16,
					16
				],
				"_iconAnchor": [
					8,
					8
				]
			}
		},
		{
			"type": "Feature",
			"geometry": {
				"type": "Point",
				"coordinates": [
					 123.6826,
					 24.2942
				]
			},
			"properties": {
				"name": "JA6/ON-017(崎山(三角点))",
				"読み":"Sakiyama",
				"標高":"318m 1pt ",
				"GL":"PL14uh",
				"市郡区":"G#47005B ",
				"登山日":"",
				"メモ":"",
				"_markerType": "Icon",
				"_iconUrl": "https://maps.gsi.go.jp/portal/sys/v4/symbols/826.png",
				"_iconSize": [
					16,
					16
				],
				"_iconAnchor": [
					8,
					8
				]
			}
		},
		{
			"type": "Feature",
			"geometry": {
				"type": "Point",
				"coordinates": [
					 126.7701,
					 26.377
				]
			},
			"properties": {
				"name": "JA6/ON-018(宇江城岳)",
				"読み":"Uegusukudake",
				"標高":"310m 1pt ",
				"GL":"PL36jj",
				"市郡区":"G#47002T ",
				"登山日":"",
				"メモ":"",
				"_markerType": "Icon",
				"_iconUrl": "https://maps.gsi.go.jp/portal/sys/v4/symbols/826.png",
				"_iconSize": [
					16,
					16
				],
				"_iconAnchor": [
					8,
					8
				]
			}
		},
		{
			"type": "Feature",
			"geometry": {
				"type": "Point",
				"coordinates": [
					 123.7225,
					 24.3281
				]
			},
			"properties": {
				"name": "JA6/ON-019(船浮山(三角点))",
				"読み":"Funaukiyama",
				"標高":"300m 1pt ",
				"GL":"PL14uh",
				"市郡区":"G#47005B ",
				"登山日":"",
				"メモ":"",
				"_markerType": "Icon",
				"_iconUrl": "https://maps.gsi.go.jp/portal/sys/v4/symbols/826.png",
				"_iconSize": [
					16,
					16
				],
				"_iconAnchor": [
					8,
					8
				]
			}
		},
		{
			"type": "Feature",
			"geometry": {
				"type": "Point",
				"coordinates": [
					 127.9492,
					 27.0273
				]
			},
			"properties": {
				"name": "JA6/ON-020(賀陽山)",
				"読み":"Gayouzan",
				"標高":"294m 1pt ",
				"GL":"PL37xa",
				"市郡区":"G#47002C ",
				"登山日":"",
				"メモ":"",
				"_markerType": "Icon",
				"_iconUrl": "https://maps.gsi.go.jp/portal/sys/v4/symbols/826.png",
				"_iconSize": [
					16,
					16
				],
				"_iconAnchor": [
					8,
					8
				]
			}
		},
		{
			"type": "Feature",
			"geometry": {
				"type": "Point",
				"coordinates": [
					 127.9378,
					 26.6706
				]
			},
			"properties": {
				"name": "JA6/ON-021(点292(パサン辻(三角点)近傍))",
				"読み":"P292",
				"標高":"292m 1pt ",
				"GL":"PL36xq",
				"市郡区":"G#47001F / G#47001I ",
				"登山日":"",
				"メモ":"",
				"_markerType": "Icon",
				"_iconUrl": "https://maps.gsi.go.jp/portal/sys/v4/symbols/826.png",
				"_iconSize": [
					16,
					16
				],
				"_iconAnchor": [
					8,
					8
				]
			}
		},
		{
			"type": "Feature",
			"geometry": {
				"type": "Point",
				"coordinates": [
					 128.0815,
					 26.6124
				]
			},
			"properties": {
				"name": "JA6/ON-022(点290(宇橋山近傍))",
				"読み":"P290",
				"標高":"290m 1pt ",
				"GL":"PL46ao",
				"市郡区":"C#4708 ",
				"登山日":"",
				"メモ":"",
				"_markerType": "Icon",
				"_iconUrl": "https://maps.gsi.go.jp/portal/sys/v4/symbols/826.png",
				"_iconSize": [
					16,
					16
				],
				"_iconAnchor": [
					8,
					8
				]
			}
		},
		{
			"type": "Feature",
			"geometry": {
				"type": "Point",
				"coordinates": [
					 126.7827,
					 26.3129
				]
			},
			"properties": {
				"name": "JA6/ON-023(アーラ岳)",
				"読み":"Aaradake",
				"標高":"288m 1pt ",
				"GL":"PL36jh",
				"市郡区":"G#47002T ",
				"登山日":"",
				"メモ":"",
				"_markerType": "Icon",
				"_iconUrl": "https://maps.gsi.go.jp/portal/sys/v4/symbols/826.png",
				"_iconSize": [
					16,
					16
				],
				"_iconAnchor": [
					8,
					8
				]
			}
		},
		{
			"type": "Feature",
			"geometry": {
				"type": "Point",
				"coordinates": [
					 127.971,
					 26.5228
				]
			},
			"properties": {
				"name": "JA6/ON-024(古知屋山(三角点))",
				"読み":"Kochiyayama",
				"標高":"284m 1pt ",
				"GL":"PL36xm",
				"市郡区":"C#4708 / G#47001D ",
				"登山日":"",
				"メモ":"",
				"_markerType": "Icon",
				"_iconUrl": "https://maps.gsi.go.jp/portal/sys/v4/symbols/826.png",
				"_iconSize": [
					16,
					16
				],
				"_iconAnchor": [
					8,
					8
				]
			}
		},
		{
			"type": "Feature",
			"geometry": {
				"type": "Point",
				"coordinates": [
					 127.2355,
					 26.1672
				]
			},
			"properties": {
				"name": "JA6/ON-025(久場島の岳)",
				"読み":"Kubashimanotake",
				"標高":"270m 1pt ",
				"GL":"PL36oe",
				"市郡区":"G#47002R ",
				"登山日":"",
				"メモ":"",
				"_markerType": "Icon",
				"_iconUrl": "https://maps.gsi.go.jp/portal/sys/v4/symbols/826.png",
				"_iconSize": [
					16,
					16
				],
				"_iconAnchor": [
					8,
					8
				]
			}
		},
		{
			"type": "Feature",
			"geometry": {
				"type": "Point",
				"coordinates": [
					 124.1276,
					 24.4567
				]
			},
			"properties": {
				"name": "JA6/ON-026(前嵩)",
				"読み":"Maetake",
				"標高":"262m 1pt ",
				"GL":"PL24bk",
				"市郡区":"C#4704 ",
				"登山日":"",
				"メモ":"",
				"_markerType": "Icon",
				"_iconUrl": "https://maps.gsi.go.jp/portal/sys/v4/symbols/826.png",
				"_iconSize": [
					16,
					16
				],
				"_iconAnchor": [
					8,
					8
				]
			}
		},
		{
			"type": "Feature",
			"geometry": {
				"type": "Point",
				"coordinates": [
					 127.9955,
					 27.0785
				]
			},
			"properties": {
				"name": "JA6/ON-027(タンナ岳)",
				"読み":"Tannadake",
				"標高":"236m 1pt ",
				"GL":"PL37xb",
				"市郡区":"G#47002C ",
				"登山日":"",
				"メモ":"",
				"_markerType": "Icon",
				"_iconUrl": "https://maps.gsi.go.jp/portal/sys/v4/symbols/826.png",
				"_iconSize": [
					16,
					16
				],
				"_iconAnchor": [
					8,
					8
				]
			}
		},
		{
			"type": "Feature",
			"geometry": {
				"type": "Point",
				"coordinates": [
					 123.0055,
					 24.4529
				]
			},
			"properties": {
				"name": "JA6/ON-029(宇良部岳)",
				"読み":"Urabudake",
				"標高":"231m 1pt ",
				"GL":"PL14mk",
				"市郡区":"G#47005A ",
				"登山日":"",
				"メモ":"",
				"_markerType": "Icon",
				"_iconUrl": "https://maps.gsi.go.jp/portal/sys/v4/symbols/826.png",
				"_iconSize": [
					16,
					16
				],
				"_iconAnchor": [
					8,
					8
				]
			}
		},
		{
			"type": "Feature",
			"geometry": {
				"type": "Point",
				"coordinates": [
					 127.9613,
					 27.0461
				]
			},
			"properties": {
				"name": "JA6/ON-031(腰岳)",
				"読み":"Koshidake",
				"標高":"228m 1pt ",
				"GL":"PL37xb",
				"市郡区":"G#47002C ",
				"登山日":"",
				"メモ":"",
				"_markerType": "Icon",
				"_iconUrl": "https://maps.gsi.go.jp/portal/sys/v4/symbols/826.png",
				"_iconSize": [
					16,
					16
				],
				"_iconAnchor": [
					8,
					8
				]
			}
		},
		{
			"type": "Feature",
			"geometry": {
				"type": "Point",
				"coordinates": [
					 127.3635,
					 26.2111
				]
			},
			"properties": {
				"name": "JA6/ON-032(阿嘉真山(三角点))",
				"読み":"Akashimayama",
				"標高":"227m 1pt ",
				"GL":"PL36qf",
				"市郡区":"G#47002K ",
				"登山日":"",
				"メモ":"",
				"_markerType": "Icon",
				"_iconUrl": "https://maps.gsi.go.jp/portal/sys/v4/symbols/826.png",
				"_iconSize": [
					16,
					16
				],
				"_iconAnchor": [
					8,
					8
				]
			}
		},
		{
			"type": "Feature",
			"geometry": {
				"type": "Point",
				"coordinates": [
					 124.0863,
					 24.4394
				]
			},
			"properties": {
				"name": "JA6/ON-033(屋良部岳)",
				"読み":"Yarabudake",
				"標高":"216m 1pt ",
				"GL":"PL24bk",
				"市郡区":"C#4704 ",
				"登山日":"",
				"メモ":"",
				"_markerType": "Icon",
				"_iconUrl": "https://maps.gsi.go.jp/portal/sys/v4/symbols/826.png",
				"_iconSize": [
					16,
					16
				],
				"_iconAnchor": [
					8,
					8
				]
			}
		},
		{
			"type": "Feature",
			"geometry": {
				"type": "Point",
				"coordinates": [
					 127.2465,
					 26.2185
				]
			},
			"properties": {
				"name": "JA6/ON-034(屋嘉比島(三角点))",
				"読み":"Yakabijima",
				"標高":"214m 1pt ",
				"GL":"PL36of",
				"市郡区":"G#47002R ",
				"登山日":"",
				"メモ":"",
				"_markerType": "Icon",
				"_iconUrl": "https://maps.gsi.go.jp/portal/sys/v4/symbols/826.png",
				"_iconSize": [
					16,
					16
				],
				"_iconAnchor": [
					8,
					8
				]
			}
		},
		{
			"type": "Feature",
			"geometry": {
				"type": "Point",
				"coordinates": [
					 128.2225,
					 27.8812
				]
			},
			"properties": {
				"name": "JA6/ON-035(方位)",
				"読み":"Houi",
				"標高":"212m 1pt ",
				"GL":"PL47cv",
				"市郡区":"G#47002T ",
				"登山日":"",
				"メモ":"",
				"_markerType": "Icon",
				"_iconUrl": "https://maps.gsi.go.jp/portal/sys/v4/symbols/826.png",
				"_iconSize": [
					16,
					16
				],
				"_iconAnchor": [
					8,
					8
				]
			}
		},
		{
			"type": "Feature",
			"geometry": {
				"type": "Point",
				"coordinates": [
					 127.9371,
					 27.0137
				]
			},
			"properties": {
				"name": "JA6/ON-036(阿波岳)",
				"読み":"Ahadake",
				"標高":"212m 1pt ",
				"GL":"PL37xa",
				"市郡区":"G#47002C ",
				"登山日":"",
				"メモ":"",
				"_markerType": "Icon",
				"_iconUrl": "https://maps.gsi.go.jp/portal/sys/v4/symbols/826.png",
				"_iconSize": [
					16,
					16
				],
				"_iconAnchor": [
					8,
					8
				]
			}
		},
		{
			"type": "Feature",
			"geometry": {
				"type": "Point",
				"coordinates": [
					 123.756,
					 24.3414
				]
			},
			"properties": {
				"name": "JA6/ON-037(点206)",
				"読み":"P206",
				"標高":"206m 1pt ",
				"GL":"PL14vi",
				"市郡区":"G#47005B ",
				"登山日":"",
				"メモ":"",
				"_markerType": "Icon",
				"_iconUrl": "https://maps.gsi.go.jp/portal/sys/v4/symbols/826.png",
				"_iconSize": [
					16,
					16
				],
				"_iconAnchor": [
					8,
					8
				]
			}
		},
		{
			"type": "Feature",
			"geometry": {
				"type": "Point",
				"coordinates": [
					 127.7883,
					 26.4215
				]
			},
			"properties": {
				"name": "JA6/ON-038(妙山(三角点))",
				"読み":"Myouzan",
				"標高":"201m 1pt ",
				"GL":"PL36vk",
				"市郡区":"C#4713 / C#4711 / G#47001C",
				"登山日":"",
				"メモ":"",
				"_markerType": "Icon",
				"_iconUrl": "https://maps.gsi.go.jp/portal/sys/v4/symbols/826.png",
				"_iconSize": [
					16,
					16
				],
				"_iconAnchor": [
					8,
					8
				]
			}
		},
		{
			"type": "Feature",
			"geometry": {
				"type": "Point",
				"coordinates": [
					 123.7377,
					 24.3526
				]
			},
			"properties": {
				"name": "JA6/ON-039(内離(三角点))",
				"読み":"Uchibanari",
				"標高":"194m 1pt ",
				"GL":"PL14ui",
				"市郡区":"G#47005B ",
				"登山日":"",
				"メモ":"",
				"_markerType": "Icon",
				"_iconUrl": "https://maps.gsi.go.jp/portal/sys/v4/symbols/826.png",
				"_iconSize": [
					16,
					16
				],
				"_iconAnchor": [
					8,
					8
				]
			}
		},
		{
			"type": "Feature",
			"geometry": {
				"type": "Point",
				"coordinates": [
					 127.2753,
					 26.2037
				]
			},
			"properties": {
				"name": "JA6/ON-040(大岳)",
				"読み":"Ootake",
				"標高":"187m 1pt ",
				"GL":"PL36pe",
				"市郡区":"G#47002R ",
				"登山日":"",
				"メモ":"",
				"_markerType": "Icon",
				"_iconUrl": "https://maps.gsi.go.jp/portal/sys/v4/symbols/826.png",
				"_iconSize": [
					16,
					16
				],
				"_iconAnchor": [
					8,
					8
				]
			}
		},
		{
			"type": "Feature",
			"geometry": {
				"type": "Point",
				"coordinates": [
					 127.9853,
					 27.048
				]
			},
			"properties": {
				"name": "JA6/ON-042(前岳)",
				"読み":"Maedake",
				"標高":"179m 1pt ",
				"GL":"PL37xb",
				"市郡区":"G#47002C ",
				"登山日":"",
				"メモ":"",
				"_markerType": "Icon",
				"_iconUrl": "https://maps.gsi.go.jp/portal/sys/v4/symbols/826.png",
				"_iconSize": [
					16,
					16
				],
				"_iconAnchor": [
					8,
					8
				]
			}
		},
		{
			"type": "Feature",
			"geometry": {
				"type": "Point",
				"coordinates": [
					 127.1478,
					 26.36
				]
			},
			"properties": {
				"name": "JA6/ON-043(大岳)",
				"読み":"Ootake",
				"標高":"179m 1pt ",
				"GL":"PL36ni",
				"市郡区":"G#47002L ",
				"登山日":"",
				"メモ":"",
				"_markerType": "Icon",
				"_iconUrl": "https://maps.gsi.go.jp/portal/sys/v4/symbols/826.png",
				"_iconSize": [
					16,
					16
				],
				"_iconAnchor": [
					8,
					8
				]
			}
		},
		{
			"type": "Feature",
			"geometry": {
				"type": "Point",
				"coordinates": [
					 127.2885,
					 26.1826
				]
			},
			"properties": {
				"name": "JA6/ON-044(慶留間(三角点))",
				"読み":"Geruma",
				"標高":"157m 1pt ",
				"GL":"PL36pe",
				"市郡区":"G#47002R ",
				"登山日":"",
				"メモ":"",
				"_markerType": "Icon",
				"_iconUrl": "https://maps.gsi.go.jp/portal/sys/v4/symbols/826.png",
				"_iconSize": [
					16,
					16
				],
				"_iconAnchor": [
					8,
					8
				]
			}
		},
		{
			"type": "Feature",
			"geometry": {
				"type": "Point",
				"coordinates": [
					 124.194,
					 24.4421
				]
			},
			"properties": {
				"name": "JA6/ON-045(桴海於茂登岳)",
				"読み":"Fukaiomotodake",
				"標高":"477m 1pt ",
				"GL":"PL24ck",
				"市郡区":"C#4704 ",
				"登山日":"",
				"メモ":"",
				"_markerType": "Icon",
				"_iconUrl": "https://maps.gsi.go.jp/portal/sys/v4/symbols/826.png",
				"_iconSize": [
					16,
					16
				],
				"_iconAnchor": [
					8,
					8
				]
			}
		},
		{
			"type": "Feature",
			"geometry": {
				"type": "Point",
				"coordinates": [
					 124.2889,
					 24.5223
				]
			},
			"properties": {
				"name": "JA6/ON-046(はんな岳)",
				"読み":"Hannadake",
				"標高":"238m 1pt ",
				"GL":"PL24dm",
				"市郡区":"C#4704 ",
				"登山日":"",
				"メモ":"",
				"_markerType": "Icon",
				"_iconUrl": "https://maps.gsi.go.jp/portal/sys/v4/symbols/826.png",
				"_iconSize": [
					16,
					16
				],
				"_iconAnchor": [
					8,
					8
				]
			}
		},
		{
			"type": "Feature",
			"geometry": {
				"type": "Point",
				"coordinates": [
					 124.1655,
					 24.3819
				]
			},
			"properties": {
				"name": "JA6/ON-047(イタタ岳)",
				"読み":"Itatadake",
				"標高":"233m 1pt ",
				"GL":"PL24bj",
				"市郡区":"C#4704 ",
				"登山日":"",
				"メモ":"",
				"_markerType": "Icon",
				"_iconUrl": "https://maps.gsi.go.jp/portal/sys/v4/symbols/826.png",
				"_iconSize": [
					16,
					16
				],
				"_iconAnchor": [
					8,
					8
				]
			}
		},
		{
			"type": "Feature",
			"geometry": {
				"type": "Point",
				"coordinates": [
					 127.7645,
					 26.1535
				]
			},
			"properties": {
				"name": "JA6/ON-048(糸数城(三角点))",
				"読み":"Itokazujyo",
				"標高":"193m 1pt ",
				"GL":"PL36vd",
				"市郡区":"C#4715 ",
				"登山日":"",
				"メモ":"",
				"_markerType": "Icon",
				"_iconUrl": "https://maps.gsi.go.jp/portal/sys/v4/symbols/826.png",
				"_iconSize": [
					16,
					16
				],
				"_iconAnchor": [
					8,
					8
				]
			}
		},
		{
			"type": "Feature",
			"geometry": {
				"type": "Point",
				"coordinates": [
					 127.8071,
					 26.7198
				]
			},
			"properties": {
				"name": "JA6/ON-049(城山)",
				"読み":"Gusukuyama",
				"標高":"172m 1pt ",
				"GL":"PL36vr",
				"市郡区":"G#47001A ",
				"登山日":"",
				"メモ":"",
				"_markerType": "Icon",
				"_iconUrl": "https://maps.gsi.go.jp/portal/sys/v4/symbols/826.png",
				"_iconSize": [
					16,
					16
				],
				"_iconAnchor": [
					8,
					8
				]
			}
		},
		{
			"type": "Feature",
			"geometry": {
				"type": "Point",
				"coordinates": [
					 127.327,
					 26.242
				]
			},
			"properties": {
				"name": "JA6/ON-050(大岳)",
				"読み":"Ufutaki",
				"標高":"161m 1pt ",
				"GL":"PL36pf",
				"市郡区":"G#47002R ",
				"登山日":"",
				"メモ":"",
				"_markerType": "Icon",
				"_iconUrl": "https://maps.gsi.go.jp/portal/sys/v4/symbols/826.png",
				"_iconSize": [
					16,
					16
				],
				"_iconAnchor": [
					8,
					8
				]
			}
		},
		{
			"type": "Feature",
			"geometry": {
				"type": "Point",
				"coordinates": [
					 123.713,
					 24.3751
				]
			},
			"properties": {
				"name": "JA6/ON-051(外離島)",
				"読み":"Sotobanarijima",
				"標高":"150m 1pt ",
				"GL":"PL14uj",
				"市郡区":"G#47005B ",
				"登山日":"",
				"メモ":"",
				"_markerType": "Icon",
				"_iconUrl": "https://maps.gsi.go.jp/portal/sys/v4/symbols/826.png",
				"_iconSize": [
					16,
					16
				],
				"_iconAnchor": [
					8,
					8
				]
			}
		},
		{
			"type": "Feature",
			"geometry": {
				"type": "Point",
				"coordinates": [
					 131.249,
					 33.086
				]
			},
			"properties": {
				"name": "JA6/OT-001(くじゅう連山(中岳))",
				"読み":"Kujyuurenzan/Nakadake",
				"標高":"1791m 10pt ",
				"GL":"PM53oc",
				"市郡区":"C#4408 ",
				"登山日":"",
				"メモ":"",
				"_markerType": "Icon",
				"_iconUrl": "https://maps.gsi.go.jp/portal/sys/v4/symbols/101.png",
				"_iconSize": [
					16,
					16
				],
				"_iconAnchor": [
					8,
					8
				]
			}
		},
		{
			"type": "Feature",
			"geometry": {
				"type": "Point",
				"coordinates": [
					 131.2807,
					 33.095
				]
			},
			"properties": {
				"name": "JA6/OT-002(くじゅう連山(大船山))",
				"読み":"Kujyuurenzan/Taisenzan",
				"標高":"1786m 10pt ",
				"GL":"PM53pc",
				"市郡区":"C#4408 ",
				"登山日":"",
				"メモ":"",
				"_markerType": "Icon",
				"_iconUrl": "https://maps.gsi.go.jp/portal/sys/v4/symbols/101.png",
				"_iconSize": [
					16,
					16
				],
				"_iconAnchor": [
					8,
					8
				]
			}
		},
		{
			"type": "Feature",
			"geometry": {
				"type": "Point",
				"coordinates": [
					 131.347,
					 32.8281
				]
			},
			"properties": {
				"name": "JA6/OT-003(祖母山)",
				"読み":"Sobosan",
				"標高":"1756m 10pt ",
				"GL":"PM52qt",
				"市郡区":"C#4408 / C#4413 / G#45003B",
				"登山日":"",
				"メモ":"",
				"_markerType": "Icon",
				"_iconUrl": "https://maps.gsi.go.jp/portal/sys/v4/symbols/101.png",
				"_iconSize": [
					16,
					16
				],
				"_iconAnchor": [
					8,
					8
				]
			}
		},
		{
			"type": "Feature",
			"geometry": {
				"type": "Point",
				"coordinates": [
					 131.4759,
					 32.839
				]
			},
			"properties": {
				"name": "JA6/OT-004(傾山)",
				"読み":"Katamukiyama",
				"標高":"1605m 10pt ",
				"GL":"PM52ru",
				"市郡区":"C#4413 ",
				"登山日":"",
				"メモ":"",
				"_markerType": "Icon",
				"_iconUrl": "https://maps.gsi.go.jp/portal/sys/v4/symbols/101.png",
				"_iconSize": [
					16,
					16
				],
				"_iconAnchor": [
					8,
					8
				]
			}
		},
		{
			"type": "Feature",
			"geometry": {
				"type": "Point",
				"coordinates": [
					 131.2929,
					 33.1059
				]
			},
			"properties": {
				"name": "JA6/OT-005(くじゅう連山(高塚山))",
				"読み":"Kujyuurenzan(Takatsukayama)",
				"標高":"1587m 10pt ",
				"GL":"PM53pc",
				"市郡区":"C#4408 ",
				"登山日":"",
				"メモ":"",
				"_markerType": "Icon",
				"_iconUrl": "https://maps.gsi.go.jp/portal/sys/v4/symbols/101.png",
				"_iconSize": [
					16,
					16
				],
				"_iconAnchor": [
					8,
					8
				]
			}
		},
		{
			"type": "Feature",
			"geometry": {
				"type": "Point",
				"coordinates": [
					 131.3902,
					 33.2823
				]
			},
			"properties": {
				"name": "JA6/OT-006(由布岳(豊後富士))",
				"読み":"Yufudake（Takatsukayama)",
				"標高":"1583m 10pt ",
				"GL":"PM53qg",
				"市郡区":"C#4414 ",
				"登山日":"",
				"メモ":"",
				"_markerType": "Icon",
				"_iconUrl": "https://maps.gsi.go.jp/portal/sys/v4/symbols/101.png",
				"_iconSize": [
					16,
					16
				],
				"_iconAnchor": [
					8,
					8
				]
			}
		},
		{
			"type": "Feature",
			"geometry": {
				"type": "Point",
				"coordinates": [
					 131.207,
					 33.1066
				]
			},
			"properties": {
				"name": "JA6/OT-007(黒岩山)",
				"読み":"Kuroiwasan",
				"標高":"1503m 10pt ",
				"GL":"PM53oc",
				"市郡区":"G#44005B ",
				"登山日":"",
				"メモ":"",
				"_markerType": "Icon",
				"_iconUrl": "https://maps.gsi.go.jp/portal/sys/v4/symbols/101.png",
				"_iconSize": [
					16,
					16
				],
				"_iconAnchor": [
					8,
					8
				]
			}
		},
		{
			"type": "Feature",
			"geometry": {
				"type": "Point",
				"coordinates": [
					 131.1643,
					 33.1399
				]
			},
			"properties": {
				"name": "JA6/OT-008(湧蓋山)",
				"読み":"Waitazan",
				"標高":"1500m 10pt ",
				"GL":"PM53nd",
				"市郡区":"G#44005B ",
				"登山日":"",
				"メモ":"",
				"_markerType": "Icon",
				"_iconUrl": "https://maps.gsi.go.jp/portal/sys/v4/symbols/101.png",
				"_iconSize": [
					16,
					16
				],
				"_iconAnchor": [
					8,
					8
				]
			}
		},
		{
			"type": "Feature",
			"geometry": {
				"type": "Point",
				"coordinates": [
					 131.4297,
					 33.2866
				]
			},
			"properties": {
				"name": "JA6/OT-009(鶴見岳)",
				"読み":"Tsurumidake",
				"標高":"1375m 8pt ",
				"GL":"PM53rg",
				"市郡区":"C#4402 ",
				"登山日":"",
				"メモ":"",
				"_markerType": "Icon",
				"_iconUrl": "https://maps.gsi.go.jp/portal/sys/v4/symbols/104.png",
				"_iconSize": [
					16,
					16
				],
				"_iconAnchor": [
					8,
					8
				]
			}
		},
		{
			"type": "Feature",
			"geometry": {
				"type": "Point",
				"coordinates": [
					 131.3117,
					 33.1498
				]
			},
			"properties": {
				"name": "JA6/OT-010(大河原(三角点))",
				"読み":"Oogawara",
				"標高":"1310m 8pt ",
				"GL":"PM53pd",
				"市郡区":"C#4414 ",
				"登山日":"",
				"メモ":"",
				"_markerType": "Icon",
				"_iconUrl": "https://maps.gsi.go.jp/portal/sys/v4/symbols/104.png",
				"_iconSize": [
					16,
					16
				],
				"_iconAnchor": [
					8,
					8
				]
			}
		},
		{
			"type": "Feature",
			"geometry": {
				"type": "Point",
				"coordinates": [
					 131.5152,
					 32.795
				]
			},
			"properties": {
				"name": "JA6/OT-011(点1297)",
				"読み":"P1297",
				"標高":"1297m 8pt ",
				"GL":"PM52st",
				"市郡区":"C#4405 / G#45003C ",
				"登山日":"",
				"メモ":"",
				"_markerType": "Icon",
				"_iconUrl": "https://maps.gsi.go.jp/portal/sys/v4/symbols/104.png",
				"_iconSize": [
					16,
					16
				],
				"_iconAnchor": [
					8,
					8
				]
			}
		},
		{
			"type": "Feature",
			"geometry": {
				"type": "Point",
				"coordinates": [
					 131.2578,
					 33.182
				]
			},
			"properties": {
				"name": "JA6/OT-012(崩平山)",
				"読み":"Kuenohirayama",
				"標高":"1289m 8pt ",
				"GL":"PM53pe",
				"市郡区":"G#44005B ",
				"登山日":"",
				"メモ":"",
				"_markerType": "Icon",
				"_iconUrl": "https://maps.gsi.go.jp/portal/sys/v4/symbols/104.png",
				"_iconSize": [
					16,
					16
				],
				"_iconAnchor": [
					8,
					8
				]
			}
		},
		{
			"type": "Feature",
			"geometry": {
				"type": "Point",
				"coordinates": [
					 131.3171,
					 33.2875
				]
			},
			"properties": {
				"name": "JA6/OT-013(福万山)",
				"読み":"Fukumayama",
				"標高":"1236m 8pt ",
				"GL":"PM53pg",
				"市郡区":"G#44005A ",
				"登山日":"",
				"メモ":"",
				"_markerType": "Icon",
				"_iconUrl": "https://maps.gsi.go.jp/portal/sys/v4/symbols/104.png",
				"_iconSize": [
					16,
					16
				],
				"_iconAnchor": [
					8,
					8
				]
			}
		},
		{
			"type": "Feature",
			"geometry": {
				"type": "Point",
				"coordinates": [
					 130.889,
					 33.1876
				]
			},
			"properties": {
				"name": "JA6/OT-014(釈迦岳)",
				"読み":"Shakadake",
				"標高":"1231m 8pt ",
				"GL":"PM53ke",
				"市郡区":"C#4404 ",
				"登山日":"",
				"メモ":"",
				"_markerType": "Icon",
				"_iconUrl": "https://maps.gsi.go.jp/portal/sys/v4/symbols/104.png",
				"_iconSize": [
					16,
					16
				],
				"_iconAnchor": [
					8,
					8
				]
			}
		},
		{
			"type": "Feature",
			"geometry": {
				"type": "Point",
				"coordinates": [
					 131.2801,
					 33.1743
				]
			},
			"properties": {
				"name": "JA6/OT-015(点1206)",
				"読み":"P1206",
				"標高":"1206m 8pt ",
				"GL":"PM53pe",
				"市郡区":"G#44005B ",
				"登山日":"",
				"メモ":"",
				"_markerType": "Icon",
				"_iconUrl": "https://maps.gsi.go.jp/portal/sys/v4/symbols/104.png",
				"_iconSize": [
					16,
					16
				],
				"_iconAnchor": [
					8,
					8
				]
			}
		},
		{
			"type": "Feature",
			"geometry": {
				"type": "Point",
				"coordinates": [
					 130.9259,
					 33.4763
				]
			},
			"properties": {
				"name": "JA6/OT-016(英彦山)",
				"読み":"Hikosan",
				"標高":"1200m 8pt ",
				"GL":"PM53ll",
				"市郡区":"C#4403 / G#40009I ",
				"登山日":"",
				"メモ":"",
				"_markerType": "Icon",
				"_iconUrl": "https://maps.gsi.go.jp/portal/sys/v4/symbols/104.png",
				"_iconSize": [
					16,
					16
				],
				"_iconAnchor": [
					8,
					8
				]
			}
		},
		{
			"type": "Feature",
			"geometry": {
				"type": "Point",
				"coordinates": [
					 130.9084,
					 33.097
				]
			},
			"properties": {
				"name": "JA6/OT-017(酒呑童子山)",
				"読み":"Shyutendoujiyama",
				"標高":"1181m 8pt ",
				"GL":"PM53kc",
				"市郡区":"C#4404 ",
				"登山日":"",
				"メモ":"",
				"_markerType": "Icon",
				"_iconUrl": "https://maps.gsi.go.jp/portal/sys/v4/symbols/104.png",
				"_iconSize": [
					16,
					16
				],
				"_iconAnchor": [
					8,
					8
				]
			}
		},
		{
			"type": "Feature",
			"geometry": {
				"type": "Point",
				"coordinates": [
					 131.3783,
					 33.2433
				]
			},
			"properties": {
				"name": "JA6/OT-018(倉木山)",
				"読み":"Kurakiyama",
				"標高":"1160m 8pt ",
				"GL":"PM53qf",
				"市郡区":"C#4402 / C#4414 ",
				"登山日":"",
				"メモ":"",
				"_markerType": "Icon",
				"_iconUrl": "https://maps.gsi.go.jp/portal/sys/v4/symbols/104.png",
				"_iconSize": [
					16,
					16
				],
				"_iconAnchor": [
					8,
					8
				]
			}
		},
		{
			"type": "Feature",
			"geometry": {
				"type": "Point",
				"coordinates": [
					 130.9279,
					 33.1723
				]
			},
			"properties": {
				"name": "JA6/OT-019(渡神岳)",
				"読み":"Tokamidake",
				"標高":"1150m 8pt ",
				"GL":"PM53le",
				"市郡区":"C#4404 ",
				"登山日":"",
				"メモ":"",
				"_markerType": "Icon",
				"_iconUrl": "https://maps.gsi.go.jp/portal/sys/v4/symbols/104.png",
				"_iconSize": [
					16,
					16
				],
				"_iconAnchor": [
					8,
					8
				]
			}
		},
		{
			"type": "Feature",
			"geometry": {
				"type": "Point",
				"coordinates": [
					 131.1306,
					 33.2313
				]
			},
			"properties": {
				"name": "JA6/OT-020(万年山)",
				"読み":"Haneyama",
				"標高":"1140m 8pt ",
				"GL":"PM53nf",
				"市郡区":"G#44005A ",
				"登山日":"",
				"メモ":"",
				"_markerType": "Icon",
				"_iconUrl": "https://maps.gsi.go.jp/portal/sys/v4/symbols/104.png",
				"_iconSize": [
					16,
					16
				],
				"_iconAnchor": [
					8,
					8
				]
			}
		},
		{
			"type": "Feature",
			"geometry": {
				"type": "Point",
				"coordinates": [
					 131.0017,
					 33.5122
				]
			},
			"properties": {
				"name": "JA6/OT-021(犬ヶ岳)",
				"読み":"Inugatake",
				"標高":"1131m 8pt ",
				"GL":"PM53mm",
				"市郡区":"C#4403 / C#4019 ",
				"登山日":"",
				"メモ":"",
				"_markerType": "Icon",
				"_iconUrl": "https://maps.gsi.go.jp/portal/sys/v4/symbols/104.png",
				"_iconSize": [
					16,
					16
				],
				"_iconAnchor": [
					8,
					8
				]
			}
		},
		{
			"type": "Feature",
			"geometry": {
				"type": "Point",
				"coordinates": [
					 131.3526,
					 33.3095
				]
			},
			"properties": {
				"name": "JA6/OT-022(立石山)",
				"読み":"Tateishiyama",
				"標高":"1070m 6pt ",
				"GL":"PM53qh",
				"市郡区":"C#4414 / C#4412 ",
				"登山日":"",
				"メモ":"",
				"_markerType": "Icon",
				"_iconUrl": "https://maps.gsi.go.jp/portal/sys/v4/symbols/103.png",
				"_iconSize": [
					16,
					16
				],
				"_iconAnchor": [
					8,
					8
				]
			}
		},
		{
			"type": "Feature",
			"geometry": {
				"type": "Point",
				"coordinates": [
					 131.2901,
					 33.2237
				]
			},
			"properties": {
				"name": "JA6/OT-023(野稲岳)",
				"読み":"Noinedake",
				"標高":"1038m 6pt ",
				"GL":"PM53pf",
				"市郡区":"C#4414 ",
				"登山日":"",
				"メモ":"",
				"_markerType": "Icon",
				"_iconUrl": "https://maps.gsi.go.jp/portal/sys/v4/symbols/103.png",
				"_iconSize": [
					16,
					16
				],
				"_iconAnchor": [
					8,
					8
				]
			}
		},
		{
			"type": "Feature",
			"geometry": {
				"type": "Point",
				"coordinates": [
					 131.236,
					 33.2618
				]
			},
			"properties": {
				"name": "JA6/OT-024(横山)",
				"読み":"Yokoyama",
				"標高":"1037m 6pt ",
				"GL":"PM53og",
				"市郡区":"G#44005B ",
				"登山日":"",
				"メモ":"",
				"_markerType": "Icon",
				"_iconUrl": "https://maps.gsi.go.jp/portal/sys/v4/symbols/103.png",
				"_iconSize": [
					16,
					16
				],
				"_iconAnchor": [
					8,
					8
				]
			}
		},
		{
			"type": "Feature",
			"geometry": {
				"type": "Point",
				"coordinates": [
					 131.0196,
					 33.4612
				]
			},
			"properties": {
				"name": "JA6/OT-025(中摩殿畑山)",
				"読み":"Nakamatonohatayama",
				"標高":"991m 6pt ",
				"GL":"PM53ml",
				"市郡区":"C#4403 ",
				"登山日":"",
				"メモ":"",
				"_markerType": "Icon",
				"_iconUrl": "https://maps.gsi.go.jp/portal/sys/v4/symbols/103.png",
				"_iconSize": [
					16,
					16
				],
				"_iconAnchor": [
					8,
					8
				]
			}
		},
		{
			"type": "Feature",
			"geometry": {
				"type": "Point",
				"coordinates": [
					 131.3575,
					 33.1631
				]
			},
			"properties": {
				"name": "JA6/OT-026(時山)",
				"読み":"Tokisan",
				"標高":"958m 6pt ",
				"GL":"PM53qd",
				"市郡区":"C#4414 ",
				"登山日":"",
				"メモ":"",
				"_markerType": "Icon",
				"_iconUrl": "https://maps.gsi.go.jp/portal/sys/v4/symbols/103.png",
				"_iconSize": [
					16,
					16
				],
				"_iconAnchor": [
					8,
					8
				]
			}
		},
		{
			"type": "Feature",
			"geometry": {
				"type": "Point",
				"coordinates": [
					 131.2935,
					 33.3362
				]
			},
			"properties": {
				"name": "JA6/OT-027(人見岳(三角点))",
				"読み":"Hitomidake",
				"標高":"921m 6pt ",
				"GL":"PM53pi",
				"市郡区":"G#44005A / C#4412 ",
				"登山日":"",
				"メモ":"",
				"_markerType": "Icon",
				"_iconUrl": "https://maps.gsi.go.jp/portal/sys/v4/symbols/103.png",
				"_iconSize": [
					16,
					16
				],
				"_iconAnchor": [
					8,
					8
				]
			}
		},
		{
			"type": "Feature",
			"geometry": {
				"type": "Point",
				"coordinates": [
					 130.9718,
					 33.4175
				]
			},
			"properties": {
				"name": "JA6/OT-028(所小野(三角点))",
				"読み":"Tokoroono",
				"標高":"918m 6pt ",
				"GL":"PM53lk",
				"市郡区":"C#4404 / C#4403 ",
				"登山日":"",
				"メモ":"",
				"_markerType": "Icon",
				"_iconUrl": "https://maps.gsi.go.jp/portal/sys/v4/symbols/103.png",
				"_iconSize": [
					16,
					16
				],
				"_iconAnchor": [
					8,
					8
				]
			}
		},
		{
			"type": "Feature",
			"geometry": {
				"type": "Point",
				"coordinates": [
					 131.2255,
					 33.3239
				]
			},
			"properties": {
				"name": "JA6/OT-029(黒岳)",
				"読み":"Kurodake",
				"標高":"891m 6pt ",
				"GL":"PM53oh",
				"市郡区":"G#44005A ",
				"登山日":"",
				"メモ":"",
				"_markerType": "Icon",
				"_iconUrl": "https://maps.gsi.go.jp/portal/sys/v4/symbols/103.png",
				"_iconSize": [
					16,
					16
				],
				"_iconAnchor": [
					8,
					8
				]
			}
		},
		{
			"type": "Feature",
			"geometry": {
				"type": "Point",
				"coordinates": [
					 131.0546,
					 33.46
				]
			},
			"properties": {
				"name": "JA6/OT-030(樋桶山)",
				"読み":"Hiokeyama",
				"標高":"877m 6pt ",
				"GL":"PM53ml",
				"市郡区":"C#4403 ",
				"登山日":"",
				"メモ":"",
				"_markerType": "Icon",
				"_iconUrl": "https://maps.gsi.go.jp/portal/sys/v4/symbols/103.png",
				"_iconSize": [
					16,
					16
				],
				"_iconAnchor": [
					8,
					8
				]
			}
		},
		{
			"type": "Feature",
			"geometry": {
				"type": "Point",
				"coordinates": [
					 131.4704,
					 33.0711
				]
			},
			"properties": {
				"name": "JA6/OT-031(日平(三角点))",
				"読み":"Hidaira",
				"標高":"859m 6pt ",
				"GL":"PM53rb",
				"市郡区":"C#4413 / C#4401 ",
				"登山日":"",
				"メモ":"",
				"_markerType": "Icon",
				"_iconUrl": "https://maps.gsi.go.jp/portal/sys/v4/symbols/103.png",
				"_iconSize": [
					16,
					16
				],
				"_iconAnchor": [
					8,
					8
				]
			}
		},
		{
			"type": "Feature",
			"geometry": {
				"type": "Point",
				"coordinates": [
					 131.2047,
					 33.2441
				]
			},
			"properties": {
				"name": "JA6/OT-032(青野山)",
				"読み":"Aoyasan",
				"標高":"851m 6pt ",
				"GL":"PM53of",
				"市郡区":"G#44005B ",
				"登山日":"",
				"メモ":"",
				"_markerType": "Icon",
				"_iconUrl": "https://maps.gsi.go.jp/portal/sys/v4/symbols/103.png",
				"_iconSize": [
					16,
					16
				],
				"_iconAnchor": [
					8,
					8
				]
			}
		},
		{
			"type": "Feature",
			"geometry": {
				"type": "Point",
				"coordinates": [
					 131.3821,
					 33.3272
				]
			},
			"properties": {
				"name": "JA6/OT-033(雛戸山)",
				"読み":"Hinadoyama",
				"標高":"831m 4pt ",
				"GL":"PM53qh",
				"市郡区":"C#4414 / C#4412 ",
				"登山日":"",
				"メモ":"",
				"_markerType": "Icon",
				"_iconUrl": "https://maps.gsi.go.jp/portal/sys/v4/symbols/828.png",
				"_iconSize": [
					16,
					16
				],
				"_iconAnchor": [
					8,
					8
				]
			}
		},
		{
			"type": "Feature",
			"geometry": {
				"type": "Point",
				"coordinates": [
					 131.1908,
					 33.2816
				]
			},
			"properties": {
				"name": "JA6/OT-034(宝山)",
				"読み":"Takarayama",
				"標高":"816m 4pt ",
				"GL":"PM53og",
				"市郡区":"G#44005A / G#44005B ",
				"登山日":"",
				"メモ":"",
				"_markerType": "Icon",
				"_iconUrl": "https://maps.gsi.go.jp/portal/sys/v4/symbols/828.png",
				"_iconSize": [
					16,
					16
				],
				"_iconAnchor": [
					8,
					8
				]
			}
		},
		{
			"type": "Feature",
			"geometry": {
				"type": "Point",
				"coordinates": [
					 131.5413,
					 33.1143
				]
			},
			"properties": {
				"name": "JA6/OT-035(御座ケ岳)",
				"読み":"Ozagatake",
				"標高":"797m 4pt ",
				"GL":"PM53sc",
				"市郡区":"C#4401 / C#4413 ",
				"登山日":"",
				"メモ":"",
				"_markerType": "Icon",
				"_iconUrl": "https://maps.gsi.go.jp/portal/sys/v4/symbols/828.png",
				"_iconSize": [
					16,
					16
				],
				"_iconAnchor": [
					8,
					8
				]
			}
		},
		{
			"type": "Feature",
			"geometry": {
				"type": "Point",
				"coordinates": [
					 131.394,
					 33.039
				]
			},
			"properties": {
				"name": "JA6/OT-036(亀ケ岳)",
				"読み":"Kamegadake",
				"標高":"768m 4pt ",
				"GL":"PM53qa",
				"市郡区":"C#4408 / C#4413 ",
				"登山日":"",
				"メモ":"",
				"_markerType": "Icon",
				"_iconUrl": "https://maps.gsi.go.jp/portal/sys/v4/symbols/828.png",
				"_iconSize": [
					16,
					16
				],
				"_iconAnchor": [
					8,
					8
				]
			}
		},
		{
			"type": "Feature",
			"geometry": {
				"type": "Point",
				"coordinates": [
					 131.4097,
					 33.153
				]
			},
			"properties": {
				"name": "JA6/OT-037(高塚)",
				"読み":"Takatsuka",
				"標高":"768m 4pt ",
				"GL":"PM53qd",
				"市郡区":"C#4408 / C#4414 ",
				"登山日":"",
				"メモ":"",
				"_markerType": "Icon",
				"_iconUrl": "https://maps.gsi.go.jp/portal/sys/v4/symbols/828.png",
				"_iconSize": [
					16,
					16
				],
				"_iconAnchor": [
					8,
					8
				]
			}
		},
		{
			"type": "Feature",
			"geometry": {
				"type": "Point",
				"coordinates": [
					 131.2527,
					 33.4346
				]
			},
			"properties": {
				"name": "JA6/OT-038(鹿嵐山)",
				"読み":"Kanaraseyama",
				"標高":"758m 4pt ",
				"GL":"PM53pk",
				"市郡区":"C#4412 ",
				"登山日":"",
				"メモ":"",
				"_markerType": "Icon",
				"_iconUrl": "https://maps.gsi.go.jp/portal/sys/v4/symbols/828.png",
				"_iconSize": [
					16,
					16
				],
				"_iconAnchor": [
					8,
					8
				]
			}
		},
		{
			"type": "Feature",
			"geometry": {
				"type": "Point",
				"coordinates": [
					 131.6457,
					 32.9531
				]
			},
			"properties": {
				"name": "JA6/OT-039(佩楯山)",
				"読み":"Haidatesan",
				"標高":"754m 4pt ",
				"GL":"PM52tw",
				"市郡区":"C#4413 / C#4405 ",
				"登山日":"",
				"メモ":"",
				"_markerType": "Icon",
				"_iconUrl": "https://maps.gsi.go.jp/portal/sys/v4/symbols/828.png",
				"_iconSize": [
					16,
					16
				],
				"_iconAnchor": [
					8,
					8
				]
			}
		},
		{
			"type": "Feature",
			"geometry": {
				"type": "Point",
				"coordinates": [
					 131.6626,
					 32.889
				]
			},
			"properties": {
				"name": "JA6/OT-040(酒利岳)",
				"読み":"Sakaridake",
				"標高":"753m 4pt ",
				"GL":"PM52tv",
				"市郡区":"C#4405 ",
				"登山日":"",
				"メモ":"",
				"_markerType": "Icon",
				"_iconUrl": "https://maps.gsi.go.jp/portal/sys/v4/symbols/828.png",
				"_iconSize": [
					16,
					16
				],
				"_iconAnchor": [
					8,
					8
				]
			}
		},
		{
			"type": "Feature",
			"geometry": {
				"type": "Point",
				"coordinates": [
					 131.5603,
					 33.1413
				]
			},
			"properties": {
				"name": "JA6/OT-041(障子岳)",
				"読み":"Shoujidake",
				"標高":"751m 4pt ",
				"GL":"PM53sd",
				"市郡区":"C#4401 ",
				"登山日":"",
				"メモ":"",
				"_markerType": "Icon",
				"_iconUrl": "https://maps.gsi.go.jp/portal/sys/v4/symbols/828.png",
				"_iconSize": [
					16,
					16
				],
				"_iconAnchor": [
					8,
					8
				]
			}
		},
		{
			"type": "Feature",
			"geometry": {
				"type": "Point",
				"coordinates": [
					 131.6298,
					 32.7857
				]
			},
			"properties": {
				"name": "JA6/OT-042(板戸山)",
				"読み":"Itadoyama",
				"標高":"747m 4pt ",
				"GL":"PM52ts",
				"市郡区":"C#4405 ",
				"登山日":"",
				"メモ":"",
				"_markerType": "Icon",
				"_iconUrl": "https://maps.gsi.go.jp/portal/sys/v4/symbols/828.png",
				"_iconSize": [
					16,
					16
				],
				"_iconAnchor": [
					8,
					8
				]
			}
		},
		{
			"type": "Feature",
			"geometry": {
				"type": "Point",
				"coordinates": [
					 131.0974,
					 33.332
				]
			},
			"properties": {
				"name": "JA6/OT-043(点740(野平(三角点)近傍))",
				"読み":"P740",
				"標高":"740m 4pt ",
				"GL":"PM53nh",
				"市郡区":"G#44005A ",
				"登山日":"",
				"メモ":"",
				"_markerType": "Icon",
				"_iconUrl": "https://maps.gsi.go.jp/portal/sys/v4/symbols/828.png",
				"_iconSize": [
					16,
					16
				],
				"_iconAnchor": [
					8,
					8
				]
			}
		},
		{
			"type": "Feature",
			"geometry": {
				"type": "Point",
				"coordinates": [
					 131.0898,
					 33.4915
				]
			},
			"properties": {
				"name": "JA6/OT-044(檜原山)",
				"読み":"Hibarusan",
				"標高":"735m 4pt ",
				"GL":"PM53nl",
				"市郡区":"C#4403 ",
				"登山日":"",
				"メモ":"",
				"_markerType": "Icon",
				"_iconUrl": "https://maps.gsi.go.jp/portal/sys/v4/symbols/828.png",
				"_iconSize": [
					16,
					16
				],
				"_iconAnchor": [
					8,
					8
				]
			}
		},
		{
			"type": "Feature",
			"geometry": {
				"type": "Point",
				"coordinates": [
					 131.0585,
					 33.3613
				]
			},
			"properties": {
				"name": "JA6/OT-045(点720(長尾野(三角点)近傍))",
				"読み":"P720",
				"標高":"720m 4pt ",
				"GL":"PM53mi",
				"市郡区":"C#4404 / G#44005A ",
				"登山日":"",
				"メモ":"",
				"_markerType": "Icon",
				"_iconUrl": "https://maps.gsi.go.jp/portal/sys/v4/symbols/828.png",
				"_iconSize": [
					16,
					16
				],
				"_iconAnchor": [
					8,
					8
				]
			}
		},
		{
			"type": "Feature",
			"geometry": {
				"type": "Point",
				"coordinates": [
					 131.6015,
					 33.5831
				]
			},
			"properties": {
				"name": "JA6/OT-046(両子山)",
				"読み":"Futagosan",
				"標高":"720m 4pt ",
				"GL":"PM53tn",
				"市郡区":"C#4415 ",
				"登山日":"",
				"メモ":"",
				"_markerType": "Icon",
				"_iconUrl": "https://maps.gsi.go.jp/portal/sys/v4/symbols/828.png",
				"_iconSize": [
					16,
					16
				],
				"_iconAnchor": [
					8,
					8
				]
			}
		},
		{
			"type": "Feature",
			"geometry": {
				"type": "Point",
				"coordinates": [
					 131.8052,
					 33.0517
				]
			},
			"properties": {
				"name": "JA6/OT-047(碁盤ケ岳)",
				"読み":"Gobangadake",
				"標高":"716m 4pt ",
				"GL":"PM53vb",
				"市郡区":"C#4407 ",
				"登山日":"",
				"メモ":"",
				"_markerType": "Icon",
				"_iconUrl": "https://maps.gsi.go.jp/portal/sys/v4/symbols/828.png",
				"_iconSize": [
					16,
					16
				],
				"_iconAnchor": [
					8,
					8
				]
			}
		},
		{
			"type": "Feature",
			"geometry": {
				"type": "Point",
				"coordinates": [
					 131.5942,
					 32.8776
				]
			},
			"properties": {
				"name": "JA6/OT-048(赤松戸上(三角点))",
				"読み":"Akamatsudokami",
				"標高":"712m 4pt ",
				"GL":"PM52tv",
				"市郡区":"C#4405 ",
				"登山日":"",
				"メモ":"",
				"_markerType": "Icon",
				"_iconUrl": "https://maps.gsi.go.jp/portal/sys/v4/symbols/828.png",
				"_iconSize": [
					16,
					16
				],
				"_iconAnchor": [
					8,
					8
				]
			}
		},
		{
			"type": "Feature",
			"geometry": {
				"type": "Point",
				"coordinates": [
					 131.0666,
					 33.2773
				]
			},
			"properties": {
				"name": "JA6/OT-049(鏡山)",
				"読み":"Kagamiyama",
				"標高":"675m 4pt ",
				"GL":"PM53mg",
				"市郡区":"G#44005A ",
				"登山日":"",
				"メモ":"",
				"_markerType": "Icon",
				"_iconUrl": "https://maps.gsi.go.jp/portal/sys/v4/symbols/828.png",
				"_iconSize": [
					16,
					16
				],
				"_iconAnchor": [
					8,
					8
				]
			}
		},
		{
			"type": "Feature",
			"geometry": {
				"type": "Point",
				"coordinates": [
					 131.1319,
					 33.4303
				]
			},
			"properties": {
				"name": "JA6/OT-050(鹿熊岳)",
				"読み":"Kagumadake",
				"標高":"665m 4pt ",
				"GL":"PM53nk",
				"市郡区":"C#4403 ",
				"登山日":"",
				"メモ":"",
				"_markerType": "Icon",
				"_iconUrl": "https://maps.gsi.go.jp/portal/sys/v4/symbols/828.png",
				"_iconSize": [
					16,
					16
				],
				"_iconAnchor": [
					8,
					8
				]
			}
		},
		{
			"type": "Feature",
			"geometry": {
				"type": "Point",
				"coordinates": [
					 131.13,
					 33.5022
				]
			},
			"properties": {
				"name": "JA6/OT-051(県界(三角点))",
				"読み":"Kenzakai",
				"標高":"662m 4pt ",
				"GL":"PM53nm",
				"市郡区":"C#4403 / G#40011F ",
				"登山日":"",
				"メモ":"",
				"_markerType": "Icon",
				"_iconUrl": "https://maps.gsi.go.jp/portal/sys/v4/symbols/828.png",
				"_iconSize": [
					16,
					16
				],
				"_iconAnchor": [
					8,
					8
				]
			}
		},
		{
			"type": "Feature",
			"geometry": {
				"type": "Point",
				"coordinates": [
					 131.2267,
					 33.4959
				]
			},
			"properties": {
				"name": "JA6/OT-052(八面山)",
				"読み":"Hachimenzan",
				"標高":"659m 4pt ",
				"GL":"PM53ol",
				"市郡区":"C#4403 ",
				"登山日":"",
				"メモ":"",
				"_markerType": "Icon",
				"_iconUrl": "https://maps.gsi.go.jp/portal/sys/v4/symbols/828.png",
				"_iconSize": [
					16,
					16
				],
				"_iconAnchor": [
					8,
					8
				]
			}
		},
		{
			"type": "Feature",
			"geometry": {
				"type": "Point",
				"coordinates": [
					 131.8003,
					 32.9854
				]
			},
			"properties": {
				"name": "JA6/OT-053(椿山)",
				"読み":"Tsubakiyama",
				"標高":"659m 4pt ",
				"GL":"PM52vx",
				"市郡区":"C#4405 ",
				"登山日":"",
				"メモ":"",
				"_markerType": "Icon",
				"_iconUrl": "https://maps.gsi.go.jp/portal/sys/v4/symbols/828.png",
				"_iconSize": [
					16,
					16
				],
				"_iconAnchor": [
					8,
					8
				]
			}
		},
		{
			"type": "Feature",
			"geometry": {
				"type": "Point",
				"coordinates": [
					 131.4089,
					 33.4831
				]
			},
			"properties": {
				"name": "JA6/OT-054(雲ケ岳)",
				"読み":"Kumogadake",
				"標高":"654m 4pt ",
				"GL":"PM53ql",
				"市郡区":"C#4412 / C#4411 ",
				"登山日":"",
				"メモ":"",
				"_markerType": "Icon",
				"_iconUrl": "https://maps.gsi.go.jp/portal/sys/v4/symbols/828.png",
				"_iconSize": [
					16,
					16
				],
				"_iconAnchor": [
					8,
					8
				]
			}
		},
		{
			"type": "Feature",
			"geometry": {
				"type": "Point",
				"coordinates": [
					 130.922,
					 33.4146
				]
			},
			"properties": {
				"name": "JA6/OT-055(点647)",
				"読み":"P647",
				"標高":"647m 2pt ",
				"GL":"PM53lj",
				"市郡区":"C#4404 ",
				"登山日":"",
				"メモ":"",
				"_markerType": "Icon",
				"_iconUrl": "https://maps.gsi.go.jp/portal/sys/v4/symbols/102.png",
				"_iconSize": [
					16,
					16
				],
				"_iconAnchor": [
					8,
					8
				]
			}
		},
		{
			"type": "Feature",
			"geometry": {
				"type": "Point",
				"coordinates": [
					 131.8406,
					 33.0118
				]
			},
			"properties": {
				"name": "JA6/OT-056(尺間山)",
				"読み":"Shakumasan",
				"標高":"641m 2pt ",
				"GL":"PM53wa",
				"市郡区":"C#4405 ",
				"登山日":"",
				"メモ":"",
				"_markerType": "Icon",
				"_iconUrl": "https://maps.gsi.go.jp/portal/sys/v4/symbols/102.png",
				"_iconSize": [
					16,
					16
				],
				"_iconAnchor": [
					8,
					8
				]
			}
		},
		{
			"type": "Feature",
			"geometry": {
				"type": "Point",
				"coordinates": [
					 131.8897,
					 33.0417
				]
			},
			"properties": {
				"name": "JA6/OT-057(彦岳)",
				"読み":"Hikodake",
				"標高":"639m 2pt ",
				"GL":"PM53wb",
				"市郡区":"C#4405 / C#4407 ",
				"登山日":"",
				"メモ":"",
				"_markerType": "Icon",
				"_iconUrl": "https://maps.gsi.go.jp/portal/sys/v4/symbols/102.png",
				"_iconSize": [
					16,
					16
				],
				"_iconAnchor": [
					8,
					8
				]
			}
		},
		{
			"type": "Feature",
			"geometry": {
				"type": "Point",
				"coordinates": [
					 131.1656,
					 33.4516
				]
			},
			"properties": {
				"name": "JA6/OT-058(大岳(木ノ子岳))",
				"読み":"Oodake/Kinokodake",
				"標高":"630m 2pt ",
				"GL":"PM53nk",
				"市郡区":"C#4403 ",
				"登山日":"",
				"メモ":"",
				"_markerType": "Icon",
				"_iconUrl": "https://maps.gsi.go.jp/portal/sys/v4/symbols/102.png",
				"_iconSize": [
					16,
					16
				],
				"_iconAnchor": [
					8,
					8
				]
			}
		},
		{
			"type": "Feature",
			"geometry": {
				"type": "Point",
				"coordinates": [
					 131.524,
					 33.252
				]
			},
			"properties": {
				"name": "JA6/OT-059(高崎山)",
				"読み":"Takasakiyama",
				"標高":"628m 2pt ",
				"GL":"PM53sg",
				"市郡区":"C#4401 ",
				"登山日":"",
				"メモ":"",
				"_markerType": "Icon",
				"_iconUrl": "https://maps.gsi.go.jp/portal/sys/v4/symbols/102.png",
				"_iconSize": [
					16,
					16
				],
				"_iconAnchor": [
					8,
					8
				]
			}
		},
		{
			"type": "Feature",
			"geometry": {
				"type": "Point",
				"coordinates": [
					 131.4959,
					 33.3895
				]
			},
			"properties": {
				"name": "JA6/OT-060(七ツ石山)",
				"読み":"Nanatsuishiyama",
				"標高":"623m 2pt ",
				"GL":"PM53rj",
				"市郡区":"C#4411 / G#44009A ",
				"登山日":"",
				"メモ":"",
				"_markerType": "Icon",
				"_iconUrl": "https://maps.gsi.go.jp/portal/sys/v4/symbols/102.png",
				"_iconSize": [
					16,
					16
				],
				"_iconAnchor": [
					8,
					8
				]
			}
		},
		{
			"type": "Feature",
			"geometry": {
				"type": "Point",
				"coordinates": [
					 131.1186,
					 33.3008
				]
			},
			"properties": {
				"name": "JA6/OT-061(牧ノ平(三角点))",
				"読み":"Makinodaira",
				"標高":"621m 2pt ",
				"GL":"PM53nh",
				"市郡区":"G#44005A ",
				"登山日":"",
				"メモ":"",
				"_markerType": "Icon",
				"_iconUrl": "https://maps.gsi.go.jp/portal/sys/v4/symbols/102.png",
				"_iconSize": [
					16,
					16
				],
				"_iconAnchor": [
					8,
					8
				]
			}
		},
		{
			"type": "Feature",
			"geometry": {
				"type": "Point",
				"coordinates": [
					 131.7836,
					 33.0649
				]
			},
			"properties": {
				"name": "JA6/OT-062(姫岳)",
				"読み":"Himedake",
				"標高":"620m 2pt ",
				"GL":"PM53vb",
				"市郡区":"C#4407 / C#4406 ",
				"登山日":"",
				"メモ":"",
				"_markerType": "Icon",
				"_iconUrl": "https://maps.gsi.go.jp/portal/sys/v4/symbols/102.png",
				"_iconSize": [
					16,
					16
				],
				"_iconAnchor": [
					8,
					8
				]
			}
		},
		{
			"type": "Feature",
			"geometry": {
				"type": "Point",
				"coordinates": [
					 131.6054,
					 33.599
				]
			},
			"properties": {
				"name": "JA6/OT-063(文珠山)",
				"読み":"Monjyusan",
				"標高":"616m 2pt ",
				"GL":"PM53to",
				"市郡区":"C#4415 ",
				"登山日":"",
				"メモ":"",
				"_markerType": "Icon",
				"_iconUrl": "https://maps.gsi.go.jp/portal/sys/v4/symbols/102.png",
				"_iconSize": [
					16,
					16
				],
				"_iconAnchor": [
					8,
					8
				]
			}
		},
		{
			"type": "Feature",
			"geometry": {
				"type": "Point",
				"coordinates": [
					 131.5226,
					 32.8928
				]
			},
			"properties": {
				"name": "JA6/OT-064(点613)",
				"読み":"P913",
				"標高":"613m 2pt ",
				"GL":"PM52sv",
				"市郡区":"C#4413 ",
				"登山日":"",
				"メモ":"",
				"_markerType": "Icon",
				"_iconUrl": "https://maps.gsi.go.jp/portal/sys/v4/symbols/102.png",
				"_iconSize": [
					16,
					16
				],
				"_iconAnchor": [
					8,
					8
				]
			}
		},
		{
			"type": "Feature",
			"geometry": {
				"type": "Point",
				"coordinates": [
					 131.5754,
					 33.1574
				]
			},
			"properties": {
				"name": "JA6/OT-065(霊山)",
				"読み":"Ryouzen",
				"標高":"610m 2pt ",
				"GL":"PM53sd",
				"市郡区":"C#4401 ",
				"登山日":"",
				"メモ":"",
				"_markerType": "Icon",
				"_iconUrl": "https://maps.gsi.go.jp/portal/sys/v4/symbols/102.png",
				"_iconSize": [
					16,
					16
				],
				"_iconAnchor": [
					8,
					8
				]
			}
		},
		{
			"type": "Feature",
			"geometry": {
				"type": "Point",
				"coordinates": [
					 131.5971,
					 33.6139
				]
			},
			"properties": {
				"name": "JA6/OT-066(千燈山)",
				"読み":"Sendoudake",
				"標高":"606m 2pt ",
				"GL":"PM53to",
				"市郡区":"C#4415 ",
				"登山日":"",
				"メモ":"",
				"_markerType": "Icon",
				"_iconUrl": "https://maps.gsi.go.jp/portal/sys/v4/symbols/102.png",
				"_iconSize": [
					16,
					16
				],
				"_iconAnchor": [
					8,
					8
				]
			}
		},
		{
			"type": "Feature",
			"geometry": {
				"type": "Point",
				"coordinates": [
					 131.7588,
					 32.9359
				]
			},
			"properties": {
				"name": "JA6/OT-067(米花山)",
				"読み":"Beikazan",
				"標高":"606m 2pt ",
				"GL":"PM52vw",
				"市郡区":"C#4405 ",
				"登山日":"",
				"メモ":"",
				"_markerType": "Icon",
				"_iconUrl": "https://maps.gsi.go.jp/portal/sys/v4/symbols/102.png",
				"_iconSize": [
					16,
					16
				],
				"_iconAnchor": [
					8,
					8
				]
			}
		},
		{
			"type": "Feature",
			"geometry": {
				"type": "Point",
				"coordinates": [
					 131.475,
					 33.5034
				]
			},
			"properties": {
				"name": "JA6/OT-068(華岳)",
				"読み":"Hanagatake",
				"標高":"593m 2pt ",
				"GL":"PM53rm",
				"市郡区":"C#4410 / C#4411 ",
				"登山日":"",
				"メモ":"",
				"_markerType": "Icon",
				"_iconUrl": "https://maps.gsi.go.jp/portal/sys/v4/symbols/102.png",
				"_iconSize": [
					16,
					16
				],
				"_iconAnchor": [
					8,
					8
				]
			}
		},
		{
			"type": "Feature",
			"geometry": {
				"type": "Point",
				"coordinates": [
					 131.9224,
					 32.8578
				]
			},
			"properties": {
				"name": "JA6/OT-069(点590)",
				"読み":"P590",
				"標高":"590m 2pt ",
				"GL":"PM52xu",
				"市郡区":"C#4405 ",
				"登山日":"",
				"メモ":"",
				"_markerType": "Icon",
				"_iconUrl": "https://maps.gsi.go.jp/portal/sys/v4/symbols/102.png",
				"_iconSize": [
					16,
					16
				],
				"_iconAnchor": [
					8,
					8
				]
			}
		},
		{
			"type": "Feature",
			"geometry": {
				"type": "Point",
				"coordinates": [
					 131.5453,
					 33.5991
				]
			},
			"properties": {
				"name": "JA6/OT-070(尻付山)",
				"読み":"Shiritsukisan",
				"標高":"587m 2pt ",
				"GL":"PM53so",
				"市郡区":"C#4410 ",
				"登山日":"",
				"メモ":"",
				"_markerType": "Icon",
				"_iconUrl": "https://maps.gsi.go.jp/portal/sys/v4/symbols/102.png",
				"_iconSize": [
					16,
					16
				],
				"_iconAnchor": [
					8,
					8
				]
			}
		},
		{
			"type": "Feature",
			"geometry": {
				"type": "Point",
				"coordinates": [
					 131.9633,
					 32.9043
				]
			},
			"properties": {
				"name": "JA6/OT-071(元越山)",
				"読み":"Motogoeyama",
				"標高":"582m 2pt ",
				"GL":"PM52xv",
				"市郡区":"C#4405 ",
				"登山日":"",
				"メモ":"",
				"_markerType": "Icon",
				"_iconUrl": "https://maps.gsi.go.jp/portal/sys/v4/symbols/102.png",
				"_iconSize": [
					16,
					16
				],
				"_iconAnchor": [
					8,
					8
				]
			}
		},
		{
			"type": "Feature",
			"geometry": {
				"type": "Point",
				"coordinates": [
					 131.476,
					 33.1549
				]
			},
			"properties": {
				"name": "JA6/OT-072(太田(三角点))",
				"読み":"Oota",
				"標高":"578m 2pt ",
				"GL":"PM53rd",
				"市郡区":"C#4401 / C#4414 ",
				"登山日":"",
				"メモ":"",
				"_markerType": "Icon",
				"_iconUrl": "https://maps.gsi.go.jp/portal/sys/v4/symbols/102.png",
				"_iconSize": [
					16,
					16
				],
				"_iconAnchor": [
					8,
					8
				]
			}
		},
		{
			"type": "Feature",
			"geometry": {
				"type": "Point",
				"coordinates": [
					 131.2923,
					 33.4725
				]
			},
			"properties": {
				"name": "JA6/OT-073(鬼落山)",
				"読み":"Oniotoshiyama",
				"標高":"576m 2pt ",
				"GL":"PM53pl",
				"市郡区":"C#4412 ",
				"登山日":"",
				"メモ":"",
				"_markerType": "Icon",
				"_iconUrl": "https://maps.gsi.go.jp/portal/sys/v4/symbols/102.png",
				"_iconSize": [
					16,
					16
				],
				"_iconAnchor": [
					8,
					8
				]
			}
		},
		{
			"type": "Feature",
			"geometry": {
				"type": "Point",
				"coordinates": [
					 131.2107,
					 33.4621
				]
			},
			"properties": {
				"name": "JA6/OT-074(奥畑(三角点))",
				"読み":"Okuhata",
				"標高":"574m 2pt ",
				"GL":"PM53ol",
				"市郡区":"C#4403 ",
				"登山日":"",
				"メモ":"",
				"_markerType": "Icon",
				"_iconUrl": "https://maps.gsi.go.jp/portal/sys/v4/symbols/102.png",
				"_iconSize": [
					16,
					16
				],
				"_iconAnchor": [
					8,
					8
				]
			}
		},
		{
			"type": "Feature",
			"geometry": {
				"type": "Point",
				"coordinates": [
					 131.7653,
					 33.0099
				]
			},
			"properties": {
				"name": "JA6/OT-075(ニガキの台)",
				"読み":"Nigakinodai",
				"標高":"566m 2pt ",
				"GL":"PM53va",
				"市郡区":"C#4406 ",
				"登山日":"",
				"メモ":"",
				"_markerType": "Icon",
				"_iconUrl": "https://maps.gsi.go.jp/portal/sys/v4/symbols/102.png",
				"_iconSize": [
					16,
					16
				],
				"_iconAnchor": [
					8,
					8
				]
			}
		},
		{
			"type": "Feature",
			"geometry": {
				"type": "Point",
				"coordinates": [
					 131.1423,
					 33.455
				]
			},
			"properties": {
				"name": "JA6/OT-076(無戸(三角点))",
				"読み":"Muto",
				"標高":"556m 2pt ",
				"GL":"PM53nk",
				"市郡区":"C#4403 ",
				"登山日":"",
				"メモ":"",
				"_markerType": "Icon",
				"_iconUrl": "https://maps.gsi.go.jp/portal/sys/v4/symbols/102.png",
				"_iconSize": [
					16,
					16
				],
				"_iconAnchor": [
					8,
					8
				]
			}
		},
		{
			"type": "Feature",
			"geometry": {
				"type": "Point",
				"coordinates": [
					 131.5416,
					 33.4741
				]
			},
			"properties": {
				"name": "JA6/OT-077(田原(三角点))",
				"読み":"Tahara",
				"標高":"543m 2pt ",
				"GL":"PM53sl",
				"市郡区":"C#4411 ",
				"登山日":"",
				"メモ":"",
				"_markerType": "Icon",
				"_iconUrl": "https://maps.gsi.go.jp/portal/sys/v4/symbols/102.png",
				"_iconSize": [
					16,
					16
				],
				"_iconAnchor": [
					8,
					8
				]
			}
		},
		{
			"type": "Feature",
			"geometry": {
				"type": "Point",
				"coordinates": [
					 131.3735,
					 33.4722
				]
			},
			"properties": {
				"name": "JA6/OT-078(大蔵山)",
				"読み":"Ookurayama",
				"標高":"543m 2pt ",
				"GL":"PM53ql",
				"市郡区":"C#4412 ",
				"登山日":"",
				"メモ":"",
				"_markerType": "Icon",
				"_iconUrl": "https://maps.gsi.go.jp/portal/sys/v4/symbols/102.png",
				"_iconSize": [
					16,
					16
				],
				"_iconAnchor": [
					8,
					8
				]
			}
		},
		{
			"type": "Feature",
			"geometry": {
				"type": "Point",
				"coordinates": [
					 131.5532,
					 33.5673
				]
			},
			"properties": {
				"name": "JA6/OT-079(屋山(八面山))",
				"読み":"Yayama/Hachimenzan",
				"標高":"543m 2pt ",
				"GL":"PM53sn",
				"市郡区":"C#4410 ",
				"登山日":"",
				"メモ":"",
				"_markerType": "Icon",
				"_iconUrl": "https://maps.gsi.go.jp/portal/sys/v4/symbols/102.png",
				"_iconSize": [
					16,
					16
				],
				"_iconAnchor": [
					8,
					8
				]
			}
		},
		{
			"type": "Feature",
			"geometry": {
				"type": "Point",
				"coordinates": [
					 131.3012,
					 33.4845
				]
			},
			"properties": {
				"name": "JA6/OT-080(石山)",
				"読み":"Ishiyama",
				"標高":"540m 2pt ",
				"GL":"PM53pl",
				"市郡区":"C#4412 ",
				"登山日":"",
				"メモ":"",
				"_markerType": "Icon",
				"_iconUrl": "https://maps.gsi.go.jp/portal/sys/v4/symbols/102.png",
				"_iconSize": [
					16,
					16
				],
				"_iconAnchor": [
					8,
					8
				]
			}
		},
		{
			"type": "Feature",
			"geometry": {
				"type": "Point",
				"coordinates": [
					 131.4544,
					 33.5134
				]
			},
			"properties": {
				"name": "JA6/OT-081(点540(津波戸(三角点)近傍))",
				"読み":"P540",
				"標高":"540m 2pt ",
				"GL":"PM53rm",
				"市郡区":"C#4410 / C#4411 ",
				"登山日":"",
				"メモ":"",
				"_markerType": "Icon",
				"_iconUrl": "https://maps.gsi.go.jp/portal/sys/v4/symbols/102.png",
				"_iconSize": [
					16,
					16
				],
				"_iconAnchor": [
					8,
					8
				]
			}
		},
		{
			"type": "Feature",
			"geometry": {
				"type": "Point",
				"coordinates": [
					 131.754,
					 33.1804
				]
			},
			"properties": {
				"name": "JA6/OT-082(再進峠)",
				"読み":"Saishintouge",
				"標高":"523m 2pt ",
				"GL":"PM53ve",
				"市郡区":"C#4406 / C#4401 ",
				"登山日":"",
				"メモ":"",
				"_markerType": "Icon",
				"_iconUrl": "https://maps.gsi.go.jp/portal/sys/v4/symbols/102.png",
				"_iconSize": [
					16,
					16
				],
				"_iconAnchor": [
					8,
					8
				]
			}
		},
		{
			"type": "Feature",
			"geometry": {
				"type": "Point",
				"coordinates": [
					 131.5782,
					 33.6128
				]
			},
			"properties": {
				"name": "JA6/OT-083(黒木山近傍)",
				"読み":"Kurokisan",
				"標高":"510m 2pt ",
				"GL":"PM53so",
				"市郡区":"C#4415 / C#4410 ",
				"登山日":"",
				"メモ":"",
				"_markerType": "Icon",
				"_iconUrl": "https://maps.gsi.go.jp/portal/sys/v4/symbols/102.png",
				"_iconSize": [
					16,
					16
				],
				"_iconAnchor": [
					8,
					8
				]
			}
		},
		{
			"type": "Feature",
			"geometry": {
				"type": "Point",
				"coordinates": [
					 130.8618,
					 33.3626
				]
			},
			"properties": {
				"name": "JA6/OT-084(点510(針目山近傍))",
				"読み":"P510",
				"標高":"510m 2pt ",
				"GL":"PM53ki",
				"市郡区":"C#4404 / C#4034 ",
				"登山日":"",
				"メモ":"",
				"_markerType": "Icon",
				"_iconUrl": "https://maps.gsi.go.jp/portal/sys/v4/symbols/102.png",
				"_iconSize": [
					16,
					16
				],
				"_iconAnchor": [
					8,
					8
				]
			}
		},
		{
			"type": "Feature",
			"geometry": {
				"type": "Point",
				"coordinates": [
					 131.834,
					 33.2067
				]
			},
			"properties": {
				"name": "JA6/OT-085(樅木山)",
				"読み":"Mominokiyama",
				"標高":"484m 1pt ",
				"GL":"PM53we",
				"市郡区":"C#4406 / C#4401 ",
				"登山日":"",
				"メモ":"",
				"_markerType": "Icon",
				"_iconUrl": "https://maps.gsi.go.jp/portal/sys/v4/symbols/826.png",
				"_iconSize": [
					16,
					16
				],
				"_iconAnchor": [
					8,
					8
				]
			}
		},
		{
			"type": "Feature",
			"geometry": {
				"type": "Point",
				"coordinates": [
					 131.2058,
					 33.477
				]
			},
			"properties": {
				"name": "JA6/OT-086(点483)",
				"読み":"P483",
				"標高":"483m 1pt ",
				"GL":"PM53ol",
				"市郡区":"C#4403 ",
				"登山日":"",
				"メモ":"",
				"_markerType": "Icon",
				"_iconUrl": "https://maps.gsi.go.jp/portal/sys/v4/symbols/826.png",
				"_iconSize": [
					16,
					16
				],
				"_iconAnchor": [
					8,
					8
				]
			}
		},
		{
			"type": "Feature",
			"geometry": {
				"type": "Point",
				"coordinates": [
					 131.3976,
					 33.4616
				]
			},
			"properties": {
				"name": "JA6/OT-087(米神山)",
				"読み":"Komekamiyama",
				"標高":"475m 1pt ",
				"GL":"PM53ql",
				"市郡区":"C#4412 ",
				"登山日":"",
				"メモ":"",
				"_markerType": "Icon",
				"_iconUrl": "https://maps.gsi.go.jp/portal/sys/v4/symbols/826.png",
				"_iconSize": [
					16,
					16
				],
				"_iconAnchor": [
					8,
					8
				]
			}
		},
		{
			"type": "Feature",
			"geometry": {
				"type": "Point",
				"coordinates": [
					 131.7013,
					 33.1498
				]
			},
			"properties": {
				"name": "JA6/OT-088(中戸次(三角点))",
				"読み":"Nakatoji",
				"標高":"464m 1pt ",
				"GL":"PM53ud",
				"市郡区":"C#4401 ",
				"登山日":"",
				"メモ":"",
				"_markerType": "Icon",
				"_iconUrl": "https://maps.gsi.go.jp/portal/sys/v4/symbols/826.png",
				"_iconSize": [
					16,
					16
				],
				"_iconAnchor": [
					8,
					8
				]
			}
		},
		{
			"type": "Feature",
			"geometry": {
				"type": "Point",
				"coordinates": [
					 131.5167,
					 33.6064
				]
			},
			"properties": {
				"name": "JA6/OT-089(猪群山)",
				"読み":"Inomuresan",
				"標高":"458m 1pt ",
				"GL":"PM53so",
				"市郡区":"C#4410 ",
				"登山日":"",
				"メモ":"",
				"_markerType": "Icon",
				"_iconUrl": "https://maps.gsi.go.jp/portal/sys/v4/symbols/826.png",
				"_iconSize": [
					16,
					16
				],
				"_iconAnchor": [
					8,
					8
				]
			}
		},
		{
			"type": "Feature",
			"geometry": {
				"type": "Point",
				"coordinates": [
					 131.5393,
					 33.0067
				]
			},
			"properties": {
				"name": "JA6/OT-090(点425)",
				"読み":"P425",
				"標高":"425m 1pt ",
				"GL":"PM53sa",
				"市郡区":"C#4413 ",
				"登山日":"",
				"メモ":"",
				"_markerType": "Icon",
				"_iconUrl": "https://maps.gsi.go.jp/portal/sys/v4/symbols/826.png",
				"_iconSize": [
					16,
					16
				],
				"_iconAnchor": [
					8,
					8
				]
			}
		},
		{
			"type": "Feature",
			"geometry": {
				"type": "Point",
				"coordinates": [
					 131.4709,
					 33.4508
				]
			},
			"properties": {
				"name": "JA6/OT-091(大村山)",
				"読み":"Oomuresan",
				"標高":"419m 1pt ",
				"GL":"PM53rk",
				"市郡区":"C#4411 ",
				"登山日":"",
				"メモ":"",
				"_markerType": "Icon",
				"_iconUrl": "https://maps.gsi.go.jp/portal/sys/v4/symbols/826.png",
				"_iconSize": [
					16,
					16
				],
				"_iconAnchor": [
					8,
					8
				]
			}
		},
		{
			"type": "Feature",
			"geometry": {
				"type": "Point",
				"coordinates": [
					 132.001,
					 32.8291
				]
			},
			"properties": {
				"name": "JA6/OT-092(仙崎山)",
				"読み":"Senzakiyama",
				"標高":"412m 1pt ",
				"GL":"PM62at",
				"市郡区":"C#4405 ",
				"登山日":"",
				"メモ":"",
				"_markerType": "Icon",
				"_iconUrl": "https://maps.gsi.go.jp/portal/sys/v4/symbols/826.png",
				"_iconSize": [
					16,
					16
				],
				"_iconAnchor": [
					8,
					8
				]
			}
		},
		{
			"type": "Feature",
			"geometry": {
				"type": "Point",
				"coordinates": [
					 130.8624,
					 33.31
				]
			},
			"properties": {
				"name": "JA6/OT-093(高井岳)",
				"読み":"Takaidake",
				"標高":"405m 1pt ",
				"GL":"PM53kh",
				"市郡区":"C#4404 / C#4031 ",
				"登山日":"",
				"メモ":"",
				"_markerType": "Icon",
				"_iconUrl": "https://maps.gsi.go.jp/portal/sys/v4/symbols/826.png",
				"_iconSize": [
					16,
					16
				],
				"_iconAnchor": [
					8,
					8
				]
			}
		},
		{
			"type": "Feature",
			"geometry": {
				"type": "Point",
				"coordinates": [
					 131.9384,
					 32.7912
				]
			},
			"properties": {
				"name": "JA6/OT-094(背平山)",
				"読み":"Sebirayama",
				"標高":"392m 1pt ",
				"GL":"PM52xs",
				"市郡区":"C#4405 ",
				"登山日":"",
				"メモ":"",
				"_markerType": "Icon",
				"_iconUrl": "https://maps.gsi.go.jp/portal/sys/v4/symbols/826.png",
				"_iconSize": [
					16,
					16
				],
				"_iconAnchor": [
					8,
					8
				]
			}
		},
		{
			"type": "Feature",
			"geometry": {
				"type": "Point",
				"coordinates": [
					 131.4802,
					 33.4694
				]
			},
			"properties": {
				"name": "JA6/OT-095(上平(三角点))",
				"読み":"Uedaira",
				"標高":"365m 1pt ",
				"GL":"PM53rl",
				"市郡区":"C#4411 ",
				"登山日":"",
				"メモ":"",
				"_markerType": "Icon",
				"_iconUrl": "https://maps.gsi.go.jp/portal/sys/v4/symbols/826.png",
				"_iconSize": [
					16,
					16
				],
				"_iconAnchor": [
					8,
					8
				]
			}
		},
		{
			"type": "Feature",
			"geometry": {
				"type": "Point",
				"coordinates": [
					 131.7555,
					 33.1196
				]
			},
			"properties": {
				"name": "JA6/OT-096(小野(三角点))",
				"読み":"Ono",
				"標高":"346m 1pt ",
				"GL":"PM53vc",
				"市郡区":"C#4406 ",
				"登山日":"",
				"メモ":"",
				"_markerType": "Icon",
				"_iconUrl": "https://maps.gsi.go.jp/portal/sys/v4/symbols/826.png",
				"_iconSize": [
					16,
					16
				],
				"_iconAnchor": [
					8,
					8
				]
			}
		},
		{
			"type": "Feature",
			"geometry": {
				"type": "Point",
				"coordinates": [
					 131.9784,
					 33.0558
				]
			},
			"properties": {
				"name": "JA6/OT-097(高平山)",
				"読み":"Takahirayama",
				"標高":"341m 1pt ",
				"GL":"PM53xb",
				"市郡区":"C#4405 / C#4407 ",
				"登山日":"",
				"メモ":"",
				"_markerType": "Icon",
				"_iconUrl": "https://maps.gsi.go.jp/portal/sys/v4/symbols/826.png",
				"_iconSize": [
					16,
					16
				],
				"_iconAnchor": [
					8,
					8
				]
			}
		},
		{
			"type": "Feature",
			"geometry": {
				"type": "Point",
				"coordinates": [
					 131.686,
					 33.0727
				]
			},
			"properties": {
				"name": "JA6/OT-098(烏岳)",
				"読み":"Karasudake",
				"標高":"330m 1pt ",
				"GL":"PM53ub",
				"市郡区":"C#4406 ",
				"登山日":"",
				"メモ":"",
				"_markerType": "Icon",
				"_iconUrl": "https://maps.gsi.go.jp/portal/sys/v4/symbols/826.png",
				"_iconSize": [
					16,
					16
				],
				"_iconAnchor": [
					8,
					8
				]
			}
		},
		{
			"type": "Feature",
			"geometry": {
				"type": "Point",
				"coordinates": [
					 131.8166,
					 32.9497
				]
			},
			"properties": {
				"name": "JA6/OT-099(左門ケ岳)",
				"読み":"Samagatake",
				"標高":"328m 1pt ",
				"GL":"PM52vw",
				"市郡区":"C#4405 ",
				"登山日":"",
				"メモ":"",
				"_markerType": "Icon",
				"_iconUrl": "https://maps.gsi.go.jp/portal/sys/v4/symbols/826.png",
				"_iconSize": [
					16,
					16
				],
				"_iconAnchor": [
					8,
					8
				]
			}
		},
		{
			"type": "Feature",
			"geometry": {
				"type": "Point",
				"coordinates": [
					 131.2465,
					 33.104
				]
			},
			"properties": {
				"name": "JA6/OT-100(くじゅう連山(三俣山))",
				"読み":"Kujyurenzan/Mimatayama",
				"標高":"1744m 10pt ",
				"GL":"PM53oc",
				"市郡区":"C#4408 / G#44005B ",
				"登山日":"",
				"メモ":"",
				"_markerType": "Icon",
				"_iconUrl": "https://maps.gsi.go.jp/portal/sys/v4/symbols/101.png",
				"_iconSize": [
					16,
					16
				],
				"_iconAnchor": [
					8,
					8
				]
			}
		},
		{
			"type": "Feature",
			"geometry": {
				"type": "Point",
				"coordinates": [
					 131.2728,
					 33.1122
				]
			},
			"properties": {
				"name": "JA6/OT-101(くじゅう連山(平治岳))",
				"読み":"Kujyurenzan/Hiijidake",
				"標高":"1643m 10pt ",
				"GL":"PM53pc",
				"市郡区":"C#4408 ",
				"登山日":"",
				"メモ":"",
				"_markerType": "Icon",
				"_iconUrl": "https://maps.gsi.go.jp/portal/sys/v4/symbols/101.png",
				"_iconSize": [
					16,
					16
				],
				"_iconAnchor": [
					8,
					8
				]
			}
		},
		{
			"type": "Feature",
			"geometry": {
				"type": "Point",
				"coordinates": [
					 131.3873,
					 32.8478
				]
			},
			"properties": {
				"name": "JA6/OT-102(大障子岩)",
				"読み":"Ooshoujiiwa",
				"標高":"1451m 8pt ",
				"GL":"PM52qu",
				"市郡区":"C#4413 / C#4408 ",
				"登山日":"",
				"メモ":"",
				"_markerType": "Icon",
				"_iconUrl": "https://maps.gsi.go.jp/portal/sys/v4/symbols/104.png",
				"_iconSize": [
					16,
					16
				],
				"_iconAnchor": [
					8,
					8
				]
			}
		},
		{
			"type": "Feature",
			"geometry": {
				"type": "Point",
				"coordinates": [
					 131.4204,
					 33.3002
				]
			},
			"properties": {
				"name": "JA6/OT-103(内山)",
				"読み":"Uchiyama",
				"標高":"1275m 8pt ",
				"GL":"PM53rh",
				"市郡区":"C#4414 / C#4402 ",
				"登山日":"",
				"メモ":"",
				"_markerType": "Icon",
				"_iconUrl": "https://maps.gsi.go.jp/portal/sys/v4/symbols/104.png",
				"_iconSize": [
					16,
					16
				],
				"_iconAnchor": [
					8,
					8
				]
			}
		},
		{
			"type": "Feature",
			"geometry": {
				"type": "Point",
				"coordinates": [
					 131.3741,
					 33.2289
				]
			},
			"properties": {
				"name": "JA6/OT-104(城ヶ岳)",
				"読み":"Shirogatake",
				"標高":"1168m 8pt ",
				"GL":"PM53qf",
				"市郡区":"C#4414 ",
				"登山日":"",
				"メモ":"",
				"_markerType": "Icon",
				"_iconUrl": "https://maps.gsi.go.jp/portal/sys/v4/symbols/104.png",
				"_iconSize": [
					16,
					16
				],
				"_iconAnchor": [
					8,
					8
				]
			}
		},
		{
			"type": "Feature",
			"geometry": {
				"type": "Point",
				"coordinates": [
					 131.3963,
					 33.2281
				]
			},
			"properties": {
				"name": "JA6/OT-105(点1106(雨乞岳近傍))",
				"読み":"P1106",
				"標高":"1106m 8pt ",
				"GL":"PM53qf",
				"市郡区":"C#4402 / C#4414 ",
				"登山日":"",
				"メモ":"",
				"_markerType": "Icon",
				"_iconUrl": "https://maps.gsi.go.jp/portal/sys/v4/symbols/104.png",
				"_iconSize": [
					16,
					16
				],
				"_iconAnchor": [
					8,
					8
				]
			}
		},
		{
			"type": "Feature",
			"geometry": {
				"type": "Point",
				"coordinates": [
					 130.9768,
					 33.4801
				]
			},
			"properties": {
				"name": "JA6/OT-106(三陀山)",
				"読み":"Sandayama",
				"標高":"930m 6pt ",
				"GL":"PM53ll",
				"市郡区":"C#4403 ",
				"登山日":"",
				"メモ":"",
				"_markerType": "Icon",
				"_iconUrl": "https://maps.gsi.go.jp/portal/sys/v4/symbols/103.png",
				"_iconSize": [
					16,
					16
				],
				"_iconAnchor": [
					8,
					8
				]
			}
		},
		{
			"type": "Feature",
			"geometry": {
				"type": "Point",
				"coordinates": [
					 131.3663,
					 33.2903
				]
			},
			"properties": {
				"name": "JA6/OT-107(飛岳)",
				"読み":"Tobidake",
				"標高":"924m 6pt ",
				"GL":"PM53qg",
				"市郡区":"C#4414 ",
				"登山日":"",
				"メモ":"",
				"_markerType": "Icon",
				"_iconUrl": "https://maps.gsi.go.jp/portal/sys/v4/symbols/103.png",
				"_iconSize": [
					16,
					16
				],
				"_iconAnchor": [
					8,
					8
				]
			}
		},
		{
			"type": "Feature",
			"geometry": {
				"type": "Point",
				"coordinates": [
					 131.0513,
					 33.4425
				]
			},
			"properties": {
				"name": "JA6/OT-108(点751)",
				"読み":"JA6/OT-108",
				"標高":"751m 4pt ",
				"GL":"PM53mk",
				"市郡区":"C#4403 ",
				"登山日":"",
				"メモ":"",
				"_markerType": "Icon",
				"_iconUrl": "https://maps.gsi.go.jp/portal/sys/v4/symbols/828.png",
				"_iconSize": [
					16,
					16
				],
				"_iconAnchor": [
					8,
					8
				]
			}
		},
		{
			"type": "Feature",
			"geometry": {
				"type": "Point",
				"coordinates": [
					 131.3806,
					 33.0232
				]
			},
			"properties": {
				"name": "JA6/OT-109(三宅山)",
				"読み":"Miyakeyama",
				"標高":"731m 4pt ",
				"GL":"PM53qa",
				"市郡区":"C#4408 / C#4413 ",
				"登山日":"",
				"メモ":"",
				"_markerType": "Icon",
				"_iconUrl": "https://maps.gsi.go.jp/portal/sys/v4/symbols/828.png",
				"_iconSize": [
					16,
					16
				],
				"_iconAnchor": [
					8,
					8
				]
			}
		},
		{
			"type": "Feature",
			"geometry": {
				"type": "Point",
				"coordinates": [
					 131.576,
					 32.8676
				]
			},
			"properties": {
				"name": "JA6/OT-110(柏山)",
				"読み":"Kashiwayama",
				"標高":"680m 4pt ",
				"GL":"PM52su",
				"市郡区":"C#4405 ",
				"登山日":"",
				"メモ":"",
				"_markerType": "Icon",
				"_iconUrl": "https://maps.gsi.go.jp/portal/sys/v4/symbols/828.png",
				"_iconSize": [
					16,
					16
				],
				"_iconAnchor": [
					8,
					8
				]
			}
		},
		{
			"type": "Feature",
			"geometry": {
				"type": "Point",
				"coordinates": [
					 130.9212,
					 33.391
				]
			},
			"properties": {
				"name": "JA6/OT-111(上宮山)",
				"読み":"Kamimiyayama",
				"標高":"644m 2pt ",
				"GL":"PM53lj",
				"市郡区":"C#4404 ",
				"登山日":"",
				"メモ":"",
				"_markerType": "Icon",
				"_iconUrl": "https://maps.gsi.go.jp/portal/sys/v4/symbols/102.png",
				"_iconSize": [
					16,
					16
				],
				"_iconAnchor": [
					8,
					8
				]
			}
		},
		{
			"type": "Feature",
			"geometry": {
				"type": "Point",
				"coordinates": [
					 131.5925,
					 32.7922
				]
			},
			"properties": {
				"name": "JA6/OT-112(鷹鳥屋(三角点))",
				"読み":"Takatoriya",
				"標高":"639m 2pt ",
				"GL":"PM52tt",
				"市郡区":"C#4405 ",
				"登山日":"",
				"メモ":"",
				"_markerType": "Icon",
				"_iconUrl": "https://maps.gsi.go.jp/portal/sys/v4/symbols/102.png",
				"_iconSize": [
					16,
					16
				],
				"_iconAnchor": [
					8,
					8
				]
			}
		},
		{
			"type": "Feature",
			"geometry": {
				"type": "Point",
				"coordinates": [
					 131.6809,
					 32.9512
				]
			},
			"properties": {
				"name": "JA6/OT-113(石峠山)",
				"読み":"Ishitougeyama",
				"標高":"621m 2pt ",
				"GL":"PM52uw",
				"市郡区":"C#4405 / C#4406 ",
				"登山日":"",
				"メモ":"",
				"_markerType": "Icon",
				"_iconUrl": "https://maps.gsi.go.jp/portal/sys/v4/symbols/102.png",
				"_iconSize": [
					16,
					16
				],
				"_iconAnchor": [
					8,
					8
				]
			}
		},
		{
			"type": "Feature",
			"geometry": {
				"type": "Point",
				"coordinates": [
					 131.5899,
					 33.1453
				]
			},
			"properties": {
				"name": "JA6/OT-114(本宮山)",
				"読み":"Motomiyayama",
				"標高":"607m 2pt ",
				"GL":"PM53td",
				"市郡区":"C#4401 ",
				"登山日":"",
				"メモ":"",
				"_markerType": "Icon",
				"_iconUrl": "https://maps.gsi.go.jp/portal/sys/v4/symbols/102.png",
				"_iconSize": [
					16,
					16
				],
				"_iconAnchor": [
					8,
					8
				]
			}
		},
		{
			"type": "Feature",
			"geometry": {
				"type": "Point",
				"coordinates": [
					 131.616,
					 33.5805
				]
			},
			"properties": {
				"name": "JA6/OT-115(牛嶽(三角点))",
				"読み":"Ushidake",
				"標高":"570m 2pt ",
				"GL":"PM53tn",
				"市郡区":"C#4415 ",
				"登山日":"",
				"メモ":"",
				"_markerType": "Icon",
				"_iconUrl": "https://maps.gsi.go.jp/portal/sys/v4/symbols/102.png",
				"_iconSize": [
					16,
					16
				],
				"_iconAnchor": [
					8,
					8
				]
			}
		},
		{
			"type": "Feature",
			"geometry": {
				"type": "Point",
				"coordinates": [
					 131.4893,
					 33.5162
				]
			},
			"properties": {
				"name": "JA6/OT-116(西叡山)",
				"読み":"Saieizan",
				"標高":"570m 2pt ",
				"GL":"PM53rm",
				"市郡区":"C#4410 ",
				"登山日":"",
				"メモ":"",
				"_markerType": "Icon",
				"_iconUrl": "https://maps.gsi.go.jp/portal/sys/v4/symbols/102.png",
				"_iconSize": [
					16,
					16
				],
				"_iconAnchor": [
					8,
					8
				]
			}
		},
		{
			"type": "Feature",
			"geometry": {
				"type": "Point",
				"coordinates": [
					 131.5531,
					 33.6031
				]
			},
			"properties": {
				"name": "JA6/OT-117(ハジカミ山)",
				"読み":"Hajikamiyama",
				"標高":"570m 2pt ",
				"GL":"PM53so",
				"市郡区":"C#4410 ",
				"登山日":"",
				"メモ":"",
				"_markerType": "Icon",
				"_iconUrl": "https://maps.gsi.go.jp/portal/sys/v4/symbols/102.png",
				"_iconSize": [
					16,
					16
				],
				"_iconAnchor": [
					8,
					8
				]
			}
		},
		{
			"type": "Feature",
			"geometry": {
				"type": "Point",
				"coordinates": [
					 131.6293,
					 33.5793
				]
			},
			"properties": {
				"name": "JA6/OT-118(大嶽山)",
				"読み":"Oodakesan",
				"標高":"560m 2pt ",
				"GL":"PM53tn",
				"市郡区":"C#4415 ",
				"登山日":"",
				"メモ":"",
				"_markerType": "Icon",
				"_iconUrl": "https://maps.gsi.go.jp/portal/sys/v4/symbols/102.png",
				"_iconSize": [
					16,
					16
				],
				"_iconAnchor": [
					8,
					8
				]
			}
		},
		{
			"type": "Feature",
			"geometry": {
				"type": "Point",
				"coordinates": [
					 131.6229,
					 33.597
				]
			},
			"properties": {
				"name": "JA6/OT-119(小門山)",
				"読み":"Kokadoyama",
				"標高":"534m 2pt ",
				"GL":"PM53to",
				"市郡区":"C#4415 ",
				"登山日":"",
				"メモ":"",
				"_markerType": "Icon",
				"_iconUrl": "https://maps.gsi.go.jp/portal/sys/v4/symbols/102.png",
				"_iconSize": [
					16,
					16
				],
				"_iconAnchor": [
					8,
					8
				]
			}
		},
		{
			"type": "Feature",
			"geometry": {
				"type": "Point",
				"coordinates": [
					 131.115,
					 33.4727
				]
			},
			"properties": {
				"name": "JA6/OT-120(烏帽子岳)",
				"読み":"Eboshidake",
				"標高":"532m 2pt ",
				"GL":"PM53nl",
				"市郡区":"C#4403 ",
				"登山日":"",
				"メモ":"",
				"_markerType": "Icon",
				"_iconUrl": "https://maps.gsi.go.jp/portal/sys/v4/symbols/102.png",
				"_iconSize": [
					16,
					16
				],
				"_iconAnchor": [
					8,
					8
				]
			}
		},
		{
			"type": "Feature",
			"geometry": {
				"type": "Point",
				"coordinates": [
					 131.5705,
					 33.5925
				]
			},
			"properties": {
				"name": "JA6/OT-121(伊美山)",
				"読み":"Imisan",
				"標高":"530m 2pt ",
				"GL":"PM53so",
				"市郡区":"C#4410 ",
				"登山日":"",
				"メモ":"",
				"_markerType": "Icon",
				"_iconUrl": "https://maps.gsi.go.jp/portal/sys/v4/symbols/102.png",
				"_iconSize": [
					16,
					16
				],
				"_iconAnchor": [
					8,
					8
				]
			}
		},
		{
			"type": "Feature",
			"geometry": {
				"type": "Point",
				"coordinates": [
					 131.2782,
					 33.4759
				]
			},
			"properties": {
				"name": "JA6/OT-122(高山)",
				"読み":"Takayama",
				"標高":"480m 1pt ",
				"GL":"PM53pl",
				"市郡区":"C#4412 ",
				"登山日":"",
				"メモ":"",
				"_markerType": "Icon",
				"_iconUrl": "https://maps.gsi.go.jp/portal/sys/v4/symbols/826.png",
				"_iconSize": [
					16,
					16
				],
				"_iconAnchor": [
					8,
					8
				]
			}
		},
		{
			"type": "Feature",
			"geometry": {
				"type": "Point",
				"coordinates": [
					 131.3223,
					 33.4816
				]
			},
			"properties": {
				"name": "JA6/OT-123(妙見山)",
				"読み":"Myokenzan",
				"標高":"444m 1pt ",
				"GL":"PM53pl",
				"市郡区":"C#4412 ",
				"登山日":"",
				"メモ":"",
				"_markerType": "Icon",
				"_iconUrl": "https://maps.gsi.go.jp/portal/sys/v4/symbols/826.png",
				"_iconSize": [
					16,
					16
				],
				"_iconAnchor": [
					8,
					8
				]
			}
		},
		{
			"type": "Feature",
			"geometry": {
				"type": "Point",
				"coordinates": [
					 131.2315,
					 33.4718
				]
			},
			"properties": {
				"name": "JA6/OT-124(烏泊(三角点))",
				"読み":"Karasudomari",
				"標高":"434m 1pt ",
				"GL":"PM53ol",
				"市郡区":"C#4403 ",
				"登山日":"",
				"メモ":"",
				"_markerType": "Icon",
				"_iconUrl": "https://maps.gsi.go.jp/portal/sys/v4/symbols/826.png",
				"_iconSize": [
					16,
					16
				],
				"_iconAnchor": [
					8,
					8
				]
			}
		},
		{
			"type": "Feature",
			"geometry": {
				"type": "Point",
				"coordinates": [
					 131.8449,
					 32.9154
				]
			},
			"properties": {
				"name": "JA6/OT-125(乳母ケ谷(三角点))",
				"読み":"Chibogaya",
				"標高":"423m 1pt ",
				"GL":"PM52wv",
				"市郡区":"C#4405 ",
				"登山日":"",
				"メモ":"",
				"_markerType": "Icon",
				"_iconUrl": "https://maps.gsi.go.jp/portal/sys/v4/symbols/826.png",
				"_iconSize": [
					16,
					16
				],
				"_iconAnchor": [
					8,
					8
				]
			}
		},
		{
			"type": "Feature",
			"geometry": {
				"type": "Point",
				"coordinates": [
					 131.2922,
					 33.4928
				]
			},
			"properties": {
				"name": "JA6/OT-126(稲積山)",
				"読み":"Inazumiyama",
				"標高":"406m 1pt ",
				"GL":"PM53pl",
				"市郡区":"C#4412 ",
				"登山日":"",
				"メモ":"",
				"_markerType": "Icon",
				"_iconUrl": "https://maps.gsi.go.jp/portal/sys/v4/symbols/826.png",
				"_iconSize": [
					16,
					16
				],
				"_iconAnchor": [
					8,
					8
				]
			}
		},
		{
			"type": "Feature",
			"geometry": {
				"type": "Point",
				"coordinates": [
					 131.6066,
					 32.8286
				]
			},
			"properties": {
				"name": "JA6/OT-127(烏岳(三角点))",
				"読み":"Karasudake",
				"標高":"376m 1pt ",
				"GL":"PM52tt",
				"市郡区":"C#4405 ",
				"登山日":"",
				"メモ":"",
				"_markerType": "Icon",
				"_iconUrl": "https://maps.gsi.go.jp/portal/sys/v4/symbols/826.png",
				"_iconSize": [
					16,
					16
				],
				"_iconAnchor": [
					8,
					8
				]
			}
		},
		{
			"type": "Feature",
			"geometry": {
				"type": "Point",
				"coordinates": [
					 131.7153,
					 33.0828
				]
			},
			"properties": {
				"name": "JA6/OT-128(武山)",
				"読み":"Takeyama",
				"標高":"317m 1pt ",
				"GL":"PM53ub",
				"市郡区":"C#4406 ",
				"登山日":"",
				"メモ":"",
				"_markerType": "Icon",
				"_iconUrl": "https://maps.gsi.go.jp/portal/sys/v4/symbols/826.png",
				"_iconSize": [
					16,
					16
				],
				"_iconAnchor": [
					8,
					8
				]
			}
		},
		{
			"type": "Feature",
			"geometry": {
				"type": "Point",
				"coordinates": [
					 131.267,
					 33.4877
				]
			},
			"properties": {
				"name": "JA6/OT-129(台山(三角点))",
				"読み":"Daiyama",
				"標高":"301m 1pt ",
				"GL":"PM53pl",
				"市郡区":"C#4403 / C#4412 ",
				"登山日":"",
				"メモ":"",
				"_markerType": "Icon",
				"_iconUrl": "https://maps.gsi.go.jp/portal/sys/v4/symbols/826.png",
				"_iconSize": [
					16,
					16
				],
				"_iconAnchor": [
					8,
					8
				]
			}
		},
		{
			"type": "Feature",
			"geometry": {
				"type": "Point",
				"coordinates": [
					 131.4043,
					 33.4499
				]
			},
			"properties": {
				"name": "JA6/OT-130(点300)",
				"読み":"P300",
				"標高":"300m 1pt ",
				"GL":"PM53qk",
				"市郡区":"C#4412 ",
				"登山日":"",
				"メモ":"",
				"_markerType": "Icon",
				"_iconUrl": "https://maps.gsi.go.jp/portal/sys/v4/symbols/826.png",
				"_iconSize": [
					16,
					16
				],
				"_iconAnchor": [
					8,
					8
				]
			}
		},
		{
			"type": "Feature",
			"geometry": {
				"type": "Point",
				"coordinates": [
					 131.6474,
					 33.0312
				]
			},
			"properties": {
				"name": "JA6/OT-131(笹輪(三角点))",
				"読み":"Sasawa",
				"標高":"295m 1pt ",
				"GL":"PM53ta",
				"市郡区":"C#4406 / C#4413 ",
				"登山日":"",
				"メモ":"",
				"_markerType": "Icon",
				"_iconUrl": "https://maps.gsi.go.jp/portal/sys/v4/symbols/826.png",
				"_iconSize": [
					16,
					16
				],
				"_iconAnchor": [
					8,
					8
				]
			}
		},
		{
			"type": "Feature",
			"geometry": {
				"type": "Point",
				"coordinates": [
					 131.6789,
					 33.0873
				]
			},
			"properties": {
				"name": "JA6/OT-132(点280)",
				"読み":"P280",
				"標高":"280m 1pt ",
				"GL":"PM53uc",
				"市郡区":"C#4401 / C#4413 ",
				"登山日":"",
				"メモ":"",
				"_markerType": "Icon",
				"_iconUrl": "https://maps.gsi.go.jp/portal/sys/v4/symbols/826.png",
				"_iconSize": [
					16,
					16
				],
				"_iconAnchor": [
					8,
					8
				]
			}
		},
		{
			"type": "Feature",
			"geometry": {
				"type": "Point",
				"coordinates": [
					 131.971,
					 32.796
				]
			},
			"properties": {
				"name": "JA6/OT-133(元猿山)",
				"読み":"Motozaruyama",
				"標高":"270m 1pt ",
				"GL":"PM52xt",
				"市郡区":"C#4405 ",
				"登山日":"",
				"メモ":"",
				"_markerType": "Icon",
				"_iconUrl": "https://maps.gsi.go.jp/portal/sys/v4/symbols/826.png",
				"_iconSize": [
					16,
					16
				],
				"_iconAnchor": [
					8,
					8
				]
			}
		},
		{
			"type": "Feature",
			"geometry": {
				"type": "Point",
				"coordinates": [
					 131.6665,
					 33.7219
				]
			},
			"properties": {
				"name": "JA6/OT-134(矢筈岳)",
				"読み":"Yahazudake",
				"標高":"266m 1pt ",
				"GL":"PM53ur",
				"市郡区":"G#44010A ",
				"登山日":"",
				"メモ":"",
				"_markerType": "Icon",
				"_iconUrl": "https://maps.gsi.go.jp/portal/sys/v4/symbols/826.png",
				"_iconSize": [
					16,
					16
				],
				"_iconAnchor": [
					8,
					8
				]
			}
		},
		{
			"type": "Feature",
			"geometry": {
				"type": "Point",
				"coordinates": [
					 132.0413,
					 32.9418
				]
			},
			"properties": {
				"name": "JA6/OT-135(ワルサ山)",
				"読み":"Warusayama",
				"標高":"265m 1pt ",
				"GL":"PM62aw",
				"市郡区":"C#4405 ",
				"登山日":"",
				"メモ":"",
				"_markerType": "Icon",
				"_iconUrl": "https://maps.gsi.go.jp/portal/sys/v4/symbols/826.png",
				"_iconSize": [
					16,
					16
				],
				"_iconAnchor": [
					8,
					8
				]
			}
		},
		{
			"type": "Feature",
			"geometry": {
				"type": "Point",
				"coordinates": [
					 131.8883,
					 32.7812
				]
			},
			"properties": {
				"name": "JA6/OT-136(高森(三角点))",
				"読み":"Takamori",
				"標高":"225m 1pt ",
				"GL":"PM52ws",
				"市郡区":"C#4405 ",
				"登山日":"",
				"メモ":"",
				"_markerType": "Icon",
				"_iconUrl": "https://maps.gsi.go.jp/portal/sys/v4/symbols/826.png",
				"_iconSize": [
					16,
					16
				],
				"_iconAnchor": [
					8,
					8
				]
			}
		},
		{
			"type": "Feature",
			"geometry": {
				"type": "Point",
				"coordinates": [
					 131.8518,
					 32.9684
				]
			},
			"properties": {
				"name": "JA6/OT-137(栂牟礼山)",
				"読み":"Togamuresan",
				"標高":"223m 1pt ",
				"GL":"PM52wx",
				"市郡区":"C#4405 ",
				"登山日":"",
				"メモ":"",
				"_markerType": "Icon",
				"_iconUrl": "https://maps.gsi.go.jp/portal/sys/v4/symbols/826.png",
				"_iconSize": [
					16,
					16
				],
				"_iconAnchor": [
					8,
					8
				]
			}
		},
		{
			"type": "Feature",
			"geometry": {
				"type": "Point",
				"coordinates": [
					 131.868,
					 32.9123
				]
			},
			"properties": {
				"name": "JA6/OT-138(泥谷（三角点近傍）)",
				"読み":"Hijiya",
				"標高":"216m 1pt ",
				"GL":"PM52wv",
				"市郡区":"C#4405 ",
				"登山日":"",
				"メモ":"",
				"_markerType": "Icon",
				"_iconUrl": "https://maps.gsi.go.jp/portal/sys/v4/symbols/826.png",
				"_iconSize": [
					16,
					16
				],
				"_iconAnchor": [
					8,
					8
				]
			}
		},
		{
			"type": "Feature",
			"geometry": {
				"type": "Point",
				"coordinates": [
					 131.8924,
					 32.9714
				]
			},
			"properties": {
				"name": "JA6/OT-139(臼坪山)",
				"読み":"Usutsuboyama",
				"標高":"211m 1pt ",
				"GL":"PM52wx",
				"市郡区":"C#4405 ",
				"登山日":"",
				"メモ":"",
				"_markerType": "Icon",
				"_iconUrl": "https://maps.gsi.go.jp/portal/sys/v4/symbols/826.png",
				"_iconSize": [
					16,
					16
				],
				"_iconAnchor": [
					8,
					8
				]
			}
		},
		{
			"type": "Feature",
			"geometry": {
				"type": "Point",
				"coordinates": [
					 131.9149,
					 32.7715
				]
			},
			"properties": {
				"name": "JA6/OT-140(龍王山)",
				"読み":"Ryuouyama",
				"標高":"199m 1pt ",
				"GL":"PM52ws",
				"市郡区":"C#4405 ",
				"登山日":"",
				"メモ":"",
				"_markerType": "Icon",
				"_iconUrl": "https://maps.gsi.go.jp/portal/sys/v4/symbols/826.png",
				"_iconSize": [
					16,
					16
				],
				"_iconAnchor": [
					8,
					8
				]
			}
		},
		{
			"type": "Feature",
			"geometry": {
				"type": "Point",
				"coordinates": [
					 131.8907,
					 33.26
				]
			},
			"properties": {
				"name": "JA6/OT-141(佐賀関(三角点))",
				"読み":"Sagaseki",
				"標高":"198m 1pt ",
				"GL":"PM53wg",
				"市郡区":"C#4401 ",
				"登山日":"",
				"メモ":"",
				"_markerType": "Icon",
				"_iconUrl": "https://maps.gsi.go.jp/portal/sys/v4/symbols/826.png",
				"_iconSize": [
					16,
					16
				],
				"_iconAnchor": [
					8,
					8
				]
			}
		},
		{
			"type": "Feature",
			"geometry": {
				"type": "Point",
				"coordinates": [
					 132.0713,
					 32.9608
				]
			},
			"properties": {
				"name": "JA6/OT-142(大島(三角点))",
				"読み":"Ooshima",
				"標高":"194m 1pt ",
				"GL":"PM62ax",
				"市郡区":"C#4405 ",
				"登山日":"",
				"メモ":"",
				"_markerType": "Icon",
				"_iconUrl": "https://maps.gsi.go.jp/portal/sys/v4/symbols/826.png",
				"_iconSize": [
					16,
					16
				],
				"_iconAnchor": [
					8,
					8
				]
			}
		},
		{
			"type": "Feature",
			"geometry": {
				"type": "Point",
				"coordinates": [
					 131.9223,
					 32.9891
				]
			},
			"properties": {
				"name": "JA6/OT-143(遠見山)",
				"読み":"Toomiyama",
				"標高":"193m 1pt ",
				"GL":"PM52xx",
				"市郡区":"C#4405 ",
				"登山日":"",
				"メモ":"",
				"_markerType": "Icon",
				"_iconUrl": "https://maps.gsi.go.jp/portal/sys/v4/symbols/826.png",
				"_iconSize": [
					16,
					16
				],
				"_iconAnchor": [
					8,
					8
				]
			}
		},
		{
			"type": "Feature",
			"geometry": {
				"type": "Point",
				"coordinates": [
					 131.8031,
					 33.1409
				]
			},
			"properties": {
				"name": "JA6/OT-144(三角台)",
				"読み":"Sankakudai",
				"標高":"190m 1pt ",
				"GL":"PM53vd",
				"市郡区":"C#4406 ",
				"登山日":"",
				"メモ":"",
				"_markerType": "Icon",
				"_iconUrl": "https://maps.gsi.go.jp/portal/sys/v4/symbols/826.png",
				"_iconSize": [
					16,
					16
				],
				"_iconAnchor": [
					8,
					8
				]
			}
		},
		{
			"type": "Feature",
			"geometry": {
				"type": "Point",
				"coordinates": [
					 132.0113,
					 33.104
				]
			},
			"properties": {
				"name": "JA6/OT-145(遠見山)",
				"読み":"Toomiyama",
				"標高":"179m 1pt ",
				"GL":"PM63ac",
				"市郡区":"C#4407 ",
				"登山日":"",
				"メモ":"",
				"_markerType": "Icon",
				"_iconUrl": "https://maps.gsi.go.jp/portal/sys/v4/symbols/826.png",
				"_iconSize": [
					16,
					16
				],
				"_iconAnchor": [
					8,
					8
				]
			}
		},
		{
			"type": "Feature",
			"geometry": {
				"type": "Point",
				"coordinates": [
					 131.8603,
					 33.1415
				]
			},
			"properties": {
				"name": "JA6/OT-146(津久見島)",
				"読み":"Tsukumijima",
				"標高":"166m 1pt ",
				"GL":"PM53wd",
				"市郡区":"C#4406 ",
				"登山日":"",
				"メモ":"",
				"_markerType": "Icon",
				"_iconUrl": "https://maps.gsi.go.jp/portal/sys/v4/symbols/826.png",
				"_iconSize": [
					16,
					16
				],
				"_iconAnchor": [
					8,
					8
				]
			}
		},
		{
			"type": "Feature",
			"geometry": {
				"type": "Point",
				"coordinates": [
					 131.902515,
					 32.79017
				]
			},
			"properties": {
				"name": "JA6/OT-147(赤石山)",
				"読み":"Akaishiyama",
				"標高":"171m 1pt ",
				"GL":"PM52ws",
				"市郡区":"C#4405 ",
				"登山日":"",
				"メモ":"",
				"_markerType": "Icon",
				"_iconUrl": "https://maps.gsi.go.jp/portal/sys/v4/symbols/826.png",
				"_iconSize": [
					16,
					16
				],
				"_iconAnchor": [
					8,
					8
				]
			}
		},
		{
			"type": "Feature",
			"geometry": {
				"type": "Point",
				"coordinates": [
					 131.3973,
					 32.861907
				]
			},
			"properties": {
				"name": "JA6/OT-148(障子岩)",
				"読み":"Shoujiiwa",
				"標高":"1409m 8pt ",
				"GL":"PM52qu",
				"市郡区":"C#4413 / C#4408 ",
				"登山日":"",
				"メモ":"",
				"_markerType": "Icon",
				"_iconUrl": "https://maps.gsi.go.jp/portal/sys/v4/symbols/104.png",
				"_iconSize": [
					16,
					16
				],
				"_iconAnchor": [
					8,
					8
				]
			}
		},
		{
			"type": "Feature",
			"geometry": {
				"type": "Point",
				"coordinates": [
					 130.949736,
					 33.487652
				]
			},
			"properties": {
				"name": "JA6/OT-149(点1021)",
				"読み":"JA6/OT-149",
				"標高":"1021m 6pt ",
				"GL":"PM53ll",
				"市郡区":"C#4403 / G#40015E / G#40009I",
				"登山日":"",
				"メモ":"",
				"_markerType": "Icon",
				"_iconUrl": "https://maps.gsi.go.jp/portal/sys/v4/symbols/103.png",
				"_iconSize": [
					16,
					16
				],
				"_iconAnchor": [
					8,
					8
				]
			}
		},
		{
			"type": "Feature",
			"geometry": {
				"type": "Point",
				"coordinates": [
					 131.611877,
					 32.913279
				]
			},
			"properties": {
				"name": "JA6/OT-150(三国峠(三角点))",
				"読み":"Mikunitouge",
				"標高":"664m 4pt ",
				"GL":"PM52tv",
				"市郡区":"C#4405 / C#4413 ",
				"登山日":"",
				"メモ":"",
				"_markerType": "Icon",
				"_iconUrl": "https://maps.gsi.go.jp/portal/sys/v4/symbols/828.png",
				"_iconSize": [
					16,
					16
				],
				"_iconAnchor": [
					8,
					8
				]
			}
		},
		{
			"type": "Feature",
			"geometry": {
				"type": "Point",
				"coordinates": [
					 131.587117,
					 33.095607
				]
			},
			"properties": {
				"name": "JA6/OT-151(水ノ元)",
				"読み":"Mizunomoto",
				"標高":"546m 2pt ",
				"GL":"PM53tc",
				"市郡区":"C#4413 ",
				"登山日":"",
				"メモ":"",
				"_markerType": "Icon",
				"_iconUrl": "https://maps.gsi.go.jp/portal/sys/v4/symbols/102.png",
				"_iconSize": [
					16,
					16
				],
				"_iconAnchor": [
					8,
					8
				]
			}
		},
		{
			"type": "Feature",
			"geometry": {
				"type": "Point",
				"coordinates": [
					 131.561751,
					 32.848839
				]
			},
			"properties": {
				"name": "JA6/OT-152(城山)",
				"読み":"Shiroyama",
				"標高":"536m 2pt ",
				"GL":"PM52su",
				"市郡区":"C#4405 ",
				"登山日":"",
				"メモ":"",
				"_markerType": "Icon",
				"_iconUrl": "https://maps.gsi.go.jp/portal/sys/v4/symbols/102.png",
				"_iconSize": [
					16,
					16
				],
				"_iconAnchor": [
					8,
					8
				]
			}
		},
		{
			"type": "Feature",
			"geometry": {
				"type": "Point",
				"coordinates": [
					 131.197872,
					 33.464564
				]
			},
			"properties": {
				"name": "JA6/OT-153(点522)",
				"読み":"JA6/OT-153",
				"標高":"522m 2pt ",
				"GL":"PM53ol",
				"市郡区":"C#4403 ",
				"登山日":"",
				"メモ":"",
				"_markerType": "Icon",
				"_iconUrl": "https://maps.gsi.go.jp/portal/sys/v4/symbols/102.png",
				"_iconSize": [
					16,
					16
				],
				"_iconAnchor": [
					8,
					8
				]
			}
		},
		{
			"type": "Feature",
			"geometry": {
				"type": "Point",
				"coordinates": [
					 131.409328,
					 32.946674
				]
			},
			"properties": {
				"name": "JA6/OT-154(小富士山)",
				"読み":"Kofujisan",
				"標高":"457m 1pt ",
				"GL":"PM52qw",
				"市郡区":"C#4413 ",
				"登山日":"",
				"メモ":"",
				"_markerType": "Icon",
				"_iconUrl": "https://maps.gsi.go.jp/portal/sys/v4/symbols/826.png",
				"_iconSize": [
					16,
					16
				],
				"_iconAnchor": [
					8,
					8
				]
			}
		},
		{
			"type": "Feature",
			"geometry": {
				"type": "Point",
				"coordinates": [
					 130.0763,
					 32.9875
				]
			},
			"properties": {
				"name": "JA6/SG-001(多良岳(経ケ岳))",
				"読み":"Taradake/Kyougadake",
				"標高":"1076m 6pt ",
				"GL":"PM52ax",
				"市郡区":"C#4107 / G#41007C / C#4205",
				"登山日":"",
				"メモ":"",
				"_markerType": "Icon",
				"_iconUrl": "https://maps.gsi.go.jp/portal/sys/v4/symbols/103.png",
				"_iconSize": [
					16,
					16
				],
				"_iconAnchor": [
					8,
					8
				]
			}
		},
		{
			"type": "Feature",
			"geometry": {
				"type": "Point",
				"coordinates": [
					 130.1429,
					 33.3389
				]
			},
			"properties": {
				"name": "JA6/SG-002(天山)",
				"読み":"Tenzan",
				"標高":"1046m 6pt ",
				"GL":"PM53bi",
				"市郡区":"C#4101 / C#4102 / C#4108",
				"登山日":"",
				"メモ":"",
				"_markerType": "Icon",
				"_iconUrl": "https://maps.gsi.go.jp/portal/sys/v4/symbols/103.png",
				"_iconSize": [
					16,
					16
				],
				"_iconAnchor": [
					8,
					8
				]
			}
		},
		{
			"type": "Feature",
			"geometry": {
				"type": "Point",
				"coordinates": [
					 130.2496,
					 33.4704
				]
			},
			"properties": {
				"name": "JA6/SG-003(井原山)",
				"読み":"Iwarayama",
				"標高":"982m 6pt ",
				"GL":"PM53cl",
				"市郡区":"C#4101 / C#4036 ",
				"登山日":"",
				"メモ":"",
				"_markerType": "Icon",
				"_iconUrl": "https://maps.gsi.go.jp/portal/sys/v4/symbols/103.png",
				"_iconSize": [
					16,
					16
				],
				"_iconAnchor": [
					8,
					8
				]
			}
		},
		{
			"type": "Feature",
			"geometry": {
				"type": "Point",
				"coordinates": [
					 130.3058,
					 33.4635
				]
			},
			"properties": {
				"name": "JA6/SG-004(金山)",
				"読み":"Kaneyama",
				"標高":"967m 6pt ",
				"GL":"PM53dl",
				"市郡区":"C#4101 / C#400107 ",
				"登山日":"",
				"メモ":"",
				"_markerType": "Icon",
				"_iconUrl": "https://maps.gsi.go.jp/portal/sys/v4/symbols/103.png",
				"_iconSize": [
					16,
					16
				],
				"_iconAnchor": [
					8,
					8
				]
			}
		},
		{
			"type": "Feature",
			"geometry": {
				"type": "Point",
				"coordinates": [
					 130.1228,
					 33.3759
				]
			},
			"properties": {
				"name": "JA6/SG-005(通石山)",
				"読み":"Tooriishiyama",
				"標高":"900m 6pt ",
				"GL":"PM53bj",
				"市郡区":"C#4102 ",
				"登山日":"",
				"メモ":"",
				"_markerType": "Icon",
				"_iconUrl": "https://maps.gsi.go.jp/portal/sys/v4/symbols/103.png",
				"_iconSize": [
					16,
					16
				],
				"_iconAnchor": [
					8,
					8
				]
			}
		},
		{
			"type": "Feature",
			"geometry": {
				"type": "Point",
				"coordinates": [
					 130.1757,
					 33.4654
				]
			},
			"properties": {
				"name": "JA6/SG-006(羽金山)",
				"読み":"Haganeyama",
				"標高":"900m 6pt ",
				"GL":"PM53cl",
				"市郡区":"C#4101 / C#4036 ",
				"登山日":"",
				"メモ":"",
				"_markerType": "Icon",
				"_iconUrl": "https://maps.gsi.go.jp/portal/sys/v4/symbols/103.png",
				"_iconSize": [
					16,
					16
				],
				"_iconAnchor": [
					8,
					8
				]
			}
		},
		{
			"type": "Feature",
			"geometry": {
				"type": "Point",
				"coordinates": [
					 130.0749,
					 33.3607
				]
			},
			"properties": {
				"name": "JA6/SG-007(897ピーク)",
				"読み":"897Peak",
				"標高":"897m 6pt ",
				"GL":"PM53ai",
				"市郡区":"C#4102 ",
				"登山日":"",
				"メモ":"",
				"_markerType": "Icon",
				"_iconUrl": "https://maps.gsi.go.jp/portal/sys/v4/symbols/103.png",
				"_iconSize": [
					16,
					16
				],
				"_iconAnchor": [
					8,
					8
				]
			}
		},
		{
			"type": "Feature",
			"geometry": {
				"type": "Point",
				"coordinates": [
					 130.446,
					 33.4167
				]
			},
			"properties": {
				"name": "JA6/SG-008(九千部山)",
				"読み":"Kusenbuyama",
				"標高":"848m 4pt ",
				"GL":"PM53fk",
				"市郡区":"C#4103 / C#4037 ",
				"登山日":"",
				"メモ":"",
				"_markerType": "Icon",
				"_iconUrl": "https://maps.gsi.go.jp/portal/sys/v4/symbols/828.png",
				"_iconSize": [
					16,
					16
				],
				"_iconAnchor": [
					8,
					8
				]
			}
		},
		{
			"type": "Feature",
			"geometry": {
				"type": "Point",
				"coordinates": [
					 130.0992,
					 33.47
				]
			},
			"properties": {
				"name": "JA6/SG-009(浮嶽)",
				"読み":"Ukidake",
				"標高":"805m 4pt ",
				"GL":"PM53bl",
				"市郡区":"C#4102 / C#4036 ",
				"登山日":"",
				"メモ":"",
				"_markerType": "Icon",
				"_iconUrl": "https://maps.gsi.go.jp/portal/sys/v4/symbols/828.png",
				"_iconSize": [
					16,
					16
				],
				"_iconAnchor": [
					8,
					8
				]
			}
		},
		{
			"type": "Feature",
			"geometry": {
				"type": "Point",
				"coordinates": [
					 129.8128,
					 33.2369
				]
			},
			"properties": {
				"name": "JA6/SG-010(国見山)",
				"読み":"Kunimiyama",
				"標高":"776m 4pt ",
				"GL":"PM43vf",
				"市郡区":"C#4105 / G#41005A / C#4202",
				"登山日":"",
				"メモ":"",
				"_markerType": "Icon",
				"_iconUrl": "https://maps.gsi.go.jp/portal/sys/v4/symbols/828.png",
				"_iconSize": [
					16,
					16
				],
				"_iconAnchor": [
					8,
					8
				]
			}
		},
		{
			"type": "Feature",
			"geometry": {
				"type": "Point",
				"coordinates": [
					 130.0272,
					 33.2824
				]
			},
			"properties": {
				"name": "JA6/SG-011(八幡岳)",
				"読み":"Hachimandake",
				"標高":"764m 4pt ",
				"GL":"PM53ag",
				"市郡区":"C#4102 / C#4106 ",
				"登山日":"",
				"メモ":"",
				"_markerType": "Icon",
				"_iconUrl": "https://maps.gsi.go.jp/portal/sys/v4/symbols/828.png",
				"_iconSize": [
					16,
					16
				],
				"_iconAnchor": [
					8,
					8
				]
			}
		},
		{
			"type": "Feature",
			"geometry": {
				"type": "Point",
				"coordinates": [
					 130.0511,
					 33.2895
				]
			},
			"properties": {
				"name": "JA6/SG-012(女山(船山))",
				"読み":"Onnayama(Funayama)",
				"標高":"695m 4pt ",
				"GL":"PM53ag",
				"市郡区":"C#4102 ",
				"登山日":"",
				"メモ":"",
				"_markerType": "Icon",
				"_iconUrl": "https://maps.gsi.go.jp/portal/sys/v4/symbols/828.png",
				"_iconSize": [
					16,
					16
				],
				"_iconAnchor": [
					8,
					8
				]
			}
		},
		{
			"type": "Feature",
			"geometry": {
				"type": "Point",
				"coordinates": [
					 129.8974,
					 33.2237
				]
			},
			"properties": {
				"name": "JA6/SG-013(青螺山)",
				"読み":"Seirazan",
				"標高":"618m 2pt ",
				"GL":"PM43wf",
				"市郡区":"C#4106 / C#4105 / G#41005A",
				"登山日":"",
				"メモ":"",
				"_markerType": "Icon",
				"_iconUrl": "https://maps.gsi.go.jp/portal/sys/v4/symbols/102.png",
				"_iconSize": [
					16,
					16
				],
				"_iconAnchor": [
					8,
					8
				]
			}
		},
		{
			"type": "Feature",
			"geometry": {
				"type": "Point",
				"coordinates": [
					 130.2386,
					 33.4001
				]
			},
			"properties": {
				"name": "JA6/SG-014(権現山)",
				"読み":"Gongenyama",
				"標高":"585m 2pt ",
				"GL":"PM53cj",
				"市郡区":"C#4101 ",
				"登山日":"",
				"メモ":"",
				"_markerType": "Icon",
				"_iconUrl": "https://maps.gsi.go.jp/portal/sys/v4/symbols/102.png",
				"_iconSize": [
					16,
					16
				],
				"_iconAnchor": [
					8,
					8
				]
			}
		},
		{
			"type": "Feature",
			"geometry": {
				"type": "Point",
				"coordinates": [
					 130.0681,
					 33.4726
				]
			},
			"properties": {
				"name": "JA6/SG-015(十坊山)",
				"読み":"Tonboyama",
				"標高":"535m 2pt ",
				"GL":"PM53al",
				"市郡区":"C#4102 / C#4036 ",
				"登山日":"",
				"メモ":"",
				"_markerType": "Icon",
				"_iconUrl": "https://maps.gsi.go.jp/portal/sys/v4/symbols/102.png",
				"_iconSize": [
					16,
					16
				],
				"_iconAnchor": [
					8,
					8
				]
			}
		},
		{
			"type": "Feature",
			"geometry": {
				"type": "Point",
				"coordinates": [
					 129.7882,
					 33.2938
				]
			},
			"properties": {
				"name": "JA6/SG-016(点524)",
				"読み":"P524",
				"標高":"524m 2pt ",
				"GL":"PM43vh",
				"市郡区":"C#4105 ",
				"登山日":"",
				"メモ":"",
				"_markerType": "Icon",
				"_iconUrl": "https://maps.gsi.go.jp/portal/sys/v4/symbols/102.png",
				"_iconSize": [
					16,
					16
				],
				"_iconAnchor": [
					8,
					8
				]
			}
		},
		{
			"type": "Feature",
			"geometry": {
				"type": "Point",
				"coordinates": [
					 129.9915,
					 33.2772
				]
			},
			"properties": {
				"name": "JA6/SG-017(眉山)",
				"読み":"Mayuyama",
				"標高":"518m 2pt ",
				"GL":"PM43xg",
				"市郡区":"C#4106 / C#4105 ",
				"登山日":"",
				"メモ":"",
				"_markerType": "Icon",
				"_iconUrl": "https://maps.gsi.go.jp/portal/sys/v4/symbols/102.png",
				"_iconSize": [
					16,
					16
				],
				"_iconAnchor": [
					8,
					8
				]
			}
		},
		{
			"type": "Feature",
			"geometry": {
				"type": "Point",
				"coordinates": [
					 130.3031,
					 33.3465
				]
			},
			"properties": {
				"name": "JA6/SG-018(金立山)",
				"読み":"Kinryuzan",
				"標高":"502m 2pt ",
				"GL":"PM53di",
				"市郡区":"C#4101 ",
				"登山日":"",
				"メモ":"",
				"_markerType": "Icon",
				"_iconUrl": "https://maps.gsi.go.jp/portal/sys/v4/symbols/102.png",
				"_iconSize": [
					16,
					16
				],
				"_iconAnchor": [
					8,
					8
				]
			}
		},
		{
			"type": "Feature",
			"geometry": {
				"type": "Point",
				"coordinates": [
					 130.0498,
					 33.0693
				]
			},
			"properties": {
				"name": "JA6/SG-019(琴路岳)",
				"読み":"Kotojidake",
				"標高":"501m 2pt ",
				"GL":"PM53ab",
				"市郡区":"C#4107 ",
				"登山日":"",
				"メモ":"",
				"_markerType": "Icon",
				"_iconUrl": "https://maps.gsi.go.jp/portal/sys/v4/symbols/102.png",
				"_iconSize": [
					16,
					16
				],
				"_iconAnchor": [
					8,
					8
				]
			}
		},
		{
			"type": "Feature",
			"geometry": {
				"type": "Point",
				"coordinates": [
					 129.8704,
					 33.2434
				]
			},
			"properties": {
				"name": "JA6/SG-020(腰岳)",
				"読み":"Koshidake",
				"標高":"488m 1pt ",
				"GL":"PM43wf",
				"市郡区":"C#4105 ",
				"登山日":"",
				"メモ":"",
				"_markerType": "Icon",
				"_iconUrl": "https://maps.gsi.go.jp/portal/sys/v4/symbols/826.png",
				"_iconSize": [
					16,
					16
				],
				"_iconAnchor": [
					8,
					8
				]
			}
		},
		{
			"type": "Feature",
			"geometry": {
				"type": "Point",
				"coordinates": [
					 130.1066,
					 33.2357
				]
			},
			"properties": {
				"name": "JA6/SG-021(点480(鬼ノ鼻山近傍))",
				"読み":"P480",
				"標高":"480m 1pt ",
				"GL":"PM53bf",
				"市郡区":"C#4104 / G#41003B ",
				"登山日":"",
				"メモ":"",
				"_markerType": "Icon",
				"_iconUrl": "https://maps.gsi.go.jp/portal/sys/v4/symbols/826.png",
				"_iconSize": [
					16,
					16
				],
				"_iconAnchor": [
					8,
					8
				]
			}
		},
		{
			"type": "Feature",
			"geometry": {
				"type": "Point",
				"coordinates": [
					 129.9445,
					 33.1647
				]
			},
			"properties": {
				"name": "JA6/SG-022(神六山)",
				"読み":"Jinrokuzan",
				"標高":"447m 1pt ",
				"GL":"PM43xd",
				"市郡区":"C#4106 ",
				"登山日":"",
				"メモ":"",
				"_markerType": "Icon",
				"_iconUrl": "https://maps.gsi.go.jp/portal/sys/v4/symbols/826.png",
				"_iconSize": [
					16,
					16
				],
				"_iconAnchor": [
					8,
					8
				]
			}
		},
		{
			"type": "Feature",
			"geometry": {
				"type": "Point",
				"coordinates": [
					 130.0398,
					 33.2502
				]
			},
			"properties": {
				"name": "JA6/SG-023(徳連岳)",
				"読み":"Tokurendake",
				"標高":"444m 1pt ",
				"GL":"PM53ag",
				"市郡区":"C#4104 / C#4106 ",
				"登山日":"",
				"メモ":"",
				"_markerType": "Icon",
				"_iconUrl": "https://maps.gsi.go.jp/portal/sys/v4/symbols/826.png",
				"_iconSize": [
					16,
					16
				],
				"_iconAnchor": [
					8,
					8
				]
			}
		},
		{
			"type": "Feature",
			"geometry": {
				"type": "Point",
				"coordinates": [
					 129.9129,
					 33.3279
				]
			},
			"properties": {
				"name": "JA6/SG-024(大野岳)",
				"読み":"Oonodake",
				"標高":"424m 1pt ",
				"GL":"PM43wh",
				"市郡区":"C#4105 ",
				"登山日":"",
				"メモ":"",
				"_markerType": "Icon",
				"_iconUrl": "https://maps.gsi.go.jp/portal/sys/v4/symbols/826.png",
				"_iconSize": [
					16,
					16
				],
				"_iconAnchor": [
					8,
					8
				]
			}
		},
		{
			"type": "Feature",
			"geometry": {
				"type": "Point",
				"coordinates": [
					 130.0372,
					 33.1074
				]
			},
			"properties": {
				"name": "JA6/SG-025(唐泉山)",
				"読み":"Tousenzan",
				"標高":"410m 1pt ",
				"GL":"PM53ac",
				"市郡区":"C#4109 ",
				"登山日":"",
				"メモ":"",
				"_markerType": "Icon",
				"_iconUrl": "https://maps.gsi.go.jp/portal/sys/v4/symbols/826.png",
				"_iconSize": [
					16,
					16
				],
				"_iconAnchor": [
					8,
					8
				]
			}
		},
		{
			"type": "Feature",
			"geometry": {
				"type": "Point",
				"coordinates": [
					 129.8978,
					 33.3096
				]
			},
			"properties": {
				"name": "JA6/SG-026(城古岳)",
				"読み":"Jyoukodake",
				"標高":"404m 1pt ",
				"GL":"PM43wh",
				"市郡区":"C#4105 ",
				"登山日":"",
				"メモ":"",
				"_markerType": "Icon",
				"_iconUrl": "https://maps.gsi.go.jp/portal/sys/v4/symbols/826.png",
				"_iconSize": [
					16,
					16
				],
				"_iconAnchor": [
					8,
					8
				]
			}
		},
		{
			"type": "Feature",
			"geometry": {
				"type": "Point",
				"coordinates": [
					 130.0767,
					 33.172
				]
			},
			"properties": {
				"name": "JA6/SG-027(点370(犬山岳近傍))",
				"読み":"P370",
				"標高":"370m 1pt ",
				"GL":"PM53ae",
				"市郡区":"G#41003G / C#4109 / C#4106",
				"登山日":"",
				"メモ":"",
				"_markerType": "Icon",
				"_iconUrl": "https://maps.gsi.go.jp/portal/sys/v4/symbols/826.png",
				"_iconSize": [
					16,
					16
				],
				"_iconAnchor": [
					8,
					8
				]
			}
		},
		{
			"type": "Feature",
			"geometry": {
				"type": "Point",
				"coordinates": [
					 129.9312,
					 33.2299
				]
			},
			"properties": {
				"name": "JA6/SG-028(黒岳)",
				"読み":"Kurodake",
				"標高":"368m 1pt ",
				"GL":"PM43xf",
				"市郡区":"C#4106 / C#4105 ",
				"登山日":"",
				"メモ":"",
				"_markerType": "Icon",
				"_iconUrl": "https://maps.gsi.go.jp/portal/sys/v4/symbols/826.png",
				"_iconSize": [
					16,
					16
				],
				"_iconAnchor": [
					8,
					8
				]
			}
		},
		{
			"type": "Feature",
			"geometry": {
				"type": "Point",
				"coordinates": [
					 130.1562,
					 33.2584
				]
			},
			"properties": {
				"name": "JA6/SG-029(両子山)",
				"読み":"Futagoyama",
				"標高":"366m 1pt ",
				"GL":"PM53bg",
				"市郡区":"C#4104 ",
				"登山日":"",
				"メモ":"",
				"_markerType": "Icon",
				"_iconUrl": "https://maps.gsi.go.jp/portal/sys/v4/symbols/826.png",
				"_iconSize": [
					16,
					16
				],
				"_iconAnchor": [
					8,
					8
				]
			}
		},
		{
			"type": "Feature",
			"geometry": {
				"type": "Point",
				"coordinates": [
					 129.906,
					 33.1814
				]
			},
			"properties": {
				"name": "JA6/SG-030(金山岳)",
				"読み":"Kanayamadake",
				"標高":"352m 1pt ",
				"GL":"PM43we",
				"市郡区":"G#41005A ",
				"登山日":"",
				"メモ":"",
				"_markerType": "Icon",
				"_iconUrl": "https://maps.gsi.go.jp/portal/sys/v4/symbols/826.png",
				"_iconSize": [
					16,
					16
				],
				"_iconAnchor": [
					8,
					8
				]
			}
		},
		{
			"type": "Feature",
			"geometry": {
				"type": "Point",
				"coordinates": [
					 130.0158,
					 33.1492
				]
			},
			"properties": {
				"name": "JA6/SG-031(大谷(三角点))",
				"読み":"Ootani",
				"標高":"337m 1pt ",
				"GL":"PM53ad",
				"市郡区":"C#4109 / C#4106 ",
				"登山日":"",
				"メモ":"",
				"_markerType": "Icon",
				"_iconUrl": "https://maps.gsi.go.jp/portal/sys/v4/symbols/826.png",
				"_iconSize": [
					16,
					16
				],
				"_iconAnchor": [
					8,
					8
				]
			}
		},
		{
			"type": "Feature",
			"geometry": {
				"type": "Point",
				"coordinates": [
					 130.0008,
					 33.2049
				]
			},
			"properties": {
				"name": "JA6/SG-032(蓬莱山)",
				"読み":"Houraisan",
				"標高":"330m 1pt ",
				"GL":"PM53ae",
				"市郡区":"C#4106 ",
				"登山日":"",
				"メモ":"",
				"_markerType": "Icon",
				"_iconUrl": "https://maps.gsi.go.jp/portal/sys/v4/symbols/826.png",
				"_iconSize": [
					16,
					16
				],
				"_iconAnchor": [
					8,
					8
				]
			}
		},
		{
			"type": "Feature",
			"geometry": {
				"type": "Point",
				"coordinates": [
					 129.9784,
					 33.3566
				]
			},
			"properties": {
				"name": "JA6/SG-033(岸岳)",
				"読み":"Kishidake",
				"標高":"320m 1pt ",
				"GL":"PM43xi",
				"市郡区":"C#4102 ",
				"登山日":"",
				"メモ":"",
				"_markerType": "Icon",
				"_iconUrl": "https://maps.gsi.go.jp/portal/sys/v4/symbols/826.png",
				"_iconSize": [
					16,
					16
				],
				"_iconAnchor": [
					8,
					8
				]
			}
		},
		{
			"type": "Feature",
			"geometry": {
				"type": "Point",
				"coordinates": [
					 130.0239,
					 33.4294
				]
			},
			"properties": {
				"name": "JA6/SG-034(鏡山(領巾振山))",
				"読み":"Kagamiyama/Hirefuriyama",
				"標高":"284m 1pt ",
				"GL":"PM53ak",
				"市郡区":"C#4102 ",
				"登山日":"",
				"メモ":"",
				"_markerType": "Icon",
				"_iconUrl": "https://maps.gsi.go.jp/portal/sys/v4/symbols/826.png",
				"_iconSize": [
					16,
					16
				],
				"_iconAnchor": [
					8,
					8
				]
			}
		},
		{
			"type": "Feature",
			"geometry": {
				"type": "Point",
				"coordinates": [
					 129.919,
					 33.4377
				]
			},
			"properties": {
				"name": "JA6/SG-035(梨川内(三角点))",
				"読み":"Nashikouchi",
				"標高":"269m 1pt ",
				"GL":"PM43xk",
				"市郡区":"C#4102 ",
				"登山日":"",
				"メモ":"",
				"_markerType": "Icon",
				"_iconUrl": "https://maps.gsi.go.jp/portal/sys/v4/symbols/826.png",
				"_iconSize": [
					16,
					16
				],
				"_iconAnchor": [
					8,
					8
				]
			}
		},
		{
			"type": "Feature",
			"geometry": {
				"type": "Point",
				"coordinates": [
					 130.1947,
					 33.342
				]
			},
			"properties": {
				"name": "JA6/SG-036(彦岳)",
				"読み":"Hikodake",
				"標高":"845m 4pt ",
				"GL":"PM53ci",
				"市郡区":"C#4101 / C#4108 ",
				"登山日":"",
				"メモ":"",
				"_markerType": "Icon",
				"_iconUrl": "https://maps.gsi.go.jp/portal/sys/v4/symbols/828.png",
				"_iconSize": [
					16,
					16
				],
				"_iconAnchor": [
					8,
					8
				]
			}
		},
		{
			"type": "Feature",
			"geometry": {
				"type": "Point",
				"coordinates": [
					 130.1596,
					 33.3737
				]
			},
			"properties": {
				"name": "JA6/SG-037(白石山)",
				"読み":"Shiraishiyama",
				"標高":"794m 4pt ",
				"GL":"PM53bi",
				"市郡区":"C#4101 ",
				"登山日":"",
				"メモ":"",
				"_markerType": "Icon",
				"_iconUrl": "https://maps.gsi.go.jp/portal/sys/v4/symbols/828.png",
				"_iconSize": [
					16,
					16
				],
				"_iconAnchor": [
					8,
					8
				]
			}
		},
		{
			"type": "Feature",
			"geometry": {
				"type": "Point",
				"coordinates": [
					 130.1159,
					 33.4749
				]
			},
			"properties": {
				"name": "JA6/SG-038(女岳)",
				"読み":"Onnadake",
				"標高":"748m 4pt ",
				"GL":"PM53bl",
				"市郡区":"C#4102 / C#4036 ",
				"登山日":"",
				"メモ":"",
				"_markerType": "Icon",
				"_iconUrl": "https://maps.gsi.go.jp/portal/sys/v4/symbols/828.png",
				"_iconSize": [
					16,
					16
				],
				"_iconAnchor": [
					8,
					8
				]
			}
		},
		{
			"type": "Feature",
			"geometry": {
				"type": "Point",
				"coordinates": [
					 130.2224,
					 33.384
				]
			},
			"properties": {
				"name": "JA6/SG-039(須田山)",
				"読み":"Sudayama",
				"標高":"531m 2pt ",
				"GL":"PM53cj",
				"市郡区":"C#4101 ",
				"登山日":"",
				"メモ":"",
				"_markerType": "Icon",
				"_iconUrl": "https://maps.gsi.go.jp/portal/sys/v4/symbols/102.png",
				"_iconSize": [
					16,
					16
				],
				"_iconAnchor": [
					8,
					8
				]
			}
		},
		{
			"type": "Feature",
			"geometry": {
				"type": "Point",
				"coordinates": [
					 129.9017,
					 33.2142
				]
			},
			"properties": {
				"name": "JA6/SG-040(黒髪山)",
				"読み":"Kurokamiyama",
				"標高":"516m 2pt ",
				"GL":"PM43wf",
				"市郡区":"C#4106 / G#41005A ",
				"登山日":"",
				"メモ":"",
				"_markerType": "Icon",
				"_iconUrl": "https://maps.gsi.go.jp/portal/sys/v4/symbols/102.png",
				"_iconSize": [
					16,
					16
				],
				"_iconAnchor": [
					8,
					8
				]
			}
		},
		{
			"type": "Feature",
			"geometry": {
				"type": "Point",
				"coordinates": [
					 130.3266,
					 33.3608
				]
			},
			"properties": {
				"name": "JA6/SG-041(腰巻山)",
				"読み":"Koshimakiyama",
				"標高":"514m 2pt ",
				"GL":"PM53di",
				"市郡区":"C#4110 / C#4101 ",
				"登山日":"",
				"メモ":"",
				"_markerType": "Icon",
				"_iconUrl": "https://maps.gsi.go.jp/portal/sys/v4/symbols/102.png",
				"_iconSize": [
					16,
					16
				],
				"_iconAnchor": [
					8,
					8
				]
			}
		},
		{
			"type": "Feature",
			"geometry": {
				"type": "Point",
				"coordinates": [
					 130.0813,
					 33.0585
				]
			},
			"properties": {
				"name": "JA6/SG-042(浄土山)",
				"読み":"Jyoudoyama",
				"標高":"500m 2pt ",
				"GL":"PM53ab",
				"市郡区":"C#4107 ",
				"登山日":"",
				"メモ":"",
				"_markerType": "Icon",
				"_iconUrl": "https://maps.gsi.go.jp/portal/sys/v4/symbols/102.png",
				"_iconSize": [
					16,
					16
				],
				"_iconAnchor": [
					8,
					8
				]
			}
		},
		{
			"type": "Feature",
			"geometry": {
				"type": "Point",
				"coordinates": [
					 130.0873,
					 33.144
				]
			},
			"properties": {
				"name": "JA6/SG-043(白岩山)",
				"読み":"Shiroiwayama",
				"標高":"340m 1pt ",
				"GL":"PM53bd",
				"市郡区":"G#41003G ",
				"登山日":"",
				"メモ":"",
				"_markerType": "Icon",
				"_iconUrl": "https://maps.gsi.go.jp/portal/sys/v4/symbols/826.png",
				"_iconSize": [
					16,
					16
				],
				"_iconAnchor": [
					8,
					8
				]
			}
		},
		{
			"type": "Feature",
			"geometry": {
				"type": "Point",
				"coordinates": [
					 130.0028,
					 33.2208
				]
			},
			"properties": {
				"name": "JA6/SG-044(赤穂山)",
				"読み":"Akouyama",
				"標高":"306m 1pt ",
				"GL":"PM53af",
				"市郡区":"C#4106 ",
				"登山日":"",
				"メモ":"",
				"_markerType": "Icon",
				"_iconUrl": "https://maps.gsi.go.jp/portal/sys/v4/symbols/826.png",
				"_iconSize": [
					16,
					16
				],
				"_iconAnchor": [
					8,
					8
				]
			}
		},
		{
			"type": "Feature",
			"geometry": {
				"type": "Point",
				"coordinates": [
					 129.9918,
					 33.2312
				]
			},
			"properties": {
				"name": "JA6/SG-045(竹古場山)",
				"読み":"Takekobayama",
				"標高":"302m 1pt ",
				"GL":"PM43xf",
				"市郡区":"C#4106 ",
				"登山日":"",
				"メモ":"",
				"_markerType": "Icon",
				"_iconUrl": "https://maps.gsi.go.jp/portal/sys/v4/symbols/826.png",
				"_iconSize": [
					16,
					16
				],
				"_iconAnchor": [
					8,
					8
				]
			}
		},
		{
			"type": "Feature",
			"geometry": {
				"type": "Point",
				"coordinates": [
					 129.9952,
					 33.3295
				]
			},
			"properties": {
				"name": "JA6/SG-046(日ノ高地山)",
				"読み":"Hinokouchiyama",
				"標高":"288m 1pt ",
				"GL":"PM43xh",
				"市郡区":"C#4102 ",
				"登山日":"",
				"メモ":"",
				"_markerType": "Icon",
				"_iconUrl": "https://maps.gsi.go.jp/portal/sys/v4/symbols/826.png",
				"_iconSize": [
					16,
					16
				],
				"_iconAnchor": [
					8,
					8
				]
			}
		},
		{
			"type": "Feature",
			"geometry": {
				"type": "Point",
				"coordinates": [
					 129.9547,
					 33.2885
				]
			},
			"properties": {
				"name": "JA6/SG-047(大陣岳)",
				"読み":"Daijindake",
				"標高":"268m 1pt ",
				"GL":"PM43xg",
				"市郡区":"C#4105 ",
				"登山日":"",
				"メモ":"",
				"_markerType": "Icon",
				"_iconUrl": "https://maps.gsi.go.jp/portal/sys/v4/symbols/826.png",
				"_iconSize": [
					16,
					16
				],
				"_iconAnchor": [
					8,
					8
				]
			}
		},
		{
			"type": "Feature",
			"geometry": {
				"type": "Point",
				"coordinates": [
					 129.9194,
					 33.2676
				]
			},
			"properties": {
				"name": "JA6/SG-048(今岳)",
				"読み":"Imadake",
				"標高":"254m 1pt ",
				"GL":"PM43xg",
				"市郡区":"C#4105 ",
				"登山日":"",
				"メモ":"",
				"_markerType": "Icon",
				"_iconUrl": "https://maps.gsi.go.jp/portal/sys/v4/symbols/826.png",
				"_iconSize": [
					16,
					16
				],
				"_iconAnchor": [
					8,
					8
				]
			}
		},
		{
			"type": "Feature",
			"geometry": {
				"type": "Point",
				"coordinates": [
					 129.9989,
					 33.362
				]
			},
			"properties": {
				"name": "JA6/SG-049(点252)",
				"読み":"P252",
				"標高":"252m 1pt ",
				"GL":"PM43xi",
				"市郡区":"C#4102 ",
				"登山日":"",
				"メモ":"",
				"_markerType": "Icon",
				"_iconUrl": "https://maps.gsi.go.jp/portal/sys/v4/symbols/826.png",
				"_iconSize": [
					16,
					16
				],
				"_iconAnchor": [
					8,
					8
				]
			}
		},
		{
			"type": "Feature",
			"geometry": {
				"type": "Point",
				"coordinates": [
					 129.9504,
					 33.2054
				]
			},
			"properties": {
				"name": "JA6/SG-050(長砂古(三角点))",
				"読み":"Nagasako",
				"標高":"247m 1pt ",
				"GL":"PM43xe",
				"市郡区":"C#4106 ",
				"登山日":"",
				"メモ":"",
				"_markerType": "Icon",
				"_iconUrl": "https://maps.gsi.go.jp/portal/sys/v4/symbols/826.png",
				"_iconSize": [
					16,
					16
				],
				"_iconAnchor": [
					8,
					8
				]
			}
		},
		{
			"type": "Feature",
			"geometry": {
				"type": "Point",
				"coordinates": [
					 129.75,
					 33.5743
				]
			},
			"properties": {
				"name": "JA6/SG-051(番所ノ辻)",
				"読み":"Bansyonotsuji",
				"標高":"237m 1pt ",
				"GL":"PM43vn",
				"市郡区":"C#4102 ",
				"登山日":"",
				"メモ":"",
				"_markerType": "Icon",
				"_iconUrl": "https://maps.gsi.go.jp/portal/sys/v4/symbols/826.png",
				"_iconSize": [
					16,
					16
				],
				"_iconAnchor": [
					8,
					8
				]
			}
		},
		{
			"type": "Feature",
			"geometry": {
				"type": "Point",
				"coordinates": [
					 130.1008,
					 33.2747
				]
			},
			"properties": {
				"name": "JA6/SG-052(山崎山)",
				"読み":"Yamasakiyama",
				"標高":"212m 1pt ",
				"GL":"PM53bg",
				"市郡区":"C#4104 ",
				"登山日":"",
				"メモ":"",
				"_markerType": "Icon",
				"_iconUrl": "https://maps.gsi.go.jp/portal/sys/v4/symbols/826.png",
				"_iconSize": [
					16,
					16
				],
				"_iconAnchor": [
					8,
					8
				]
			}
		},
		{
			"type": "Feature",
			"geometry": {
				"type": "Point",
				"coordinates": [
					 129.9651,
					 33.3848
				]
			},
			"properties": {
				"name": "JA6/SG-053(霧差山)",
				"読み":"Kirisashiyama",
				"標高":"209m 1pt ",
				"GL":"PM43xj",
				"市郡区":"C#4102 ",
				"登山日":"",
				"メモ":"",
				"_markerType": "Icon",
				"_iconUrl": "https://maps.gsi.go.jp/portal/sys/v4/symbols/826.png",
				"_iconSize": [
					16,
					16
				],
				"_iconAnchor": [
					8,
					8
				]
			}
		},
		{
			"type": "Feature",
			"geometry": {
				"type": "Point",
				"coordinates": [
					 130.0194,
					 33.184
				]
			},
			"properties": {
				"name": "JA6/SG-054(御船山)",
				"読み":"Mifuneyama",
				"標高":"207m 1pt ",
				"GL":"PM53ae",
				"市郡区":"C#4106 ",
				"登山日":"",
				"メモ":"",
				"_markerType": "Icon",
				"_iconUrl": "https://maps.gsi.go.jp/portal/sys/v4/symbols/826.png",
				"_iconSize": [
					16,
					16
				],
				"_iconAnchor": [
					8,
					8
				]
			}
		},
		{
			"type": "Feature",
			"geometry": {
				"type": "Point",
				"coordinates": [
					 129.9633,
					 33.4803
				]
			},
			"properties": {
				"name": "JA6/SG-055(大島(三角点))",
				"読み":"Ooshima",
				"標高":"175m 1pt ",
				"GL":"PM43xl",
				"市郡区":"C#4102 ",
				"登山日":"",
				"メモ":"",
				"_markerType": "Icon",
				"_iconUrl": "https://maps.gsi.go.jp/portal/sys/v4/symbols/826.png",
				"_iconSize": [
					16,
					16
				],
				"_iconAnchor": [
					8,
					8
				]
			}
		},
		{
			"type": "Feature",
			"geometry": {
				"type": "Point",
				"coordinates": [
					 129.9914,
					 33.478
				]
			},
			"properties": {
				"name": "JA6/SG-056(高島)",
				"読み":"Takashima",
				"標高":"170m 1pt ",
				"GL":"PM43xl",
				"市郡区":"C#4102 ",
				"登山日":"",
				"メモ":"",
				"_markerType": "Icon",
				"_iconUrl": "https://maps.gsi.go.jp/portal/sys/v4/symbols/826.png",
				"_iconSize": [
					16,
					16
				],
				"_iconAnchor": [
					8,
					8
				]
			}
		}
	]
}
