{
	"type": "FeatureCollection",
	"features": [
		{
			"type": "Feature",
			"geometry": {
				"type": "Point",
				"coordinates": [
					 140.303,
					 40.6559
				]
			},
			"properties": {
				"name": "JA/AM-001(岩木山)",
				"読み":"Iwakisan",
				"標高":"1625m 10pt ",
				"GL":"QN00dp",
				"市郡区":"C#0202 ",
				"登山日":"",
				"メモ":"",
				"_markerType": "Icon",
				"_iconUrl": "https://maps.gsi.go.jp/portal/sys/v4/symbols/101.png",
				"_iconSize": [
					16,
					16
				],
				"_iconAnchor": [
					8,
					8
				]
			}
		},
		{
			"type": "Feature",
			"geometry": {
				"type": "Point",
				"coordinates": [
					 140.8773,
					 40.6589
				]
			},
			"properties": {
				"name": "JA/AM-002(八甲田山(大岳))",
				"読み":"Hakkoudasan/Oodake",
				"標高":"1585m 10pt ",
				"GL":"QN00kp",
				"市郡区":"C#0201 ",
				"登山日":"",
				"メモ":"",
				"_markerType": "Icon",
				"_iconUrl": "https://maps.gsi.go.jp/portal/sys/v4/symbols/101.png",
				"_iconSize": [
					16,
					16
				],
				"_iconAnchor": [
					8,
					8
				]
			}
		},
		{
			"type": "Feature",
			"geometry": {
				"type": "Point",
				"coordinates": [
					 140.8426,
					 40.6032
				]
			},
			"properties": {
				"name": "JA/AM-003(櫛ヶ峯(上岳))",
				"読み":"Kushigamine/Kamidake",
				"標高":"1517m 10pt ",
				"GL":"QN00ko",
				"市郡区":"C#0204 / C#0210 ",
				"登山日":"",
				"メモ":"",
				"_markerType": "Icon",
				"_iconUrl": "https://maps.gsi.go.jp/portal/sys/v4/symbols/101.png",
				"_iconSize": [
					16,
					16
				],
				"_iconAnchor": [
					8,
					8
				]
			}
		},
		{
			"type": "Feature",
			"geometry": {
				"type": "Point",
				"coordinates": [
					 140.0454,
					 40.5239
				]
			},
			"properties": {
				"name": "JA/AM-004(向白神岳)",
				"読み":"Mukaishirakamidake",
				"標高":"1250m 8pt ",
				"GL":"QN00am",
				"市郡区":"G#02006H ",
				"登山日":"",
				"メモ":"",
				"_markerType": "Icon",
				"_iconUrl": "https://maps.gsi.go.jp/portal/sys/v4/symbols/104.png",
				"_iconSize": [
					16,
					16
				],
				"_iconAnchor": [
					8,
					8
				]
			}
		},
		{
			"type": "Feature",
			"geometry": {
				"type": "Point",
				"coordinates": [
					 141.0015,
					 40.4529
				]
			},
			"properties": {
				"name": "JA/AM-005(戸来岳(三ッ岳))",
				"読み":"Heraidake/Mitsudake",
				"標高":"1159m 8pt ",
				"GL":"QN00mk",
				"市郡区":"G#02003F / C#0206 ",
				"登山日":"",
				"メモ":"",
				"_markerType": "Icon",
				"_iconUrl": "https://maps.gsi.go.jp/portal/sys/v4/symbols/104.png",
				"_iconSize": [
					16,
					16
				],
				"_iconAnchor": [
					8,
					8
				]
			}
		},
		{
			"type": "Feature",
			"geometry": {
				"type": "Point",
				"coordinates": [
					 140.3273,
					 40.4814
				]
			},
			"properties": {
				"name": "JA/AM-006(陣場岳)",
				"読み":"Jinbadake",
				"標高":"1050m 6pt ",
				"GL":"QN00dl",
				"市郡区":"G#02005B / C#0202 ",
				"登山日":"",
				"メモ":"",
				"_markerType": "Icon",
				"_iconUrl": "https://maps.gsi.go.jp/portal/sys/v4/symbols/103.png",
				"_iconSize": [
					16,
					16
				],
				"_iconAnchor": [
					8,
					8
				]
			}
		},
		{
			"type": "Feature",
			"geometry": {
				"type": "Point",
				"coordinates": [
					 140.9552,
					 40.6472
				]
			},
			"properties": {
				"name": "JA/AM-007(黒森)",
				"読み":"Kuromori",
				"標高":"1023m 6pt ",
				"GL":"QN00lp",
				"市郡区":"C#0201 / C#0206 ",
				"登山日":"",
				"メモ":"",
				"_markerType": "Icon",
				"_iconUrl": "https://maps.gsi.go.jp/portal/sys/v4/symbols/103.png",
				"_iconSize": [
					16,
					16
				],
				"_iconAnchor": [
					8,
					8
				]
			}
		},
		{
			"type": "Feature",
			"geometry": {
				"type": "Point",
				"coordinates": [
					 140.9988,
					 40.7032
				]
			},
			"properties": {
				"name": "JA/AM-008(八幡岳)",
				"読み":"Hachimandake",
				"標高":"1020m 6pt ",
				"GL":"QN00lq",
				"市郡区":"G#02001B ",
				"登山日":"",
				"メモ":"",
				"_markerType": "Icon",
				"_iconUrl": "https://maps.gsi.go.jp/portal/sys/v4/symbols/103.png",
				"_iconSize": [
					16,
					16
				],
				"_iconAnchor": [
					8,
					8
				]
			}
		},
		{
			"type": "Feature",
			"geometry": {
				"type": "Point",
				"coordinates": [
					 140.0996,
					 40.4828
				]
			},
			"properties": {
				"name": "JA/AM-009(摩須賀岳)",
				"読み":"Masugadake",
				"標高":"1012m 6pt ",
				"GL":"QN00bl",
				"市郡区":"G#02006E ",
				"登山日":"",
				"メモ":"",
				"_markerType": "Icon",
				"_iconUrl": "https://maps.gsi.go.jp/portal/sys/v4/symbols/103.png",
				"_iconSize": [
					16,
					16
				],
				"_iconAnchor": [
					8,
					8
				]
			}
		},
		{
			"type": "Feature",
			"geometry": {
				"type": "Point",
				"coordinates": [
					 140.1841,
					 40.4517
				]
			},
			"properties": {
				"name": "JA/AM-010(青鹿岳)",
				"読み":"Aogadake",
				"標高":"1000m 6pt ",
				"GL":"QN00ck",
				"市郡区":"G#02005B ",
				"登山日":"",
				"メモ":"",
				"_markerType": "Icon",
				"_iconUrl": "https://maps.gsi.go.jp/portal/sys/v4/symbols/103.png",
				"_iconSize": [
					16,
					16
				],
				"_iconAnchor": [
					8,
					8
				]
			}
		},
		{
			"type": "Feature",
			"geometry": {
				"type": "Point",
				"coordinates": [
					 140.7579,
					 40.5637
				]
			},
			"properties": {
				"name": "JA/AM-011(毛無山近傍)",
				"読み":"Near_Kenashiyama",
				"標高":"985m 6pt ",
				"GL":"QN00jn",
				"市郡区":"C#0204 / C#0210 ",
				"登山日":"",
				"メモ":"",
				"_markerType": "Icon",
				"_iconUrl": "https://maps.gsi.go.jp/portal/sys/v4/symbols/103.png",
				"_iconSize": [
					16,
					16
				],
				"_iconAnchor": [
					8,
					8
				]
			}
		},
		{
			"type": "Feature",
			"geometry": {
				"type": "Point",
				"coordinates": [
					 140.0426,
					 40.596
				]
			},
			"properties": {
				"name": "JA/AM-012(二瀬(三角点))",
				"読み":"Futase",
				"標高":"958m 6pt ",
				"GL":"QN00ao",
				"市郡区":"G#02006H ",
				"登山日":"",
				"メモ":"",
				"_markerType": "Icon",
				"_iconUrl": "https://maps.gsi.go.jp/portal/sys/v4/symbols/103.png",
				"_iconSize": [
					16,
					16
				],
				"_iconAnchor": [
					8,
					8
				]
			}
		},
		{
			"type": "Feature",
			"geometry": {
				"type": "Point",
				"coordinates": [
					 140.0843,
					 40.5271
				]
			},
			"properties": {
				"name": "JA/AM-013(天狗岳)",
				"読み":"Tengudake",
				"標高":"958m 6pt ",
				"GL":"QN00bm",
				"市郡区":"G#02006H ",
				"登山日":"",
				"メモ":"",
				"_markerType": "Icon",
				"_iconUrl": "https://maps.gsi.go.jp/portal/sys/v4/symbols/103.png",
				"_iconSize": [
					16,
					16
				],
				"_iconAnchor": [
					8,
					8
				]
			}
		},
		{
			"type": "Feature",
			"geometry": {
				"type": "Point",
				"coordinates": [
					 140.4485,
					 40.4779
				]
			},
			"properties": {
				"name": "JA/AM-014(点956)",
				"読み":"P956",
				"標高":"956m 6pt ",
				"GL":"QN00fl",
				"市郡区":"G#02008G / C#0202 ",
				"登山日":"",
				"メモ":"",
				"_markerType": "Icon",
				"_iconUrl": "https://maps.gsi.go.jp/portal/sys/v4/symbols/103.png",
				"_iconSize": [
					16,
					16
				],
				"_iconAnchor": [
					8,
					8
				]
			}
		},
		{
			"type": "Feature",
			"geometry": {
				"type": "Point",
				"coordinates": [
					 140.0987,
					 40.5712
				]
			},
			"properties": {
				"name": "JA/AM-015(下戸沢(三角点))",
				"読み":"Shimotozawa",
				"標高":"930m 6pt ",
				"GL":"QN00bn",
				"市郡区":"G#02006H / G#02006E ",
				"登山日":"",
				"メモ":"",
				"_markerType": "Icon",
				"_iconUrl": "https://maps.gsi.go.jp/portal/sys/v4/symbols/103.png",
				"_iconSize": [
					16,
					16
				],
				"_iconAnchor": [
					8,
					8
				]
			}
		},
		{
			"type": "Feature",
			"geometry": {
				"type": "Point",
				"coordinates": [
					 140.9197,
					 40.7616
				]
			},
			"properties": {
				"name": "JA/AM-016(折紙山)",
				"読み":"Origamiyama",
				"標高":"921m 6pt ",
				"GL":"QN00ls",
				"市郡区":"G#02001B / C#0201 ",
				"登山日":"",
				"メモ":"",
				"_markerType": "Icon",
				"_iconUrl": "https://maps.gsi.go.jp/portal/sys/v4/symbols/103.png",
				"_iconSize": [
					16,
					16
				],
				"_iconAnchor": [
					8,
					8
				]
			}
		},
		{
			"type": "Feature",
			"geometry": {
				"type": "Point",
				"coordinates": [
					 140.0987,
					 40.6549
				]
			},
			"properties": {
				"name": "JA/AM-017(青鹿山)",
				"読み":"Aogayama",
				"標高":"891m 6pt ",
				"GL":"QN00bp",
				"市郡区":"G#02006H ",
				"登山日":"",
				"メモ":"",
				"_markerType": "Icon",
				"_iconUrl": "https://maps.gsi.go.jp/portal/sys/v4/symbols/103.png",
				"_iconSize": [
					16,
					16
				],
				"_iconAnchor": [
					8,
					8
				]
			}
		},
		{
			"type": "Feature",
			"geometry": {
				"type": "Point",
				"coordinates": [
					 140.1555,
					 40.5796
				]
			},
			"properties": {
				"name": "JA/AM-018(乱岩ノ森)",
				"読み":"Rangannomori",
				"標高":"885m 6pt ",
				"GL":"QN00bn",
				"市郡区":"G#02006E / C#0202 ",
				"登山日":"",
				"メモ":"",
				"_markerType": "Icon",
				"_iconUrl": "https://maps.gsi.go.jp/portal/sys/v4/symbols/103.png",
				"_iconSize": [
					16,
					16
				],
				"_iconAnchor": [
					8,
					8
				]
			}
		},
		{
			"type": "Feature",
			"geometry": {
				"type": "Point",
				"coordinates": [
					 140.1476,
					 40.6059
				]
			},
			"properties": {
				"name": "JA/AM-019(大成木(三角点))",
				"読み":"Oonaruki",
				"標高":"879m 6pt ",
				"GL":"QN00bo",
				"市郡区":"G#02006E ",
				"登山日":"",
				"メモ":"",
				"_markerType": "Icon",
				"_iconUrl": "https://maps.gsi.go.jp/portal/sys/v4/symbols/103.png",
				"_iconSize": [
					16,
					16
				],
				"_iconAnchor": [
					8,
					8
				]
			}
		},
		{
			"type": "Feature",
			"geometry": {
				"type": "Point",
				"coordinates": [
					 141.12,
					 41.2785
				]
			},
			"properties": {
				"name": "JA/AM-020(釜臥山)",
				"読み":"Kamafuseyama",
				"標高":"878m 6pt ",
				"GL":"QN01ng",
				"市郡区":"C#0208 ",
				"登山日":"",
				"メモ":"",
				"_markerType": "Icon",
				"_iconUrl": "https://maps.gsi.go.jp/portal/sys/v4/symbols/103.png",
				"_iconSize": [
					16,
					16
				],
				"_iconAnchor": [
					8,
					8
				]
			}
		},
		{
			"type": "Feature",
			"geometry": {
				"type": "Point",
				"coordinates": [
					 141.0249,
					 41.3277
				]
			},
			"properties": {
				"name": "JA/AM-021(朝比奈岳)",
				"読み":"Asahinadake",
				"標高":"874m 6pt ",
				"GL":"QN01mh",
				"市郡区":"C#0208 ",
				"登山日":"",
				"メモ":"",
				"_markerType": "Icon",
				"_iconUrl": "https://maps.gsi.go.jp/portal/sys/v4/symbols/103.png",
				"_iconSize": [
					16,
					16
				],
				"_iconAnchor": [
					8,
					8
				]
			}
		},
		{
			"type": "Feature",
			"geometry": {
				"type": "Point",
				"coordinates": [
					 140.9949,
					 40.3285
				]
			},
			"properties": {
				"name": "JA/AM-022(雷鉢森)",
				"読み":"Raibachimori",
				"標高":"874m 6pt ",
				"GL":"QN00lh",
				"市郡区":"G#02003G ",
				"登山日":"",
				"メモ":"",
				"_markerType": "Icon",
				"_iconUrl": "https://maps.gsi.go.jp/portal/sys/v4/symbols/103.png",
				"_iconSize": [
					16,
					16
				],
				"_iconAnchor": [
					8,
					8
				]
			}
		},
		{
			"type": "Feature",
			"geometry": {
				"type": "Point",
				"coordinates": [
					 140.9572,
					 40.3083
				]
			},
			"properties": {
				"name": "JA/AM-023(与須毛堂森)",
				"読み":"Yosukedoumori",
				"標高":"841m 4pt ",
				"GL":"QN00lh",
				"市郡区":"G#02003G / C#0409 ",
				"登山日":"",
				"メモ":"",
				"_markerType": "Icon",
				"_iconUrl": "https://maps.gsi.go.jp/portal/sys/v4/symbols/828.png",
				"_iconSize": [
					16,
					16
				],
				"_iconAnchor": [
					8,
					8
				]
			}
		},
		{
			"type": "Feature",
			"geometry": {
				"type": "Point",
				"coordinates": [
					 140.164,
					 40.5407
				]
			},
			"properties": {
				"name": "JA/AM-024(高倉森)",
				"読み":"Takakuramori",
				"標高":"829m 4pt ",
				"GL":"QN00bm",
				"市郡区":"G#02005B ",
				"登山日":"",
				"メモ":"",
				"_markerType": "Icon",
				"_iconUrl": "https://maps.gsi.go.jp/portal/sys/v4/symbols/828.png",
				"_iconSize": [
					16,
					16
				],
				"_iconAnchor": [
					8,
					8
				]
			}
		},
		{
			"type": "Feature",
			"geometry": {
				"type": "Point",
				"coordinates": [
					 141.0684,
					 41.293
				]
			},
			"properties": {
				"name": "JA/AM-025(大尽山)",
				"読み":"Daijinyama",
				"標高":"827m 4pt ",
				"GL":"QN01mh",
				"市郡区":"C#0208 ",
				"登山日":"",
				"メモ":"",
				"_markerType": "Icon",
				"_iconUrl": "https://maps.gsi.go.jp/portal/sys/v4/symbols/828.png",
				"_iconSize": [
					16,
					16
				],
				"_iconAnchor": [
					8,
					8
				]
			}
		},
		{
			"type": "Feature",
			"geometry": {
				"type": "Point",
				"coordinates": [
					 140.0483,
					 40.6761
				]
			},
			"properties": {
				"name": "JA/AM-026(桝形山)",
				"読み":"Masugatayama",
				"標高":"820m 4pt ",
				"GL":"QN00aq",
				"市郡区":"G#02006H ",
				"登山日":"",
				"メモ":"",
				"_markerType": "Icon",
				"_iconUrl": "https://maps.gsi.go.jp/portal/sys/v4/symbols/828.png",
				"_iconSize": [
					16,
					16
				],
				"_iconAnchor": [
					8,
					8
				]
			}
		},
		{
			"type": "Feature",
			"geometry": {
				"type": "Point",
				"coordinates": [
					 141.0246,
					 40.3851
				]
			},
			"properties": {
				"name": "JA/AM-027(ドコノ森)",
				"読み":"Dokonomori",
				"標高":"804m 4pt ",
				"GL":"QN00mj",
				"市郡区":"G#02003G / G#02003E ",
				"登山日":"",
				"メモ":"",
				"_markerType": "Icon",
				"_iconUrl": "https://maps.gsi.go.jp/portal/sys/v4/symbols/828.png",
				"_iconSize": [
					16,
					16
				],
				"_iconAnchor": [
					8,
					8
				]
			}
		},
		{
			"type": "Feature",
			"geometry": {
				"type": "Point",
				"coordinates": [
					 141.0025,
					 40.2727
				]
			},
			"properties": {
				"name": "JA/AM-028(黒森山)",
				"読み":"Kuromoriyama",
				"標高":"803m 4pt ",
				"GL":"QN00mg",
				"市郡区":"G#02003G ",
				"登山日":"",
				"メモ":"",
				"_markerType": "Icon",
				"_iconUrl": "https://maps.gsi.go.jp/portal/sys/v4/symbols/828.png",
				"_iconSize": [
					16,
					16
				],
				"_iconAnchor": [
					8,
					8
				]
			}
		},
		{
			"type": "Feature",
			"geometry": {
				"type": "Point",
				"coordinates": [
					 140.2484,
					 40.501
				]
			},
			"properties": {
				"name": "JA/AM-029(芹沢)",
				"読み":"Serizawa",
				"標高":"789m 4pt ",
				"GL":"QN00cm",
				"市郡区":"G#02005B ",
				"登山日":"",
				"メモ":"",
				"_markerType": "Icon",
				"_iconUrl": "https://maps.gsi.go.jp/portal/sys/v4/symbols/828.png",
				"_iconSize": [
					16,
					16
				],
				"_iconAnchor": [
					8,
					8
				]
			}
		},
		{
			"type": "Feature",
			"geometry": {
				"type": "Point",
				"coordinates": [
					 141.0529,
					 41.4391
				]
			},
			"properties": {
				"name": "JA/AM-030(燧岳)",
				"読み":"Hiuchidake",
				"標高":"781m 4pt ",
				"GL":"QN01mk",
				"市郡区":"C#0208 / G#02004C ",
				"登山日":"",
				"メモ":"",
				"_markerType": "Icon",
				"_iconUrl": "https://maps.gsi.go.jp/portal/sys/v4/symbols/828.png",
				"_iconSize": [
					16,
					16
				],
				"_iconAnchor": [
					8,
					8
				]
			}
		},
		{
			"type": "Feature",
			"geometry": {
				"type": "Point",
				"coordinates": [
					 140.86,
					 41.3245
				]
			},
			"properties": {
				"name": "JA/AM-031(大作山)",
				"読み":"Daisakuyama",
				"標高":"776m 4pt ",
				"GL":"QN01kh",
				"市郡区":"G#02004D ",
				"登山日":"",
				"メモ":"",
				"_markerType": "Icon",
				"_iconUrl": "https://maps.gsi.go.jp/portal/sys/v4/symbols/828.png",
				"_iconSize": [
					16,
					16
				],
				"_iconAnchor": [
					8,
					8
				]
			}
		},
		{
			"type": "Feature",
			"geometry": {
				"type": "Point",
				"coordinates": [
					 140.7158,
					 40.5991
				]
			},
			"properties": {
				"name": "JA/AM-032(田代山)",
				"読み":"Tashiroyama",
				"標高":"768m 4pt ",
				"GL":"QN00io",
				"市郡区":"C#0204 ",
				"登山日":"",
				"メモ":"",
				"_markerType": "Icon",
				"_iconUrl": "https://maps.gsi.go.jp/portal/sys/v4/symbols/828.png",
				"_iconSize": [
					16,
					16
				],
				"_iconAnchor": [
					8,
					8
				]
			}
		},
		{
			"type": "Feature",
			"geometry": {
				"type": "Point",
				"coordinates": [
					 140.9804,
					 40.8062
				]
			},
			"properties": {
				"name": "JA/AM-033(三角岳)",
				"読み":"Sankakudake",
				"標高":"753m 4pt ",
				"GL":"QN00lt",
				"市郡区":"G#02007F / G#02001B / C#0201",
				"登山日":"",
				"メモ":"",
				"_markerType": "Icon",
				"_iconUrl": "https://maps.gsi.go.jp/portal/sys/v4/symbols/828.png",
				"_iconSize": [
					16,
					16
				],
				"_iconAnchor": [
					8,
					8
				]
			}
		},
		{
			"type": "Feature",
			"geometry": {
				"type": "Point",
				"coordinates": [
					 139.9902,
					 40.4505
				]
			},
			"properties": {
				"name": "JA/AM-034(点748)",
				"読み":"P748",
				"標高":"748m 4pt ",
				"GL":"PN90xk",
				"市郡区":"G#02006H ",
				"登山日":"",
				"メモ":"",
				"_markerType": "Icon",
				"_iconUrl": "https://maps.gsi.go.jp/portal/sys/v4/symbols/828.png",
				"_iconSize": [
					16,
					16
				],
				"_iconAnchor": [
					8,
					8
				]
			}
		},
		{
			"type": "Feature",
			"geometry": {
				"type": "Point",
				"coordinates": [
					 140.0459,
					 40.6966
				]
			},
			"properties": {
				"name": "JA/AM-035(点732(笹流山近傍))",
				"読み":"Sasanagareyama",
				"標高":"732m 4pt ",
				"GL":"QN00aq",
				"市郡区":"G#02006H ",
				"登山日":"",
				"メモ":"",
				"_markerType": "Icon",
				"_iconUrl": "https://maps.gsi.go.jp/portal/sys/v4/symbols/828.png",
				"_iconSize": [
					16,
					16
				],
				"_iconAnchor": [
					8,
					8
				]
			}
		},
		{
			"type": "Feature",
			"geometry": {
				"type": "Point",
				"coordinates": [
					 140.1639,
					 40.664
				]
			},
			"properties": {
				"name": "JA/AM-036(然ヶ岳)",
				"読み":"Shikarigadake",
				"標高":"731m 4pt ",
				"GL":"QN00bp",
				"市郡区":"G#02006E ",
				"登山日":"",
				"メモ":"",
				"_markerType": "Icon",
				"_iconUrl": "https://maps.gsi.go.jp/portal/sys/v4/symbols/828.png",
				"_iconSize": [
					16,
					16
				],
				"_iconAnchor": [
					8,
					8
				]
			}
		},
		{
			"type": "Feature",
			"geometry": {
				"type": "Point",
				"coordinates": [
					 141.0395,
					 40.8404
				]
			},
			"properties": {
				"name": "JA/AM-037(烏帽子岳)",
				"読み":"Eboshidake",
				"標高":"720m 4pt ",
				"GL":"QN00mu",
				"市郡区":"G#02007F / G#02001D / G#02001C",
				"登山日":"",
				"メモ":"",
				"_markerType": "Icon",
				"_iconUrl": "https://maps.gsi.go.jp/portal/sys/v4/symbols/828.png",
				"_iconSize": [
					16,
					16
				],
				"_iconAnchor": [
					8,
					8
				]
			}
		},
		{
			"type": "Feature",
			"geometry": {
				"type": "Point",
				"coordinates": [
					 141.0528,
					 40.3621
				]
			},
			"properties": {
				"name": "JA/AM-038(大黒森)",
				"読み":"Ookuromori",
				"標高":"719m 4pt ",
				"GL":"QN00mi",
				"市郡区":"G#02003G ",
				"登山日":"",
				"メモ":"",
				"_markerType": "Icon",
				"_iconUrl": "https://maps.gsi.go.jp/portal/sys/v4/symbols/828.png",
				"_iconSize": [
					16,
					16
				],
				"_iconAnchor": [
					8,
					8
				]
			}
		},
		{
			"type": "Feature",
			"geometry": {
				"type": "Point",
				"coordinates": [
					 140.5866,
					 41.1528
				]
			},
			"properties": {
				"name": "JA/AM-039(丸屋形岳)",
				"読み":"Maruyagatadake",
				"標高":"718m 4pt ",
				"GL":"QN01hd",
				"市郡区":"G#02007G ",
				"登山日":"",
				"メモ":"",
				"_markerType": "Icon",
				"_iconUrl": "https://maps.gsi.go.jp/portal/sys/v4/symbols/828.png",
				"_iconSize": [
					16,
					16
				],
				"_iconAnchor": [
					8,
					8
				]
			}
		},
		{
			"type": "Feature",
			"geometry": {
				"type": "Point",
				"coordinates": [
					 140.402,
					 41.1418
				]
			},
			"properties": {
				"name": "JA/AM-040(増川岳)",
				"読み":"Masukawadake",
				"標高":"714m 4pt ",
				"GL":"QN01ed",
				"市郡区":"G#02007G ",
				"登山日":"",
				"メモ":"",
				"_markerType": "Icon",
				"_iconUrl": "https://maps.gsi.go.jp/portal/sys/v4/symbols/828.png",
				"_iconSize": [
					16,
					16
				],
				"_iconAnchor": [
					8,
					8
				]
			}
		},
		{
			"type": "Feature",
			"geometry": {
				"type": "Point",
				"coordinates": [
					 140.5932,
					 40.4936
				]
			},
			"properties": {
				"name": "JA/AM-041(阿闍羅山)",
				"読み":"Ajarayama",
				"標高":"710m 4pt ",
				"GL":"QN00hl",
				"市郡区":"G#02008G / C#0210 ",
				"登山日":"",
				"メモ":"",
				"_markerType": "Icon",
				"_iconUrl": "https://maps.gsi.go.jp/portal/sys/v4/symbols/828.png",
				"_iconSize": [
					16,
					16
				],
				"_iconAnchor": [
					8,
					8
				]
			}
		},
		{
			"type": "Feature",
			"geometry": {
				"type": "Point",
				"coordinates": [
					 140.5793,
					 41.168
				]
			},
			"properties": {
				"name": "JA/AM-042(袴腰岳)",
				"読み":"Hakamagoshidake",
				"標高":"708m 4pt ",
				"GL":"QN01ge",
				"市郡区":"G#02007E / G#02007G ",
				"登山日":"",
				"メモ":"",
				"_markerType": "Icon",
				"_iconUrl": "https://maps.gsi.go.jp/portal/sys/v4/symbols/828.png",
				"_iconSize": [
					16,
					16
				],
				"_iconAnchor": [
					8,
					8
				]
			}
		},
		{
			"type": "Feature",
			"geometry": {
				"type": "Point",
				"coordinates": [
					 140.9099,
					 40.4595
				]
			},
			"properties": {
				"name": "JA/AM-043(御倉山)",
				"読み":"Mikurayama",
				"標高":"690m 4pt ",
				"GL":"QN00kl",
				"市郡区":"C#0206 ",
				"登山日":"",
				"メモ":"",
				"_markerType": "Icon",
				"_iconUrl": "https://maps.gsi.go.jp/portal/sys/v4/symbols/828.png",
				"_iconSize": [
					16,
					16
				],
				"_iconAnchor": [
					8,
					8
				]
			}
		},
		{
			"type": "Feature",
			"geometry": {
				"type": "Point",
				"coordinates": [
					 140.8917,
					 40.8369
				]
			},
			"properties": {
				"name": "JA/AM-044(東岳)",
				"読み":"Higashidake",
				"標高":"684m 4pt ",
				"GL":"QN00ku",
				"市郡区":"C#0201 ",
				"登山日":"",
				"メモ":"",
				"_markerType": "Icon",
				"_iconUrl": "https://maps.gsi.go.jp/portal/sys/v4/symbols/828.png",
				"_iconSize": [
					16,
					16
				],
				"_iconAnchor": [
					8,
					8
				]
			}
		},
		{
			"type": "Feature",
			"geometry": {
				"type": "Point",
				"coordinates": [
					 140.5485,
					 40.9701
				]
			},
			"properties": {
				"name": "JA/AM-045(大倉岳)",
				"読み":"Ookuradake",
				"標高":"677m 4pt ",
				"GL":"QN00gx",
				"市郡区":"G#02007D / C#0205 ",
				"登山日":"",
				"メモ":"",
				"_markerType": "Icon",
				"_iconUrl": "https://maps.gsi.go.jp/portal/sys/v4/symbols/828.png",
				"_iconSize": [
					16,
					16
				],
				"_iconAnchor": [
					8,
					8
				]
			}
		},
		{
			"type": "Feature",
			"geometry": {
				"type": "Point",
				"coordinates": [
					 140.4005,
					 41.1217
				]
			},
			"properties": {
				"name": "JA/AM-046(四ッ滝山)",
				"読み":"Yotsudakiyama",
				"標高":"670m 4pt ",
				"GL":"QN01ec",
				"市郡区":"G#02007G / C#0205 ",
				"登山日":"",
				"メモ":"",
				"_markerType": "Icon",
				"_iconUrl": "https://maps.gsi.go.jp/portal/sys/v4/symbols/828.png",
				"_iconSize": [
					16,
					16
				],
				"_iconAnchor": [
					8,
					8
				]
			}
		},
		{
			"type": "Feature",
			"geometry": {
				"type": "Point",
				"coordinates": [
					 140.4238,
					 40.5273
				]
			},
			"properties": {
				"name": "JA/AM-047(久渡寺山)",
				"読み":"Kudojiyama",
				"標高":"663m 4pt ",
				"GL":"QN00fm",
				"市郡区":"C#0202 ",
				"登山日":"",
				"メモ":"",
				"_markerType": "Icon",
				"_iconUrl": "https://maps.gsi.go.jp/portal/sys/v4/symbols/828.png",
				"_iconSize": [
					16,
					16
				],
				"_iconAnchor": [
					8,
					8
				]
			}
		},
		{
			"type": "Feature",
			"geometry": {
				"type": "Point",
				"coordinates": [
					 140.8164,
					 41.2388
				]
			},
			"properties": {
				"name": "JA/AM-048(アンド山)",
				"読み":"Andoyama",
				"標高":"646m 2pt ",
				"GL":"QN01jf",
				"市郡区":"G#02004D ",
				"登山日":"",
				"メモ":"",
				"_markerType": "Icon",
				"_iconUrl": "https://maps.gsi.go.jp/portal/sys/v4/symbols/102.png",
				"_iconSize": [
					16,
					16
				],
				"_iconAnchor": [
					8,
					8
				]
			}
		},
		{
			"type": "Feature",
			"geometry": {
				"type": "Point",
				"coordinates": [
					 140.8789,
					 41.2367
				]
			},
			"properties": {
				"name": "JA/AM-049(秋山)",
				"読み":"Akiyama",
				"標高":"631m 2pt ",
				"GL":"QN01kf",
				"市郡区":"C#0208 ",
				"登山日":"",
				"メモ":"",
				"_markerType": "Icon",
				"_iconUrl": "https://maps.gsi.go.jp/portal/sys/v4/symbols/102.png",
				"_iconSize": [
					16,
					16
				],
				"_iconAnchor": [
					8,
					8
				]
			}
		},
		{
			"type": "Feature",
			"geometry": {
				"type": "Point",
				"coordinates": [
					 140.5216,
					 40.9956
				]
			},
			"properties": {
				"name": "JA/AM-050(袴腰岳)",
				"読み":"Hakamagoshidake",
				"標高":"628m 2pt ",
				"GL":"QN00gx",
				"市郡区":"G#02007D / G#02002G / C#0205",
				"登山日":"",
				"メモ":"",
				"_markerType": "Icon",
				"_iconUrl": "https://maps.gsi.go.jp/portal/sys/v4/symbols/102.png",
				"_iconSize": [
					16,
					16
				],
				"_iconAnchor": [
					8,
					8
				]
			}
		},
		{
			"type": "Feature",
			"geometry": {
				"type": "Point",
				"coordinates": [
					 140.9752,
					 41.4391
				]
			},
			"properties": {
				"name": "JA/AM-051(目滝山)",
				"読み":"Metakiyama",
				"標高":"618m 2pt ",
				"GL":"QN01lk",
				"市郡区":"G#02004C / C#0208 ",
				"登山日":"",
				"メモ":"",
				"_markerType": "Icon",
				"_iconUrl": "https://maps.gsi.go.jp/portal/sys/v4/symbols/102.png",
				"_iconSize": [
					16,
					16
				],
				"_iconAnchor": [
					8,
					8
				]
			}
		},
		{
			"type": "Feature",
			"geometry": {
				"type": "Point",
				"coordinates": [
					 141.3084,
					 40.388
				]
			},
			"properties": {
				"name": "JA/AM-052(名久井岳)",
				"読み":"Nakuidake",
				"標高":"615m 2pt ",
				"GL":"QN00pj",
				"市郡区":"G#02003E / G#02003J ",
				"登山日":"",
				"メモ":"",
				"_markerType": "Icon",
				"_iconUrl": "https://maps.gsi.go.jp/portal/sys/v4/symbols/102.png",
				"_iconSize": [
					16,
					16
				],
				"_iconAnchor": [
					8,
					8
				]
			}
		},
		{
			"type": "Feature",
			"geometry": {
				"type": "Point",
				"coordinates": [
					 140.5629,
					 40.4634
				]
			},
			"properties": {
				"name": "JA/AM-053(戸屋森)",
				"読み":"Toyamori",
				"標高":"612m 2pt ",
				"GL":"QN00gl",
				"市郡区":"G#02008G ",
				"登山日":"",
				"メモ":"",
				"_markerType": "Icon",
				"_iconUrl": "https://maps.gsi.go.jp/portal/sys/v4/symbols/102.png",
				"_iconSize": [
					16,
					16
				],
				"_iconAnchor": [
					8,
					8
				]
			}
		},
		{
			"type": "Feature",
			"geometry": {
				"type": "Point",
				"coordinates": [
					 140.4389,
					 41.1448
				]
			},
			"properties": {
				"name": "JA/AM-054(浜名岳)",
				"読み":"Hamanadake",
				"標高":"603m 2pt ",
				"GL":"QN01fd",
				"市郡区":"G#02007G / G#02007E ",
				"登山日":"",
				"メモ":"",
				"_markerType": "Icon",
				"_iconUrl": "https://maps.gsi.go.jp/portal/sys/v4/symbols/102.png",
				"_iconSize": [
					16,
					16
				],
				"_iconAnchor": [
					8,
					8
				]
			}
		},
		{
			"type": "Feature",
			"geometry": {
				"type": "Point",
				"coordinates": [
					 140.3947,
					 40.5286
				]
			},
			"properties": {
				"name": "JA/AM-055(棺森)",
				"読み":"Ganmori",
				"標高":"588m 2pt ",
				"GL":"QN00em",
				"市郡区":"C#0202 ",
				"登山日":"",
				"メモ":"",
				"_markerType": "Icon",
				"_iconUrl": "https://maps.gsi.go.jp/portal/sys/v4/symbols/102.png",
				"_iconSize": [
					16,
					16
				],
				"_iconAnchor": [
					8,
					8
				]
			}
		},
		{
			"type": "Feature",
			"geometry": {
				"type": "Point",
				"coordinates": [
					 140.3711,
					 41.1737
				]
			},
			"properties": {
				"name": "JA/AM-056(矢形石山)",
				"読み":"Yagataishiyama",
				"標高":"587m 2pt ",
				"GL":"QN01ee",
				"市郡区":"G#02007G / G#02002G ",
				"登山日":"",
				"メモ":"",
				"_markerType": "Icon",
				"_iconUrl": "https://maps.gsi.go.jp/portal/sys/v4/symbols/102.png",
				"_iconSize": [
					16,
					16
				],
				"_iconAnchor": [
					8,
					8
				]
			}
		},
		{
			"type": "Feature",
			"geometry": {
				"type": "Point",
				"coordinates": [
					 140.649,
					 40.5511
				]
			},
			"properties": {
				"name": "JA/AM-057(矢捨山)",
				"読み":"Yasuteyama",
				"標高":"564m 2pt ",
				"GL":"QN00hn",
				"市郡区":"C#0210 ",
				"登山日":"",
				"メモ":"",
				"_markerType": "Icon",
				"_iconUrl": "https://maps.gsi.go.jp/portal/sys/v4/symbols/102.png",
				"_iconSize": [
					16,
					16
				],
				"_iconAnchor": [
					8,
					8
				]
			}
		},
		{
			"type": "Feature",
			"geometry": {
				"type": "Point",
				"coordinates": [
					 140.3688,
					 41.2122
				]
			},
			"properties": {
				"name": "JA/AM-058(釜ノ沢)",
				"読み":"Kamanosawa",
				"標高":"556m 2pt ",
				"GL":"QN01ef",
				"市郡区":"G#02002G / G#02007G ",
				"登山日":"",
				"メモ":"",
				"_markerType": "Icon",
				"_iconUrl": "https://maps.gsi.go.jp/portal/sys/v4/symbols/102.png",
				"_iconSize": [
					16,
					16
				],
				"_iconAnchor": [
					8,
					8
				]
			}
		},
		{
			"type": "Feature",
			"geometry": {
				"type": "Point",
				"coordinates": [
					 141.3446,
					 41.0888
				]
			},
			"properties": {
				"name": "JA/AM-059(点551)",
				"読み":"P551",
				"標高":"551m 2pt ",
				"GL":"QN01qc",
				"市郡区":"G#02001E / G#02001K ",
				"登山日":"",
				"メモ":"",
				"_markerType": "Icon",
				"_iconUrl": "https://maps.gsi.go.jp/portal/sys/v4/symbols/102.png",
				"_iconSize": [
					16,
					16
				],
				"_iconAnchor": [
					8,
					8
				]
			}
		},
		{
			"type": "Feature",
			"geometry": {
				"type": "Point",
				"coordinates": [
					 140.9574,
					 41.2629
				]
			},
			"properties": {
				"name": "JA/AM-060(於法岳)",
				"読み":"Ohoudake",
				"標高":"550m 2pt ",
				"GL":"QN01lg",
				"市郡区":"C#0208 ",
				"登山日":"",
				"メモ":"",
				"_markerType": "Icon",
				"_iconUrl": "https://maps.gsi.go.jp/portal/sys/v4/symbols/102.png",
				"_iconSize": [
					16,
					16
				],
				"_iconAnchor": [
					8,
					8
				]
			}
		},
		{
			"type": "Feature",
			"geometry": {
				"type": "Point",
				"coordinates": [
					 140.5771,
					 40.8289
				]
			},
			"properties": {
				"name": "JA/AM-061(馬ノ神山)",
				"読み":"Umanokamiyama",
				"標高":"549m 2pt ",
				"GL":"QN00gt",
				"市郡区":"C#0205 / C#0201 ",
				"登山日":"",
				"メモ":"",
				"_markerType": "Icon",
				"_iconUrl": "https://maps.gsi.go.jp/portal/sys/v4/symbols/102.png",
				"_iconSize": [
					16,
					16
				],
				"_iconAnchor": [
					8,
					8
				]
			}
		},
		{
			"type": "Feature",
			"geometry": {
				"type": "Point",
				"coordinates": [
					 141.1326,
					 40.3964
				]
			},
			"properties": {
				"name": "JA/AM-062(高堂山)",
				"読み":"Takadouyama",
				"標高":"539m 2pt ",
				"GL":"QN00nj",
				"市郡区":"G#02003E ",
				"登山日":"",
				"メモ":"",
				"_markerType": "Icon",
				"_iconUrl": "https://maps.gsi.go.jp/portal/sys/v4/symbols/102.png",
				"_iconSize": [
					16,
					16
				],
				"_iconAnchor": [
					8,
					8
				]
			}
		},
		{
			"type": "Feature",
			"geometry": {
				"type": "Point",
				"coordinates": [
					 140.8222,
					 41.3132
				]
			},
			"properties": {
				"name": "JA/AM-063(点516)",
				"読み":"P516",
				"標高":"516m 2pt ",
				"GL":"QN01jh",
				"市郡区":"G#02004D ",
				"登山日":"",
				"メモ":"",
				"_markerType": "Icon",
				"_iconUrl": "https://maps.gsi.go.jp/portal/sys/v4/symbols/102.png",
				"_iconSize": [
					16,
					16
				],
				"_iconAnchor": [
					8,
					8
				]
			}
		},
		{
			"type": "Feature",
			"geometry": {
				"type": "Point",
				"coordinates": [
					 140.525,
					 40.5247
				]
			},
			"properties": {
				"name": "JA/AM-064(尾開山)",
				"読み":"Obirakiyama",
				"標高":"510m 2pt ",
				"GL":"QN00gm",
				"市郡区":"G#02008G / C#0202 ",
				"登山日":"",
				"メモ":"",
				"_markerType": "Icon",
				"_iconUrl": "https://maps.gsi.go.jp/portal/sys/v4/symbols/102.png",
				"_iconSize": [
					16,
					16
				],
				"_iconAnchor": [
					8,
					8
				]
			}
		},
		{
			"type": "Feature",
			"geometry": {
				"type": "Point",
				"coordinates": [
					 140.9604,
					 41.281
				]
			},
			"properties": {
				"name": "JA/AM-065(向ノ山)",
				"読み":"Mukounoyama",
				"標高":"505m 2pt ",
				"GL":"QN01lg",
				"市郡区":"C#0208 ",
				"登山日":"",
				"メモ":"",
				"_markerType": "Icon",
				"_iconUrl": "https://maps.gsi.go.jp/portal/sys/v4/symbols/102.png",
				"_iconSize": [
					16,
					16
				],
				"_iconAnchor": [
					8,
					8
				]
			}
		},
		{
			"type": "Feature",
			"geometry": {
				"type": "Point",
				"coordinates": [
					 141.3403,
					 41.0237
				]
			},
			"properties": {
				"name": "JA/AM-066(棚沢(三角点))",
				"読み":"Tanazawa",
				"標高":"469m 1pt ",
				"GL":"QN01qa",
				"市郡区":"G#02001K ",
				"登山日":"",
				"メモ":"",
				"_markerType": "Icon",
				"_iconUrl": "https://maps.gsi.go.jp/portal/sys/v4/symbols/826.png",
				"_iconSize": [
					16,
					16
				],
				"_iconAnchor": [
					8,
					8
				]
			}
		},
		{
			"type": "Feature",
			"geometry": {
				"type": "Point",
				"coordinates": [
					 141.4407,
					 41.3876
				]
			},
			"properties": {
				"name": "JA/AM-067(桑畑山)",
				"読み":"Kuwahatayama",
				"標高":"400m 1pt ",
				"GL":"QN01rj",
				"市郡区":"G#02004G ",
				"登山日":"",
				"メモ":"",
				"_markerType": "Icon",
				"_iconUrl": "https://maps.gsi.go.jp/portal/sys/v4/symbols/826.png",
				"_iconSize": [
					16,
					16
				],
				"_iconAnchor": [
					8,
					8
				]
			}
		},
		{
			"type": "Feature",
			"geometry": {
				"type": "Point",
				"coordinates": [
					 140.8914,
					 40.8961
				]
			},
			"properties": {
				"name": "JA/AM-068(高森山)",
				"読み":"Takamoriyama",
				"標高":"386m 1pt ",
				"GL":"QN00kv",
				"市郡区":"G#02007F / C#0201 ",
				"登山日":"",
				"メモ":"",
				"_markerType": "Icon",
				"_iconUrl": "https://maps.gsi.go.jp/portal/sys/v4/symbols/826.png",
				"_iconSize": [
					16,
					16
				],
				"_iconAnchor": [
					8,
					8
				]
			}
		},
		{
			"type": "Feature",
			"geometry": {
				"type": "Point",
				"coordinates": [
					 140.9201,
					 40.8812
				]
			},
			"properties": {
				"name": "JA/AM-069(高地山)",
				"読み":"Kouchiyama",
				"標高":"366m 1pt ",
				"GL":"QN00lv",
				"市郡区":"G#02007F ",
				"登山日":"",
				"メモ":"",
				"_markerType": "Icon",
				"_iconUrl": "https://maps.gsi.go.jp/portal/sys/v4/symbols/826.png",
				"_iconSize": [
					16,
					16
				],
				"_iconAnchor": [
					8,
					8
				]
			}
		},
		{
			"type": "Feature",
			"geometry": {
				"type": "Point",
				"coordinates": [
					 140.7817,
					 41.2013
				]
			},
			"properties": {
				"name": "JA/AM-070(点338)",
				"読み":"P338",
				"標高":"338m 1pt ",
				"GL":"QN01je",
				"市郡区":"C#0208 ",
				"登山日":"",
				"メモ":"",
				"_markerType": "Icon",
				"_iconUrl": "https://maps.gsi.go.jp/portal/sys/v4/symbols/826.png",
				"_iconSize": [
					16,
					16
				],
				"_iconAnchor": [
					8,
					8
				]
			}
		},
		{
			"type": "Feature",
			"geometry": {
				"type": "Point",
				"coordinates": [
					 140.9158,
					 40.9527
				]
			},
			"properties": {
				"name": "JA/AM-071(水ヶ沢山)",
				"読み":"Mizugasawayama",
				"標高":"323m 1pt ",
				"GL":"QN00kw",
				"市郡区":"G#02007F ",
				"登山日":"",
				"メモ":"",
				"_markerType": "Icon",
				"_iconUrl": "https://maps.gsi.go.jp/portal/sys/v4/symbols/826.png",
				"_iconSize": [
					16,
					16
				],
				"_iconAnchor": [
					8,
					8
				]
			}
		},
		{
			"type": "Feature",
			"geometry": {
				"type": "Point",
				"coordinates": [
					 141.4059,
					 41.3273
				]
			},
			"properties": {
				"name": "JA/AM-072(片崎山)",
				"読み":"Katazakiyama",
				"標高":"301m 1pt ",
				"GL":"QN01qh",
				"市郡区":"G#02004G ",
				"登山日":"",
				"メモ":"",
				"_markerType": "Icon",
				"_iconUrl": "https://maps.gsi.go.jp/portal/sys/v4/symbols/826.png",
				"_iconSize": [
					16,
					16
				],
				"_iconAnchor": [
					8,
					8
				]
			}
		},
		{
			"type": "Feature",
			"geometry": {
				"type": "Point",
				"coordinates": [
					 140.9084,
					 40.6527
				]
			},
			"properties": {
				"name": "JA/AM-073(高田大岳)",
				"読み":"Takadaoodake",
				"標高":"1552m 10pt ",
				"GL":"QN00kp",
				"市郡区":"C#0206 / C#0201 ",
				"登山日":"",
				"メモ":"",
				"_markerType": "Icon",
				"_iconUrl": "https://maps.gsi.go.jp/portal/sys/v4/symbols/101.png",
				"_iconSize": [
					16,
					16
				],
				"_iconAnchor": [
					8,
					8
				]
			}
		},
		{
			"type": "Feature",
			"geometry": {
				"type": "Point",
				"coordinates": [
					 140.8897,
					 40.5979
				]
			},
			"properties": {
				"name": "JA/AM-074(乗鞍岳)",
				"読み":"Norikuradake",
				"標高":"1449m 8pt ",
				"GL":"QN00ko",
				"市郡区":"C#0206 ",
				"登山日":"",
				"メモ":"",
				"_markerType": "Icon",
				"_iconUrl": "https://maps.gsi.go.jp/portal/sys/v4/symbols/104.png",
				"_iconSize": [
					16,
					16
				],
				"_iconAnchor": [
					8,
					8
				]
			}
		},
		{
			"type": "Feature",
			"geometry": {
				"type": "Point",
				"coordinates": [
					 140.9249,
					 40.6606
				]
			},
			"properties": {
				"name": "JA/AM-075(雛岳)",
				"読み":"Hinadake",
				"標高":"1240m 8pt ",
				"GL":"QN00lp",
				"市郡区":"C#0201 ",
				"登山日":"",
				"メモ":"",
				"_markerType": "Icon",
				"_iconUrl": "https://maps.gsi.go.jp/portal/sys/v4/symbols/104.png",
				"_iconSize": [
					16,
					16
				],
				"_iconAnchor": [
					8,
					8
				]
			}
		},
		{
			"type": "Feature",
			"geometry": {
				"type": "Point",
				"coordinates": [
					 140.0182,
					 40.5074
				]
			},
			"properties": {
				"name": "JA/AM-076(白神岳)",
				"読み":"Shirakamidake",
				"標高":"1235m 8pt ",
				"GL":"QN00am",
				"市郡区":"G#02006H ",
				"登山日":"",
				"メモ":"",
				"_markerType": "Icon",
				"_iconUrl": "https://maps.gsi.go.jp/portal/sys/v4/symbols/104.png",
				"_iconSize": [
					16,
					16
				],
				"_iconAnchor": [
					8,
					8
				]
			}
		},
		{
			"type": "Feature",
			"geometry": {
				"type": "Point",
				"coordinates": [
					 140.971,
					 40.4625
				]
			},
			"properties": {
				"name": "JA/AM-077(十和田山)",
				"読み":"Towadayama",
				"標高":"1054m 6pt ",
				"GL":"QN00ll",
				"市郡区":"C#0206 ",
				"登山日":"",
				"メモ":"",
				"_markerType": "Icon",
				"_iconUrl": "https://maps.gsi.go.jp/portal/sys/v4/symbols/103.png",
				"_iconSize": [
					16,
					16
				],
				"_iconAnchor": [
					8,
					8
				]
			}
		},
		{
			"type": "Feature",
			"geometry": {
				"type": "Point",
				"coordinates": [
					 140.0312,
					 40.6085
				]
			},
			"properties": {
				"name": "JA/AM-078(茶臼山)",
				"読み":"Chausuyama",
				"標高":"896m 6pt ",
				"GL":"QN00ao",
				"市郡区":"G#02006H ",
				"登山日":"",
				"メモ":"",
				"_markerType": "Icon",
				"_iconUrl": "https://maps.gsi.go.jp/portal/sys/v4/symbols/103.png",
				"_iconSize": [
					16,
					16
				],
				"_iconAnchor": [
					8,
					8
				]
			}
		},
		{
			"type": "Feature",
			"geometry": {
				"type": "Point",
				"coordinates": [
					 140.9165,
					 40.729
				]
			},
			"properties": {
				"name": "JA/AM-079(七十森山)",
				"読み":"Nanajyumoriyama",
				"標高":"886m 6pt ",
				"GL":"QN00lr",
				"市郡区":"C#0201 / G#02001B ",
				"登山日":"",
				"メモ":"",
				"_markerType": "Icon",
				"_iconUrl": "https://maps.gsi.go.jp/portal/sys/v4/symbols/103.png",
				"_iconSize": [
					16,
					16
				],
				"_iconAnchor": [
					8,
					8
				]
			}
		},
		{
			"type": "Feature",
			"geometry": {
				"type": "Point",
				"coordinates": [
					 140.977,
					 40.7317
				]
			},
			"properties": {
				"name": "JA/AM-080(高森山)",
				"読み":"Takamoriyama",
				"標高":"834m 4pt ",
				"GL":"QN00lr",
				"市郡区":"G#02001B ",
				"登山日":"",
				"メモ":"",
				"_markerType": "Icon",
				"_iconUrl": "https://maps.gsi.go.jp/portal/sys/v4/symbols/828.png",
				"_iconSize": [
					16,
					16
				],
				"_iconAnchor": [
					8,
					8
				]
			}
		},
		{
			"type": "Feature",
			"geometry": {
				"type": "Point",
				"coordinates": [
					 140.5728,
					 41.1516
				]
			},
			"properties": {
				"name": "JA/AM-081(木無岳)",
				"読み":"Kinashidake",
				"標高":"686m 4pt ",
				"GL":"QN01gd",
				"市郡区":"G#02007G / G#02007E ",
				"登山日":"",
				"メモ":"",
				"_markerType": "Icon",
				"_iconUrl": "https://maps.gsi.go.jp/portal/sys/v4/symbols/828.png",
				"_iconSize": [
					16,
					16
				],
				"_iconAnchor": [
					8,
					8
				]
			}
		},
		{
			"type": "Feature",
			"geometry": {
				"type": "Point",
				"coordinates": [
					 140.8281,
					 41.2992
				]
			},
			"properties": {
				"name": "JA/AM-082(丸山)",
				"読み":"Maruyama",
				"標高":"511m 2pt ",
				"GL":"QN01jh",
				"市郡区":"G#02004D ",
				"登山日":"",
				"メモ":"",
				"_markerType": "Icon",
				"_iconUrl": "https://maps.gsi.go.jp/portal/sys/v4/symbols/102.png",
				"_iconSize": [
					16,
					16
				],
				"_iconAnchor": [
					8,
					8
				]
			}
		},
		{
			"type": "Feature",
			"geometry": {
				"type": "Point",
				"coordinates": [
					 140.472,
					 41.1127
				]
			},
			"properties": {
				"name": "JA/AM-083(点447)",
				"読み":"JA/AM-083",
				"標高":"447m 1pt ",
				"GL":"QN01fc",
				"市郡区":"G#02007E ",
				"登山日":"",
				"メモ":"",
				"_markerType": "Icon",
				"_iconUrl": "https://maps.gsi.go.jp/portal/sys/v4/symbols/826.png",
				"_iconSize": [
					16,
					16
				],
				"_iconAnchor": [
					8,
					8
				]
			}
		},
		{
			"type": "Feature",
			"geometry": {
				"type": "Point",
				"coordinates": [
					 140.7833,
					 41.1583
				]
			},
			"properties": {
				"name": "JA/AM-084(ガンケ山)",
				"読み":"Gankeyama",
				"標高":"304m 1pt ",
				"GL":"QN01jd",
				"市郡区":"C#0208 ",
				"登山日":"",
				"メモ":"",
				"_markerType": "Icon",
				"_iconUrl": "https://maps.gsi.go.jp/portal/sys/v4/symbols/826.png",
				"_iconSize": [
					16,
					16
				],
				"_iconAnchor": [
					8,
					8
				]
			}
		},
		{
			"type": "Feature",
			"geometry": {
				"type": "Point",
				"coordinates": [
					 140.9649,
					 40.8941
				]
			},
			"properties": {
				"name": "JA/AM-085(引ノ越山)",
				"読み":"Hikinokoshiyama",
				"標高":"267m 1pt ",
				"GL":"QN00lv",
				"市郡区":"G#02007F ",
				"登山日":"",
				"メモ":"",
				"_markerType": "Icon",
				"_iconUrl": "https://maps.gsi.go.jp/portal/sys/v4/symbols/826.png",
				"_iconSize": [
					16,
					16
				],
				"_iconAnchor": [
					8,
					8
				]
			}
		},
		{
			"type": "Feature",
			"geometry": {
				"type": "Point",
				"coordinates": [
					 140.8759,
					 40.9317
				]
			},
			"properties": {
				"name": "JA/AM-086(浪打山)",
				"読み":"Namiuchiyama",
				"標高":"232m 1pt ",
				"GL":"QN00kw",
				"市郡区":"G#02007F ",
				"登山日":"",
				"メモ":"",
				"_markerType": "Icon",
				"_iconUrl": "https://maps.gsi.go.jp/portal/sys/v4/symbols/826.png",
				"_iconSize": [
					16,
					16
				],
				"_iconAnchor": [
					8,
					8
				]
			}
		},
		{
			"type": "Feature",
			"geometry": {
				"type": "Point",
				"coordinates": [
					 140.2531,
					 41.1266
				]
			},
			"properties": {
				"name": "JA/AM-087(尾崎山)",
				"読み":"Ozakiyama",
				"標高":"230m 1pt ",
				"GL":"QN01dd",
				"市郡区":"G#02002G ",
				"登山日":"",
				"メモ":"",
				"_markerType": "Icon",
				"_iconUrl": "https://maps.gsi.go.jp/portal/sys/v4/symbols/826.png",
				"_iconSize": [
					16,
					16
				],
				"_iconAnchor": [
					8,
					8
				]
			}
		},
		{
			"type": "Feature",
			"geometry": {
				"type": "Point",
				"coordinates": [
					 140.7994,
					 39.7611
				]
			},
			"properties": {
				"name": "JA/AT-001(駒ヶ岳(男女岳))",
				"読み":"Komagatake/Onamedake",
				"標高":"1637m 10pt ",
				"GL":"QM09js",
				"市郡区":"C#0415 ",
				"登山日":"",
				"メモ":"",
				"_markerType": "Icon",
				"_iconUrl": "https://maps.gsi.go.jp/portal/sys/v4/symbols/101.png",
				"_iconSize": [
					16,
					16
				],
				"_iconAnchor": [
					8,
					8
				]
			}
		},
		{
			"type": "Feature",
			"geometry": {
				"type": "Point",
				"coordinates": [
					 140.5442,
					 39.9768
				]
			},
			"properties": {
				"name": "JA/AT-002(森吉山)",
				"読み":"Moriyoshizan",
				"標高":"1454m 8pt ",
				"GL":"QM09gx",
				"市郡区":"C#0413 ",
				"登山日":"",
				"メモ":"",
				"_markerType": "Icon",
				"_iconUrl": "https://maps.gsi.go.jp/portal/sys/v4/symbols/104.png",
				"_iconSize": [
					16,
					16
				],
				"_iconAnchor": [
					8,
					8
				]
			}
		},
		{
			"type": "Feature",
			"geometry": {
				"type": "Point",
				"coordinates": [
					 140.6188,
					 38.9046
				]
			},
			"properties": {
				"name": "JA/AT-003(虎毛山)",
				"読み":"Toragesan",
				"標高":"1433m 8pt ",
				"GL":"QM08hv",
				"市郡区":"C#0407 ",
				"登山日":"",
				"メモ":"",
				"_markerType": "Icon",
				"_iconUrl": "https://maps.gsi.go.jp/portal/sys/v4/symbols/104.png",
				"_iconSize": [
					16,
					16
				],
				"_iconAnchor": [
					8,
					8
				]
			}
		},
		{
			"type": "Feature",
			"geometry": {
				"type": "Point",
				"coordinates": [
					 140.7728,
					 39.6102
				]
			},
			"properties": {
				"name": "JA/AT-004(朝日岳)",
				"読み":"Asahidake",
				"標高":"1376m 8pt ",
				"GL":"QM09jo",
				"市郡区":"C#0415 ",
				"登山日":"",
				"メモ":"",
				"_markerType": "Icon",
				"_iconUrl": "https://maps.gsi.go.jp/portal/sys/v4/symbols/104.png",
				"_iconSize": [
					16,
					16
				],
				"_iconAnchor": [
					8,
					8
				]
			}
		},
		{
			"type": "Feature",
			"geometry": {
				"type": "Point",
				"coordinates": [
					 140.757,
					 39.9638
				]
			},
			"properties": {
				"name": "JA/AT-005(焼山)",
				"読み":"Yakeyama",
				"標高":"1366m 8pt ",
				"GL":"QM09jx",
				"市郡区":"C#0415 / C#0409 ",
				"登山日":"",
				"メモ":"",
				"_markerType": "Icon",
				"_iconUrl": "https://maps.gsi.go.jp/portal/sys/v4/symbols/104.png",
				"_iconSize": [
					16,
					16
				],
				"_iconAnchor": [
					8,
					8
				]
			}
		},
		{
			"type": "Feature",
			"geometry": {
				"type": "Point",
				"coordinates": [
					 140.4923,
					 38.9023
				]
			},
			"properties": {
				"name": "JA/AT-006(神室山)",
				"読み":"Kamurosan",
				"標高":"1365m 8pt ",
				"GL":"QM08fv",
				"市郡区":"C#0407 / G#05011A / C#0505",
				"登山日":"",
				"メモ":"",
				"_markerType": "Icon",
				"_iconUrl": "https://maps.gsi.go.jp/portal/sys/v4/symbols/104.png",
				"_iconSize": [
					16,
					16
				],
				"_iconAnchor": [
					8,
					8
				]
			}
		},
		{
			"type": "Feature",
			"geometry": {
				"type": "Point",
				"coordinates": [
					 140.6063,
					 38.9677
				]
			},
			"properties": {
				"name": "JA/AT-007(高松岳)",
				"読み":"Takamatsudake",
				"標高":"1348m 8pt ",
				"GL":"QM08hx",
				"市郡区":"C#0407 ",
				"登山日":"",
				"メモ":"",
				"_markerType": "Icon",
				"_iconUrl": "https://maps.gsi.go.jp/portal/sys/v4/symbols/104.png",
				"_iconSize": [
					16,
					16
				],
				"_iconAnchor": [
					8,
					8
				]
			}
		},
		{
			"type": "Feature",
			"geometry": {
				"type": "Point",
				"coordinates": [
					 140.7774,
					 39.9002
				]
			},
			"properties": {
				"name": "JA/AT-008(倉沢山)",
				"読み":"Kurasawayama",
				"標高":"1300m 8pt ",
				"GL":"QM09jv",
				"市郡区":"C#0415 ",
				"登山日":"",
				"メモ":"",
				"_markerType": "Icon",
				"_iconUrl": "https://maps.gsi.go.jp/portal/sys/v4/symbols/104.png",
				"_iconSize": [
					16,
					16
				],
				"_iconAnchor": [
					8,
					8
				]
			}
		},
		{
			"type": "Feature",
			"geometry": {
				"type": "Point",
				"coordinates": [
					 140.7308,
					 39.8064
				]
			},
			"properties": {
				"name": "JA/AT-009(荷葉岳)",
				"読み":"Kayoudake",
				"標高":"1254m 8pt ",
				"GL":"QM09it",
				"市郡区":"C#0415 ",
				"登山日":"",
				"メモ":"",
				"_markerType": "Icon",
				"_iconUrl": "https://maps.gsi.go.jp/portal/sys/v4/symbols/104.png",
				"_iconSize": [
					16,
					16
				],
				"_iconAnchor": [
					8,
					8
				]
			}
		},
		{
			"type": "Feature",
			"geometry": {
				"type": "Point",
				"coordinates": [
					 140.7605,
					 40.0204
				]
			},
			"properties": {
				"name": "JA/AT-010(三方高)",
				"読み":"Sanboukou",
				"標高":"1222m 8pt ",
				"GL":"QN00ja",
				"市郡区":"C#0409 ",
				"登山日":"",
				"メモ":"",
				"_markerType": "Icon",
				"_iconUrl": "https://maps.gsi.go.jp/portal/sys/v4/symbols/104.png",
				"_iconSize": [
					16,
					16
				],
				"_iconAnchor": [
					8,
					8
				]
			}
		},
		{
			"type": "Feature",
			"geometry": {
				"type": "Point",
				"coordinates": [
					 140.5452,
					 38.8928
				]
			},
			"properties": {
				"name": "JA/AT-011(軍沢岳)",
				"読み":"Ikusazawadake",
				"標高":"1193m 8pt ",
				"GL":"QM08gv",
				"市郡区":"C#0407 / G#05011G ",
				"登山日":"",
				"メモ":"",
				"_markerType": "Icon",
				"_iconUrl": "https://maps.gsi.go.jp/portal/sys/v4/symbols/104.png",
				"_iconSize": [
					16,
					16
				],
				"_iconAnchor": [
					8,
					8
				]
			}
		},
		{
			"type": "Feature",
			"geometry": {
				"type": "Point",
				"coordinates": [
					 140.6188,
					 38.9221
				]
			},
			"properties": {
				"name": "JA/AT-012(前森山)",
				"読み":"Maemoriyama",
				"標高":"1189m 8pt ",
				"GL":"QM08hw",
				"市郡区":"C#0407 ",
				"登山日":"",
				"メモ":"",
				"_markerType": "Icon",
				"_iconUrl": "https://maps.gsi.go.jp/portal/sys/v4/symbols/104.png",
				"_iconSize": [
					16,
					16
				],
				"_iconAnchor": [
					8,
					8
				]
			}
		},
		{
			"type": "Feature",
			"geometry": {
				"type": "Point",
				"coordinates": [
					 140.4013,
					 39.8358
				]
			},
			"properties": {
				"name": "JA/AT-013(白子森)",
				"読み":"Shirakomori",
				"標高":"1179m 8pt ",
				"GL":"QM09eu",
				"市郡区":"C#0413 / G#04004A / C#0401",
				"登山日":"",
				"メモ":"",
				"_markerType": "Icon",
				"_iconUrl": "https://maps.gsi.go.jp/portal/sys/v4/symbols/104.png",
				"_iconSize": [
					16,
					16
				],
				"_iconAnchor": [
					8,
					8
				]
			}
		},
		{
			"type": "Feature",
			"geometry": {
				"type": "Point",
				"coordinates": [
					 140.4089,
					 40.4285
				]
			},
			"properties": {
				"name": "JA/AT-014(田代岳)",
				"読み":"Tashirodake",
				"標高":"1178m 8pt ",
				"GL":"QN00ek",
				"市郡区":"C#0403 ",
				"登山日":"",
				"メモ":"",
				"_markerType": "Icon",
				"_iconUrl": "https://maps.gsi.go.jp/portal/sys/v4/symbols/104.png",
				"_iconSize": [
					16,
					16
				],
				"_iconAnchor": [
					8,
					8
				]
			}
		},
		{
			"type": "Feature",
			"geometry": {
				"type": "Point",
				"coordinates": [
					 140.6951,
					 39.589
				]
			},
			"properties": {
				"name": "JA/AT-015(白岩岳)",
				"読み":"Shiroiwadake",
				"標高":"1177m 8pt ",
				"GL":"QM09io",
				"市郡区":"C#0415 / C#0412 ",
				"登山日":"",
				"メモ":"",
				"_markerType": "Icon",
				"_iconUrl": "https://maps.gsi.go.jp/portal/sys/v4/symbols/104.png",
				"_iconSize": [
					16,
					16
				],
				"_iconAnchor": [
					8,
					8
				]
			}
		},
		{
			"type": "Feature",
			"geometry": {
				"type": "Point",
				"coordinates": [
					 140.3107,
					 39.797
				]
			},
			"properties": {
				"name": "JA/AT-016(太平山)",
				"読み":"Taiheizan",
				"標高":"1170m 8pt ",
				"GL":"QM09dt",
				"市郡区":"C#0401 / G#04004A ",
				"登山日":"",
				"メモ":"",
				"_markerType": "Icon",
				"_iconUrl": "https://maps.gsi.go.jp/portal/sys/v4/symbols/104.png",
				"_iconSize": [
					16,
					16
				],
				"_iconAnchor": [
					8,
					8
				]
			}
		},
		{
			"type": "Feature",
			"geometry": {
				"type": "Point",
				"coordinates": [
					 140.7779,
					 39.0387
				]
			},
			"properties": {
				"name": "JA/AT-017(平ノ松山)",
				"読み":"Hiranomatsuyama",
				"標高":"1169m 8pt ",
				"GL":"QM09ja",
				"市郡区":"G#04001A ",
				"登山日":"",
				"メモ":"",
				"_markerType": "Icon",
				"_iconUrl": "https://maps.gsi.go.jp/portal/sys/v4/symbols/104.png",
				"_iconSize": [
					16,
					16
				],
				"_iconAnchor": [
					8,
					8
				]
			}
		},
		{
			"type": "Feature",
			"geometry": {
				"type": "Point",
				"coordinates": [
					 140.5156,
					 39.8136
				]
			},
			"properties": {
				"name": "JA/AT-018(大仏岳)",
				"読み":"Daibutsudake",
				"標高":"1167m 8pt ",
				"GL":"QM09gt",
				"市郡区":"C#0415 / C#0413 ",
				"登山日":"",
				"メモ":"",
				"_markerType": "Icon",
				"_iconUrl": "https://maps.gsi.go.jp/portal/sys/v4/symbols/104.png",
				"_iconSize": [
					16,
					16
				],
				"_iconAnchor": [
					8,
					8
				]
			}
		},
		{
			"type": "Feature",
			"geometry": {
				"type": "Point",
				"coordinates": [
					 140.7787,
					 39.1948
				]
			},
			"properties": {
				"name": "JA/AT-019(蟻巣山)",
				"読み":"Arisuyama",
				"標高":"1162m 8pt ",
				"GL":"QM09je",
				"市郡区":"G#04001A / G#03013F ",
				"登山日":"",
				"メモ":"",
				"_markerType": "Icon",
				"_iconUrl": "https://maps.gsi.go.jp/portal/sys/v4/symbols/104.png",
				"_iconSize": [
					16,
					16
				],
				"_iconAnchor": [
					8,
					8
				]
			}
		},
		{
			"type": "Feature",
			"geometry": {
				"type": "Point",
				"coordinates": [
					 140.2511,
					 40.4129
				]
			},
			"properties": {
				"name": "JA/AT-020(駒ヶ岳)",
				"読み":"Komagatake",
				"標高":"1158m 8pt ",
				"GL":"QN00dj",
				"市郡区":"G#04008C ",
				"登山日":"",
				"メモ":"",
				"_markerType": "Icon",
				"_iconUrl": "https://maps.gsi.go.jp/portal/sys/v4/symbols/104.png",
				"_iconSize": [
					16,
					16
				],
				"_iconAnchor": [
					8,
					8
				]
			}
		},
		{
			"type": "Feature",
			"geometry": {
				"type": "Point",
				"coordinates": [
					 140.8459,
					 40.1458
				]
			},
			"properties": {
				"name": "JA/AT-021(五ノ宮嶽)",
				"読み":"Gonomiyadake",
				"標高":"1115m 8pt ",
				"GL":"QN00kd",
				"市郡区":"C#0409 ",
				"登山日":"",
				"メモ":"",
				"_markerType": "Icon",
				"_iconUrl": "https://maps.gsi.go.jp/portal/sys/v4/symbols/104.png",
				"_iconSize": [
					16,
					16
				],
				"_iconAnchor": [
					8,
					8
				]
			}
		},
		{
			"type": "Feature",
			"geometry": {
				"type": "Point",
				"coordinates": [
					 140.2534,
					 40.4415
				]
			},
			"properties": {
				"name": "JA/AT-022(立俣(三角点))",
				"読み":"Tachimata",
				"標高":"1098m 6pt ",
				"GL":"QN00dk",
				"市郡区":"G#04008C / G#02005Ｂ ",
				"登山日":"",
				"メモ":"",
				"_markerType": "Icon",
				"_iconUrl": "https://maps.gsi.go.jp/portal/sys/v4/symbols/103.png",
				"_iconSize": [
					16,
					16
				],
				"_iconAnchor": [
					8,
					8
				]
			}
		},
		{
			"type": "Feature",
			"geometry": {
				"type": "Point",
				"coordinates": [
					 140.1179,
					 40.4351
				]
			},
			"properties": {
				"name": "JA/AT-023(二ッ森)",
				"読み":"Futatsumori",
				"標高":"1087m 6pt ",
				"GL":"QN00bk",
				"市郡区":"G#04008C / G#02006E ",
				"登山日":"",
				"メモ":"",
				"_markerType": "Icon",
				"_iconUrl": "https://maps.gsi.go.jp/portal/sys/v4/symbols/103.png",
				"_iconSize": [
					16,
					16
				],
				"_iconAnchor": [
					8,
					8
				]
			}
		},
		{
			"type": "Feature",
			"geometry": {
				"type": "Point",
				"coordinates": [
					 140.7036,
					 39.0265
				]
			},
			"properties": {
				"name": "JA/AT-024(足倉山)",
				"読み":"Ashikurayama",
				"標高":"1083m 6pt ",
				"GL":"QM09ia",
				"市郡区":"C#0407 / G#04001A ",
				"登山日":"",
				"メモ":"",
				"_markerType": "Icon",
				"_iconUrl": "https://maps.gsi.go.jp/portal/sys/v4/symbols/103.png",
				"_iconSize": [
					16,
					16
				],
				"_iconAnchor": [
					8,
					8
				]
			}
		},
		{
			"type": "Feature",
			"geometry": {
				"type": "Point",
				"coordinates": [
					 140.3552,
					 39.8255
				]
			},
			"properties": {
				"name": "JA/AT-025(点1067)",
				"読み":"P1067",
				"標高":"1067m 6pt ",
				"GL":"QM09et",
				"市郡区":"C#0401 / G#04004A ",
				"登山日":"",
				"メモ":"",
				"_markerType": "Icon",
				"_iconUrl": "https://maps.gsi.go.jp/portal/sys/v4/symbols/103.png",
				"_iconSize": [
					16,
					16
				],
				"_iconAnchor": [
					8,
					8
				]
			}
		},
		{
			"type": "Feature",
			"geometry": {
				"type": "Point",
				"coordinates": [
					 140.5071,
					 39.7294
				]
			},
			"properties": {
				"name": "JA/AT-026(大石岳)",
				"読み":"Ooishidake",
				"標高":"1059m 6pt ",
				"GL":"QM09gr",
				"市郡区":"C#0415 / C#0401 ",
				"登山日":"",
				"メモ":"",
				"_markerType": "Icon",
				"_iconUrl": "https://maps.gsi.go.jp/portal/sys/v4/symbols/103.png",
				"_iconSize": [
					16,
					16
				],
				"_iconAnchor": [
					8,
					8
				]
			}
		},
		{
			"type": "Feature",
			"geometry": {
				"type": "Point",
				"coordinates": [
					 140.5996,
					 40.1039
				]
			},
			"properties": {
				"name": "JA/AT-027(竜ヶ森)",
				"読み":"Ryuugamori",
				"標高":"1050m 6pt ",
				"GL":"QN00hc",
				"市郡区":"C#0413 / C#0403 ",
				"登山日":"",
				"メモ":"",
				"_markerType": "Icon",
				"_iconUrl": "https://maps.gsi.go.jp/portal/sys/v4/symbols/103.png",
				"_iconSize": [
					16,
					16
				],
				"_iconAnchor": [
					8,
					8
				]
			}
		},
		{
			"type": "Feature",
			"geometry": {
				"type": "Point",
				"coordinates": [
					 140.1978,
					 40.4328
				]
			},
			"properties": {
				"name": "JA/AT-028(小岳)",
				"読み":"Kodake",
				"標高":"1043m 6pt ",
				"GL":"QN00ck",
				"市郡区":"G#04008C ",
				"登山日":"",
				"メモ":"",
				"_markerType": "Icon",
				"_iconUrl": "https://maps.gsi.go.jp/portal/sys/v4/symbols/103.png",
				"_iconSize": [
					16,
					16
				],
				"_iconAnchor": [
					8,
					8
				]
			}
		},
		{
			"type": "Feature",
			"geometry": {
				"type": "Point",
				"coordinates": [
					 140.1075,
					 40.4161
				]
			},
			"properties": {
				"name": "JA/AT-029(丸山(三角点))",
				"読み":"Maruyama",
				"標高":"1039m 6pt ",
				"GL":"QN00bj",
				"市郡区":"G#04008I / G#04008C ",
				"登山日":"",
				"メモ":"",
				"_markerType": "Icon",
				"_iconUrl": "https://maps.gsi.go.jp/portal/sys/v4/symbols/103.png",
				"_iconSize": [
					16,
					16
				],
				"_iconAnchor": [
					8,
					8
				]
			}
		},
		{
			"type": "Feature",
			"geometry": {
				"type": "Point",
				"coordinates": [
					 140.7882,
					 40.4472
				]
			},
			"properties": {
				"name": "JA/AT-030(白地山)",
				"読み":"Shirojiyama",
				"標高":"1034m 6pt ",
				"GL":"QN00jk",
				"市郡区":"G#04002A ",
				"登山日":"",
				"メモ":"",
				"_markerType": "Icon",
				"_iconUrl": "https://maps.gsi.go.jp/portal/sys/v4/symbols/103.png",
				"_iconSize": [
					16,
					16
				],
				"_iconAnchor": [
					8,
					8
				]
			}
		},
		{
			"type": "Feature",
			"geometry": {
				"type": "Point",
				"coordinates": [
					 140.4675,
					 39.7872
				]
			},
			"properties": {
				"name": "JA/AT-031(番鳥森)",
				"読み":"Bandorimori",
				"標高":"1033m 6pt ",
				"GL":"QM09fs",
				"市郡区":"C#0401 ",
				"登山日":"",
				"メモ":"",
				"_markerType": "Icon",
				"_iconUrl": "https://maps.gsi.go.jp/portal/sys/v4/symbols/103.png",
				"_iconSize": [
					16,
					16
				],
				"_iconAnchor": [
					8,
					8
				]
			}
		},
		{
			"type": "Feature",
			"geometry": {
				"type": "Point",
				"coordinates": [
					 140.8157,
					 39.6909
				]
			},
			"properties": {
				"name": "JA/AT-032(点1026)",
				"読み":"P1026",
				"標高":"1026m 6pt ",
				"GL":"QM09jq",
				"市郡区":"C#0415 / G#03002D ",
				"登山日":"",
				"メモ":"",
				"_markerType": "Icon",
				"_iconUrl": "https://maps.gsi.go.jp/portal/sys/v4/symbols/103.png",
				"_iconSize": [
					16,
					16
				],
				"_iconAnchor": [
					8,
					8
				]
			}
		},
		{
			"type": "Feature",
			"geometry": {
				"type": "Point",
				"coordinates": [
					 140.6341,
					 39.9308
				]
			},
			"properties": {
				"name": "JA/AT-033(椈森)",
				"読み":"Bunamori",
				"標高":"1016m 6pt ",
				"GL":"QM09hw",
				"市郡区":"C#0415 / C#0413 ",
				"登山日":"",
				"メモ":"",
				"_markerType": "Icon",
				"_iconUrl": "https://maps.gsi.go.jp/portal/sys/v4/symbols/103.png",
				"_iconSize": [
					16,
					16
				],
				"_iconAnchor": [
					8,
					8
				]
			}
		},
		{
			"type": "Feature",
			"geometry": {
				"type": "Point",
				"coordinates": [
					 140.7402,
					 39.0205
				]
			},
			"properties": {
				"name": "JA/AT-034(狐狼化山)",
				"読み":"Korogeyama",
				"標高":"1015m 6pt ",
				"GL":"QM09ia",
				"市郡区":"G#04001A ",
				"登山日":"",
				"メモ":"",
				"_markerType": "Icon",
				"_iconUrl": "https://maps.gsi.go.jp/portal/sys/v4/symbols/103.png",
				"_iconSize": [
					16,
					16
				],
				"_iconAnchor": [
					8,
					8
				]
			}
		},
		{
			"type": "Feature",
			"geometry": {
				"type": "Point",
				"coordinates": [
					 140.1919,
					 39.0816
				]
			},
			"properties": {
				"name": "JA/AT-035(遠上山)",
				"読み":"Tokamisan",
				"標高":"1008m 6pt ",
				"GL":"QM09cb",
				"市郡区":"C#0410 ",
				"登山日":"",
				"メモ":"",
				"_markerType": "Icon",
				"_iconUrl": "https://maps.gsi.go.jp/portal/sys/v4/symbols/103.png",
				"_iconSize": [
					16,
					16
				],
				"_iconAnchor": [
					8,
					8
				]
			}
		},
		{
			"type": "Feature",
			"geometry": {
				"type": "Point",
				"coordinates": [
					 140.5208,
					 39.0209
				]
			},
			"properties": {
				"name": "JA/AT-036(小比内山)",
				"読み":"Kobinaiyama",
				"標高":"1004m 6pt ",
				"GL":"QM09ga",
				"市郡区":"C#0407 ",
				"登山日":"",
				"メモ":"",
				"_markerType": "Icon",
				"_iconUrl": "https://maps.gsi.go.jp/portal/sys/v4/symbols/103.png",
				"_iconSize": [
					16,
					16
				],
				"_iconAnchor": [
					8,
					8
				]
			}
		},
		{
			"type": "Feature",
			"geometry": {
				"type": "Point",
				"coordinates": [
					 140.0835,
					 40.4623
				]
			},
			"properties": {
				"name": "JA/AT-037(真瀬岳)",
				"読み":"Masedake",
				"標高":"988m 6pt ",
				"GL":"QN00bl",
				"市郡区":"G#04008I / G#02006E ",
				"登山日":"",
				"メモ":"",
				"_markerType": "Icon",
				"_iconUrl": "https://maps.gsi.go.jp/portal/sys/v4/symbols/103.png",
				"_iconSize": [
					16,
					16
				],
				"_iconAnchor": [
					8,
					8
				]
			}
		},
		{
			"type": "Feature",
			"geometry": {
				"type": "Point",
				"coordinates": [
					 140.1562,
					 40.3741
				]
			},
			"properties": {
				"name": "JA/AT-038(焼山)",
				"読み":"Yakeyama",
				"標高":"963m 6pt ",
				"GL":"QN00bi",
				"市郡区":"C#0402 / G#04008C / G#04008I",
				"登山日":"",
				"メモ":"",
				"_markerType": "Icon",
				"_iconUrl": "https://maps.gsi.go.jp/portal/sys/v4/symbols/103.png",
				"_iconSize": [
					16,
					16
				],
				"_iconAnchor": [
					8,
					8
				]
			}
		},
		{
			"type": "Feature",
			"geometry": {
				"type": "Point",
				"coordinates": [
					 140.2823,
					 40.4233
				]
			},
			"properties": {
				"name": "JA/AT-039(三蓋山)",
				"読み":"Mikasayama",
				"標高":"961m 6pt ",
				"GL":"QN00dk",
				"市郡区":"G#04008C ",
				"登山日":"",
				"メモ":"",
				"_markerType": "Icon",
				"_iconUrl": "https://maps.gsi.go.jp/portal/sys/v4/symbols/103.png",
				"_iconSize": [
					16,
					16
				],
				"_iconAnchor": [
					8,
					8
				]
			}
		},
		{
			"type": "Feature",
			"geometry": {
				"type": "Point",
				"coordinates": [
					 140.3779,
					 40.4765
				]
			},
			"properties": {
				"name": "JA/AT-040(点961(長慶森近傍))",
				"読み":"P961",
				"標高":"961m 6pt ",
				"GL":"QN00el",
				"市郡区":"C#0403 / C#0202 ",
				"登山日":"",
				"メモ":"",
				"_markerType": "Icon",
				"_iconUrl": "https://maps.gsi.go.jp/portal/sys/v4/symbols/103.png",
				"_iconSize": [
					16,
					16
				],
				"_iconAnchor": [
					8,
					8
				]
			}
		},
		{
			"type": "Feature",
			"geometry": {
				"type": "Point",
				"coordinates": [
					 140.4055,
					 39.0038
				]
			},
			"properties": {
				"name": "JA/AT-041(烏帽子山)",
				"読み":"Eboshiyama",
				"標高":"954m 6pt ",
				"GL":"QM09ea",
				"市郡区":"C#0407 ",
				"登山日":"",
				"メモ":"",
				"_markerType": "Icon",
				"_iconUrl": "https://maps.gsi.go.jp/portal/sys/v4/symbols/103.png",
				"_iconSize": [
					16,
					16
				],
				"_iconAnchor": [
					8,
					8
				]
			}
		},
		{
			"type": "Feature",
			"geometry": {
				"type": "Point",
				"coordinates": [
					 140.1907,
					 40.3716
				]
			},
			"properties": {
				"name": "JA/AT-042(長場内岳)",
				"読み":"Osabanaidake",
				"標高":"946m 6pt ",
				"GL":"QN00ci",
				"市郡区":"G#04008C ",
				"登山日":"",
				"メモ":"",
				"_markerType": "Icon",
				"_iconUrl": "https://maps.gsi.go.jp/portal/sys/v4/symbols/103.png",
				"_iconSize": [
					16,
					16
				],
				"_iconAnchor": [
					8,
					8
				]
			}
		},
		{
			"type": "Feature",
			"geometry": {
				"type": "Point",
				"coordinates": [
					 140.3419,
					 39.0839
				]
			},
			"properties": {
				"name": "JA/AT-043(姥井戸山)",
				"読み":"Ubaidoyama",
				"標高":"927m 6pt ",
				"GL":"QM09ec",
				"市郡区":"G#04001C / C#0410 / C#0407",
				"登山日":"",
				"メモ":"",
				"_markerType": "Icon",
				"_iconUrl": "https://maps.gsi.go.jp/portal/sys/v4/symbols/103.png",
				"_iconSize": [
					16,
					16
				],
				"_iconAnchor": [
					8,
					8
				]
			}
		},
		{
			"type": "Feature",
			"geometry": {
				"type": "Point",
				"coordinates": [
					 140.3427,
					 39.0456
				]
			},
			"properties": {
				"name": "JA/AT-044(大仙山)",
				"読み":"Daisenyama",
				"標高":"920m 6pt ",
				"GL":"QM09eb",
				"市郡区":"C#0407 / C#0410 ",
				"登山日":"",
				"メモ":"",
				"_markerType": "Icon",
				"_iconUrl": "https://maps.gsi.go.jp/portal/sys/v4/symbols/103.png",
				"_iconSize": [
					16,
					16
				],
				"_iconAnchor": [
					8,
					8
				]
			}
		},
		{
			"type": "Feature",
			"geometry": {
				"type": "Point",
				"coordinates": [
					 140.7687,
					 39.6832
				]
			},
			"properties": {
				"name": "JA/AT-045(相沢山)",
				"読み":"Aizawayama",
				"標高":"920m 6pt ",
				"GL":"QM09jq",
				"市郡区":"C#0415 ",
				"登山日":"",
				"メモ":"",
				"_markerType": "Icon",
				"_iconUrl": "https://maps.gsi.go.jp/portal/sys/v4/symbols/103.png",
				"_iconSize": [
					16,
					16
				],
				"_iconAnchor": [
					8,
					8
				]
			}
		},
		{
			"type": "Feature",
			"geometry": {
				"type": "Point",
				"coordinates": [
					 140.818,
					 40.1092
				]
			},
			"properties": {
				"name": "JA/AT-046(八森)",
				"読み":"Hachimori",
				"標高":"905m 6pt ",
				"GL":"QN00jc",
				"市郡区":"C#0409 ",
				"登山日":"",
				"メモ":"",
				"_markerType": "Icon",
				"_iconUrl": "https://maps.gsi.go.jp/portal/sys/v4/symbols/103.png",
				"_iconSize": [
					16,
					16
				],
				"_iconAnchor": [
					8,
					8
				]
			}
		},
		{
			"type": "Feature",
			"geometry": {
				"type": "Point",
				"coordinates": [
					 140.4793,
					 40.4393
				]
			},
			"properties": {
				"name": "JA/AT-047(孫左衛門山)",
				"読み":"Magozaemonyama",
				"標高":"891m 6pt ",
				"GL":"QN00fk",
				"市郡区":"C#0403 ",
				"登山日":"",
				"メモ":"",
				"_markerType": "Icon",
				"_iconUrl": "https://maps.gsi.go.jp/portal/sys/v4/symbols/103.png",
				"_iconSize": [
					16,
					16
				],
				"_iconAnchor": [
					8,
					8
				]
			}
		},
		{
			"type": "Feature",
			"geometry": {
				"type": "Point",
				"coordinates": [
					 140.6614,
					 39.8657
				]
			},
			"properties": {
				"name": "JA/AT-048(男神山)",
				"読み":"Ogamiyama",
				"標高":"859m 6pt ",
				"GL":"QM09hu",
				"市郡区":"C#0415 ",
				"登山日":"",
				"メモ":"",
				"_markerType": "Icon",
				"_iconUrl": "https://maps.gsi.go.jp/portal/sys/v4/symbols/103.png",
				"_iconSize": [
					16,
					16
				],
				"_iconAnchor": [
					8,
					8
				]
			}
		},
		{
			"type": "Feature",
			"geometry": {
				"type": "Point",
				"coordinates": [
					 140.5207,
					 39.8831
				]
			},
			"properties": {
				"name": "JA/AT-049(大森)",
				"読み":"Oomori",
				"標高":"857m 6pt ",
				"GL":"QM09gv",
				"市郡区":"C#0413 ",
				"登山日":"",
				"メモ":"",
				"_markerType": "Icon",
				"_iconUrl": "https://maps.gsi.go.jp/portal/sys/v4/symbols/103.png",
				"_iconSize": [
					16,
					16
				],
				"_iconAnchor": [
					8,
					8
				]
			}
		},
		{
			"type": "Feature",
			"geometry": {
				"type": "Point",
				"coordinates": [
					 140.4074,
					 39.7686
				]
			},
			"properties": {
				"name": "JA/AT-050(荒沢(三角点))",
				"読み":"Arasawa",
				"標高":"857m 6pt ",
				"GL":"QM09es",
				"市郡区":"C#0401 ",
				"登山日":"",
				"メモ":"",
				"_markerType": "Icon",
				"_iconUrl": "https://maps.gsi.go.jp/portal/sys/v4/symbols/103.png",
				"_iconSize": [
					16,
					16
				],
				"_iconAnchor": [
					8,
					8
				]
			}
		},
		{
			"type": "Feature",
			"geometry": {
				"type": "Point",
				"coordinates": [
					 140.2927,
					 40.3811
				]
			},
			"properties": {
				"name": "JA/AT-051(物見山)",
				"読み":"Monomiyama",
				"標高":"853m 6pt ",
				"GL":"QN00dj",
				"市郡区":"G#04008C ",
				"登山日":"",
				"メモ":"",
				"_markerType": "Icon",
				"_iconUrl": "https://maps.gsi.go.jp/portal/sys/v4/symbols/103.png",
				"_iconSize": [
					16,
					16
				],
				"_iconAnchor": [
					8,
					8
				]
			}
		},
		{
			"type": "Feature",
			"geometry": {
				"type": "Point",
				"coordinates": [
					 140.5778,
					 40.1304
				]
			},
			"properties": {
				"name": "JA/AT-052(尾柄沢(三角点))",
				"読み":"Ogarasawa",
				"標高":"837m 4pt ",
				"GL":"QN00gd",
				"市郡区":"C#0413 / C#0403 ",
				"登山日":"",
				"メモ":"",
				"_markerType": "Icon",
				"_iconUrl": "https://maps.gsi.go.jp/portal/sys/v4/symbols/828.png",
				"_iconSize": [
					16,
					16
				],
				"_iconAnchor": [
					8,
					8
				]
			}
		},
		{
			"type": "Feature",
			"geometry": {
				"type": "Point",
				"coordinates": [
					 140.3616,
					 39.9364
				]
			},
			"properties": {
				"name": "JA/AT-053(根烈岳)",
				"読み":"Neretsudake",
				"標高":"835m 4pt ",
				"GL":"QM09ew",
				"市郡区":"G#04004A / C#0413 ",
				"登山日":"",
				"メモ":"",
				"_markerType": "Icon",
				"_iconUrl": "https://maps.gsi.go.jp/portal/sys/v4/symbols/828.png",
				"_iconSize": [
					16,
					16
				],
				"_iconAnchor": [
					8,
					8
				]
			}
		},
		{
			"type": "Feature",
			"geometry": {
				"type": "Point",
				"coordinates": [
					 140.5621,
					 40.4271
				]
			},
			"properties": {
				"name": "JA/AT-054(大日影山)",
				"読み":"Oohikageyama",
				"標高":"820m 4pt ",
				"GL":"QN00gk",
				"市郡区":"C#0403 / G#02008G ",
				"登山日":"",
				"メモ":"",
				"_markerType": "Icon",
				"_iconUrl": "https://maps.gsi.go.jp/portal/sys/v4/symbols/828.png",
				"_iconSize": [
					16,
					16
				],
				"_iconAnchor": [
					8,
					8
				]
			}
		},
		{
			"type": "Feature",
			"geometry": {
				"type": "Point",
				"coordinates": [
					 140.3335,
					 40.4024
				]
			},
			"properties": {
				"name": "JA/AT-055(七枚沢(三角点))",
				"読み":"Nanamaizawa",
				"標高":"818m 4pt ",
				"GL":"QN00ej",
				"市郡区":"G#04008C / C#0403 ",
				"登山日":"",
				"メモ":"",
				"_markerType": "Icon",
				"_iconUrl": "https://maps.gsi.go.jp/portal/sys/v4/symbols/828.png",
				"_iconSize": [
					16,
					16
				],
				"_iconAnchor": [
					8,
					8
				]
			}
		},
		{
			"type": "Feature",
			"geometry": {
				"type": "Point",
				"coordinates": [
					 140.7164,
					 40.1013
				]
			},
			"properties": {
				"name": "JA/AT-056(早稲山)",
				"読み":"Waseyama",
				"標高":"811m 4pt ",
				"GL":"QN00ic",
				"市郡区":"C#0403 / C#0409 ",
				"登山日":"",
				"メモ":"",
				"_markerType": "Icon",
				"_iconUrl": "https://maps.gsi.go.jp/portal/sys/v4/symbols/828.png",
				"_iconSize": [
					16,
					16
				],
				"_iconAnchor": [
					8,
					8
				]
			}
		},
		{
			"type": "Feature",
			"geometry": {
				"type": "Point",
				"coordinates": [
					 140.6347,
					 39.8093
				]
			},
			"properties": {
				"name": "JA/AT-057(高森)",
				"読み":"Takamori",
				"標高":"796m 4pt ",
				"GL":"QM09ht",
				"市郡区":"C#0415 ",
				"登山日":"",
				"メモ":"",
				"_markerType": "Icon",
				"_iconUrl": "https://maps.gsi.go.jp/portal/sys/v4/symbols/828.png",
				"_iconSize": [
					16,
					16
				],
				"_iconAnchor": [
					8,
					8
				]
			}
		},
		{
			"type": "Feature",
			"geometry": {
				"type": "Point",
				"coordinates": [
					 140.6657,
					 39.209
				]
			},
			"properties": {
				"name": "JA/AT-058(大日向山)",
				"読み":"Oohinatayama",
				"標高":"780m 4pt ",
				"GL":"QM09hf",
				"市郡区":"C#0404 / G#04001A ",
				"登山日":"",
				"メモ":"",
				"_markerType": "Icon",
				"_iconUrl": "https://maps.gsi.go.jp/portal/sys/v4/symbols/828.png",
				"_iconSize": [
					16,
					16
				],
				"_iconAnchor": [
					8,
					8
				]
			}
		},
		{
			"type": "Feature",
			"geometry": {
				"type": "Point",
				"coordinates": [
					 140.8926,
					 40.2803
				]
			},
			"properties": {
				"name": "JA/AT-059(諸助山)",
				"読み":"Morosukeyama",
				"標高":"780m 4pt ",
				"GL":"QN00kg",
				"市郡区":"C#0409 ",
				"登山日":"",
				"メモ":"",
				"_markerType": "Icon",
				"_iconUrl": "https://maps.gsi.go.jp/portal/sys/v4/symbols/828.png",
				"_iconSize": [
					16,
					16
				],
				"_iconAnchor": [
					8,
					8
				]
			}
		},
		{
			"type": "Feature",
			"geometry": {
				"type": "Point",
				"coordinates": [
					 140.5172,
					 39.0987
				]
			},
			"properties": {
				"name": "JA/AT-060(東鳥海山)",
				"読み":"Higashichokaizan",
				"標高":"777m 4pt ",
				"GL":"QM09gc",
				"市郡区":"C#0407 ",
				"登山日":"",
				"メモ":"",
				"_markerType": "Icon",
				"_iconUrl": "https://maps.gsi.go.jp/portal/sys/v4/symbols/828.png",
				"_iconSize": [
					16,
					16
				],
				"_iconAnchor": [
					8,
					8
				]
			}
		},
		{
			"type": "Feature",
			"geometry": {
				"type": "Point",
				"coordinates": [
					 140.632,
					 39.3784
				]
			},
			"properties": {
				"name": "JA/AT-061(黒森山)",
				"読み":"Kuromoriyama",
				"標高":"766m 4pt ",
				"GL":"QM09hj",
				"市郡区":"G#04005N / C#0404 ",
				"登山日":"",
				"メモ":"",
				"_markerType": "Icon",
				"_iconUrl": "https://maps.gsi.go.jp/portal/sys/v4/symbols/828.png",
				"_iconSize": [
					16,
					16
				],
				"_iconAnchor": [
					8,
					8
				]
			}
		},
		{
			"type": "Feature",
			"geometry": {
				"type": "Point",
				"coordinates": [
					 140.687,
					 39.1404
				]
			},
			"properties": {
				"name": "JA/AT-062(椿川(三角点))",
				"読み":"Tsubakigawa",
				"標高":"766m 4pt ",
				"GL":"QM09id",
				"市郡区":"G#04001A / C#0404 ",
				"登山日":"",
				"メモ":"",
				"_markerType": "Icon",
				"_iconUrl": "https://maps.gsi.go.jp/portal/sys/v4/symbols/828.png",
				"_iconSize": [
					16,
					16
				],
				"_iconAnchor": [
					8,
					8
				]
			}
		},
		{
			"type": "Feature",
			"geometry": {
				"type": "Point",
				"coordinates": [
					 140.8934,
					 40.3246
				]
			},
			"properties": {
				"name": "JA/AT-063(点764)",
				"読み":"P764",
				"標高":"764m 4pt ",
				"GL":"QN00kh",
				"市郡区":"C#0409 ",
				"登山日":"",
				"メモ":"",
				"_markerType": "Icon",
				"_iconUrl": "https://maps.gsi.go.jp/portal/sys/v4/symbols/828.png",
				"_iconSize": [
					16,
					16
				],
				"_iconAnchor": [
					8,
					8
				]
			}
		},
		{
			"type": "Feature",
			"geometry": {
				"type": "Point",
				"coordinates": [
					 140.6448,
					 39.8607
				]
			},
			"properties": {
				"name": "JA/AT-064(黒森)",
				"読み":"Kuromori",
				"標高":"762m 4pt ",
				"GL":"QM09hu",
				"市郡区":"C#0415 ",
				"登山日":"",
				"メモ":"",
				"_markerType": "Icon",
				"_iconUrl": "https://maps.gsi.go.jp/portal/sys/v4/symbols/828.png",
				"_iconSize": [
					16,
					16
				],
				"_iconAnchor": [
					8,
					8
				]
			}
		},
		{
			"type": "Feature",
			"geometry": {
				"type": "Point",
				"coordinates": [
					 140.5916,
					 39.0371
				]
			},
			"properties": {
				"name": "JA/AT-065(奥宮山)",
				"読み":"Okumiyayama",
				"標高":"762m 4pt ",
				"GL":"QM09ha",
				"市郡区":"C#0407 ",
				"登山日":"",
				"メモ":"",
				"_markerType": "Icon",
				"_iconUrl": "https://maps.gsi.go.jp/portal/sys/v4/symbols/828.png",
				"_iconSize": [
					16,
					16
				],
				"_iconAnchor": [
					8,
					8
				]
			}
		},
		{
			"type": "Feature",
			"geometry": {
				"type": "Point",
				"coordinates": [
					 140.9738,
					 40.361
				]
			},
			"properties": {
				"name": "JA/AT-066(西ノ森)",
				"読み":"Nishinomori",
				"標高":"756m 4pt ",
				"GL":"QN00li",
				"市郡区":"C#0409 ",
				"登山日":"",
				"メモ":"",
				"_markerType": "Icon",
				"_iconUrl": "https://maps.gsi.go.jp/portal/sys/v4/symbols/828.png",
				"_iconSize": [
					16,
					16
				],
				"_iconAnchor": [
					8,
					8
				]
			}
		},
		{
			"type": "Feature",
			"geometry": {
				"type": "Point",
				"coordinates": [
					 140.6356,
					 39.6935
				]
			},
			"properties": {
				"name": "JA/AT-067(院内岳)",
				"読み":"Innaidake",
				"標高":"751m 4pt ",
				"GL":"QM09hq",
				"市郡区":"C#0415 ",
				"登山日":"",
				"メモ":"",
				"_markerType": "Icon",
				"_iconUrl": "https://maps.gsi.go.jp/portal/sys/v4/symbols/828.png",
				"_iconSize": [
					16,
					16
				],
				"_iconAnchor": [
					8,
					8
				]
			}
		},
		{
			"type": "Feature",
			"geometry": {
				"type": "Point",
				"coordinates": [
					 140.4886,
					 39.664
				]
			},
			"properties": {
				"name": "JA/AT-068(奥山)",
				"読み":"Okuyama",
				"標高":"751m 4pt ",
				"GL":"QM09fp",
				"市郡区":"C#0415 / C#0412 ",
				"登山日":"",
				"メモ":"",
				"_markerType": "Icon",
				"_iconUrl": "https://maps.gsi.go.jp/portal/sys/v4/symbols/828.png",
				"_iconSize": [
					16,
					16
				],
				"_iconAnchor": [
					8,
					8
				]
			}
		},
		{
			"type": "Feature",
			"geometry": {
				"type": "Point",
				"coordinates": [
					 140.2094,
					 39.8637
				]
			},
			"properties": {
				"name": "JA/AT-069(俎山)",
				"読み":"Manaitayama",
				"標高":"723m 4pt ",
				"GL":"QM09cu",
				"市郡区":"C#0401 / G#04007B ",
				"登山日":"",
				"メモ":"",
				"_markerType": "Icon",
				"_iconUrl": "https://maps.gsi.go.jp/portal/sys/v4/symbols/828.png",
				"_iconSize": [
					16,
					16
				],
				"_iconAnchor": [
					8,
					8
				]
			}
		},
		{
			"type": "Feature",
			"geometry": {
				"type": "Point",
				"coordinates": [
					 140.1591,
					 40.342
				]
			},
			"properties": {
				"name": "JA/AT-070(大倉山)",
				"読み":"Ookurayama",
				"標高":"722m 4pt ",
				"GL":"QN00bi",
				"市郡区":"C#0402 ",
				"登山日":"",
				"メモ":"",
				"_markerType": "Icon",
				"_iconUrl": "https://maps.gsi.go.jp/portal/sys/v4/symbols/828.png",
				"_iconSize": [
					16,
					16
				],
				"_iconAnchor": [
					8,
					8
				]
			}
		},
		{
			"type": "Feature",
			"geometry": {
				"type": "Point",
				"coordinates": [
					 140.4586,
					 39.6804
				]
			},
			"properties": {
				"name": "JA/AT-071(大川前(三角点))",
				"読み":"Ookawamae",
				"標高":"721m 4pt ",
				"GL":"QM09fq",
				"市郡区":"C#0412 ",
				"登山日":"",
				"メモ":"",
				"_markerType": "Icon",
				"_iconUrl": "https://maps.gsi.go.jp/portal/sys/v4/symbols/828.png",
				"_iconSize": [
					16,
					16
				],
				"_iconAnchor": [
					8,
					8
				]
			}
		},
		{
			"type": "Feature",
			"geometry": {
				"type": "Point",
				"coordinates": [
					 139.7538,
					 39.9068
				]
			},
			"properties": {
				"name": "JA/AT-072(本山)",
				"読み":"Honzan",
				"標高":"715m 4pt ",
				"GL":"PM99vv",
				"市郡区":"C#0406 ",
				"登山日":"",
				"メモ":"",
				"_markerType": "Icon",
				"_iconUrl": "https://maps.gsi.go.jp/portal/sys/v4/symbols/828.png",
				"_iconSize": [
					16,
					16
				],
				"_iconAnchor": [
					8,
					8
				]
			}
		},
		{
			"type": "Feature",
			"geometry": {
				"type": "Point",
				"coordinates": [
					 140.2277,
					 39.2366
				]
			},
			"properties": {
				"name": "JA/AT-073(八塩山)",
				"読み":"Yashioyama",
				"標高":"713m 4pt ",
				"GL":"QM09cf",
				"市郡区":"C#0410 ",
				"登山日":"",
				"メモ":"",
				"_markerType": "Icon",
				"_iconUrl": "https://maps.gsi.go.jp/portal/sys/v4/symbols/828.png",
				"_iconSize": [
					16,
					16
				],
				"_iconAnchor": [
					8,
					8
				]
			}
		},
		{
			"type": "Feature",
			"geometry": {
				"type": "Point",
				"coordinates": [
					 140.4478,
					 39.9687
				]
			},
			"properties": {
				"name": "JA/AT-074(芝森)",
				"読み":"Shibamori",
				"標高":"710m 4pt ",
				"GL":"QM09fx",
				"市郡区":"C#0413 ",
				"登山日":"",
				"メモ":"",
				"_markerType": "Icon",
				"_iconUrl": "https://maps.gsi.go.jp/portal/sys/v4/symbols/828.png",
				"_iconSize": [
					16,
					16
				],
				"_iconAnchor": [
					8,
					8
				]
			}
		},
		{
			"type": "Feature",
			"geometry": {
				"type": "Point",
				"coordinates": [
					 140.4583,
					 39.9455
				]
			},
			"properties": {
				"name": "JA/AT-075(鬼灯山)",
				"読み":"Houzukiyama",
				"標高":"706m 4pt ",
				"GL":"QM09fw",
				"市郡区":"C#0413 ",
				"登山日":"",
				"メモ":"",
				"_markerType": "Icon",
				"_iconUrl": "https://maps.gsi.go.jp/portal/sys/v4/symbols/828.png",
				"_iconSize": [
					16,
					16
				],
				"_iconAnchor": [
					8,
					8
				]
			}
		},
		{
			"type": "Feature",
			"geometry": {
				"type": "Point",
				"coordinates": [
					 140.6045,
					 39.1019
				]
			},
			"properties": {
				"name": "JA/AT-076(大森山)",
				"読み":"Oomoriyama",
				"標高":"704m 4pt ",
				"GL":"QM09hc",
				"市郡区":"C#0407 ",
				"登山日":"",
				"メモ":"",
				"_markerType": "Icon",
				"_iconUrl": "https://maps.gsi.go.jp/portal/sys/v4/symbols/828.png",
				"_iconSize": [
					16,
					16
				],
				"_iconAnchor": [
					8,
					8
				]
			}
		},
		{
			"type": "Feature",
			"geometry": {
				"type": "Point",
				"coordinates": [
					 140.6964,
					 40.1521
				]
			},
			"properties": {
				"name": "JA/AT-077(合窪(三角点))",
				"読み":"Aikubo",
				"標高":"702m 4pt ",
				"GL":"QN00id",
				"市郡区":"C#0403 ",
				"登山日":"",
				"メモ":"",
				"_markerType": "Icon",
				"_iconUrl": "https://maps.gsi.go.jp/portal/sys/v4/symbols/828.png",
				"_iconSize": [
					16,
					16
				],
				"_iconAnchor": [
					8,
					8
				]
			}
		},
		{
			"type": "Feature",
			"geometry": {
				"type": "Point",
				"coordinates": [
					 140.5588,
					 39.0665
				]
			},
			"properties": {
				"name": "JA/AT-078(丸森山)",
				"読み":"Marumoriyama",
				"標高":"699m 4pt ",
				"GL":"QM09gb",
				"市郡区":"C#0407 ",
				"登山日":"",
				"メモ":"",
				"_markerType": "Icon",
				"_iconUrl": "https://maps.gsi.go.jp/portal/sys/v4/symbols/828.png",
				"_iconSize": [
					16,
					16
				],
				"_iconAnchor": [
					8,
					8
				]
			}
		},
		{
			"type": "Feature",
			"geometry": {
				"type": "Point",
				"coordinates": [
					 140.3624,
					 39.0258
				]
			},
			"properties": {
				"name": "JA/AT-079(南沢山)",
				"読み":"Minamisawayama",
				"標高":"697m 4pt ",
				"GL":"QM09ea",
				"市郡区":"C#0407 / G#05011F ",
				"登山日":"",
				"メモ":"",
				"_markerType": "Icon",
				"_iconUrl": "https://maps.gsi.go.jp/portal/sys/v4/symbols/828.png",
				"_iconSize": [
					16,
					16
				],
				"_iconAnchor": [
					8,
					8
				]
			}
		},
		{
			"type": "Feature",
			"geometry": {
				"type": "Point",
				"coordinates": [
					 140.5111,
					 40.3636
				]
			},
			"properties": {
				"name": "JA/AT-080(槻ノ木山)",
				"読み":"Tsukinokiyama",
				"標高":"692m 4pt ",
				"GL":"QN00gi",
				"市郡区":"C#0403 ",
				"登山日":"",
				"メモ":"",
				"_markerType": "Icon",
				"_iconUrl": "https://maps.gsi.go.jp/portal/sys/v4/symbols/828.png",
				"_iconSize": [
					16,
					16
				],
				"_iconAnchor": [
					8,
					8
				]
			}
		},
		{
			"type": "Feature",
			"geometry": {
				"type": "Point",
				"coordinates": [
					 140.4841,
					 40.4176
				]
			},
			"properties": {
				"name": "JA/AT-081(点682)",
				"読み":"P682",
				"標高":"682m 4pt ",
				"GL":"QN00fk",
				"市郡区":"C#0403 ",
				"登山日":"",
				"メモ":"",
				"_markerType": "Icon",
				"_iconUrl": "https://maps.gsi.go.jp/portal/sys/v4/symbols/828.png",
				"_iconSize": [
					16,
					16
				],
				"_iconAnchor": [
					8,
					8
				]
			}
		},
		{
			"type": "Feature",
			"geometry": {
				"type": "Point",
				"coordinates": [
					 140.2136,
					 39.8346
				]
			},
			"properties": {
				"name": "JA/AT-082(大作沢(三角点))",
				"読み":"Daisakusawa",
				"標高":"680m 4pt ",
				"GL":"QM09cu",
				"市郡区":"C#0401 ",
				"登山日":"",
				"メモ":"",
				"_markerType": "Icon",
				"_iconUrl": "https://maps.gsi.go.jp/portal/sys/v4/symbols/828.png",
				"_iconSize": [
					16,
					16
				],
				"_iconAnchor": [
					8,
					8
				]
			}
		},
		{
			"type": "Feature",
			"geometry": {
				"type": "Point",
				"coordinates": [
					 140.3564,
					 40.3666
				]
			},
			"properties": {
				"name": "JA/AT-083(大野(三角点))",
				"読み":"Oono",
				"標高":"669m 4pt ",
				"GL":"QN00ei",
				"市郡区":"C#0403 / G#04008C ",
				"登山日":"",
				"メモ":"",
				"_markerType": "Icon",
				"_iconUrl": "https://maps.gsi.go.jp/portal/sys/v4/symbols/828.png",
				"_iconSize": [
					16,
					16
				],
				"_iconAnchor": [
					8,
					8
				]
			}
		},
		{
			"type": "Feature",
			"geometry": {
				"type": "Point",
				"coordinates": [
					 140.4376,
					 40.3337
				]
			},
			"properties": {
				"name": "JA/AT-084(十ノ瀬山)",
				"読み":"Tonosesan",
				"標高":"664m 4pt ",
				"GL":"QN00fi",
				"市郡区":"C#0403 ",
				"登山日":"",
				"メモ":"",
				"_markerType": "Icon",
				"_iconUrl": "https://maps.gsi.go.jp/portal/sys/v4/symbols/828.png",
				"_iconSize": [
					16,
					16
				],
				"_iconAnchor": [
					8,
					8
				]
			}
		},
		{
			"type": "Feature",
			"geometry": {
				"type": "Point",
				"coordinates": [
					 140.4491,
					 39.9869
				]
			},
			"properties": {
				"name": "JA/AT-085(大森)",
				"読み":"Oomori",
				"標高":"651m 4pt ",
				"GL":"QM09fx",
				"市郡区":"C#0413 ",
				"登山日":"",
				"メモ":"",
				"_markerType": "Icon",
				"_iconUrl": "https://maps.gsi.go.jp/portal/sys/v4/symbols/828.png",
				"_iconSize": [
					16,
					16
				],
				"_iconAnchor": [
					8,
					8
				]
			}
		},
		{
			"type": "Feature",
			"geometry": {
				"type": "Point",
				"coordinates": [
					 140.4923,
					 40.3967
				]
			},
			"properties": {
				"name": "JA/AT-086(土砂沢(三角点))",
				"読み":"Dosyazawa",
				"標高":"638m 2pt ",
				"GL":"QN00fj",
				"市郡区":"C#0403 ",
				"登山日":"",
				"メモ":"",
				"_markerType": "Icon",
				"_iconUrl": "https://maps.gsi.go.jp/portal/sys/v4/symbols/102.png",
				"_iconSize": [
					16,
					16
				],
				"_iconAnchor": [
					8,
					8
				]
			}
		},
		{
			"type": "Feature",
			"geometry": {
				"type": "Point",
				"coordinates": [
					 140.6966,
					 39.6444
				]
			},
			"properties": {
				"name": "JA/AT-087(大影山)",
				"読み":"Ookageyama",
				"標高":"637m 2pt ",
				"GL":"QM09ip",
				"市郡区":"C#0415 ",
				"登山日":"",
				"メモ":"",
				"_markerType": "Icon",
				"_iconUrl": "https://maps.gsi.go.jp/portal/sys/v4/symbols/102.png",
				"_iconSize": [
					16,
					16
				],
				"_iconAnchor": [
					8,
					8
				]
			}
		},
		{
			"type": "Feature",
			"geometry": {
				"type": "Point",
				"coordinates": [
					 140.4329,
					 39.0997
				]
			},
			"properties": {
				"name": "JA/AT-088(点630)",
				"読み":"P630",
				"標高":"630m 2pt ",
				"GL":"QM09fc",
				"市郡区":"C#0407 ",
				"登山日":"",
				"メモ":"",
				"_markerType": "Icon",
				"_iconUrl": "https://maps.gsi.go.jp/portal/sys/v4/symbols/102.png",
				"_iconSize": [
					16,
					16
				],
				"_iconAnchor": [
					8,
					8
				]
			}
		},
		{
			"type": "Feature",
			"geometry": {
				"type": "Point",
				"coordinates": [
					 140.4593,
					 39.8775
				]
			},
			"properties": {
				"name": "JA/AT-089(鉤掛森)",
				"読み":"Kagikakemori",
				"標高":"624m 2pt ",
				"GL":"QM09fv",
				"市郡区":"C#0413 ",
				"登山日":"",
				"メモ":"",
				"_markerType": "Icon",
				"_iconUrl": "https://maps.gsi.go.jp/portal/sys/v4/symbols/102.png",
				"_iconSize": [
					16,
					16
				],
				"_iconAnchor": [
					8,
					8
				]
			}
		},
		{
			"type": "Feature",
			"geometry": {
				"type": "Point",
				"coordinates": [
					 140.7443,
					 40.1513
				]
			},
			"properties": {
				"name": "JA/AT-090(黒澤頭(三角点))",
				"読み":"Kurosawagashira",
				"標高":"623m 2pt ",
				"GL":"QN00id",
				"市郡区":"C#0403 / C#0409 ",
				"登山日":"",
				"メモ":"",
				"_markerType": "Icon",
				"_iconUrl": "https://maps.gsi.go.jp/portal/sys/v4/symbols/102.png",
				"_iconSize": [
					16,
					16
				],
				"_iconAnchor": [
					8,
					8
				]
			}
		},
		{
			"type": "Feature",
			"geometry": {
				"type": "Point",
				"coordinates": [
					 140.1741,
					 39.1274
				]
			},
			"properties": {
				"name": "JA/AT-091(杉峠(三角点))",
				"読み":"Sugitouge",
				"標高":"620m 2pt ",
				"GL":"QM09cd",
				"市郡区":"C#0410 ",
				"登山日":"",
				"メモ":"",
				"_markerType": "Icon",
				"_iconUrl": "https://maps.gsi.go.jp/portal/sys/v4/symbols/102.png",
				"_iconSize": [
					16,
					16
				],
				"_iconAnchor": [
					8,
					8
				]
			}
		},
		{
			"type": "Feature",
			"geometry": {
				"type": "Point",
				"coordinates": [
					 140.1906,
					 39.3641
				]
			},
			"properties": {
				"name": "JA/AT-092(長沢(三角点))",
				"読み":"Nagasawa",
				"標高":"614m 2pt ",
				"GL":"QM09ci",
				"市郡区":"C#0410 ",
				"登山日":"",
				"メモ":"",
				"_markerType": "Icon",
				"_iconUrl": "https://maps.gsi.go.jp/portal/sys/v4/symbols/102.png",
				"_iconSize": [
					16,
					16
				],
				"_iconAnchor": [
					8,
					8
				]
			}
		},
		{
			"type": "Feature",
			"geometry": {
				"type": "Point",
				"coordinates": [
					 140.5706,
					 39.7826
				]
			},
			"properties": {
				"name": "JA/AT-093(点610(綿沢(三角点)近傍))",
				"読み":"P610",
				"標高":"610m 2pt ",
				"GL":"QM09gs",
				"市郡区":"C#0415 ",
				"登山日":"",
				"メモ":"",
				"_markerType": "Icon",
				"_iconUrl": "https://maps.gsi.go.jp/portal/sys/v4/symbols/102.png",
				"_iconSize": [
					16,
					16
				],
				"_iconAnchor": [
					8,
					8
				]
			}
		},
		{
			"type": "Feature",
			"geometry": {
				"type": "Point",
				"coordinates": [
					 140.2805,
					 39.158
				]
			},
			"properties": {
				"name": "JA/AT-094(点604)",
				"読み":"P604",
				"標高":"604m 2pt ",
				"GL":"QM09dd",
				"市郡区":"G#04001C / C#0410 ",
				"登山日":"",
				"メモ":"",
				"_markerType": "Icon",
				"_iconUrl": "https://maps.gsi.go.jp/portal/sys/v4/symbols/102.png",
				"_iconSize": [
					16,
					16
				],
				"_iconAnchor": [
					8,
					8
				]
			}
		},
		{
			"type": "Feature",
			"geometry": {
				"type": "Point",
				"coordinates": [
					 140.2927,
					 39.9271
				]
			},
			"properties": {
				"name": "JA/AT-095(烏森)",
				"読み":"Karasumori",
				"標高":"601m 2pt ",
				"GL":"QM09dw",
				"市郡区":"G#04004A / G#04007F ",
				"登山日":"",
				"メモ":"",
				"_markerType": "Icon",
				"_iconUrl": "https://maps.gsi.go.jp/portal/sys/v4/symbols/102.png",
				"_iconSize": [
					16,
					16
				],
				"_iconAnchor": [
					8,
					8
				]
			}
		},
		{
			"type": "Feature",
			"geometry": {
				"type": "Point",
				"coordinates": [
					 140.6464,
					 40.2565
				]
			},
			"properties": {
				"name": "JA/AT-096(高森)",
				"読み":"Takamori",
				"標高":"593m 2pt ",
				"GL":"QN00hg",
				"市郡区":"C#0403 ",
				"登山日":"",
				"メモ":"",
				"_markerType": "Icon",
				"_iconUrl": "https://maps.gsi.go.jp/portal/sys/v4/symbols/102.png",
				"_iconSize": [
					16,
					16
				],
				"_iconAnchor": [
					8,
					8
				]
			}
		},
		{
			"type": "Feature",
			"geometry": {
				"type": "Point",
				"coordinates": [
					 140.6448,
					 40.3589
				]
			},
			"properties": {
				"name": "JA/AT-097(面倉山)",
				"読み":"Menkurasan",
				"標高":"590m 2pt ",
				"GL":"QN00hi",
				"市郡区":"C#0403 ",
				"登山日":"",
				"メモ":"",
				"_markerType": "Icon",
				"_iconUrl": "https://maps.gsi.go.jp/portal/sys/v4/symbols/102.png",
				"_iconSize": [
					16,
					16
				],
				"_iconAnchor": [
					8,
					8
				]
			}
		},
		{
			"type": "Feature",
			"geometry": {
				"type": "Point",
				"coordinates": [
					 140.6703,
					 40.3798
				]
			},
			"properties": {
				"name": "JA/AT-098(東股山)",
				"読み":"Higashimatayama",
				"標高":"586m 2pt ",
				"GL":"QN00ij",
				"市郡区":"C#0403 ",
				"登山日":"",
				"メモ":"",
				"_markerType": "Icon",
				"_iconUrl": "https://maps.gsi.go.jp/portal/sys/v4/symbols/102.png",
				"_iconSize": [
					16,
					16
				],
				"_iconAnchor": [
					8,
					8
				]
			}
		},
		{
			"type": "Feature",
			"geometry": {
				"type": "Point",
				"coordinates": [
					 140.6185,
					 39.7261
				]
			},
			"properties": {
				"name": "JA/AT-099(二瀬(三角点))",
				"読み":"Nise",
				"標高":"585m 2pt ",
				"GL":"QM09hr",
				"市郡区":"C#0415 ",
				"登山日":"",
				"メモ":"",
				"_markerType": "Icon",
				"_iconUrl": "https://maps.gsi.go.jp/portal/sys/v4/symbols/102.png",
				"_iconSize": [
					16,
					16
				],
				"_iconAnchor": [
					8,
					8
				]
			}
		},
		{
			"type": "Feature",
			"geometry": {
				"type": "Point",
				"coordinates": [
					 140.4328,
					 39.9403
				]
			},
			"properties": {
				"name": "JA/AT-100(点570(伏影(三角点)近傍))",
				"読み":"P570",
				"標高":"570m 2pt ",
				"GL":"QM09fw",
				"市郡区":"C#0413 ",
				"登山日":"",
				"メモ":"",
				"_markerType": "Icon",
				"_iconUrl": "https://maps.gsi.go.jp/portal/sys/v4/symbols/102.png",
				"_iconSize": [
					16,
					16
				],
				"_iconAnchor": [
					8,
					8
				]
			}
		},
		{
			"type": "Feature",
			"geometry": {
				"type": "Point",
				"coordinates": [
					 140.6678,
					 40.1742
				]
			},
			"properties": {
				"name": "JA/AT-101(点566)",
				"読み":"P566",
				"標高":"566m 2pt ",
				"GL":"QN00ie",
				"市郡区":"C#0403 ",
				"登山日":"",
				"メモ":"",
				"_markerType": "Icon",
				"_iconUrl": "https://maps.gsi.go.jp/portal/sys/v4/symbols/102.png",
				"_iconSize": [
					16,
					16
				],
				"_iconAnchor": [
					8,
					8
				]
			}
		},
		{
			"type": "Feature",
			"geometry": {
				"type": "Point",
				"coordinates": [
					 140.6647,
					 39.6171
				]
			},
			"properties": {
				"name": "JA/AT-102(小影山)",
				"読み":"Kokageyama",
				"標高":"557m 2pt ",
				"GL":"QM09ho",
				"市郡区":"C#0415 ",
				"登山日":"",
				"メモ":"",
				"_markerType": "Icon",
				"_iconUrl": "https://maps.gsi.go.jp/portal/sys/v4/symbols/102.png",
				"_iconSize": [
					16,
					16
				],
				"_iconAnchor": [
					8,
					8
				]
			}
		},
		{
			"type": "Feature",
			"geometry": {
				"type": "Point",
				"coordinates": [
					 140.6641,
					 40.2716
				]
			},
			"properties": {
				"name": "JA/AT-103(点556)",
				"読み":"P556",
				"標高":"556m 2pt ",
				"GL":"QN00hg",
				"市郡区":"C#0403 ",
				"登山日":"",
				"メモ":"",
				"_markerType": "Icon",
				"_iconUrl": "https://maps.gsi.go.jp/portal/sys/v4/symbols/102.png",
				"_iconSize": [
					16,
					16
				],
				"_iconAnchor": [
					8,
					8
				]
			}
		},
		{
			"type": "Feature",
			"geometry": {
				"type": "Point",
				"coordinates": [
					 140.8184,
					 40.3163
				]
			},
			"properties": {
				"name": "JA/AT-104(黒森山)",
				"読み":"Kuromoriyama",
				"標高":"546m 2pt ",
				"GL":"QN00jh",
				"市郡区":"C#0409 ",
				"登山日":"",
				"メモ":"",
				"_markerType": "Icon",
				"_iconUrl": "https://maps.gsi.go.jp/portal/sys/v4/symbols/102.png",
				"_iconSize": [
					16,
					16
				],
				"_iconAnchor": [
					8,
					8
				]
			}
		},
		{
			"type": "Feature",
			"geometry": {
				"type": "Point",
				"coordinates": [
					 140.5006,
					 40.3852
				]
			},
			"properties": {
				"name": "JA/AT-105(点542)",
				"読み":"P542",
				"標高":"542m 2pt ",
				"GL":"QN00gj",
				"市郡区":"C#0403 ",
				"登山日":"",
				"メモ":"",
				"_markerType": "Icon",
				"_iconUrl": "https://maps.gsi.go.jp/portal/sys/v4/symbols/102.png",
				"_iconSize": [
					16,
					16
				],
				"_iconAnchor": [
					8,
					8
				]
			}
		},
		{
			"type": "Feature",
			"geometry": {
				"type": "Point",
				"coordinates": [
					 140.5725,
					 39.7119
				]
			},
			"properties": {
				"name": "JA/AT-106(高沢(三角点))",
				"読み":"Takazawa",
				"標高":"537m 2pt ",
				"GL":"QM09gr",
				"市郡区":"C#0415 ",
				"登山日":"",
				"メモ":"",
				"_markerType": "Icon",
				"_iconUrl": "https://maps.gsi.go.jp/portal/sys/v4/symbols/102.png",
				"_iconSize": [
					16,
					16
				],
				"_iconAnchor": [
					8,
					8
				]
			}
		},
		{
			"type": "Feature",
			"geometry": {
				"type": "Point",
				"coordinates": [
					 140.6213,
					 40.2765
				]
			},
			"properties": {
				"name": "JA/AT-107(鳳凰山)",
				"読み":"Hououzan",
				"標高":"521m 2pt ",
				"GL":"QN00hg",
				"市郡区":"C#0403 ",
				"登山日":"",
				"メモ":"",
				"_markerType": "Icon",
				"_iconUrl": "https://maps.gsi.go.jp/portal/sys/v4/symbols/102.png",
				"_iconSize": [
					16,
					16
				],
				"_iconAnchor": [
					8,
					8
				]
			}
		},
		{
			"type": "Feature",
			"geometry": {
				"type": "Point",
				"coordinates": [
					 140.1442,
					 40.3229
				]
			},
			"properties": {
				"name": "JA/AT-108(小松崎山)",
				"読み":"Komatsuzakiyama",
				"標高":"520m 2pt ",
				"GL":"QN00bh",
				"市郡区":"C#0402 ",
				"登山日":"",
				"メモ":"",
				"_markerType": "Icon",
				"_iconUrl": "https://maps.gsi.go.jp/portal/sys/v4/symbols/102.png",
				"_iconSize": [
					16,
					16
				],
				"_iconAnchor": [
					8,
					8
				]
			}
		},
		{
			"type": "Feature",
			"geometry": {
				"type": "Point",
				"coordinates": [
					 140.6055,
					 39.1756
				]
			},
			"properties": {
				"name": "JA/AT-109(長瀬立山(三角点))",
				"読み":"Nagasetateyama",
				"標高":"497m 1pt ",
				"GL":"QM09he",
				"市郡区":"C#0404 / C#0407 ",
				"登山日":"",
				"メモ":"",
				"_markerType": "Icon",
				"_iconUrl": "https://maps.gsi.go.jp/portal/sys/v4/symbols/826.png",
				"_iconSize": [
					16,
					16
				],
				"_iconAnchor": [
					8,
					8
				]
			}
		},
		{
			"type": "Feature",
			"geometry": {
				"type": "Point",
				"coordinates": [
					 140.5254,
					 39.1384
				]
			},
			"properties": {
				"name": "JA/AT-110(三本鎗山)",
				"読み":"Sanbonyariyama",
				"標高":"496m 1pt ",
				"GL":"QM09gd",
				"市郡区":"C#0407 ",
				"登山日":"",
				"メモ":"",
				"_markerType": "Icon",
				"_iconUrl": "https://maps.gsi.go.jp/portal/sys/v4/symbols/826.png",
				"_iconSize": [
					16,
					16
				],
				"_iconAnchor": [
					8,
					8
				]
			}
		},
		{
			"type": "Feature",
			"geometry": {
				"type": "Point",
				"coordinates": [
					 140.474,
					 40.1171
				]
			},
			"properties": {
				"name": "JA/AT-111(黒森山)",
				"読み":"Kuromoriyama",
				"標高":"490m 1pt ",
				"GL":"QN00fc",
				"市郡区":"C#0413 ",
				"登山日":"",
				"メモ":"",
				"_markerType": "Icon",
				"_iconUrl": "https://maps.gsi.go.jp/portal/sys/v4/symbols/826.png",
				"_iconSize": [
					16,
					16
				],
				"_iconAnchor": [
					8,
					8
				]
			}
		},
		{
			"type": "Feature",
			"geometry": {
				"type": "Point",
				"coordinates": [
					 140.7076,
					 40.3216
				]
			},
			"properties": {
				"name": "JA/AT-112(高森)",
				"読み":"Takamori",
				"標高":"482m 1pt ",
				"GL":"QN00ih",
				"市郡区":"C#0403 ",
				"登山日":"",
				"メモ":"",
				"_markerType": "Icon",
				"_iconUrl": "https://maps.gsi.go.jp/portal/sys/v4/symbols/826.png",
				"_iconSize": [
					16,
					16
				],
				"_iconAnchor": [
					8,
					8
				]
			}
		},
		{
			"type": "Feature",
			"geometry": {
				"type": "Point",
				"coordinates": [
					 140.5891,
					 39.2267
				]
			},
			"properties": {
				"name": "JA/AT-113(烏帽子山(三角点))",
				"読み":"Eboshiyama",
				"標高":"479m 1pt ",
				"GL":"QM09hf",
				"市郡区":"C#0404 ",
				"登山日":"",
				"メモ":"",
				"_markerType": "Icon",
				"_iconUrl": "https://maps.gsi.go.jp/portal/sys/v4/symbols/826.png",
				"_iconSize": [
					16,
					16
				],
				"_iconAnchor": [
					8,
					8
				]
			}
		},
		{
			"type": "Feature",
			"geometry": {
				"type": "Point",
				"coordinates": [
					 140.4473,
					 40.3594
				]
			},
			"properties": {
				"name": "JA/AT-115(女十ノ瀬山)",
				"読み":"Metonoseyama",
				"標高":"467m 1pt ",
				"GL":"QN00fi",
				"市郡区":"C#0403 ",
				"登山日":"",
				"メモ":"",
				"_markerType": "Icon",
				"_iconUrl": "https://maps.gsi.go.jp/portal/sys/v4/symbols/826.png",
				"_iconSize": [
					16,
					16
				],
				"_iconAnchor": [
					8,
					8
				]
			}
		},
		{
			"type": "Feature",
			"geometry": {
				"type": "Point",
				"coordinates": [
					 140.4751,
					 39.5984
				]
			},
			"properties": {
				"name": "JA/AT-116(諏訪山)",
				"読み":"Suwayama",
				"標高":"456m 1pt ",
				"GL":"QM09fo",
				"市郡区":"C#0415 / C#0412 ",
				"登山日":"",
				"メモ":"",
				"_markerType": "Icon",
				"_iconUrl": "https://maps.gsi.go.jp/portal/sys/v4/symbols/826.png",
				"_iconSize": [
					16,
					16
				],
				"_iconAnchor": [
					8,
					8
				]
			}
		},
		{
			"type": "Feature",
			"geometry": {
				"type": "Point",
				"coordinates": [
					 140.2441,
					 40.3282
				]
			},
			"properties": {
				"name": "JA/AT-117(茂谷山)",
				"読み":"Moyayama",
				"標高":"450m 1pt ",
				"GL":"QN00ch",
				"市郡区":"G#04008C ",
				"登山日":"",
				"メモ":"",
				"_markerType": "Icon",
				"_iconUrl": "https://maps.gsi.go.jp/portal/sys/v4/symbols/826.png",
				"_iconSize": [
					16,
					16
				],
				"_iconAnchor": [
					8,
					8
				]
			}
		},
		{
			"type": "Feature",
			"geometry": {
				"type": "Point",
				"coordinates": [
					 140.4708,
					 40.2208
				]
			},
			"properties": {
				"name": "JA/AT-118(摩当山)",
				"読み":"Matouyama",
				"標高":"444m 1pt ",
				"GL":"QN00ff",
				"市郡区":"C#0413 / C#0403 ",
				"登山日":"",
				"メモ":"",
				"_markerType": "Icon",
				"_iconUrl": "https://maps.gsi.go.jp/portal/sys/v4/symbols/826.png",
				"_iconSize": [
					16,
					16
				],
				"_iconAnchor": [
					8,
					8
				]
			}
		},
		{
			"type": "Feature",
			"geometry": {
				"type": "Point",
				"coordinates": [
					 140.2496,
					 40.1426
				]
			},
			"properties": {
				"name": "JA/AT-119(仁鮒(三角点))",
				"読み":"Nibuna",
				"標高":"443m 1pt ",
				"GL":"QN00cd",
				"市郡区":"C#0402 / C#0413 ",
				"登山日":"",
				"メモ":"",
				"_markerType": "Icon",
				"_iconUrl": "https://maps.gsi.go.jp/portal/sys/v4/symbols/826.png",
				"_iconSize": [
					16,
					16
				],
				"_iconAnchor": [
					8,
					8
				]
			}
		},
		{
			"type": "Feature",
			"geometry": {
				"type": "Point",
				"coordinates": [
					 140.3144,
					 39.3264
				]
			},
			"properties": {
				"name": "JA/AT-120(浅田山)",
				"読み":"Asadayama",
				"標高":"442m 1pt ",
				"GL":"QM09dh",
				"市郡区":"C#0410 ",
				"登山日":"",
				"メモ":"",
				"_markerType": "Icon",
				"_iconUrl": "https://maps.gsi.go.jp/portal/sys/v4/symbols/826.png",
				"_iconSize": [
					16,
					16
				],
				"_iconAnchor": [
					8,
					8
				]
			}
		},
		{
			"type": "Feature",
			"geometry": {
				"type": "Point",
				"coordinates": [
					 140.3087,
					 39.3718
				]
			},
			"properties": {
				"name": "JA/AT-121(保呂羽山)",
				"読み":"Horowasan",
				"標高":"438m 1pt ",
				"GL":"QM09di",
				"市郡区":"C#0404 ",
				"登山日":"",
				"メモ":"",
				"_markerType": "Icon",
				"_iconUrl": "https://maps.gsi.go.jp/portal/sys/v4/symbols/826.png",
				"_iconSize": [
					16,
					16
				],
				"_iconAnchor": [
					8,
					8
				]
			}
		},
		{
			"type": "Feature",
			"geometry": {
				"type": "Point",
				"coordinates": [
					 140.5162,
					 40.3312
				]
			},
			"properties": {
				"name": "JA/AT-122(萓刈山)",
				"読み":"Kayakariyama",
				"標高":"428m 1pt ",
				"GL":"QN00gh",
				"市郡区":"C#0403 ",
				"登山日":"",
				"メモ":"",
				"_markerType": "Icon",
				"_iconUrl": "https://maps.gsi.go.jp/portal/sys/v4/symbols/826.png",
				"_iconSize": [
					16,
					16
				],
				"_iconAnchor": [
					8,
					8
				]
			}
		},
		{
			"type": "Feature",
			"geometry": {
				"type": "Point",
				"coordinates": [
					 140.1876,
					 39.5365
				]
			},
			"properties": {
				"name": "JA/AT-123(大平薬師)",
				"読み":"Oohirayakushi",
				"標高":"424m 1pt ",
				"GL":"QM09cm",
				"市郡区":"C#0401 / C#0410 ",
				"登山日":"",
				"メモ":"",
				"_markerType": "Icon",
				"_iconUrl": "https://maps.gsi.go.jp/portal/sys/v4/symbols/826.png",
				"_iconSize": [
					16,
					16
				],
				"_iconAnchor": [
					8,
					8
				]
			}
		},
		{
			"type": "Feature",
			"geometry": {
				"type": "Point",
				"coordinates": [
					 140.3553,
					 39.2969
				]
			},
			"properties": {
				"name": "JA/AT-124(三ツ森山)",
				"読み":"Mitsumoriyama",
				"標高":"412m 1pt ",
				"GL":"QM09eh",
				"市郡区":"C#0410 / C#0404 ",
				"登山日":"",
				"メモ":"",
				"_markerType": "Icon",
				"_iconUrl": "https://maps.gsi.go.jp/portal/sys/v4/symbols/826.png",
				"_iconSize": [
					16,
					16
				],
				"_iconAnchor": [
					8,
					8
				]
			}
		},
		{
			"type": "Feature",
			"geometry": {
				"type": "Point",
				"coordinates": [
					 140.4859,
					 40.1504
				]
			},
			"properties": {
				"name": "JA/AT-125(割沢森(三角点))",
				"読み":"Warisawamori",
				"標高":"411m 1pt ",
				"GL":"QN00fd",
				"市郡区":"C#0413 ",
				"登山日":"",
				"メモ":"",
				"_markerType": "Icon",
				"_iconUrl": "https://maps.gsi.go.jp/portal/sys/v4/symbols/826.png",
				"_iconSize": [
					16,
					16
				],
				"_iconAnchor": [
					8,
					8
				]
			}
		},
		{
			"type": "Feature",
			"geometry": {
				"type": "Point",
				"coordinates": [
					 140.2254,
					 40.0527
				]
			},
			"properties": {
				"name": "JA/AT-126(房住山)",
				"読み":"Boujyuzan",
				"標高":"410m 1pt ",
				"GL":"QN00cb",
				"市郡区":"G#04008H / C#0402 ",
				"登山日":"",
				"メモ":"",
				"_markerType": "Icon",
				"_iconUrl": "https://maps.gsi.go.jp/portal/sys/v4/symbols/826.png",
				"_iconSize": [
					16,
					16
				],
				"_iconAnchor": [
					8,
					8
				]
			}
		},
		{
			"type": "Feature",
			"geometry": {
				"type": "Point",
				"coordinates": [
					 140.5905,
					 39.2707
				]
			},
			"properties": {
				"name": "JA/AT-127(一本杉(三角点))",
				"読み":"Ipponsugi",
				"標高":"402m 1pt ",
				"GL":"QM09hg",
				"市郡区":"C#0404 ",
				"登山日":"",
				"メモ":"",
				"_markerType": "Icon",
				"_iconUrl": "https://maps.gsi.go.jp/portal/sys/v4/symbols/826.png",
				"_iconSize": [
					16,
					16
				],
				"_iconAnchor": [
					8,
					8
				]
			}
		},
		{
			"type": "Feature",
			"geometry": {
				"type": "Point",
				"coordinates": [
					 140.3757,
					 40.0878
				]
			},
			"properties": {
				"name": "JA/AT-128(大森山)",
				"読み":"Oomoriyama",
				"標高":"401m 1pt ",
				"GL":"QN00ec",
				"市郡区":"C#0413 / G#04004A ",
				"登山日":"",
				"メモ":"",
				"_markerType": "Icon",
				"_iconUrl": "https://maps.gsi.go.jp/portal/sys/v4/symbols/826.png",
				"_iconSize": [
					16,
					16
				],
				"_iconAnchor": [
					8,
					8
				]
			}
		},
		{
			"type": "Feature",
			"geometry": {
				"type": "Point",
				"coordinates": [
					 140.2206,
					 39.992
				]
			},
			"properties": {
				"name": "JA/AT-129(赤倉山)",
				"読み":"Akakurayama",
				"標高":"398m 1pt ",
				"GL":"QM09cx",
				"市郡区":"G#04007F ",
				"登山日":"",
				"メモ":"",
				"_markerType": "Icon",
				"_iconUrl": "https://maps.gsi.go.jp/portal/sys/v4/symbols/826.png",
				"_iconSize": [
					16,
					16
				],
				"_iconAnchor": [
					8,
					8
				]
			}
		},
		{
			"type": "Feature",
			"geometry": {
				"type": "Point",
				"coordinates": [
					 140.1973,
					 39.9252
				]
			},
			"properties": {
				"name": "JA/AT-130(薬師山)",
				"読み":"Yakushiyama",
				"標高":"395m 1pt ",
				"GL":"QM09cw",
				"市郡区":"G#04007F ",
				"登山日":"",
				"メモ":"",
				"_markerType": "Icon",
				"_iconUrl": "https://maps.gsi.go.jp/portal/sys/v4/symbols/826.png",
				"_iconSize": [
					16,
					16
				],
				"_iconAnchor": [
					8,
					8
				]
			}
		},
		{
			"type": "Feature",
			"geometry": {
				"type": "Point",
				"coordinates": [
					 140.6921,
					 40.2203
				]
			},
			"properties": {
				"name": "JA/AT-131(三哲山)",
				"読み":"Santetsusan",
				"標高":"394m 1pt ",
				"GL":"QN00if",
				"市郡区":"C#0403 ",
				"登山日":"",
				"メモ":"",
				"_markerType": "Icon",
				"_iconUrl": "https://maps.gsi.go.jp/portal/sys/v4/symbols/826.png",
				"_iconSize": [
					16,
					16
				],
				"_iconAnchor": [
					8,
					8
				]
			}
		},
		{
			"type": "Feature",
			"geometry": {
				"type": "Point",
				"coordinates": [
					 140.6299,
					 40.1669
				]
			},
			"properties": {
				"name": "JA/AT-132(中山)",
				"読み":"Nakayama",
				"標高":"392m 1pt ",
				"GL":"QN00he",
				"市郡区":"C#0403 ",
				"登山日":"",
				"メモ":"",
				"_markerType": "Icon",
				"_iconUrl": "https://maps.gsi.go.jp/portal/sys/v4/symbols/826.png",
				"_iconSize": [
					16,
					16
				],
				"_iconAnchor": [
					8,
					8
				]
			}
		},
		{
			"type": "Feature",
			"geometry": {
				"type": "Point",
				"coordinates": [
					 140.4339,
					 39.4673
				]
			},
			"properties": {
				"name": "JA/AT-133(大平山)",
				"読み":"Oohirayama",
				"標高":"387m 1pt ",
				"GL":"QM09fl",
				"市郡区":"C#0412 / C#0412 ",
				"登山日":"",
				"メモ":"",
				"_markerType": "Icon",
				"_iconUrl": "https://maps.gsi.go.jp/portal/sys/v4/symbols/826.png",
				"_iconSize": [
					16,
					16
				],
				"_iconAnchor": [
					8,
					8
				]
			}
		},
		{
			"type": "Feature",
			"geometry": {
				"type": "Point",
				"coordinates": [
					 139.8753,
					 39.9337
				]
			},
			"properties": {
				"name": "JA/AT-135(寒風山)",
				"読み":"Kanpuuzan",
				"標高":"355m 1pt ",
				"GL":"PM99ww",
				"市郡区":"C#0406 ",
				"登山日":"",
				"メモ":"",
				"_markerType": "Icon",
				"_iconUrl": "https://maps.gsi.go.jp/portal/sys/v4/symbols/826.png",
				"_iconSize": [
					16,
					16
				],
				"_iconAnchor": [
					8,
					8
				]
			}
		},
		{
			"type": "Feature",
			"geometry": {
				"type": "Point",
				"coordinates": [
					 140.3827,
					 39.6013
				]
			},
			"properties": {
				"name": "JA/AT-136(沼沢山)",
				"読み":"Numazawayama",
				"標高":"346m 1pt ",
				"GL":"QM09eo",
				"市郡区":"C#0412 ",
				"登山日":"",
				"メモ":"",
				"_markerType": "Icon",
				"_iconUrl": "https://maps.gsi.go.jp/portal/sys/v4/symbols/826.png",
				"_iconSize": [
					16,
					16
				],
				"_iconAnchor": [
					8,
					8
				]
			}
		},
		{
			"type": "Feature",
			"geometry": {
				"type": "Point",
				"coordinates": [
					 140.383,
					 39.386
				]
			},
			"properties": {
				"name": "JA/AT-137(勝軍山)",
				"読み":"Shogunzan",
				"標高":"339m 1pt ",
				"GL":"QM09ej",
				"市郡区":"C#0412 / C#0404 ",
				"登山日":"",
				"メモ":"",
				"_markerType": "Icon",
				"_iconUrl": "https://maps.gsi.go.jp/portal/sys/v4/symbols/826.png",
				"_iconSize": [
					16,
					16
				],
				"_iconAnchor": [
					8,
					8
				]
			}
		},
		{
			"type": "Feature",
			"geometry": {
				"type": "Point",
				"coordinates": [
					 140.2773,
					 40.2434
				]
			},
			"properties": {
				"name": "JA/AT-138(大沢(三角点))",
				"読み":"Oosawa",
				"標高":"334m 1pt ",
				"GL":"QN00df",
				"市郡区":"C#0413 / G#04008C ",
				"登山日":"",
				"メモ":"",
				"_markerType": "Icon",
				"_iconUrl": "https://maps.gsi.go.jp/portal/sys/v4/symbols/826.png",
				"_iconSize": [
					16,
					16
				],
				"_iconAnchor": [
					8,
					8
				]
			}
		},
		{
			"type": "Feature",
			"geometry": {
				"type": "Point",
				"coordinates": [
					 140.1096,
					 39.96
				]
			},
			"properties": {
				"name": "JA/AT-139(森山)",
				"読み":"Moriyama",
				"標高":"326m 1pt ",
				"GL":"QM09bx",
				"市郡区":"G#04007F / G#04007D ",
				"登山日":"",
				"メモ":"",
				"_markerType": "Icon",
				"_iconUrl": "https://maps.gsi.go.jp/portal/sys/v4/symbols/826.png",
				"_iconSize": [
					16,
					16
				],
				"_iconAnchor": [
					8,
					8
				]
			}
		},
		{
			"type": "Feature",
			"geometry": {
				"type": "Point",
				"coordinates": [
					 140.5257,
					 39.6378
				]
			},
			"properties": {
				"name": "JA/AT-140(観音岳)",
				"読み":"Kannondake",
				"標高":"322m 1pt ",
				"GL":"QM09gp",
				"市郡区":"C#0415 ",
				"登山日":"",
				"メモ":"",
				"_markerType": "Icon",
				"_iconUrl": "https://maps.gsi.go.jp/portal/sys/v4/symbols/826.png",
				"_iconSize": [
					16,
					16
				],
				"_iconAnchor": [
					8,
					8
				]
			}
		},
		{
			"type": "Feature",
			"geometry": {
				"type": "Point",
				"coordinates": [
					 140.6544,
					 38.9658
				]
			},
			"properties": {
				"name": "JA/AT-141(吹突岳)",
				"読み":"Futtsukidake",
				"標高":"1221m 8pt ",
				"GL":"QM08hx",
				"市郡区":"C#0407 ",
				"登山日":"",
				"メモ":"",
				"_markerType": "Icon",
				"_iconUrl": "https://maps.gsi.go.jp/portal/sys/v4/symbols/104.png",
				"_iconSize": [
					16,
					16
				],
				"_iconAnchor": [
					8,
					8
				]
			}
		},
		{
			"type": "Feature",
			"geometry": {
				"type": "Point",
				"coordinates": [
					 140.4095,
					 39.8669
				]
			},
			"properties": {
				"name": "JA/AT-142(金池森)",
				"読み":"Kanaikemori",
				"標高":"967m 6pt ",
				"GL":"QM09eu",
				"市郡区":"C#0413 ",
				"登山日":"",
				"メモ":"",
				"_markerType": "Icon",
				"_iconUrl": "https://maps.gsi.go.jp/portal/sys/v4/symbols/103.png",
				"_iconSize": [
					16,
					16
				],
				"_iconAnchor": [
					8,
					8
				]
			}
		},
		{
			"type": "Feature",
			"geometry": {
				"type": "Point",
				"coordinates": [
					 140.703,
					 38.9331
				]
			},
			"properties": {
				"name": "JA/AT-143(臼ヶ岳)",
				"読み":"Usugadake",
				"標高":"958m 6pt ",
				"GL":"QM08iw",
				"市郡区":"C#0407 ",
				"登山日":"",
				"メモ":"",
				"_markerType": "Icon",
				"_iconUrl": "https://maps.gsi.go.jp/portal/sys/v4/symbols/103.png",
				"_iconSize": [
					16,
					16
				],
				"_iconAnchor": [
					8,
					8
				]
			}
		},
		{
			"type": "Feature",
			"geometry": {
				"type": "Point",
				"coordinates": [
					 140.8551,
					 40.091
				]
			},
			"properties": {
				"name": "JA/AT-144(湯瀬(三角点))",
				"読み":"Yuse",
				"標高":"917m 6pt ",
				"GL":"QN00kc",
				"市郡区":"C#0409 ",
				"登山日":"",
				"メモ":"",
				"_markerType": "Icon",
				"_iconUrl": "https://maps.gsi.go.jp/portal/sys/v4/symbols/103.png",
				"_iconSize": [
					16,
					16
				],
				"_iconAnchor": [
					8,
					8
				]
			}
		},
		{
			"type": "Feature",
			"geometry": {
				"type": "Point",
				"coordinates": [
					 140.462,
					 39.7308
				]
			},
			"properties": {
				"name": "JA/AT-145(藤四郎森)",
				"読み":"Toushiromori",
				"標高":"905m 6pt ",
				"GL":"QM09fr",
				"市郡区":"C#0401 ",
				"登山日":"",
				"メモ":"",
				"_markerType": "Icon",
				"_iconUrl": "https://maps.gsi.go.jp/portal/sys/v4/symbols/103.png",
				"_iconSize": [
					16,
					16
				],
				"_iconAnchor": [
					8,
					8
				]
			}
		},
		{
			"type": "Feature",
			"geometry": {
				"type": "Point",
				"coordinates": [
					 140.8537,
					 40.1953
				]
			},
			"properties": {
				"name": "JA/AT-146(棒杭(三角点))",
				"読み":"Boukui",
				"標高":"895m 6pt ",
				"GL":"QN00ke",
				"市郡区":"C#0409 ",
				"登山日":"",
				"メモ":"",
				"_markerType": "Icon",
				"_iconUrl": "https://maps.gsi.go.jp/portal/sys/v4/symbols/103.png",
				"_iconSize": [
					16,
					16
				],
				"_iconAnchor": [
					8,
					8
				]
			}
		},
		{
			"type": "Feature",
			"geometry": {
				"type": "Point",
				"coordinates": [
					 140.573,
					 39.8944
				]
			},
			"properties": {
				"name": "JA/AT-147(高柴森)",
				"読み":"Takashibamori",
				"標高":"870m 6pt ",
				"GL":"QM09gv",
				"市郡区":"C#0413 / C#0415 ",
				"登山日":"",
				"メモ":"",
				"_markerType": "Icon",
				"_iconUrl": "https://maps.gsi.go.jp/portal/sys/v4/symbols/103.png",
				"_iconSize": [
					16,
					16
				],
				"_iconAnchor": [
					8,
					8
				]
			}
		},
		{
			"type": "Feature",
			"geometry": {
				"type": "Point",
				"coordinates": [
					 140.5638,
					 39.9062
				]
			},
			"properties": {
				"name": "JA/AT-148(野倉(三角点))",
				"読み":"Nokura",
				"標高":"797m 4pt ",
				"GL":"QM09gv",
				"市郡区":"C#0413 ",
				"登山日":"",
				"メモ":"",
				"_markerType": "Icon",
				"_iconUrl": "https://maps.gsi.go.jp/portal/sys/v4/symbols/828.png",
				"_iconSize": [
					16,
					16
				],
				"_iconAnchor": [
					8,
					8
				]
			}
		},
		{
			"type": "Feature",
			"geometry": {
				"type": "Point",
				"coordinates": [
					 140.3421,
					 39.9277
				]
			},
			"properties": {
				"name": "JA/AT-149(佐内岳)",
				"読み":"Sauchidake",
				"標高":"797m 4pt ",
				"GL":"QM09ew",
				"市郡区":"G#04004A ",
				"登山日":"",
				"メモ":"",
				"_markerType": "Icon",
				"_iconUrl": "https://maps.gsi.go.jp/portal/sys/v4/symbols/828.png",
				"_iconSize": [
					16,
					16
				],
				"_iconAnchor": [
					8,
					8
				]
			}
		},
		{
			"type": "Feature",
			"geometry": {
				"type": "Point",
				"coordinates": [
					 140.519,
					 39.7848
				]
			},
			"properties": {
				"name": "JA/AT-150(巻貝森)",
				"読み":"Makigaimori",
				"標高":"784m 4pt ",
				"GL":"QM09gs",
				"市郡区":"C#0415 ",
				"登山日":"",
				"メモ":"",
				"_markerType": "Icon",
				"_iconUrl": "https://maps.gsi.go.jp/portal/sys/v4/symbols/828.png",
				"_iconSize": [
					16,
					16
				],
				"_iconAnchor": [
					8,
					8
				]
			}
		},
		{
			"type": "Feature",
			"geometry": {
				"type": "Point",
				"coordinates": [
					 140.4272,
					 39.8812
				]
			},
			"properties": {
				"name": "JA/AT-151(点778)",
				"読み":"P778",
				"標高":"778m 4pt ",
				"GL":"QM09fv",
				"市郡区":"C#0413 ",
				"登山日":"",
				"メモ":"",
				"_markerType": "Icon",
				"_iconUrl": "https://maps.gsi.go.jp/portal/sys/v4/symbols/828.png",
				"_iconSize": [
					16,
					16
				],
				"_iconAnchor": [
					8,
					8
				]
			}
		},
		{
			"type": "Feature",
			"geometry": {
				"type": "Point",
				"coordinates": [
					 140.504,
					 39.8514
				]
			},
			"properties": {
				"name": "JA/AT-152(赤倉森)",
				"読み":"Akakuramori",
				"標高":"772m 4pt ",
				"GL":"QM09gu",
				"市郡区":"C#0413 ",
				"登山日":"",
				"メモ":"",
				"_markerType": "Icon",
				"_iconUrl": "https://maps.gsi.go.jp/portal/sys/v4/symbols/828.png",
				"_iconSize": [
					16,
					16
				],
				"_iconAnchor": [
					8,
					8
				]
			}
		},
		{
			"type": "Feature",
			"geometry": {
				"type": "Point",
				"coordinates": [
					 140.6735,
					 39.2334
				]
			},
			"properties": {
				"name": "JA/AT-153(南郷岳)",
				"読み":"Nangoudake",
				"標高":"681m 4pt ",
				"GL":"QM09if",
				"市郡区":"C#0404 ",
				"登山日":"",
				"メモ":"",
				"_markerType": "Icon",
				"_iconUrl": "https://maps.gsi.go.jp/portal/sys/v4/symbols/828.png",
				"_iconSize": [
					16,
					16
				],
				"_iconAnchor": [
					8,
					8
				]
			}
		},
		{
			"type": "Feature",
			"geometry": {
				"type": "Point",
				"coordinates": [
					 140.3721,
					 40.0002
				]
			},
			"properties": {
				"name": "JA/AT-154(姫ヶ岳)",
				"読み":"Himegatake",
				"標高":"651m 4pt ",
				"GL":"QN00ea",
				"市郡区":"G#04004A / C#0413 ",
				"登山日":"",
				"メモ":"",
				"_markerType": "Icon",
				"_iconUrl": "https://maps.gsi.go.jp/portal/sys/v4/symbols/828.png",
				"_iconSize": [
					16,
					16
				],
				"_iconAnchor": [
					8,
					8
				]
			}
		},
		{
			"type": "Feature",
			"geometry": {
				"type": "Point",
				"coordinates": [
					 140.6752,
					 40.3404
				]
			},
			"properties": {
				"name": "JA/AT-155(羽保屋山)",
				"読み":"Hahoyasan",
				"標高":"593m 2pt ",
				"GL":"QN00ii",
				"市郡区":"C#0403 ",
				"登山日":"",
				"メモ":"",
				"_markerType": "Icon",
				"_iconUrl": "https://maps.gsi.go.jp/portal/sys/v4/symbols/102.png",
				"_iconSize": [
					16,
					16
				],
				"_iconAnchor": [
					8,
					8
				]
			}
		},
		{
			"type": "Feature",
			"geometry": {
				"type": "Point",
				"coordinates": [
					 140.6739,
					 39.6824
				]
			},
			"properties": {
				"name": "JA/AT-156(中山（三角点近傍）)",
				"読み":"Near_Nakayama",
				"標高":"586m 2pt ",
				"GL":"QM09iq",
				"市郡区":"C#0415 ",
				"登山日":"",
				"メモ":"",
				"_markerType": "Icon",
				"_iconUrl": "https://maps.gsi.go.jp/portal/sys/v4/symbols/102.png",
				"_iconSize": [
					16,
					16
				],
				"_iconAnchor": [
					8,
					8
				]
			}
		},
		{
			"type": "Feature",
			"geometry": {
				"type": "Point",
				"coordinates": [
					 140.5028,
					 40.0814
				]
			},
			"properties": {
				"name": "JA/AT-157(石倉山)",
				"読み":"Ishikurayama",
				"標高":"571m 2pt ",
				"GL":"QN00gb",
				"市郡区":"C#0413 ",
				"登山日":"",
				"メモ":"",
				"_markerType": "Icon",
				"_iconUrl": "https://maps.gsi.go.jp/portal/sys/v4/symbols/102.png",
				"_iconSize": [
					16,
					16
				],
				"_iconAnchor": [
					8,
					8
				]
			}
		},
		{
			"type": "Feature",
			"geometry": {
				"type": "Point",
				"coordinates": [
					 140.3604,
					 39.7423
				]
			},
			"properties": {
				"name": "JA/AT-158(一ノ沢(三角点))",
				"読み":"Ichinosawa",
				"標高":"532m 2pt ",
				"GL":"QM09er",
				"市郡区":"C#0401 ",
				"登山日":"",
				"メモ":"",
				"_markerType": "Icon",
				"_iconUrl": "https://maps.gsi.go.jp/portal/sys/v4/symbols/102.png",
				"_iconSize": [
					16,
					16
				],
				"_iconAnchor": [
					8,
					8
				]
			}
		},
		{
			"type": "Feature",
			"geometry": {
				"type": "Point",
				"coordinates": [
					 140.679,
					 39.2721
				]
			},
			"properties": {
				"name": "JA/AT-159(大穴峠)",
				"読み":"Ooanatouge",
				"標高":"483m 1pt ",
				"GL":"QM09ig",
				"市郡区":"C#0404 ",
				"登山日":"",
				"メモ":"",
				"_markerType": "Icon",
				"_iconUrl": "https://maps.gsi.go.jp/portal/sys/v4/symbols/826.png",
				"_iconSize": [
					16,
					16
				],
				"_iconAnchor": [
					8,
					8
				]
			}
		},
		{
			"type": "Feature",
			"geometry": {
				"type": "Point",
				"coordinates": [
					 140.3488,
					 39.2037
				]
			},
			"properties": {
				"name": "JA/AT-160(大平山近傍)",
				"読み":"Near_Oohirayama",
				"標高":"481m 1pt ",
				"GL":"QM09ee",
				"市郡区":"G#04001C ",
				"登山日":"",
				"メモ":"",
				"_markerType": "Icon",
				"_iconUrl": "https://maps.gsi.go.jp/portal/sys/v4/symbols/826.png",
				"_iconSize": [
					16,
					16
				],
				"_iconAnchor": [
					8,
					8
				]
			}
		},
		{
			"type": "Feature",
			"geometry": {
				"type": "Point",
				"coordinates": [
					 140.2257,
					 39.8954
				]
			},
			"properties": {
				"name": "JA/AT-161(点436)",
				"読み":"P436",
				"標高":"436m 1pt ",
				"GL":"QM09cv",
				"市郡区":"G#04007F ",
				"登山日":"",
				"メモ":"",
				"_markerType": "Icon",
				"_iconUrl": "https://maps.gsi.go.jp/portal/sys/v4/symbols/826.png",
				"_iconSize": [
					16,
					16
				],
				"_iconAnchor": [
					8,
					8
				]
			}
		},
		{
			"type": "Feature",
			"geometry": {
				"type": "Point",
				"coordinates": [
					 140.7189,
					 40.2796
				]
			},
			"properties": {
				"name": "JA/AT-162(日暮山(三角点))",
				"読み":"Higureyama",
				"標高":"424m 1pt ",
				"GL":"QN00ig",
				"市郡区":"C#0403 / C#0409 ",
				"登山日":"",
				"メモ":"",
				"_markerType": "Icon",
				"_iconUrl": "https://maps.gsi.go.jp/portal/sys/v4/symbols/826.png",
				"_iconSize": [
					16,
					16
				],
				"_iconAnchor": [
					8,
					8
				]
			}
		},
		{
			"type": "Feature",
			"geometry": {
				"type": "Point",
				"coordinates": [
					 140.6405,
					 39.2743
				]
			},
			"properties": {
				"name": "JA/AT-163(天竺森)",
				"読み":"Tenjikumori",
				"標高":"367m 1pt ",
				"GL":"QM09hg",
				"市郡区":"C#0404 ",
				"登山日":"",
				"メモ":"",
				"_markerType": "Icon",
				"_iconUrl": "https://maps.gsi.go.jp/portal/sys/v4/symbols/826.png",
				"_iconSize": [
					16,
					16
				],
				"_iconAnchor": [
					8,
					8
				]
			}
		},
		{
			"type": "Feature",
			"geometry": {
				"type": "Point",
				"coordinates": [
					 140.3267,
					 39.7426
				]
			},
			"properties": {
				"name": "JA/AT-164(岩谷山)",
				"読み":"Iwayayama",
				"標高":"366m 1pt ",
				"GL":"QM09dr",
				"市郡区":"C#0401 ",
				"登山日":"",
				"メモ":"",
				"_markerType": "Icon",
				"_iconUrl": "https://maps.gsi.go.jp/portal/sys/v4/symbols/826.png",
				"_iconSize": [
					16,
					16
				],
				"_iconAnchor": [
					8,
					8
				]
			}
		},
		{
			"type": "Feature",
			"geometry": {
				"type": "Point",
				"coordinates": [
					 140.1423,
					 39.484
				]
			},
			"properties": {
				"name": "JA/AT-165(点365)",
				"読み":"P365",
				"標高":"365m 1pt ",
				"GL":"QM09bl",
				"市郡区":"C#0410 ",
				"登山日":"",
				"メモ":"",
				"_markerType": "Icon",
				"_iconUrl": "https://maps.gsi.go.jp/portal/sys/v4/symbols/826.png",
				"_iconSize": [
					16,
					16
				],
				"_iconAnchor": [
					8,
					8
				]
			}
		},
		{
			"type": "Feature",
			"geometry": {
				"type": "Point",
				"coordinates": [
					 140.1589,
					 39.3288
				]
			},
			"properties": {
				"name": "JA/AT-166(虚空蔵山)",
				"読み":"Kokuzoyama",
				"標高":"358m 1pt ",
				"GL":"QM09bh",
				"市郡区":"C#0410 ",
				"登山日":"",
				"メモ":"",
				"_markerType": "Icon",
				"_iconUrl": "https://maps.gsi.go.jp/portal/sys/v4/symbols/826.png",
				"_iconSize": [
					16,
					16
				],
				"_iconAnchor": [
					8,
					8
				]
			}
		},
		{
			"type": "Feature",
			"geometry": {
				"type": "Point",
				"coordinates": [
					 140.3894,
					 39.6172
				]
			},
			"properties": {
				"name": "JA/AT-167(長者森)",
				"読み":"Chojyamori",
				"標高":"323m 1pt ",
				"GL":"QM09eo",
				"市郡区":"C#0412 ",
				"登山日":"",
				"メモ":"",
				"_markerType": "Icon",
				"_iconUrl": "https://maps.gsi.go.jp/portal/sys/v4/symbols/826.png",
				"_iconSize": [
					16,
					16
				],
				"_iconAnchor": [
					8,
					8
				]
			}
		},
		{
			"type": "Feature",
			"geometry": {
				"type": "Point",
				"coordinates": [
					 140.3655,
					 39.6253
				]
			},
			"properties": {
				"name": "JA/AT-168(米ヶ森)",
				"読み":"Yonegamori",
				"標高":"314m 1pt ",
				"GL":"QM09ep",
				"市郡区":"C#0412 ",
				"登山日":"",
				"メモ":"",
				"_markerType": "Icon",
				"_iconUrl": "https://maps.gsi.go.jp/portal/sys/v4/symbols/826.png",
				"_iconSize": [
					16,
					16
				],
				"_iconAnchor": [
					8,
					8
				]
			}
		},
		{
			"type": "Feature",
			"geometry": {
				"type": "Point",
				"coordinates": [
					 140.5154,
					 39.551
				]
			},
			"properties": {
				"name": "JA/AT-169(長野山(三角点))",
				"読み":"Naganoyama",
				"標高":"292m 1pt ",
				"GL":"QM09gn",
				"市郡区":"C#0412 ",
				"登山日":"",
				"メモ":"",
				"_markerType": "Icon",
				"_iconUrl": "https://maps.gsi.go.jp/portal/sys/v4/symbols/826.png",
				"_iconSize": [
					16,
					16
				],
				"_iconAnchor": [
					8,
					8
				]
			}
		},
		{
			"type": "Feature",
			"geometry": {
				"type": "Point",
				"coordinates": [
					 140.4364,
					 39.4804
				]
			},
			"properties": {
				"name": "JA/AT-170(神宮寺岳)",
				"読み":"Jingujidake",
				"標高":"277m 1pt ",
				"GL":"QM09fl",
				"市郡区":"C#0412 ",
				"登山日":"",
				"メモ":"",
				"_markerType": "Icon",
				"_iconUrl": "https://maps.gsi.go.jp/portal/sys/v4/symbols/826.png",
				"_iconSize": [
					16,
					16
				],
				"_iconAnchor": [
					8,
					8
				]
			}
		},
		{
			"type": "Feature",
			"geometry": {
				"type": "Point",
				"coordinates": [
					 140.3781,
					 39.572
				]
			},
			"properties": {
				"name": "JA/AT-171(大平山)",
				"読み":"Oohirayama",
				"標高":"273m 1pt ",
				"GL":"QM09en",
				"市郡区":"C#0412 ",
				"登山日":"",
				"メモ":"",
				"_markerType": "Icon",
				"_iconUrl": "https://maps.gsi.go.jp/portal/sys/v4/symbols/826.png",
				"_iconSize": [
					16,
					16
				],
				"_iconAnchor": [
					8,
					8
				]
			}
		},
		{
			"type": "Feature",
			"geometry": {
				"type": "Point",
				"coordinates": [
					 140.4846,
					 39.541
				]
			},
			"properties": {
				"name": "JA/AT-172(点248)",
				"読み":"P248",
				"標高":"248m 1pt ",
				"GL":"QM09fm",
				"市郡区":"C#0412 ",
				"登山日":"",
				"メモ":"",
				"_markerType": "Icon",
				"_iconUrl": "https://maps.gsi.go.jp/portal/sys/v4/symbols/826.png",
				"_iconSize": [
					16,
					16
				],
				"_iconAnchor": [
					8,
					8
				]
			}
		},
		{
			"type": "Feature",
			"geometry": {
				"type": "Point",
				"coordinates": [
					 139.2853,
					 36.9551
				]
			},
			"properties": {
				"name": "JA/FS-001(燧ヶ岳)",
				"読み":"Hiuchigatake/Shibayasugura",
				"標高":"2356m 10pt ",
				"GL":"PM96pw",
				"市郡区":"G#07016C ",
				"登山日":"",
				"メモ":"",
				"_markerType": "Icon",
				"_iconUrl": "https://maps.gsi.go.jp/portal/sys/v4/symbols/101.png",
				"_iconSize": [
					16,
					16
				],
				"_iconAnchor": [
					8,
					8
				]
			}
		},
		{
			"type": "Feature",
			"geometry": {
				"type": "Point",
				"coordinates": [
					 139.3536,
					 37.0475
				]
			},
			"properties": {
				"name": "JA/FS-002(会津駒ヶ岳)",
				"読み":"Aizukomagatake",
				"標高":"2133m 10pt ",
				"GL":"PM97qb",
				"市郡区":"G#07016C ",
				"登山日":"",
				"メモ":"",
				"_markerType": "Icon",
				"_iconUrl": "https://maps.gsi.go.jp/portal/sys/v4/symbols/101.png",
				"_iconSize": [
					16,
					16
				],
				"_iconAnchor": [
					8,
					8
				]
			}
		},
		{
			"type": "Feature",
			"geometry": {
				"type": "Point",
				"coordinates": [
					 140.1408,
					 37.7382
				]
			},
			"properties": {
				"name": "JA/FS-003(西吾妻山)",
				"読み":"Nishiadumayama",
				"標高":"2035m 10pt ",
				"GL":"QM07br",
				"市郡区":"G#07017E / C#0502 ",
				"登山日":"",
				"メモ":"",
				"_markerType": "Icon",
				"_iconUrl": "https://maps.gsi.go.jp/portal/sys/v4/symbols/101.png",
				"_iconSize": [
					16,
					16
				],
				"_iconAnchor": [
					8,
					8
				]
			}
		},
		{
			"type": "Feature",
			"geometry": {
				"type": "Point",
				"coordinates": [
					 140.2303,
					 37.7117
				]
			},
			"properties": {
				"name": "JA/FS-004(東吾妻山)",
				"読み":"Higashiadumayama",
				"標高":"1975m 10pt ",
				"GL":"QM07cr",
				"市郡区":"C#0701 / G#07017D ",
				"登山日":"",
				"メモ":"",
				"_markerType": "Icon",
				"_iconUrl": "https://maps.gsi.go.jp/portal/sys/v4/symbols/101.png",
				"_iconSize": [
					16,
					16
				],
				"_iconAnchor": [
					8,
					8
				]
			}
		},
		{
			"type": "Feature",
			"geometry": {
				"type": "Point",
				"coordinates": [
					 139.9026,
					 37.1578
				]
			},
			"properties": {
				"name": "JA/FS-006(三倉山)",
				"読み":"Mikurayama",
				"標高":"1888m 10pt ",
				"GL":"PM97wd",
				"市郡区":"G#07016E ",
				"登山日":"",
				"メモ":"",
				"_markerType": "Icon",
				"_iconUrl": "https://maps.gsi.go.jp/portal/sys/v4/symbols/101.png",
				"_iconSize": [
					16,
					16
				],
				"_iconAnchor": [
					8,
					8
				]
			}
		},
		{
			"type": "Feature",
			"geometry": {
				"type": "Point",
				"coordinates": [
					 139.9599,
					 37.1804
				]
			},
			"properties": {
				"name": "JA/FS-007(旭岳)",
				"読み":"Asahidake",
				"標高":"1830m 10pt ",
				"GL":"PM97xe",
				"市郡区":"G#07016E / G#07013E ",
				"登山日":"",
				"メモ":"",
				"_markerType": "Icon",
				"_iconUrl": "https://maps.gsi.go.jp/portal/sys/v4/symbols/101.png",
				"_iconSize": [
					16,
					16
				],
				"_iconAnchor": [
					8,
					8
				]
			}
		},
		{
			"type": "Feature",
			"geometry": {
				"type": "Point",
				"coordinates": [
					 139.3349,
					 37.1727
				]
			},
			"properties": {
				"name": "JA/FS-008(丸山岳)",
				"読み":"Maruyamadake",
				"標高":"1820m 10pt ",
				"GL":"PM97qe",
				"市郡区":"G#07016G / G#07016C ",
				"登山日":"",
				"メモ":"",
				"_markerType": "Icon",
				"_iconUrl": "https://maps.gsi.go.jp/portal/sys/v4/symbols/101.png",
				"_iconSize": [
					16,
					16
				],
				"_iconAnchor": [
					8,
					8
				]
			}
		},
		{
			"type": "Feature",
			"geometry": {
				"type": "Point",
				"coordinates": [
					 140.0723,
					 37.601
				]
			},
			"properties": {
				"name": "JA/FS-009(磐梯山)",
				"読み":"Bandaisan",
				"標高":"1816m 10pt ",
				"GL":"QM07ao",
				"市郡区":"G#07017D / G#07017B ",
				"登山日":"",
				"メモ":"",
				"_markerType": "Icon",
				"_iconUrl": "https://maps.gsi.go.jp/portal/sys/v4/symbols/101.png",
				"_iconSize": [
					16,
					16
				],
				"_iconAnchor": [
					8,
					8
				]
			}
		},
		{
			"type": "Feature",
			"geometry": {
				"type": "Point",
				"coordinates": [
					 140.2575,
					 37.7006
				]
			},
			"properties": {
				"name": "JA/FS-010(高山)",
				"読み":"Takayama",
				"標高":"1805m 10pt ",
				"GL":"QM07dq",
				"市郡区":"C#0701 ",
				"登山日":"",
				"メモ":"",
				"_markerType": "Icon",
				"_iconUrl": "https://maps.gsi.go.jp/portal/sys/v4/symbols/101.png",
				"_iconSize": [
					16,
					16
				],
				"_iconAnchor": [
					8,
					8
				]
			}
		},
		{
			"type": "Feature",
			"geometry": {
				"type": "Point",
				"coordinates": [
					 139.5464,
					 36.9979
				]
			},
			"properties": {
				"name": "JA/FS-011(枯木山)",
				"読み":"Karekiyama",
				"標高":"1756m 10pt ",
				"GL":"PM96sx",
				"市郡区":"G#07016H ",
				"登山日":"",
				"メモ":"",
				"_markerType": "Icon",
				"_iconUrl": "https://maps.gsi.go.jp/portal/sys/v4/symbols/101.png",
				"_iconSize": [
					16,
					16
				],
				"_iconAnchor": [
					8,
					8
				]
			}
		},
		{
			"type": "Feature",
			"geometry": {
				"type": "Point",
				"coordinates": [
					 140.2809,
					 37.6471
				]
			},
			"properties": {
				"name": "JA/FS-012(箕輪山)",
				"読み":"Minowayama",
				"標高":"1728m 10pt ",
				"GL":"QM07dp",
				"市郡区":"C#0701 / G#07017D ",
				"登山日":"",
				"メモ":"",
				"_markerType": "Icon",
				"_iconUrl": "https://maps.gsi.go.jp/portal/sys/v4/symbols/101.png",
				"_iconSize": [
					16,
					16
				],
				"_iconAnchor": [
					8,
					8
				]
			}
		},
		{
			"type": "Feature",
			"geometry": {
				"type": "Point",
				"coordinates": [
					 139.9833,
					 37.2019
				]
			},
			"properties": {
				"name": "JA/FS-013(大白森山)",
				"読み":"Ooshiromoriyama",
				"標高":"1642m 10pt ",
				"GL":"PM97xe",
				"市郡区":"G#07013E / G#07005C / G#07016E",
				"登山日":"",
				"メモ":"",
				"_markerType": "Icon",
				"_iconUrl": "https://maps.gsi.go.jp/portal/sys/v4/symbols/101.png",
				"_iconSize": [
					16,
					16
				],
				"_iconAnchor": [
					8,
					8
				]
			}
		},
		{
			"type": "Feature",
			"geometry": {
				"type": "Point",
				"coordinates": [
					 139.6493,
					 37.1245
				]
			},
			"properties": {
				"name": "JA/FS-014(高倉山)",
				"読み":"Takakurayama",
				"標高":"1638m 10pt ",
				"GL":"PM97tc",
				"市郡区":"G#07016H ",
				"登山日":"",
				"メモ":"",
				"_markerType": "Icon",
				"_iconUrl": "https://maps.gsi.go.jp/portal/sys/v4/symbols/101.png",
				"_iconSize": [
					16,
					16
				],
				"_iconAnchor": [
					8,
					8
				]
			}
		},
		{
			"type": "Feature",
			"geometry": {
				"type": "Point",
				"coordinates": [
					 139.5507,
					 37.047
				]
			},
			"properties": {
				"name": "JA/FS-015(大嵐山)",
				"読み":"Ooarashiyama",
				"標高":"1635m 10pt ",
				"GL":"PM97sb",
				"市郡区":"G#07016H ",
				"登山日":"",
				"メモ":"",
				"_markerType": "Icon",
				"_iconUrl": "https://maps.gsi.go.jp/portal/sys/v4/symbols/101.png",
				"_iconSize": [
					16,
					16
				],
				"_iconAnchor": [
					8,
					8
				]
			}
		},
		{
			"type": "Feature",
			"geometry": {
				"type": "Point",
				"coordinates": [
					 139.3396,
					 37.2211
				]
			},
			"properties": {
				"name": "JA/FS-016(朝日岳)",
				"読み":"Asahidake",
				"標高":"1624m 10pt ",
				"GL":"PM97qf",
				"市郡区":"G#07016G ",
				"登山日":"",
				"メモ":"",
				"_markerType": "Icon",
				"_iconUrl": "https://maps.gsi.go.jp/portal/sys/v4/symbols/101.png",
				"_iconSize": [
					16,
					16
				],
				"_iconAnchor": [
					8,
					8
				]
			}
		},
		{
			"type": "Feature",
			"geometry": {
				"type": "Point",
				"coordinates": [
					 139.4081,
					 37.1385
				]
			},
			"properties": {
				"name": "JA/FS-017(稲子山)",
				"読み":"Inakoyama",
				"標高":"1607m 10pt ",
				"GL":"PM97qd",
				"市郡区":"G#07016G ",
				"登山日":"",
				"メモ":"",
				"_markerType": "Icon",
				"_iconUrl": "https://maps.gsi.go.jp/portal/sys/v4/symbols/101.png",
				"_iconSize": [
					16,
					16
				],
				"_iconAnchor": [
					8,
					8
				]
			}
		},
		{
			"type": "Feature",
			"geometry": {
				"type": "Point",
				"coordinates": [
					 139.9256,
					 37.8138
				]
			},
			"properties": {
				"name": "JA/FS-018(飯森山)",
				"読み":"Iimorisan",
				"標高":"1595m 10pt ",
				"GL":"PM97xt",
				"市郡区":"C#0708 / G#05003A ",
				"登山日":"",
				"メモ":"",
				"_markerType": "Icon",
				"_iconUrl": "https://maps.gsi.go.jp/portal/sys/v4/symbols/101.png",
				"_iconSize": [
					16,
					16
				],
				"_iconAnchor": [
					8,
					8
				]
			}
		},
		{
			"type": "Feature",
			"geometry": {
				"type": "Point",
				"coordinates": [
					 139.2336,
					 37.3436
				]
			},
			"properties": {
				"name": "JA/FS-019(浅草岳)",
				"読み":"Asakusadake",
				"標高":"1586m 10pt ",
				"GL":"PM97oi",
				"市郡区":"G#07016G / C#0825 ",
				"登山日":"",
				"メモ":"",
				"_markerType": "Icon",
				"_iconUrl": "https://maps.gsi.go.jp/portal/sys/v4/symbols/101.png",
				"_iconSize": [
					16,
					16
				],
				"_iconAnchor": [
					8,
					8
				]
			}
		},
		{
			"type": "Feature",
			"geometry": {
				"type": "Point",
				"coordinates": [
					 139.5881,
					 37.0491
				]
			},
			"properties": {
				"name": "JA/FS-020(土倉山)",
				"読み":"Tsuchikurayama",
				"標高":"1550m 10pt ",
				"GL":"PM97tb",
				"市郡区":"G#07016H ",
				"登山日":"",
				"メモ":"",
				"_markerType": "Icon",
				"_iconUrl": "https://maps.gsi.go.jp/portal/sys/v4/symbols/101.png",
				"_iconSize": [
					16,
					16
				],
				"_iconAnchor": [
					8,
					8
				]
			}
		},
		{
			"type": "Feature",
			"geometry": {
				"type": "Point",
				"coordinates": [
					 139.9673,
					 37.2464
				]
			},
			"properties": {
				"name": "JA/FS-021(二岐山)",
				"読み":"Futamatayama",
				"標高":"1544m 10pt ",
				"GL":"PM97xf",
				"市郡区":"G#07005C / G#07016E ",
				"登山日":"",
				"メモ":"",
				"_markerType": "Icon",
				"_iconUrl": "https://maps.gsi.go.jp/portal/sys/v4/symbols/101.png",
				"_iconSize": [
					16,
					16
				],
				"_iconAnchor": [
					8,
					8
				]
			}
		},
		{
			"type": "Feature",
			"geometry": {
				"type": "Point",
				"coordinates": [
					 139.2545,
					 37.2136
				]
			},
			"properties": {
				"name": "JA/FS-022(村杉岳)",
				"読み":"Murasugidake",
				"標高":"1535m 10pt ",
				"GL":"PM97pf",
				"市郡区":"G#07016G ",
				"登山日":"",
				"メモ":"",
				"_markerType": "Icon",
				"_iconUrl": "https://maps.gsi.go.jp/portal/sys/v4/symbols/101.png",
				"_iconSize": [
					16,
					16
				],
				"_iconAnchor": [
					8,
					8
				]
			}
		},
		{
			"type": "Feature",
			"geometry": {
				"type": "Point",
				"coordinates": [
					 139.4458,
					 37.1563
				]
			},
			"properties": {
				"name": "JA/FS-023(点1526(山毛欅沢山近傍))",
				"読み":"P1526",
				"標高":"1526m 10pt ",
				"GL":"PM97rd",
				"市郡区":"G#07016G / G#07016H ",
				"登山日":"",
				"メモ":"",
				"_markerType": "Icon",
				"_iconUrl": "https://maps.gsi.go.jp/portal/sys/v4/symbols/101.png",
				"_iconSize": [
					16,
					16
				],
				"_iconAnchor": [
					8,
					8
				]
			}
		},
		{
			"type": "Feature",
			"geometry": {
				"type": "Point",
				"coordinates": [
					 139.1751,
					 37.2567
				]
			},
			"properties": {
				"name": "JA/FS-024(毛猛山)",
				"読み":"Kemouyama",
				"標高":"1517m 10pt ",
				"GL":"PM97og",
				"市郡区":"G#07016G / C#0825 ",
				"登山日":"",
				"メモ":"",
				"_markerType": "Icon",
				"_iconUrl": "https://maps.gsi.go.jp/portal/sys/v4/symbols/101.png",
				"_iconSize": [
					16,
					16
				],
				"_iconAnchor": [
					8,
					8
				]
			}
		},
		{
			"type": "Feature",
			"geometry": {
				"type": "Point",
				"coordinates": [
					 139.4688,
					 37.1809
				]
			},
			"properties": {
				"name": "JA/FS-025(丸山)",
				"読み":"Maruyama",
				"標高":"1488m 8pt ",
				"GL":"PM97re",
				"市郡区":"G#07016H / G#07016G ",
				"登山日":"",
				"メモ":"",
				"_markerType": "Icon",
				"_iconUrl": "https://maps.gsi.go.jp/portal/sys/v4/symbols/104.png",
				"_iconSize": [
					16,
					16
				],
				"_iconAnchor": [
					8,
					8
				]
			}
		},
		{
			"type": "Feature",
			"geometry": {
				"type": "Point",
				"coordinates": [
					 139.7147,
					 37.3632
				]
			},
			"properties": {
				"name": "JA/FS-026(博士山)",
				"読み":"Hakaseyama",
				"標高":"1482m 8pt ",
				"GL":"PM97ui",
				"市郡区":"G#07006E / G#07007D / G#07006G",
				"登山日":"",
				"メモ":"",
				"_markerType": "Icon",
				"_iconUrl": "https://maps.gsi.go.jp/portal/sys/v4/symbols/104.png",
				"_iconSize": [
					16,
					16
				],
				"_iconAnchor": [
					8,
					8
				]
			}
		},
		{
			"type": "Feature",
			"geometry": {
				"type": "Point",
				"coordinates": [
					 139.2545,
					 37.2426
				]
			},
			"properties": {
				"name": "JA/FS-027(大川猿倉山)",
				"読み":"Oosawasarukurayama",
				"標高":"1455m 8pt ",
				"GL":"PM97pf",
				"市郡区":"G#07016G ",
				"登山日":"",
				"メモ":"",
				"_markerType": "Icon",
				"_iconUrl": "https://maps.gsi.go.jp/portal/sys/v4/symbols/104.png",
				"_iconSize": [
					16,
					16
				],
				"_iconAnchor": [
					8,
					8
				]
			}
		},
		{
			"type": "Feature",
			"geometry": {
				"type": "Point",
				"coordinates": [
					 139.9973,
					 37.7223
				]
			},
			"properties": {
				"name": "JA/FS-028(高曽根山)",
				"読み":"Kouzoneyama",
				"標高":"1443m 8pt ",
				"GL":"PM97xr",
				"市郡区":"G#07017E / C#0708 ",
				"登山日":"",
				"メモ":"",
				"_markerType": "Icon",
				"_iconUrl": "https://maps.gsi.go.jp/portal/sys/v4/symbols/104.png",
				"_iconSize": [
					16,
					16
				],
				"_iconAnchor": [
					8,
					8
				]
			}
		},
		{
			"type": "Feature",
			"geometry": {
				"type": "Point",
				"coordinates": [
					 139.4495,
					 37.048
				]
			},
			"properties": {
				"name": "JA/FS-029(袴腰山)",
				"読み":"Hakamagoshiyama",
				"標高":"1424m 8pt ",
				"GL":"PM97rb",
				"市郡区":"G#07016H ",
				"登山日":"",
				"メモ":"",
				"_markerType": "Icon",
				"_iconUrl": "https://maps.gsi.go.jp/portal/sys/v4/symbols/104.png",
				"_iconSize": [
					16,
					16
				],
				"_iconAnchor": [
					8,
					8
				]
			}
		},
		{
			"type": "Feature",
			"geometry": {
				"type": "Point",
				"coordinates": [
					 139.9533,
					 37.3367
				]
			},
			"properties": {
				"name": "JA/FS-030(大戸岳)",
				"読み":"Ootodake",
				"標高":"1416m 8pt ",
				"GL":"PM97xi",
				"市郡区":"C#0702 / G#07016E ",
				"登山日":"",
				"メモ":"",
				"_markerType": "Icon",
				"_iconUrl": "https://maps.gsi.go.jp/portal/sys/v4/symbols/104.png",
				"_iconSize": [
					16,
					16
				],
				"_iconAnchor": [
					8,
					8
				]
			}
		},
		{
			"type": "Feature",
			"geometry": {
				"type": "Point",
				"coordinates": [
					 139.7564,
					 37.1107
				]
			},
			"properties": {
				"name": "JA/FS-031(家老岳)",
				"読み":"Karoudake",
				"標高":"1414m 8pt ",
				"GL":"PM97vc",
				"市郡区":"G#07016H ",
				"登山日":"",
				"メモ":"",
				"_markerType": "Icon",
				"_iconUrl": "https://maps.gsi.go.jp/portal/sys/v4/symbols/104.png",
				"_iconSize": [
					16,
					16
				],
				"_iconAnchor": [
					8,
					8
				]
			}
		},
		{
			"type": "Feature",
			"geometry": {
				"type": "Point",
				"coordinates": [
					 140.1771,
					 37.5581
				]
			},
			"properties": {
				"name": "JA/FS-032(川桁山)",
				"読み":"Kawagetayama",
				"標高":"1413m 8pt ",
				"GL":"QM07cn",
				"市郡区":"G#07017D ",
				"登山日":"",
				"メモ":"",
				"_markerType": "Icon",
				"_iconUrl": "https://maps.gsi.go.jp/portal/sys/v4/symbols/104.png",
				"_iconSize": [
					16,
					16
				],
				"_iconAnchor": [
					8,
					8
				]
			}
		},
		{
			"type": "Feature",
			"geometry": {
				"type": "Point",
				"coordinates": [
					 140.0283,
					 37.6116
				]
			},
			"properties": {
				"name": "JA/FS-033(猫魔ヶ岳)",
				"読み":"Nekomagatake",
				"標高":"1404m 8pt ",
				"GL":"QM07ao",
				"市郡区":"G#07017E / G#07017B ",
				"登山日":"",
				"メモ":"",
				"_markerType": "Icon",
				"_iconUrl": "https://maps.gsi.go.jp/portal/sys/v4/symbols/104.png",
				"_iconSize": [
					16,
					16
				],
				"_iconAnchor": [
					8,
					8
				]
			}
		},
		{
			"type": "Feature",
			"geometry": {
				"type": "Point",
				"coordinates": [
					 139.8866,
					 37.3259
				]
			},
			"properties": {
				"name": "JA/FS-034(小野岳)",
				"読み":"Onodake",
				"標高":"1383m 8pt ",
				"GL":"PM97wh",
				"市郡区":"G#07016E ",
				"登山日":"",
				"メモ":"",
				"_markerType": "Icon",
				"_iconUrl": "https://maps.gsi.go.jp/portal/sys/v4/symbols/104.png",
				"_iconSize": [
					16,
					16
				],
				"_iconAnchor": [
					8,
					8
				]
			}
		},
		{
			"type": "Feature",
			"geometry": {
				"type": "Point",
				"coordinates": [
					 140.2012,
					 37.5574
				]
			},
			"properties": {
				"name": "JA/FS-036(大滝山)",
				"読み":"Ootakiyama",
				"標高":"1370m 8pt ",
				"GL":"QM07cn",
				"市郡区":"G#07017D / C#0703 ",
				"登山日":"",
				"メモ":"",
				"_markerType": "Icon",
				"_iconUrl": "https://maps.gsi.go.jp/portal/sys/v4/symbols/104.png",
				"_iconSize": [
					16,
					16
				],
				"_iconAnchor": [
					8,
					8
				]
			}
		},
		{
			"type": "Feature",
			"geometry": {
				"type": "Point",
				"coordinates": [
					 139.2812,
					 37.0921
				]
			},
			"properties": {
				"name": "JA/FS-037(点1365)",
				"読み":"P1365",
				"標高":"1365m 8pt ",
				"GL":"PM97pc",
				"市郡区":"G#07016C ",
				"登山日":"",
				"メモ":"",
				"_markerType": "Icon",
				"_iconUrl": "https://maps.gsi.go.jp/portal/sys/v4/symbols/104.png",
				"_iconSize": [
					16,
					16
				],
				"_iconAnchor": [
					8,
					8
				]
			}
		},
		{
			"type": "Feature",
			"geometry": {
				"type": "Point",
				"coordinates": [
					 139.5414,
					 37.1105
				]
			},
			"properties": {
				"name": "JA/FS-038(真名板倉山)",
				"読み":"Manaitakurayama",
				"標高":"1339m 8pt ",
				"GL":"PM97sc",
				"市郡区":"G#07016H ",
				"登山日":"",
				"メモ":"",
				"_markerType": "Icon",
				"_iconUrl": "https://maps.gsi.go.jp/portal/sys/v4/symbols/104.png",
				"_iconSize": [
					16,
					16
				],
				"_iconAnchor": [
					8,
					8
				]
			}
		},
		{
			"type": "Feature",
			"geometry": {
				"type": "Point",
				"coordinates": [
					 139.4933,
					 37.2225
				]
			},
			"properties": {
				"name": "JA/FS-039(大博多山)",
				"読み":"Daihadayama",
				"標高":"1315m 8pt ",
				"GL":"PM97rf",
				"市郡区":"G#07016H ",
				"登山日":"",
				"メモ":"",
				"_markerType": "Icon",
				"_iconUrl": "https://maps.gsi.go.jp/portal/sys/v4/symbols/104.png",
				"_iconSize": [
					16,
					16
				],
				"_iconAnchor": [
					8,
					8
				]
			}
		},
		{
			"type": "Feature",
			"geometry": {
				"type": "Point",
				"coordinates": [
					 139.4062,
					 37.4665
				]
			},
			"properties": {
				"name": "JA/FS-040(貉ケ森山)",
				"読み":"Mujinagamoriyama",
				"標高":"1315m 8pt ",
				"GL":"PM97ql",
				"市郡区":"G#07006D / G#08013E ",
				"登山日":"",
				"メモ":"",
				"_markerType": "Icon",
				"_iconUrl": "https://maps.gsi.go.jp/portal/sys/v4/symbols/104.png",
				"_iconSize": [
					16,
					16
				],
				"_iconAnchor": [
					8,
					8
				]
			}
		},
		{
			"type": "Feature",
			"geometry": {
				"type": "Point",
				"coordinates": [
					 139.4765,
					 37.1159
				]
			},
			"properties": {
				"name": "JA/FS-041(三仏沢山)",
				"読み":"Sabuzawayama",
				"標高":"1314m 8pt ",
				"GL":"PM97rc",
				"市郡区":"G#07016H ",
				"登山日":"",
				"メモ":"",
				"_markerType": "Icon",
				"_iconUrl": "https://maps.gsi.go.jp/portal/sys/v4/symbols/104.png",
				"_iconSize": [
					16,
					16
				],
				"_iconAnchor": [
					8,
					8
				]
			}
		},
		{
			"type": "Feature",
			"geometry": {
				"type": "Point",
				"coordinates": [
					 139.4658,
					 37.0908
				]
			},
			"properties": {
				"name": "JA/FS-042(高畑山)",
				"読み":"Takahatayama",
				"標高":"1294m 8pt ",
				"GL":"PM97rc",
				"市郡区":"G#07016H ",
				"登山日":"",
				"メモ":"",
				"_markerType": "Icon",
				"_iconUrl": "https://maps.gsi.go.jp/portal/sys/v4/symbols/104.png",
				"_iconSize": [
					16,
					16
				],
				"_iconAnchor": [
					8,
					8
				]
			}
		},
		{
			"type": "Feature",
			"geometry": {
				"type": "Point",
				"coordinates": [
					 139.2096,
					 37.2848
				]
			},
			"properties": {
				"name": "JA/FS-043(前毛猛山)",
				"読み":"Maekemouyama",
				"標高":"1234m 8pt ",
				"GL":"PM97og",
				"市郡区":"G#07016G / C#0825 ",
				"登山日":"",
				"メモ":"",
				"_markerType": "Icon",
				"_iconUrl": "https://maps.gsi.go.jp/portal/sys/v4/symbols/104.png",
				"_iconSize": [
					16,
					16
				],
				"_iconAnchor": [
					8,
					8
				]
			}
		},
		{
			"type": "Feature",
			"geometry": {
				"type": "Point",
				"coordinates": [
					 139.6277,
					 37.3681
				]
			},
			"properties": {
				"name": "JA/FS-044(点1234(志津倉山近傍))",
				"読み":"P1234",
				"標高":"1234m 8pt ",
				"GL":"PM97ti",
				"市郡区":"G#07006E / G#07006F ",
				"登山日":"",
				"メモ":"",
				"_markerType": "Icon",
				"_iconUrl": "https://maps.gsi.go.jp/portal/sys/v4/symbols/104.png",
				"_iconSize": [
					16,
					16
				],
				"_iconAnchor": [
					8,
					8
				]
			}
		},
		{
			"type": "Feature",
			"geometry": {
				"type": "Point",
				"coordinates": [
					 139.7386,
					 37.0884
				]
			},
			"properties": {
				"name": "JA/FS-045(貝鳴山)",
				"読み":"Kainariyama",
				"標高":"1222m 8pt ",
				"GL":"PM97uc",
				"市郡区":"G#07016H ",
				"登山日":"",
				"メモ":"",
				"_markerType": "Icon",
				"_iconUrl": "https://maps.gsi.go.jp/portal/sys/v4/symbols/104.png",
				"_iconSize": [
					16,
					16
				],
				"_iconAnchor": [
					8,
					8
				]
			}
		},
		{
			"type": "Feature",
			"geometry": {
				"type": "Point",
				"coordinates": [
					 140.1344,
					 37.6462
				]
			},
			"properties": {
				"name": "JA/FS-046(白布山)",
				"読み":"Shirabuyama",
				"標高":"1221m 8pt ",
				"GL":"QM07bp",
				"市郡区":"G#07017D ",
				"登山日":"",
				"メモ":"",
				"_markerType": "Icon",
				"_iconUrl": "https://maps.gsi.go.jp/portal/sys/v4/symbols/104.png",
				"_iconSize": [
					16,
					16
				],
				"_iconAnchor": [
					8,
					8
				]
			}
		},
		{
			"type": "Feature",
			"geometry": {
				"type": "Point",
				"coordinates": [
					 140.2983,
					 37.9012
				]
			},
			"properties": {
				"name": "JA/FS-047(七ツ森)",
				"読み":"Nanatsumori",
				"標高":"1219m 8pt ",
				"GL":"QM07dv",
				"市郡区":"C#0701 ",
				"登山日":"",
				"メモ":"",
				"_markerType": "Icon",
				"_iconUrl": "https://maps.gsi.go.jp/portal/sys/v4/symbols/104.png",
				"_iconSize": [
					16,
					16
				],
				"_iconAnchor": [
					8,
					8
				]
			}
		},
		{
			"type": "Feature",
			"geometry": {
				"type": "Point",
				"coordinates": [
					 140.7016,
					 37.3549
				]
			},
			"properties": {
				"name": "JA/FS-048(大滝根山)",
				"読み":"Ootakineyama",
				"標高":"1193m 8pt ",
				"GL":"QM07ii",
				"市郡区":"G#07015F / C#0717 ",
				"登山日":"",
				"メモ":"",
				"_markerType": "Icon",
				"_iconUrl": "https://maps.gsi.go.jp/portal/sys/v4/symbols/104.png",
				"_iconSize": [
					16,
					16
				],
				"_iconAnchor": [
					8,
					8
				]
			}
		},
		{
			"type": "Feature",
			"geometry": {
				"type": "Point",
				"coordinates": [
					 139.2076,
					 37.4183
				]
			},
			"properties": {
				"name": "JA/FS-049(丸倉山)",
				"読み":"Marukurayama",
				"標高":"1191m 8pt ",
				"GL":"PM97ok",
				"市郡区":"G#07016G / C#0804 ",
				"登山日":"",
				"メモ":"",
				"_markerType": "Icon",
				"_iconUrl": "https://maps.gsi.go.jp/portal/sys/v4/symbols/104.png",
				"_iconSize": [
					16,
					16
				],
				"_iconAnchor": [
					8,
					8
				]
			}
		},
		{
			"type": "Feature",
			"geometry": {
				"type": "Point",
				"coordinates": [
					 140.1942,
					 37.5987
				]
			},
			"properties": {
				"name": "JA/FS-050(布森山)",
				"読み":"Nunomoriyama",
				"標高":"1178m 8pt ",
				"GL":"QM07co",
				"市郡区":"G#07017D ",
				"登山日":"",
				"メモ":"",
				"_markerType": "Icon",
				"_iconUrl": "https://maps.gsi.go.jp/portal/sys/v4/symbols/104.png",
				"_iconSize": [
					16,
					16
				],
				"_iconAnchor": [
					8,
					8
				]
			}
		},
		{
			"type": "Feature",
			"geometry": {
				"type": "Point",
				"coordinates": [
					 139.822,
					 37.2482
				]
			},
			"properties": {
				"name": "JA/FS-051(見明山)",
				"読み":"Miakashiyama",
				"標高":"1161m 8pt ",
				"GL":"PM97vf",
				"市郡区":"G#07016E ",
				"登山日":"",
				"メモ":"",
				"_markerType": "Icon",
				"_iconUrl": "https://maps.gsi.go.jp/portal/sys/v4/symbols/104.png",
				"_iconSize": [
					16,
					16
				],
				"_iconAnchor": [
					8,
					8
				]
			}
		},
		{
			"type": "Feature",
			"geometry": {
				"type": "Point",
				"coordinates": [
					 139.5046,
					 37.1062
				]
			},
			"properties": {
				"name": "JA/FS-052(佐倉山)",
				"読み":"Sakurayama",
				"標高":"1157m 8pt ",
				"GL":"PM97sc",
				"市郡区":"G#07016H ",
				"登山日":"",
				"メモ":"",
				"_markerType": "Icon",
				"_iconUrl": "https://maps.gsi.go.jp/portal/sys/v4/symbols/104.png",
				"_iconSize": [
					16,
					16
				],
				"_iconAnchor": [
					8,
					8
				]
			}
		},
		{
			"type": "Feature",
			"geometry": {
				"type": "Point",
				"coordinates": [
					 139.5345,
					 37.1271
				]
			},
			"properties": {
				"name": "JA/FS-053(牛首山近傍)",
				"読み":"Near_Ushikubiyama",
				"標高":"1154m 8pt ",
				"GL":"PM97sd",
				"市郡区":"G#07016H ",
				"登山日":"",
				"メモ":"",
				"_markerType": "Icon",
				"_iconUrl": "https://maps.gsi.go.jp/portal/sys/v4/symbols/104.png",
				"_iconSize": [
					16,
					16
				],
				"_iconAnchor": [
					8,
					8
				]
			}
		},
		{
			"type": "Feature",
			"geometry": {
				"type": "Point",
				"coordinates": [
					 139.6586,
					 37.7462
				]
			},
			"properties": {
				"name": "JA/FS-054(高森山)",
				"読み":"Takamoriyama",
				"標高":"1151m 8pt ",
				"GL":"PM97tr",
				"市郡区":"G#07017G / G#08013E ",
				"登山日":"",
				"メモ":"",
				"_markerType": "Icon",
				"_iconUrl": "https://maps.gsi.go.jp/portal/sys/v4/symbols/104.png",
				"_iconSize": [
					16,
					16
				],
				"_iconAnchor": [
					8,
					8
				]
			}
		},
		{
			"type": "Feature",
			"geometry": {
				"type": "Point",
				"coordinates": [
					 140.0241,
					 37.6915
				]
			},
			"properties": {
				"name": "JA/FS-055(八森山)",
				"読み":"Hachimoriyama",
				"標高":"1150m 8pt ",
				"GL":"QM07aq",
				"市郡区":"G#07017E ",
				"登山日":"",
				"メモ":"",
				"_markerType": "Icon",
				"_iconUrl": "https://maps.gsi.go.jp/portal/sys/v4/symbols/104.png",
				"_iconSize": [
					16,
					16
				],
				"_iconAnchor": [
					8,
					8
				]
			}
		},
		{
			"type": "Feature",
			"geometry": {
				"type": "Point",
				"coordinates": [
					 140.0068,
					 37.3279
				]
			},
			"properties": {
				"name": "JA/FS-056(箕輪山)",
				"読み":"Minowayama",
				"標高":"1146m 8pt ",
				"GL":"QM07ah",
				"市郡区":"C#0702 / G#07016E ",
				"登山日":"",
				"メモ":"",
				"_markerType": "Icon",
				"_iconUrl": "https://maps.gsi.go.jp/portal/sys/v4/symbols/104.png",
				"_iconSize": [
					16,
					16
				],
				"_iconAnchor": [
					8,
					8
				]
			}
		},
		{
			"type": "Feature",
			"geometry": {
				"type": "Point",
				"coordinates": [
					 139.4964,
					 37.5126
				]
			},
			"properties": {
				"name": "JA/FS-057(鍋倉山)",
				"読み":"Nabekurayama",
				"標高":"1137m 8pt ",
				"GL":"PM97rm",
				"市郡区":"G#07006D / G#08013E ",
				"登山日":"",
				"メモ":"",
				"_markerType": "Icon",
				"_iconUrl": "https://maps.gsi.go.jp/portal/sys/v4/symbols/104.png",
				"_iconSize": [
					16,
					16
				],
				"_iconAnchor": [
					8,
					8
				]
			}
		},
		{
			"type": "Feature",
			"geometry": {
				"type": "Point",
				"coordinates": [
					 140.1669,
					 37.3384
				]
			},
			"properties": {
				"name": "JA/FS-058(八幡岳)",
				"読み":"Hachimandake",
				"標高":"1102m 8pt ",
				"GL":"QM07ci",
				"市郡区":"C#0707 / C#0703 ",
				"登山日":"",
				"メモ":"",
				"_markerType": "Icon",
				"_iconUrl": "https://maps.gsi.go.jp/portal/sys/v4/symbols/104.png",
				"_iconSize": [
					16,
					16
				],
				"_iconAnchor": [
					8,
					8
				]
			}
		},
		{
			"type": "Feature",
			"geometry": {
				"type": "Point",
				"coordinates": [
					 139.5864,
					 37.4223
				]
			},
			"properties": {
				"name": "JA/FS-059(高森山)",
				"読み":"Takamoriyama",
				"標高":"1100m 8pt ",
				"GL":"PM97tk",
				"市郡区":"G#07006D / G#07006F ",
				"登山日":"",
				"メモ":"",
				"_markerType": "Icon",
				"_iconUrl": "https://maps.gsi.go.jp/portal/sys/v4/symbols/104.png",
				"_iconSize": [
					16,
					16
				],
				"_iconAnchor": [
					8,
					8
				]
			}
		},
		{
			"type": "Feature",
			"geometry": {
				"type": "Point",
				"coordinates": [
					 140.2201,
					 37.6005
				]
			},
			"properties": {
				"name": "JA/FS-060(日陰山)",
				"読み":"Hikageyama",
				"標高":"1076m 6pt ",
				"GL":"QM07co",
				"市郡区":"G#07017D ",
				"登山日":"",
				"メモ":"",
				"_markerType": "Icon",
				"_iconUrl": "https://maps.gsi.go.jp/portal/sys/v4/symbols/103.png",
				"_iconSize": [
					16,
					16
				],
				"_iconAnchor": [
					8,
					8
				]
			}
		},
		{
			"type": "Feature",
			"geometry": {
				"type": "Point",
				"coordinates": [
					 139.7599,
					 37.428
				]
			},
			"properties": {
				"name": "JA/FS-061(明神ヶ岳)",
				"読み":"Myoujingatake",
				"標高":"1074m 6pt ",
				"GL":"PM97vk",
				"市郡区":"G#07006G / G#07007D ",
				"登山日":"",
				"メモ":"",
				"_markerType": "Icon",
				"_iconUrl": "https://maps.gsi.go.jp/portal/sys/v4/symbols/103.png",
				"_iconSize": [
					16,
					16
				],
				"_iconAnchor": [
					8,
					8
				]
			}
		},
		{
			"type": "Feature",
			"geometry": {
				"type": "Point",
				"coordinates": [
					 139.2511,
					 37.4525
				]
			},
			"properties": {
				"name": "JA/FS-062(中の又山)",
				"読み":"Nakanomatayama",
				"標高":"1070m 6pt ",
				"GL":"PM97pk",
				"市郡区":"G#07016G / G#08013E / C#0804",
				"登山日":"",
				"メモ":"",
				"_markerType": "Icon",
				"_iconUrl": "https://maps.gsi.go.jp/portal/sys/v4/symbols/103.png",
				"_iconSize": [
					16,
					16
				],
				"_iconAnchor": [
					8,
					8
				]
			}
		},
		{
			"type": "Feature",
			"geometry": {
				"type": "Point",
				"coordinates": [
					 140.6835,
					 37.5429
				]
			},
			"properties": {
				"name": "JA/FS-063(日山(天王山))",
				"読み":"Hiyama/Tennouzan",
				"標高":"1057m 6pt ",
				"GL":"QM07in",
				"市郡区":"G#07015E / C#0714 / G#07015G",
				"登山日":"",
				"メモ":"",
				"_markerType": "Icon",
				"_iconUrl": "https://maps.gsi.go.jp/portal/sys/v4/symbols/103.png",
				"_iconSize": [
					16,
					16
				],
				"_iconAnchor": [
					8,
					8
				]
			}
		},
		{
			"type": "Feature",
			"geometry": {
				"type": "Point",
				"coordinates": [
					 139.5802,
					 37.2952
				]
			},
			"properties": {
				"name": "JA/FS-064(黒岩山)",
				"読み":"Kuroiwayama",
				"標高":"1056m 6pt ",
				"GL":"PM97sh",
				"市郡区":"G#07006E / G#07016H ",
				"登山日":"",
				"メモ":"",
				"_markerType": "Icon",
				"_iconUrl": "https://maps.gsi.go.jp/portal/sys/v4/symbols/103.png",
				"_iconSize": [
					16,
					16
				],
				"_iconAnchor": [
					8,
					8
				]
			}
		},
		{
			"type": "Feature",
			"geometry": {
				"type": "Point",
				"coordinates": [
					 140.2038,
					 37.4418
				]
			},
			"properties": {
				"name": "JA/FS-065(大将旗山)",
				"読み":"Taishouhatayama",
				"標高":"1056m 6pt ",
				"GL":"QM07ck",
				"市郡区":"C#0703 ",
				"登山日":"",
				"メモ":"",
				"_markerType": "Icon",
				"_iconUrl": "https://maps.gsi.go.jp/portal/sys/v4/symbols/103.png",
				"_iconSize": [
					16,
					16
				],
				"_iconAnchor": [
					8,
					8
				]
			}
		},
		{
			"type": "Feature",
			"geometry": {
				"type": "Point",
				"coordinates": [
					 139.7493,
					 37.4065
				]
			},
			"properties": {
				"name": "JA/FS-066(大向山)",
				"読み":"Oomukaiyama",
				"標高":"1044m 6pt ",
				"GL":"PM97uj",
				"市郡区":"G#07007D ",
				"登山日":"",
				"メモ":"",
				"_markerType": "Icon",
				"_iconUrl": "https://maps.gsi.go.jp/portal/sys/v4/symbols/103.png",
				"_iconSize": [
					16,
					16
				],
				"_iconAnchor": [
					8,
					8
				]
			}
		},
		{
			"type": "Feature",
			"geometry": {
				"type": "Point",
				"coordinates": [
					 139.2586,
					 37.4247
				]
			},
			"properties": {
				"name": "JA/FS-067(赤崩山)",
				"読み":"Akakuzureyama",
				"標高":"1034m 6pt ",
				"GL":"PM97pk",
				"市郡区":"G#07016G ",
				"登山日":"",
				"メモ":"",
				"_markerType": "Icon",
				"_iconUrl": "https://maps.gsi.go.jp/portal/sys/v4/symbols/103.png",
				"_iconSize": [
					16,
					16
				],
				"_iconAnchor": [
					8,
					8
				]
			}
		},
		{
			"type": "Feature",
			"geometry": {
				"type": "Point",
				"coordinates": [
					 139.2364,
					 37.4309
				]
			},
			"properties": {
				"name": "JA/FS-068(前山)",
				"読み":"Maeyama",
				"標高":"1033m 6pt ",
				"GL":"PM97ok",
				"市郡区":"G#07016G ",
				"登山日":"",
				"メモ":"",
				"_markerType": "Icon",
				"_iconUrl": "https://maps.gsi.go.jp/portal/sys/v4/symbols/103.png",
				"_iconSize": [
					16,
					16
				],
				"_iconAnchor": [
					8,
					8
				]
			}
		},
		{
			"type": "Feature",
			"geometry": {
				"type": "Point",
				"coordinates": [
					 139.2598,
					 37.4125
				]
			},
			"properties": {
				"name": "JA/FS-069(平石山)",
				"読み":"Hiraishiyama",
				"標高":"1031m 6pt ",
				"GL":"PM97pj",
				"市郡区":"G#07016G ",
				"登山日":"",
				"メモ":"",
				"_markerType": "Icon",
				"_iconUrl": "https://maps.gsi.go.jp/portal/sys/v4/symbols/103.png",
				"_iconSize": [
					16,
					16
				],
				"_iconAnchor": [
					8,
					8
				]
			}
		},
		{
			"type": "Feature",
			"geometry": {
				"type": "Point",
				"coordinates": [
					 139.7215,
					 37.2247
				]
			},
			"properties": {
				"name": "JA/FS-070(後山（三角点）近傍(削除予定))",
				"読み":"Near_Ushiroyama",
				"標高":"1020m 6pt ",
				"GL":"PM97uf",
				"市郡区":"G#07016H ",
				"登山日":"",
				"メモ":"",
				"_markerType": "Icon",
				"_iconUrl": "https://maps.gsi.go.jp/portal/sys/v4/symbols/103.png",
				"_iconSize": [
					16,
					16
				],
				"_iconAnchor": [
					8,
					8
				]
			}
		},
		{
			"type": "Feature",
			"geometry": {
				"type": "Point",
				"coordinates": [
					 139.8646,
					 37.3049
				]
			},
			"properties": {
				"name": "JA/FS-071(点1001(袖山(三角点)近傍))",
				"読み":"P1001",
				"標高":"1001m 6pt ",
				"GL":"PM97wh",
				"市郡区":"G#07016E ",
				"登山日":"",
				"メモ":"",
				"_markerType": "Icon",
				"_iconUrl": "https://maps.gsi.go.jp/portal/sys/v4/symbols/103.png",
				"_iconSize": [
					16,
					16
				],
				"_iconAnchor": [
					8,
					8
				]
			}
		},
		{
			"type": "Feature",
			"geometry": {
				"type": "Point",
				"coordinates": [
					 140.2787,
					 37.9785
				]
			},
			"properties": {
				"name": "JA/FS-072(龍ヶ岳)",
				"読み":"Ryugatake",
				"標高":"994m 6pt ",
				"GL":"QM07dx",
				"市郡区":"G#05006B / G#06003B / C#0701",
				"登山日":"",
				"メモ":"",
				"_markerType": "Icon",
				"_iconUrl": "https://maps.gsi.go.jp/portal/sys/v4/symbols/103.png",
				"_iconSize": [
					16,
					16
				],
				"_iconAnchor": [
					8,
					8
				]
			}
		},
		{
			"type": "Feature",
			"geometry": {
				"type": "Point",
				"coordinates": [
					 140.6163,
					 37.4835
				]
			},
			"properties": {
				"name": "JA/FS-073(移ヶ岳)",
				"読み":"Utsurigatake",
				"標高":"994m 6pt ",
				"GL":"QM07hl",
				"市郡区":"C#0717 ",
				"登山日":"",
				"メモ":"",
				"_markerType": "Icon",
				"_iconUrl": "https://maps.gsi.go.jp/portal/sys/v4/symbols/103.png",
				"_iconSize": [
					16,
					16
				],
				"_iconAnchor": [
					8,
					8
				]
			}
		},
		{
			"type": "Feature",
			"geometry": {
				"type": "Point",
				"coordinates": [
					 140.7335,
					 37.404
				]
			},
			"properties": {
				"name": "JA/FS-074(桧山)",
				"読み":"Hiyama",
				"標高":"993m 6pt ",
				"GL":"QM07ij",
				"市郡区":"C#0717 ",
				"登山日":"",
				"メモ":"",
				"_markerType": "Icon",
				"_iconUrl": "https://maps.gsi.go.jp/portal/sys/v4/symbols/103.png",
				"_iconSize": [
					16,
					16
				],
				"_iconAnchor": [
					8,
					8
				]
			}
		},
		{
			"type": "Feature",
			"geometry": {
				"type": "Point",
				"coordinates": [
					 140.3063,
					 37.8536
				]
			},
			"properties": {
				"name": "JA/FS-075(新沢山)",
				"読み":"Shinzawayama",
				"標高":"989m 6pt ",
				"GL":"QM07du",
				"市郡区":"C#0701 ",
				"登山日":"",
				"メモ":"",
				"_markerType": "Icon",
				"_iconUrl": "https://maps.gsi.go.jp/portal/sys/v4/symbols/103.png",
				"_iconSize": [
					16,
					16
				],
				"_iconAnchor": [
					8,
					8
				]
			}
		},
		{
			"type": "Feature",
			"geometry": {
				"type": "Point",
				"coordinates": [
					 140.1156,
					 37.2719
				]
			},
			"properties": {
				"name": "JA/FS-076(今坊木山(根ホキ山))",
				"読み":"Konbogiyama",
				"標高":"987m 6pt ",
				"GL":"QM07bg",
				"市郡区":"G#07005C ",
				"登山日":"",
				"メモ":"",
				"_markerType": "Icon",
				"_iconUrl": "https://maps.gsi.go.jp/portal/sys/v4/symbols/103.png",
				"_iconSize": [
					16,
					16
				],
				"_iconAnchor": [
					8,
					8
				]
			}
		},
		{
			"type": "Feature",
			"geometry": {
				"type": "Point",
				"coordinates": [
					 139.2846,
					 37.4045
				]
			},
			"properties": {
				"name": "JA/FS-077(大倉山)",
				"読み":"Ookurayama",
				"標高":"985m 6pt ",
				"GL":"PM97pj",
				"市郡区":"G#07016G ",
				"登山日":"",
				"メモ":"",
				"_markerType": "Icon",
				"_iconUrl": "https://maps.gsi.go.jp/portal/sys/v4/symbols/103.png",
				"_iconSize": [
					16,
					16
				],
				"_iconAnchor": [
					8,
					8
				]
			}
		},
		{
			"type": "Feature",
			"geometry": {
				"type": "Point",
				"coordinates": [
					 139.7822,
					 37.1658
				]
			},
			"properties": {
				"name": "JA/FS-078(須釜山)",
				"読み":"Sugamayama",
				"標高":"984m 6pt ",
				"GL":"PM97vd",
				"市郡区":"G#07016H ",
				"登山日":"",
				"メモ":"",
				"_markerType": "Icon",
				"_iconUrl": "https://maps.gsi.go.jp/portal/sys/v4/symbols/103.png",
				"_iconSize": [
					16,
					16
				],
				"_iconAnchor": [
					8,
					8
				]
			}
		},
		{
			"type": "Feature",
			"geometry": {
				"type": "Point",
				"coordinates": [
					 140.0958,
					 37.3388
				]
			},
			"properties": {
				"name": "JA/FS-079(高井原山)",
				"読み":"Takaiharayama",
				"標高":"981m 6pt ",
				"GL":"QM07bi",
				"市郡区":"C#0703 ",
				"登山日":"",
				"メモ":"",
				"_markerType": "Icon",
				"_iconUrl": "https://maps.gsi.go.jp/portal/sys/v4/symbols/103.png",
				"_iconSize": [
					16,
					16
				],
				"_iconAnchor": [
					8,
					8
				]
			}
		},
		{
			"type": "Feature",
			"geometry": {
				"type": "Point",
				"coordinates": [
					 139.6032,
					 37.5096
				]
			},
			"properties": {
				"name": "JA/FS-080(黒男山)",
				"読み":"Kurootokoyama",
				"標高":"980m 6pt ",
				"GL":"PM97tm",
				"市郡区":"G#07017G / G#07007D ",
				"登山日":"",
				"メモ":"",
				"_markerType": "Icon",
				"_iconUrl": "https://maps.gsi.go.jp/portal/sys/v4/symbols/103.png",
				"_iconSize": [
					16,
					16
				],
				"_iconAnchor": [
					8,
					8
				]
			}
		},
		{
			"type": "Feature",
			"geometry": {
				"type": "Point",
				"coordinates": [
					 139.5559,
					 37.3279
				]
			},
			"properties": {
				"name": "JA/FS-081(一の沢山近傍)",
				"読み":"Near_Ichinosawayama",
				"標高":"970m 6pt ",
				"GL":"PM97sh",
				"市郡区":"G#07016G ",
				"登山日":"",
				"メモ":"",
				"_markerType": "Icon",
				"_iconUrl": "https://maps.gsi.go.jp/portal/sys/v4/symbols/103.png",
				"_iconSize": [
					16,
					16
				],
				"_iconAnchor": [
					8,
					8
				]
			}
		},
		{
			"type": "Feature",
			"geometry": {
				"type": "Point",
				"coordinates": [
					 140.6913,
					 37.3164
				]
			},
			"properties": {
				"name": "JA/FS-082(羽山)",
				"読み":"Hayama",
				"標高":"970m 6pt ",
				"GL":"QM07ih",
				"市郡区":"C#0717 ",
				"登山日":"",
				"メモ":"",
				"_markerType": "Icon",
				"_iconUrl": "https://maps.gsi.go.jp/portal/sys/v4/symbols/103.png",
				"_iconSize": [
					16,
					16
				],
				"_iconAnchor": [
					8,
					8
				]
			}
		},
		{
			"type": "Feature",
			"geometry": {
				"type": "Point",
				"coordinates": [
					 139.4297,
					 37.3333
				]
			},
			"properties": {
				"name": "JA/FS-083(金石が鳥屋山)",
				"読み":"Kaneishigatoyasan",
				"標高":"970m 6pt ",
				"GL":"PM97rh",
				"市郡区":"G#07016G / G#07006D ",
				"登山日":"",
				"メモ":"",
				"_markerType": "Icon",
				"_iconUrl": "https://maps.gsi.go.jp/portal/sys/v4/symbols/103.png",
				"_iconSize": [
					16,
					16
				],
				"_iconAnchor": [
					8,
					8
				]
			}
		},
		{
			"type": "Feature",
			"geometry": {
				"type": "Point",
				"coordinates": [
					 140.2042,
					 37.374
				]
			},
			"properties": {
				"name": "JA/FS-084(高旗山)",
				"読み":"Takahatayama",
				"標高":"968m 6pt ",
				"GL":"QM07ci",
				"市郡区":"C#0703 ",
				"登山日":"",
				"メモ":"",
				"_markerType": "Icon",
				"_iconUrl": "https://maps.gsi.go.jp/portal/sys/v4/symbols/103.png",
				"_iconSize": [
					16,
					16
				],
				"_iconAnchor": [
					8,
					8
				]
			}
		},
		{
			"type": "Feature",
			"geometry": {
				"type": "Point",
				"coordinates": [
					 140.6889,
					 37.467
				]
			},
			"properties": {
				"name": "JA/FS-086(鎌倉岳)",
				"読み":"Kamakuradake",
				"標高":"967m 6pt ",
				"GL":"QM07il",
				"市郡区":"C#0717 ",
				"登山日":"",
				"メモ":"",
				"_markerType": "Icon",
				"_iconUrl": "https://maps.gsi.go.jp/portal/sys/v4/symbols/103.png",
				"_iconSize": [
					16,
					16
				],
				"_iconAnchor": [
					8,
					8
				]
			}
		},
		{
			"type": "Feature",
			"geometry": {
				"type": "Point",
				"coordinates": [
					 140.6892,
					 37.287
				]
			},
			"properties": {
				"name": "JA/FS-087(矢大臣山)",
				"読み":"Yadaijinyama",
				"標高":"965m 6pt ",
				"GL":"QM07ig",
				"市郡区":"C#0717 / G#07012E / C#0715",
				"登山日":"",
				"メモ":"",
				"_markerType": "Icon",
				"_iconUrl": "https://maps.gsi.go.jp/portal/sys/v4/symbols/103.png",
				"_iconSize": [
					16,
					16
				],
				"_iconAnchor": [
					8,
					8
				]
			}
		},
		{
			"type": "Feature",
			"geometry": {
				"type": "Point",
				"coordinates": [
					 139.6698,
					 37.2937
				]
			},
			"properties": {
				"name": "JA/FS-088(明王山)",
				"読み":"Myouousan",
				"標高":"964m 6pt ",
				"GL":"PM97uh",
				"市郡区":"G#07006E ",
				"登山日":"",
				"メモ":"",
				"_markerType": "Icon",
				"_iconUrl": "https://maps.gsi.go.jp/portal/sys/v4/symbols/103.png",
				"_iconSize": [
					16,
					16
				],
				"_iconAnchor": [
					8,
					8
				]
			}
		},
		{
			"type": "Feature",
			"geometry": {
				"type": "Point",
				"coordinates": [
					 140.2904,
					 37.8645
				]
			},
			"properties": {
				"name": "JA/FS-089(点964)",
				"読み":"P964",
				"標高":"964m 6pt ",
				"GL":"QM07du",
				"市郡区":"C#0701 ",
				"登山日":"",
				"メモ":"",
				"_markerType": "Icon",
				"_iconUrl": "https://maps.gsi.go.jp/portal/sys/v4/symbols/103.png",
				"_iconSize": [
					16,
					16
				],
				"_iconAnchor": [
					8,
					8
				]
			}
		},
		{
			"type": "Feature",
			"geometry": {
				"type": "Point",
				"coordinates": [
					 139.7799,
					 37.1753
				]
			},
			"properties": {
				"name": "JA/FS-090(点962)",
				"読み":"P962",
				"標高":"962m 6pt ",
				"GL":"PM97ve",
				"市郡区":"G#07016H ",
				"登山日":"",
				"メモ":"",
				"_markerType": "Icon",
				"_iconUrl": "https://maps.gsi.go.jp/portal/sys/v4/symbols/103.png",
				"_iconSize": [
					16,
					16
				],
				"_iconAnchor": [
					8,
					8
				]
			}
		},
		{
			"type": "Feature",
			"geometry": {
				"type": "Point",
				"coordinates": [
					 140.5347,
					 37.2658
				]
			},
			"properties": {
				"name": "JA/FS-092(蓬田岳)",
				"読み":"Yomogidadake",
				"標高":"952m 6pt ",
				"GL":"QM07gg",
				"市郡区":"G#07003D / C#0707 / C#0703",
				"登山日":"",
				"メモ":"",
				"_markerType": "Icon",
				"_iconUrl": "https://maps.gsi.go.jp/portal/sys/v4/symbols/103.png",
				"_iconSize": [
					16,
					16
				],
				"_iconAnchor": [
					8,
					8
				]
			}
		},
		{
			"type": "Feature",
			"geometry": {
				"type": "Point",
				"coordinates": [
					 139.5689,
					 37.5447
				]
			},
			"properties": {
				"name": "JA/FS-093(大倉山)",
				"読み":"Ookurayama",
				"標高":"950m 6pt ",
				"GL":"PM97sn",
				"市郡区":"G#07017G / G#08013E ",
				"登山日":"",
				"メモ":"",
				"_markerType": "Icon",
				"_iconUrl": "https://maps.gsi.go.jp/portal/sys/v4/symbols/103.png",
				"_iconSize": [
					16,
					16
				],
				"_iconAnchor": [
					8,
					8
				]
			}
		},
		{
			"type": "Feature",
			"geometry": {
				"type": "Point",
				"coordinates": [
					 139.7271,
					 37.7364
				]
			},
			"properties": {
				"name": "JA/FS-094(鳥屋森山)",
				"読み":"Toyamorisan",
				"標高":"950m 6pt ",
				"GL":"PM97ur",
				"市郡区":"G#07017G / C#0708 ",
				"登山日":"",
				"メモ":"",
				"_markerType": "Icon",
				"_iconUrl": "https://maps.gsi.go.jp/portal/sys/v4/symbols/103.png",
				"_iconSize": [
					16,
					16
				],
				"_iconAnchor": [
					8,
					8
				]
			}
		},
		{
			"type": "Feature",
			"geometry": {
				"type": "Point",
				"coordinates": [
					 139.5367,
					 37.3922
				]
			},
			"properties": {
				"name": "JA/FS-095(大妻山)",
				"読み":"Ootsumayama",
				"標高":"943m 6pt ",
				"GL":"PM97sj",
				"市郡区":"G#07006D / G#07006E ",
				"登山日":"",
				"メモ":"",
				"_markerType": "Icon",
				"_iconUrl": "https://maps.gsi.go.jp/portal/sys/v4/symbols/103.png",
				"_iconSize": [
					16,
					16
				],
				"_iconAnchor": [
					8,
					8
				]
			}
		},
		{
			"type": "Feature",
			"geometry": {
				"type": "Point",
				"coordinates": [
					 139.9214,
					 37.2969
				]
			},
			"properties": {
				"name": "JA/FS-096(前山)",
				"読み":"Maeyama",
				"標高":"941m 6pt ",
				"GL":"PM97xh",
				"市郡区":"G#07016E ",
				"登山日":"",
				"メモ":"",
				"_markerType": "Icon",
				"_iconUrl": "https://maps.gsi.go.jp/portal/sys/v4/symbols/103.png",
				"_iconSize": [
					16,
					16
				],
				"_iconAnchor": [
					8,
					8
				]
			}
		},
		{
			"type": "Feature",
			"geometry": {
				"type": "Point",
				"coordinates": [
					 139.5753,
					 37.3836
				]
			},
			"properties": {
				"name": "JA/FS-097(三松山近傍)",
				"読み":"Mimatsuyama",
				"標高":"927m 6pt ",
				"GL":"PM97sj",
				"市郡区":"G#07006E ",
				"登山日":"",
				"メモ":"",
				"_markerType": "Icon",
				"_iconUrl": "https://maps.gsi.go.jp/portal/sys/v4/symbols/103.png",
				"_iconSize": [
					16,
					16
				],
				"_iconAnchor": [
					8,
					8
				]
			}
		},
		{
			"type": "Feature",
			"geometry": {
				"type": "Point",
				"coordinates": [
					 140.3176,
					 36.9133
				]
			},
			"properties": {
				"name": "JA/FS-098(高笹山)",
				"読み":"Takazasayama",
				"標高":"922m 6pt ",
				"GL":"QM06dv",
				"市郡区":"G#07014E / G#14004D ",
				"登山日":"",
				"メモ":"",
				"_markerType": "Icon",
				"_iconUrl": "https://maps.gsi.go.jp/portal/sys/v4/symbols/103.png",
				"_iconSize": [
					16,
					16
				],
				"_iconAnchor": [
					8,
					8
				]
			}
		},
		{
			"type": "Feature",
			"geometry": {
				"type": "Point",
				"coordinates": [
					 139.4645,
					 37.4758
				]
			},
			"properties": {
				"name": "JA/FS-099(倉前山)",
				"読み":"Kuramaeyama",
				"標高":"922m 6pt ",
				"GL":"PM97rl",
				"市郡区":"G#07006D ",
				"登山日":"",
				"メモ":"",
				"_markerType": "Icon",
				"_iconUrl": "https://maps.gsi.go.jp/portal/sys/v4/symbols/103.png",
				"_iconSize": [
					16,
					16
				],
				"_iconAnchor": [
					8,
					8
				]
			}
		},
		{
			"type": "Feature",
			"geometry": {
				"type": "Point",
				"coordinates": [
					 140.696,
					 37.5015
				]
			},
			"properties": {
				"name": "JA/FS-100(竜子山)",
				"読み":"Tatsugoyama",
				"標高":"921m 6pt ",
				"GL":"QM07im",
				"市郡区":"G#07015E / C#0717 ",
				"登山日":"",
				"メモ":"",
				"_markerType": "Icon",
				"_iconUrl": "https://maps.gsi.go.jp/portal/sys/v4/symbols/103.png",
				"_iconSize": [
					16,
					16
				],
				"_iconAnchor": [
					8,
					8
				]
			}
		},
		{
			"type": "Feature",
			"geometry": {
				"type": "Point",
				"coordinates": [
					 140.6682,
					 37.6533
				]
			},
			"properties": {
				"name": "JA/FS-101(花塚山)",
				"読み":"Hanazukayama",
				"標高":"919m 6pt ",
				"GL":"QM07ip",
				"市郡区":"G#07011H / G#07010B ",
				"登山日":"",
				"メモ":"",
				"_markerType": "Icon",
				"_iconUrl": "https://maps.gsi.go.jp/portal/sys/v4/symbols/103.png",
				"_iconSize": [
					16,
					16
				],
				"_iconAnchor": [
					8,
					8
				]
			}
		},
		{
			"type": "Feature",
			"geometry": {
				"type": "Point",
				"coordinates": [
					 139.6866,
					 37.4025
				]
			},
			"properties": {
				"name": "JA/FS-102(石喰山)",
				"読み":"Ishikuiyama",
				"標高":"915m 6pt ",
				"GL":"PM97uj",
				"市郡区":"G#07007D ",
				"登山日":"",
				"メモ":"",
				"_markerType": "Icon",
				"_iconUrl": "https://maps.gsi.go.jp/portal/sys/v4/symbols/103.png",
				"_iconSize": [
					16,
					16
				],
				"_iconAnchor": [
					8,
					8
				]
			}
		},
		{
			"type": "Feature",
			"geometry": {
				"type": "Point",
				"coordinates": [
					 139.3941,
					 37.3568
				]
			},
			"properties": {
				"name": "JA/FS-103(汝倉山近傍)",
				"読み":"Near_Nanjikurayama",
				"標高":"910m 6pt ",
				"GL":"PM97qi",
				"市郡区":"G#07016G / G#07006D ",
				"登山日":"",
				"メモ":"",
				"_markerType": "Icon",
				"_iconUrl": "https://maps.gsi.go.jp/portal/sys/v4/symbols/103.png",
				"_iconSize": [
					16,
					16
				],
				"_iconAnchor": [
					8,
					8
				]
			}
		},
		{
			"type": "Feature",
			"geometry": {
				"type": "Point",
				"coordinates": [
					 139.3033,
					 37.3873
				]
			},
			"properties": {
				"name": "JA/FS-104(苧巻岳)",
				"読み":"Omakidake",
				"標高":"910m 6pt ",
				"GL":"PM97pj",
				"市郡区":"G#07016G ",
				"登山日":"",
				"メモ":"",
				"_markerType": "Icon",
				"_iconUrl": "https://maps.gsi.go.jp/portal/sys/v4/symbols/103.png",
				"_iconSize": [
					16,
					16
				],
				"_iconAnchor": [
					8,
					8
				]
			}
		},
		{
			"type": "Feature",
			"geometry": {
				"type": "Point",
				"coordinates": [
					 140.4793,
					 37.9058
				]
			},
			"properties": {
				"name": "JA/FS-105(萬歳楽山)",
				"読み":"Manzairakusan",
				"標高":"910m 6pt ",
				"GL":"QM07fv",
				"市郡区":"C#0701 / C#0606 ",
				"登山日":"",
				"メモ":"",
				"_markerType": "Icon",
				"_iconUrl": "https://maps.gsi.go.jp/portal/sys/v4/symbols/103.png",
				"_iconSize": [
					16,
					16
				],
				"_iconAnchor": [
					8,
					8
				]
			}
		},
		{
			"type": "Feature",
			"geometry": {
				"type": "Point",
				"coordinates": [
					 139.5002,
					 37.4079
				]
			},
			"properties": {
				"name": "JA/FS-107(深入山)",
				"読み":"Fukairiyama",
				"標高":"898m 6pt ",
				"GL":"PM97sj",
				"市郡区":"G#07006D ",
				"登山日":"",
				"メモ":"",
				"_markerType": "Icon",
				"_iconUrl": "https://maps.gsi.go.jp/portal/sys/v4/symbols/103.png",
				"_iconSize": [
					16,
					16
				],
				"_iconAnchor": [
					8,
					8
				]
			}
		},
		{
			"type": "Feature",
			"geometry": {
				"type": "Point",
				"coordinates": [
					 140.6241,
					 37.5628
				]
			},
			"properties": {
				"name": "JA/FS-108(麓山)",
				"読み":"Hayama",
				"標高":"897m 6pt ",
				"GL":"QM07hn",
				"市郡区":"C#0714 ",
				"登山日":"",
				"メモ":"",
				"_markerType": "Icon",
				"_iconUrl": "https://maps.gsi.go.jp/portal/sys/v4/symbols/103.png",
				"_iconSize": [
					16,
					16
				],
				"_iconAnchor": [
					8,
					8
				]
			}
		},
		{
			"type": "Feature",
			"geometry": {
				"type": "Point",
				"coordinates": [
					 140.3821,
					 37.8864
				]
			},
			"properties": {
				"name": "JA/FS-109(三ツ森)",
				"読み":"Mitsumori",
				"標高":"897m 6pt ",
				"GL":"QM07ev",
				"市郡区":"C#0701 ",
				"登山日":"",
				"メモ":"",
				"_markerType": "Icon",
				"_iconUrl": "https://maps.gsi.go.jp/portal/sys/v4/symbols/103.png",
				"_iconSize": [
					16,
					16
				],
				"_iconAnchor": [
					8,
					8
				]
			}
		},
		{
			"type": "Feature",
			"geometry": {
				"type": "Point",
				"coordinates": [
					 140.734,
					 37.2812
				]
			},
			"properties": {
				"name": "JA/FS-110(鬼ヶ城山)",
				"読み":"Onigajyouyama",
				"標高":"892m 6pt ",
				"GL":"QM07ig",
				"市郡区":"C#0715 ",
				"登山日":"",
				"メモ":"",
				"_markerType": "Icon",
				"_iconUrl": "https://maps.gsi.go.jp/portal/sys/v4/symbols/103.png",
				"_iconSize": [
					16,
					16
				],
				"_iconAnchor": [
					8,
					8
				]
			}
		},
		{
			"type": "Feature",
			"geometry": {
				"type": "Point",
				"coordinates": [
					 140.5818,
					 37.3545
				]
			},
			"properties": {
				"name": "JA/FS-111(高柴山)",
				"読み":"Takashibayama",
				"標高":"884m 6pt ",
				"GL":"QM07gi",
				"市郡区":"C#0717 / G#07012E ",
				"登山日":"",
				"メモ":"",
				"_markerType": "Icon",
				"_iconUrl": "https://maps.gsi.go.jp/portal/sys/v4/symbols/103.png",
				"_iconSize": [
					16,
					16
				],
				"_iconAnchor": [
					8,
					8
				]
			}
		},
		{
			"type": "Feature",
			"geometry": {
				"type": "Point",
				"coordinates": [
					 140.7455,
					 37.4842
				]
			},
			"properties": {
				"name": "JA/FS-112(五十人山)",
				"読み":"Gojyuninyama",
				"標高":"883m 6pt ",
				"GL":"QM07il",
				"市郡区":"C#0717 ",
				"登山日":"",
				"メモ":"",
				"_markerType": "Icon",
				"_iconUrl": "https://maps.gsi.go.jp/portal/sys/v4/symbols/103.png",
				"_iconSize": [
					16,
					16
				],
				"_iconAnchor": [
					8,
					8
				]
			}
		},
		{
			"type": "Feature",
			"geometry": {
				"type": "Point",
				"coordinates": [
					 140.5724,
					 37.3181
				]
			},
			"properties": {
				"name": "JA/FS-113(日影山)",
				"読み":"Hikageyama",
				"標高":"879m 6pt ",
				"GL":"QM07gh",
				"市郡区":"G#07012E ",
				"登山日":"",
				"メモ":"",
				"_markerType": "Icon",
				"_iconUrl": "https://maps.gsi.go.jp/portal/sys/v4/symbols/103.png",
				"_iconSize": [
					16,
					16
				],
				"_iconAnchor": [
					8,
					8
				]
			}
		},
		{
			"type": "Feature",
			"geometry": {
				"type": "Point",
				"coordinates": [
					 140.8674,
					 37.2106
				]
			},
			"properties": {
				"name": "JA/FS-114(屹兎屋山)",
				"読み":"Kittoyasan",
				"標高":"875m 6pt ",
				"GL":"QM07kf",
				"市郡区":"C#0715 ",
				"登山日":"",
				"メモ":"",
				"_markerType": "Icon",
				"_iconUrl": "https://maps.gsi.go.jp/portal/sys/v4/symbols/103.png",
				"_iconSize": [
					16,
					16
				],
				"_iconAnchor": [
					8,
					8
				]
			}
		},
		{
			"type": "Feature",
			"geometry": {
				"type": "Point",
				"coordinates": [
					 140.3413,
					 36.9469
				]
			},
			"properties": {
				"name": "JA/FS-115(大笹山)",
				"読み":"Oosasayama",
				"標高":"875m 6pt ",
				"GL":"QM06ew",
				"市郡区":"G#07014C / G#07014D ",
				"登山日":"",
				"メモ":"",
				"_markerType": "Icon",
				"_iconUrl": "https://maps.gsi.go.jp/portal/sys/v4/symbols/103.png",
				"_iconSize": [
					16,
					16
				],
				"_iconAnchor": [
					8,
					8
				]
			}
		},
		{
			"type": "Feature",
			"geometry": {
				"type": "Point",
				"coordinates": [
					 139.9733,
					 37.3765
				]
			},
			"properties": {
				"name": "JA/FS-116(思案岳)",
				"読み":"Shiandake",
				"標高":"874m 6pt ",
				"GL":"PM97xj",
				"市郡区":"C#0702 ",
				"登山日":"",
				"メモ":"",
				"_markerType": "Icon",
				"_iconUrl": "https://maps.gsi.go.jp/portal/sys/v4/symbols/103.png",
				"_iconSize": [
					16,
					16
				],
				"_iconAnchor": [
					8,
					8
				]
			}
		},
		{
			"type": "Feature",
			"geometry": {
				"type": "Point",
				"coordinates": [
					 139.3352,
					 37.3619
				]
			},
			"properties": {
				"name": "JA/FS-117(柴倉山)",
				"読み":"Shibakurayama",
				"標高":"871m 6pt ",
				"GL":"PM97qi",
				"市郡区":"G#07016G ",
				"登山日":"",
				"メモ":"",
				"_markerType": "Icon",
				"_iconUrl": "https://maps.gsi.go.jp/portal/sys/v4/symbols/103.png",
				"_iconSize": [
					16,
					16
				],
				"_iconAnchor": [
					8,
					8
				]
			}
		},
		{
			"type": "Feature",
			"geometry": {
				"type": "Point",
				"coordinates": [
					 140.4209,
					 37.9603
				]
			},
			"properties": {
				"name": "JA/FS-118(日向山近傍)",
				"読み":"Near_Hyugayama",
				"標高":"865m 6pt ",
				"GL":"QM07fx",
				"市郡区":"C#0701 / G#06003B ",
				"登山日":"",
				"メモ":"",
				"_markerType": "Icon",
				"_iconUrl": "https://maps.gsi.go.jp/portal/sys/v4/symbols/103.png",
				"_iconSize": [
					16,
					16
				],
				"_iconAnchor": [
					8,
					8
				]
			}
		},
		{
			"type": "Feature",
			"geometry": {
				"type": "Point",
				"coordinates": [
					 140.7222,
					 37.6223
				]
			},
			"properties": {
				"name": "JA/FS-119(戦山)",
				"読み":"Tatakaiyama",
				"標高":"863m 6pt ",
				"GL":"QM07io",
				"市郡区":"G#07010B ",
				"登山日":"",
				"メモ":"",
				"_markerType": "Icon",
				"_iconUrl": "https://maps.gsi.go.jp/portal/sys/v4/symbols/103.png",
				"_iconSize": [
					16,
					16
				],
				"_iconAnchor": [
					8,
					8
				]
			}
		},
		{
			"type": "Feature",
			"geometry": {
				"type": "Point",
				"coordinates": [
					 140.5432,
					 37.3253
				]
			},
			"properties": {
				"name": "JA/FS-120(一盃山近傍)",
				"読み":"Near_Ippaisan",
				"標高":"860m 6pt ",
				"GL":"QM07gh",
				"市郡区":"C#0703 / G#07012E ",
				"登山日":"",
				"メモ":"",
				"_markerType": "Icon",
				"_iconUrl": "https://maps.gsi.go.jp/portal/sys/v4/symbols/103.png",
				"_iconSize": [
					16,
					16
				],
				"_iconAnchor": [
					8,
					8
				]
			}
		},
		{
			"type": "Feature",
			"geometry": {
				"type": "Point",
				"coordinates": [
					 140.6096,
					 37.6113
				]
			},
			"properties": {
				"name": "JA/FS-121(口太山)",
				"読み":"Kuchibutoyama",
				"標高":"843m 4pt ",
				"GL":"QM07ho",
				"市郡区":"C#0714 / G#07011H ",
				"登山日":"",
				"メモ":"",
				"_markerType": "Icon",
				"_iconUrl": "https://maps.gsi.go.jp/portal/sys/v4/symbols/828.png",
				"_iconSize": [
					16,
					16
				],
				"_iconAnchor": [
					8,
					8
				]
			}
		},
		{
			"type": "Feature",
			"geometry": {
				"type": "Point",
				"coordinates": [
					 140.5926,
					 37.0176
				]
			},
			"properties": {
				"name": "JA/FS-122(三株山)",
				"読み":"Mikabuyama",
				"標高":"842m 4pt ",
				"GL":"QM07ha",
				"市郡区":"G#07003E ",
				"登山日":"",
				"メモ":"",
				"_markerType": "Icon",
				"_iconUrl": "https://maps.gsi.go.jp/portal/sys/v4/symbols/828.png",
				"_iconSize": [
					16,
					16
				],
				"_iconAnchor": [
					8,
					8
				]
			}
		},
		{
			"type": "Feature",
			"geometry": {
				"type": "Point",
				"coordinates": [
					 139.5662,
					 37.4446
				]
			},
			"properties": {
				"name": "JA/FS-123(前山)",
				"読み":"Maeyama",
				"標高":"835m 4pt ",
				"GL":"PM97sk",
				"市郡区":"G#07006D ",
				"登山日":"",
				"メモ":"",
				"_markerType": "Icon",
				"_iconUrl": "https://maps.gsi.go.jp/portal/sys/v4/symbols/828.png",
				"_iconSize": [
					16,
					16
				],
				"_iconAnchor": [
					8,
					8
				]
			}
		},
		{
			"type": "Feature",
			"geometry": {
				"type": "Point",
				"coordinates": [
					 139.6155,
					 37.4716
				]
			},
			"properties": {
				"name": "JA/FS-124(三坂山)",
				"読み":"Misakayama",
				"標高":"832m 4pt ",
				"GL":"PM97tl",
				"市郡区":"G#07006F ",
				"登山日":"",
				"メモ":"",
				"_markerType": "Icon",
				"_iconUrl": "https://maps.gsi.go.jp/portal/sys/v4/symbols/828.png",
				"_iconSize": [
					16,
					16
				],
				"_iconAnchor": [
					8,
					8
				]
			}
		},
		{
			"type": "Feature",
			"geometry": {
				"type": "Point",
				"coordinates": [
					 140.6658,
					 37.4758
				]
			},
			"properties": {
				"name": "JA/FS-125(殿上山近傍)",
				"読み":"Near_Denjyoyama",
				"標高":"830m 4pt ",
				"GL":"QM07hl",
				"市郡区":"C#0717 ",
				"登山日":"",
				"メモ":"",
				"_markerType": "Icon",
				"_iconUrl": "https://maps.gsi.go.jp/portal/sys/v4/symbols/828.png",
				"_iconSize": [
					16,
					16
				],
				"_iconAnchor": [
					8,
					8
				]
			}
		},
		{
			"type": "Feature",
			"geometry": {
				"type": "Point",
				"coordinates": [
					 140.6872,
					 37.7687
				]
			},
			"properties": {
				"name": "JA/FS-126(霊山)",
				"読み":"Ryouzen",
				"標高":"825m 4pt ",
				"GL":"QM07is",
				"市郡区":"C#0719 / C#0711 ",
				"登山日":"",
				"メモ":"",
				"_markerType": "Icon",
				"_iconUrl": "https://maps.gsi.go.jp/portal/sys/v4/symbols/828.png",
				"_iconSize": [
					16,
					16
				],
				"_iconAnchor": [
					8,
					8
				]
			}
		},
		{
			"type": "Feature",
			"geometry": {
				"type": "Point",
				"coordinates": [
					 140.713,
					 37.5726
				]
			},
			"properties": {
				"name": "JA/FS-127(白馬石山)",
				"読み":"Shiramaishiyama",
				"標高":"821m 4pt ",
				"GL":"QM07in",
				"市郡区":"G#07015G / G#07011H ",
				"登山日":"",
				"メモ":"",
				"_markerType": "Icon",
				"_iconUrl": "https://maps.gsi.go.jp/portal/sys/v4/symbols/828.png",
				"_iconSize": [
					16,
					16
				],
				"_iconAnchor": [
					8,
					8
				]
			}
		},
		{
			"type": "Feature",
			"geometry": {
				"type": "Point",
				"coordinates": [
					 139.9554,
					 37.4386
				]
			},
			"properties": {
				"name": "JA/FS-128(吹矢山)",
				"読み":"Fukiyayama",
				"標高":"820m 4pt ",
				"GL":"PM97xk",
				"市郡区":"C#0702 ",
				"登山日":"",
				"メモ":"",
				"_markerType": "Icon",
				"_iconUrl": "https://maps.gsi.go.jp/portal/sys/v4/symbols/828.png",
				"_iconSize": [
					16,
					16
				],
				"_iconAnchor": [
					8,
					8
				]
			}
		},
		{
			"type": "Feature",
			"geometry": {
				"type": "Point",
				"coordinates": [
					 140.6127,
					 37.158
				]
			},
			"properties": {
				"name": "JA/FS-129(芝山)",
				"読み":"Shibayama",
				"標高":"819m 4pt ",
				"GL":"QM07hd",
				"市郡区":"C#0715 / G#07003D / G#07003E",
				"登山日":"",
				"メモ":"",
				"_markerType": "Icon",
				"_iconUrl": "https://maps.gsi.go.jp/portal/sys/v4/symbols/828.png",
				"_iconSize": [
					16,
					16
				],
				"_iconAnchor": [
					8,
					8
				]
			}
		},
		{
			"type": "Feature",
			"geometry": {
				"type": "Point",
				"coordinates": [
					 139.558,
					 37.4605
				]
			},
			"properties": {
				"name": "JA/FS-130(惣山)",
				"読み":"Souyama",
				"標高":"816m 4pt ",
				"GL":"PM97sl",
				"市郡区":"G#07006D ",
				"登山日":"",
				"メモ":"",
				"_markerType": "Icon",
				"_iconUrl": "https://maps.gsi.go.jp/portal/sys/v4/symbols/828.png",
				"_iconSize": [
					16,
					16
				],
				"_iconAnchor": [
					8,
					8
				]
			}
		},
		{
			"type": "Feature",
			"geometry": {
				"type": "Point",
				"coordinates": [
					 140.8112,
					 37.2235
				]
			},
			"properties": {
				"name": "JA/FS-131(神楽山)",
				"読み":"Kagurayama",
				"標高":"808m 4pt ",
				"GL":"QM07jf",
				"市郡区":"C#0715 ",
				"登山日":"",
				"メモ":"",
				"_markerType": "Icon",
				"_iconUrl": "https://maps.gsi.go.jp/portal/sys/v4/symbols/828.png",
				"_iconSize": [
					16,
					16
				],
				"_iconAnchor": [
					8,
					8
				]
			}
		},
		{
			"type": "Feature",
			"geometry": {
				"type": "Point",
				"coordinates": [
					 140.5831,
					 36.9614
				]
			},
			"properties": {
				"name": "JA/FS-132(朝日山近傍)",
				"読み":"Near_Asahiyama",
				"標高":"800m 4pt ",
				"GL":"QM06hx",
				"市郡区":"C#0715 / G#07014A ",
				"登山日":"",
				"メモ":"",
				"_markerType": "Icon",
				"_iconUrl": "https://maps.gsi.go.jp/portal/sys/v4/symbols/828.png",
				"_iconSize": [
					16,
					16
				],
				"_iconAnchor": [
					8,
					8
				]
			}
		},
		{
			"type": "Feature",
			"geometry": {
				"type": "Point",
				"coordinates": [
					 140.2989,
					 37.539
				]
			},
			"properties": {
				"name": "JA/FS-133(守谷山)",
				"読み":"Moriyayama",
				"標高":"795m 4pt ",
				"GL":"QM07dm",
				"市郡区":"G#07002D / C#0703 ",
				"登山日":"",
				"メモ":"",
				"_markerType": "Icon",
				"_iconUrl": "https://maps.gsi.go.jp/portal/sys/v4/symbols/828.png",
				"_iconSize": [
					16,
					16
				],
				"_iconAnchor": [
					8,
					8
				]
			}
		},
		{
			"type": "Feature",
			"geometry": {
				"type": "Point",
				"coordinates": [
					 140.8499,
					 37.3714
				]
			},
			"properties": {
				"name": "JA/FS-134(大鷹鳥谷)",
				"読み":"Ootakadoya",
				"標高":"794m 4pt ",
				"GL":"QM07ki",
				"市郡区":"G#07015F / C#0717 ",
				"登山日":"",
				"メモ":"",
				"_markerType": "Icon",
				"_iconUrl": "https://maps.gsi.go.jp/portal/sys/v4/symbols/828.png",
				"_iconSize": [
					16,
					16
				],
				"_iconAnchor": [
					8,
					8
				]
			}
		},
		{
			"type": "Feature",
			"geometry": {
				"type": "Point",
				"coordinates": [
					 139.6858,
					 37.529
				]
			},
			"properties": {
				"name": "JA/FS-135(飯谷山)",
				"読み":"Iitaniyama",
				"標高":"783m 4pt ",
				"GL":"PM97um",
				"市郡区":"G#07017G / G#07007D ",
				"登山日":"",
				"メモ":"",
				"_markerType": "Icon",
				"_iconUrl": "https://maps.gsi.go.jp/portal/sys/v4/symbols/828.png",
				"_iconSize": [
					16,
					16
				],
				"_iconAnchor": [
					8,
					8
				]
			}
		},
		{
			"type": "Feature",
			"geometry": {
				"type": "Point",
				"coordinates": [
					 140.7137,
					 37.1003
				]
			},
			"properties": {
				"name": "JA/FS-136(二本川(三角点))",
				"読み":"Nihongawa",
				"標高":"781m 4pt ",
				"GL":"QM07ic",
				"市郡区":"C#0715 ",
				"登山日":"",
				"メモ":"",
				"_markerType": "Icon",
				"_iconUrl": "https://maps.gsi.go.jp/portal/sys/v4/symbols/828.png",
				"_iconSize": [
					16,
					16
				],
				"_iconAnchor": [
					8,
					8
				]
			}
		},
		{
			"type": "Feature",
			"geometry": {
				"type": "Point",
				"coordinates": [
					 140.2186,
					 37.3503
				]
			},
			"properties": {
				"name": "JA/FS-137(妙見山)",
				"読み":"Myoukenyama",
				"標高":"777m 4pt ",
				"GL":"QM07ci",
				"市郡区":"C#0707 / C#0703 ",
				"登山日":"",
				"メモ":"",
				"_markerType": "Icon",
				"_iconUrl": "https://maps.gsi.go.jp/portal/sys/v4/symbols/828.png",
				"_iconSize": [
					16,
					16
				],
				"_iconAnchor": [
					8,
					8
				]
			}
		},
		{
			"type": "Feature",
			"geometry": {
				"type": "Point",
				"coordinates": [
					 140.2848,
					 37.5229
				]
			},
			"properties": {
				"name": "JA/FS-138(鶯段)",
				"読み":"Uguisudan",
				"標高":"760m 4pt ",
				"GL":"QM07dm",
				"市郡区":"C#0703 ",
				"登山日":"",
				"メモ":"",
				"_markerType": "Icon",
				"_iconUrl": "https://maps.gsi.go.jp/portal/sys/v4/symbols/828.png",
				"_iconSize": [
					16,
					16
				],
				"_iconAnchor": [
					8,
					8
				]
			}
		},
		{
			"type": "Feature",
			"geometry": {
				"type": "Point",
				"coordinates": [
					 140.8719,
					 37.3013
				]
			},
			"properties": {
				"name": "JA/FS-139(鬼太郎山)",
				"読み":"Kitarouyama",
				"標高":"750m 4pt ",
				"GL":"QM07kh",
				"市郡区":"G#07015F ",
				"登山日":"",
				"メモ":"",
				"_markerType": "Icon",
				"_iconUrl": "https://maps.gsi.go.jp/portal/sys/v4/symbols/828.png",
				"_iconSize": [
					16,
					16
				],
				"_iconAnchor": [
					8,
					8
				]
			}
		},
		{
			"type": "Feature",
			"geometry": {
				"type": "Point",
				"coordinates": [
					 140.7978,
					 37.1095
				]
			},
			"properties": {
				"name": "JA/FS-140(水石山)",
				"読み":"Mizuishiyama",
				"標高":"735m 4pt ",
				"GL":"QM07jc",
				"市郡区":"C#0715 ",
				"登山日":"",
				"メモ":"",
				"_markerType": "Icon",
				"_iconUrl": "https://maps.gsi.go.jp/portal/sys/v4/symbols/828.png",
				"_iconSize": [
					16,
					16
				],
				"_iconAnchor": [
					8,
					8
				]
			}
		},
		{
			"type": "Feature",
			"geometry": {
				"type": "Point",
				"coordinates": [
					 139.6838,
					 37.4574
				]
			},
			"properties": {
				"name": "JA/FS-141(湯の岳)",
				"読み":"Yunotake",
				"標高":"729m 4pt ",
				"GL":"PM97uk",
				"市郡区":"G#07007D / G#07006F ",
				"登山日":"",
				"メモ":"",
				"_markerType": "Icon",
				"_iconUrl": "https://maps.gsi.go.jp/portal/sys/v4/symbols/828.png",
				"_iconSize": [
					16,
					16
				],
				"_iconAnchor": [
					8,
					8
				]
			}
		},
		{
			"type": "Feature",
			"geometry": {
				"type": "Point",
				"coordinates": [
					 140.8031,
					 37.5958
				]
			},
			"properties": {
				"name": "JA/FS-142(小太夫山)",
				"読み":"Kotayuuyama",
				"標高":"722m 4pt ",
				"GL":"QM07jo",
				"市郡区":"G#07010B / G#07015G ",
				"登山日":"",
				"メモ":"",
				"_markerType": "Icon",
				"_iconUrl": "https://maps.gsi.go.jp/portal/sys/v4/symbols/828.png",
				"_iconSize": [
					16,
					16
				],
				"_iconAnchor": [
					8,
					8
				]
			}
		},
		{
			"type": "Feature",
			"geometry": {
				"type": "Point",
				"coordinates": [
					 140.5684,
					 37.4265
				]
			},
			"properties": {
				"name": "JA/FS-143(片曽根山)",
				"読み":"Katasoneyama",
				"標高":"719m 4pt ",
				"GL":"QM07gk",
				"市郡区":"C#0717 ",
				"登山日":"",
				"メモ":"",
				"_markerType": "Icon",
				"_iconUrl": "https://maps.gsi.go.jp/portal/sys/v4/symbols/828.png",
				"_iconSize": [
					16,
					16
				],
				"_iconAnchor": [
					8,
					8
				]
			}
		},
		{
			"type": "Feature",
			"geometry": {
				"type": "Point",
				"coordinates": [
					 140.5923,
					 37.2558
				]
			},
			"properties": {
				"name": "JA/FS-144(十石山)",
				"読み":"Jyukkokuyama",
				"標高":"718m 4pt ",
				"GL":"QM07hg",
				"市郡区":"G#07003D / G#07012E ",
				"登山日":"",
				"メモ":"",
				"_markerType": "Icon",
				"_iconUrl": "https://maps.gsi.go.jp/portal/sys/v4/symbols/828.png",
				"_iconSize": [
					16,
					16
				],
				"_iconAnchor": [
					8,
					8
				]
			}
		},
		{
			"type": "Feature",
			"geometry": {
				"type": "Point",
				"coordinates": [
					 140.6003,
					 37.5895
				]
			},
			"properties": {
				"name": "JA/FS-145(白猪森)",
				"読み":"Shirainomori",
				"標高":"714m 4pt ",
				"GL":"QM07ho",
				"市郡区":"C#0714 ",
				"登山日":"",
				"メモ":"",
				"_markerType": "Icon",
				"_iconUrl": "https://maps.gsi.go.jp/portal/sys/v4/symbols/828.png",
				"_iconSize": [
					16,
					16
				],
				"_iconAnchor": [
					8,
					8
				]
			}
		},
		{
			"type": "Feature",
			"geometry": {
				"type": "Point",
				"coordinates": [
					 140.8362,
					 37.4912
				]
			},
			"properties": {
				"name": "JA/FS-146(小丸(三角点))",
				"読み":"Omaru",
				"標高":"713m 4pt ",
				"GL":"QM07kl",
				"市郡区":"G#07015E / G#07015G ",
				"登山日":"",
				"メモ":"",
				"_markerType": "Icon",
				"_iconUrl": "https://maps.gsi.go.jp/portal/sys/v4/symbols/828.png",
				"_iconSize": [
					16,
					16
				],
				"_iconAnchor": [
					8,
					8
				]
			}
		},
		{
			"type": "Feature",
			"geometry": {
				"type": "Point",
				"coordinates": [
					 140.7538,
					 37.6636
				]
			},
			"properties": {
				"name": "JA/FS-147(矢岳山)",
				"読み":"Yadakeyama",
				"標高":"707m 4pt ",
				"GL":"QM07jp",
				"市郡区":"G#07010B ",
				"登山日":"",
				"メモ":"",
				"_markerType": "Icon",
				"_iconUrl": "https://maps.gsi.go.jp/portal/sys/v4/symbols/828.png",
				"_iconSize": [
					16,
					16
				],
				"_iconAnchor": [
					8,
					8
				]
			}
		},
		{
			"type": "Feature",
			"geometry": {
				"type": "Point",
				"coordinates": [
					 140.6938,
					 37.742
				]
			},
			"properties": {
				"name": "JA/FS-148(虎捕山(佐須山))",
				"読み":"Toratoriyama",
				"標高":"706m 4pt ",
				"GL":"QM07ir",
				"市郡区":"G#07010B / C#0719 ",
				"登山日":"",
				"メモ":"",
				"_markerType": "Icon",
				"_iconUrl": "https://maps.gsi.go.jp/portal/sys/v4/symbols/828.png",
				"_iconSize": [
					16,
					16
				],
				"_iconAnchor": [
					8,
					8
				]
			}
		},
		{
			"type": "Feature",
			"geometry": {
				"type": "Point",
				"coordinates": [
					 139.5466,
					 37.6259
				]
			},
			"properties": {
				"name": "JA/FS-149(土埋山)",
				"読み":"Tsuchiuzumiyama",
				"標高":"697m 4pt ",
				"GL":"PM97sp",
				"市郡区":"G#07017G / G#08013E ",
				"登山日":"",
				"メモ":"",
				"_markerType": "Icon",
				"_iconUrl": "https://maps.gsi.go.jp/portal/sys/v4/symbols/828.png",
				"_iconSize": [
					16,
					16
				],
				"_iconAnchor": [
					8,
					8
				]
			}
		},
		{
			"type": "Feature",
			"geometry": {
				"type": "Point",
				"coordinates": [
					 140.7051,
					 37.7124
				]
			},
			"properties": {
				"name": "JA/FS-150(明神岳)",
				"読み":"Myoujindake",
				"標高":"679m 4pt ",
				"GL":"QM07ir",
				"市郡区":"G#07010B ",
				"登山日":"",
				"メモ":"",
				"_markerType": "Icon",
				"_iconUrl": "https://maps.gsi.go.jp/portal/sys/v4/symbols/828.png",
				"_iconSize": [
					16,
					16
				],
				"_iconAnchor": [
					8,
					8
				]
			}
		},
		{
			"type": "Feature",
			"geometry": {
				"type": "Point",
				"coordinates": [
					 140.4692,
					 37.297
				]
			},
			"properties": {
				"name": "JA/FS-151(宇津峰山)",
				"読み":"Utsuminesan",
				"標高":"677m 4pt ",
				"GL":"QM07fh",
				"市郡区":"C#0707 / C#0703 ",
				"登山日":"",
				"メモ":"",
				"_markerType": "Icon",
				"_iconUrl": "https://maps.gsi.go.jp/portal/sys/v4/symbols/828.png",
				"_iconSize": [
					16,
					16
				],
				"_iconAnchor": [
					8,
					8
				]
			}
		},
		{
			"type": "Feature",
			"geometry": {
				"type": "Point",
				"coordinates": [
					 140.7932,
					 37.8005
				]
			},
			"properties": {
				"name": "JA/FS-152(手倉山)",
				"読み":"Tekurayama",
				"標高":"672m 4pt ",
				"GL":"QM07jt",
				"市郡区":"C#0711 / G#06001A ",
				"登山日":"",
				"メモ":"",
				"_markerType": "Icon",
				"_iconUrl": "https://maps.gsi.go.jp/portal/sys/v4/symbols/828.png",
				"_iconSize": [
					16,
					16
				],
				"_iconAnchor": [
					8,
					8
				]
			}
		},
		{
			"type": "Feature",
			"geometry": {
				"type": "Point",
				"coordinates": [
					 140.3656,
					 37.8219
				]
			},
			"properties": {
				"name": "JA/FS-153(黒森山)",
				"読み":"Kuromoriyama",
				"標高":"667m 4pt ",
				"GL":"QM07et",
				"市郡区":"C#0701 ",
				"登山日":"",
				"メモ":"",
				"_markerType": "Icon",
				"_iconUrl": "https://maps.gsi.go.jp/portal/sys/v4/symbols/828.png",
				"_iconSize": [
					16,
					16
				],
				"_iconAnchor": [
					8,
					8
				]
			}
		},
		{
			"type": "Feature",
			"geometry": {
				"type": "Point",
				"coordinates": [
					 140.832,
					 37.6601
				]
			},
			"properties": {
				"name": "JA/FS-154(大足山)",
				"読み":"Ooashiyama",
				"標高":"656m 4pt ",
				"GL":"QM07jp",
				"市郡区":"C#0718 ",
				"登山日":"",
				"メモ":"",
				"_markerType": "Icon",
				"_iconUrl": "https://maps.gsi.go.jp/portal/sys/v4/symbols/828.png",
				"_iconSize": [
					16,
					16
				],
				"_iconAnchor": [
					8,
					8
				]
			}
		},
		{
			"type": "Feature",
			"geometry": {
				"type": "Point",
				"coordinates": [
					 140.3177,
					 37.5225
				]
			},
			"properties": {
				"name": "JA/FS-155(高松山)",
				"読み":"Takamatsuyama",
				"標高":"641m 2pt ",
				"GL":"QM07dm",
				"市郡区":"G#07002D ",
				"登山日":"",
				"メモ":"",
				"_markerType": "Icon",
				"_iconUrl": "https://maps.gsi.go.jp/portal/sys/v4/symbols/102.png",
				"_iconSize": [
					16,
					16
				],
				"_iconAnchor": [
					8,
					8
				]
			}
		},
		{
			"type": "Feature",
			"geometry": {
				"type": "Point",
				"coordinates": [
					 140.8064,
					 37.6413
				]
			},
			"properties": {
				"name": "JA/FS-156(野手上山)",
				"読み":"Notegamiyama",
				"標高":"629m 2pt ",
				"GL":"QM07jp",
				"市郡区":"G#07010B ",
				"登山日":"",
				"メモ":"",
				"_markerType": "Icon",
				"_iconUrl": "https://maps.gsi.go.jp/portal/sys/v4/symbols/102.png",
				"_iconSize": [
					16,
					16
				],
				"_iconAnchor": [
					8,
					8
				]
			}
		},
		{
			"type": "Feature",
			"geometry": {
				"type": "Point",
				"coordinates": [
					 140.2483,
					 37.0783
				]
			},
			"properties": {
				"name": "JA/FS-157(関山)",
				"読み":"Sekiyama",
				"標高":"619m 2pt ",
				"GL":"QM07cb",
				"市郡区":"C#0705 ",
				"登山日":"",
				"メモ":"",
				"_markerType": "Icon",
				"_iconUrl": "https://maps.gsi.go.jp/portal/sys/v4/symbols/102.png",
				"_iconSize": [
					16,
					16
				],
				"_iconAnchor": [
					8,
					8
				]
			}
		},
		{
			"type": "Feature",
			"geometry": {
				"type": "Point",
				"coordinates": [
					 140.8863,
					 37.4843
				]
			},
			"properties": {
				"name": "JA/FS-158(馬の背)",
				"読み":"Umanose",
				"標高":"616m 2pt ",
				"GL":"QM07kl",
				"市郡区":"G#07015G ",
				"登山日":"",
				"メモ":"",
				"_markerType": "Icon",
				"_iconUrl": "https://maps.gsi.go.jp/portal/sys/v4/symbols/102.png",
				"_iconSize": [
					16,
					16
				],
				"_iconAnchor": [
					8,
					8
				]
			}
		},
		{
			"type": "Feature",
			"geometry": {
				"type": "Point",
				"coordinates": [
					 140.5672,
					 37.7086
				]
			},
			"properties": {
				"name": "JA/FS-160(女神山)",
				"読み":"Megamiyama",
				"標高":"599m 2pt ",
				"GL":"QM07gr",
				"市郡区":"C#0719 / G#07011H ",
				"登山日":"",
				"メモ":"",
				"_markerType": "Icon",
				"_iconUrl": "https://maps.gsi.go.jp/portal/sys/v4/symbols/102.png",
				"_iconSize": [
					16,
					16
				],
				"_iconAnchor": [
					8,
					8
				]
			}
		},
		{
			"type": "Feature",
			"geometry": {
				"type": "Point",
				"coordinates": [
					 140.8652,
					 37.6451
				]
			},
			"properties": {
				"name": "JA/FS-161(室原)",
				"読み":"Murohara",
				"標高":"597m 2pt ",
				"GL":"QM07kp",
				"市郡区":"C#0718 ",
				"登山日":"",
				"メモ":"",
				"_markerType": "Icon",
				"_iconUrl": "https://maps.gsi.go.jp/portal/sys/v4/symbols/102.png",
				"_iconSize": [
					16,
					16
				],
				"_iconAnchor": [
					8,
					8
				]
			}
		},
		{
			"type": "Feature",
			"geometry": {
				"type": "Point",
				"coordinates": [
					 139.7097,
					 37.5845
				]
			},
			"properties": {
				"name": "JA/FS-162(鳥屋山)",
				"読み":"Toyasan",
				"標高":"581m 2pt ",
				"GL":"PM97uo",
				"市郡区":"G#07017G ",
				"登山日":"",
				"メモ":"",
				"_markerType": "Icon",
				"_iconUrl": "https://maps.gsi.go.jp/portal/sys/v4/symbols/102.png",
				"_iconSize": [
					16,
					16
				],
				"_iconAnchor": [
					8,
					8
				]
			}
		},
		{
			"type": "Feature",
			"geometry": {
				"type": "Point",
				"coordinates": [
					 140.3551,
					 37.5157
				]
			},
			"properties": {
				"name": "JA/FS-163(大名倉山)",
				"読み":"Oonagurayama",
				"標高":"570m 2pt ",
				"GL":"QM07em",
				"市郡区":"C#0720 / G#07002D ",
				"登山日":"",
				"メモ":"",
				"_markerType": "Icon",
				"_iconUrl": "https://maps.gsi.go.jp/portal/sys/v4/symbols/102.png",
				"_iconSize": [
					16,
					16
				],
				"_iconAnchor": [
					8,
					8
				]
			}
		},
		{
			"type": "Feature",
			"geometry": {
				"type": "Point",
				"coordinates": [
					 140.4219,
					 37.8552
				]
			},
			"properties": {
				"name": "JA/FS-164(大作山)",
				"読み":"Daisakuyama",
				"標高":"568m 2pt ",
				"GL":"QM07fu",
				"市郡区":"C#0701 ",
				"登山日":"",
				"メモ":"",
				"_markerType": "Icon",
				"_iconUrl": "https://maps.gsi.go.jp/portal/sys/v4/symbols/102.png",
				"_iconSize": [
					16,
					16
				],
				"_iconAnchor": [
					8,
					8
				]
			}
		},
		{
			"type": "Feature",
			"geometry": {
				"type": "Point",
				"coordinates": [
					 140.4047,
					 36.8385
				]
			},
			"properties": {
				"name": "JA/FS-165(檜山(桧山))",
				"読み":"Hinokiyama(Hiyama)",
				"標高":"510m 2pt ",
				"GL":"QM06eu",
				"市郡区":"G#07014E ",
				"登山日":"",
				"メモ":"",
				"_markerType": "Icon",
				"_iconUrl": "https://maps.gsi.go.jp/portal/sys/v4/symbols/102.png",
				"_iconSize": [
					16,
					16
				],
				"_iconAnchor": [
					8,
					8
				]
			}
		},
		{
			"type": "Feature",
			"geometry": {
				"type": "Point",
				"coordinates": [
					 140.8615,
					 37.8616
				]
			},
			"properties": {
				"name": "JA/FS-166(鹿狼山)",
				"読み":"Karousan",
				"標高":"430m 1pt ",
				"GL":"QM07ku",
				"市郡区":"G#07010D / G#06001A ",
				"登山日":"",
				"メモ":"",
				"_markerType": "Icon",
				"_iconUrl": "https://maps.gsi.go.jp/portal/sys/v4/symbols/826.png",
				"_iconSize": [
					16,
					16
				],
				"_iconAnchor": [
					8,
					8
				]
			}
		},
		{
			"type": "Feature",
			"geometry": {
				"type": "Point",
				"coordinates": [
					 140.8747,
					 37.6828
				]
			},
			"properties": {
				"name": "JA/FS-167(鯨石(三角点))",
				"読み":"Kuziraishi",
				"標高":"423m 1pt ",
				"GL":"QM07kq",
				"市郡区":"C#0718 ",
				"登山日":"",
				"メモ":"",
				"_markerType": "Icon",
				"_iconUrl": "https://maps.gsi.go.jp/portal/sys/v4/symbols/826.png",
				"_iconSize": [
					16,
					16
				],
				"_iconAnchor": [
					8,
					8
				]
			}
		},
		{
			"type": "Feature",
			"geometry": {
				"type": "Point",
				"coordinates": [
					 140.7124,
					 36.9549
				]
			},
			"properties": {
				"name": "JA/FS-168(愛宕山)",
				"読み":"Atagoyama",
				"標高":"366m 1pt ",
				"GL":"QM06iw",
				"市郡区":"C#0715 ",
				"登山日":"",
				"メモ":"",
				"_markerType": "Icon",
				"_iconUrl": "https://maps.gsi.go.jp/portal/sys/v4/symbols/826.png",
				"_iconSize": [
					16,
					16
				],
				"_iconAnchor": [
					8,
					8
				]
			}
		},
		{
			"type": "Feature",
			"geometry": {
				"type": "Point",
				"coordinates": [
					 140.8598,
					 37.8887
				]
			},
			"properties": {
				"name": "JA/FS-169(地蔵森)",
				"読み":"Jizoumori",
				"標高":"348m 1pt ",
				"GL":"QM07kv",
				"市郡区":"G#07010D / G#06001A ",
				"登山日":"",
				"メモ":"",
				"_markerType": "Icon",
				"_iconUrl": "https://maps.gsi.go.jp/portal/sys/v4/symbols/826.png",
				"_iconSize": [
					16,
					16
				],
				"_iconAnchor": [
					8,
					8
				]
			}
		},
		{
			"type": "Feature",
			"geometry": {
				"type": "Point",
				"coordinates": [
					 140.736,
					 36.966
				]
			},
			"properties": {
				"name": "JA/FS-170(滝富士)",
				"読み":"Takifuji",
				"標高":"306m 1pt ",
				"GL":"QM06ix",
				"市郡区":"C#0715 ",
				"登山日":"",
				"メモ":"",
				"_markerType": "Icon",
				"_iconUrl": "https://maps.gsi.go.jp/portal/sys/v4/symbols/826.png",
				"_iconSize": [
					16,
					16
				],
				"_iconAnchor": [
					8,
					8
				]
			}
		},
		{
			"type": "Feature",
			"geometry": {
				"type": "Point",
				"coordinates": [
					 140.6095,
					 37.8005
				]
			},
			"properties": {
				"name": "JA/FS-171(徳ヶ森)",
				"読み":"Tokugamori",
				"標高":"293m 1pt ",
				"GL":"QM07ht",
				"市郡区":"C#0719 ",
				"登山日":"",
				"メモ":"",
				"_markerType": "Icon",
				"_iconUrl": "https://maps.gsi.go.jp/portal/sys/v4/symbols/826.png",
				"_iconSize": [
					16,
					16
				],
				"_iconAnchor": [
					8,
					8
				]
			}
		},
		{
			"type": "Feature",
			"geometry": {
				"type": "Point",
				"coordinates": [
					 140.4616,
					 37.7706
				]
			},
			"properties": {
				"name": "JA/FS-172(信夫山)",
				"読み":"Shinobuyama",
				"標高":"275m 1pt ",
				"GL":"QM07fs",
				"市郡区":"C#0701 ",
				"登山日":"",
				"メモ":"",
				"_markerType": "Icon",
				"_iconUrl": "https://maps.gsi.go.jp/portal/sys/v4/symbols/826.png",
				"_iconSize": [
					16,
					16
				],
				"_iconAnchor": [
					8,
					8
				]
			}
		},
		{
			"type": "Feature",
			"geometry": {
				"type": "Point",
				"coordinates": [
					 139.3771,
					 37.0809
				]
			},
			"properties": {
				"name": "JA/FS-173(三岩岳近傍)",
				"読み":"Near_Mitsuiwadake",
				"標高":"2070m 10pt ",
				"GL":"PM97qb",
				"市郡区":"G#07016C ",
				"登山日":"",
				"メモ":"",
				"_markerType": "Icon",
				"_iconUrl": "https://maps.gsi.go.jp/portal/sys/v4/symbols/101.png",
				"_iconSize": [
					16,
					16
				],
				"_iconAnchor": [
					8,
					8
				]
			}
		},
		{
			"type": "Feature",
			"geometry": {
				"type": "Point",
				"coordinates": [
					 140.2443,
					 37.7354
				]
			},
			"properties": {
				"name": "JA/FS-174(一切経山)",
				"読み":"Issaikyozan",
				"標高":"1949m 10pt ",
				"GL":"QM07cr",
				"市郡区":"C#0701 / G#07017D ",
				"登山日":"",
				"メモ":"",
				"_markerType": "Icon",
				"_iconUrl": "https://maps.gsi.go.jp/portal/sys/v4/symbols/101.png",
				"_iconSize": [
					16,
					16
				],
				"_iconAnchor": [
					8,
					8
				]
			}
		},
		{
			"type": "Feature",
			"geometry": {
				"type": "Point",
				"coordinates": [
					 140.1872,
					 37.7246
				]
			},
			"properties": {
				"name": "JA/FS-175(吾妻山)",
				"読み":"Azumayama",
				"標高":"1933m 10pt ",
				"GL":"QM07cr",
				"市郡区":"G#07017D ",
				"登山日":"",
				"メモ":"",
				"_markerType": "Icon",
				"_iconUrl": "https://maps.gsi.go.jp/portal/sys/v4/symbols/101.png",
				"_iconSize": [
					16,
					16
				],
				"_iconAnchor": [
					8,
					8
				]
			}
		},
		{
			"type": "Feature",
			"geometry": {
				"type": "Point",
				"coordinates": [
					 139.3039,
					 36.9984
				]
			},
			"properties": {
				"name": "JA/FS-176(大杉岳)",
				"読み":"Oosugidake",
				"標高":"1922m 10pt ",
				"GL":"PM96px",
				"市郡区":"G#07016C ",
				"登山日":"",
				"メモ":"",
				"_markerType": "Icon",
				"_iconUrl": "https://maps.gsi.go.jp/portal/sys/v4/symbols/101.png",
				"_iconSize": [
					16,
					16
				],
				"_iconAnchor": [
					8,
					8
				]
			}
		},
		{
			"type": "Feature",
			"geometry": {
				"type": "Point",
				"coordinates": [
					 139.4129,
					 36.9872
				]
			},
			"properties": {
				"name": "JA/FS-177(大中子山)",
				"読み":"Oonakagoyama",
				"標高":"1844m 10pt ",
				"GL":"PM96qx",
				"市郡区":"G#07016C ",
				"登山日":"",
				"メモ":"",
				"_markerType": "Icon",
				"_iconUrl": "https://maps.gsi.go.jp/portal/sys/v4/symbols/101.png",
				"_iconSize": [
					16,
					16
				],
				"_iconAnchor": [
					8,
					8
				]
			}
		},
		{
			"type": "Feature",
			"geometry": {
				"type": "Point",
				"coordinates": [
					 139.3744,
					 37.1181
				]
			},
			"properties": {
				"name": "JA/FS-178(坪入山)",
				"読み":"Tsuboiriyama",
				"標高":"1774m 10pt ",
				"GL":"PM97qc",
				"市郡区":"G#07016H / G#07016C / G#07016G",
				"登山日":"",
				"メモ":"",
				"_markerType": "Icon",
				"_iconUrl": "https://maps.gsi.go.jp/portal/sys/v4/symbols/101.png",
				"_iconSize": [
					16,
					16
				],
				"_iconAnchor": [
					8,
					8
				]
			}
		},
		{
			"type": "Feature",
			"geometry": {
				"type": "Point",
				"coordinates": [
					 139.3394,
					 37.133
				]
			},
			"properties": {
				"name": "JA/FS-179(高幽山)",
				"読み":"Takayuyama",
				"標高":"1747m 10pt ",
				"GL":"PM97qd",
				"市郡区":"G#07016G / G#07016C ",
				"登山日":"",
				"メモ":"",
				"_markerType": "Icon",
				"_iconUrl": "https://maps.gsi.go.jp/portal/sys/v4/symbols/101.png",
				"_iconSize": [
					16,
					16
				],
				"_iconAnchor": [
					8,
					8
				]
			}
		},
		{
			"type": "Feature",
			"geometry": {
				"type": "Point",
				"coordinates": [
					 140.0855,
					 37.6097
				]
			},
			"properties": {
				"name": "JA/FS-180(櫛ヶ峰)",
				"読み":"Kushigamine",
				"標高":"1636m 10pt ",
				"GL":"QM07bo",
				"市郡区":"G#07017D ",
				"登山日":"",
				"メモ":"",
				"_markerType": "Icon",
				"_iconUrl": "https://maps.gsi.go.jp/portal/sys/v4/symbols/101.png",
				"_iconSize": [
					16,
					16
				],
				"_iconAnchor": [
					8,
					8
				]
			}
		},
		{
			"type": "Feature",
			"geometry": {
				"type": "Point",
				"coordinates": [
					 139.2754,
					 37.03
				]
			},
			"properties": {
				"name": "JA/FS-181(赤岩高山)",
				"読み":"Akaiwatakayama",
				"標高":"1497m 8pt ",
				"GL":"PM97pa",
				"市郡区":"G#07016C ",
				"登山日":"",
				"メモ":"",
				"_markerType": "Icon",
				"_iconUrl": "https://maps.gsi.go.jp/portal/sys/v4/symbols/104.png",
				"_iconSize": [
					16,
					16
				],
				"_iconAnchor": [
					8,
					8
				]
			}
		},
		{
			"type": "Feature",
			"geometry": {
				"type": "Point",
				"coordinates": [
					 139.2651,
					 37.2529
				]
			},
			"properties": {
				"name": "JA/FS-182(猿倉山)",
				"読み":"Sarukurayama",
				"標高":"1455m 8pt ",
				"GL":"PM97pg",
				"市郡区":"G#07016G ",
				"登山日":"",
				"メモ":"",
				"_markerType": "Icon",
				"_iconUrl": "https://maps.gsi.go.jp/portal/sys/v4/symbols/104.png",
				"_iconSize": [
					16,
					16
				],
				"_iconAnchor": [
					8,
					8
				]
			}
		},
		{
			"type": "Feature",
			"geometry": {
				"type": "Point",
				"coordinates": [
					 139.832,
					 37.3181
				]
			},
			"properties": {
				"name": "JA/FS-183(大白布山)",
				"読み":"Ooshirabuyama",
				"標高":"1381m 8pt ",
				"GL":"PM97vh",
				"市郡区":"G#07016E / G#07006G ",
				"登山日":"",
				"メモ":"",
				"_markerType": "Icon",
				"_iconUrl": "https://maps.gsi.go.jp/portal/sys/v4/symbols/104.png",
				"_iconSize": [
					16,
					16
				],
				"_iconAnchor": [
					8,
					8
				]
			}
		},
		{
			"type": "Feature",
			"geometry": {
				"type": "Point",
				"coordinates": [
					 139.1948,
					 37.2038
				]
			},
			"properties": {
				"name": "JA/FS-184(赤柴山)",
				"読み":"Akashibayama",
				"標高":"1352m 8pt ",
				"GL":"PM97oe",
				"市郡区":"G#07016G / C#0825 ",
				"登山日":"",
				"メモ":"",
				"_markerType": "Icon",
				"_iconUrl": "https://maps.gsi.go.jp/portal/sys/v4/symbols/104.png",
				"_iconSize": [
					16,
					16
				],
				"_iconAnchor": [
					8,
					8
				]
			}
		},
		{
			"type": "Feature",
			"geometry": {
				"type": "Point",
				"coordinates": [
					 139.4176,
					 37.0502
				]
			},
			"properties": {
				"name": "JA/FS-185(羽毛山)",
				"読み":"Hakeyama",
				"標高":"1347m 8pt ",
				"GL":"PM97rb",
				"市郡区":"G#07016C / G#07016H ",
				"登山日":"",
				"メモ":"",
				"_markerType": "Icon",
				"_iconUrl": "https://maps.gsi.go.jp/portal/sys/v4/symbols/104.png",
				"_iconSize": [
					16,
					16
				],
				"_iconAnchor": [
					8,
					8
				]
			}
		},
		{
			"type": "Feature",
			"geometry": {
				"type": "Point",
				"coordinates": [
					 139.847,
					 37.8205
				]
			},
			"properties": {
				"name": "JA/FS-186(大塚山)",
				"読み":"Daidukayama",
				"標高":"1322m 8pt ",
				"GL":"PM97wt",
				"市郡区":"C#0708 / G#05003A ",
				"登山日":"",
				"メモ":"",
				"_markerType": "Icon",
				"_iconUrl": "https://maps.gsi.go.jp/portal/sys/v4/symbols/104.png",
				"_iconSize": [
					16,
					16
				],
				"_iconAnchor": [
					8,
					8
				]
			}
		},
		{
			"type": "Feature",
			"geometry": {
				"type": "Point",
				"coordinates": [
					 139.5683,
					 37.0718
				]
			},
			"properties": {
				"name": "JA/FS-187(割佐倉山)",
				"読み":"Sagurayama(Warisagurayama)",
				"標高":"1304m 8pt ",
				"GL":"PM97sb",
				"市郡区":"G#07016H ",
				"登山日":"",
				"メモ":"",
				"_markerType": "Icon",
				"_iconUrl": "https://maps.gsi.go.jp/portal/sys/v4/symbols/104.png",
				"_iconSize": [
					16,
					16
				],
				"_iconAnchor": [
					8,
					8
				]
			}
		},
		{
			"type": "Feature",
			"geometry": {
				"type": "Point",
				"coordinates": [
					 139.433,
					 37.0701
				]
			},
			"properties": {
				"name": "JA/FS-188(越郷山)",
				"読み":"Kosugouyama",
				"標高":"1296m 8pt ",
				"GL":"PM97rb",
				"市郡区":"G#07016H ",
				"登山日":"",
				"メモ":"",
				"_markerType": "Icon",
				"_iconUrl": "https://maps.gsi.go.jp/portal/sys/v4/symbols/104.png",
				"_iconSize": [
					16,
					16
				],
				"_iconAnchor": [
					8,
					8
				]
			}
		},
		{
			"type": "Feature",
			"geometry": {
				"type": "Point",
				"coordinates": [
					 139.9295,
					 37.2228
				]
			},
			"properties": {
				"name": "JA/FS-189(高倉山)",
				"読み":"Takakurayama",
				"標高":"1284m 8pt ",
				"GL":"PM97xf",
				"市郡区":"G#07016E ",
				"登山日":"",
				"メモ":"",
				"_markerType": "Icon",
				"_iconUrl": "https://maps.gsi.go.jp/portal/sys/v4/symbols/104.png",
				"_iconSize": [
					16,
					16
				],
				"_iconAnchor": [
					8,
					8
				]
			}
		},
		{
			"type": "Feature",
			"geometry": {
				"type": "Point",
				"coordinates": [
					 140.227,
					 37.6578
				]
			},
			"properties": {
				"name": "JA/FS-190(高森山)",
				"読み":"Takamoriyama",
				"標高":"1249m 8pt ",
				"GL":"QM07cp",
				"市郡区":"G#07017D ",
				"登山日":"",
				"メモ":"",
				"_markerType": "Icon",
				"_iconUrl": "https://maps.gsi.go.jp/portal/sys/v4/symbols/104.png",
				"_iconSize": [
					16,
					16
				],
				"_iconAnchor": [
					8,
					8
				]
			}
		},
		{
			"type": "Feature",
			"geometry": {
				"type": "Point",
				"coordinates": [
					 139.675,
					 37.2611
				]
			},
			"properties": {
				"name": "JA/FS-191(御前ヶ岳)",
				"読み":"Gozengatake",
				"標高":"1233m 8pt ",
				"GL":"PM97ug",
				"市郡区":"G#07006E ",
				"登山日":"",
				"メモ":"",
				"_markerType": "Icon",
				"_iconUrl": "https://maps.gsi.go.jp/portal/sys/v4/symbols/104.png",
				"_iconSize": [
					16,
					16
				],
				"_iconAnchor": [
					8,
					8
				]
			}
		},
		{
			"type": "Feature",
			"geometry": {
				"type": "Point",
				"coordinates": [
					 140.27,
					 37.8743
				]
			},
			"properties": {
				"name": "JA/FS-192(栗子山)",
				"読み":"Kurikoyama",
				"標高":"1217m 8pt ",
				"GL":"QM07du",
				"市郡区":"C#0701 / C#0502 ",
				"登山日":"",
				"メモ":"",
				"_markerType": "Icon",
				"_iconUrl": "https://maps.gsi.go.jp/portal/sys/v4/symbols/104.png",
				"_iconSize": [
					16,
					16
				],
				"_iconAnchor": [
					8,
					8
				]
			}
		},
		{
			"type": "Feature",
			"geometry": {
				"type": "Point",
				"coordinates": [
					 139.6801,
					 37.173
				]
			},
			"properties": {
				"name": "JA/FS-193(中の森)",
				"読み":"Nakanomori",
				"標高":"1216m 8pt ",
				"GL":"PM97ue",
				"市郡区":"G#07016H ",
				"登山日":"",
				"メモ":"",
				"_markerType": "Icon",
				"_iconUrl": "https://maps.gsi.go.jp/portal/sys/v4/symbols/104.png",
				"_iconSize": [
					16,
					16
				],
				"_iconAnchor": [
					8,
					8
				]
			}
		},
		{
			"type": "Feature",
			"geometry": {
				"type": "Point",
				"coordinates": [
					 139.7859,
					 37.1298
				]
			},
			"properties": {
				"name": "JA/FS-194(滝沢山)",
				"読み":"Takizawayama",
				"標高":"1211m 8pt ",
				"GL":"PM97vd",
				"市郡区":"G#07016H ",
				"登山日":"",
				"メモ":"",
				"_markerType": "Icon",
				"_iconUrl": "https://maps.gsi.go.jp/portal/sys/v4/symbols/104.png",
				"_iconSize": [
					16,
					16
				],
				"_iconAnchor": [
					8,
					8
				]
			}
		},
		{
			"type": "Feature",
			"geometry": {
				"type": "Point",
				"coordinates": [
					 139.5709,
					 37.1899
				]
			},
			"properties": {
				"name": "JA/FS-195(唐倉山)",
				"読み":"Toukurayama",
				"標高":"1175m 8pt ",
				"GL":"PM97se",
				"市郡区":"G#07016H ",
				"登山日":"",
				"メモ":"",
				"_markerType": "Icon",
				"_iconUrl": "https://maps.gsi.go.jp/portal/sys/v4/symbols/104.png",
				"_iconSize": [
					16,
					16
				],
				"_iconAnchor": [
					8,
					8
				]
			}
		},
		{
			"type": "Feature",
			"geometry": {
				"type": "Point",
				"coordinates": [
					 139.7155,
					 37.0744
				]
			},
			"properties": {
				"name": "JA/FS-196(点1140)",
				"読み":"JA/FS-196",
				"標高":"1140m 8pt ",
				"GL":"PM97ub",
				"市郡区":"G#07016H ",
				"登山日":"",
				"メモ":"",
				"_markerType": "Icon",
				"_iconUrl": "https://maps.gsi.go.jp/portal/sys/v4/symbols/104.png",
				"_iconSize": [
					16,
					16
				],
				"_iconAnchor": [
					8,
					8
				]
			}
		},
		{
			"type": "Feature",
			"geometry": {
				"type": "Point",
				"coordinates": [
					 139.4435,
					 37.2297
				]
			},
			"properties": {
				"name": "JA/FS-197(赤羽根山)",
				"読み":"Akahaneyama",
				"標高":"1127m 8pt ",
				"GL":"PM97rf",
				"市郡区":"G#07016G ",
				"登山日":"",
				"メモ":"",
				"_markerType": "Icon",
				"_iconUrl": "https://maps.gsi.go.jp/portal/sys/v4/symbols/104.png",
				"_iconSize": [
					16,
					16
				],
				"_iconAnchor": [
					8,
					8
				]
			}
		},
		{
			"type": "Feature",
			"geometry": {
				"type": "Point",
				"coordinates": [
					 139.8384,
					 37.3471
				]
			},
			"properties": {
				"name": "JA/FS-198(烏帽子岳)",
				"読み":"Eboshidake",
				"標高":"1095m 6pt ",
				"GL":"PM97wi",
				"市郡区":"G#07006G / G#07016E ",
				"登山日":"",
				"メモ":"",
				"_markerType": "Icon",
				"_iconUrl": "https://maps.gsi.go.jp/portal/sys/v4/symbols/103.png",
				"_iconSize": [
					16,
					16
				],
				"_iconAnchor": [
					8,
					8
				]
			}
		},
		{
			"type": "Feature",
			"geometry": {
				"type": "Point",
				"coordinates": [
					 139.5847,
					 37.0878
				]
			},
			"properties": {
				"name": "JA/FS-199(佐倉山)",
				"読み":"Sakurayama",
				"標高":"1073m 6pt ",
				"GL":"PM97tc",
				"市郡区":"G#07016H ",
				"登山日":"",
				"メモ":"",
				"_markerType": "Icon",
				"_iconUrl": "https://maps.gsi.go.jp/portal/sys/v4/symbols/103.png",
				"_iconSize": [
					16,
					16
				],
				"_iconAnchor": [
					8,
					8
				]
			}
		},
		{
			"type": "Feature",
			"geometry": {
				"type": "Point",
				"coordinates": [
					 139.3073,
					 37.2523
				]
			},
			"properties": {
				"name": "JA/FS-200(高松山)",
				"読み":"Takamatsuyama",
				"標高":"1069m 6pt ",
				"GL":"PM97pg",
				"市郡区":"G#07016G ",
				"登山日":"",
				"メモ":"",
				"_markerType": "Icon",
				"_iconUrl": "https://maps.gsi.go.jp/portal/sys/v4/symbols/103.png",
				"_iconSize": [
					16,
					16
				],
				"_iconAnchor": [
					8,
					8
				]
			}
		},
		{
			"type": "Feature",
			"geometry": {
				"type": "Point",
				"coordinates": [
					 139.728,
					 37.3903
				]
			},
			"properties": {
				"name": "JA/FS-201(嶽の山)",
				"読み":"Takenoyama",
				"標高":"1037m 6pt ",
				"GL":"PM97uj",
				"市郡区":"G#07007D ",
				"登山日":"",
				"メモ":"",
				"_markerType": "Icon",
				"_iconUrl": "https://maps.gsi.go.jp/portal/sys/v4/symbols/103.png",
				"_iconSize": [
					16,
					16
				],
				"_iconAnchor": [
					8,
					8
				]
			}
		},
		{
			"type": "Feature",
			"geometry": {
				"type": "Point",
				"coordinates": [
					 140.0339,
					 37.2815
				]
			},
			"properties": {
				"name": "JA/FS-203(戸倉山)",
				"読み":"Tokurayama",
				"標高":"1021m 6pt ",
				"GL":"QM07ag",
				"市郡区":"G#07005C ",
				"登山日":"",
				"メモ":"",
				"_markerType": "Icon",
				"_iconUrl": "https://maps.gsi.go.jp/portal/sys/v4/symbols/103.png",
				"_iconSize": [
					16,
					16
				],
				"_iconAnchor": [
					8,
					8
				]
			}
		},
		{
			"type": "Feature",
			"geometry": {
				"type": "Point",
				"coordinates": [
					 140.1172,
					 37.3057
				]
			},
			"properties": {
				"name": "JA/FS-204(鬼面山)",
				"読み":"Kimenyama",
				"標高":"1021m 6pt ",
				"GL":"QM07bh",
				"市郡区":"C#0707 / G#07005C ",
				"登山日":"",
				"メモ":"",
				"_markerType": "Icon",
				"_iconUrl": "https://maps.gsi.go.jp/portal/sys/v4/symbols/103.png",
				"_iconSize": [
					16,
					16
				],
				"_iconAnchor": [
					8,
					8
				]
			}
		},
		{
			"type": "Feature",
			"geometry": {
				"type": "Point",
				"coordinates": [
					 139.754,
					 37.2486
				]
			},
			"properties": {
				"name": "JA/FS-205(鳥宿山)",
				"読み":"Toyayama(Toriyadoyama)",
				"標高":"1011m 6pt ",
				"GL":"PM97vf",
				"市郡区":"G#07016E / G#07016H ",
				"登山日":"",
				"メモ":"",
				"_markerType": "Icon",
				"_iconUrl": "https://maps.gsi.go.jp/portal/sys/v4/symbols/103.png",
				"_iconSize": [
					16,
					16
				],
				"_iconAnchor": [
					8,
					8
				]
			}
		},
		{
			"type": "Feature",
			"geometry": {
				"type": "Point",
				"coordinates": [
					 139.5701,
					 37.2563
				]
			},
			"properties": {
				"name": "JA/FS-206(伝上山)",
				"読み":"Denjyosan",
				"標高":"999m 6pt ",
				"GL":"PM97sg",
				"市郡区":"G#07016H ",
				"登山日":"",
				"メモ":"",
				"_markerType": "Icon",
				"_iconUrl": "https://maps.gsi.go.jp/portal/sys/v4/symbols/103.png",
				"_iconSize": [
					16,
					16
				],
				"_iconAnchor": [
					8,
					8
				]
			}
		},
		{
			"type": "Feature",
			"geometry": {
				"type": "Point",
				"coordinates": [
					 139.9698,
					 37.3019
				]
			},
			"properties": {
				"name": "JA/FS-207(餅倉山)",
				"読み":"Mochikurayama",
				"標高":"997m 6pt ",
				"GL":"PM97xh",
				"市郡区":"G#07016E ",
				"登山日":"",
				"メモ":"",
				"_markerType": "Icon",
				"_iconUrl": "https://maps.gsi.go.jp/portal/sys/v4/symbols/103.png",
				"_iconSize": [
					16,
					16
				],
				"_iconAnchor": [
					8,
					8
				]
			}
		},
		{
			"type": "Feature",
			"geometry": {
				"type": "Point",
				"coordinates": [
					 139.5062,
					 37.1947
				]
			},
			"properties": {
				"name": "JA/FS-208(関の山)",
				"読み":"Sekinoyama",
				"標高":"993m 6pt ",
				"GL":"PM97se",
				"市郡区":"G#07016H ",
				"登山日":"",
				"メモ":"",
				"_markerType": "Icon",
				"_iconUrl": "https://maps.gsi.go.jp/portal/sys/v4/symbols/103.png",
				"_iconSize": [
					16,
					16
				],
				"_iconAnchor": [
					8,
					8
				]
			}
		},
		{
			"type": "Feature",
			"geometry": {
				"type": "Point",
				"coordinates": [
					 139.3598,
					 37.4299
				]
			},
			"properties": {
				"name": "JA/FS-209(笠倉山)",
				"読み":"Kasakurayama",
				"標高":"993m 6pt ",
				"GL":"PM97qk",
				"市郡区":"G#07016G ",
				"登山日":"",
				"メモ":"",
				"_markerType": "Icon",
				"_iconUrl": "https://maps.gsi.go.jp/portal/sys/v4/symbols/103.png",
				"_iconSize": [
					16,
					16
				],
				"_iconAnchor": [
					8,
					8
				]
			}
		},
		{
			"type": "Feature",
			"geometry": {
				"type": "Point",
				"coordinates": [
					 140.1286,
					 37.257
				]
			},
			"properties": {
				"name": "JA/FS-210(権太倉山)",
				"読み":"Gontagurayama",
				"標高":"976m 6pt ",
				"GL":"QM07bg",
				"市郡区":"G#07005C / C#0705 ",
				"登山日":"",
				"メモ":"",
				"_markerType": "Icon",
				"_iconUrl": "https://maps.gsi.go.jp/portal/sys/v4/symbols/103.png",
				"_iconSize": [
					16,
					16
				],
				"_iconAnchor": [
					8,
					8
				]
			}
		},
		{
			"type": "Feature",
			"geometry": {
				"type": "Point",
				"coordinates": [
					 139.4855,
					 37.3746
				]
			},
			"properties": {
				"name": "JA/FS-211(戸板山)",
				"読み":"Toitayama",
				"標高":"960m 6pt ",
				"GL":"PM97ri",
				"市郡区":"G#07006D ",
				"登山日":"",
				"メモ":"",
				"_markerType": "Icon",
				"_iconUrl": "https://maps.gsi.go.jp/portal/sys/v4/symbols/103.png",
				"_iconSize": [
					16,
					16
				],
				"_iconAnchor": [
					8,
					8
				]
			}
		},
		{
			"type": "Feature",
			"geometry": {
				"type": "Point",
				"coordinates": [
					 139.3615,
					 37.3815
				]
			},
			"properties": {
				"name": "JA/FS-212(鷲が倉山)",
				"読み":"Washigakurayama",
				"標高":"918m 6pt ",
				"GL":"PM97qj",
				"市郡区":"G#07016G ",
				"登山日":"",
				"メモ":"",
				"_markerType": "Icon",
				"_iconUrl": "https://maps.gsi.go.jp/portal/sys/v4/symbols/103.png",
				"_iconSize": [
					16,
					16
				],
				"_iconAnchor": [
					8,
					8
				]
			}
		},
		{
			"type": "Feature",
			"geometry": {
				"type": "Point",
				"coordinates": [
					 139.7134,
					 37.4172
				]
			},
			"properties": {
				"name": "JA/FS-213(猿倉が嶽)",
				"読み":"Sarukuragatake",
				"標高":"906m 6pt ",
				"GL":"PM97uk",
				"市郡区":"G#07007D ",
				"登山日":"",
				"メモ":"",
				"_markerType": "Icon",
				"_iconUrl": "https://maps.gsi.go.jp/portal/sys/v4/symbols/103.png",
				"_iconSize": [
					16,
					16
				],
				"_iconAnchor": [
					8,
					8
				]
			}
		},
		{
			"type": "Feature",
			"geometry": {
				"type": "Point",
				"coordinates": [
					 140.3399,
					 37.8739
				]
			},
			"properties": {
				"name": "JA/FS-214(点901)",
				"読み":"P901",
				"標高":"901m 6pt ",
				"GL":"QM07eu",
				"市郡区":"C#0701 ",
				"登山日":"",
				"メモ":"",
				"_markerType": "Icon",
				"_iconUrl": "https://maps.gsi.go.jp/portal/sys/v4/symbols/103.png",
				"_iconSize": [
					16,
					16
				],
				"_iconAnchor": [
					8,
					8
				]
			}
		},
		{
			"type": "Feature",
			"geometry": {
				"type": "Point",
				"coordinates": [
					 139.7753,
					 37.7675
				]
			},
			"properties": {
				"name": "JA/FS-215(点894)",
				"読み":"P894",
				"標高":"894m 6pt ",
				"GL":"PM97vs",
				"市郡区":"C#0708 ",
				"登山日":"",
				"メモ":"",
				"_markerType": "Icon",
				"_iconUrl": "https://maps.gsi.go.jp/portal/sys/v4/symbols/103.png",
				"_iconSize": [
					16,
					16
				],
				"_iconAnchor": [
					8,
					8
				]
			}
		},
		{
			"type": "Feature",
			"geometry": {
				"type": "Point",
				"coordinates": [
					 140.1895,
					 37.501
				]
			},
			"properties": {
				"name": "JA/FS-216(鞍手山)",
				"読み":"Kurateyama",
				"標高":"864m 6pt ",
				"GL":"QM07cm",
				"市郡区":"C#0703 / G#07017D ",
				"登山日":"",
				"メモ":"",
				"_markerType": "Icon",
				"_iconUrl": "https://maps.gsi.go.jp/portal/sys/v4/symbols/103.png",
				"_iconSize": [
					16,
					16
				],
				"_iconAnchor": [
					8,
					8
				]
			}
		},
		{
			"type": "Feature",
			"geometry": {
				"type": "Point",
				"coordinates": [
					 140.7262,
					 37.5937
				]
			},
			"properties": {
				"name": "JA/FS-217(高太石山)",
				"読み":"Koutaishiyama",
				"標高":"863m 6pt ",
				"GL":"QM07io",
				"市郡区":"G#07015G / G#07011H ",
				"登山日":"",
				"メモ":"",
				"_markerType": "Icon",
				"_iconUrl": "https://maps.gsi.go.jp/portal/sys/v4/symbols/103.png",
				"_iconSize": [
					16,
					16
				],
				"_iconAnchor": [
					8,
					8
				]
			}
		},
		{
			"type": "Feature",
			"geometry": {
				"type": "Point",
				"coordinates": [
					 139.8959,
					 37.2856
				]
			},
			"properties": {
				"name": "JA/FS-218(中山(金塚山))",
				"読み":"Nakayama(Kanatsukayama)",
				"標高":"855m 6pt ",
				"GL":"PM97wg",
				"市郡区":"G#07016E ",
				"登山日":"",
				"メモ":"",
				"_markerType": "Icon",
				"_iconUrl": "https://maps.gsi.go.jp/portal/sys/v4/symbols/103.png",
				"_iconSize": [
					16,
					16
				],
				"_iconAnchor": [
					8,
					8
				]
			}
		},
		{
			"type": "Feature",
			"geometry": {
				"type": "Point",
				"coordinates": [
					 140.173,
					 37.4968
				]
			},
			"properties": {
				"name": "JA/FS-219(酸釜山)",
				"読み":"Sugamayama",
				"標高":"855m 6pt ",
				"GL":"QM07cl",
				"市郡区":"G#07017D ",
				"登山日":"",
				"メモ":"",
				"_markerType": "Icon",
				"_iconUrl": "https://maps.gsi.go.jp/portal/sys/v4/symbols/103.png",
				"_iconSize": [
					16,
					16
				],
				"_iconAnchor": [
					8,
					8
				]
			}
		},
		{
			"type": "Feature",
			"geometry": {
				"type": "Point",
				"coordinates": [
					 139.3251,
					 37.3012
				]
			},
			"properties": {
				"name": "JA/FS-220(戸倉山)",
				"読み":"Tokurayama",
				"標高":"846m 4pt ",
				"GL":"PM97ph",
				"市郡区":"G#07016G ",
				"登山日":"",
				"メモ":"",
				"_markerType": "Icon",
				"_iconUrl": "https://maps.gsi.go.jp/portal/sys/v4/symbols/828.png",
				"_iconSize": [
					16,
					16
				],
				"_iconAnchor": [
					8,
					8
				]
			}
		},
		{
			"type": "Feature",
			"geometry": {
				"type": "Point",
				"coordinates": [
					 139.3355,
					 37.3885
				]
			},
			"properties": {
				"name": "JA/FS-221(蒲生岳)",
				"読み":"Gamoudake",
				"標高":"828m 4pt ",
				"GL":"PM97qj",
				"市郡区":"G#07016G ",
				"登山日":"",
				"メモ":"",
				"_markerType": "Icon",
				"_iconUrl": "https://maps.gsi.go.jp/portal/sys/v4/symbols/828.png",
				"_iconSize": [
					16,
					16
				],
				"_iconAnchor": [
					8,
					8
				]
			}
		},
		{
			"type": "Feature",
			"geometry": {
				"type": "Point",
				"coordinates": [
					 139.6333,
					 37.3085
				]
			},
			"properties": {
				"name": "JA/FS-222(石取山)",
				"読み":"Ishitoriyama",
				"標高":"810m 4pt ",
				"GL":"PM97th",
				"市郡区":"G#07006E ",
				"登山日":"",
				"メモ":"",
				"_markerType": "Icon",
				"_iconUrl": "https://maps.gsi.go.jp/portal/sys/v4/symbols/828.png",
				"_iconSize": [
					16,
					16
				],
				"_iconAnchor": [
					8,
					8
				]
			}
		},
		{
			"type": "Feature",
			"geometry": {
				"type": "Point",
				"coordinates": [
					 140.7624,
					 37.5413
				]
			},
			"properties": {
				"name": "JA/FS-223(中ノ森山)",
				"読み":"Nakanomoriyama",
				"標高":"802m 4pt ",
				"GL":"QM07jm",
				"市郡区":"G#07015E / G#07015G ",
				"登山日":"",
				"メモ":"",
				"_markerType": "Icon",
				"_iconUrl": "https://maps.gsi.go.jp/portal/sys/v4/symbols/828.png",
				"_iconSize": [
					16,
					16
				],
				"_iconAnchor": [
					8,
					8
				]
			}
		},
		{
			"type": "Feature",
			"geometry": {
				"type": "Point",
				"coordinates": [
					 140.0618,
					 37.427
				]
			},
			"properties": {
				"name": "JA/FS-224(金山)",
				"読み":"Kanayama",
				"標高":"802m 4pt ",
				"GL":"QM07ak",
				"市郡区":"C#0703 / C#0702 ",
				"登山日":"",
				"メモ":"",
				"_markerType": "Icon",
				"_iconUrl": "https://maps.gsi.go.jp/portal/sys/v4/symbols/828.png",
				"_iconSize": [
					16,
					16
				],
				"_iconAnchor": [
					8,
					8
				]
			}
		},
		{
			"type": "Feature",
			"geometry": {
				"type": "Point",
				"coordinates": [
					 140.7312,
					 37.4385
				]
			},
			"properties": {
				"name": "JA/FS-225(天王山)",
				"読み":"Tennouzan",
				"標高":"798m 4pt ",
				"GL":"QM07ik",
				"市郡区":"C#0717 ",
				"登山日":"",
				"メモ":"",
				"_markerType": "Icon",
				"_iconUrl": "https://maps.gsi.go.jp/portal/sys/v4/symbols/828.png",
				"_iconSize": [
					16,
					16
				],
				"_iconAnchor": [
					8,
					8
				]
			}
		},
		{
			"type": "Feature",
			"geometry": {
				"type": "Point",
				"coordinates": [
					 140.2675,
					 37.0001
				]
			},
			"properties": {
				"name": "JA/FS-226(厨川山)",
				"読み":"Kuriyagawayama",
				"標高":"792m 4pt ",
				"GL":"QM07da",
				"市郡区":"G#07014C / C#0705 ",
				"登山日":"",
				"メモ":"",
				"_markerType": "Icon",
				"_iconUrl": "https://maps.gsi.go.jp/portal/sys/v4/symbols/828.png",
				"_iconSize": [
					16,
					16
				],
				"_iconAnchor": [
					8,
					8
				]
			}
		},
		{
			"type": "Feature",
			"geometry": {
				"type": "Point",
				"coordinates": [
					 139.9465,
					 37.3872
				]
			},
			"properties": {
				"name": "JA/FS-227(大平山)",
				"読み":"Oodairayama",
				"標高":"771m 4pt ",
				"GL":"PM97xj",
				"市郡区":"C#0702 ",
				"登山日":"",
				"メモ":"",
				"_markerType": "Icon",
				"_iconUrl": "https://maps.gsi.go.jp/portal/sys/v4/symbols/828.png",
				"_iconSize": [
					16,
					16
				],
				"_iconAnchor": [
					8,
					8
				]
			}
		},
		{
			"type": "Feature",
			"geometry": {
				"type": "Point",
				"coordinates": [
					 140.6442,
					 37.1437
				]
			},
			"properties": {
				"name": "JA/FS-228(雨降山)",
				"読み":"Tenkichouyama",
				"標高":"770m 4pt ",
				"GL":"QM07hd",
				"市郡区":"C#0715 ",
				"登山日":"",
				"メモ":"",
				"_markerType": "Icon",
				"_iconUrl": "https://maps.gsi.go.jp/portal/sys/v4/symbols/828.png",
				"_iconSize": [
					16,
					16
				],
				"_iconAnchor": [
					8,
					8
				]
			}
		},
		{
			"type": "Feature",
			"geometry": {
				"type": "Point",
				"coordinates": [
					 139.9491,
					 37.4099
				]
			},
			"properties": {
				"name": "JA/FS-229(二重平)",
				"読み":"Futaedaira",
				"標高":"760m 4pt ",
				"GL":"PM97xj",
				"市郡区":"C#0702 ",
				"登山日":"",
				"メモ":"",
				"_markerType": "Icon",
				"_iconUrl": "https://maps.gsi.go.jp/portal/sys/v4/symbols/828.png",
				"_iconSize": [
					16,
					16
				],
				"_iconAnchor": [
					8,
					8
				]
			}
		},
		{
			"type": "Feature",
			"geometry": {
				"type": "Point",
				"coordinates": [
					 139.3003,
					 37.3502
				]
			},
			"properties": {
				"name": "JA/FS-230(大日戸山)",
				"読み":"Oohidoyama",
				"標高":"760m 4pt ",
				"GL":"PM97pi",
				"市郡区":"G#07016G ",
				"登山日":"",
				"メモ":"",
				"_markerType": "Icon",
				"_iconUrl": "https://maps.gsi.go.jp/portal/sys/v4/symbols/828.png",
				"_iconSize": [
					16,
					16
				],
				"_iconAnchor": [
					8,
					8
				]
			}
		},
		{
			"type": "Feature",
			"geometry": {
				"type": "Point",
				"coordinates": [
					 140.1125,
					 37.3912
				]
			},
			"properties": {
				"name": "JA/FS-231(高森山)",
				"読み":"Takamoriyama",
				"標高":"756m 4pt ",
				"GL":"QM07bj",
				"市郡区":"C#0703 ",
				"登山日":"",
				"メモ":"",
				"_markerType": "Icon",
				"_iconUrl": "https://maps.gsi.go.jp/portal/sys/v4/symbols/828.png",
				"_iconSize": [
					16,
					16
				],
				"_iconAnchor": [
					8,
					8
				]
			}
		},
		{
			"type": "Feature",
			"geometry": {
				"type": "Point",
				"coordinates": [
					 140.5219,
					 37.3314
				]
			},
			"properties": {
				"name": "JA/FS-232(二ツ石山)",
				"読み":"Futatsuishiyama",
				"標高":"742m 4pt ",
				"GL":"QM07gh",
				"市郡区":"C#0703 ",
				"登山日":"",
				"メモ":"",
				"_markerType": "Icon",
				"_iconUrl": "https://maps.gsi.go.jp/portal/sys/v4/symbols/828.png",
				"_iconSize": [
					16,
					16
				],
				"_iconAnchor": [
					8,
					8
				]
			}
		},
		{
			"type": "Feature",
			"geometry": {
				"type": "Point",
				"coordinates": [
					 140.6379,
					 36.9857
				]
			},
			"properties": {
				"name": "JA/FS-233(焼倉)",
				"読み":"Yakikura",
				"標高":"740m 4pt ",
				"GL":"QM06hx",
				"市郡区":"C#0715 ",
				"登山日":"",
				"メモ":"",
				"_markerType": "Icon",
				"_iconUrl": "https://maps.gsi.go.jp/portal/sys/v4/symbols/828.png",
				"_iconSize": [
					16,
					16
				],
				"_iconAnchor": [
					8,
					8
				]
			}
		},
		{
			"type": "Feature",
			"geometry": {
				"type": "Point",
				"coordinates": [
					 140.8516,
					 37.426
				]
			},
			"properties": {
				"name": "JA/FS-234(点711)",
				"読み":"P771",
				"標高":"727m 4pt ",
				"GL":"QM07kk",
				"市郡区":"C#0717 / G#07015G ",
				"登山日":"",
				"メモ":"",
				"_markerType": "Icon",
				"_iconUrl": "https://maps.gsi.go.jp/portal/sys/v4/symbols/828.png",
				"_iconSize": [
					16,
					16
				],
				"_iconAnchor": [
					8,
					8
				]
			}
		},
		{
			"type": "Feature",
			"geometry": {
				"type": "Point",
				"coordinates": [
					 140.078,
					 37.4021
				]
			},
			"properties": {
				"name": "JA/FS-235(片岸山)",
				"読み":"Katagishiyama",
				"標高":"711m 4pt ",
				"GL":"QM07aj",
				"市郡区":"C#0703 ",
				"登山日":"",
				"メモ":"",
				"_markerType": "Icon",
				"_iconUrl": "https://maps.gsi.go.jp/portal/sys/v4/symbols/828.png",
				"_iconSize": [
					16,
					16
				],
				"_iconAnchor": [
					8,
					8
				]
			}
		},
		{
			"type": "Feature",
			"geometry": {
				"type": "Point",
				"coordinates": [
					 140.6365,
					 37.3409
				]
			},
			"properties": {
				"name": "JA/FS-236(津花平山)",
				"読み":"Tsubandairayama",
				"標高":"710m 4pt ",
				"GL":"QM07hi",
				"市郡区":"G#07012E / C#0717 ",
				"登山日":"",
				"メモ":"",
				"_markerType": "Icon",
				"_iconUrl": "https://maps.gsi.go.jp/portal/sys/v4/symbols/828.png",
				"_iconSize": [
					16,
					16
				],
				"_iconAnchor": [
					8,
					8
				]
			}
		},
		{
			"type": "Feature",
			"geometry": {
				"type": "Point",
				"coordinates": [
					 139.9281,
					 37.6936
				]
			},
			"properties": {
				"name": "JA/FS-237(大仏山)",
				"読み":"Daibutsuyama",
				"標高":"710m 4pt ",
				"GL":"PM97xq",
				"市郡区":"C#0708 ",
				"登山日":"",
				"メモ":"",
				"_markerType": "Icon",
				"_iconUrl": "https://maps.gsi.go.jp/portal/sys/v4/symbols/828.png",
				"_iconSize": [
					16,
					16
				],
				"_iconAnchor": [
					8,
					8
				]
			}
		},
		{
			"type": "Feature",
			"geometry": {
				"type": "Point",
				"coordinates": [
					 140.2306,
					 37.502
				]
			},
			"properties": {
				"name": "JA/FS-238(見分山)",
				"読み":"Kenbunyama",
				"標高":"706m 4pt ",
				"GL":"QM07cm",
				"市郡区":"C#0703 ",
				"登山日":"",
				"メモ":"",
				"_markerType": "Icon",
				"_iconUrl": "https://maps.gsi.go.jp/portal/sys/v4/symbols/828.png",
				"_iconSize": [
					16,
					16
				],
				"_iconAnchor": [
					8,
					8
				]
			}
		},
		{
			"type": "Feature",
			"geometry": {
				"type": "Point",
				"coordinates": [
					 140.5817,
					 37.6179
				]
			},
			"properties": {
				"name": "JA/FS-239(鷹捕場山)",
				"読み":"Takatoribayama",
				"標高":"672m 4pt ",
				"GL":"QM07go",
				"市郡区":"G#07011H / C#0714 ",
				"登山日":"",
				"メモ":"",
				"_markerType": "Icon",
				"_iconUrl": "https://maps.gsi.go.jp/portal/sys/v4/symbols/828.png",
				"_iconSize": [
					16,
					16
				],
				"_iconAnchor": [
					8,
					8
				]
			}
		},
		{
			"type": "Feature",
			"geometry": {
				"type": "Point",
				"coordinates": [
					 140.6792,
					 36.9155
				]
			},
			"properties": {
				"name": "JA/FS-240(仏具山近傍)",
				"読み":"Near_Butsuguyama",
				"標高":"670m 4pt ",
				"GL":"QM06iv",
				"市郡区":"C#0715 ",
				"登山日":"",
				"メモ":"",
				"_markerType": "Icon",
				"_iconUrl": "https://maps.gsi.go.jp/portal/sys/v4/symbols/828.png",
				"_iconSize": [
					16,
					16
				],
				"_iconAnchor": [
					8,
					8
				]
			}
		},
		{
			"type": "Feature",
			"geometry": {
				"type": "Point",
				"coordinates": [
					 140.9103,
					 37.1934
				]
			},
			"properties": {
				"name": "JA/FS-241(三森山)",
				"読み":"Mitsumoriyama",
				"標高":"655m 4pt ",
				"GL":"QM07ke",
				"市郡区":"C#0715 ",
				"登山日":"",
				"メモ":"",
				"_markerType": "Icon",
				"_iconUrl": "https://maps.gsi.go.jp/portal/sys/v4/symbols/828.png",
				"_iconSize": [
					16,
					16
				],
				"_iconAnchor": [
					8,
					8
				]
			}
		},
		{
			"type": "Feature",
			"geometry": {
				"type": "Point",
				"coordinates": [
					 139.8073,
					 37.3864
				]
			},
			"properties": {
				"name": "JA/FS-242(点640)",
				"読み":"P640",
				"標高":"640m 2pt ",
				"GL":"PM97vj",
				"市郡区":"G#07006G ",
				"登山日":"",
				"メモ":"",
				"_markerType": "Icon",
				"_iconUrl": "https://maps.gsi.go.jp/portal/sys/v4/symbols/102.png",
				"_iconSize": [
					16,
					16
				],
				"_iconAnchor": [
					8,
					8
				]
			}
		},
		{
			"type": "Feature",
			"geometry": {
				"type": "Point",
				"coordinates": [
					 140.5425,
					 37.7124
				]
			},
			"properties": {
				"name": "JA/FS-243(天井山)",
				"読み":"Tenjyoyama",
				"標高":"532m 2pt ",
				"GL":"QM07gr",
				"市郡区":"C#0701 / C#0719 ",
				"登山日":"",
				"メモ":"",
				"_markerType": "Icon",
				"_iconUrl": "https://maps.gsi.go.jp/portal/sys/v4/symbols/102.png",
				"_iconSize": [
					16,
					16
				],
				"_iconAnchor": [
					8,
					8
				]
			}
		},
		{
			"type": "Feature",
			"geometry": {
				"type": "Point",
				"coordinates": [
					 140.3528,
					 36.9991
				]
			},
			"properties": {
				"name": "JA/FS-244(アミダ山)",
				"読み":"Amidayama",
				"標高":"528m 2pt ",
				"GL":"QM06ex",
				"市郡区":"G#07014C ",
				"登山日":"",
				"メモ":"",
				"_markerType": "Icon",
				"_iconUrl": "https://maps.gsi.go.jp/portal/sys/v4/symbols/102.png",
				"_iconSize": [
					16,
					16
				],
				"_iconAnchor": [
					8,
					8
				]
			}
		},
		{
			"type": "Feature",
			"geometry": {
				"type": "Point",
				"coordinates": [
					 140.2948,
					 37.1419
				]
			},
			"properties": {
				"name": "JA/FS-245(鳥峠)",
				"読み":"Karasutouge",
				"標高":"484m 1pt ",
				"GL":"QM07dd",
				"市郡区":"G#07013A ",
				"登山日":"",
				"メモ":"",
				"_markerType": "Icon",
				"_iconUrl": "https://maps.gsi.go.jp/portal/sys/v4/symbols/826.png",
				"_iconSize": [
					16,
					16
				],
				"_iconAnchor": [
					8,
					8
				]
			}
		},
		{
			"type": "Feature",
			"geometry": {
				"type": "Point",
				"coordinates": [
					 140.8771,
					 37.6552
				]
			},
			"properties": {
				"name": "JA/FS-246(十万劫)",
				"読み":"Jyumankou",
				"標高":"407m 1pt ",
				"GL":"QM07kp",
				"市郡区":"C#0718 ",
				"登山日":"",
				"メモ":"",
				"_markerType": "Icon",
				"_iconUrl": "https://maps.gsi.go.jp/portal/sys/v4/symbols/826.png",
				"_iconSize": [
					16,
					16
				],
				"_iconAnchor": [
					8,
					8
				]
			}
		},
		{
			"type": "Feature",
			"geometry": {
				"type": "Point",
				"coordinates": [
					 140.3906,
					 36.8553
				]
			},
			"properties": {
				"name": "JA/FS-247(天道塚)",
				"読み":"Tendoutsuka",
				"標高":"400m 1pt ",
				"GL":"QM06eu",
				"市郡区":"G#07014E ",
				"登山日":"",
				"メモ":"",
				"_markerType": "Icon",
				"_iconUrl": "https://maps.gsi.go.jp/portal/sys/v4/symbols/826.png",
				"_iconSize": [
					16,
					16
				],
				"_iconAnchor": [
					8,
					8
				]
			}
		},
		{
			"type": "Feature",
			"geometry": {
				"type": "Point",
				"coordinates": [
					 140.8619,
					 37.8798
				]
			},
			"properties": {
				"name": "JA/FS-248(五社壇)",
				"読み":"Gosyadan",
				"標高":"383m 1pt ",
				"GL":"QM07kv",
				"市郡区":"G#07010D / G#06001A ",
				"登山日":"",
				"メモ":"",
				"_markerType": "Icon",
				"_iconUrl": "https://maps.gsi.go.jp/portal/sys/v4/symbols/826.png",
				"_iconSize": [
					16,
					16
				],
				"_iconAnchor": [
					8,
					8
				]
			}
		},
		{
			"type": "Feature",
			"geometry": {
				"type": "Point",
				"coordinates": [
					 140.8844,
					 37.7053
				]
			},
			"properties": {
				"name": "JA/FS-249(点350)",
				"読み":"P350",
				"標高":"350m 1pt ",
				"GL":"QM07kq",
				"市郡区":"C#0718 ",
				"登山日":"",
				"メモ":"",
				"_markerType": "Icon",
				"_iconUrl": "https://maps.gsi.go.jp/portal/sys/v4/symbols/826.png",
				"_iconSize": [
					16,
					16
				],
				"_iconAnchor": [
					8,
					8
				]
			}
		},
		{
			"type": "Feature",
			"geometry": {
				"type": "Point",
				"coordinates": [
					 140.7264,
					 36.9814
				]
			},
			"properties": {
				"name": "JA/FS-250(陣野山)",
				"読み":"Jinnoyama",
				"標高":"269m 1pt ",
				"GL":"QM06ix",
				"市郡区":"C#0715 ",
				"登山日":"",
				"メモ":"",
				"_markerType": "Icon",
				"_iconUrl": "https://maps.gsi.go.jp/portal/sys/v4/symbols/826.png",
				"_iconSize": [
					16,
					16
				],
				"_iconAnchor": [
					8,
					8
				]
			}
		},
		{
			"type": "Feature",
			"geometry": {
				"type": "Point",
				"coordinates": [
					 139.710546,
					 37.082689
				]
			},
			"properties": {
				"name": "JA/FS-251(点1139)",
				"読み":"P1139",
				"標高":"1139m 8pt ",
				"GL":"PM97ub",
				"市郡区":"G#07016H ",
				"登山日":"",
				"メモ":"",
				"_markerType": "Icon",
				"_iconUrl": "https://maps.gsi.go.jp/portal/sys/v4/symbols/104.png",
				"_iconSize": [
					16,
					16
				],
				"_iconAnchor": [
					8,
					8
				]
			}
		},
		{
			"type": "Feature",
			"geometry": {
				"type": "Point",
				"coordinates": [
					 139.700603,
					 37.101989
				]
			},
			"properties": {
				"name": "JA/FS-252(おおぎのま山)",
				"読み":"Ooginomayama",
				"標高":"1095m 6pt ",
				"GL":"PM97uc",
				"市郡区":"G#07016H ",
				"登山日":"",
				"メモ":"",
				"_markerType": "Icon",
				"_iconUrl": "https://maps.gsi.go.jp/portal/sys/v4/symbols/103.png",
				"_iconSize": [
					16,
					16
				],
				"_iconAnchor": [
					8,
					8
				]
			}
		},
		{
			"type": "Feature",
			"geometry": {
				"type": "Point",
				"coordinates": [
					 140.179641,
					 37.447023
				]
			},
			"properties": {
				"name": "JA/FS-253(若栗山)",
				"読み":"Wakakuriyama",
				"標高":"1030m 6pt ",
				"GL":"QM07ck",
				"市郡区":"C#0703 ",
				"登山日":"",
				"メモ":"",
				"_markerType": "Icon",
				"_iconUrl": "https://maps.gsi.go.jp/portal/sys/v4/symbols/103.png",
				"_iconSize": [
					16,
					16
				],
				"_iconAnchor": [
					8,
					8
				]
			}
		},
		{
			"type": "Feature",
			"geometry": {
				"type": "Point",
				"coordinates": [
					 141.001,
					 39.8526
				]
			},
			"properties": {
				"name": "JA/IT-001(岩手山)",
				"読み":"Iwatesan",
				"標高":"2038m 10pt ",
				"GL":"QM09mu",
				"市郡区":"C#0314 / C#0316 ",
				"登山日":"",
				"メモ":"",
				"_markerType": "Icon",
				"_iconUrl": "https://maps.gsi.go.jp/portal/sys/v4/symbols/101.png",
				"_iconSize": [
					16,
					16
				],
				"_iconAnchor": [
					8,
					8
				]
			}
		},
		{
			"type": "Feature",
			"geometry": {
				"type": "Point",
				"coordinates": [
					 141.489,
					 39.5584
				]
			},
			"properties": {
				"name": "JA/IT-002(早池峰山)",
				"読み":"Hayachinesan",
				"標高":"1917m 10pt ",
				"GL":"QM09rn",
				"市郡区":"C#0307 / C#0303 / C#0310",
				"登山日":"",
				"メモ":"",
				"_markerType": "Icon",
				"_iconUrl": "https://maps.gsi.go.jp/portal/sys/v4/symbols/101.png",
				"_iconSize": [
					16,
					16
				],
				"_iconAnchor": [
					8,
					8
				]
			}
		},
		{
			"type": "Feature",
			"geometry": {
				"type": "Point",
				"coordinates": [
					 141.4957,
					 39.5299
				]
			},
			"properties": {
				"name": "JA/IT-003(薬師岳)",
				"読み":"Yakushidake",
				"標高":"1645m 10pt ",
				"GL":"QM09rm",
				"市郡区":"C#0307 / C#0310 ",
				"登山日":"",
				"メモ":"",
				"_markerType": "Icon",
				"_iconUrl": "https://maps.gsi.go.jp/portal/sys/v4/symbols/101.png",
				"_iconSize": [
					16,
					16
				],
				"_iconAnchor": [
					8,
					8
				]
			}
		},
		{
			"type": "Feature",
			"geometry": {
				"type": "Point",
				"coordinates": [
					 140.8906,
					 39.8808
				]
			},
			"properties": {
				"name": "JA/IT-004(源太ヶ岳)",
				"読み":"Gentagatake",
				"標高":"1545m 10pt ",
				"GL":"QM09kv",
				"市郡区":"C#0314 ",
				"登山日":"",
				"メモ":"",
				"_markerType": "Icon",
				"_iconUrl": "https://maps.gsi.go.jp/portal/sys/v4/symbols/101.png",
				"_iconSize": [
					16,
					16
				],
				"_iconAnchor": [
					8,
					8
				]
			}
		},
		{
			"type": "Feature",
			"geometry": {
				"type": "Point",
				"coordinates": [
					 140.8541,
					 39.9578
				]
			},
			"properties": {
				"name": "JA/IT-005(八幡平)",
				"読み":"Hachimantai",
				"標高":"1545m 10pt ",
				"GL":"QM09kw",
				"市郡区":"C#0314 / C#0415 ",
				"登山日":"",
				"メモ":"",
				"_markerType": "Icon",
				"_iconUrl": "https://maps.gsi.go.jp/portal/sys/v4/symbols/101.png",
				"_iconSize": [
					16,
					16
				],
				"_iconAnchor": [
					8,
					8
				]
			}
		},
		{
			"type": "Feature",
			"geometry": {
				"type": "Point",
				"coordinates": [
					 140.8288,
					 39.1637
				]
			},
			"properties": {
				"name": "JA/IT-006(焼石岳)",
				"読み":"Yakeishidake",
				"標高":"1547m 10pt ",
				"GL":"QM09jd",
				"市郡区":"C#0315 ",
				"登山日":"",
				"メモ":"",
				"_markerType": "Icon",
				"_iconUrl": "https://maps.gsi.go.jp/portal/sys/v4/symbols/101.png",
				"_iconSize": [
					16,
					16
				],
				"_iconAnchor": [
					8,
					8
				]
			}
		},
		{
			"type": "Feature",
			"geometry": {
				"type": "Point",
				"coordinates": [
					 140.8454,
					 39.7915
				]
			},
			"properties": {
				"name": "JA/IT-007(笊森山)",
				"読み":"Zarumoriyama",
				"標高":"1541m 10pt ",
				"GL":"QM09ks",
				"市郡区":"G#03002D / C#0415 ",
				"登山日":"",
				"メモ":"",
				"_markerType": "Icon",
				"_iconUrl": "https://maps.gsi.go.jp/portal/sys/v4/symbols/101.png",
				"_iconSize": [
					16,
					16
				],
				"_iconAnchor": [
					8,
					8
				]
			}
		},
		{
			"type": "Feature",
			"geometry": {
				"type": "Point",
				"coordinates": [
					 140.7542,
					 39.5704
				]
			},
			"properties": {
				"name": "JA/IT-008(和賀岳)",
				"読み":"Wagadake",
				"標高":"1440m 8pt ",
				"GL":"QM09jn",
				"市郡区":"G#03013F / C#0415 ",
				"登山日":"",
				"メモ":"",
				"_markerType": "Icon",
				"_iconUrl": "https://maps.gsi.go.jp/portal/sys/v4/symbols/104.png",
				"_iconSize": [
					16,
					16
				],
				"_iconAnchor": [
					8,
					8
				]
			}
		},
		{
			"type": "Feature",
			"geometry": {
				"type": "Point",
				"coordinates": [
					 140.8887,
					 39.1809
				]
			},
			"properties": {
				"name": "JA/IT-009(経塚山)",
				"読み":"Kyouzukayama",
				"標高":"1372m 8pt ",
				"GL":"QM09ke",
				"市郡区":"C#0308 / C#0315 ",
				"登山日":"",
				"メモ":"",
				"_markerType": "Icon",
				"_iconUrl": "https://maps.gsi.go.jp/portal/sys/v4/symbols/104.png",
				"_iconSize": [
					16,
					16
				],
				"_iconAnchor": [
					8,
					8
				]
			}
		},
		{
			"type": "Feature",
			"geometry": {
				"type": "Point",
				"coordinates": [
					 141.4835,
					 39.6975
				]
			},
			"properties": {
				"name": "JA/IT-010(青松葉山)",
				"読み":"Aomatsubayama",
				"標高":"1365m 8pt ",
				"GL":"QM09rq",
				"市郡区":"C#0303 / G#03007E ",
				"登山日":"",
				"メモ":"",
				"_markerType": "Icon",
				"_iconUrl": "https://maps.gsi.go.jp/portal/sys/v4/symbols/104.png",
				"_iconSize": [
					16,
					16
				],
				"_iconAnchor": [
					8,
					8
				]
			}
		},
		{
			"type": "Feature",
			"geometry": {
				"type": "Point",
				"coordinates": [
					 141.7321,
					 39.2054
				]
			},
			"properties": {
				"name": "JA/IT-011(五葉山(日の出岩))",
				"読み":"Goyouzan(Hinodeiwa)",
				"標高":"1351m 8pt ",
				"GL":"QM09ue",
				"市郡区":"C#0302 / G#03006B ",
				"登山日":"",
				"メモ":"",
				"_markerType": "Icon",
				"_iconUrl": "https://maps.gsi.go.jp/portal/sys/v4/symbols/104.png",
				"_iconSize": [
					16,
					16
				],
				"_iconAnchor": [
					8,
					8
				]
			}
		},
		{
			"type": "Feature",
			"geometry": {
				"type": "Point",
				"coordinates": [
					 140.7998,
					 39.8816
				]
			},
			"properties": {
				"name": "JA/IT-012(曲崎山)",
				"読み":"Magarisakiyama",
				"標高":"1334m 8pt ",
				"GL":"QM09jv",
				"市郡区":"G#03002D / C#0415 ",
				"登山日":"",
				"メモ":"",
				"_markerType": "Icon",
				"_iconUrl": "https://maps.gsi.go.jp/portal/sys/v4/symbols/104.png",
				"_iconSize": [
					16,
					16
				],
				"_iconAnchor": [
					8,
					8
				]
			}
		},
		{
			"type": "Feature",
			"geometry": {
				"type": "Point",
				"coordinates": [
					 141.6264,
					 39.7503
				]
			},
			"properties": {
				"name": "JA/IT-013(堺ノ神岳)",
				"読み":"Sakainokamidake",
				"標高":"1319m 8pt ",
				"GL":"QM09ts",
				"市郡区":"C#0303 / G#03007E ",
				"登山日":"",
				"メモ":"",
				"_markerType": "Icon",
				"_iconUrl": "https://maps.gsi.go.jp/portal/sys/v4/symbols/104.png",
				"_iconSize": [
					16,
					16
				],
				"_iconAnchor": [
					8,
					8
				]
			}
		},
		{
			"type": "Feature",
			"geometry": {
				"type": "Point",
				"coordinates": [
					 141.7093,
					 39.3256
				]
			},
			"properties": {
				"name": "JA/IT-014(雄岳)",
				"読み":"Odake",
				"標高":"1312m 8pt ",
				"GL":"QM09uh",
				"市郡区":"C#0302 ",
				"登山日":"",
				"メモ":"",
				"_markerType": "Icon",
				"_iconUrl": "https://maps.gsi.go.jp/portal/sys/v4/symbols/104.png",
				"_iconSize": [
					16,
					16
				],
				"_iconAnchor": [
					8,
					8
				]
			}
		},
		{
			"type": "Feature",
			"geometry": {
				"type": "Point",
				"coordinates": [
					 141.6045,
					 39.7118
				]
			},
			"properties": {
				"name": "JA/IT-015(害鷹森)",
				"読み":"Gaitakamori",
				"標高":"1304m 8pt ",
				"GL":"QM09tr",
				"市郡区":"C#0303 / G#03007E ",
				"登山日":"",
				"メモ":"",
				"_markerType": "Icon",
				"_iconUrl": "https://maps.gsi.go.jp/portal/sys/v4/symbols/104.png",
				"_iconSize": [
					16,
					16
				],
				"_iconAnchor": [
					8,
					8
				]
			}
		},
		{
			"type": "Feature",
			"geometry": {
				"type": "Point",
				"coordinates": [
					 141.6502,
					 39.3183
				]
			},
			"properties": {
				"name": "JA/IT-016(六角牛山)",
				"読み":"Rokkoushisan",
				"標高":"1293m 8pt ",
				"GL":"QM09th",
				"市郡区":"C#0310 ",
				"登山日":"",
				"メモ":"",
				"_markerType": "Icon",
				"_iconUrl": "https://maps.gsi.go.jp/portal/sys/v4/symbols/104.png",
				"_iconSize": [
					16,
					16
				],
				"_iconAnchor": [
					8,
					8
				]
			}
		},
		{
			"type": "Feature",
			"geometry": {
				"type": "Point",
				"coordinates": [
					 141.6443,
					 40.0207
				]
			},
			"properties": {
				"name": "JA/IT-017(遠島山)",
				"読み":"Toojimayama",
				"標高":"1262m 8pt ",
				"GL":"QN00ta",
				"市郡区":"G#03007E / C#0309 ",
				"登山日":"",
				"メモ":"",
				"_markerType": "Icon",
				"_iconUrl": "https://maps.gsi.go.jp/portal/sys/v4/symbols/104.png",
				"_iconSize": [
					16,
					16
				],
				"_iconAnchor": [
					8,
					8
				]
			}
		},
		{
			"type": "Feature",
			"geometry": {
				"type": "Point",
				"coordinates": [
					 141.4243,
					 39.7108
				]
			},
			"properties": {
				"name": "JA/IT-018(框取山)",
				"読み":"Hitsutoriyama",
				"標高":"1261m 8pt ",
				"GL":"QM09rr",
				"市郡区":"G#03007E ",
				"登山日":"",
				"メモ":"",
				"_markerType": "Icon",
				"_iconUrl": "https://maps.gsi.go.jp/portal/sys/v4/symbols/104.png",
				"_iconSize": [
					16,
					16
				],
				"_iconAnchor": [
					8,
					8
				]
			}
		},
		{
			"type": "Feature",
			"geometry": {
				"type": "Point",
				"coordinates": [
					 141.4253,
					 39.7576
				]
			},
			"properties": {
				"name": "JA/IT-019(薮川沢頭)",
				"読み":"Yabukawazawakashira",
				"標高":"1259m 8pt ",
				"GL":"QM09rs",
				"市郡区":"G#03007E / C#0301 ",
				"登山日":"",
				"メモ":"",
				"_markerType": "Icon",
				"_iconUrl": "https://maps.gsi.go.jp/portal/sys/v4/symbols/104.png",
				"_iconSize": [
					16,
					16
				],
				"_iconAnchor": [
					8,
					8
				]
			}
		},
		{
			"type": "Feature",
			"geometry": {
				"type": "Point",
				"coordinates": [
					 141.541,
					 40.038
				]
			},
			"properties": {
				"name": "JA/IT-020(安家森)",
				"読み":"Akkamori",
				"標高":"1239m 8pt ",
				"GL":"QN00sa",
				"市郡区":"G#03007E ",
				"登山日":"",
				"メモ":"",
				"_markerType": "Icon",
				"_iconUrl": "https://maps.gsi.go.jp/portal/sys/v4/symbols/104.png",
				"_iconSize": [
					16,
					16
				],
				"_iconAnchor": [
					8,
					8
				]
			}
		},
		{
			"type": "Feature",
			"geometry": {
				"type": "Point",
				"coordinates": [
					 141.7811,
					 39.7269
				]
			},
			"properties": {
				"name": "JA/IT-021(峠ノ神山)",
				"読み":"Tougenokamiyama",
				"標高":"1229m 8pt ",
				"GL":"QM09vr",
				"市郡区":"C#0303 / G#03007E ",
				"登山日":"",
				"メモ":"",
				"_markerType": "Icon",
				"_iconUrl": "https://maps.gsi.go.jp/portal/sys/v4/symbols/104.png",
				"_iconSize": [
					16,
					16
				],
				"_iconAnchor": [
					8,
					8
				]
			}
		},
		{
			"type": "Feature",
			"geometry": {
				"type": "Point",
				"coordinates": [
					 141.7032,
					 39.2185
				]
			},
			"properties": {
				"name": "JA/IT-022(愛染山)",
				"読み":"Aizensan",
				"標高":"1228m 8pt ",
				"GL":"QM09uf",
				"市郡区":"G#03006B / C#0302 ",
				"登山日":"",
				"メモ":"",
				"_markerType": "Icon",
				"_iconUrl": "https://maps.gsi.go.jp/portal/sys/v4/symbols/104.png",
				"_iconSize": [
					16,
					16
				],
				"_iconAnchor": [
					8,
					8
				]
			}
		},
		{
			"type": "Feature",
			"geometry": {
				"type": "Point",
				"coordinates": [
					 140.7851,
					 39.842
				]
			},
			"properties": {
				"name": "JA/IT-023(大白森)",
				"読み":"Ooshiromori",
				"標高":"1216m 8pt ",
				"GL":"QM09ju",
				"市郡区":"G#03002D / C#0415 ",
				"登山日":"",
				"メモ":"",
				"_markerType": "Icon",
				"_iconUrl": "https://maps.gsi.go.jp/portal/sys/v4/symbols/104.png",
				"_iconSize": [
					16,
					16
				],
				"_iconAnchor": [
					8,
					8
				]
			}
		},
		{
			"type": "Feature",
			"geometry": {
				"type": "Point",
				"coordinates": [
					 141.403,
					 39.6036
				]
			},
			"properties": {
				"name": "JA/IT-024(点1216(桐ノ木沢山近傍))",
				"読み":"P1216",
				"標高":"1216m 8pt ",
				"GL":"QM09qo",
				"市郡区":"C#0303 / C#0301 ",
				"登山日":"",
				"メモ":"",
				"_markerType": "Icon",
				"_iconUrl": "https://maps.gsi.go.jp/portal/sys/v4/symbols/104.png",
				"_iconSize": [
					16,
					16
				],
				"_iconAnchor": [
					8,
					8
				]
			}
		},
		{
			"type": "Feature",
			"geometry": {
				"type": "Point",
				"coordinates": [
					 141.6805,
					 39.2943
				]
			},
			"properties": {
				"name": "JA/IT-025(点1184)",
				"読み":"P1184",
				"標高":"1184m 8pt ",
				"GL":"QM09uh",
				"市郡区":"C#0310 / C#0302 ",
				"登山日":"",
				"メモ":"",
				"_markerType": "Icon",
				"_iconUrl": "https://maps.gsi.go.jp/portal/sys/v4/symbols/104.png",
				"_iconSize": [
					16,
					16
				],
				"_iconAnchor": [
					8,
					8
				]
			}
		},
		{
			"type": "Feature",
			"geometry": {
				"type": "Point",
				"coordinates": [
					 141.4854,
					 39.9001
				]
			},
			"properties": {
				"name": "JA/IT-026(三巣子岳)",
				"読み":"Misugodake",
				"標高":"1182m 8pt ",
				"GL":"QM09rv",
				"市郡区":"G#03002C / G#03007E ",
				"登山日":"",
				"メモ":"",
				"_markerType": "Icon",
				"_iconUrl": "https://maps.gsi.go.jp/portal/sys/v4/symbols/104.png",
				"_iconSize": [
					16,
					16
				],
				"_iconAnchor": [
					8,
					8
				]
			}
		},
		{
			"type": "Feature",
			"geometry": {
				"type": "Point",
				"coordinates": [
					 141.607,
					 40.023
				]
			},
			"properties": {
				"name": "JA/IT-027(蓬森)",
				"読み":"Yomogimori",
				"標高":"1174m 8pt ",
				"GL":"QN00ta",
				"市郡区":"G#03007E ",
				"登山日":"",
				"メモ":"",
				"_markerType": "Icon",
				"_iconUrl": "https://maps.gsi.go.jp/portal/sys/v4/symbols/104.png",
				"_iconSize": [
					16,
					16
				],
				"_iconAnchor": [
					8,
					8
				]
			}
		},
		{
			"type": "Feature",
			"geometry": {
				"type": "Point",
				"coordinates": [
					 141.7208,
					 39.4464
				]
			},
			"properties": {
				"name": "JA/IT-028(白見山)",
				"読み":"Shiramiyama",
				"標高":"1172m 8pt ",
				"GL":"QM09uk",
				"市郡区":"C#0310 / C#0303 / G#03004A",
				"登山日":"",
				"メモ":"",
				"_markerType": "Icon",
				"_iconUrl": "https://maps.gsi.go.jp/portal/sys/v4/symbols/104.png",
				"_iconSize": [
					16,
					16
				],
				"_iconAnchor": [
					8,
					8
				]
			}
		},
		{
			"type": "Feature",
			"geometry": {
				"type": "Point",
				"coordinates": [
					 141.6279,
					 39.9385
				]
			},
			"properties": {
				"name": "JA/IT-029(穴目ヶ岳)",
				"読み":"Anamegatake",
				"標高":"1168m 8pt ",
				"GL":"QM09tw",
				"市郡区":"G#03007E ",
				"登山日":"",
				"メモ":"",
				"_markerType": "Icon",
				"_iconUrl": "https://maps.gsi.go.jp/portal/sys/v4/symbols/104.png",
				"_iconSize": [
					16,
					16
				],
				"_iconAnchor": [
					8,
					8
				]
			}
		},
		{
			"type": "Feature",
			"geometry": {
				"type": "Point",
				"coordinates": [
					 140.7857,
					 39.0215
				]
			},
			"properties": {
				"name": "JA/IT-030(大薊山)",
				"読み":"Ooazamiyama",
				"標高":"1166m 8pt ",
				"GL":"QM09ja",
				"市郡区":"C#0315 / G#04001A ",
				"登山日":"",
				"メモ":"",
				"_markerType": "Icon",
				"_iconUrl": "https://maps.gsi.go.jp/portal/sys/v4/symbols/104.png",
				"_iconSize": [
					16,
					16
				],
				"_iconAnchor": [
					8,
					8
				]
			}
		},
		{
			"type": "Feature",
			"geometry": {
				"type": "Point",
				"coordinates": [
					 141.7484,
					 39.5293
				]
			},
			"properties": {
				"name": "JA/IT-031(蓬平(三角点))",
				"読み":"Yomogidaira",
				"標高":"1160m 8pt ",
				"GL":"QM09um",
				"市郡区":"G#03004A / C#0303 / G#03007G",
				"登山日":"",
				"メモ":"",
				"_markerType": "Icon",
				"_iconUrl": "https://maps.gsi.go.jp/portal/sys/v4/symbols/104.png",
				"_iconSize": [
					16,
					16
				],
				"_iconAnchor": [
					8,
					8
				]
			}
		},
		{
			"type": "Feature",
			"geometry": {
				"type": "Point",
				"coordinates": [
					 141.2469,
					 39.844
				]
			},
			"properties": {
				"name": "JA/IT-032(姫神山)",
				"読み":"Himekamisan",
				"標高":"1124m 8pt ",
				"GL":"QM09ou",
				"市郡区":"C#0301 ",
				"登山日":"",
				"メモ":"",
				"_markerType": "Icon",
				"_iconUrl": "https://maps.gsi.go.jp/portal/sys/v4/symbols/104.png",
				"_iconSize": [
					16,
					16
				],
				"_iconAnchor": [
					8,
					8
				]
			}
		},
		{
			"type": "Feature",
			"geometry": {
				"type": "Point",
				"coordinates": [
					 140.8609,
					 40.1684
				]
			},
			"properties": {
				"name": "JA/IT-033(皮投岳)",
				"読み":"Kawanagedake",
				"標高":"1122m 8pt ",
				"GL":"QN00ke",
				"市郡区":"C#0314 / C#0409 ",
				"登山日":"",
				"メモ":"",
				"_markerType": "Icon",
				"_iconUrl": "https://maps.gsi.go.jp/portal/sys/v4/symbols/104.png",
				"_iconSize": [
					16,
					16
				],
				"_iconAnchor": [
					8,
					8
				]
			}
		},
		{
			"type": "Feature",
			"geometry": {
				"type": "Point",
				"coordinates": [
					 141.6782,
					 39.646
				]
			},
			"properties": {
				"name": "JA/IT-034(箱石(三角点))",
				"読み":"Hakoishi",
				"標高":"1117m 8pt ",
				"GL":"QM09up",
				"市郡区":"C#0303 ",
				"登山日":"",
				"メモ":"",
				"_markerType": "Icon",
				"_iconUrl": "https://maps.gsi.go.jp/portal/sys/v4/symbols/104.png",
				"_iconSize": [
					16,
					16
				],
				"_iconAnchor": [
					8,
					8
				]
			}
		},
		{
			"type": "Feature",
			"geometry": {
				"type": "Point",
				"coordinates": [
					 141.7228,
					 39.9108
				]
			},
			"properties": {
				"name": "JA/IT-036(黒森山)",
				"読み":"Kuromoriyama",
				"標高":"1106m 8pt ",
				"GL":"QM09uv",
				"市郡区":"G#03007E ",
				"登山日":"",
				"メモ":"",
				"_markerType": "Icon",
				"_iconUrl": "https://maps.gsi.go.jp/portal/sys/v4/symbols/104.png",
				"_iconSize": [
					16,
					16
				],
				"_iconAnchor": [
					8,
					8
				]
			}
		},
		{
			"type": "Feature",
			"geometry": {
				"type": "Point",
				"coordinates": [
					 140.7674,
					 39.2092
				]
			},
			"properties": {
				"name": "JA/IT-037(点1106)",
				"読み":"P1106",
				"標高":"1106m 8pt ",
				"GL":"QM09jf",
				"市郡区":"G#03013F / C#0404 / G#04001A",
				"登山日":"",
				"メモ":"",
				"_markerType": "Icon",
				"_iconUrl": "https://maps.gsi.go.jp/portal/sys/v4/symbols/104.png",
				"_iconSize": [
					16,
					16
				],
				"_iconAnchor": [
					8,
					8
				]
			}
		},
		{
			"type": "Feature",
			"geometry": {
				"type": "Point",
				"coordinates": [
					 141.7041,
					 39.7536
				]
			},
			"properties": {
				"name": "JA/IT-038(甲地(三角点))",
				"読み":"Katchi",
				"標高":"1105m 8pt ",
				"GL":"QM09us",
				"市郡区":"G#03007E / C#0303 ",
				"登山日":"",
				"メモ":"",
				"_markerType": "Icon",
				"_iconUrl": "https://maps.gsi.go.jp/portal/sys/v4/symbols/104.png",
				"_iconSize": [
					16,
					16
				],
				"_iconAnchor": [
					8,
					8
				]
			}
		},
		{
			"type": "Feature",
			"geometry": {
				"type": "Point",
				"coordinates": [
					 140.7992,
					 39.124
				]
			},
			"properties": {
				"name": "JA/IT-039(笹森山)",
				"読み":"Sasamoriyama",
				"標高":"1090m 6pt ",
				"GL":"QM09jc",
				"市郡区":"C#0315 ",
				"登山日":"",
				"メモ":"",
				"_markerType": "Icon",
				"_iconUrl": "https://maps.gsi.go.jp/portal/sys/v4/symbols/103.png",
				"_iconSize": [
					16,
					16
				],
				"_iconAnchor": [
					8,
					8
				]
			}
		},
		{
			"type": "Feature",
			"geometry": {
				"type": "Point",
				"coordinates": [
					 141.0462,
					 40.1986
				]
			},
			"properties": {
				"name": "JA/IT-040(稲庭岳)",
				"読み":"Inaniwadake",
				"標高":"1078m 6pt ",
				"GL":"QN00me",
				"市郡区":"C#0313 ",
				"登山日":"",
				"メモ":"",
				"_markerType": "Icon",
				"_iconUrl": "https://maps.gsi.go.jp/portal/sys/v4/symbols/103.png",
				"_iconSize": [
					16,
					16
				],
				"_iconAnchor": [
					8,
					8
				]
			}
		},
		{
			"type": "Feature",
			"geometry": {
				"type": "Point",
				"coordinates": [
					 141.5881,
					 39.8293
				]
			},
			"properties": {
				"name": "JA/IT-041(焼倉山)",
				"読み":"Yakikurayama",
				"標高":"1068m 6pt ",
				"GL":"QM09tt",
				"市郡区":"G#03007E ",
				"登山日":"",
				"メモ":"",
				"_markerType": "Icon",
				"_iconUrl": "https://maps.gsi.go.jp/portal/sys/v4/symbols/103.png",
				"_iconSize": [
					16,
					16
				],
				"_iconAnchor": [
					8,
					8
				]
			}
		},
		{
			"type": "Feature",
			"geometry": {
				"type": "Point",
				"coordinates": [
					 141.1056,
					 40.0693
				]
			},
			"properties": {
				"name": "JA/IT-042(七時雨山)",
				"読み":"Nanashigureyama",
				"標高":"1063m 6pt ",
				"GL":"QN00nb",
				"市郡区":"C#0314 ",
				"登山日":"",
				"メモ":"",
				"_markerType": "Icon",
				"_iconUrl": "https://maps.gsi.go.jp/portal/sys/v4/symbols/103.png",
				"_iconSize": [
					16,
					16
				],
				"_iconAnchor": [
					8,
					8
				]
			}
		},
		{
			"type": "Feature",
			"geometry": {
				"type": "Point",
				"coordinates": [
					 140.6765,
					 39.4479
				]
			},
			"properties": {
				"name": "JA/IT-043(真昼岳)",
				"読み":"Mahirudake",
				"標高":"1059m 6pt ",
				"GL":"QM09ik",
				"市郡区":"G#03013F / G#04005N ",
				"登山日":"",
				"メモ":"",
				"_markerType": "Icon",
				"_iconUrl": "https://maps.gsi.go.jp/portal/sys/v4/symbols/103.png",
				"_iconSize": [
					16,
					16
				],
				"_iconAnchor": [
					8,
					8
				]
			}
		},
		{
			"type": "Feature",
			"geometry": {
				"type": "Point",
				"coordinates": [
					 140.923,
					 40.0682
				]
			},
			"properties": {
				"name": "JA/IT-044(高倉山)",
				"読み":"Takakurayama",
				"標高":"1051m 6pt ",
				"GL":"QN00lb",
				"市郡区":"C#0314 ",
				"登山日":"",
				"メモ":"",
				"_markerType": "Icon",
				"_iconUrl": "https://maps.gsi.go.jp/portal/sys/v4/symbols/103.png",
				"_iconSize": [
					16,
					16
				],
				"_iconAnchor": [
					8,
					8
				]
			}
		},
		{
			"type": "Feature",
			"geometry": {
				"type": "Point",
				"coordinates": [
					 141.4564,
					 39.3741
				]
			},
			"properties": {
				"name": "JA/IT-045(石上山)",
				"読み":"Ishikamiyama",
				"標高":"1037m 6pt ",
				"GL":"QM09ri",
				"市郡区":"C#0310 ",
				"登山日":"",
				"メモ":"",
				"_markerType": "Icon",
				"_iconUrl": "https://maps.gsi.go.jp/portal/sys/v4/symbols/103.png",
				"_iconSize": [
					16,
					16
				],
				"_iconAnchor": [
					8,
					8
				]
			}
		},
		{
			"type": "Feature",
			"geometry": {
				"type": "Point",
				"coordinates": [
					 140.9444,
					 40.246
				]
			},
			"properties": {
				"name": "JA/IT-046(中岳)",
				"読み":"Nakadake",
				"標高":"1024m 6pt ",
				"GL":"QN00lf",
				"市郡区":"C#0314 / C#0409 ",
				"登山日":"",
				"メモ":"",
				"_markerType": "Icon",
				"_iconUrl": "https://maps.gsi.go.jp/portal/sys/v4/symbols/103.png",
				"_iconSize": [
					16,
					16
				],
				"_iconAnchor": [
					8,
					8
				]
			}
		},
		{
			"type": "Feature",
			"geometry": {
				"type": "Point",
				"coordinates": [
					 141.7447,
					 39.4254
				]
			},
			"properties": {
				"name": "JA/IT-047(毛氈流(三角点))",
				"読み":"Mousennagare",
				"標高":"1021m 6pt ",
				"GL":"QM09uk",
				"市郡区":"G#03004A ",
				"登山日":"",
				"メモ":"",
				"_markerType": "Icon",
				"_iconUrl": "https://maps.gsi.go.jp/portal/sys/v4/symbols/103.png",
				"_iconSize": [
					16,
					16
				],
				"_iconAnchor": [
					8,
					8
				]
			}
		},
		{
			"type": "Feature",
			"geometry": {
				"type": "Point",
				"coordinates": [
					 141.172,
					 40.0856
				]
			},
			"properties": {
				"name": "JA/IT-048(西岳)",
				"読み":"Nishidake",
				"標高":"1018m 6pt ",
				"GL":"QN00oc",
				"市郡区":"G#03010C ",
				"登山日":"",
				"メモ":"",
				"_markerType": "Icon",
				"_iconUrl": "https://maps.gsi.go.jp/portal/sys/v4/symbols/103.png",
				"_iconSize": [
					16,
					16
				],
				"_iconAnchor": [
					8,
					8
				]
			}
		},
		{
			"type": "Feature",
			"geometry": {
				"type": "Point",
				"coordinates": [
					 141.7833,
					 39.321
				]
			},
			"properties": {
				"name": "JA/IT-049(仙盤山)",
				"読み":"Senbagatake",
				"標高":"1015m 6pt ",
				"GL":"QM09vh",
				"市郡区":"C#0302 ",
				"登山日":"",
				"メモ":"",
				"_markerType": "Icon",
				"_iconUrl": "https://maps.gsi.go.jp/portal/sys/v4/symbols/103.png",
				"_iconSize": [
					16,
					16
				],
				"_iconAnchor": [
					8,
					8
				]
			}
		},
		{
			"type": "Feature",
			"geometry": {
				"type": "Point",
				"coordinates": [
					 141.6886,
					 39.2639
				]
			},
			"properties": {
				"name": "JA/IT-050(高清水山)",
				"読み":"Takasuzuyama",
				"標高":"1013m 6pt ",
				"GL":"QM09ug",
				"市郡区":"C#0310 / G#03006B ",
				"登山日":"",
				"メモ":"",
				"_markerType": "Icon",
				"_iconUrl": "https://maps.gsi.go.jp/portal/sys/v4/symbols/103.png",
				"_iconSize": [
					16,
					16
				],
				"_iconAnchor": [
					8,
					8
				]
			}
		},
		{
			"type": "Feature",
			"geometry": {
				"type": "Point",
				"coordinates": [
					 141.4313,
					 39.4096
				]
			},
			"properties": {
				"name": "JA/IT-051(高重山三角点（寺沢牧場近傍）)",
				"読み":"Takaeyama",
				"標高":"993m 6pt ",
				"GL":"QM09rj",
				"市郡区":"C#0310 ",
				"登山日":"",
				"メモ":"",
				"_markerType": "Icon",
				"_iconUrl": "https://maps.gsi.go.jp/portal/sys/v4/symbols/103.png",
				"_iconSize": [
					16,
					16
				],
				"_iconAnchor": [
					8,
					8
				]
			}
		},
		{
			"type": "Feature",
			"geometry": {
				"type": "Point",
				"coordinates": [
					 140.8431,
					 39.0203
				]
			},
			"properties": {
				"name": "JA/IT-052(祭畤山)",
				"読み":"Matsurubeyama",
				"標高":"990m 6pt ",
				"GL":"QM09ka",
				"市郡区":"C#0304 / C#0315 ",
				"登山日":"",
				"メモ":"",
				"_markerType": "Icon",
				"_iconUrl": "https://maps.gsi.go.jp/portal/sys/v4/symbols/103.png",
				"_iconSize": [
					16,
					16
				],
				"_iconAnchor": [
					8,
					8
				]
			}
		},
		{
			"type": "Feature",
			"geometry": {
				"type": "Point",
				"coordinates": [
					 141.7057,
					 39.2457
				]
			},
			"properties": {
				"name": "JA/IT-053(点990(土倉(三角点)近傍))",
				"読み":"P990",
				"標高":"990m 6pt ",
				"GL":"QM09uf",
				"市郡区":"G#03006B / C#0302 ",
				"登山日":"",
				"メモ":"",
				"_markerType": "Icon",
				"_iconUrl": "https://maps.gsi.go.jp/portal/sys/v4/symbols/103.png",
				"_iconSize": [
					16,
					16
				],
				"_iconAnchor": [
					8,
					8
				]
			}
		},
		{
			"type": "Feature",
			"geometry": {
				"type": "Point",
				"coordinates": [
					 141.6702,
					 39.6201
				]
			},
			"properties": {
				"name": "JA/IT-054(岩滝鼻(三角点))",
				"読み":"Iwadakinohana",
				"標高":"984m 6pt ",
				"GL":"QM09uo",
				"市郡区":"C#0303 ",
				"登山日":"",
				"メモ":"",
				"_markerType": "Icon",
				"_iconUrl": "https://maps.gsi.go.jp/portal/sys/v4/symbols/103.png",
				"_iconSize": [
					16,
					16
				],
				"_iconAnchor": [
					8,
					8
				]
			}
		},
		{
			"type": "Feature",
			"geometry": {
				"type": "Point",
				"coordinates": [
					 141.6608,
					 39.3516
				]
			},
			"properties": {
				"name": "JA/IT-055(権現山)",
				"読み":"Gongenyama",
				"標高":"970m 6pt ",
				"GL":"QM09ti",
				"市郡区":"C#0310 / C#0302 ",
				"登山日":"",
				"メモ":"",
				"_markerType": "Icon",
				"_iconUrl": "https://maps.gsi.go.jp/portal/sys/v4/symbols/103.png",
				"_iconSize": [
					16,
					16
				],
				"_iconAnchor": [
					8,
					8
				]
			}
		},
		{
			"type": "Feature",
			"geometry": {
				"type": "Point",
				"coordinates": [
					 140.9332,
					 39.4495
				]
			},
			"properties": {
				"name": "JA/IT-057(松倉山)",
				"読み":"Matsukurayama",
				"標高":"967m 6pt ",
				"GL":"QM09lk",
				"市郡区":"C#0307 ",
				"登山日":"",
				"メモ":"",
				"_markerType": "Icon",
				"_iconUrl": "https://maps.gsi.go.jp/portal/sys/v4/symbols/103.png",
				"_iconSize": [
					16,
					16
				],
				"_iconAnchor": [
					8,
					8
				]
			}
		},
		{
			"type": "Feature",
			"geometry": {
				"type": "Point",
				"coordinates": [
					 141.3096,
					 39.8028
				]
			},
			"properties": {
				"name": "JA/IT-058(大尺山)",
				"読み":"Daisyakuyama",
				"標高":"965m 6pt ",
				"GL":"QM09pt",
				"市郡区":"C#0301 ",
				"登山日":"",
				"メモ":"",
				"_markerType": "Icon",
				"_iconUrl": "https://maps.gsi.go.jp/portal/sys/v4/symbols/103.png",
				"_iconSize": [
					16,
					16
				],
				"_iconAnchor": [
					8,
					8
				]
			}
		},
		{
			"type": "Feature",
			"geometry": {
				"type": "Point",
				"coordinates": [
					 141.041,
					 40.0266
				]
			},
			"properties": {
				"name": "JA/IT-059(御月山)",
				"読み":"Otsukiyama",
				"標高":"954m 6pt ",
				"GL":"QN00ma",
				"市郡区":"C#0314 ",
				"登山日":"",
				"メモ":"",
				"_markerType": "Icon",
				"_iconUrl": "https://maps.gsi.go.jp/portal/sys/v4/symbols/103.png",
				"_iconSize": [
					16,
					16
				],
				"_iconAnchor": [
					8,
					8
				]
			}
		},
		{
			"type": "Feature",
			"geometry": {
				"type": "Point",
				"coordinates": [
					 141.3692,
					 40.0497
				]
			},
			"properties": {
				"name": "JA/IT-060(黒森山(三角点))",
				"読み":"Kuromoriyama",
				"標高":"947m 6pt ",
				"GL":"QN00qb",
				"市郡区":"G#03002C ",
				"登山日":"",
				"メモ":"",
				"_markerType": "Icon",
				"_iconUrl": "https://maps.gsi.go.jp/portal/sys/v4/symbols/103.png",
				"_iconSize": [
					16,
					16
				],
				"_iconAnchor": [
					8,
					8
				]
			}
		},
		{
			"type": "Feature",
			"geometry": {
				"type": "Point",
				"coordinates": [
					 140.8684,
					 39.3483
				]
			},
			"properties": {
				"name": "JA/IT-061(黒森)",
				"読み":"Kuromori",
				"標高":"944m 6pt ",
				"GL":"QM09ki",
				"市郡区":"G#03013F ",
				"登山日":"",
				"メモ":"",
				"_markerType": "Icon",
				"_iconUrl": "https://maps.gsi.go.jp/portal/sys/v4/symbols/103.png",
				"_iconSize": [
					16,
					16
				],
				"_iconAnchor": [
					8,
					8
				]
			}
		},
		{
			"type": "Feature",
			"geometry": {
				"type": "Point",
				"coordinates": [
					 140.9735,
					 39.5794
				]
			},
			"properties": {
				"name": "JA/IT-062(須賀倉山)",
				"読み":"Sugakurayama",
				"標高":"940m 6pt ",
				"GL":"QM09ln",
				"市郡区":"G#03008B / G#03002D ",
				"登山日":"",
				"メモ":"",
				"_markerType": "Icon",
				"_iconUrl": "https://maps.gsi.go.jp/portal/sys/v4/symbols/103.png",
				"_iconSize": [
					16,
					16
				],
				"_iconAnchor": [
					8,
					8
				]
			}
		},
		{
			"type": "Feature",
			"geometry": {
				"type": "Point",
				"coordinates": [
					 140.7278,
					 39.4814
				]
			},
			"properties": {
				"name": "JA/IT-063(鹿子ノ山)",
				"読み":"Shikakonoyama",
				"標高":"937m 6pt ",
				"GL":"QM09il",
				"市郡区":"G#03013F / C#0412 ",
				"登山日":"",
				"メモ":"",
				"_markerType": "Icon",
				"_iconUrl": "https://maps.gsi.go.jp/portal/sys/v4/symbols/103.png",
				"_iconSize": [
					16,
					16
				],
				"_iconAnchor": [
					8,
					8
				]
			}
		},
		{
			"type": "Feature",
			"geometry": {
				"type": "Point",
				"coordinates": [
					 141.0598,
					 39.5874
				]
			},
			"properties": {
				"name": "JA/IT-064(東根山)",
				"読み":"Azumanesan",
				"標高":"928m 6pt ",
				"GL":"QM09mo",
				"市郡区":"G#03002D / G#03008B ",
				"登山日":"",
				"メモ":"",
				"_markerType": "Icon",
				"_iconUrl": "https://maps.gsi.go.jp/portal/sys/v4/symbols/103.png",
				"_iconSize": [
					16,
					16
				],
				"_iconAnchor": [
					8,
					8
				]
			}
		},
		{
			"type": "Feature",
			"geometry": {
				"type": "Point",
				"coordinates": [
					 140.9047,
					 39.0613
				]
			},
			"properties": {
				"name": "JA/IT-065(高檜能山)",
				"読み":"Takahinousan",
				"標高":"927m 6pt ",
				"GL":"QM09kb",
				"市郡区":"C#0315 ",
				"登山日":"",
				"メモ":"",
				"_markerType": "Icon",
				"_iconUrl": "https://maps.gsi.go.jp/portal/sys/v4/symbols/103.png",
				"_iconSize": [
					16,
					16
				],
				"_iconAnchor": [
					8,
					8
				]
			}
		},
		{
			"type": "Feature",
			"geometry": {
				"type": "Point",
				"coordinates": [
					 141.358,
					 39.8481
				]
			},
			"properties": {
				"name": "JA/IT-066(大森)",
				"読み":"Oomori",
				"標高":"925m 6pt ",
				"GL":"QM09qu",
				"市郡区":"C#0301 / G#03002B ",
				"登山日":"",
				"メモ":"",
				"_markerType": "Icon",
				"_iconUrl": "https://maps.gsi.go.jp/portal/sys/v4/symbols/103.png",
				"_iconSize": [
					16,
					16
				],
				"_iconAnchor": [
					8,
					8
				]
			}
		},
		{
			"type": "Feature",
			"geometry": {
				"type": "Point",
				"coordinates": [
					 141.5106,
					 39.2943
				]
			},
			"properties": {
				"name": "JA/IT-067(物見山)",
				"読み":"Monomiyama",
				"標高":"917m 6pt ",
				"GL":"QM09sh",
				"市郡区":"C#0310 ",
				"登山日":"",
				"メモ":"",
				"_markerType": "Icon",
				"_iconUrl": "https://maps.gsi.go.jp/portal/sys/v4/symbols/103.png",
				"_iconSize": [
					16,
					16
				],
				"_iconAnchor": [
					8,
					8
				]
			}
		},
		{
			"type": "Feature",
			"geometry": {
				"type": "Point",
				"coordinates": [
					 140.8631,
					 39.3632
				]
			},
			"properties": {
				"name": "JA/IT-068(荒沢森)",
				"読み":"Arasawamori",
				"標高":"916m 6pt ",
				"GL":"QM09ki",
				"市郡区":"C#0308 / G#03013F ",
				"登山日":"",
				"メモ":"",
				"_markerType": "Icon",
				"_iconUrl": "https://maps.gsi.go.jp/portal/sys/v4/symbols/103.png",
				"_iconSize": [
					16,
					16
				],
				"_iconAnchor": [
					8,
					8
				]
			}
		},
		{
			"type": "Feature",
			"geometry": {
				"type": "Point",
				"coordinates": [
					 141.7792,
					 39.9185
				]
			},
			"properties": {
				"name": "JA/IT-069(野辺山)",
				"読み":"Nobeyama",
				"標高":"916m 6pt ",
				"GL":"QM09vw",
				"市郡区":"G#03007A / G#03007E ",
				"登山日":"",
				"メモ":"",
				"_markerType": "Icon",
				"_iconUrl": "https://maps.gsi.go.jp/portal/sys/v4/symbols/103.png",
				"_iconSize": [
					16,
					16
				],
				"_iconAnchor": [
					8,
					8
				]
			}
		},
		{
			"type": "Feature",
			"geometry": {
				"type": "Point",
				"coordinates": [
					 140.9315,
					 39.2502
				]
			},
			"properties": {
				"name": "JA/IT-070(前塚見山)",
				"読み":"Maetsukamiyama",
				"標高":"915m 6pt ",
				"GL":"QM09lg",
				"市郡区":"C#0308 ",
				"登山日":"",
				"メモ":"",
				"_markerType": "Icon",
				"_iconUrl": "https://maps.gsi.go.jp/portal/sys/v4/symbols/103.png",
				"_iconSize": [
					16,
					16
				],
				"_iconAnchor": [
					8,
					8
				]
			}
		},
		{
			"type": "Feature",
			"geometry": {
				"type": "Point",
				"coordinates": [
					 141.4196,
					 40.0145
				]
			},
			"properties": {
				"name": "JA/IT-071(九蔵坂(三角点))",
				"読み":"Kyuzouzaka",
				"標高":"914m 6pt ",
				"GL":"QN00ra",
				"市郡区":"G#03002C ",
				"登山日":"",
				"メモ":"",
				"_markerType": "Icon",
				"_iconUrl": "https://maps.gsi.go.jp/portal/sys/v4/symbols/103.png",
				"_iconSize": [
					16,
					16
				],
				"_iconAnchor": [
					8,
					8
				]
			}
		},
		{
			"type": "Feature",
			"geometry": {
				"type": "Point",
				"coordinates": [
					 141.6253,
					 39.6469
				]
			},
			"properties": {
				"name": "JA/IT-072(青松葉山(三角点))",
				"読み":"Aomatsubayama",
				"標高":"913m 6pt ",
				"GL":"QM09tp",
				"市郡区":"C#0303 ",
				"登山日":"",
				"メモ":"",
				"_markerType": "Icon",
				"_iconUrl": "https://maps.gsi.go.jp/portal/sys/v4/symbols/103.png",
				"_iconSize": [
					16,
					16
				],
				"_iconAnchor": [
					8,
					8
				]
			}
		},
		{
			"type": "Feature",
			"geometry": {
				"type": "Point",
				"coordinates": [
					 141.7371,
					 39.6248
				]
			},
			"properties": {
				"name": "JA/IT-073(前刈山)",
				"読み":"Maegariyama",
				"標高":"913m 6pt ",
				"GL":"QM09uo",
				"市郡区":"C#0303 ",
				"登山日":"",
				"メモ":"",
				"_markerType": "Icon",
				"_iconUrl": "https://maps.gsi.go.jp/portal/sys/v4/symbols/103.png",
				"_iconSize": [
					16,
					16
				],
				"_iconAnchor": [
					8,
					8
				]
			}
		},
		{
			"type": "Feature",
			"geometry": {
				"type": "Point",
				"coordinates": [
					 140.8824,
					 39.5179
				]
			},
			"properties": {
				"name": "JA/IT-074(小杉沢山(三角点))",
				"読み":"Kosugisawayama",
				"標高":"912m 6pt ",
				"GL":"QM09km",
				"市郡区":"C#0307 / G#03002D / G#03013F",
				"登山日":"",
				"メモ":"",
				"_markerType": "Icon",
				"_iconUrl": "https://maps.gsi.go.jp/portal/sys/v4/symbols/103.png",
				"_iconSize": [
					16,
					16
				],
				"_iconAnchor": [
					8,
					8
				]
			}
		},
		{
			"type": "Feature",
			"geometry": {
				"type": "Point",
				"coordinates": [
					 141.4473,
					 38.9752
				]
			},
			"properties": {
				"name": "JA/IT-075(室根山)",
				"読み":"Muronesan",
				"標高":"895m 6pt ",
				"GL":"QM08rx",
				"市郡区":"C#0304 ",
				"登山日":"",
				"メモ":"",
				"_markerType": "Icon",
				"_iconUrl": "https://maps.gsi.go.jp/portal/sys/v4/symbols/103.png",
				"_iconSize": [
					16,
					16
				],
				"_iconAnchor": [
					8,
					8
				]
			}
		},
		{
			"type": "Feature",
			"geometry": {
				"type": "Point",
				"coordinates": [
					 141.4784,
					 39.0689
				]
			},
			"properties": {
				"name": "JA/IT-076(原台山)",
				"読み":"Harataisan",
				"標高":"894m 6pt ",
				"GL":"QM09rb",
				"市郡区":"C#0304 / C#0311 ",
				"登山日":"",
				"メモ":"",
				"_markerType": "Icon",
				"_iconUrl": "https://maps.gsi.go.jp/portal/sys/v4/symbols/103.png",
				"_iconSize": [
					16,
					16
				],
				"_iconAnchor": [
					8,
					8
				]
			}
		},
		{
			"type": "Feature",
			"geometry": {
				"type": "Point",
				"coordinates": [
					 140.9868,
					 39.5119
				]
			},
			"properties": {
				"name": "JA/IT-077(塚瀬森)",
				"読み":"Tsukasemori",
				"標高":"892m 6pt ",
				"GL":"QM09lm",
				"市郡区":"C#0307 ",
				"登山日":"",
				"メモ":"",
				"_markerType": "Icon",
				"_iconUrl": "https://maps.gsi.go.jp/portal/sys/v4/symbols/103.png",
				"_iconSize": [
					16,
					16
				],
				"_iconAnchor": [
					8,
					8
				]
			}
		},
		{
			"type": "Feature",
			"geometry": {
				"type": "Point",
				"coordinates": [
					 140.9103,
					 39.3787
				]
			},
			"properties": {
				"name": "JA/IT-078(鳥ヶ森)",
				"読み":"Chougamori",
				"標高":"892m 6pt ",
				"GL":"QM09kj",
				"市郡区":"C#0307 / C#0308 ",
				"登山日":"",
				"メモ":"",
				"_markerType": "Icon",
				"_iconUrl": "https://maps.gsi.go.jp/portal/sys/v4/symbols/103.png",
				"_iconSize": [
					16,
					16
				],
				"_iconAnchor": [
					8,
					8
				]
			}
		},
		{
			"type": "Feature",
			"geometry": {
				"type": "Point",
				"coordinates": [
					 141.7397,
					 39.1551
				]
			},
			"properties": {
				"name": "JA/IT-079(笠詰山近傍)",
				"読み":"Near_Kasatsumeyama",
				"標高":"888m 6pt ",
				"GL":"QM09ud",
				"市郡区":"C#0305 ",
				"登山日":"",
				"メモ":"",
				"_markerType": "Icon",
				"_iconUrl": "https://maps.gsi.go.jp/portal/sys/v4/symbols/103.png",
				"_iconSize": [
					16,
					16
				],
				"_iconAnchor": [
					8,
					8
				]
			}
		},
		{
			"type": "Feature",
			"geometry": {
				"type": "Point",
				"coordinates": [
					 141.4866,
					 39.2364
				]
			},
			"properties": {
				"name": "JA/IT-080(貞任山)",
				"読み":"Sadatouyama",
				"標高":"884m 6pt ",
				"GL":"QM09rf",
				"市郡区":"C#0310 / G#03006B ",
				"登山日":"",
				"メモ":"",
				"_markerType": "Icon",
				"_iconUrl": "https://maps.gsi.go.jp/portal/sys/v4/symbols/103.png",
				"_iconSize": [
					16,
					16
				],
				"_iconAnchor": [
					8,
					8
				]
			}
		},
		{
			"type": "Feature",
			"geometry": {
				"type": "Point",
				"coordinates": [
					 140.9367,
					 40.1949
				]
			},
			"properties": {
				"name": "JA/IT-081(青平(三角点))",
				"読み":"Aodaira",
				"標高":"878m 6pt ",
				"GL":"QN00le",
				"市郡区":"C#0314 ",
				"登山日":"",
				"メモ":"",
				"_markerType": "Icon",
				"_iconUrl": "https://maps.gsi.go.jp/portal/sys/v4/symbols/103.png",
				"_iconSize": [
					16,
					16
				],
				"_iconAnchor": [
					8,
					8
				]
			}
		},
		{
			"type": "Feature",
			"geometry": {
				"type": "Point",
				"coordinates": [
					 141.6605,
					 39.0589
				]
			},
			"properties": {
				"name": "JA/IT-082(氷上山)",
				"読み":"Hikamisan",
				"標高":"874m 6pt ",
				"GL":"QM09tb",
				"市郡区":"C#0305 / C#0311 ",
				"登山日":"",
				"メモ":"",
				"_markerType": "Icon",
				"_iconUrl": "https://maps.gsi.go.jp/portal/sys/v4/symbols/103.png",
				"_iconSize": [
					16,
					16
				],
				"_iconAnchor": [
					8,
					8
				]
			}
		},
		{
			"type": "Feature",
			"geometry": {
				"type": "Point",
				"coordinates": [
					 141.4017,
					 39.2011
				]
			},
			"properties": {
				"name": "JA/IT-083(物見山)",
				"読み":"Monomiyama",
				"標高":"870m 6pt ",
				"GL":"QM09qe",
				"市郡区":"C#0315 / G#03006B / C#0310",
				"登山日":"",
				"メモ":"",
				"_markerType": "Icon",
				"_iconUrl": "https://maps.gsi.go.jp/portal/sys/v4/symbols/103.png",
				"_iconSize": [
					16,
					16
				],
				"_iconAnchor": [
					8,
					8
				]
			}
		},
		{
			"type": "Feature",
			"geometry": {
				"type": "Point",
				"coordinates": [
					 140.8701,
					 39.41
				]
			},
			"properties": {
				"name": "JA/IT-084(立ヤ森(三角点))",
				"読み":"Tateyamori",
				"標高":"869m 6pt ",
				"GL":"QM09kj",
				"市郡区":"C#0308 ",
				"登山日":"",
				"メモ":"",
				"_markerType": "Icon",
				"_iconUrl": "https://maps.gsi.go.jp/portal/sys/v4/symbols/103.png",
				"_iconSize": [
					16,
					16
				],
				"_iconAnchor": [
					8,
					8
				]
			}
		},
		{
			"type": "Feature",
			"geometry": {
				"type": "Point",
				"coordinates": [
					 141.4142,
					 39.3349
				]
			},
			"properties": {
				"name": "JA/IT-085(笠通山)",
				"読み":"Kasanokayouyama",
				"標高":"869m 6pt ",
				"GL":"QM09qi",
				"市郡区":"C#0310 ",
				"登山日":"",
				"メモ":"",
				"_markerType": "Icon",
				"_iconUrl": "https://maps.gsi.go.jp/portal/sys/v4/symbols/103.png",
				"_iconSize": [
					16,
					16
				],
				"_iconAnchor": [
					8,
					8
				]
			}
		},
		{
			"type": "Feature",
			"geometry": {
				"type": "Point",
				"coordinates": [
					 140.8981,
					 39.0295
				]
			},
			"properties": {
				"name": "JA/IT-086(高手山)",
				"読み":"Takateyama",
				"標高":"867m 6pt ",
				"GL":"QM09ka",
				"市郡区":"C#0304 ",
				"登山日":"",
				"メモ":"",
				"_markerType": "Icon",
				"_iconUrl": "https://maps.gsi.go.jp/portal/sys/v4/symbols/103.png",
				"_iconSize": [
					16,
					16
				],
				"_iconAnchor": [
					8,
					8
				]
			}
		},
		{
			"type": "Feature",
			"geometry": {
				"type": "Point",
				"coordinates": [
					 141.0468,
					 39.6482
				]
			},
			"properties": {
				"name": "JA/IT-087(箱ヶ森)",
				"読み":"Hakogamori",
				"標高":"865m 6pt ",
				"GL":"QM09mp",
				"市郡区":"C#0301 / G#03002D ",
				"登山日":"",
				"メモ":"",
				"_markerType": "Icon",
				"_iconUrl": "https://maps.gsi.go.jp/portal/sys/v4/symbols/103.png",
				"_iconSize": [
					16,
					16
				],
				"_iconAnchor": [
					8,
					8
				]
			}
		},
		{
			"type": "Feature",
			"geometry": {
				"type": "Point",
				"coordinates": [
					 141.3745,
					 40.2688
				]
			},
			"properties": {
				"name": "JA/IT-088(折爪岳)",
				"読み":"Oritsumedake",
				"標高":"852m 6pt ",
				"GL":"QN00qg",
				"市郡区":"C#0313 / G#03005E / G#03005D",
				"登山日":"",
				"メモ":"",
				"_markerType": "Icon",
				"_iconUrl": "https://maps.gsi.go.jp/portal/sys/v4/symbols/103.png",
				"_iconSize": [
					16,
					16
				],
				"_iconAnchor": [
					8,
					8
				]
			}
		},
		{
			"type": "Feature",
			"geometry": {
				"type": "Point",
				"coordinates": [
					 141.057,
					 39.6226
				]
			},
			"properties": {
				"name": "JA/IT-089(南昌山)",
				"読み":"Nansyouzan",
				"標高":"848m 4pt ",
				"GL":"QM09mo",
				"市郡区":"G#03008A / G#03002D ",
				"登山日":"",
				"メモ":"",
				"_markerType": "Icon",
				"_iconUrl": "https://maps.gsi.go.jp/portal/sys/v4/symbols/828.png",
				"_iconSize": [
					16,
					16
				],
				"_iconAnchor": [
					8,
					8
				]
			}
		},
		{
			"type": "Feature",
			"geometry": {
				"type": "Point",
				"coordinates": [
					 141.6793,
					 39.472
				]
			},
			"properties": {
				"name": "JA/IT-090(戸草沢(三角点))",
				"読み":"Togusazawa",
				"標高":"844m 4pt ",
				"GL":"QM09ul",
				"市郡区":"C#0303 ",
				"登山日":"",
				"メモ":"",
				"_markerType": "Icon",
				"_iconUrl": "https://maps.gsi.go.jp/portal/sys/v4/symbols/828.png",
				"_iconSize": [
					16,
					16
				],
				"_iconAnchor": [
					8,
					8
				]
			}
		},
		{
			"type": "Feature",
			"geometry": {
				"type": "Point",
				"coordinates": [
					 141.5011,
					 39.3729
				]
			},
			"properties": {
				"name": "JA/IT-091(高清水三角点(高清水牧場近傍))",
				"読み":"Takashimizu",
				"標高":"842m 4pt ",
				"GL":"QM09si",
				"市郡区":"C#0310 ",
				"登山日":"",
				"メモ":"",
				"_markerType": "Icon",
				"_iconUrl": "https://maps.gsi.go.jp/portal/sys/v4/symbols/828.png",
				"_iconSize": [
					16,
					16
				],
				"_iconAnchor": [
					8,
					8
				]
			}
		},
		{
			"type": "Feature",
			"geometry": {
				"type": "Point",
				"coordinates": [
					 141.2777,
					 39.6037
				]
			},
			"properties": {
				"name": "JA/IT-092(黒森山)",
				"読み":"Kuromoriyama",
				"標高":"837m 4pt ",
				"GL":"QM09po",
				"市郡区":"C#0301 / G#03008B ",
				"登山日":"",
				"メモ":"",
				"_markerType": "Icon",
				"_iconUrl": "https://maps.gsi.go.jp/portal/sys/v4/symbols/828.png",
				"_iconSize": [
					16,
					16
				],
				"_iconAnchor": [
					8,
					8
				]
			}
		},
		{
			"type": "Feature",
			"geometry": {
				"type": "Point",
				"coordinates": [
					 141.3528,
					 39.9716
				]
			},
			"properties": {
				"name": "JA/IT-093(只見(三角点))",
				"読み":"Tadami",
				"標高":"820m 4pt ",
				"GL":"QM09qx",
				"市郡区":"G#03002C / G#03002B ",
				"登山日":"",
				"メモ":"",
				"_markerType": "Icon",
				"_iconUrl": "https://maps.gsi.go.jp/portal/sys/v4/symbols/828.png",
				"_iconSize": [
					16,
					16
				],
				"_iconAnchor": [
					8,
					8
				]
			}
		},
		{
			"type": "Feature",
			"geometry": {
				"type": "Point",
				"coordinates": [
					 141.7585,
					 40.0497
				]
			},
			"properties": {
				"name": "JA/IT-094(男和佐羅比山)",
				"読み":"Owasarabiyama",
				"標高":"814m 4pt ",
				"GL":"QN00vb",
				"市郡区":"G#03005C / C#0309 ",
				"登山日":"",
				"メモ":"",
				"_markerType": "Icon",
				"_iconUrl": "https://maps.gsi.go.jp/portal/sys/v4/symbols/828.png",
				"_iconSize": [
					16,
					16
				],
				"_iconAnchor": [
					8,
					8
				]
			}
		},
		{
			"type": "Feature",
			"geometry": {
				"type": "Point",
				"coordinates": [
					 140.9244,
					 40.1123
				]
			},
			"properties": {
				"name": "JA/IT-095(朝日山)",
				"読み":"Asahiyama",
				"標高":"791m 4pt ",
				"GL":"QN00lc",
				"市郡区":"C#0314 ",
				"登山日":"",
				"メモ":"",
				"_markerType": "Icon",
				"_iconUrl": "https://maps.gsi.go.jp/portal/sys/v4/symbols/828.png",
				"_iconSize": [
					16,
					16
				],
				"_iconAnchor": [
					8,
					8
				]
			}
		},
		{
			"type": "Feature",
			"geometry": {
				"type": "Point",
				"coordinates": [
					 140.9499,
					 39.0486
				]
			},
			"properties": {
				"name": "JA/IT-096(国見山)",
				"読み":"Kunimiyama",
				"標高":"788m 4pt ",
				"GL":"QM09lb",
				"市郡区":"C#0315 ",
				"登山日":"",
				"メモ":"",
				"_markerType": "Icon",
				"_iconUrl": "https://maps.gsi.go.jp/portal/sys/v4/symbols/828.png",
				"_iconSize": [
					16,
					16
				],
				"_iconAnchor": [
					8,
					8
				]
			}
		},
		{
			"type": "Feature",
			"geometry": {
				"type": "Point",
				"coordinates": [
					 141.3134,
					 39.0862
				]
			},
			"properties": {
				"name": "JA/IT-097(蓬莱山)",
				"読み":"Houraisan",
				"標高":"787m 4pt ",
				"GL":"QM09pc",
				"市郡区":"C#0304 / C#0315 ",
				"登山日":"",
				"メモ":"",
				"_markerType": "Icon",
				"_iconUrl": "https://maps.gsi.go.jp/portal/sys/v4/symbols/828.png",
				"_iconSize": [
					16,
					16
				],
				"_iconAnchor": [
					8,
					8
				]
			}
		},
		{
			"type": "Feature",
			"geometry": {
				"type": "Point",
				"coordinates": [
					 141.2884,
					 39.5372
				]
			},
			"properties": {
				"name": "JA/IT-098(大野山)",
				"読み":"Oonoyama",
				"標高":"786m 4pt ",
				"GL":"QM09pm",
				"市郡区":"G#03008B / C#0307 ",
				"登山日":"",
				"メモ":"",
				"_markerType": "Icon",
				"_iconUrl": "https://maps.gsi.go.jp/portal/sys/v4/symbols/828.png",
				"_iconSize": [
					16,
					16
				],
				"_iconAnchor": [
					8,
					8
				]
			}
		},
		{
			"type": "Feature",
			"geometry": {
				"type": "Point",
				"coordinates": [
					 141.4318,
					 40.0653
				]
			},
			"properties": {
				"name": "JA/IT-099(上砂子(三角点))",
				"読み":"Kamisunako",
				"標高":"783m 4pt ",
				"GL":"QN00rb",
				"市郡区":"G#03002C ",
				"登山日":"",
				"メモ":"",
				"_markerType": "Icon",
				"_iconUrl": "https://maps.gsi.go.jp/portal/sys/v4/symbols/828.png",
				"_iconSize": [
					16,
					16
				],
				"_iconAnchor": [
					8,
					8
				]
			}
		},
		{
			"type": "Feature",
			"geometry": {
				"type": "Point",
				"coordinates": [
					 141.3328,
					 39.1369
				]
			},
			"properties": {
				"name": "JA/IT-100(阿原山)",
				"読み":"Abarayama",
				"標高":"782m 4pt ",
				"GL":"QM09pd",
				"市郡区":"C#0304 / C#0315 ",
				"登山日":"",
				"メモ":"",
				"_markerType": "Icon",
				"_iconUrl": "https://maps.gsi.go.jp/portal/sys/v4/symbols/828.png",
				"_iconSize": [
					16,
					16
				],
				"_iconAnchor": [
					8,
					8
				]
			}
		},
		{
			"type": "Feature",
			"geometry": {
				"type": "Point",
				"coordinates": [
					 141.7641,
					 39.9778
				]
			},
			"properties": {
				"name": "JA/IT-102(甲子山)",
				"読み":"Kounesan",
				"標高":"770m 4pt ",
				"GL":"QM09vx",
				"市郡区":"G#03007E ",
				"登山日":"",
				"メモ":"",
				"_markerType": "Icon",
				"_iconUrl": "https://maps.gsi.go.jp/portal/sys/v4/symbols/828.png",
				"_iconSize": [
					16,
					16
				],
				"_iconAnchor": [
					8,
					8
				]
			}
		},
		{
			"type": "Feature",
			"geometry": {
				"type": "Point",
				"coordinates": [
					 140.7103,
					 39.3295
				]
			},
			"properties": {
				"name": "JA/IT-103(割倉山)",
				"読み":"Warikurayama",
				"標高":"770m 4pt ",
				"GL":"QM09ih",
				"市郡区":"G#03013F / C#0404 ",
				"登山日":"",
				"メモ":"",
				"_markerType": "Icon",
				"_iconUrl": "https://maps.gsi.go.jp/portal/sys/v4/symbols/828.png",
				"_iconSize": [
					16,
					16
				],
				"_iconAnchor": [
					8,
					8
				]
			}
		},
		{
			"type": "Feature",
			"geometry": {
				"type": "Point",
				"coordinates": [
					 140.8603,
					 39.0474
				]
			},
			"properties": {
				"name": "JA/IT-104(小滝森)",
				"読み":"Kotakimori",
				"標高":"766m 4pt ",
				"GL":"QM09kb",
				"市郡区":"C#0315 ",
				"登山日":"",
				"メモ":"",
				"_markerType": "Icon",
				"_iconUrl": "https://maps.gsi.go.jp/portal/sys/v4/symbols/828.png",
				"_iconSize": [
					16,
					16
				],
				"_iconAnchor": [
					8,
					8
				]
			}
		},
		{
			"type": "Feature",
			"geometry": {
				"type": "Point",
				"coordinates": [
					 141.4522,
					 38.862
				]
			},
			"properties": {
				"name": "JA/IT-105(大森山)",
				"読み":"Oomoriyama",
				"標高":"759m 4pt ",
				"GL":"QM08ru",
				"市郡区":"C#0304 / C#0605 ",
				"登山日":"",
				"メモ":"",
				"_markerType": "Icon",
				"_iconUrl": "https://maps.gsi.go.jp/portal/sys/v4/symbols/828.png",
				"_iconSize": [
					16,
					16
				],
				"_iconAnchor": [
					8,
					8
				]
			}
		},
		{
			"type": "Feature",
			"geometry": {
				"type": "Point",
				"coordinates": [
					 141.3663,
					 39.4348
				]
			},
			"properties": {
				"name": "JA/IT-106(八森山)",
				"読み":"Hachimoriyama",
				"標高":"757m 4pt ",
				"GL":"QM09qk",
				"市郡区":"C#0307 ",
				"登山日":"",
				"メモ":"",
				"_markerType": "Icon",
				"_iconUrl": "https://maps.gsi.go.jp/portal/sys/v4/symbols/828.png",
				"_iconSize": [
					16,
					16
				],
				"_iconAnchor": [
					8,
					8
				]
			}
		},
		{
			"type": "Feature",
			"geometry": {
				"type": "Point",
				"coordinates": [
					 140.9292,
					 39.6167
				]
			},
			"properties": {
				"name": "JA/IT-107(男助山)",
				"読み":"Osukeyama",
				"標高":"756m 4pt ",
				"GL":"QM09lo",
				"市郡区":"G#03002D ",
				"登山日":"",
				"メモ":"",
				"_markerType": "Icon",
				"_iconUrl": "https://maps.gsi.go.jp/portal/sys/v4/symbols/828.png",
				"_iconSize": [
					16,
					16
				],
				"_iconAnchor": [
					8,
					8
				]
			}
		},
		{
			"type": "Feature",
			"geometry": {
				"type": "Point",
				"coordinates": [
					 141.7544,
					 39.1076
				]
			},
			"properties": {
				"name": "JA/IT-108(今出山)",
				"読み":"Imadeyama",
				"標高":"755m 4pt ",
				"GL":"QM09vc",
				"市郡区":"C#0305 ",
				"登山日":"",
				"メモ":"",
				"_markerType": "Icon",
				"_iconUrl": "https://maps.gsi.go.jp/portal/sys/v4/symbols/828.png",
				"_iconSize": [
					16,
					16
				],
				"_iconAnchor": [
					8,
					8
				]
			}
		},
		{
			"type": "Feature",
			"geometry": {
				"type": "Point",
				"coordinates": [
					 141.8362,
					 39.7796
				]
			},
			"properties": {
				"name": "JA/IT-109(メンズクメ山)",
				"読み":"Menzukumeyama",
				"標高":"744m 4pt ",
				"GL":"QM09ws",
				"市郡区":"G#03007E ",
				"登山日":"",
				"メモ":"",
				"_markerType": "Icon",
				"_iconUrl": "https://maps.gsi.go.jp/portal/sys/v4/symbols/828.png",
				"_iconSize": [
					16,
					16
				],
				"_iconAnchor": [
					8,
					8
				]
			}
		},
		{
			"type": "Feature",
			"geometry": {
				"type": "Point",
				"coordinates": [
					 141.3458,
					 40.1292
				]
			},
			"properties": {
				"name": "JA/IT-110(冬部(三角点))",
				"読み":"Fuyube",
				"標高":"744m 4pt ",
				"GL":"QN00qd",
				"市郡区":"G#03002C / G#03010C ",
				"登山日":"",
				"メモ":"",
				"_markerType": "Icon",
				"_iconUrl": "https://maps.gsi.go.jp/portal/sys/v4/symbols/828.png",
				"_iconSize": [
					16,
					16
				],
				"_iconAnchor": [
					8,
					8
				]
			}
		},
		{
			"type": "Feature",
			"geometry": {
				"type": "Point",
				"coordinates": [
					 140.975,
					 40.1111
				]
			},
			"properties": {
				"name": "JA/IT-111(黒森)",
				"読み":"Kuromori",
				"標高":"741m 4pt ",
				"GL":"QN00lc",
				"市郡区":"C#0314 ",
				"登山日":"",
				"メモ":"",
				"_markerType": "Icon",
				"_iconUrl": "https://maps.gsi.go.jp/portal/sys/v4/symbols/828.png",
				"_iconSize": [
					16,
					16
				],
				"_iconAnchor": [
					8,
					8
				]
			}
		},
		{
			"type": "Feature",
			"geometry": {
				"type": "Point",
				"coordinates": [
					 141.5844,
					 40.4007
				]
			},
			"properties": {
				"name": "JA/IT-112(階上岳(種市岳))",
				"読み":"Hashikamidake/Taneichidake",
				"標高":"739m 4pt ",
				"GL":"QN00tj",
				"市郡区":"G#03005G / G#02003B ",
				"登山日":"",
				"メモ":"",
				"_markerType": "Icon",
				"_iconUrl": "https://maps.gsi.go.jp/portal/sys/v4/symbols/828.png",
				"_iconSize": [
					16,
					16
				],
				"_iconAnchor": [
					8,
					8
				]
			}
		},
		{
			"type": "Feature",
			"geometry": {
				"type": "Point",
				"coordinates": [
					 141.6437,
					 39.9002
				]
			},
			"properties": {
				"name": "JA/IT-113(中沢(三角点))",
				"読み":"Nakazawa",
				"標高":"734m 4pt ",
				"GL":"QM09tv",
				"市郡区":"G#03007E ",
				"登山日":"",
				"メモ":"",
				"_markerType": "Icon",
				"_iconUrl": "https://maps.gsi.go.jp/portal/sys/v4/symbols/828.png",
				"_iconSize": [
					16,
					16
				],
				"_iconAnchor": [
					8,
					8
				]
			}
		},
		{
			"type": "Feature",
			"geometry": {
				"type": "Point",
				"coordinates": [
					 141.6499,
					 40.0728
				]
			},
			"properties": {
				"name": "JA/IT-114(大久保長根(三角点))",
				"読み":"Ookubonagane",
				"標高":"733m 4pt ",
				"GL":"QN00tb",
				"市郡区":"C#0309 ",
				"登山日":"",
				"メモ":"",
				"_markerType": "Icon",
				"_iconUrl": "https://maps.gsi.go.jp/portal/sys/v4/symbols/828.png",
				"_iconSize": [
					16,
					16
				],
				"_iconAnchor": [
					8,
					8
				]
			}
		},
		{
			"type": "Feature",
			"geometry": {
				"type": "Point",
				"coordinates": [
					 141.9749,
					 39.5386
				]
			},
			"properties": {
				"name": "JA/IT-115(十二神山)",
				"読み":"Jyuunishinzan",
				"標高":"731m 4pt ",
				"GL":"QM09xm",
				"市郡区":"G#03007G / C#0303 ",
				"登山日":"",
				"メモ":"",
				"_markerType": "Icon",
				"_iconUrl": "https://maps.gsi.go.jp/portal/sys/v4/symbols/828.png",
				"_iconSize": [
					16,
					16
				],
				"_iconAnchor": [
					8,
					8
				]
			}
		},
		{
			"type": "Feature",
			"geometry": {
				"type": "Point",
				"coordinates": [
					 141.8503,
					 39.6757
				]
			},
			"properties": {
				"name": "JA/IT-116(蟇目(三角点))",
				"読み":"Hikime",
				"標高":"730m 4pt ",
				"GL":"QM09wq",
				"市郡区":"C#0303 ",
				"登山日":"",
				"メモ":"",
				"_markerType": "Icon",
				"_iconUrl": "https://maps.gsi.go.jp/portal/sys/v4/symbols/828.png",
				"_iconSize": [
					16,
					16
				],
				"_iconAnchor": [
					8,
					8
				]
			}
		},
		{
			"type": "Feature",
			"geometry": {
				"type": "Point",
				"coordinates": [
					 141.5206,
					 39.1213
				]
			},
			"properties": {
				"name": "JA/IT-117(叶倉山)",
				"読み":"Kanokurayama",
				"標高":"728m 4pt ",
				"GL":"QM09sc",
				"市郡区":"G#03006B ",
				"登山日":"",
				"メモ":"",
				"_markerType": "Icon",
				"_iconUrl": "https://maps.gsi.go.jp/portal/sys/v4/symbols/828.png",
				"_iconSize": [
					16,
					16
				],
				"_iconAnchor": [
					8,
					8
				]
			}
		},
		{
			"type": "Feature",
			"geometry": {
				"type": "Point",
				"coordinates": [
					 141.2605,
					 39.6449
				]
			},
			"properties": {
				"name": "JA/IT-118(鬼ヶ瀬山)",
				"読み":"Onigaseyama",
				"標高":"724m 4pt ",
				"GL":"QM09pp",
				"市郡区":"C#0301 ",
				"登山日":"",
				"メモ":"",
				"_markerType": "Icon",
				"_iconUrl": "https://maps.gsi.go.jp/portal/sys/v4/symbols/828.png",
				"_iconSize": [
					16,
					16
				],
				"_iconAnchor": [
					8,
					8
				]
			}
		},
		{
			"type": "Feature",
			"geometry": {
				"type": "Point",
				"coordinates": [
					 140.7843,
					 39.5069
				]
			},
			"properties": {
				"name": "JA/IT-119(高平山)",
				"読み":"Takahirayama",
				"標高":"722m 4pt ",
				"GL":"QM09jm",
				"市郡区":"G#03013F ",
				"登山日":"",
				"メモ":"",
				"_markerType": "Icon",
				"_iconUrl": "https://maps.gsi.go.jp/portal/sys/v4/symbols/828.png",
				"_iconSize": [
					16,
					16
				],
				"_iconAnchor": [
					8,
					8
				]
			}
		},
		{
			"type": "Feature",
			"geometry": {
				"type": "Point",
				"coordinates": [
					 141.5993,
					 39.794
				]
			},
			"properties": {
				"name": "JA/IT-120(館(三角点))",
				"読み":"Yakata",
				"標高":"721m 4pt ",
				"GL":"QM09tt",
				"市郡区":"G#03007E ",
				"登山日":"",
				"メモ":"",
				"_markerType": "Icon",
				"_iconUrl": "https://maps.gsi.go.jp/portal/sys/v4/symbols/828.png",
				"_iconSize": [
					16,
					16
				],
				"_iconAnchor": [
					8,
					8
				]
			}
		},
		{
			"type": "Feature",
			"geometry": {
				"type": "Point",
				"coordinates": [
					 141.6239,
					 40.117
				]
			},
			"properties": {
				"name": "JA/IT-121(寒長根山近傍_木畑(三角点))",
				"読み":"Near_Samunaganeyama(Kihata)",
				"標高":"720m 4pt ",
				"GL":"QN00tc",
				"市郡区":"C#0309 ",
				"登山日":"",
				"メモ":"",
				"_markerType": "Icon",
				"_iconUrl": "https://maps.gsi.go.jp/portal/sys/v4/symbols/828.png",
				"_iconSize": [
					16,
					16
				],
				"_iconAnchor": [
					8,
					8
				]
			}
		},
		{
			"type": "Feature",
			"geometry": {
				"type": "Point",
				"coordinates": [
					 141.6478,
					 39.1805
				]
			},
			"properties": {
				"name": "JA/IT-122(高森山)",
				"読み":"Takamoriyama",
				"標高":"717m 4pt ",
				"GL":"QM09te",
				"市郡区":"G#03006B ",
				"登山日":"",
				"メモ":"",
				"_markerType": "Icon",
				"_iconUrl": "https://maps.gsi.go.jp/portal/sys/v4/symbols/828.png",
				"_iconSize": [
					16,
					16
				],
				"_iconAnchor": [
					8,
					8
				]
			}
		},
		{
			"type": "Feature",
			"geometry": {
				"type": "Point",
				"coordinates": [
					 141.6128,
					 40.3581
				]
			},
			"properties": {
				"name": "JA/IT-123(久慈平岳)",
				"読み":"Kujihiradake",
				"標高":"706m 4pt ",
				"GL":"QN00ti",
				"市郡区":"G#03005G / G#03005 ",
				"登山日":"",
				"メモ":"",
				"_markerType": "Icon",
				"_iconUrl": "https://maps.gsi.go.jp/portal/sys/v4/symbols/828.png",
				"_iconSize": [
					16,
					16
				],
				"_iconAnchor": [
					8,
					8
				]
			}
		},
		{
			"type": "Feature",
			"geometry": {
				"type": "Point",
				"coordinates": [
					 141.5588,
					 39.1081
				]
			},
			"properties": {
				"name": "JA/IT-124(大平山)",
				"読み":"Oohirayama",
				"標高":"691m 4pt ",
				"GL":"QM09sc",
				"市郡区":"G#03006B / C#0311 ",
				"登山日":"",
				"メモ":"",
				"_markerType": "Icon",
				"_iconUrl": "https://maps.gsi.go.jp/portal/sys/v4/symbols/828.png",
				"_iconSize": [
					16,
					16
				],
				"_iconAnchor": [
					8,
					8
				]
			}
		},
		{
			"type": "Feature",
			"geometry": {
				"type": "Point",
				"coordinates": [
					 141.8577,
					 39.5357
				]
			},
			"properties": {
				"name": "JA/IT-125(長岩森)",
				"読み":"Nagaiwamori",
				"標高":"690m 4pt ",
				"GL":"QM09wm",
				"市郡区":"G#03007G ",
				"登山日":"",
				"メモ":"",
				"_markerType": "Icon",
				"_iconUrl": "https://maps.gsi.go.jp/portal/sys/v4/symbols/828.png",
				"_iconSize": [
					16,
					16
				],
				"_iconAnchor": [
					8,
					8
				]
			}
		},
		{
			"type": "Feature",
			"geometry": {
				"type": "Point",
				"coordinates": [
					 140.8686,
					 39.6273
				]
			},
			"properties": {
				"name": "JA/IT-126(町名森)",
				"読み":"Chounamori",
				"標高":"689m 4pt ",
				"GL":"QM09kp",
				"市郡区":"G#03002D ",
				"登山日":"",
				"メモ":"",
				"_markerType": "Icon",
				"_iconUrl": "https://maps.gsi.go.jp/portal/sys/v4/symbols/828.png",
				"_iconSize": [
					16,
					16
				],
				"_iconAnchor": [
					8,
					8
				]
			}
		},
		{
			"type": "Feature",
			"geometry": {
				"type": "Point",
				"coordinates": [
					 141.8156,
					 39.5965
				]
			},
			"properties": {
				"name": "JA/IT-127(サンボトジ頭)",
				"読み":"Sanbotojikashira",
				"標高":"687m 4pt ",
				"GL":"QM09vo",
				"市郡区":"C#0303 ",
				"登山日":"",
				"メモ":"",
				"_markerType": "Icon",
				"_iconUrl": "https://maps.gsi.go.jp/portal/sys/v4/symbols/828.png",
				"_iconSize": [
					16,
					16
				],
				"_iconAnchor": [
					8,
					8
				]
			}
		},
		{
			"type": "Feature",
			"geometry": {
				"type": "Point",
				"coordinates": [
					 140.9046,
					 39.097
				]
			},
			"properties": {
				"name": "JA/IT-128(媚山)",
				"読み":"Kobiyama",
				"標高":"684m 4pt ",
				"GL":"QM09kc",
				"市郡区":"C#0315 ",
				"登山日":"",
				"メモ":"",
				"_markerType": "Icon",
				"_iconUrl": "https://maps.gsi.go.jp/portal/sys/v4/symbols/828.png",
				"_iconSize": [
					16,
					16
				],
				"_iconAnchor": [
					8,
					8
				]
			}
		},
		{
			"type": "Feature",
			"geometry": {
				"type": "Point",
				"coordinates": [
					 141.8312,
					 39.8147
				]
			},
			"properties": {
				"name": "JA/IT-129(大森)",
				"読み":"Oomori",
				"標高":"680m 4pt ",
				"GL":"QM09vt",
				"市郡区":"G#03007E ",
				"登山日":"",
				"メモ":"",
				"_markerType": "Icon",
				"_iconUrl": "https://maps.gsi.go.jp/portal/sys/v4/symbols/828.png",
				"_iconSize": [
					16,
					16
				],
				"_iconAnchor": [
					8,
					8
				]
			}
		},
		{
			"type": "Feature",
			"geometry": {
				"type": "Point",
				"coordinates": [
					 141.7896,
					 39.3701
				]
			},
			"properties": {
				"name": "JA/IT-131(オイネガ森)",
				"読み":"Oinegamori",
				"標高":"664m 4pt ",
				"GL":"QM09vi",
				"市郡区":"C#0302 / G#03004A ",
				"登山日":"",
				"メモ":"",
				"_markerType": "Icon",
				"_iconUrl": "https://maps.gsi.go.jp/portal/sys/v4/symbols/828.png",
				"_iconSize": [
					16,
					16
				],
				"_iconAnchor": [
					8,
					8
				]
			}
		},
		{
			"type": "Feature",
			"geometry": {
				"type": "Point",
				"coordinates": [
					 141.6326,
					 39.1654
				]
			},
			"properties": {
				"name": "JA/IT-132(夏通(三角点))",
				"読み":"Natsugayo",
				"標高":"653m 4pt ",
				"GL":"QM09td",
				"市郡区":"G#03006B ",
				"登山日":"",
				"メモ":"",
				"_markerType": "Icon",
				"_iconUrl": "https://maps.gsi.go.jp/portal/sys/v4/symbols/828.png",
				"_iconSize": [
					16,
					16
				],
				"_iconAnchor": [
					8,
					8
				]
			}
		},
		{
			"type": "Feature",
			"geometry": {
				"type": "Point",
				"coordinates": [
					 141.0617,
					 39.5582
				]
			},
			"properties": {
				"name": "JA/IT-133(黒森山)",
				"読み":"Kuromoriyama",
				"標高":"647m 2pt ",
				"GL":"QM09mn",
				"市郡区":"G#03008B ",
				"登山日":"",
				"メモ":"",
				"_markerType": "Icon",
				"_iconUrl": "https://maps.gsi.go.jp/portal/sys/v4/symbols/102.png",
				"_iconSize": [
					16,
					16
				],
				"_iconAnchor": [
					8,
					8
				]
			}
		},
		{
			"type": "Feature",
			"geometry": {
				"type": "Point",
				"coordinates": [
					 141.4475,
					 39.3015
				]
			},
			"properties": {
				"name": "JA/IT-134(二郷山)",
				"読み":"Futagouyama",
				"標高":"634m 2pt ",
				"GL":"QM09rh",
				"市郡区":"C#0310 ",
				"登山日":"",
				"メモ":"",
				"_markerType": "Icon",
				"_iconUrl": "https://maps.gsi.go.jp/portal/sys/v4/symbols/102.png",
				"_iconSize": [
					16,
					16
				],
				"_iconAnchor": [
					8,
					8
				]
			}
		},
		{
			"type": "Feature",
			"geometry": {
				"type": "Point",
				"coordinates": [
					 141.2495,
					 39.074
				]
			},
			"properties": {
				"name": "JA/IT-135(大鉢森山)",
				"読み":"Oohachimoriyama",
				"標高":"633m 2pt ",
				"GL":"QM09ob",
				"市郡区":"C#0315 / C#0304 ",
				"登山日":"",
				"メモ":"",
				"_markerType": "Icon",
				"_iconUrl": "https://maps.gsi.go.jp/portal/sys/v4/symbols/102.png",
				"_iconSize": [
					16,
					16
				],
				"_iconAnchor": [
					8,
					8
				]
			}
		},
		{
			"type": "Feature",
			"geometry": {
				"type": "Point",
				"coordinates": [
					 140.9597,
					 39.6146
				]
			},
			"properties": {
				"name": "JA/IT-136(女助山)",
				"読み":"Mesukeyama",
				"標高":"620m 2pt ",
				"GL":"QM09lo",
				"市郡区":"G#03002D ",
				"登山日":"",
				"メモ":"",
				"_markerType": "Icon",
				"_iconUrl": "https://maps.gsi.go.jp/portal/sys/v4/symbols/102.png",
				"_iconSize": [
					16,
					16
				],
				"_iconAnchor": [
					8,
					8
				]
			}
		},
		{
			"type": "Feature",
			"geometry": {
				"type": "Point",
				"coordinates": [
					 141.5771,
					 39.1757
				]
			},
			"properties": {
				"name": "JA/IT-137(東峰山)",
				"読み":"Atsumanesan",
				"標高":"619m 2pt ",
				"GL":"QM09se",
				"市郡区":"G#03006B ",
				"登山日":"",
				"メモ":"",
				"_markerType": "Icon",
				"_iconUrl": "https://maps.gsi.go.jp/portal/sys/v4/symbols/102.png",
				"_iconSize": [
					16,
					16
				],
				"_iconAnchor": [
					8,
					8
				]
			}
		},
		{
			"type": "Feature",
			"geometry": {
				"type": "Point",
				"coordinates": [
					 141.8748,
					 39.5628
				]
			},
			"properties": {
				"name": "JA/IT-138(点619(大笹山近傍))",
				"読み":"P619",
				"標高":"619m 2pt ",
				"GL":"QM09wn",
				"市郡区":"C#0303 / G#03007G ",
				"登山日":"",
				"メモ":"",
				"_markerType": "Icon",
				"_iconUrl": "https://maps.gsi.go.jp/portal/sys/v4/symbols/102.png",
				"_iconSize": [
					16,
					16
				],
				"_iconAnchor": [
					8,
					8
				]
			}
		},
		{
			"type": "Feature",
			"geometry": {
				"type": "Point",
				"coordinates": [
					 141.82,
					 39.235
				]
			},
			"properties": {
				"name": "JA/IT-139(松倉山)",
				"読み":"Matsukurayama",
				"標高":"615m 2pt ",
				"GL":"QM09vf",
				"市郡区":"C#0302 ",
				"登山日":"",
				"メモ":"",
				"_markerType": "Icon",
				"_iconUrl": "https://maps.gsi.go.jp/portal/sys/v4/symbols/102.png",
				"_iconSize": [
					16,
					16
				],
				"_iconAnchor": [
					8,
					8
				]
			}
		},
		{
			"type": "Feature",
			"geometry": {
				"type": "Point",
				"coordinates": [
					 141.7761,
					 39.0768
				]
			},
			"properties": {
				"name": "JA/IT-140(大股山)",
				"読み":"Oomatayama",
				"標高":"613m 2pt ",
				"GL":"QM09vb",
				"市郡区":"C#0305 ",
				"登山日":"",
				"メモ":"",
				"_markerType": "Icon",
				"_iconUrl": "https://maps.gsi.go.jp/portal/sys/v4/symbols/102.png",
				"_iconSize": [
					16,
					16
				],
				"_iconAnchor": [
					8,
					8
				]
			}
		},
		{
			"type": "Feature",
			"geometry": {
				"type": "Point",
				"coordinates": [
					 141.9228,
					 39.4013
				]
			},
			"properties": {
				"name": "JA/IT-141(鯨山)",
				"読み":"Kujirayama",
				"標高":"609m 2pt ",
				"GL":"QM09xj",
				"市郡区":"G#03004A / G#03007G ",
				"登山日":"",
				"メモ":"",
				"_markerType": "Icon",
				"_iconUrl": "https://maps.gsi.go.jp/portal/sys/v4/symbols/102.png",
				"_iconSize": [
					16,
					16
				],
				"_iconAnchor": [
					8,
					8
				]
			}
		},
		{
			"type": "Feature",
			"geometry": {
				"type": "Point",
				"coordinates": [
					 141.2272,
					 39.6324
				]
			},
			"properties": {
				"name": "JA/IT-142(朝島山)",
				"読み":"Asashimayama",
				"標高":"607m 2pt ",
				"GL":"QM09op",
				"市郡区":"C#0301 ",
				"登山日":"",
				"メモ":"",
				"_markerType": "Icon",
				"_iconUrl": "https://maps.gsi.go.jp/portal/sys/v4/symbols/102.png",
				"_iconSize": [
					16,
					16
				],
				"_iconAnchor": [
					8,
					8
				]
			}
		},
		{
			"type": "Feature",
			"geometry": {
				"type": "Point",
				"coordinates": [
					 140.9299,
					 39.2751
				]
			},
			"properties": {
				"name": "JA/IT-143(点603)",
				"読み":"P603",
				"標高":"603m 2pt ",
				"GL":"QM09lg",
				"市郡区":"C#0308 ",
				"登山日":"",
				"メモ":"",
				"_markerType": "Icon",
				"_iconUrl": "https://maps.gsi.go.jp/portal/sys/v4/symbols/102.png",
				"_iconSize": [
					16,
					16
				],
				"_iconAnchor": [
					8,
					8
				]
			}
		},
		{
			"type": "Feature",
			"geometry": {
				"type": "Point",
				"coordinates": [
					 140.9363,
					 39.2885
				]
			},
			"properties": {
				"name": "JA/IT-144(羽山)",
				"読み":"Hayama",
				"標高":"600m 2pt ",
				"GL":"QM09lg",
				"市郡区":"C#0308 ",
				"登山日":"",
				"メモ":"",
				"_markerType": "Icon",
				"_iconUrl": "https://maps.gsi.go.jp/portal/sys/v4/symbols/102.png",
				"_iconSize": [
					16,
					16
				],
				"_iconAnchor": [
					8,
					8
				]
			}
		},
		{
			"type": "Feature",
			"geometry": {
				"type": "Point",
				"coordinates": [
					 141.3144,
					 39.3946
				]
			},
			"properties": {
				"name": "JA/IT-145(飛竜山)",
				"読み":"Hiryuzan",
				"標高":"598m 2pt ",
				"GL":"QM09pj",
				"市郡区":"C#0310 / C#0307 ",
				"登山日":"",
				"メモ":"",
				"_markerType": "Icon",
				"_iconUrl": "https://maps.gsi.go.jp/portal/sys/v4/symbols/102.png",
				"_iconSize": [
					16,
					16
				],
				"_iconAnchor": [
					8,
					8
				]
			}
		},
		{
			"type": "Feature",
			"geometry": {
				"type": "Point",
				"coordinates": [
					 141.184,
					 39.0129
				]
			},
			"properties": {
				"name": "JA/IT-146(束稲山)",
				"読み":"Tabashineyama",
				"標高":"595m 2pt ",
				"GL":"QM09oa",
				"市郡区":"C#0304 / G#03009A ",
				"登山日":"",
				"メモ":"",
				"_markerType": "Icon",
				"_iconUrl": "https://maps.gsi.go.jp/portal/sys/v4/symbols/102.png",
				"_iconSize": [
					16,
					16
				],
				"_iconAnchor": [
					8,
					8
				]
			}
		},
		{
			"type": "Feature",
			"geometry": {
				"type": "Point",
				"coordinates": [
					 141.8554,
					 39.3569
				]
			},
			"properties": {
				"name": "JA/IT-147(葡萄森)",
				"読み":"Budoumori",
				"標高":"587m 2pt ",
				"GL":"QM09wi",
				"市郡区":"G#03004A / C#0302 ",
				"登山日":"",
				"メモ":"",
				"_markerType": "Icon",
				"_iconUrl": "https://maps.gsi.go.jp/portal/sys/v4/symbols/102.png",
				"_iconSize": [
					16,
					16
				],
				"_iconAnchor": [
					8,
					8
				]
			}
		},
		{
			"type": "Feature",
			"geometry": {
				"type": "Point",
				"coordinates": [
					 141.5594,
					 39.1653
				]
			},
			"properties": {
				"name": "JA/IT-148(森岳近傍)",
				"読み":"Moridake",
				"標高":"575m 2pt ",
				"GL":"QM09sd",
				"市郡区":"G#03006B ",
				"登山日":"",
				"メモ":"",
				"_markerType": "Icon",
				"_iconUrl": "https://maps.gsi.go.jp/portal/sys/v4/symbols/102.png",
				"_iconSize": [
					16,
					16
				],
				"_iconAnchor": [
					8,
					8
				]
			}
		},
		{
			"type": "Feature",
			"geometry": {
				"type": "Point",
				"coordinates": [
					 141.8869,
					 39.4048
				]
			},
			"properties": {
				"name": "JA/IT-149(石坂森)",
				"読み":"Ishizakamori",
				"標高":"573m 2pt ",
				"GL":"QM09wj",
				"市郡区":"G#03007G / G#03004A ",
				"登山日":"",
				"メモ":"",
				"_markerType": "Icon",
				"_iconUrl": "https://maps.gsi.go.jp/portal/sys/v4/symbols/102.png",
				"_iconSize": [
					16,
					16
				],
				"_iconAnchor": [
					8,
					8
				]
			}
		},
		{
			"type": "Feature",
			"geometry": {
				"type": "Point",
				"coordinates": [
					 141.0317,
					 39.5258
				]
			},
			"properties": {
				"name": "JA/IT-150(砂子沢(三角点))",
				"読み":"Isakozawa",
				"標高":"570m 2pt ",
				"GL":"QM09mm",
				"市郡区":"C#0307 / G#03008B ",
				"登山日":"",
				"メモ":"",
				"_markerType": "Icon",
				"_iconUrl": "https://maps.gsi.go.jp/portal/sys/v4/symbols/102.png",
				"_iconSize": [
					16,
					16
				],
				"_iconAnchor": [
					8,
					8
				]
			}
		},
		{
			"type": "Feature",
			"geometry": {
				"type": "Point",
				"coordinates": [
					 141.5501,
					 39.3009
				]
			},
			"properties": {
				"name": "JA/IT-151(長峰(三角点))",
				"読み":"Nagamine",
				"標高":"551m 2pt ",
				"GL":"QM09sh",
				"市郡区":"C#0310 ",
				"登山日":"",
				"メモ":"",
				"_markerType": "Icon",
				"_iconUrl": "https://maps.gsi.go.jp/portal/sys/v4/symbols/102.png",
				"_iconSize": [
					16,
					16
				],
				"_iconAnchor": [
					8,
					8
				]
			}
		},
		{
			"type": "Feature",
			"geometry": {
				"type": "Point",
				"coordinates": [
					 141.8801,
					 39.5131
				]
			},
			"properties": {
				"name": "JA/IT-152(金田森)",
				"読み":"Kanedamori",
				"標高":"548m 2pt ",
				"GL":"QM09wm",
				"市郡区":"G#03007G ",
				"登山日":"",
				"メモ":"",
				"_markerType": "Icon",
				"_iconUrl": "https://maps.gsi.go.jp/portal/sys/v4/symbols/102.png",
				"_iconSize": [
					16,
					16
				],
				"_iconAnchor": [
					8,
					8
				]
			}
		},
		{
			"type": "Feature",
			"geometry": {
				"type": "Point",
				"coordinates": [
					 141.826,
					 39.4074
				]
			},
			"properties": {
				"name": "JA/IT-153(点547)",
				"読み":"P547",
				"標高":"547m 2pt ",
				"GL":"QM09vj",
				"市郡区":"G#03004A ",
				"登山日":"",
				"メモ":"",
				"_markerType": "Icon",
				"_iconUrl": "https://maps.gsi.go.jp/portal/sys/v4/symbols/102.png",
				"_iconSize": [
					16,
					16
				],
				"_iconAnchor": [
					8,
					8
				]
			}
		},
		{
			"type": "Feature",
			"geometry": {
				"type": "Point",
				"coordinates": [
					 141.2985,
					 39.3123
				]
			},
			"properties": {
				"name": "JA/IT-154(金成山)",
				"読み":"Kanenariyama",
				"標高":"540m 2pt ",
				"GL":"QM09ph",
				"市郡区":"C#0307 / C#0315 ",
				"登山日":"",
				"メモ":"",
				"_markerType": "Icon",
				"_iconUrl": "https://maps.gsi.go.jp/portal/sys/v4/symbols/102.png",
				"_iconSize": [
					16,
					16
				],
				"_iconAnchor": [
					8,
					8
				]
			}
		},
		{
			"type": "Feature",
			"geometry": {
				"type": "Point",
				"coordinates": [
					 141.8909,
					 39.8086
				]
			},
			"properties": {
				"name": "JA/IT-155(点538)",
				"読み":"P538",
				"標高":"538m 2pt ",
				"GL":"QM09wt",
				"市郡区":"G#03007E ",
				"登山日":"",
				"メモ":"",
				"_markerType": "Icon",
				"_iconUrl": "https://maps.gsi.go.jp/portal/sys/v4/symbols/102.png",
				"_iconSize": [
					16,
					16
				],
				"_iconAnchor": [
					8,
					8
				]
			}
		},
		{
			"type": "Feature",
			"geometry": {
				"type": "Point",
				"coordinates": [
					 141.89,
					 39.8896
				]
			},
			"properties": {
				"name": "JA/IT-156(保土平沢(三角点))",
				"読み":"Hodohirazawa",
				"標高":"521m 2pt ",
				"GL":"QM09wv",
				"市郡区":"G#03007A ",
				"登山日":"",
				"メモ":"",
				"_markerType": "Icon",
				"_iconUrl": "https://maps.gsi.go.jp/portal/sys/v4/symbols/102.png",
				"_iconSize": [
					16,
					16
				],
				"_iconAnchor": [
					8,
					8
				]
			}
		},
		{
			"type": "Feature",
			"geometry": {
				"type": "Point",
				"coordinates": [
					 141.3041,
					 39.2722
				]
			},
			"properties": {
				"name": "JA/IT-157(笠根山)",
				"読み":"Kasaneyama",
				"標高":"520m 2pt ",
				"GL":"QM09pg",
				"市郡区":"C#0315 ",
				"登山日":"",
				"メモ":"",
				"_markerType": "Icon",
				"_iconUrl": "https://maps.gsi.go.jp/portal/sys/v4/symbols/102.png",
				"_iconSize": [
					16,
					16
				],
				"_iconAnchor": [
					8,
					8
				]
			}
		},
		{
			"type": "Feature",
			"geometry": {
				"type": "Point",
				"coordinates": [
					 141.846,
					 39.1204
				]
			},
			"properties": {
				"name": "JA/IT-158(大六山)",
				"読み":"Dairokusan",
				"標高":"514m 2pt ",
				"GL":"QM09wc",
				"市郡区":"C#0305 ",
				"登山日":"",
				"メモ":"",
				"_markerType": "Icon",
				"_iconUrl": "https://maps.gsi.go.jp/portal/sys/v4/symbols/102.png",
				"_iconSize": [
					16,
					16
				],
				"_iconAnchor": [
					8,
					8
				]
			}
		},
		{
			"type": "Feature",
			"geometry": {
				"type": "Point",
				"coordinates": [
					 141.8919,
					 39.8592
				]
			},
			"properties": {
				"name": "JA/IT-159(亀山)",
				"読み":"Kameyama",
				"標高":"498m 1pt ",
				"GL":"QM09wu",
				"市郡区":"G#03007E / G#03007A ",
				"登山日":"",
				"メモ":"",
				"_markerType": "Icon",
				"_iconUrl": "https://maps.gsi.go.jp/portal/sys/v4/symbols/826.png",
				"_iconSize": [
					16,
					16
				],
				"_iconAnchor": [
					8,
					8
				]
			}
		},
		{
			"type": "Feature",
			"geometry": {
				"type": "Point",
				"coordinates": [
					 141.3722,
					 39.3632
				]
			},
			"properties": {
				"name": "JA/IT-160(八株山)",
				"読み":"Hachikabuyama",
				"標高":"496m 1pt ",
				"GL":"QM09qi",
				"市郡区":"C#0310 ",
				"登山日":"",
				"メモ":"",
				"_markerType": "Icon",
				"_iconUrl": "https://maps.gsi.go.jp/portal/sys/v4/symbols/826.png",
				"_iconSize": [
					16,
					16
				],
				"_iconAnchor": [
					8,
					8
				]
			}
		},
		{
			"type": "Feature",
			"geometry": {
				"type": "Point",
				"coordinates": [
					 141.3974,
					 38.8626
				]
			},
			"properties": {
				"name": "JA/IT-161(黄金山)",
				"読み":"Ougonzan",
				"標高":"482m 1pt ",
				"GL":"QM08qu",
				"市郡区":"C#0304 ",
				"登山日":"",
				"メモ":"",
				"_markerType": "Icon",
				"_iconUrl": "https://maps.gsi.go.jp/portal/sys/v4/symbols/826.png",
				"_iconSize": [
					16,
					16
				],
				"_iconAnchor": [
					8,
					8
				]
			}
		},
		{
			"type": "Feature",
			"geometry": {
				"type": "Point",
				"coordinates": [
					 141.8995,
					 39.2234
				]
			},
			"properties": {
				"name": "JA/IT-162(板木山)",
				"読み":"Itakiyama",
				"標高":"477m 1pt ",
				"GL":"QM09wf",
				"市郡区":"C#0302 ",
				"登山日":"",
				"メモ":"",
				"_markerType": "Icon",
				"_iconUrl": "https://maps.gsi.go.jp/portal/sys/v4/symbols/826.png",
				"_iconSize": [
					16,
					16
				],
				"_iconAnchor": [
					8,
					8
				]
			}
		},
		{
			"type": "Feature",
			"geometry": {
				"type": "Point",
				"coordinates": [
					 141.1649,
					 39.9303
				]
			},
			"properties": {
				"name": "JA/IT-163(送仙山)",
				"読み":"Okurisenyama",
				"標高":"472m 1pt ",
				"GL":"QM09nw",
				"市郡区":"G#03002B / C#0301 ",
				"登山日":"",
				"メモ":"",
				"_markerType": "Icon",
				"_iconUrl": "https://maps.gsi.go.jp/portal/sys/v4/symbols/826.png",
				"_iconSize": [
					16,
					16
				],
				"_iconAnchor": [
					8,
					8
				]
			}
		},
		{
			"type": "Feature",
			"geometry": {
				"type": "Point",
				"coordinates": [
					 141.6558,
					 39.1139
				]
			},
			"properties": {
				"name": "JA/IT-164(長畑山(三角点))",
				"読み":"Nagahatayama",
				"標高":"461m 1pt ",
				"GL":"QM09tc",
				"市郡区":"C#0305 ",
				"登山日":"",
				"メモ":"",
				"_markerType": "Icon",
				"_iconUrl": "https://maps.gsi.go.jp/portal/sys/v4/symbols/826.png",
				"_iconSize": [
					16,
					16
				],
				"_iconAnchor": [
					8,
					8
				]
			}
		},
		{
			"type": "Feature",
			"geometry": {
				"type": "Point",
				"coordinates": [
					 141.6911,
					 39.0165
				]
			},
			"properties": {
				"name": "JA/IT-165(箱根山)",
				"読み":"Hakoneyama",
				"標高":"446m 1pt ",
				"GL":"QM09ua",
				"市郡区":"C#0305 / C#0311 ",
				"登山日":"",
				"メモ":"",
				"_markerType": "Icon",
				"_iconUrl": "https://maps.gsi.go.jp/portal/sys/v4/symbols/826.png",
				"_iconSize": [
					16,
					16
				],
				"_iconAnchor": [
					8,
					8
				]
			}
		},
		{
			"type": "Feature",
			"geometry": {
				"type": "Point",
				"coordinates": [
					 141.8877,
					 39.1021
				]
			},
			"properties": {
				"name": "JA/IT-166(崎浜(三角点))",
				"読み":"Sakihama",
				"標高":"444m 1pt ",
				"GL":"QM09wc",
				"市郡区":"C#0305 ",
				"登山日":"",
				"メモ":"",
				"_markerType": "Icon",
				"_iconUrl": "https://maps.gsi.go.jp/portal/sys/v4/symbols/826.png",
				"_iconSize": [
					16,
					16
				],
				"_iconAnchor": [
					8,
					8
				]
			}
		},
		{
			"type": "Feature",
			"geometry": {
				"type": "Point",
				"coordinates": [
					 141.2615,
					 40.2631
				]
			},
			"properties": {
				"name": "JA/IT-167(寺沢(三角点))",
				"読み":"Terasawa",
				"標高":"440m 1pt ",
				"GL":"QN00pg",
				"市郡区":"C#0313 ",
				"登山日":"",
				"メモ":"",
				"_markerType": "Icon",
				"_iconUrl": "https://maps.gsi.go.jp/portal/sys/v4/symbols/826.png",
				"_iconSize": [
					16,
					16
				],
				"_iconAnchor": [
					8,
					8
				]
			}
		},
		{
			"type": "Feature",
			"geometry": {
				"type": "Point",
				"coordinates": [
					 141.2733,
					 38.9623
				]
			},
			"properties": {
				"name": "JA/IT-168(丈競山)",
				"読み":"Takekurabeyama",
				"標高":"435m 1pt ",
				"GL":"QM08px",
				"市郡区":"C#0304 ",
				"登山日":"",
				"メモ":"",
				"_markerType": "Icon",
				"_iconUrl": "https://maps.gsi.go.jp/portal/sys/v4/symbols/826.png",
				"_iconSize": [
					16,
					16
				],
				"_iconAnchor": [
					8,
					8
				]
			}
		},
		{
			"type": "Feature",
			"geometry": {
				"type": "Point",
				"coordinates": [
					 141.2374,
					 39.3065
				]
			},
			"properties": {
				"name": "JA/IT-169(神内峰(三角点))",
				"読み":"Jinnaimine",
				"標高":"430m 1pt ",
				"GL":"QM09oh",
				"市郡区":"C#0315 / C#0307 / C#0308",
				"登山日":"",
				"メモ":"",
				"_markerType": "Icon",
				"_iconUrl": "https://maps.gsi.go.jp/portal/sys/v4/symbols/826.png",
				"_iconSize": [
					16,
					16
				],
				"_iconAnchor": [
					8,
					8
				]
			}
		},
		{
			"type": "Feature",
			"geometry": {
				"type": "Point",
				"coordinates": [
					 141.9316,
					 39.9803
				]
			},
			"properties": {
				"name": "JA/IT-170(七ツ森)",
				"読み":"Nanatsumori",
				"標高":"429m 1pt ",
				"GL":"QM09xx",
				"市郡区":"G#03007A / G#03007D ",
				"登山日":"",
				"メモ":"",
				"_markerType": "Icon",
				"_iconUrl": "https://maps.gsi.go.jp/portal/sys/v4/symbols/826.png",
				"_iconSize": [
					16,
					16
				],
				"_iconAnchor": [
					8,
					8
				]
			}
		},
		{
			"type": "Feature",
			"geometry": {
				"type": "Point",
				"coordinates": [
					 141.1859,
					 39.671
				]
			},
			"properties": {
				"name": "JA/IT-171(鑪山)",
				"読み":"Tatarayama",
				"標高":"390m 1pt ",
				"GL":"QM09oq",
				"市郡区":"C#0301 ",
				"登山日":"",
				"メモ":"",
				"_markerType": "Icon",
				"_iconUrl": "https://maps.gsi.go.jp/portal/sys/v4/symbols/826.png",
				"_iconSize": [
					16,
					16
				],
				"_iconAnchor": [
					8,
					8
				]
			}
		},
		{
			"type": "Feature",
			"geometry": {
				"type": "Point",
				"coordinates": [
					 141.8758,
					 39.2865
				]
			},
			"properties": {
				"name": "JA/IT-172(点380（大渡三角点近傍))",
				"読み":"P380(Near_Oowatari)",
				"標高":"380m 1pt ",
				"GL":"QM09wg",
				"市郡区":"C#0302 ",
				"登山日":"",
				"メモ":"",
				"_markerType": "Icon",
				"_iconUrl": "https://maps.gsi.go.jp/portal/sys/v4/symbols/826.png",
				"_iconSize": [
					16,
					16
				],
				"_iconAnchor": [
					8,
					8
				]
			}
		},
		{
			"type": "Feature",
			"geometry": {
				"type": "Point",
				"coordinates": [
					 141.2793,
					 39.1827
				]
			},
			"properties": {
				"name": "JA/IT-173(銚子山)",
				"読み":"Choushiyama",
				"標高":"365m 1pt ",
				"GL":"QM09pe",
				"市郡区":"C#0315 ",
				"登山日":"",
				"メモ":"",
				"_markerType": "Icon",
				"_iconUrl": "https://maps.gsi.go.jp/portal/sys/v4/symbols/826.png",
				"_iconSize": [
					16,
					16
				],
				"_iconAnchor": [
					8,
					8
				]
			}
		},
		{
			"type": "Feature",
			"geometry": {
				"type": "Point",
				"coordinates": [
					 141.8199,
					 39.036
				]
			},
			"properties": {
				"name": "JA/IT-174(立石山)",
				"読み":"Tateishiyama",
				"標高":"358m 1pt ",
				"GL":"QM09va",
				"市郡区":"C#0305 ",
				"登山日":"",
				"メモ":"",
				"_markerType": "Icon",
				"_iconUrl": "https://maps.gsi.go.jp/portal/sys/v4/symbols/826.png",
				"_iconSize": [
					16,
					16
				],
				"_iconAnchor": [
					8,
					8
				]
			}
		},
		{
			"type": "Feature",
			"geometry": {
				"type": "Point",
				"coordinates": [
					 141.0922,
					 39.6685
				]
			},
			"properties": {
				"name": "JA/IT-175(飯岡山)",
				"読み":"Iiokayama",
				"標高":"358m 1pt ",
				"GL":"QM09nq",
				"市郡区":"C#0301 ",
				"登山日":"",
				"メモ":"",
				"_markerType": "Icon",
				"_iconUrl": "https://maps.gsi.go.jp/portal/sys/v4/symbols/826.png",
				"_iconSize": [
					16,
					16
				],
				"_iconAnchor": [
					8,
					8
				]
			}
		},
		{
			"type": "Feature",
			"geometry": {
				"type": "Point",
				"coordinates": [
					 141.2306,
					 38.9387
				]
			},
			"properties": {
				"name": "JA/IT-177(石蔵山)",
				"読み":"Ishikurayama",
				"標高":"355m 1pt ",
				"GL":"QM08ow",
				"市郡区":"C#0304 ",
				"登山日":"",
				"メモ":"",
				"_markerType": "Icon",
				"_iconUrl": "https://maps.gsi.go.jp/portal/sys/v4/symbols/826.png",
				"_iconSize": [
					16,
					16
				],
				"_iconAnchor": [
					8,
					8
				]
			}
		},
		{
			"type": "Feature",
			"geometry": {
				"type": "Point",
				"coordinates": [
					 141.2036,
					 38.9633
				]
			},
			"properties": {
				"name": "JA/IT-178(烏兎ケ森)",
				"読み":"Udogamori",
				"標高":"350m 1pt ",
				"GL":"QM08ox",
				"市郡区":"C#0304 ",
				"登山日":"",
				"メモ":"",
				"_markerType": "Icon",
				"_iconUrl": "https://maps.gsi.go.jp/portal/sys/v4/symbols/826.png",
				"_iconSize": [
					16,
					16
				],
				"_iconAnchor": [
					8,
					8
				]
			}
		},
		{
			"type": "Feature",
			"geometry": {
				"type": "Point",
				"coordinates": [
					 141.9625,
					 39.3251
				]
			},
			"properties": {
				"name": "JA/IT-179(カモメ森山)",
				"読み":"Kamomemoriyama",
				"標高":"325m 1pt ",
				"GL":"QM09xh",
				"市郡区":"C#0302 ",
				"登山日":"",
				"メモ":"",
				"_markerType": "Icon",
				"_iconUrl": "https://maps.gsi.go.jp/portal/sys/v4/symbols/826.png",
				"_iconSize": [
					16,
					16
				],
				"_iconAnchor": [
					8,
					8
				]
			}
		},
		{
			"type": "Feature",
			"geometry": {
				"type": "Point",
				"coordinates": [
					 141.3076,
					 38.8733
				]
			},
			"properties": {
				"name": "JA/IT-180(高鳥兎山)",
				"読み":"Takaudoyama",
				"標高":"313m 1pt ",
				"GL":"QM08pu",
				"市郡区":"C#0304 ",
				"登山日":"",
				"メモ":"",
				"_markerType": "Icon",
				"_iconUrl": "https://maps.gsi.go.jp/portal/sys/v4/symbols/826.png",
				"_iconSize": [
					16,
					16
				],
				"_iconAnchor": [
					8,
					8
				]
			}
		},
		{
			"type": "Feature",
			"geometry": {
				"type": "Point",
				"coordinates": [
					 141.7535,
					 39.0288
				]
			},
			"properties": {
				"name": "JA/IT-181(長崎山)",
				"読み":"Nagasakiyama",
				"標高":"290m 1pt ",
				"GL":"QM09va",
				"市郡区":"C#0305 ",
				"登山日":"",
				"メモ":"",
				"_markerType": "Icon",
				"_iconUrl": "https://maps.gsi.go.jp/portal/sys/v4/symbols/826.png",
				"_iconSize": [
					16,
					16
				],
				"_iconAnchor": [
					8,
					8
				]
			}
		},
		{
			"type": "Feature",
			"geometry": {
				"type": "Point",
				"coordinates": [
					 140.89,
					 39.7868
				]
			},
			"properties": {
				"name": "JA/IT-182(高倉山)",
				"読み":"Takakurayama",
				"標高":"1408m 8pt ",
				"GL":"QM09ks",
				"市郡区":"G#03002D ",
				"登山日":"",
				"メモ":"",
				"_markerType": "Icon",
				"_iconUrl": "https://maps.gsi.go.jp/portal/sys/v4/symbols/104.png",
				"_iconSize": [
					16,
					16
				],
				"_iconAnchor": [
					8,
					8
				]
			}
		},
		{
			"type": "Feature",
			"geometry": {
				"type": "Point",
				"coordinates": [
					 141.446,
					 39.5104
				]
			},
			"properties": {
				"name": "JA/IT-183(白森山)",
				"読み":"Shiromoriyama",
				"標高":"1338m 8pt ",
				"GL":"QM09rm",
				"市郡区":"C#0310 / C#0307 ",
				"登山日":"",
				"メモ":"",
				"_markerType": "Icon",
				"_iconUrl": "https://maps.gsi.go.jp/portal/sys/v4/symbols/104.png",
				"_iconSize": [
					16,
					16
				],
				"_iconAnchor": [
					8,
					8
				]
			}
		},
		{
			"type": "Feature",
			"geometry": {
				"type": "Point",
				"coordinates": [
					 140.9583,
					 39.9777
				]
			},
			"properties": {
				"name": "JA/IT-184(前森山)",
				"読み":"Maemoriyama",
				"標高":"1303m 8pt ",
				"GL":"QM09lx",
				"市郡区":"C#0314 ",
				"登山日":"",
				"メモ":"",
				"_markerType": "Icon",
				"_iconUrl": "https://maps.gsi.go.jp/portal/sys/v4/symbols/104.png",
				"_iconSize": [
					16,
					16
				],
				"_iconAnchor": [
					8,
					8
				]
			}
		},
		{
			"type": "Feature",
			"geometry": {
				"type": "Point",
				"coordinates": [
					 141.3962,
					 39.6814
				]
			},
			"properties": {
				"name": "JA/IT-185(点1174)",
				"読み":"P1174",
				"標高":"1174m 8pt ",
				"GL":"QM09qq",
				"市郡区":"C#0303 / C#0301 ",
				"登山日":"",
				"メモ":"",
				"_markerType": "Icon",
				"_iconUrl": "https://maps.gsi.go.jp/portal/sys/v4/symbols/104.png",
				"_iconSize": [
					16,
					16
				],
				"_iconAnchor": [
					8,
					8
				]
			}
		},
		{
			"type": "Feature",
			"geometry": {
				"type": "Point",
				"coordinates": [
					 141.6581,
					 39.6765
				]
			},
			"properties": {
				"name": "JA/IT-186(西山(三角点))",
				"読み":"Nishiyama",
				"標高":"1170m 8pt ",
				"GL":"QM09tq",
				"市郡区":"C#0303 ",
				"登山日":"",
				"メモ":"",
				"_markerType": "Icon",
				"_iconUrl": "https://maps.gsi.go.jp/portal/sys/v4/symbols/104.png",
				"_iconSize": [
					16,
					16
				],
				"_iconAnchor": [
					8,
					8
				]
			}
		},
		{
			"type": "Feature",
			"geometry": {
				"type": "Point",
				"coordinates": [
					 141.7274,
					 39.5075
				]
			},
			"properties": {
				"name": "JA/IT-187(妙沢山近傍)",
				"読み":"Near_Myozawayama",
				"標高":"1139m 8pt ",
				"GL":"QM09um",
				"市郡区":"G#03004A / C#0303 ",
				"登山日":"",
				"メモ":"",
				"_markerType": "Icon",
				"_iconUrl": "https://maps.gsi.go.jp/portal/sys/v4/symbols/104.png",
				"_iconSize": [
					16,
					16
				],
				"_iconAnchor": [
					8,
					8
				]
			}
		},
		{
			"type": "Feature",
			"geometry": {
				"type": "Point",
				"coordinates": [
					 140.7586,
					 39.0854
				]
			},
			"properties": {
				"name": "JA/IT-188(点1120)",
				"読み":"P1120",
				"標高":"1120m 8pt ",
				"GL":"QM09jc",
				"市郡区":"C#0315 / G#04001A ",
				"登山日":"",
				"メモ":"",
				"_markerType": "Icon",
				"_iconUrl": "https://maps.gsi.go.jp/portal/sys/v4/symbols/104.png",
				"_iconSize": [
					16,
					16
				],
				"_iconAnchor": [
					8,
					8
				]
			}
		},
		{
			"type": "Feature",
			"geometry": {
				"type": "Point",
				"coordinates": [
					 140.8819,
					 39.2299
				]
			},
			"properties": {
				"name": "JA/IT-189(横岳)",
				"読み":"Yokodake",
				"標高":"1099m 6pt ",
				"GL":"QM09kf",
				"市郡区":"G#03013F / C#0308 ",
				"登山日":"",
				"メモ":"",
				"_markerType": "Icon",
				"_iconUrl": "https://maps.gsi.go.jp/portal/sys/v4/symbols/103.png",
				"_iconSize": [
					16,
					16
				],
				"_iconAnchor": [
					8,
					8
				]
			}
		},
		{
			"type": "Feature",
			"geometry": {
				"type": "Point",
				"coordinates": [
					 141.4539,
					 39.4422
				]
			},
			"properties": {
				"name": "JA/IT-191(大麻部山)",
				"読み":"Oomabuyama",
				"標高":"1043m 6pt ",
				"GL":"QM09rk",
				"市郡区":"C#0310 ",
				"登山日":"",
				"メモ":"",
				"_markerType": "Icon",
				"_iconUrl": "https://maps.gsi.go.jp/portal/sys/v4/symbols/103.png",
				"_iconSize": [
					16,
					16
				],
				"_iconAnchor": [
					8,
					8
				]
			}
		},
		{
			"type": "Feature",
			"geometry": {
				"type": "Point",
				"coordinates": [
					 141.6595,
					 39.4568
				]
			},
			"properties": {
				"name": "JA/IT-192(オーヅ岳)",
				"読み":"Oozudake",
				"標高":"1028m 6pt ",
				"GL":"QM09tk",
				"市郡区":"C#0310 / C#0303 ",
				"登山日":"",
				"メモ":"",
				"_markerType": "Icon",
				"_iconUrl": "https://maps.gsi.go.jp/portal/sys/v4/symbols/103.png",
				"_iconSize": [
					16,
					16
				],
				"_iconAnchor": [
					8,
					8
				]
			}
		},
		{
			"type": "Feature",
			"geometry": {
				"type": "Point",
				"coordinates": [
					 141.7112,
					 39.8982
				]
			},
			"properties": {
				"name": "JA/IT-193(碁石峠（三角点近傍）)",
				"読み":"Near_Goishitouge",
				"標高":"1000m 6pt ",
				"GL":"QM09uv",
				"市郡区":"G#03007E ",
				"登山日":"",
				"メモ":"",
				"_markerType": "Icon",
				"_iconUrl": "https://maps.gsi.go.jp/portal/sys/v4/symbols/103.png",
				"_iconSize": [
					16,
					16
				],
				"_iconAnchor": [
					8,
					8
				]
			}
		},
		{
			"type": "Feature",
			"geometry": {
				"type": "Point",
				"coordinates": [
					 141.4962,
					 40.0827
				]
			},
			"properties": {
				"name": "JA/IT-194(鼻黒岳(三角点))",
				"読み":"Hanagurodake",
				"標高":"970m 6pt ",
				"GL":"QN00rb",
				"市郡区":"C#0309 / G#03002C ",
				"登山日":"",
				"メモ":"",
				"_markerType": "Icon",
				"_iconUrl": "https://maps.gsi.go.jp/portal/sys/v4/symbols/103.png",
				"_iconSize": [
					16,
					16
				],
				"_iconAnchor": [
					8,
					8
				]
			}
		},
		{
			"type": "Feature",
			"geometry": {
				"type": "Point",
				"coordinates": [
					 140.9128,
					 39.4548
				]
			},
			"properties": {
				"name": "JA/IT-195(点960)",
				"読み":"P960",
				"標高":"960m 6pt ",
				"GL":"QM09kk",
				"市郡区":"C#0307 ",
				"登山日":"",
				"メモ":"",
				"_markerType": "Icon",
				"_iconUrl": "https://maps.gsi.go.jp/portal/sys/v4/symbols/103.png",
				"_iconSize": [
					16,
					16
				],
				"_iconAnchor": [
					8,
					8
				]
			}
		},
		{
			"type": "Feature",
			"geometry": {
				"type": "Point",
				"coordinates": [
					 140.8512,
					 39.2358
				]
			},
			"properties": {
				"name": "JA/IT-196(桧沢（三角点近傍）)",
				"読み":"Near_Hinokizawa",
				"標高":"940m 6pt ",
				"GL":"QM09kf",
				"市郡区":"G#03013F ",
				"登山日":"",
				"メモ":"",
				"_markerType": "Icon",
				"_iconUrl": "https://maps.gsi.go.jp/portal/sys/v4/symbols/103.png",
				"_iconSize": [
					16,
					16
				],
				"_iconAnchor": [
					8,
					8
				]
			}
		},
		{
			"type": "Feature",
			"geometry": {
				"type": "Point",
				"coordinates": [
					 141.3892,
					 39.4795
				]
			},
			"properties": {
				"name": "JA/IT-197(猫山)",
				"読み":"Nekoyama",
				"標高":"920m 6pt ",
				"GL":"QM09ql",
				"市郡区":"C#0307 ",
				"登山日":"",
				"メモ":"",
				"_markerType": "Icon",
				"_iconUrl": "https://maps.gsi.go.jp/portal/sys/v4/symbols/103.png",
				"_iconSize": [
					16,
					16
				],
				"_iconAnchor": [
					8,
					8
				]
			}
		},
		{
			"type": "Feature",
			"geometry": {
				"type": "Point",
				"coordinates": [
					 140.9151,
					 39.2474
				]
			},
			"properties": {
				"name": "JA/IT-198(オガラ森山)",
				"読み":"Ogaramoriyama",
				"標高":"914m 6pt ",
				"GL":"QM09kf",
				"市郡区":"C#0308 ",
				"登山日":"",
				"メモ":"",
				"_markerType": "Icon",
				"_iconUrl": "https://maps.gsi.go.jp/portal/sys/v4/symbols/103.png",
				"_iconSize": [
					16,
					16
				],
				"_iconAnchor": [
					8,
					8
				]
			}
		},
		{
			"type": "Feature",
			"geometry": {
				"type": "Point",
				"coordinates": [
					 141.3182,
					 39.5744
				]
			},
			"properties": {
				"name": "JA/IT-199(峠山(三角点))",
				"読み":"Tougeyama",
				"標高":"907m 6pt ",
				"GL":"QM09pn",
				"市郡区":"C#0307 / C#0301 ",
				"登山日":"",
				"メモ":"",
				"_markerType": "Icon",
				"_iconUrl": "https://maps.gsi.go.jp/portal/sys/v4/symbols/103.png",
				"_iconSize": [
					16,
					16
				],
				"_iconAnchor": [
					8,
					8
				]
			}
		},
		{
			"type": "Feature",
			"geometry": {
				"type": "Point",
				"coordinates": [
					 140.8236,
					 39.2603
				]
			},
			"properties": {
				"name": "JA/IT-200(鷹ノ橋(三角点))",
				"読み":"Takanohashi",
				"標高":"841m 4pt ",
				"GL":"QM09jg",
				"市郡区":"G#03013F ",
				"登山日":"",
				"メモ":"",
				"_markerType": "Icon",
				"_iconUrl": "https://maps.gsi.go.jp/portal/sys/v4/symbols/828.png",
				"_iconSize": [
					16,
					16
				],
				"_iconAnchor": [
					8,
					8
				]
			}
		},
		{
			"type": "Feature",
			"geometry": {
				"type": "Point",
				"coordinates": [
					 140.961,
					 39.5314
				]
			},
			"properties": {
				"name": "JA/IT-201(青ノ木森)",
				"読み":"Aonokimori",
				"標高":"830m 4pt ",
				"GL":"QM09lm",
				"市郡区":"C#0307 ",
				"登山日":"",
				"メモ":"",
				"_markerType": "Icon",
				"_iconUrl": "https://maps.gsi.go.jp/portal/sys/v4/symbols/828.png",
				"_iconSize": [
					16,
					16
				],
				"_iconAnchor": [
					8,
					8
				]
			}
		},
		{
			"type": "Feature",
			"geometry": {
				"type": "Point",
				"coordinates": [
					 141.4043,
					 40.1237
				]
			},
			"properties": {
				"name": "JA/IT-202(岩神(三角点))",
				"読み":"Iwagami",
				"標高":"787m 4pt ",
				"GL":"QN00qc",
				"市郡区":"G#03005E / G#03002C ",
				"登山日":"",
				"メモ":"",
				"_markerType": "Icon",
				"_iconUrl": "https://maps.gsi.go.jp/portal/sys/v4/symbols/828.png",
				"_iconSize": [
					16,
					16
				],
				"_iconAnchor": [
					8,
					8
				]
			}
		},
		{
			"type": "Feature",
			"geometry": {
				"type": "Point",
				"coordinates": [
					 141.0418,
					 39.6356
				]
			},
			"properties": {
				"name": "JA/IT-203(毒ヶ森)",
				"読み":"Dokugamori",
				"標高":"782m 4pt ",
				"GL":"QM09mp",
				"市郡区":"G#03002D ",
				"登山日":"",
				"メモ":"",
				"_markerType": "Icon",
				"_iconUrl": "https://maps.gsi.go.jp/portal/sys/v4/symbols/828.png",
				"_iconSize": [
					16,
					16
				],
				"_iconAnchor": [
					8,
					8
				]
			}
		},
		{
			"type": "Feature",
			"geometry": {
				"type": "Point",
				"coordinates": [
					 140.9896,
					 39.5393
				]
			},
			"properties": {
				"name": "JA/IT-204(権現森)",
				"読み":"Gongenmori",
				"標高":"773m 4pt ",
				"GL":"QM09lm",
				"市郡区":"C#0307 / G#03008B ",
				"登山日":"",
				"メモ":"",
				"_markerType": "Icon",
				"_iconUrl": "https://maps.gsi.go.jp/portal/sys/v4/symbols/828.png",
				"_iconSize": [
					16,
					16
				],
				"_iconAnchor": [
					8,
					8
				]
			}
		},
		{
			"type": "Feature",
			"geometry": {
				"type": "Point",
				"coordinates": [
					 140.9367,
					 39.3963
				]
			},
			"properties": {
				"name": "JA/IT-205(点756(八方山近傍))",
				"読み":"P756",
				"標高":"756m 4pt ",
				"GL":"QM09lj",
				"市郡区":"C#0307 ",
				"登山日":"",
				"メモ":"",
				"_markerType": "Icon",
				"_iconUrl": "https://maps.gsi.go.jp/portal/sys/v4/symbols/828.png",
				"_iconSize": [
					16,
					16
				],
				"_iconAnchor": [
					8,
					8
				]
			}
		},
		{
			"type": "Feature",
			"geometry": {
				"type": "Point",
				"coordinates": [
					 141.6209,
					 39.251
				]
			},
			"properties": {
				"name": "JA/IT-206(佐野(三角点))",
				"読み":"Sano",
				"標高":"743m 4pt ",
				"GL":"QM09tg",
				"市郡区":"C#0310 / G#03006B ",
				"登山日":"",
				"メモ":"",
				"_markerType": "Icon",
				"_iconUrl": "https://maps.gsi.go.jp/portal/sys/v4/symbols/828.png",
				"_iconSize": [
					16,
					16
				],
				"_iconAnchor": [
					8,
					8
				]
			}
		},
		{
			"type": "Feature",
			"geometry": {
				"type": "Point",
				"coordinates": [
					 141.2961,
					 39.6547
				]
			},
			"properties": {
				"name": "JA/IT-208(高森)",
				"読み":"Takamori",
				"標高":"700m 4pt ",
				"GL":"QM09pp",
				"市郡区":"C#0301 ",
				"登山日":"",
				"メモ":"",
				"_markerType": "Icon",
				"_iconUrl": "https://maps.gsi.go.jp/portal/sys/v4/symbols/828.png",
				"_iconSize": [
					16,
					16
				],
				"_iconAnchor": [
					8,
					8
				]
			}
		},
		{
			"type": "Feature",
			"geometry": {
				"type": "Point",
				"coordinates": [
					 141.7392,
					 40.0163
				]
			},
			"properties": {
				"name": "JA/IT-209(大月峠(三角点))",
				"読み":"Ootsukitouge",
				"標高":"698m 4pt ",
				"GL":"QN00ua",
				"市郡区":"G#03007E / C#0309 ",
				"登山日":"",
				"メモ":"",
				"_markerType": "Icon",
				"_iconUrl": "https://maps.gsi.go.jp/portal/sys/v4/symbols/828.png",
				"_iconSize": [
					16,
					16
				],
				"_iconAnchor": [
					8,
					8
				]
			}
		},
		{
			"type": "Feature",
			"geometry": {
				"type": "Point",
				"coordinates": [
					 141.353,
					 39.5469
				]
			},
			"properties": {
				"name": "JA/IT-210(地佐山(三角点))",
				"読み":"Jisayama",
				"標高":"681m 4pt ",
				"GL":"QM09qn",
				"市郡区":"C#0307 ",
				"登山日":"",
				"メモ":"",
				"_markerType": "Icon",
				"_iconUrl": "https://maps.gsi.go.jp/portal/sys/v4/symbols/828.png",
				"_iconSize": [
					16,
					16
				],
				"_iconAnchor": [
					8,
					8
				]
			}
		},
		{
			"type": "Feature",
			"geometry": {
				"type": "Point",
				"coordinates": [
					 140.9442,
					 40.1272
				]
			},
			"properties": {
				"name": "JA/IT-211(矢神岳)",
				"読み":"Yagamidake",
				"標高":"666m 4pt ",
				"GL":"QN00ld",
				"市郡区":"C#0314 ",
				"登山日":"",
				"メモ":"",
				"_markerType": "Icon",
				"_iconUrl": "https://maps.gsi.go.jp/portal/sys/v4/symbols/828.png",
				"_iconSize": [
					16,
					16
				],
				"_iconAnchor": [
					8,
					8
				]
			}
		},
		{
			"type": "Feature",
			"geometry": {
				"type": "Point",
				"coordinates": [
					 141.9003,
					 39.7684
				]
			},
			"properties": {
				"name": "JA/IT-212(相沢森(三角点))",
				"読み":"Aizawamori",
				"標高":"613m 2pt ",
				"GL":"QM09ws",
				"市郡区":"C#0303 / G#03007E ",
				"登山日":"",
				"メモ":"",
				"_markerType": "Icon",
				"_iconUrl": "https://maps.gsi.go.jp/portal/sys/v4/symbols/102.png",
				"_iconSize": [
					16,
					16
				],
				"_iconAnchor": [
					8,
					8
				]
			}
		},
		{
			"type": "Feature",
			"geometry": {
				"type": "Point",
				"coordinates": [
					 141.8393,
					 39.5517
				]
			},
			"properties": {
				"name": "JA/IT-213(点612)",
				"読み":"P612",
				"標高":"612m 2pt ",
				"GL":"QM09wn",
				"市郡区":"C#0303 / G#03007G ",
				"登山日":"",
				"メモ":"",
				"_markerType": "Icon",
				"_iconUrl": "https://maps.gsi.go.jp/portal/sys/v4/symbols/102.png",
				"_iconSize": [
					16,
					16
				],
				"_iconAnchor": [
					8,
					8
				]
			}
		},
		{
			"type": "Feature",
			"geometry": {
				"type": "Point",
				"coordinates": [
					 141.3595,
					 39.4582
				]
			},
			"properties": {
				"name": "JA/IT-214(日向山(三角点))",
				"読み":"Hyuugayama",
				"標高":"573m 2pt ",
				"GL":"QM09qk",
				"市郡区":"C#0307 ",
				"登山日":"",
				"メモ":"",
				"_markerType": "Icon",
				"_iconUrl": "https://maps.gsi.go.jp/portal/sys/v4/symbols/102.png",
				"_iconSize": [
					16,
					16
				],
				"_iconAnchor": [
					8,
					8
				]
			}
		},
		{
			"type": "Feature",
			"geometry": {
				"type": "Point",
				"coordinates": [
					 141.0745,
					 39.5224
				]
			},
			"properties": {
				"name": "JA/IT-215(点570)",
				"読み":"P570",
				"標高":"570m 2pt ",
				"GL":"QM09mm",
				"市郡区":"C#0307 ",
				"登山日":"",
				"メモ":"",
				"_markerType": "Icon",
				"_iconUrl": "https://maps.gsi.go.jp/portal/sys/v4/symbols/102.png",
				"_iconSize": [
					16,
					16
				],
				"_iconAnchor": [
					8,
					8
				]
			}
		},
		{
			"type": "Feature",
			"geometry": {
				"type": "Point",
				"coordinates": [
					 140.7782,
					 39.4005
				]
			},
			"properties": {
				"name": "JA/IT-216(志賀来山)",
				"読み":"Shigakiyama",
				"標高":"562m 2pt ",
				"GL":"QM09jj",
				"市郡区":"G#03013F ",
				"登山日":"",
				"メモ":"",
				"_markerType": "Icon",
				"_iconUrl": "https://maps.gsi.go.jp/portal/sys/v4/symbols/102.png",
				"_iconSize": [
					16,
					16
				],
				"_iconAnchor": [
					8,
					8
				]
			}
		},
		{
			"type": "Feature",
			"geometry": {
				"type": "Point",
				"coordinates": [
					 141.0036,
					 39.4665
				]
			},
			"properties": {
				"name": "JA/IT-217(大森山)",
				"読み":"Oomoriyama",
				"標高":"543m 2pt ",
				"GL":"QM09ml",
				"市郡区":"C#0307 ",
				"登山日":"",
				"メモ":"",
				"_markerType": "Icon",
				"_iconUrl": "https://maps.gsi.go.jp/portal/sys/v4/symbols/102.png",
				"_iconSize": [
					16,
					16
				],
				"_iconAnchor": [
					8,
					8
				]
			}
		},
		{
			"type": "Feature",
			"geometry": {
				"type": "Point",
				"coordinates": [
					 141.2885,
					 39.377
				]
			},
			"properties": {
				"name": "JA/IT-218(日向居木山)",
				"読み":"Hinataorikiyama",
				"標高":"530m 2pt ",
				"GL":"QM09pj",
				"市郡区":"C#0307 ",
				"登山日":"",
				"メモ":"",
				"_markerType": "Icon",
				"_iconUrl": "https://maps.gsi.go.jp/portal/sys/v4/symbols/102.png",
				"_iconSize": [
					16,
					16
				],
				"_iconAnchor": [
					8,
					8
				]
			}
		},
		{
			"type": "Feature",
			"geometry": {
				"type": "Point",
				"coordinates": [
					 141.4388,
					 38.9128
				]
			},
			"properties": {
				"name": "JA/IT-219(矢越山)",
				"読み":"Yagoshiyama",
				"標高":"518m 2pt ",
				"GL":"QM08rv",
				"市郡区":"C#0304 ",
				"登山日":"",
				"メモ":"",
				"_markerType": "Icon",
				"_iconUrl": "https://maps.gsi.go.jp/portal/sys/v4/symbols/102.png",
				"_iconSize": [
					16,
					16
				],
				"_iconAnchor": [
					8,
					8
				]
			}
		},
		{
			"type": "Feature",
			"geometry": {
				"type": "Point",
				"coordinates": [
					 140.8576,
					 39.2932
				]
			},
			"properties": {
				"name": "JA/IT-220(峠山)",
				"読み":"Tougeyama",
				"標高":"515m 2pt ",
				"GL":"QM09kh",
				"市郡区":"G#03013F ",
				"登山日":"",
				"メモ":"",
				"_markerType": "Icon",
				"_iconUrl": "https://maps.gsi.go.jp/portal/sys/v4/symbols/102.png",
				"_iconSize": [
					16,
					16
				],
				"_iconAnchor": [
					8,
					8
				]
			}
		},
		{
			"type": "Feature",
			"geometry": {
				"type": "Point",
				"coordinates": [
					 142.0361,
					 39.4681
				]
			},
			"properties": {
				"name": "JA/IT-221(霞露ヶ岳)",
				"読み":"Karogatake",
				"標高":"507m 2pt ",
				"GL":"QM19al",
				"市郡区":"G#03007G ",
				"登山日":"",
				"メモ":"",
				"_markerType": "Icon",
				"_iconUrl": "https://maps.gsi.go.jp/portal/sys/v4/symbols/102.png",
				"_iconSize": [
					16,
					16
				],
				"_iconAnchor": [
					8,
					8
				]
			}
		},
		{
			"type": "Feature",
			"geometry": {
				"type": "Point",
				"coordinates": [
					 141.8628,
					 39.3069
				]
			},
			"properties": {
				"name": "JA/IT-222(点469)",
				"読み":"P469",
				"標高":"469m 1pt ",
				"GL":"QM09wh",
				"市郡区":"C#0302 ",
				"登山日":"",
				"メモ":"",
				"_markerType": "Icon",
				"_iconUrl": "https://maps.gsi.go.jp/portal/sys/v4/symbols/826.png",
				"_iconSize": [
					16,
					16
				],
				"_iconAnchor": [
					8,
					8
				]
			}
		},
		{
			"type": "Feature",
			"geometry": {
				"type": "Point",
				"coordinates": [
					 142.0561,
					 39.5478
				]
			},
			"properties": {
				"name": "JA/IT-223(とど山)",
				"読み":"Todoyama",
				"標高":"464m 1pt ",
				"GL":"QM19an",
				"市郡区":"C#0303 ",
				"登山日":"",
				"メモ":"",
				"_markerType": "Icon",
				"_iconUrl": "https://maps.gsi.go.jp/portal/sys/v4/symbols/826.png",
				"_iconSize": [
					16,
					16
				],
				"_iconAnchor": [
					8,
					8
				]
			}
		},
		{
			"type": "Feature",
			"geometry": {
				"type": "Point",
				"coordinates": [
					 141.8442,
					 39.3253
				]
			},
			"properties": {
				"name": "JA/IT-224(外山(三角点))",
				"読み":"Sotoyama",
				"標高":"461m 1pt ",
				"GL":"QM09wh",
				"市郡区":"C#0302 ",
				"登山日":"",
				"メモ":"",
				"_markerType": "Icon",
				"_iconUrl": "https://maps.gsi.go.jp/portal/sys/v4/symbols/826.png",
				"_iconSize": [
					16,
					16
				],
				"_iconAnchor": [
					8,
					8
				]
			}
		},
		{
			"type": "Feature",
			"geometry": {
				"type": "Point",
				"coordinates": [
					 141.9125,
					 39.3839
				]
			},
			"properties": {
				"name": "JA/IT-225(小鯨山)",
				"読み":"Kokujirayama",
				"標高":"460m 1pt ",
				"GL":"QM09wj",
				"市郡区":"G#03004A ",
				"登山日":"",
				"メモ":"",
				"_markerType": "Icon",
				"_iconUrl": "https://maps.gsi.go.jp/portal/sys/v4/symbols/826.png",
				"_iconSize": [
					16,
					16
				],
				"_iconAnchor": [
					8,
					8
				]
			}
		},
		{
			"type": "Feature",
			"geometry": {
				"type": "Point",
				"coordinates": [
					 142.0053,
					 39.6208
				]
			},
			"properties": {
				"name": "JA/IT-226(月山)",
				"読み":"Tsukiyama",
				"標高":"455m 1pt ",
				"GL":"QM19ao",
				"市郡区":"C#0303 ",
				"登山日":"",
				"メモ":"",
				"_markerType": "Icon",
				"_iconUrl": "https://maps.gsi.go.jp/portal/sys/v4/symbols/826.png",
				"_iconSize": [
					16,
					16
				],
				"_iconAnchor": [
					8,
					8
				]
			}
		},
		{
			"type": "Feature",
			"geometry": {
				"type": "Point",
				"coordinates": [
					 141.1896,
					 39.276
				]
			},
			"properties": {
				"name": "JA/IT-227(西山峠(三角点))",
				"読み":"Nishiyamatouge",
				"標高":"358m 1pt ",
				"GL":"QM09og",
				"市郡区":"C#0308 / C#0315 ",
				"登山日":"",
				"メモ":"",
				"_markerType": "Icon",
				"_iconUrl": "https://maps.gsi.go.jp/portal/sys/v4/symbols/826.png",
				"_iconSize": [
					16,
					16
				],
				"_iconAnchor": [
					8,
					8
				]
			}
		},
		{
			"type": "Feature",
			"geometry": {
				"type": "Point",
				"coordinates": [
					 141.9337,
					 39.2303
				]
			},
			"properties": {
				"name": "JA/IT-228(鷹巣山)",
				"読み":"Takasuyama",
				"標高":"341m 1pt ",
				"GL":"QM09xf",
				"市郡区":"C#0302 ",
				"登山日":"",
				"メモ":"",
				"_markerType": "Icon",
				"_iconUrl": "https://maps.gsi.go.jp/portal/sys/v4/symbols/826.png",
				"_iconSize": [
					16,
					16
				],
				"_iconAnchor": [
					8,
					8
				]
			}
		},
		{
			"type": "Feature",
			"geometry": {
				"type": "Point",
				"coordinates": [
					 141.9965,
					 39.4339
				]
			},
			"properties": {
				"name": "JA/IT-229(点320)",
				"読み":"JA/IT-229",
				"標高":"320m 1pt ",
				"GL":"QM09xk",
				"市郡区":"G#03007G ",
				"登山日":"",
				"メモ":"",
				"_markerType": "Icon",
				"_iconUrl": "https://maps.gsi.go.jp/portal/sys/v4/symbols/826.png",
				"_iconSize": [
					16,
					16
				],
				"_iconAnchor": [
					8,
					8
				]
			}
		},
		{
			"type": "Feature",
			"geometry": {
				"type": "Point",
				"coordinates": [
					 141.9358,
					 39.3211
				]
			},
			"properties": {
				"name": "JA/IT-230(前田(三角点))",
				"読み":"Maeda",
				"標高":"286m 1pt ",
				"GL":"QM09xh",
				"市郡区":"C#0302 ",
				"登山日":"",
				"メモ":"",
				"_markerType": "Icon",
				"_iconUrl": "https://maps.gsi.go.jp/portal/sys/v4/symbols/826.png",
				"_iconSize": [
					16,
					16
				],
				"_iconAnchor": [
					8,
					8
				]
			}
		},
		{
			"type": "Feature",
			"geometry": {
				"type": "Point",
				"coordinates": [
					 141.6776,
					 38.9815
				]
			},
			"properties": {
				"name": "JA/IT-231(仁田山)",
				"読み":"Nitayama",
				"標高":"252m 1pt ",
				"GL":"QM08ux",
				"市郡区":"C#0311 ",
				"登山日":"",
				"メモ":"",
				"_markerType": "Icon",
				"_iconUrl": "https://maps.gsi.go.jp/portal/sys/v4/symbols/826.png",
				"_iconSize": [
					16,
					16
				],
				"_iconAnchor": [
					8,
					8
				]
			}
		},
		{
			"type": "Feature",
			"geometry": {
				"type": "Point",
				"coordinates": [
					 141.346638,
					 39.313584
				]
			},
			"properties": {
				"name": "JA/IT-232(砥森山)",
				"読み":"Tomorisan",
				"標高":"679m 4pt ",
				"GL":"QM09qh",
				"市郡区":"C#0310 / C#0307 ",
				"登山日":"",
				"メモ":"",
				"_markerType": "Icon",
				"_iconUrl": "https://maps.gsi.go.jp/portal/sys/v4/symbols/828.png",
				"_iconSize": [
					16,
					16
				],
				"_iconAnchor": [
					8,
					8
				]
			}
		},
		{
			"type": "Feature",
			"geometry": {
				"type": "Point",
				"coordinates": [
					 140.476,
					 38.0957
				]
			},
			"properties": {
				"name": "JA/MG-001(蔵王山)",
				"読み":"Zaouzan/Byoubudake",
				"標高":"1825m 10pt ",
				"GL":"QM08fc",
				"市郡区":"G#06003B / G#06003A ",
				"登山日":"",
				"メモ":"",
				"_markerType": "Icon",
				"_iconUrl": "https://maps.gsi.go.jp/portal/sys/v4/symbols/101.png",
				"_iconSize": [
					16,
					16
				],
				"_iconAnchor": [
					8,
					8
				]
			}
		},
		{
			"type": "Feature",
			"geometry": {
				"type": "Point",
				"coordinates": [
					 140.7884,
					 38.9609
				]
			},
			"properties": {
				"name": "JA/MG-002(栗駒山)",
				"読み":"Kurikomayama",
				"標高":"1627m 10pt ",
				"GL":"QM08jx",
				"市郡区":"C#0613 / C#0304 ",
				"登山日":"",
				"メモ":"",
				"_markerType": "Icon",
				"_iconUrl": "https://maps.gsi.go.jp/portal/sys/v4/symbols/101.png",
				"_iconSize": [
					16,
					16
				],
				"_iconAnchor": [
					8,
					8
				]
			}
		},
		{
			"type": "Feature",
			"geometry": {
				"type": "Point",
				"coordinates": [
					 140.6198,
					 38.4555
				]
			},
			"properties": {
				"name": "JA/MG-003(船形山(御所山))",
				"読み":"Funagatayama/Goshozan",
				"標高":"1500m 10pt ",
				"GL":"QM08hk",
				"市郡区":"G#06004B / C#0512 / C#060101",
				"登山日":"",
				"メモ":"",
				"_markerType": "Icon",
				"_iconUrl": "https://maps.gsi.go.jp/portal/sys/v4/symbols/101.png",
				"_iconSize": [
					16,
					16
				],
				"_iconAnchor": [
					8,
					8
				]
			}
		},
		{
			"type": "Feature",
			"geometry": {
				"type": "Point",
				"coordinates": [
					 140.4786,
					 38.1946
				]
			},
			"properties": {
				"name": "JA/MG-004(南雁戸山)",
				"読み":"Minamigantosan",
				"標高":"1486m 8pt ",
				"GL":"QM08fe",
				"市郡区":"G#06008B / C#0501 ",
				"登山日":"",
				"メモ":"",
				"_markerType": "Icon",
				"_iconUrl": "https://maps.gsi.go.jp/portal/sys/v4/symbols/104.png",
				"_iconSize": [
					16,
					16
				],
				"_iconAnchor": [
					8,
					8
				]
			}
		},
		{
			"type": "Feature",
			"geometry": {
				"type": "Point",
				"coordinates": [
					 140.5235,
					 38.3021
				]
			},
			"properties": {
				"name": "JA/MG-005(大東岳)",
				"読み":"Daitoudake",
				"標高":"1366m 8pt ",
				"GL":"QM08gh",
				"市郡区":"C#060104 ",
				"登山日":"",
				"メモ":"",
				"_markerType": "Icon",
				"_iconUrl": "https://maps.gsi.go.jp/portal/sys/v4/symbols/104.png",
				"_iconSize": [
					16,
					16
				],
				"_iconAnchor": [
					8,
					8
				]
			}
		},
		{
			"type": "Feature",
			"geometry": {
				"type": "Point",
				"coordinates": [
					 140.4854,
					 38.2556
				]
			},
			"properties": {
				"name": "JA/MG-006(神室岳)",
				"読み":"Kamurodake",
				"標高":"1356m 8pt ",
				"GL":"QM08fg",
				"市郡区":"G#06008B / C#060104 ",
				"登山日":"",
				"メモ":"",
				"_markerType": "Icon",
				"_iconUrl": "https://maps.gsi.go.jp/portal/sys/v4/symbols/104.png",
				"_iconSize": [
					16,
					16
				],
				"_iconAnchor": [
					8,
					8
				]
			}
		},
		{
			"type": "Feature",
			"geometry": {
				"type": "Point",
				"coordinates": [
					 140.375,
					 38.0576
				]
			},
			"properties": {
				"name": "JA/MG-007(番城山)",
				"読み":"Banjyouyama",
				"標高":"1323m 8pt ",
				"GL":"QM08eb",
				"市郡区":"G#06003B / C#0507 ",
				"登山日":"",
				"メモ":"",
				"_markerType": "Icon",
				"_iconUrl": "https://maps.gsi.go.jp/portal/sys/v4/symbols/104.png",
				"_iconSize": [
					16,
					16
				],
				"_iconAnchor": [
					8,
					8
				]
			}
		},
		{
			"type": "Feature",
			"geometry": {
				"type": "Point",
				"coordinates": [
					 140.5807,
					 38.4347
				]
			},
			"properties": {
				"name": "JA/MG-008(白髪山)",
				"読み":"Shirahigeyama",
				"標高":"1294m 8pt ",
				"GL":"QM08gk",
				"市郡区":"C#060101 / C#0511 ",
				"登山日":"",
				"メモ":"",
				"_markerType": "Icon",
				"_iconUrl": "https://maps.gsi.go.jp/portal/sys/v4/symbols/104.png",
				"_iconSize": [
					16,
					16
				],
				"_iconAnchor": [
					8,
					8
				]
			}
		},
		{
			"type": "Feature",
			"geometry": {
				"type": "Point",
				"coordinates": [
					 140.5223,
					 38.3487
				]
			},
			"properties": {
				"name": "JA/MG-009(面白山)",
				"読み":"Omoshiroyama",
				"標高":"1264m 8pt ",
				"GL":"QM08gi",
				"市郡区":"C#060104 / C#0501 / C#0511",
				"登山日":"",
				"メモ":"",
				"_markerType": "Icon",
				"_iconUrl": "https://maps.gsi.go.jp/portal/sys/v4/symbols/104.png",
				"_iconSize": [
					16,
					16
				],
				"_iconAnchor": [
					8,
					8
				]
			}
		},
		{
			"type": "Feature",
			"geometry": {
				"type": "Point",
				"coordinates": [
					 140.595,
					 38.8109
				]
			},
			"properties": {
				"name": "JA/MG-010(禿岳(小鏑山))",
				"読み":"Kamurodake/Kokaburayama",
				"標高":"1262m 8pt ",
				"GL":"QM08ht",
				"市郡区":"C#0615 / G#05011G ",
				"登山日":"",
				"メモ":"",
				"_markerType": "Icon",
				"_iconUrl": "https://maps.gsi.go.jp/portal/sys/v4/symbols/104.png",
				"_iconSize": [
					16,
					16
				],
				"_iconAnchor": [
					8,
					8
				]
			}
		},
		{
			"type": "Feature",
			"geometry": {
				"type": "Point",
				"coordinates": [
					 140.6973,
					 38.4222
				]
			},
			"properties": {
				"name": "JA/MG-011(北泉ヶ岳)",
				"読み":"Kitaizumigatake",
				"標高":"1253m 8pt ",
				"GL":"QM08ik",
				"市郡区":"G#06006D / C#060101 ",
				"登山日":"",
				"メモ":"",
				"_markerType": "Icon",
				"_iconUrl": "https://maps.gsi.go.jp/portal/sys/v4/symbols/104.png",
				"_iconSize": [
					16,
					16
				],
				"_iconAnchor": [
					8,
					8
				]
			}
		},
		{
			"type": "Feature",
			"geometry": {
				"type": "Point",
				"coordinates": [
					 140.4971,
					 38.2833
				]
			},
			"properties": {
				"name": "JA/MG-012(糸岳)",
				"読み":"Itodake",
				"標高":"1228m 8pt ",
				"GL":"QM08fg",
				"市郡区":"C#060104 / C#0501 ",
				"登山日":"",
				"メモ":"",
				"_markerType": "Icon",
				"_iconUrl": "https://maps.gsi.go.jp/portal/sys/v4/symbols/104.png",
				"_iconSize": [
					16,
					16
				],
				"_iconAnchor": [
					8,
					8
				]
			}
		},
		{
			"type": "Feature",
			"geometry": {
				"type": "Point",
				"coordinates": [
					 140.5041,
					 38.3143
				]
			},
			"properties": {
				"name": "JA/MG-013(南面白山)",
				"読み":"Minamiomoshiroyama",
				"標高":"1225m 8pt ",
				"GL":"QM08gh",
				"市郡区":"C#060104 / C#0501 ",
				"登山日":"",
				"メモ":"",
				"_markerType": "Icon",
				"_iconUrl": "https://maps.gsi.go.jp/portal/sys/v4/symbols/104.png",
				"_iconSize": [
					16,
					16
				],
				"_iconAnchor": [
					8,
					8
				]
			}
		},
		{
			"type": "Feature",
			"geometry": {
				"type": "Point",
				"coordinates": [
					 140.6494,
					 38.767
				]
			},
			"properties": {
				"name": "JA/MG-014(点1100(大柴山近傍))",
				"読み":"P1100",
				"標高":"1100m 8pt ",
				"GL":"QM08hs",
				"市郡区":"C#0615 ",
				"登山日":"",
				"メモ":"",
				"_markerType": "Icon",
				"_iconUrl": "https://maps.gsi.go.jp/portal/sys/v4/symbols/104.png",
				"_iconSize": [
					16,
					16
				],
				"_iconAnchor": [
					8,
					8
				]
			}
		},
		{
			"type": "Feature",
			"geometry": {
				"type": "Point",
				"coordinates": [
					 140.389,
					 37.9945
				]
			},
			"properties": {
				"name": "JA/MG-015(峠田岳)",
				"読み":"Tougetadake",
				"標高":"1082m 6pt ",
				"GL":"QM07ex",
				"市郡区":"G#06003B ",
				"登山日":"",
				"メモ":"",
				"_markerType": "Icon",
				"_iconUrl": "https://maps.gsi.go.jp/portal/sys/v4/symbols/103.png",
				"_iconSize": [
					16,
					16
				],
				"_iconAnchor": [
					8,
					8
				]
			}
		},
		{
			"type": "Feature",
			"geometry": {
				"type": "Point",
				"coordinates": [
					 140.5448,
					 38.6508
				]
			},
			"properties": {
				"name": "JA/MG-016(翁山)",
				"読み":"Okinasan",
				"標高":"1075m 6pt ",
				"GL":"QM08gp",
				"市郡区":"C#0512 / G#05011G ",
				"登山日":"",
				"メモ":"",
				"_markerType": "Icon",
				"_iconUrl": "https://maps.gsi.go.jp/portal/sys/v4/symbols/103.png",
				"_iconSize": [
					16,
					16
				],
				"_iconAnchor": [
					8,
					8
				]
			}
		},
		{
			"type": "Feature",
			"geometry": {
				"type": "Point",
				"coordinates": [
					 140.6049,
					 38.8663
				]
			},
			"properties": {
				"name": "JA/MG-017(片倉森)",
				"読み":"Katakuramori",
				"標高":"1040m 6pt ",
				"GL":"QM08hu",
				"市郡区":"C#0615 ",
				"登山日":"",
				"メモ":"",
				"_markerType": "Icon",
				"_iconUrl": "https://maps.gsi.go.jp/portal/sys/v4/symbols/103.png",
				"_iconSize": [
					16,
					16
				],
				"_iconAnchor": [
					8,
					8
				]
			}
		},
		{
			"type": "Feature",
			"geometry": {
				"type": "Point",
				"coordinates": [
					 140.6874,
					 38.8436
				]
			},
			"properties": {
				"name": "JA/MG-018(ツクシ森)",
				"読み":"Tsukushimori",
				"標高":"989m 6pt ",
				"GL":"QM08iu",
				"市郡区":"C#0615 ",
				"登山日":"",
				"メモ":"",
				"_markerType": "Icon",
				"_iconUrl": "https://maps.gsi.go.jp/portal/sys/v4/symbols/103.png",
				"_iconSize": [
					16,
					16
				],
				"_iconAnchor": [
					8,
					8
				]
			}
		},
		{
			"type": "Feature",
			"geometry": {
				"type": "Point",
				"coordinates": [
					 140.6981,
					 38.8895
				]
			},
			"properties": {
				"name": "JA/MG-019(清水倉森)",
				"読み":"Shimizukuramori",
				"標高":"950m 6pt ",
				"GL":"QM08iv",
				"市郡区":"C#0615 ",
				"登山日":"",
				"メモ":"",
				"_markerType": "Icon",
				"_iconUrl": "https://maps.gsi.go.jp/portal/sys/v4/symbols/103.png",
				"_iconSize": [
					16,
					16
				],
				"_iconAnchor": [
					8,
					8
				]
			}
		},
		{
			"type": "Feature",
			"geometry": {
				"type": "Point",
				"coordinates": [
					 140.3719,
					 37.9724
				]
			},
			"properties": {
				"name": "JA/MG-021(五郎山)",
				"読み":"Gorouyama",
				"標高":"905m 6pt ",
				"GL":"QM07ex",
				"市郡区":"G#06003B ",
				"登山日":"",
				"メモ":"",
				"_markerType": "Icon",
				"_iconUrl": "https://maps.gsi.go.jp/portal/sys/v4/symbols/103.png",
				"_iconSize": [
					16,
					16
				],
				"_iconAnchor": [
					8,
					8
				]
			}
		},
		{
			"type": "Feature",
			"geometry": {
				"type": "Point",
				"coordinates": [
					 140.8057,
					 38.8991
				]
			},
			"properties": {
				"name": "JA/MG-022(揚石山)",
				"読み":"Aguroshiyama",
				"標高":"870m 6pt ",
				"GL":"QM08jv",
				"市郡区":"C#0613 ",
				"登山日":"",
				"メモ":"",
				"_markerType": "Icon",
				"_iconUrl": "https://maps.gsi.go.jp/portal/sys/v4/symbols/103.png",
				"_iconSize": [
					16,
					16
				],
				"_iconAnchor": [
					8,
					8
				]
			}
		},
		{
			"type": "Feature",
			"geometry": {
				"type": "Point",
				"coordinates": [
					 140.6237,
					 38.6998
				]
			},
			"properties": {
				"name": "JA/MG-023(みみずく山)",
				"読み":"Mimizukuyama",
				"標高":"862m 6pt ",
				"GL":"QM08hq",
				"市郡区":"C#0615 / G#05011G ",
				"登山日":"",
				"メモ":"",
				"_markerType": "Icon",
				"_iconUrl": "https://maps.gsi.go.jp/portal/sys/v4/symbols/103.png",
				"_iconSize": [
					16,
					16
				],
				"_iconAnchor": [
					8,
					8
				]
			}
		},
		{
			"type": "Feature",
			"geometry": {
				"type": "Point",
				"coordinates": [
					 140.4674,
					 37.9381
				]
			},
			"properties": {
				"name": "JA/MG-024(大佐久(三角点))",
				"読み":"Oosaku",
				"標高":"829m 4pt ",
				"GL":"QM07fw",
				"市郡区":"C#0606 / C#0701 ",
				"登山日":"",
				"メモ":"",
				"_markerType": "Icon",
				"_iconUrl": "https://maps.gsi.go.jp/portal/sys/v4/symbols/828.png",
				"_iconSize": [
					16,
					16
				],
				"_iconAnchor": [
					8,
					8
				]
			}
		},
		{
			"type": "Feature",
			"geometry": {
				"type": "Point",
				"coordinates": [
					 140.594,
					 38.6367
				]
			},
			"properties": {
				"name": "JA/MG-025(点820)",
				"読み":"P820",
				"標高":"820m 4pt ",
				"GL":"QM08hp",
				"市郡区":"G#06004E / G#05011G ",
				"登山日":"",
				"メモ":"",
				"_markerType": "Icon",
				"_iconUrl": "https://maps.gsi.go.jp/portal/sys/v4/symbols/828.png",
				"_iconSize": [
					16,
					16
				],
				"_iconAnchor": [
					8,
					8
				]
			}
		},
		{
			"type": "Feature",
			"geometry": {
				"type": "Point",
				"coordinates": [
					 140.6016,
					 38.0865
				]
			},
			"properties": {
				"name": "JA/MG-026(あけら山)",
				"読み":"Akerayama",
				"標高":"820m 4pt ",
				"GL":"QM08hc",
				"市郡区":"G#06003A / C#0606 ",
				"登山日":"",
				"メモ":"",
				"_markerType": "Icon",
				"_iconUrl": "https://maps.gsi.go.jp/portal/sys/v4/symbols/828.png",
				"_iconSize": [
					16,
					16
				],
				"_iconAnchor": [
					8,
					8
				]
			}
		},
		{
			"type": "Feature",
			"geometry": {
				"type": "Point",
				"coordinates": [
					 140.5263,
					 38.0049
				]
			},
			"properties": {
				"name": "JA/MG-027(花房山)",
				"読み":"Hanabusayama",
				"標高":"819m 4pt ",
				"GL":"QM08ga",
				"市郡区":"C#0606 ",
				"登山日":"",
				"メモ":"",
				"_markerType": "Icon",
				"_iconUrl": "https://maps.gsi.go.jp/portal/sys/v4/symbols/828.png",
				"_iconSize": [
					16,
					16
				],
				"_iconAnchor": [
					8,
					8
				]
			}
		},
		{
			"type": "Feature",
			"geometry": {
				"type": "Point",
				"coordinates": [
					 140.764,
					 38.8344
				]
			},
			"properties": {
				"name": "JA/MG-028(大倉山)",
				"読み":"Ookurayama",
				"標高":"790m 4pt ",
				"GL":"QM08ju",
				"市郡区":"C#0613 ",
				"登山日":"",
				"メモ":"",
				"_markerType": "Icon",
				"_iconUrl": "https://maps.gsi.go.jp/portal/sys/v4/symbols/828.png",
				"_iconSize": [
					16,
					16
				],
				"_iconAnchor": [
					8,
					8
				]
			}
		},
		{
			"type": "Feature",
			"geometry": {
				"type": "Point",
				"coordinates": [
					 140.6268,
					 38.3596
				]
			},
			"properties": {
				"name": "JA/MG-029(点781)",
				"読み":"P781",
				"標高":"781m 4pt ",
				"GL":"QM08hi",
				"市郡区":"C#060101 ",
				"登山日":"",
				"メモ":"",
				"_markerType": "Icon",
				"_iconUrl": "https://maps.gsi.go.jp/portal/sys/v4/symbols/828.png",
				"_iconSize": [
					16,
					16
				],
				"_iconAnchor": [
					8,
					8
				]
			}
		},
		{
			"type": "Feature",
			"geometry": {
				"type": "Point",
				"coordinates": [
					 140.7322,
					 38.8583
				]
			},
			"properties": {
				"name": "JA/MG-030(太平山)",
				"読み":"Taiheisan",
				"標高":"779m 4pt ",
				"GL":"QM08iu",
				"市郡区":"C#0615 ",
				"登山日":"",
				"メモ":"",
				"_markerType": "Icon",
				"_iconUrl": "https://maps.gsi.go.jp/portal/sys/v4/symbols/828.png",
				"_iconSize": [
					16,
					16
				],
				"_iconAnchor": [
					8,
					8
				]
			}
		},
		{
			"type": "Feature",
			"geometry": {
				"type": "Point",
				"coordinates": [
					 140.7337,
					 38.8473
				]
			},
			"properties": {
				"name": "JA/MG-031(平岳)",
				"読み":"Hiradake",
				"標高":"770m 4pt ",
				"GL":"QM08iu",
				"市郡区":"C#0615 ",
				"登山日":"",
				"メモ":"",
				"_markerType": "Icon",
				"_iconUrl": "https://maps.gsi.go.jp/portal/sys/v4/symbols/828.png",
				"_iconSize": [
					16,
					16
				],
				"_iconAnchor": [
					8,
					8
				]
			}
		},
		{
			"type": "Feature",
			"geometry": {
				"type": "Point",
				"coordinates": [
					 140.5628,
					 38.2225
				]
			},
			"properties": {
				"name": "JA/MG-032(点754)",
				"読み":"P754",
				"標高":"754m 4pt ",
				"GL":"QM08gf",
				"市郡区":"G#06008B ",
				"登山日":"",
				"メモ":"",
				"_markerType": "Icon",
				"_iconUrl": "https://maps.gsi.go.jp/portal/sys/v4/symbols/828.png",
				"_iconSize": [
					16,
					16
				],
				"_iconAnchor": [
					8,
					8
				]
			}
		},
		{
			"type": "Feature",
			"geometry": {
				"type": "Point",
				"coordinates": [
					 140.5773,
					 38.248
				]
			},
			"properties": {
				"name": "JA/MG-033(桐ノ目山)",
				"読み":"Kirinomeyama",
				"標高":"711m 4pt ",
				"GL":"QM08gf",
				"市郡区":"G#06008B ",
				"登山日":"",
				"メモ":"",
				"_markerType": "Icon",
				"_iconUrl": "https://maps.gsi.go.jp/portal/sys/v4/symbols/828.png",
				"_iconSize": [
					16,
					16
				],
				"_iconAnchor": [
					8,
					8
				]
			}
		},
		{
			"type": "Feature",
			"geometry": {
				"type": "Point",
				"coordinates": [
					 141.47,
					 38.8484
				]
			},
			"properties": {
				"name": "JA/MG-034(徳仙丈山)",
				"読み":"Tokusenjyouyama",
				"標高":"710m 4pt ",
				"GL":"QM08ru",
				"市郡区":"C#0605 ",
				"登山日":"",
				"メモ":"",
				"_markerType": "Icon",
				"_iconUrl": "https://maps.gsi.go.jp/portal/sys/v4/symbols/828.png",
				"_iconSize": [
					16,
					16
				],
				"_iconAnchor": [
					8,
					8
				]
			}
		},
		{
			"type": "Feature",
			"geometry": {
				"type": "Point",
				"coordinates": [
					 140.568,
					 37.9297
				]
			},
			"properties": {
				"name": "JA/MG-035(雨塚山)",
				"読み":"Amazukayama",
				"標高":"710m 4pt ",
				"GL":"QM07gw",
				"市郡区":"C#0606 ",
				"登山日":"",
				"メモ":"",
				"_markerType": "Icon",
				"_iconUrl": "https://maps.gsi.go.jp/portal/sys/v4/symbols/828.png",
				"_iconSize": [
					16,
					16
				],
				"_iconAnchor": [
					8,
					8
				]
			}
		},
		{
			"type": "Feature",
			"geometry": {
				"type": "Point",
				"coordinates": [
					 140.5939,
					 38.2647
				]
			},
			"properties": {
				"name": "JA/MG-036(鷹ノ巣山)",
				"読み":"Takanosuyama",
				"標高":"705m 4pt ",
				"GL":"QM08hg",
				"市郡区":"C#060104 / G#06008B ",
				"登山日":"",
				"メモ":"",
				"_markerType": "Icon",
				"_iconUrl": "https://maps.gsi.go.jp/portal/sys/v4/symbols/828.png",
				"_iconSize": [
					16,
					16
				],
				"_iconAnchor": [
					8,
					8
				]
			}
		},
		{
			"type": "Feature",
			"geometry": {
				"type": "Point",
				"coordinates": [
					 140.6103,
					 38.2918
				]
			},
			"properties": {
				"name": "JA/MG-037(大岫山)",
				"読み":"Oonukiyama",
				"標高":"644m 2pt ",
				"GL":"QM08hh",
				"市郡区":"C#060101 / C#060104 ",
				"登山日":"",
				"メモ":"",
				"_markerType": "Icon",
				"_iconUrl": "https://maps.gsi.go.jp/portal/sys/v4/symbols/102.png",
				"_iconSize": [
					16,
					16
				],
				"_iconAnchor": [
					8,
					8
				]
			}
		},
		{
			"type": "Feature",
			"geometry": {
				"type": "Point",
				"coordinates": [
					 140.7653,
					 38.4361
				]
			},
			"properties": {
				"name": "JA/MG-038(赤崩山)",
				"読み":"Akakuzureyama",
				"標高":"621m 2pt ",
				"GL":"QM08jk",
				"市郡区":"G#06006D ",
				"登山日":"",
				"メモ":"",
				"_markerType": "Icon",
				"_iconUrl": "https://maps.gsi.go.jp/portal/sys/v4/symbols/102.png",
				"_iconSize": [
					16,
					16
				],
				"_iconAnchor": [
					8,
					8
				]
			}
		},
		{
			"type": "Feature",
			"geometry": {
				"type": "Point",
				"coordinates": [
					 140.8702,
					 38.8273
				]
			},
			"properties": {
				"name": "JA/MG-039(大土ヶ森)",
				"読み":"Ootogamori",
				"標高":"580m 2pt ",
				"GL":"QM08kt",
				"市郡区":"C#0613 ",
				"登山日":"",
				"メモ":"",
				"_markerType": "Icon",
				"_iconUrl": "https://maps.gsi.go.jp/portal/sys/v4/symbols/102.png",
				"_iconSize": [
					16,
					16
				],
				"_iconAnchor": [
					8,
					8
				]
			}
		},
		{
			"type": "Feature",
			"geometry": {
				"type": "Point",
				"coordinates": [
					 141.5264,
					 38.9923
				]
			},
			"properties": {
				"name": "JA/MG-040(八森平山)",
				"読み":"Hachimoridairayama",
				"標高":"570m 2pt ",
				"GL":"QM08sx",
				"市郡区":"C#0605 / C#0311 ",
				"登山日":"",
				"メモ":"",
				"_markerType": "Icon",
				"_iconUrl": "https://maps.gsi.go.jp/portal/sys/v4/symbols/102.png",
				"_iconSize": [
					16,
					16
				],
				"_iconAnchor": [
					8,
					8
				]
			}
		},
		{
			"type": "Feature",
			"geometry": {
				"type": "Point",
				"coordinates": [
					 140.7053,
					 38.5756
				]
			},
			"properties": {
				"name": "JA/MG-041(薬莱山)",
				"読み":"Yakuraisan",
				"標高":"553m 2pt ",
				"GL":"QM08in",
				"市郡区":"G#06004E ",
				"登山日":"",
				"メモ":"",
				"_markerType": "Icon",
				"_iconUrl": "https://maps.gsi.go.jp/portal/sys/v4/symbols/102.png",
				"_iconSize": [
					16,
					16
				],
				"_iconAnchor": [
					8,
					8
				]
			}
		},
		{
			"type": "Feature",
			"geometry": {
				"type": "Point",
				"coordinates": [
					 140.7132,
					 37.9112
				]
			},
			"properties": {
				"name": "JA/MG-042(次郎太郎山)",
				"読み":"Jirotaroyama",
				"標高":"540m 2pt ",
				"GL":"QM07iv",
				"市郡区":"G#06001A ",
				"登山日":"",
				"メモ":"",
				"_markerType": "Icon",
				"_iconUrl": "https://maps.gsi.go.jp/portal/sys/v4/symbols/102.png",
				"_iconSize": [
					16,
					16
				],
				"_iconAnchor": [
					8,
					8
				]
			}
		},
		{
			"type": "Feature",
			"geometry": {
				"type": "Point",
				"coordinates": [
					 141.3958,
					 38.6039
				]
			},
			"properties": {
				"name": "JA/MG-043(翁倉山)",
				"読み":"Okinagurayama",
				"標高":"531m 2pt ",
				"GL":"QM08qo",
				"市郡区":"C#0612 / C#0602 ",
				"登山日":"",
				"メモ":"",
				"_markerType": "Icon",
				"_iconUrl": "https://maps.gsi.go.jp/portal/sys/v4/symbols/102.png",
				"_iconSize": [
					16,
					16
				],
				"_iconAnchor": [
					8,
					8
				]
			}
		},
		{
			"type": "Feature",
			"geometry": {
				"type": "Point",
				"coordinates": [
					 141.5805,
					 38.9869
				]
			},
			"properties": {
				"name": "JA/MG-044(笹長根山)",
				"読み":"Sasanaganeyama",
				"標高":"519m 2pt ",
				"GL":"QM08sx",
				"市郡区":"C#0605 / C#0311 ",
				"登山日":"",
				"メモ":"",
				"_markerType": "Icon",
				"_iconUrl": "https://maps.gsi.go.jp/portal/sys/v4/symbols/102.png",
				"_iconSize": [
					16,
					16
				],
				"_iconAnchor": [
					8,
					8
				]
			}
		},
		{
			"type": "Feature",
			"geometry": {
				"type": "Point",
				"coordinates": [
					 141.431,
					 38.5026
				]
			},
			"properties": {
				"name": "JA/MG-045(硯上山)",
				"読み":"Kenjyozan",
				"標高":"519m 2pt ",
				"GL":"QM08rm",
				"市郡区":"C#0602 ",
				"登山日":"",
				"メモ":"",
				"_markerType": "Icon",
				"_iconUrl": "https://maps.gsi.go.jp/portal/sys/v4/symbols/102.png",
				"_iconSize": [
					16,
					16
				],
				"_iconAnchor": [
					8,
					8
				]
			}
		},
		{
			"type": "Feature",
			"geometry": {
				"type": "Point",
				"coordinates": [
					 141.467,
					 38.7499
				]
			},
			"properties": {
				"name": "JA/MG-046(田束山)",
				"読み":"Tatsuganesan",
				"標高":"511m 2pt ",
				"GL":"QM08rr",
				"市郡区":"G#06014F / C#0605 ",
				"登山日":"",
				"メモ":"",
				"_markerType": "Icon",
				"_iconUrl": "https://maps.gsi.go.jp/portal/sys/v4/symbols/102.png",
				"_iconSize": [
					16,
					16
				],
				"_iconAnchor": [
					8,
					8
				]
			}
		},
		{
			"type": "Feature",
			"geometry": {
				"type": "Point",
				"coordinates": [
					 140.8121,
					 38.4053
				]
			},
			"properties": {
				"name": "JA/MG-047(笹倉山)",
				"読み":"Sasakurayama",
				"標高":"506m 2pt ",
				"GL":"QM08jj",
				"市郡区":"G#06006D ",
				"登山日":"",
				"メモ":"",
				"_markerType": "Icon",
				"_iconUrl": "https://maps.gsi.go.jp/portal/sys/v4/symbols/102.png",
				"_iconSize": [
					16,
					16
				],
				"_iconAnchor": [
					8,
					8
				]
			}
		},
		{
			"type": "Feature",
			"geometry": {
				"type": "Point",
				"coordinates": [
					 140.6952,
					 38.3205
				]
			},
			"properties": {
				"name": "JA/MG-048(点500(高畑(三角点)近傍))",
				"読み":"P500",
				"標高":"500m 2pt ",
				"GL":"QM08ih",
				"市郡区":"C#060101 ",
				"登山日":"",
				"メモ":"",
				"_markerType": "Icon",
				"_iconUrl": "https://maps.gsi.go.jp/portal/sys/v4/symbols/102.png",
				"_iconSize": [
					16,
					16
				],
				"_iconAnchor": [
					8,
					8
				]
			}
		},
		{
			"type": "Feature",
			"geometry": {
				"type": "Point",
				"coordinates": [
					 141.5201,
					 38.8293
				]
			},
			"properties": {
				"name": "JA/MG-049(長の森山)",
				"読み":"Naganomoriyama",
				"標高":"486m 1pt ",
				"GL":"QM08st",
				"市郡区":"C#0605 ",
				"登山日":"",
				"メモ":"",
				"_markerType": "Icon",
				"_iconUrl": "https://maps.gsi.go.jp/portal/sys/v4/symbols/826.png",
				"_iconSize": [
					16,
					16
				],
				"_iconAnchor": [
					8,
					8
				]
			}
		},
		{
			"type": "Feature",
			"geometry": {
				"type": "Point",
				"coordinates": [
					 140.7344,
					 38.729
				]
			},
			"properties": {
				"name": "JA/MG-050(尾ヶ岳)",
				"読み":"Ogatake",
				"標高":"470m 1pt ",
				"GL":"QM08ir",
				"市郡区":"C#0615 ",
				"登山日":"",
				"メモ":"",
				"_markerType": "Icon",
				"_iconUrl": "https://maps.gsi.go.jp/portal/sys/v4/symbols/826.png",
				"_iconSize": [
					16,
					16
				],
				"_iconAnchor": [
					8,
					8
				]
			}
		},
		{
			"type": "Feature",
			"geometry": {
				"type": "Point",
				"coordinates": [
					 141.3588,
					 38.5006
				]
			},
			"properties": {
				"name": "JA/MG-051(上品山)",
				"読み":"Jyoubonsan",
				"標高":"466m 1pt ",
				"GL":"QM08qm",
				"市郡区":"C#0602 ",
				"登山日":"",
				"メモ":"",
				"_markerType": "Icon",
				"_iconUrl": "https://maps.gsi.go.jp/portal/sys/v4/symbols/826.png",
				"_iconSize": [
					16,
					16
				],
				"_iconAnchor": [
					8,
					8
				]
			}
		},
		{
			"type": "Feature",
			"geometry": {
				"type": "Point",
				"coordinates": [
					 141.5668,
					 38.2953
				]
			},
			"properties": {
				"name": "JA/MG-052(金華山)",
				"読み":"Kinkasan",
				"標高":"444m 1pt ",
				"GL":"QM08sh",
				"市郡区":"C#0602 ",
				"登山日":"",
				"メモ":"",
				"_markerType": "Icon",
				"_iconUrl": "https://maps.gsi.go.jp/portal/sys/v4/symbols/826.png",
				"_iconSize": [
					16,
					16
				],
				"_iconAnchor": [
					8,
					8
				]
			}
		},
		{
			"type": "Feature",
			"geometry": {
				"type": "Point",
				"coordinates": [
					 141.5066,
					 38.3402
				]
			},
			"properties": {
				"name": "JA/MG-053(光山)",
				"読み":"Hikarisan",
				"標高":"443m 1pt ",
				"GL":"QM08si",
				"市郡区":"C#0602 ",
				"登山日":"",
				"メモ":"",
				"_markerType": "Icon",
				"_iconUrl": "https://maps.gsi.go.jp/portal/sys/v4/symbols/826.png",
				"_iconSize": [
					16,
					16
				],
				"_iconAnchor": [
					8,
					8
				]
			}
		},
		{
			"type": "Feature",
			"geometry": {
				"type": "Point",
				"coordinates": [
					 141.4477,
					 38.4103
				]
			},
			"properties": {
				"name": "JA/MG-054(大六天山)",
				"読み":"Dairokutenzan",
				"標高":"439m 1pt ",
				"GL":"QM08rj",
				"市郡区":"C#0602 / G#06002A ",
				"登山日":"",
				"メモ":"",
				"_markerType": "Icon",
				"_iconUrl": "https://maps.gsi.go.jp/portal/sys/v4/symbols/826.png",
				"_iconSize": [
					16,
					16
				],
				"_iconAnchor": [
					8,
					8
				]
			}
		},
		{
			"type": "Feature",
			"geometry": {
				"type": "Point",
				"coordinates": [
					 141.3442,
					 38.8037
				]
			},
			"properties": {
				"name": "JA/MG-056(蚕飼山)",
				"読み":"Kogaisan",
				"標高":"417m 1pt ",
				"GL":"QM08qt",
				"市郡区":"C#0612 ",
				"登山日":"",
				"メモ":"",
				"_markerType": "Icon",
				"_iconUrl": "https://maps.gsi.go.jp/portal/sys/v4/symbols/826.png",
				"_iconSize": [
					16,
					16
				],
				"_iconAnchor": [
					8,
					8
				]
			}
		},
		{
			"type": "Feature",
			"geometry": {
				"type": "Point",
				"coordinates": [
					 141.3735,
					 38.675
				]
			},
			"properties": {
				"name": "JA/MG-057(大塚山(三角点))",
				"読み":"Ootsukayama",
				"標高":"406m 1pt ",
				"GL":"QM08qq",
				"市郡区":"C#0612 / G#06014F ",
				"登山日":"",
				"メモ":"",
				"_markerType": "Icon",
				"_iconUrl": "https://maps.gsi.go.jp/portal/sys/v4/symbols/826.png",
				"_iconSize": [
					16,
					16
				],
				"_iconAnchor": [
					8,
					8
				]
			}
		},
		{
			"type": "Feature",
			"geometry": {
				"type": "Point",
				"coordinates": [
					 140.626,
					 37.9283
				]
			},
			"properties": {
				"name": "JA/MG-058(嶽山(大桜山))",
				"読み":"Takeyama(Oosakurayama)",
				"標高":"390m 1pt ",
				"GL":"QM07hw",
				"市郡区":"G#06001A / C#0606 ",
				"登山日":"",
				"メモ":"",
				"_markerType": "Icon",
				"_iconUrl": "https://maps.gsi.go.jp/portal/sys/v4/symbols/826.png",
				"_iconSize": [
					16,
					16
				],
				"_iconAnchor": [
					8,
					8
				]
			}
		},
		{
			"type": "Feature",
			"geometry": {
				"type": "Point",
				"coordinates": [
					 140.7789,
					 38.2488
				]
			},
			"properties": {
				"name": "JA/MG-059(萱ヶ崎山)",
				"読み":"Kayagasakiyama",
				"標高":"379m 1pt ",
				"GL":"QM08jf",
				"市郡区":"C#060104 ",
				"登山日":"",
				"メモ":"",
				"_markerType": "Icon",
				"_iconUrl": "https://maps.gsi.go.jp/portal/sys/v4/symbols/826.png",
				"_iconSize": [
					16,
					16
				],
				"_iconAnchor": [
					8,
					8
				]
			}
		},
		{
			"type": "Feature",
			"geometry": {
				"type": "Point",
				"coordinates": [
					 141.4074,
					 38.6577
				]
			},
			"properties": {
				"name": "JA/MG-060(保呂羽山(男保呂羽山))",
				"読み":"Horowasan(Otokohorowasan)",
				"標高":"372m 1pt ",
				"GL":"QM08qp",
				"市郡区":"G#06014F ",
				"登山日":"",
				"メモ":"",
				"_markerType": "Icon",
				"_iconUrl": "https://maps.gsi.go.jp/portal/sys/v4/symbols/826.png",
				"_iconSize": [
					16,
					16
				],
				"_iconAnchor": [
					8,
					8
				]
			}
		},
		{
			"type": "Feature",
			"geometry": {
				"type": "Point",
				"coordinates": [
					 140.8408,
					 38.4274
				]
			},
			"properties": {
				"name": "JA/MG-061(撫倉山)",
				"読み":"Nadekurayama",
				"標高":"359m 1pt ",
				"GL":"QM08kk",
				"市郡区":"G#06006D ",
				"登山日":"",
				"メモ":"",
				"_markerType": "Icon",
				"_iconUrl": "https://maps.gsi.go.jp/portal/sys/v4/symbols/826.png",
				"_iconSize": [
					16,
					16
				],
				"_iconAnchor": [
					8,
					8
				]
			}
		},
		{
			"type": "Feature",
			"geometry": {
				"type": "Point",
				"coordinates": [
					 140.6672,
					 37.9469
				]
			},
			"properties": {
				"name": "JA/MG-062(堂山)",
				"読み":"douzan",
				"標高":"350m 1pt ",
				"GL":"QM07iw",
				"市郡区":"G#06001A ",
				"登山日":"",
				"メモ":"",
				"_markerType": "Icon",
				"_iconUrl": "https://maps.gsi.go.jp/portal/sys/v4/symbols/826.png",
				"_iconSize": [
					16,
					16
				],
				"_iconAnchor": [
					8,
					8
				]
			}
		},
		{
			"type": "Feature",
			"geometry": {
				"type": "Point",
				"coordinates": [
					 141.4732,
					 38.8022
				]
			},
			"properties": {
				"name": "JA/MG-063(高金山)",
				"読み":"Takaganeyama",
				"標高":"333m 1pt ",
				"GL":"QM08rt",
				"市郡区":"C#0605 ",
				"登山日":"",
				"メモ":"",
				"_markerType": "Icon",
				"_iconUrl": "https://maps.gsi.go.jp/portal/sys/v4/symbols/826.png",
				"_iconSize": [
					16,
					16
				],
				"_iconAnchor": [
					8,
					8
				]
			}
		},
		{
			"type": "Feature",
			"geometry": {
				"type": "Point",
				"coordinates": [
					 141.5256,
					 38.3127
				]
			},
			"properties": {
				"name": "JA/MG-064(駒ヶ峰)",
				"読み":"Komagamine",
				"標高":"322m 1pt ",
				"GL":"QM08sh",
				"市郡区":"C#0602 ",
				"登山日":"",
				"メモ":"",
				"_markerType": "Icon",
				"_iconUrl": "https://maps.gsi.go.jp/portal/sys/v4/symbols/826.png",
				"_iconSize": [
					16,
					16
				],
				"_iconAnchor": [
					8,
					8
				]
			}
		},
		{
			"type": "Feature",
			"geometry": {
				"type": "Point",
				"coordinates": [
					 140.8018,
					 38.287
				]
			},
			"properties": {
				"name": "JA/MG-065(権現森)",
				"読み":"Gongenmori",
				"標高":"314m 1pt ",
				"GL":"QM08jg",
				"市郡区":"C#060101 ",
				"登山日":"",
				"メモ":"",
				"_markerType": "Icon",
				"_iconUrl": "https://maps.gsi.go.jp/portal/sys/v4/symbols/826.png",
				"_iconSize": [
					16,
					16
				],
				"_iconAnchor": [
					8,
					8
				]
			}
		},
		{
			"type": "Feature",
			"geometry": {
				"type": "Point",
				"coordinates": [
					 141.5239,
					 38.5139
				]
			},
			"properties": {
				"name": "JA/MG-066(小富士山)",
				"読み":"Kofujiyama",
				"標高":"306m 1pt ",
				"GL":"QM08sm",
				"市郡区":"C#0602 ",
				"登山日":"",
				"メモ":"",
				"_markerType": "Icon",
				"_iconUrl": "https://maps.gsi.go.jp/portal/sys/v4/symbols/826.png",
				"_iconSize": [
					16,
					16
				],
				"_iconAnchor": [
					8,
					8
				]
			}
		},
		{
			"type": "Feature",
			"geometry": {
				"type": "Point",
				"coordinates": [
					 141.3914,
					 38.4066
				]
			},
			"properties": {
				"name": "JA/MG-067(向山(三角点))",
				"読み":"Mukaiyama",
				"標高":"300m 1pt ",
				"GL":"QM08qj",
				"市郡区":"C#0602 ",
				"登山日":"",
				"メモ":"",
				"_markerType": "Icon",
				"_iconUrl": "https://maps.gsi.go.jp/portal/sys/v4/symbols/826.png",
				"_iconSize": [
					16,
					16
				],
				"_iconAnchor": [
					8,
					8
				]
			}
		},
		{
			"type": "Feature",
			"geometry": {
				"type": "Point",
				"coordinates": [
					 141.4764,
					 38.3509
				]
			},
			"properties": {
				"name": "JA/MG-068(六ノ峠(三角点))",
				"読み":"P296",
				"標高":"296m 1pt ",
				"GL":"QM08ri",
				"市郡区":"C#0602 ",
				"登山日":"",
				"メモ":"",
				"_markerType": "Icon",
				"_iconUrl": "https://maps.gsi.go.jp/portal/sys/v4/symbols/826.png",
				"_iconSize": [
					16,
					16
				],
				"_iconAnchor": [
					8,
					8
				]
			}
		},
		{
			"type": "Feature",
			"geometry": {
				"type": "Point",
				"coordinates": [
					 140.4897,
					 38.1101
				]
			},
			"properties": {
				"name": "JA/MG-069(後烏帽子岳)",
				"読み":"Ushiroeboshidake",
				"標高":"1681m 10pt ",
				"GL":"QM08fc",
				"市郡区":"G#06003A ",
				"登山日":"",
				"メモ":"",
				"_markerType": "Icon",
				"_iconUrl": "https://maps.gsi.go.jp/portal/sys/v4/symbols/101.png",
				"_iconSize": [
					16,
					16
				],
				"_iconAnchor": [
					8,
					8
				]
			}
		},
		{
			"type": "Feature",
			"geometry": {
				"type": "Point",
				"coordinates": [
					 140.3268,
					 38.0435
				]
			},
			"properties": {
				"name": "JA/MG-070(見当(三角点))",
				"読み":"Kentou",
				"標高":"1025m 6pt ",
				"GL":"QM08db",
				"市郡区":"G#06003B ",
				"登山日":"",
				"メモ":"",
				"_markerType": "Icon",
				"_iconUrl": "https://maps.gsi.go.jp/portal/sys/v4/symbols/103.png",
				"_iconSize": [
					16,
					16
				],
				"_iconAnchor": [
					8,
					8
				]
			}
		},
		{
			"type": "Feature",
			"geometry": {
				"type": "Point",
				"coordinates": [
					 140.5397,
					 38.2633
				]
			},
			"properties": {
				"name": "JA/MG-071(三方倉山)",
				"読み":"Sanpoukurasan",
				"標高":"971m 6pt ",
				"GL":"QM08gg",
				"市郡区":"C#060104 / G#06008B ",
				"登山日":"",
				"メモ":"",
				"_markerType": "Icon",
				"_iconUrl": "https://maps.gsi.go.jp/portal/sys/v4/symbols/103.png",
				"_iconSize": [
					16,
					16
				],
				"_iconAnchor": [
					8,
					8
				]
			}
		},
		{
			"type": "Feature",
			"geometry": {
				"type": "Point",
				"coordinates": [
					 140.5851,
					 38.298
				]
			},
			"properties": {
				"name": "JA/MG-072(大笠(三角点))",
				"読み":"Oogasa",
				"標高":"864m 6pt ",
				"GL":"QM08hh",
				"市郡区":"C#060104 / C#060101 ",
				"登山日":"",
				"メモ":"",
				"_markerType": "Icon",
				"_iconUrl": "https://maps.gsi.go.jp/portal/sys/v4/symbols/103.png",
				"_iconSize": [
					16,
					16
				],
				"_iconAnchor": [
					8,
					8
				]
			}
		},
		{
			"type": "Feature",
			"geometry": {
				"type": "Point",
				"coordinates": [
					 140.4749,
					 37.9468
				]
			},
			"properties": {
				"name": "JA/MG-073(点837(弥太郎山近傍))",
				"読み":"P837",
				"標高":"837m 4pt ",
				"GL":"QM07fw",
				"市郡区":"C#0606 / G#06003B / C#0701",
				"登山日":"",
				"メモ":"",
				"_markerType": "Icon",
				"_iconUrl": "https://maps.gsi.go.jp/portal/sys/v4/symbols/828.png",
				"_iconSize": [
					16,
					16
				],
				"_iconAnchor": [
					8,
					8
				]
			}
		},
		{
			"type": "Feature",
			"geometry": {
				"type": "Point",
				"coordinates": [
					 140.2771,
					 38.0562
				]
			},
			"properties": {
				"name": "JA/MG-074(干蒲山(三角点))",
				"読み":"Hikamayama",
				"標高":"806m 4pt ",
				"GL":"QM08db",
				"市郡区":"G#06003B / C#0507 / G#05006B",
				"登山日":"",
				"メモ":"",
				"_markerType": "Icon",
				"_iconUrl": "https://maps.gsi.go.jp/portal/sys/v4/symbols/828.png",
				"_iconSize": [
					16,
					16
				],
				"_iconAnchor": [
					8,
					8
				]
			}
		},
		{
			"type": "Feature",
			"geometry": {
				"type": "Point",
				"coordinates": [
					 140.7422,
					 38.4167
				]
			},
			"properties": {
				"name": "JA/MG-075(蘭山近傍)",
				"読み":"Near_Araragiyama",
				"標高":"790m 4pt ",
				"GL":"QM08ik",
				"市郡区":"C#060105 / G#06006D ",
				"登山日":"",
				"メモ":"",
				"_markerType": "Icon",
				"_iconUrl": "https://maps.gsi.go.jp/portal/sys/v4/symbols/828.png",
				"_iconSize": [
					16,
					16
				],
				"_iconAnchor": [
					8,
					8
				]
			}
		},
		{
			"type": "Feature",
			"geometry": {
				"type": "Point",
				"coordinates": [
					 140.749,
					 38.8513
				]
			},
			"properties": {
				"name": "JA/MG-076(点760)",
				"読み":"P760",
				"標高":"760m 4pt ",
				"GL":"QM08iu",
				"市郡区":"C#0615 / C#0613 ",
				"登山日":"",
				"メモ":"",
				"_markerType": "Icon",
				"_iconUrl": "https://maps.gsi.go.jp/portal/sys/v4/symbols/828.png",
				"_iconSize": [
					16,
					16
				],
				"_iconAnchor": [
					8,
					8
				]
			}
		},
		{
			"type": "Feature",
			"geometry": {
				"type": "Point",
				"coordinates": [
					 140.593,
					 38.2376
				]
			},
			"properties": {
				"name": "JA/MG-077(三森山)",
				"読み":"Mitsumoriyama",
				"標高":"685m 4pt ",
				"GL":"QM08hf",
				"市郡区":"G#06008B ",
				"登山日":"",
				"メモ":"",
				"_markerType": "Icon",
				"_iconUrl": "https://maps.gsi.go.jp/portal/sys/v4/symbols/828.png",
				"_iconSize": [
					16,
					16
				],
				"_iconAnchor": [
					8,
					8
				]
			}
		},
		{
			"type": "Feature",
			"geometry": {
				"type": "Point",
				"coordinates": [
					 140.6248,
					 38.6445
				]
			},
			"properties": {
				"name": "JA/MG-078(宝森)",
				"読み":"Takaramori",
				"標高":"676m 4pt ",
				"GL":"QM08hp",
				"市郡区":"G#06004E ",
				"登山日":"",
				"メモ":"",
				"_markerType": "Icon",
				"_iconUrl": "https://maps.gsi.go.jp/portal/sys/v4/symbols/828.png",
				"_iconSize": [
					16,
					16
				],
				"_iconAnchor": [
					8,
					8
				]
			}
		},
		{
			"type": "Feature",
			"geometry": {
				"type": "Point",
				"coordinates": [
					 140.4969,
					 37.9895
				]
			},
			"properties": {
				"name": "JA/MG-079(有矢山(有谷))",
				"読み":"Ariyayama(Ariya)",
				"標高":"662m 4pt ",
				"GL":"QM07fx",
				"市郡区":"G#06003B ",
				"登山日":"",
				"メモ":"",
				"_markerType": "Icon",
				"_iconUrl": "https://maps.gsi.go.jp/portal/sys/v4/symbols/828.png",
				"_iconSize": [
					16,
					16
				],
				"_iconAnchor": [
					8,
					8
				]
			}
		},
		{
			"type": "Feature",
			"geometry": {
				"type": "Point",
				"coordinates": [
					 140.7004,
					 37.8896
				]
			},
			"properties": {
				"name": "JA/MG-080(弁天山)",
				"読み":"Bentensan",
				"標高":"506m 2pt ",
				"GL":"QM07iv",
				"市郡区":"G#06001A ",
				"登山日":"",
				"メモ":"",
				"_markerType": "Icon",
				"_iconUrl": "https://maps.gsi.go.jp/portal/sys/v4/symbols/102.png",
				"_iconSize": [
					16,
					16
				],
				"_iconAnchor": [
					8,
					8
				]
			}
		},
		{
			"type": "Feature",
			"geometry": {
				"type": "Point",
				"coordinates": [
					 141.601,
					 38.9591
				]
			},
			"properties": {
				"name": "JA/MG-081(不動山)",
				"読み":"Fudouyama",
				"標高":"474m 1pt ",
				"GL":"QM08tx",
				"市郡区":"C#0605 ",
				"登山日":"",
				"メモ":"",
				"_markerType": "Icon",
				"_iconUrl": "https://maps.gsi.go.jp/portal/sys/v4/symbols/826.png",
				"_iconSize": [
					16,
					16
				],
				"_iconAnchor": [
					8,
					8
				]
			}
		},
		{
			"type": "Feature",
			"geometry": {
				"type": "Point",
				"coordinates": [
					 141.4318,
					 38.732
				]
			},
			"properties": {
				"name": "JA/MG-082(神行堂山)",
				"読み":"Shingyodouzan",
				"標高":"458m 1pt ",
				"GL":"QM08rr",
				"市郡区":"G#06014F ",
				"登山日":"",
				"メモ":"",
				"_markerType": "Icon",
				"_iconUrl": "https://maps.gsi.go.jp/portal/sys/v4/symbols/826.png",
				"_iconSize": [
					16,
					16
				],
				"_iconAnchor": [
					8,
					8
				]
			}
		},
		{
			"type": "Feature",
			"geometry": {
				"type": "Point",
				"coordinates": [
					 140.6901,
					 38.237
				]
			},
			"properties": {
				"name": "JA/MG-083(大倉山)",
				"読み":"Ookurayama",
				"標高":"432m 1pt ",
				"GL":"QM08if",
				"市郡区":"C#060104 ",
				"登山日":"",
				"メモ":"",
				"_markerType": "Icon",
				"_iconUrl": "https://maps.gsi.go.jp/portal/sys/v4/symbols/826.png",
				"_iconSize": [
					16,
					16
				],
				"_iconAnchor": [
					8,
					8
				]
			}
		},
		{
			"type": "Feature",
			"geometry": {
				"type": "Point",
				"coordinates": [
					 141.3511,
					 38.586
				]
			},
			"properties": {
				"name": "JA/MG-084(高津森)",
				"読み":"Takatsumori",
				"標高":"418m 1pt ",
				"GL":"QM08qo",
				"市郡区":"C#0612 / C#0602 ",
				"登山日":"",
				"メモ":"",
				"_markerType": "Icon",
				"_iconUrl": "https://maps.gsi.go.jp/portal/sys/v4/symbols/826.png",
				"_iconSize": [
					16,
					16
				],
				"_iconAnchor": [
					8,
					8
				]
			}
		},
		{
			"type": "Feature",
			"geometry": {
				"type": "Point",
				"coordinates": [
					 141.4473,
					 38.5276
				]
			},
			"properties": {
				"name": "JA/MG-085(小渕山)",
				"読み":"Kobuchiyama",
				"標高":"370m 1pt ",
				"GL":"QM08rm",
				"市郡区":"C#0602 ",
				"登山日":"",
				"メモ":"",
				"_markerType": "Icon",
				"_iconUrl": "https://maps.gsi.go.jp/portal/sys/v4/symbols/826.png",
				"_iconSize": [
					16,
					16
				],
				"_iconAnchor": [
					8,
					8
				]
			}
		},
		{
			"type": "Feature",
			"geometry": {
				"type": "Point",
				"coordinates": [
					 141.5036,
					 38.5233
				]
			},
			"properties": {
				"name": "JA/MG-086(石峰山)",
				"読み":"Ishiminesan",
				"標高":"351m 1pt ",
				"GL":"QM08sm",
				"市郡区":"C#0602 ",
				"登山日":"",
				"メモ":"",
				"_markerType": "Icon",
				"_iconUrl": "https://maps.gsi.go.jp/portal/sys/v4/symbols/826.png",
				"_iconSize": [
					16,
					16
				],
				"_iconAnchor": [
					8,
					8
				]
			}
		},
		{
			"type": "Feature",
			"geometry": {
				"type": "Point",
				"coordinates": [
					 141.4591,
					 38.8153
				]
			},
			"properties": {
				"name": "JA/MG-087(大岳)",
				"読み":"Oodake",
				"標高":"347m 1pt ",
				"GL":"QM08rt",
				"市郡区":"C#0605 / C#0304 ",
				"登山日":"",
				"メモ":"",
				"_markerType": "Icon",
				"_iconUrl": "https://maps.gsi.go.jp/portal/sys/v4/symbols/826.png",
				"_iconSize": [
					16,
					16
				],
				"_iconAnchor": [
					8,
					8
				]
			}
		},
		{
			"type": "Feature",
			"geometry": {
				"type": "Point",
				"coordinates": [
					 140.8022,
					 38.2349
				]
			},
			"properties": {
				"name": "JA/MG-088(太白山)",
				"読み":"Taihakusan",
				"標高":"321m 1pt ",
				"GL":"QM08jf",
				"市郡区":"C#060104 ",
				"登山日":"",
				"メモ":"",
				"_markerType": "Icon",
				"_iconUrl": "https://maps.gsi.go.jp/portal/sys/v4/symbols/826.png",
				"_iconSize": [
					16,
					16
				],
				"_iconAnchor": [
					8,
					8
				]
			}
		},
		{
			"type": "Feature",
			"geometry": {
				"type": "Point",
				"coordinates": [
					 140.8562,
					 37.9289
				]
			},
			"properties": {
				"name": "JA/MG-089(影倉山(大森山))",
				"読み":"Kagekurayama(Oomorizan)",
				"標高":"314m 1pt ",
				"GL":"QM07kw",
				"市郡区":"G#06016B / C#0608 ",
				"登山日":"",
				"メモ":"",
				"_markerType": "Icon",
				"_iconUrl": "https://maps.gsi.go.jp/portal/sys/v4/symbols/826.png",
				"_iconSize": [
					16,
					16
				],
				"_iconAnchor": [
					8,
					8
				]
			}
		},
		{
			"type": "Feature",
			"geometry": {
				"type": "Point",
				"coordinates": [
					 140.8264,
					 38.4371
				]
			},
			"properties": {
				"name": "JA/MG-090(鎌倉山)",
				"読み":"Kamakurayama",
				"標高":"313m 1pt ",
				"GL":"QM08jk",
				"市郡区":"G#06006D ",
				"登山日":"",
				"メモ":"",
				"_markerType": "Icon",
				"_iconUrl": "https://maps.gsi.go.jp/portal/sys/v4/symbols/826.png",
				"_iconSize": [
					16,
					16
				],
				"_iconAnchor": [
					8,
					8
				]
			}
		},
		{
			"type": "Feature",
			"geometry": {
				"type": "Point",
				"coordinates": [
					 140.6517,
					 38.0169
				]
			},
			"properties": {
				"name": "JA/MG-091(大萩山)",
				"読み":"Oohagiyama",
				"標高":"264m 1pt ",
				"GL":"QM08ha",
				"市郡区":"C#0606 ",
				"登山日":"",
				"メモ":"",
				"_markerType": "Icon",
				"_iconUrl": "https://maps.gsi.go.jp/portal/sys/v4/symbols/826.png",
				"_iconSize": [
					16,
					16
				],
				"_iconAnchor": [
					8,
					8
				]
			}
		},
		{
			"type": "Feature",
			"geometry": {
				"type": "Point",
				"coordinates": [
					 141.3418,
					 38.4392
				]
			},
			"properties": {
				"name": "JA/MG-092(牧山)",
				"読み":"Makiyama",
				"標高":"247m 1pt ",
				"GL":"QM08qk",
				"市郡区":"C#0602 ",
				"登山日":"",
				"メモ":"",
				"_markerType": "Icon",
				"_iconUrl": "https://maps.gsi.go.jp/portal/sys/v4/symbols/826.png",
				"_iconSize": [
					16,
					16
				],
				"_iconAnchor": [
					8,
					8
				]
			}
		},
		{
			"type": "Feature",
			"geometry": {
				"type": "Point",
				"coordinates": [
					 141.1787,
					 38.5657
				]
			},
			"properties": {
				"name": "JA/MG-093(箟岳山)",
				"読み":"Nonodakeyama",
				"標高":"236m 1pt ",
				"GL":"QM08on",
				"市郡区":"G#06010D ",
				"登山日":"",
				"メモ":"",
				"_markerType": "Icon",
				"_iconUrl": "https://maps.gsi.go.jp/portal/sys/v4/symbols/826.png",
				"_iconSize": [
					16,
					16
				],
				"_iconAnchor": [
					8,
					8
				]
			}
		},
		{
			"type": "Feature",
			"geometry": {
				"type": "Point",
				"coordinates": [
					 141.618,
					 38.8733
				]
			},
			"properties": {
				"name": "JA/MG-094(亀山)",
				"読み":"Kameyama",
				"標高":"234m 1pt ",
				"GL":"QM08tu",
				"市郡区":"C#0605 ",
				"登山日":"",
				"メモ":"",
				"_markerType": "Icon",
				"_iconUrl": "https://maps.gsi.go.jp/portal/sys/v4/symbols/826.png",
				"_iconSize": [
					16,
					16
				],
				"_iconAnchor": [
					8,
					8
				]
			}
		},
		{
			"type": "Feature",
			"geometry": {
				"type": "Point",
				"coordinates": [
					 140.7644,
					 38.0813
				]
			},
			"properties": {
				"name": "JA/MG-095(羽山)",
				"読み":"Haneyama",
				"標高":"223m 1pt ",
				"GL":"QM08jb",
				"市郡区":"G#06008C ",
				"登山日":"",
				"メモ":"",
				"_markerType": "Icon",
				"_iconUrl": "https://maps.gsi.go.jp/portal/sys/v4/symbols/826.png",
				"_iconSize": [
					16,
					16
				],
				"_iconAnchor": [
					8,
					8
				]
			}
		},
		{
			"type": "Feature",
			"geometry": {
				"type": "Point",
				"coordinates": [
					 141.6438,
					 38.8956
				]
			},
			"properties": {
				"name": "JA/MG-096(早馬山)",
				"読み":"Hayamasan",
				"標高":"219m 1pt ",
				"GL":"QM08tv",
				"市郡区":"C#0605 ",
				"登山日":"",
				"メモ":"",
				"_markerType": "Icon",
				"_iconUrl": "https://maps.gsi.go.jp/portal/sys/v4/symbols/826.png",
				"_iconSize": [
					16,
					16
				],
				"_iconAnchor": [
					8,
					8
				]
			}
		},
		{
			"type": "Feature",
			"geometry": {
				"type": "Point",
				"coordinates": [
					 141.0138,
					 38.3642
				]
			},
			"properties": {
				"name": "JA/MG-097(番ヶ森山近傍)",
				"読み":"Bangamoriyama",
				"標高":"216m 1pt ",
				"GL":"QM08mi",
				"市郡区":"G#06013C / G#06006A ",
				"登山日":"",
				"メモ":"",
				"_markerType": "Icon",
				"_iconUrl": "https://maps.gsi.go.jp/portal/sys/v4/symbols/826.png",
				"_iconSize": [
					16,
					16
				],
				"_iconAnchor": [
					8,
					8
				]
			}
		},
		{
			"type": "Feature",
			"geometry": {
				"type": "Point",
				"coordinates": [
					 141.181,
					 38.4903
				]
			},
			"properties": {
				"name": "JA/MG-098(旭山)",
				"読み":"Asahiyama",
				"標高":"173m 1pt ",
				"GL":"QM08ol",
				"市郡区":"C#0602 ",
				"登山日":"",
				"メモ":"",
				"_markerType": "Icon",
				"_iconUrl": "https://maps.gsi.go.jp/portal/sys/v4/symbols/826.png",
				"_iconSize": [
					16,
					16
				],
				"_iconAnchor": [
					8,
					8
				]
			}
		},
		{
			"type": "Feature",
			"geometry": {
				"type": "Point",
				"coordinates": [
					 141.2103,
					 38.5281
				]
			},
			"properties": {
				"name": "JA/MG-099(和淵山)",
				"読み":"Wabuchiyama",
				"標高":"173m 1pt ",
				"GL":"QM08om",
				"市郡区":"C#0602 ",
				"登山日":"",
				"メモ":"",
				"_markerType": "Icon",
				"_iconUrl": "https://maps.gsi.go.jp/portal/sys/v4/symbols/826.png",
				"_iconSize": [
					16,
					16
				],
				"_iconAnchor": [
					8,
					8
				]
			}
		},
		{
			"type": "Feature",
			"geometry": {
				"type": "Point",
				"coordinates": [
					 141.3038,
					 38.4679
				]
			},
			"properties": {
				"name": "JA/MG-100(トヤケ森山)",
				"読み":"Toyakemoriyama",
				"標高":"172m 1pt ",
				"GL":"QM08pl",
				"市郡区":"C#0602 ",
				"登山日":"",
				"メモ":"",
				"_markerType": "Icon",
				"_iconUrl": "https://maps.gsi.go.jp/portal/sys/v4/symbols/826.png",
				"_iconSize": [
					16,
					16
				],
				"_iconAnchor": [
					8,
					8
				]
			}
		},
		{
			"type": "Feature",
			"geometry": {
				"type": "Point",
				"coordinates": [
					 141.3312,
					 38.5237
				]
			},
			"properties": {
				"name": "JA/MG-101(金平山(三角点))",
				"読み":"Konpirayama",
				"標高":"164m 1pt ",
				"GL":"QM08pm",
				"市郡区":"C#0602 ",
				"登山日":"",
				"メモ":"",
				"_markerType": "Icon",
				"_iconUrl": "https://maps.gsi.go.jp/portal/sys/v4/symbols/826.png",
				"_iconSize": [
					16,
					16
				],
				"_iconAnchor": [
					8,
					8
				]
			}
		},
		{
			"type": "Feature",
			"geometry": {
				"type": "Point",
				"coordinates": [
					 140.0488,
					 39.0994
				]
			},
			"properties": {
				"name": "JA/YM-001(鳥海山(新山))",
				"読み":"Chyoukaizan/Shinzan",
				"標高":"2236m 10pt ",
				"GL":"QM09ac",
				"市郡区":"G#05001D ",
				"登山日":"",
				"メモ":"",
				"_markerType": "Icon",
				"_iconUrl": "https://maps.gsi.go.jp/portal/sys/v4/symbols/101.png",
				"_iconSize": [
					16,
					16
				],
				"_iconAnchor": [
					8,
					8
				]
			}
		},
		{
			"type": "Feature",
			"geometry": {
				"type": "Point",
				"coordinates": [
					 140.027,
					 38.5491
				]
			},
			"properties": {
				"name": "JA/YM-002(月山)",
				"読み":"Gassan",
				"標高":"1984m 10pt ",
				"GL":"QM08an",
				"市郡区":"C#0503 / G#05007H / G#05005D",
				"登山日":"",
				"メモ":"",
				"_markerType": "Icon",
				"_iconUrl": "https://maps.gsi.go.jp/portal/sys/v4/symbols/101.png",
				"_iconSize": [
					16,
					16
				],
				"_iconAnchor": [
					8,
					8
				]
			}
		},
		{
			"type": "Feature",
			"geometry": {
				"type": "Point",
				"coordinates": [
					 139.9224,
					 38.2605
				]
			},
			"properties": {
				"name": "JA/YM-003(朝日岳(大朝日岳))",
				"読み":"Asahidake/Ooasahidake",
				"標高":"1871m 10pt ",
				"GL":"PM98xg",
				"市郡区":"G#05005B / G#05003B ",
				"登山日":"",
				"メモ":"",
				"_markerType": "Icon",
				"_iconUrl": "https://maps.gsi.go.jp/portal/sys/v4/symbols/101.png",
				"_iconSize": [
					16,
					16
				],
				"_iconAnchor": [
					8,
					8
				]
			}
		},
		{
			"type": "Feature",
			"geometry": {
				"type": "Point",
				"coordinates": [
					 140.4397,
					 38.1439
				]
			},
			"properties": {
				"name": "JA/YM-004(蔵王山(熊野岳))",
				"読み":"Zaouzan(Kumanodake)",
				"標高":"1841m 10pt ",
				"GL":"QM08fd",
				"市郡区":"C#0507 / C#0501 ",
				"登山日":"",
				"メモ":"",
				"_markerType": "Icon",
				"_iconUrl": "https://maps.gsi.go.jp/portal/sys/v4/symbols/101.png",
				"_iconSize": [
					16,
					16
				],
				"_iconAnchor": [
					8,
					8
				]
			}
		},
		{
			"type": "Feature",
			"geometry": {
				"type": "Point",
				"coordinates": [
					 139.8491,
					 38.3429
				]
			},
			"properties": {
				"name": "JA/YM-005(以東岳)",
				"読み":"Itoudake",
				"標高":"1772m 10pt ",
				"GL":"PM98wi",
				"市郡区":"C#0503 / C#0812 ",
				"登山日":"",
				"メモ":"",
				"_markerType": "Icon",
				"_iconUrl": "https://maps.gsi.go.jp/portal/sys/v4/symbols/101.png",
				"_iconSize": [
					16,
					16
				],
				"_iconAnchor": [
					8,
					8
				]
			}
		},
		{
			"type": "Feature",
			"geometry": {
				"type": "Point",
				"coordinates": [
					 139.9108,
					 38.381
				]
			},
			"properties": {
				"name": "JA/YM-006(障子ケ岳)",
				"読み":"Shoujigatake",
				"標高":"1482m 8pt ",
				"GL":"PM98wj",
				"市郡区":"C#0503 / G#05005D ",
				"登山日":"",
				"メモ":"",
				"_markerType": "Icon",
				"_iconUrl": "https://maps.gsi.go.jp/portal/sys/v4/symbols/104.png",
				"_iconSize": [
					16,
					16
				],
				"_iconAnchor": [
					8,
					8
				]
			}
		},
		{
			"type": "Feature",
			"geometry": {
				"type": "Point",
				"coordinates": [
					 140.2105,
					 38.5293
				]
			},
			"properties": {
				"name": "JA/YM-007(葉山)",
				"読み":"Hayama",
				"標高":"1462m 8pt ",
				"GL":"QM08cm",
				"市郡区":"C#0508 / C#0506 ",
				"登山日":"",
				"メモ":"",
				"_markerType": "Icon",
				"_iconUrl": "https://maps.gsi.go.jp/portal/sys/v4/symbols/104.png",
				"_iconSize": [
					16,
					16
				],
				"_iconAnchor": [
					8,
					8
				]
			}
		},
		{
			"type": "Feature",
			"geometry": {
				"type": "Point",
				"coordinates": [
					 139.9335,
					 38.4482
				]
			},
			"properties": {
				"name": "JA/YM-008(赤見堂岳)",
				"読み":"Akamidoudake",
				"標高":"1446m 8pt ",
				"GL":"PM98xk",
				"市郡区":"G#05005D / C#0503 ",
				"登山日":"",
				"メモ":"",
				"_markerType": "Icon",
				"_iconUrl": "https://maps.gsi.go.jp/portal/sys/v4/symbols/104.png",
				"_iconSize": [
					16,
					16
				],
				"_iconAnchor": [
					8,
					8
				]
			}
		},
		{
			"type": "Feature",
			"geometry": {
				"type": "Point",
				"coordinates": [
					 139.8796,
					 38.1976
				]
			},
			"properties": {
				"name": "JA/YM-009(祝瓶山)",
				"読み":"Iwaigameyama",
				"標高":"1417m 8pt ",
				"GL":"PM98we",
				"市郡区":"C#0509 / G#05003B ",
				"登山日":"",
				"メモ":"",
				"_markerType": "Icon",
				"_iconUrl": "https://maps.gsi.go.jp/portal/sys/v4/symbols/104.png",
				"_iconSize": [
					16,
					16
				],
				"_iconAnchor": [
					8,
					8
				]
			}
		},
		{
			"type": "Feature",
			"geometry": {
				"type": "Point",
				"coordinates": [
					 140.4857,
					 38.8629
				]
			},
			"properties": {
				"name": "JA/YM-010(小又山)",
				"読み":"Komatayama",
				"標高":"1367m 8pt ",
				"GL":"QM08fu",
				"市郡区":"G#05011G / C#0505 ",
				"登山日":"",
				"メモ":"",
				"_markerType": "Icon",
				"_iconUrl": "https://maps.gsi.go.jp/portal/sys/v4/symbols/104.png",
				"_iconSize": [
					16,
					16
				],
				"_iconAnchor": [
					8,
					8
				]
			}
		},
		{
			"type": "Feature",
			"geometry": {
				"type": "Point",
				"coordinates": [
					 139.8873,
					 38.137
				]
			},
			"properties": {
				"name": "JA/YM-011(三躰山)",
				"読み":"Santaizan",
				"標高":"1293m 8pt ",
				"GL":"PM98wd",
				"市郡区":"C#0509 / G#05003B ",
				"登山日":"",
				"メモ":"",
				"_markerType": "Icon",
				"_iconUrl": "https://maps.gsi.go.jp/portal/sys/v4/symbols/104.png",
				"_iconSize": [
					16,
					16
				],
				"_iconAnchor": [
					8,
					8
				]
			}
		},
		{
			"type": "Feature",
			"geometry": {
				"type": "Point",
				"coordinates": [
					 139.9684,
					 38.1915
				]
			},
			"properties": {
				"name": "JA/YM-012(八形峰)",
				"読み":"Hachigatamine",
				"標高":"1289m 8pt ",
				"GL":"PM98xe",
				"市郡区":"C#0509 / G#05005B ",
				"登山日":"",
				"メモ":"",
				"_markerType": "Icon",
				"_iconUrl": "https://maps.gsi.go.jp/portal/sys/v4/symbols/104.png",
				"_iconSize": [
					16,
					16
				],
				"_iconAnchor": [
					8,
					8
				]
			}
		},
		{
			"type": "Feature",
			"geometry": {
				"type": "Point",
				"coordinates": [
					 140.5609,
					 38.4518
				]
			},
			"properties": {
				"name": "JA/YM-013(柴倉山)",
				"読み":"Shibakurayama",
				"標高":"1276m 8pt ",
				"GL":"QM08gk",
				"市郡区":"C#0511 / C#0512 ",
				"登山日":"",
				"メモ":"",
				"_markerType": "Icon",
				"_iconUrl": "https://maps.gsi.go.jp/portal/sys/v4/symbols/104.png",
				"_iconSize": [
					16,
					16
				],
				"_iconAnchor": [
					8,
					8
				]
			}
		},
		{
			"type": "Feature",
			"geometry": {
				"type": "Point",
				"coordinates": [
					 140.5854,
					 38.4918
				]
			},
			"properties": {
				"name": "JA/YM-014(荒神山)",
				"読み":"Kojinyama",
				"標高":"1270m 8pt ",
				"GL":"QM08hl",
				"市郡区":"G#06004E / C#0512 ",
				"登山日":"",
				"メモ":"",
				"_markerType": "Icon",
				"_iconUrl": "https://maps.gsi.go.jp/portal/sys/v4/symbols/104.png",
				"_iconSize": [
					16,
					16
				],
				"_iconAnchor": [
					8,
					8
				]
			}
		},
		{
			"type": "Feature",
			"geometry": {
				"type": "Point",
				"coordinates": [
					 139.8827,
					 38.1563
				]
			},
			"properties": {
				"name": "JA/YM-015(柴倉山)",
				"読み":"Shibakurayama",
				"標高":"1263m 8pt ",
				"GL":"PM98wd",
				"市郡区":"C#0509 / G#05003B ",
				"登山日":"",
				"メモ":"",
				"_markerType": "Icon",
				"_iconUrl": "https://maps.gsi.go.jp/portal/sys/v4/symbols/104.png",
				"_iconSize": [
					16,
					16
				],
				"_iconAnchor": [
					8,
					8
				]
			}
		},
		{
			"type": "Feature",
			"geometry": {
				"type": "Point",
				"coordinates": [
					 139.8362,
					 38.4538
				]
			},
			"properties": {
				"name": "JA/YM-016(高安山)",
				"読み":"Takayasuyama",
				"標高":"1245m 8pt ",
				"GL":"PM98wk",
				"市郡区":"C#0503 ",
				"登山日":"",
				"メモ":"",
				"_markerType": "Icon",
				"_iconUrl": "https://maps.gsi.go.jp/portal/sys/v4/symbols/104.png",
				"_iconSize": [
					16,
					16
				],
				"_iconAnchor": [
					8,
					8
				]
			}
		},
		{
			"type": "Feature",
			"geometry": {
				"type": "Point",
				"coordinates": [
					 140.4485,
					 38.8402
				]
			},
			"properties": {
				"name": "JA/YM-017(火打岳)",
				"読み":"Hiuchidake",
				"標高":"1238m 8pt ",
				"GL":"QM08fu",
				"市郡区":"C#0505 / G#05011G ",
				"登山日":"",
				"メモ":"",
				"_markerType": "Icon",
				"_iconUrl": "https://maps.gsi.go.jp/portal/sys/v4/symbols/104.png",
				"_iconSize": [
					16,
					16
				],
				"_iconAnchor": [
					8,
					8
				]
			}
		},
		{
			"type": "Feature",
			"geometry": {
				"type": "Point",
				"coordinates": [
					 140.0229,
					 38.2445
				]
			},
			"properties": {
				"name": "JA/YM-018(頭殿山)",
				"読み":"Toudonosan",
				"標高":"1203m 8pt ",
				"GL":"QM08af",
				"市郡区":"G#05003C / G#05005B ",
				"登山日":"",
				"メモ":"",
				"_markerType": "Icon",
				"_iconUrl": "https://maps.gsi.go.jp/portal/sys/v4/symbols/104.png",
				"_iconSize": [
					16,
					16
				],
				"_iconAnchor": [
					8,
					8
				]
			}
		},
		{
			"type": "Feature",
			"geometry": {
				"type": "Point",
				"coordinates": [
					 140.2193,
					 39.032
				]
			},
			"properties": {
				"name": "JA/YM-019(丁岳)",
				"読み":"Hinotodake",
				"標高":"1146m 8pt ",
				"GL":"QM09ca",
				"市郡区":"G#05011F / C#0410 ",
				"登山日":"",
				"メモ":"",
				"_markerType": "Icon",
				"_iconUrl": "https://maps.gsi.go.jp/portal/sys/v4/symbols/104.png",
				"_iconSize": [
					16,
					16
				],
				"_iconAnchor": [
					8,
					8
				]
			}
		},
		{
			"type": "Feature",
			"geometry": {
				"type": "Point",
				"coordinates": [
					 140.0213,
					 37.8076
				]
			},
			"properties": {
				"name": "JA/YM-020(点1138)",
				"読み":"P1138",
				"標高":"1138m 8pt ",
				"GL":"QM07at",
				"市郡区":"C#0502 ",
				"登山日":"",
				"メモ":"",
				"_markerType": "Icon",
				"_iconUrl": "https://maps.gsi.go.jp/portal/sys/v4/symbols/104.png",
				"_iconSize": [
					16,
					16
				],
				"_iconAnchor": [
					8,
					8
				]
			}
		},
		{
			"type": "Feature",
			"geometry": {
				"type": "Point",
				"coordinates": [
					 140.5495,
					 38.8603
				]
			},
			"properties": {
				"name": "JA/YM-021(大鏑山)",
				"読み":"Ookaburayama",
				"標高":"1119m 8pt ",
				"GL":"QM08gu",
				"市郡区":"G#05011G / C#0615 ",
				"登山日":"",
				"メモ":"",
				"_markerType": "Icon",
				"_iconUrl": "https://maps.gsi.go.jp/portal/sys/v4/symbols/104.png",
				"_iconSize": [
					16,
					16
				],
				"_iconAnchor": [
					8,
					8
				]
			}
		},
		{
			"type": "Feature",
			"geometry": {
				"type": "Point",
				"coordinates": [
					 139.642,
					 37.9757
				]
			},
			"properties": {
				"name": "JA/YM-022(枯松山)",
				"読み":"Karematsuyama",
				"標高":"1119m 8pt ",
				"GL":"PM97tx",
				"市郡区":"G#05003B / G#08001C ",
				"登山日":"",
				"メモ":"",
				"_markerType": "Icon",
				"_iconUrl": "https://maps.gsi.go.jp/portal/sys/v4/symbols/104.png",
				"_iconSize": [
					16,
					16
				],
				"_iconAnchor": [
					8,
					8
				]
			}
		},
		{
			"type": "Feature",
			"geometry": {
				"type": "Point",
				"coordinates": [
					 139.6435,
					 37.9952
				]
			},
			"properties": {
				"name": "JA/YM-023(大境山)",
				"読み":"Oosakaiyama",
				"標高":"1102m 8pt ",
				"GL":"PM97tx",
				"市郡区":"G#05003B / G#08001C ",
				"登山日":"",
				"メモ":"",
				"_markerType": "Icon",
				"_iconUrl": "https://maps.gsi.go.jp/portal/sys/v4/symbols/104.png",
				"_iconSize": [
					16,
					16
				],
				"_iconAnchor": [
					8,
					8
				]
			}
		},
		{
			"type": "Feature",
			"geometry": {
				"type": "Point",
				"coordinates": [
					 140.2441,
					 39.0306
				]
			},
			"properties": {
				"name": "JA/YM-024(庄屋森)",
				"読み":"Shouyamori",
				"標高":"1100m 8pt ",
				"GL":"QM09ca",
				"市郡区":"G#05011F / C#0410 ",
				"登山日":"",
				"メモ":"",
				"_markerType": "Icon",
				"_iconUrl": "https://maps.gsi.go.jp/portal/sys/v4/symbols/104.png",
				"_iconSize": [
					16,
					16
				],
				"_iconAnchor": [
					8,
					8
				]
			}
		},
		{
			"type": "Feature",
			"geometry": {
				"type": "Point",
				"coordinates": [
					 140.4187,
					 38.8016
				]
			},
			"properties": {
				"name": "JA/YM-025(八森山)",
				"読み":"Hachimoriyama",
				"標高":"1098m 6pt ",
				"GL":"QM08ft",
				"市郡区":"C#0505 / G#05011G ",
				"登山日":"",
				"メモ":"",
				"_markerType": "Icon",
				"_iconUrl": "https://maps.gsi.go.jp/portal/sys/v4/symbols/103.png",
				"_iconSize": [
					16,
					16
				],
				"_iconAnchor": [
					8,
					8
				]
			}
		},
		{
			"type": "Feature",
			"geometry": {
				"type": "Point",
				"coordinates": [
					 140.0399,
					 38.653
				]
			},
			"properties": {
				"name": "JA/YM-026(虚空蔵岳)",
				"読み":"Kokuzoudake",
				"標高":"1091m 6pt ",
				"GL":"QM08ap",
				"市郡区":"G#05007H ",
				"登山日":"",
				"メモ":"",
				"_markerType": "Icon",
				"_iconUrl": "https://maps.gsi.go.jp/portal/sys/v4/symbols/103.png",
				"_iconSize": [
					16,
					16
				],
				"_iconAnchor": [
					8,
					8
				]
			}
		},
		{
			"type": "Feature",
			"geometry": {
				"type": "Point",
				"coordinates": [
					 140.1535,
					 38.5197
				]
			},
			"properties": {
				"name": "JA/YM-027(三合山)",
				"読み":"Sangouyama",
				"標高":"1090m 6pt ",
				"GL":"QM08bm",
				"市郡区":"G#05011C / C#0506 ",
				"登山日":"",
				"メモ":"",
				"_markerType": "Icon",
				"_iconUrl": "https://maps.gsi.go.jp/portal/sys/v4/symbols/103.png",
				"_iconSize": [
					16,
					16
				],
				"_iconAnchor": [
					8,
					8
				]
			}
		},
		{
			"type": "Feature",
			"geometry": {
				"type": "Point",
				"coordinates": [
					 140.1027,
					 38.6214
				]
			},
			"properties": {
				"name": "JA/YM-028(鳥形山)",
				"読み":"Torigatayama",
				"標高":"1081m 6pt ",
				"GL":"QM08bo",
				"市郡区":"G#05011D / G#05007H ",
				"登山日":"",
				"メモ":"",
				"_markerType": "Icon",
				"_iconUrl": "https://maps.gsi.go.jp/portal/sys/v4/symbols/103.png",
				"_iconSize": [
					16,
					16
				],
				"_iconAnchor": [
					8,
					8
				]
			}
		},
		{
			"type": "Feature",
			"geometry": {
				"type": "Point",
				"coordinates": [
					 140.6247,
					 38.775
				]
			},
			"properties": {
				"name": "JA/YM-029(小柴山)",
				"読み":"Koshibayama",
				"標高":"1056m 6pt ",
				"GL":"QM08hs",
				"市郡区":"G#05011G / C#0615 ",
				"登山日":"",
				"メモ":"",
				"_markerType": "Icon",
				"_iconUrl": "https://maps.gsi.go.jp/portal/sys/v4/symbols/103.png",
				"_iconSize": [
					16,
					16
				],
				"_iconAnchor": [
					8,
					8
				]
			}
		},
		{
			"type": "Feature",
			"geometry": {
				"type": "Point",
				"coordinates": [
					 140.226,
					 39.0167
				]
			},
			"properties": {
				"name": "JA/YM-030(雁唐山)",
				"読み":"Gankarayama",
				"標高":"1045m 6pt ",
				"GL":"QM09ca",
				"市郡区":"G#05011F ",
				"登山日":"",
				"メモ":"",
				"_markerType": "Icon",
				"_iconUrl": "https://maps.gsi.go.jp/portal/sys/v4/symbols/103.png",
				"_iconSize": [
					16,
					16
				],
				"_iconAnchor": [
					8,
					8
				]
			}
		},
		{
			"type": "Feature",
			"geometry": {
				"type": "Point",
				"coordinates": [
					 139.7134,
					 38.4163
				]
			},
			"properties": {
				"name": "JA/YM-031(大葡萄(三角点))",
				"読み":"Oobudou",
				"標高":"1028m 6pt ",
				"GL":"PM98uj",
				"市郡区":"C#0503 / C#0812 ",
				"登山日":"",
				"メモ":"",
				"_markerType": "Icon",
				"_iconUrl": "https://maps.gsi.go.jp/portal/sys/v4/symbols/103.png",
				"_iconSize": [
					16,
					16
				],
				"_iconAnchor": [
					8,
					8
				]
			}
		},
		{
			"type": "Feature",
			"geometry": {
				"type": "Point",
				"coordinates": [
					 140.4014,
					 38.7895
				]
			},
			"properties": {
				"name": "JA/YM-032(杢蔵山)",
				"読み":"Mokuzouyama",
				"標高":"1026m 6pt ",
				"GL":"QM08es",
				"市郡区":"C#0505 ",
				"登山日":"",
				"メモ":"",
				"_markerType": "Icon",
				"_iconUrl": "https://maps.gsi.go.jp/portal/sys/v4/symbols/103.png",
				"_iconSize": [
					16,
					16
				],
				"_iconAnchor": [
					8,
					8
				]
			}
		},
		{
			"type": "Feature",
			"geometry": {
				"type": "Point",
				"coordinates": [
					 139.7345,
					 38.4019
				]
			},
			"properties": {
				"name": "JA/YM-033(鍋禿)",
				"読み":"Nabehage",
				"標高":"1023m 6pt ",
				"GL":"PM98uj",
				"市郡区":"C#0503 ",
				"登山日":"",
				"メモ":"",
				"_markerType": "Icon",
				"_iconUrl": "https://maps.gsi.go.jp/portal/sys/v4/symbols/103.png",
				"_iconSize": [
					16,
					16
				],
				"_iconAnchor": [
					8,
					8
				]
			}
		},
		{
			"type": "Feature",
			"geometry": {
				"type": "Point",
				"coordinates": [
					 139.7278,
					 38.5202
				]
			},
			"properties": {
				"name": "JA/YM-034(摩耶山)",
				"読み":"Mayasan",
				"標高":"1020m 6pt ",
				"GL":"PM98um",
				"市郡区":"C#0503 ",
				"登山日":"",
				"メモ":"",
				"_markerType": "Icon",
				"_iconUrl": "https://maps.gsi.go.jp/portal/sys/v4/symbols/103.png",
				"_iconSize": [
					16,
					16
				],
				"_iconAnchor": [
					8,
					8
				]
			}
		},
		{
			"type": "Feature",
			"geometry": {
				"type": "Point",
				"coordinates": [
					 140.02,
					 38.3145
				]
			},
			"properties": {
				"name": "JA/YM-035(伏辺山)",
				"読み":"Fushibeyama",
				"標高":"1017m 6pt ",
				"GL":"QM08ah",
				"市郡区":"G#05005B / G#05005C ",
				"登山日":"",
				"メモ":"",
				"_markerType": "Icon",
				"_iconUrl": "https://maps.gsi.go.jp/portal/sys/v4/symbols/103.png",
				"_iconSize": [
					16,
					16
				],
				"_iconAnchor": [
					8,
					8
				]
			}
		},
		{
			"type": "Feature",
			"geometry": {
				"type": "Point",
				"coordinates": [
					 139.8321,
					 38.1926
				]
			},
			"properties": {
				"name": "JA/YM-036(点1010(白太郎山近傍))",
				"読み":"P1010",
				"標高":"1010m 6pt ",
				"GL":"PM98ve",
				"市郡区":"G#05003B ",
				"登山日":"",
				"メモ":"",
				"_markerType": "Icon",
				"_iconUrl": "https://maps.gsi.go.jp/portal/sys/v4/symbols/103.png",
				"_iconSize": [
					16,
					16
				],
				"_iconAnchor": [
					8,
					8
				]
			}
		},
		{
			"type": "Feature",
			"geometry": {
				"type": "Point",
				"coordinates": [
					 140.2462,
					 37.8285
				]
			},
			"properties": {
				"name": "JA/YM-037(鉢森山)",
				"読み":"Hachimoriyama",
				"標高":"1004m 6pt ",
				"GL":"QM07ct",
				"市郡区":"C#0502 ",
				"登山日":"",
				"メモ":"",
				"_markerType": "Icon",
				"_iconUrl": "https://maps.gsi.go.jp/portal/sys/v4/symbols/103.png",
				"_iconSize": [
					16,
					16
				],
				"_iconAnchor": [
					8,
					8
				]
			}
		},
		{
			"type": "Feature",
			"geometry": {
				"type": "Point",
				"coordinates": [
					 140.5112,
					 38.3889
				]
			},
			"properties": {
				"name": "JA/YM-038(堂木沢山)",
				"読み":"Doukisawayama",
				"標高":"1003m 6pt ",
				"GL":"QM08gj",
				"市郡区":"C#0511 ",
				"登山日":"",
				"メモ":"",
				"_markerType": "Icon",
				"_iconUrl": "https://maps.gsi.go.jp/portal/sys/v4/symbols/103.png",
				"_iconSize": [
					16,
					16
				],
				"_iconAnchor": [
					8,
					8
				]
			}
		},
		{
			"type": "Feature",
			"geometry": {
				"type": "Point",
				"coordinates": [
					 140.1731,
					 38.2226
				]
			},
			"properties": {
				"name": "JA/YM-039(白鷹山)",
				"読み":"Shiratakayama",
				"標高":"994m 6pt ",
				"GL":"QM08cf",
				"市郡区":"G#05003C / C#0513 / G#05008B",
				"登山日":"",
				"メモ":"",
				"_markerType": "Icon",
				"_iconUrl": "https://maps.gsi.go.jp/portal/sys/v4/symbols/103.png",
				"_iconSize": [
					16,
					16
				],
				"_iconAnchor": [
					8,
					8
				]
			}
		},
		{
			"type": "Feature",
			"geometry": {
				"type": "Point",
				"coordinates": [
					 139.8464,
					 38.5067
				]
			},
			"properties": {
				"name": "JA/YM-040(八久和山)",
				"読み":"Yakuwayama",
				"標高":"992m 6pt ",
				"GL":"PM98wm",
				"市郡区":"C#0503 ",
				"登山日":"",
				"メモ":"",
				"_markerType": "Icon",
				"_iconUrl": "https://maps.gsi.go.jp/portal/sys/v4/symbols/103.png",
				"_iconSize": [
					16,
					16
				],
				"_iconAnchor": [
					8,
					8
				]
			}
		},
		{
			"type": "Feature",
			"geometry": {
				"type": "Point",
				"coordinates": [
					 140.0715,
					 38.2691
				]
			},
			"properties": {
				"name": "JA/YM-041(暖日山)",
				"読み":"Nukuhiyama",
				"標高":"991m 6pt ",
				"GL":"QM08ag",
				"市郡区":"G#05005B / G#05003C ",
				"登山日":"",
				"メモ":"",
				"_markerType": "Icon",
				"_iconUrl": "https://maps.gsi.go.jp/portal/sys/v4/symbols/103.png",
				"_iconSize": [
					16,
					16
				],
				"_iconAnchor": [
					8,
					8
				]
			}
		},
		{
			"type": "Feature",
			"geometry": {
				"type": "Point",
				"coordinates": [
					 140.1145,
					 39.0541
				]
			},
			"properties": {
				"name": "JA/YM-042(点990)",
				"読み":"P990",
				"標高":"990m 6pt ",
				"GL":"QM09bb",
				"市郡区":"C#0504 ",
				"登山日":"",
				"メモ":"",
				"_markerType": "Icon",
				"_iconUrl": "https://maps.gsi.go.jp/portal/sys/v4/symbols/103.png",
				"_iconSize": [
					16,
					16
				],
				"_iconAnchor": [
					8,
					8
				]
			}
		},
		{
			"type": "Feature",
			"geometry": {
				"type": "Point",
				"coordinates": [
					 140.1713,
					 39.0511
				]
			},
			"properties": {
				"name": "JA/YM-043(三滝山)",
				"読み":"Mitakiyama",
				"標高":"986m 6pt ",
				"GL":"QM09cb",
				"市郡区":"G#05011F / C#0410 ",
				"登山日":"",
				"メモ":"",
				"_markerType": "Icon",
				"_iconUrl": "https://maps.gsi.go.jp/portal/sys/v4/symbols/103.png",
				"_iconSize": [
					16,
					16
				],
				"_iconAnchor": [
					8,
					8
				]
			}
		},
		{
			"type": "Feature",
			"geometry": {
				"type": "Point",
				"coordinates": [
					 140.0072,
					 38.354
				]
			},
			"properties": {
				"name": "JA/YM-044(大頭森山)",
				"読み":"Daizumoriyama",
				"標高":"984m 6pt ",
				"GL":"QM08ai",
				"市郡区":"G#05005C / G#05005D ",
				"登山日":"",
				"メモ":"",
				"_markerType": "Icon",
				"_iconUrl": "https://maps.gsi.go.jp/portal/sys/v4/symbols/103.png",
				"_iconSize": [
					16,
					16
				],
				"_iconAnchor": [
					8,
					8
				]
			}
		},
		{
			"type": "Feature",
			"geometry": {
				"type": "Point",
				"coordinates": [
					 139.7488,
					 37.9681
				]
			},
			"properties": {
				"name": "JA/YM-045(猿鼻山(三角点))",
				"読み":"Saruppanayama",
				"標高":"983m 6pt ",
				"GL":"PM97ux",
				"市郡区":"G#05003B ",
				"登山日":"",
				"メモ":"",
				"_markerType": "Icon",
				"_iconUrl": "https://maps.gsi.go.jp/portal/sys/v4/symbols/103.png",
				"_iconSize": [
					16,
					16
				],
				"_iconAnchor": [
					8,
					8
				]
			}
		},
		{
			"type": "Feature",
			"geometry": {
				"type": "Point",
				"coordinates": [
					 139.9609,
					 38.14
				]
			},
			"properties": {
				"name": "JA/YM-046(点981)",
				"読み":"P981",
				"標高":"981m 6pt ",
				"GL":"PM98xd",
				"市郡区":"C#0509 ",
				"登山日":"",
				"メモ":"",
				"_markerType": "Icon",
				"_iconUrl": "https://maps.gsi.go.jp/portal/sys/v4/symbols/103.png",
				"_iconSize": [
					16,
					16
				],
				"_iconAnchor": [
					8,
					8
				]
			}
		},
		{
			"type": "Feature",
			"geometry": {
				"type": "Point",
				"coordinates": [
					 140.3106,
					 39.0121
				]
			},
			"properties": {
				"name": "JA/YM-047(甑山(男甑山))",
				"読み":"Koshikiyama/Otokokoshikiyama",
				"標高":"981m 6pt ",
				"GL":"QM09da",
				"市郡区":"G#05011F ",
				"登山日":"",
				"メモ":"",
				"_markerType": "Icon",
				"_iconUrl": "https://maps.gsi.go.jp/portal/sys/v4/symbols/103.png",
				"_iconSize": [
					16,
					16
				],
				"_iconAnchor": [
					8,
					8
				]
			}
		},
		{
			"type": "Feature",
			"geometry": {
				"type": "Point",
				"coordinates": [
					 139.7788,
					 38.6058
				]
			},
			"properties": {
				"name": "JA/YM-048(湯ノ沢岳)",
				"読み":"Yunosawadake",
				"標高":"964m 6pt ",
				"GL":"PM98vo",
				"市郡区":"C#0503 ",
				"登山日":"",
				"メモ":"",
				"_markerType": "Icon",
				"_iconUrl": "https://maps.gsi.go.jp/portal/sys/v4/symbols/103.png",
				"_iconSize": [
					16,
					16
				],
				"_iconAnchor": [
					8,
					8
				]
			}
		},
		{
			"type": "Feature",
			"geometry": {
				"type": "Point",
				"coordinates": [
					 139.6905,
					 38.15
				]
			},
			"properties": {
				"name": "JA/YM-049(白布(三角点))",
				"読み":"Shirafu",
				"標高":"962m 6pt ",
				"GL":"PM98ud",
				"市郡区":"G#05003B / G#08001C ",
				"登山日":"",
				"メモ":"",
				"_markerType": "Icon",
				"_iconUrl": "https://maps.gsi.go.jp/portal/sys/v4/symbols/103.png",
				"_iconSize": [
					16,
					16
				],
				"_iconAnchor": [
					8,
					8
				]
			}
		},
		{
			"type": "Feature",
			"geometry": {
				"type": "Point",
				"coordinates": [
					 139.6732,
					 37.9373
				]
			},
			"properties": {
				"name": "JA/YM-050(倉手山)",
				"読み":"Kurateyama",
				"標高":"952m 6pt ",
				"GL":"PM97uw",
				"市郡区":"G#05003B ",
				"登山日":"",
				"メモ":"",
				"_markerType": "Icon",
				"_iconUrl": "https://maps.gsi.go.jp/portal/sys/v4/symbols/103.png",
				"_iconSize": [
					16,
					16
				],
				"_iconAnchor": [
					8,
					8
				]
			}
		},
		{
			"type": "Feature",
			"geometry": {
				"type": "Point",
				"coordinates": [
					 140.1807,
					 38.4859
				]
			},
			"properties": {
				"name": "JA/YM-051(上ノ山近傍)",
				"読み":"Uenoyama",
				"標高":"920m 6pt ",
				"GL":"QM08cl",
				"市郡区":"C#0506 / G#05005D ",
				"登山日":"",
				"メモ":"",
				"_markerType": "Icon",
				"_iconUrl": "https://maps.gsi.go.jp/portal/sys/v4/symbols/103.png",
				"_iconSize": [
					16,
					16
				],
				"_iconAnchor": [
					8,
					8
				]
			}
		},
		{
			"type": "Feature",
			"geometry": {
				"type": "Point",
				"coordinates": [
					 140.5462,
					 38.4034
				]
			},
			"properties": {
				"name": "JA/YM-052(萱倉山(三角点))",
				"読み":"Kayakurayama",
				"標高":"907m 6pt ",
				"GL":"QM08gj",
				"市郡区":"C#0511 ",
				"登山日":"",
				"メモ":"",
				"_markerType": "Icon",
				"_iconUrl": "https://maps.gsi.go.jp/portal/sys/v4/symbols/103.png",
				"_iconSize": [
					16,
					16
				],
				"_iconAnchor": [
					8,
					8
				]
			}
		},
		{
			"type": "Feature",
			"geometry": {
				"type": "Point",
				"coordinates": [
					 140.4465,
					 38.3388
				]
			},
			"properties": {
				"name": "JA/YM-053(雨呼山)",
				"読み":"Amayobariyama",
				"標高":"906m 6pt ",
				"GL":"QM08fi",
				"市郡区":"C#0510 / C#0501 ",
				"登山日":"",
				"メモ":"",
				"_markerType": "Icon",
				"_iconUrl": "https://maps.gsi.go.jp/portal/sys/v4/symbols/103.png",
				"_iconSize": [
					16,
					16
				],
				"_iconAnchor": [
					8,
					8
				]
			}
		},
		{
			"type": "Feature",
			"geometry": {
				"type": "Point",
				"coordinates": [
					 139.812,
					 37.912
				]
			},
			"properties": {
				"name": "JA/YM-054(山毛欅潰山)",
				"読み":"Bunatsubureyama",
				"標高":"898m 6pt ",
				"GL":"PM97vv",
				"市郡区":"G#05003A / G#05003B ",
				"登山日":"",
				"メモ":"",
				"_markerType": "Icon",
				"_iconUrl": "https://maps.gsi.go.jp/portal/sys/v4/symbols/103.png",
				"_iconSize": [
					16,
					16
				],
				"_iconAnchor": [
					8,
					8
				]
			}
		},
		{
			"type": "Feature",
			"geometry": {
				"type": "Point",
				"coordinates": [
					 140.124,
					 38.9213
				]
			},
			"properties": {
				"name": "JA/YM-055(弁慶山)",
				"読み":"Benkeiyama",
				"標高":"887m 6pt ",
				"GL":"QM08bw",
				"市郡区":"G#05011F / C#0504 ",
				"登山日":"",
				"メモ":"",
				"_markerType": "Icon",
				"_iconUrl": "https://maps.gsi.go.jp/portal/sys/v4/symbols/103.png",
				"_iconSize": [
					16,
					16
				],
				"_iconAnchor": [
					8,
					8
				]
			}
		},
		{
			"type": "Feature",
			"geometry": {
				"type": "Point",
				"coordinates": [
					 139.8053,
					 38.2068
				]
			},
			"properties": {
				"name": "JA/YM-056(点871(柴倉山近傍))",
				"読み":"P871",
				"標高":"871m 6pt ",
				"GL":"PM98ve",
				"市郡区":"G#05003B / C#0812 ",
				"登山日":"",
				"メモ":"",
				"_markerType": "Icon",
				"_iconUrl": "https://maps.gsi.go.jp/portal/sys/v4/symbols/103.png",
				"_iconSize": [
					16,
					16
				],
				"_iconAnchor": [
					8,
					8
				]
			}
		},
		{
			"type": "Feature",
			"geometry": {
				"type": "Point",
				"coordinates": [
					 140.076,
					 38.468
				]
			},
			"properties": {
				"name": "JA/YM-057(高日山)",
				"読み":"Takabiyama",
				"標高":"870m 6pt ",
				"GL":"QM08al",
				"市郡区":"G#05005D ",
				"登山日":"",
				"メモ":"",
				"_markerType": "Icon",
				"_iconUrl": "https://maps.gsi.go.jp/portal/sys/v4/symbols/103.png",
				"_iconSize": [
					16,
					16
				],
				"_iconAnchor": [
					8,
					8
				]
			}
		},
		{
			"type": "Feature",
			"geometry": {
				"type": "Point",
				"coordinates": [
					 140.1132,
					 39.0145
				]
			},
			"properties": {
				"name": "JA/YM-058(小鳥海(三角点))",
				"読み":"Kotoriumi",
				"標高":"865m 6pt ",
				"GL":"QM09ba",
				"市郡区":"C#0504 ",
				"登山日":"",
				"メモ":"",
				"_markerType": "Icon",
				"_iconUrl": "https://maps.gsi.go.jp/portal/sys/v4/symbols/103.png",
				"_iconSize": [
					16,
					16
				],
				"_iconAnchor": [
					8,
					8
				]
			}
		},
		{
			"type": "Feature",
			"geometry": {
				"type": "Point",
				"coordinates": [
					 139.6906,
					 38.1191
				]
			},
			"properties": {
				"name": "JA/YM-059(蕨峠(三角点))",
				"読み":"Warabitouge",
				"標高":"842m 4pt ",
				"GL":"PM98uc",
				"市郡区":"G#05003B / G#08001C ",
				"登山日":"",
				"メモ":"",
				"_markerType": "Icon",
				"_iconUrl": "https://maps.gsi.go.jp/portal/sys/v4/symbols/828.png",
				"_iconSize": [
					16,
					16
				],
				"_iconAnchor": [
					8,
					8
				]
			}
		},
		{
			"type": "Feature",
			"geometry": {
				"type": "Point",
				"coordinates": [
					 140.4597,
					 38.7214
				]
			},
			"properties": {
				"name": "JA/YM-060(熊ノ返山)",
				"読み":"Kumanogaeshiyama",
				"標高":"828m 4pt ",
				"GL":"QM08fr",
				"市郡区":"G#05011G / C#0512 / G#05011E",
				"登山日":"",
				"メモ":"",
				"_markerType": "Icon",
				"_iconUrl": "https://maps.gsi.go.jp/portal/sys/v4/symbols/828.png",
				"_iconSize": [
					16,
					16
				],
				"_iconAnchor": [
					8,
					8
				]
			}
		},
		{
			"type": "Feature",
			"geometry": {
				"type": "Point",
				"coordinates": [
					 140.4338,
					 38.7413
				]
			},
			"properties": {
				"name": "JA/YM-061(太田沢(三角点))",
				"読み":"Ootazawa",
				"標高":"820m 4pt ",
				"GL":"QM08fr",
				"市郡区":"G#05011G / G#05011E ",
				"登山日":"",
				"メモ":"",
				"_markerType": "Icon",
				"_iconUrl": "https://maps.gsi.go.jp/portal/sys/v4/symbols/828.png",
				"_iconSize": [
					16,
					16
				],
				"_iconAnchor": [
					8,
					8
				]
			}
		},
		{
			"type": "Feature",
			"geometry": {
				"type": "Point",
				"coordinates": [
					 140.2056,
					 38.1635
				]
			},
			"properties": {
				"name": "JA/YM-062(黒森山)",
				"読み":"Kuromoriyama",
				"標高":"811m 4pt ",
				"GL":"QM08cd",
				"市郡区":"C#0507 / C#0513 ",
				"登山日":"",
				"メモ":"",
				"_markerType": "Icon",
				"_iconUrl": "https://maps.gsi.go.jp/portal/sys/v4/symbols/828.png",
				"_iconSize": [
					16,
					16
				],
				"_iconAnchor": [
					8,
					8
				]
			}
		},
		{
			"type": "Feature",
			"geometry": {
				"type": "Point",
				"coordinates": [
					 140.2429,
					 38.0688
				]
			},
			"properties": {
				"name": "JA/YM-063(小湯山)",
				"読み":"Koyouzan",
				"標高":"800m 4pt ",
				"GL":"QM08cb",
				"市郡区":"G#05006B ",
				"登山日":"",
				"メモ":"",
				"_markerType": "Icon",
				"_iconUrl": "https://maps.gsi.go.jp/portal/sys/v4/symbols/828.png",
				"_iconSize": [
					16,
					16
				],
				"_iconAnchor": [
					8,
					8
				]
			}
		},
		{
			"type": "Feature",
			"geometry": {
				"type": "Point",
				"coordinates": [
					 140.1279,
					 38.1484
				]
			},
			"properties": {
				"name": "JA/YM-064(点800(鷹戸屋山近傍))",
				"読み":"P800",
				"標高":"800m 4pt ",
				"GL":"QM08bd",
				"市郡区":"C#0513 / G#05003C ",
				"登山日":"",
				"メモ":"",
				"_markerType": "Icon",
				"_iconUrl": "https://maps.gsi.go.jp/portal/sys/v4/symbols/828.png",
				"_iconSize": [
					16,
					16
				],
				"_iconAnchor": [
					8,
					8
				]
			}
		},
		{
			"type": "Feature",
			"geometry": {
				"type": "Point",
				"coordinates": [
					 140.5625,
					 38.5267
				]
			},
			"properties": {
				"name": "JA/YM-065(北日長山)",
				"読み":"Kitahinagayama",
				"標高":"791m 4pt ",
				"GL":"QM08gm",
				"市郡区":"C#0512 / G#06004E ",
				"登山日":"",
				"メモ":"",
				"_markerType": "Icon",
				"_iconUrl": "https://maps.gsi.go.jp/portal/sys/v4/symbols/828.png",
				"_iconSize": [
					16,
					16
				],
				"_iconAnchor": [
					8,
					8
				]
			}
		},
		{
			"type": "Feature",
			"geometry": {
				"type": "Point",
				"coordinates": [
					 139.6951,
					 37.9802
				]
			},
			"properties": {
				"name": "JA/YM-066(大花山)",
				"読み":"Daihanayama",
				"標高":"790m 4pt ",
				"GL":"PM97ux",
				"市郡区":"G#05003B ",
				"登山日":"",
				"メモ":"",
				"_markerType": "Icon",
				"_iconUrl": "https://maps.gsi.go.jp/portal/sys/v4/symbols/828.png",
				"_iconSize": [
					16,
					16
				],
				"_iconAnchor": [
					8,
					8
				]
			}
		},
		{
			"type": "Feature",
			"geometry": {
				"type": "Point",
				"coordinates": [
					 139.7894,
					 38.1879
				]
			},
			"properties": {
				"name": "JA/YM-067(徳網山)",
				"読み":"Tokuamiyama",
				"標高":"788m 4pt ",
				"GL":"PM98ve",
				"市郡区":"G#05003B ",
				"登山日":"",
				"メモ":"",
				"_markerType": "Icon",
				"_iconUrl": "https://maps.gsi.go.jp/portal/sys/v4/symbols/828.png",
				"_iconSize": [
					16,
					16
				],
				"_iconAnchor": [
					8,
					8
				]
			}
		},
		{
			"type": "Feature",
			"geometry": {
				"type": "Point",
				"coordinates": [
					 140.0842,
					 38.9879
				]
			},
			"properties": {
				"name": "JA/YM-068(深毛山)",
				"読み":"Fukageyama",
				"標高":"784m 4pt ",
				"GL":"QM08bx",
				"市郡区":"C#0504 ",
				"登山日":"",
				"メモ":"",
				"_markerType": "Icon",
				"_iconUrl": "https://maps.gsi.go.jp/portal/sys/v4/symbols/828.png",
				"_iconSize": [
					16,
					16
				],
				"_iconAnchor": [
					8,
					8
				]
			}
		},
		{
			"type": "Feature",
			"geometry": {
				"type": "Point",
				"coordinates": [
					 140.0795,
					 38.8145
				]
			},
			"properties": {
				"name": "JA/YM-069(大森山)",
				"読み":"Oomoriyama",
				"標高":"781m 4pt ",
				"GL":"QM08at",
				"市郡区":"G#05011D / C#0504 ",
				"登山日":"",
				"メモ":"",
				"_markerType": "Icon",
				"_iconUrl": "https://maps.gsi.go.jp/portal/sys/v4/symbols/828.png",
				"_iconSize": [
					16,
					16
				],
				"_iconAnchor": [
					8,
					8
				]
			}
		},
		{
			"type": "Feature",
			"geometry": {
				"type": "Point",
				"coordinates": [
					 140.491,
					 38.6916
				]
			},
			"properties": {
				"name": "JA/YM-070(金山)",
				"読み":"Kanayama",
				"標高":"763m 4pt ",
				"GL":"QM08fq",
				"市郡区":"C#0512 / G#05011G ",
				"登山日":"",
				"メモ":"",
				"_markerType": "Icon",
				"_iconUrl": "https://maps.gsi.go.jp/portal/sys/v4/symbols/828.png",
				"_iconSize": [
					16,
					16
				],
				"_iconAnchor": [
					8,
					8
				]
			}
		},
		{
			"type": "Feature",
			"geometry": {
				"type": "Point",
				"coordinates": [
					 140.3762,
					 38.9946
				]
			},
			"properties": {
				"name": "JA/YM-071(点751)",
				"読み":"P751",
				"標高":"751m 4pt ",
				"GL":"QM08ex",
				"市郡区":"G#05011F / C#0407 ",
				"登山日":"",
				"メモ":"",
				"_markerType": "Icon",
				"_iconUrl": "https://maps.gsi.go.jp/portal/sys/v4/symbols/828.png",
				"_iconSize": [
					16,
					16
				],
				"_iconAnchor": [
					8,
					8
				]
			}
		},
		{
			"type": "Feature",
			"geometry": {
				"type": "Point",
				"coordinates": [
					 139.7559,
					 38.1928
				]
			},
			"properties": {
				"name": "JA/YM-072(餓鬼山)",
				"読み":"Gakiyama",
				"標高":"741m 4pt ",
				"GL":"PM98ve",
				"市郡区":"G#05003B / C#0812 ",
				"登山日":"",
				"メモ":"",
				"_markerType": "Icon",
				"_iconUrl": "https://maps.gsi.go.jp/portal/sys/v4/symbols/828.png",
				"_iconSize": [
					16,
					16
				],
				"_iconAnchor": [
					8,
					8
				]
			}
		},
		{
			"type": "Feature",
			"geometry": {
				"type": "Point",
				"coordinates": [
					 139.6307,
					 38.6201
				]
			},
			"properties": {
				"name": "JA/YM-073(温海岳)",
				"読み":"Atsumidake",
				"標高":"736m 4pt ",
				"GL":"PM98to",
				"市郡区":"C#0503 ",
				"登山日":"",
				"メモ":"",
				"_markerType": "Icon",
				"_iconUrl": "https://maps.gsi.go.jp/portal/sys/v4/symbols/828.png",
				"_iconSize": [
					16,
					16
				],
				"_iconAnchor": [
					8,
					8
				]
			}
		},
		{
			"type": "Feature",
			"geometry": {
				"type": "Point",
				"coordinates": [
					 140.1017,
					 38.8671
				]
			},
			"properties": {
				"name": "JA/YM-074(点730)",
				"読み":"P730",
				"標高":"730m 4pt ",
				"GL":"QM08bu",
				"市郡区":"C#0504 / G#05011B ",
				"登山日":"",
				"メモ":"",
				"_markerType": "Icon",
				"_iconUrl": "https://maps.gsi.go.jp/portal/sys/v4/symbols/828.png",
				"_iconSize": [
					16,
					16
				],
				"_iconAnchor": [
					8,
					8
				]
			}
		},
		{
			"type": "Feature",
			"geometry": {
				"type": "Point",
				"coordinates": [
					 140.0574,
					 38.8825
				]
			},
			"properties": {
				"name": "JA/YM-075(胎蔵山)",
				"読み":"Taizousan",
				"標高":"729m 4pt ",
				"GL":"QM08av",
				"市郡区":"C#0504 ",
				"登山日":"",
				"メモ":"",
				"_markerType": "Icon",
				"_iconUrl": "https://maps.gsi.go.jp/portal/sys/v4/symbols/828.png",
				"_iconSize": [
					16,
					16
				],
				"_iconAnchor": [
					8,
					8
				]
			}
		},
		{
			"type": "Feature",
			"geometry": {
				"type": "Point",
				"coordinates": [
					 140.239,
					 38.1636
				]
			},
			"properties": {
				"name": "JA/YM-076(大平山)",
				"読み":"Oohirayama",
				"標高":"715m 4pt ",
				"GL":"QM08cd",
				"市郡区":"C#0507 ",
				"登山日":"",
				"メモ":"",
				"_markerType": "Icon",
				"_iconUrl": "https://maps.gsi.go.jp/portal/sys/v4/symbols/828.png",
				"_iconSize": [
					16,
					16
				],
				"_iconAnchor": [
					8,
					8
				]
			}
		},
		{
			"type": "Feature",
			"geometry": {
				"type": "Point",
				"coordinates": [
					 139.8996,
					 37.9891
				]
			},
			"properties": {
				"name": "JA/YM-077(出ヶ峰)",
				"読み":"Dashigamine",
				"標高":"694m 4pt ",
				"GL":"PM97wx",
				"市郡区":"G#05003A / G#05003B ",
				"登山日":"",
				"メモ":"",
				"_markerType": "Icon",
				"_iconUrl": "https://maps.gsi.go.jp/portal/sys/v4/symbols/828.png",
				"_iconSize": [
					16,
					16
				],
				"_iconAnchor": [
					8,
					8
				]
			}
		},
		{
			"type": "Feature",
			"geometry": {
				"type": "Point",
				"coordinates": [
					 140.204,
					 38.0663
				]
			},
			"properties": {
				"name": "JA/YM-078(高ツムジ山)",
				"読み":"Takatsumujiyama",
				"標高":"693m 4pt ",
				"GL":"QM08cb",
				"市郡区":"C#0513 ",
				"登山日":"",
				"メモ":"",
				"_markerType": "Icon",
				"_iconUrl": "https://maps.gsi.go.jp/portal/sys/v4/symbols/828.png",
				"_iconSize": [
					16,
					16
				],
				"_iconAnchor": [
					8,
					8
				]
			}
		},
		{
			"type": "Feature",
			"geometry": {
				"type": "Point",
				"coordinates": [
					 139.6655,
					 38.618
				]
			},
			"properties": {
				"name": "JA/YM-079(鎧岳)",
				"読み":"Yoroidake",
				"標高":"687m 4pt ",
				"GL":"PM98to",
				"市郡区":"C#0503 ",
				"登山日":"",
				"メモ":"",
				"_markerType": "Icon",
				"_iconUrl": "https://maps.gsi.go.jp/portal/sys/v4/symbols/828.png",
				"_iconSize": [
					16,
					16
				],
				"_iconAnchor": [
					8,
					8
				]
			}
		},
		{
			"type": "Feature",
			"geometry": {
				"type": "Point",
				"coordinates": [
					 140.3116,
					 38.1392
				]
			},
			"properties": {
				"name": "JA/YM-080(葉山)",
				"読み":"Hayama",
				"標高":"687m 4pt ",
				"GL":"QM08dd",
				"市郡区":"C#0507 ",
				"登山日":"",
				"メモ":"",
				"_markerType": "Icon",
				"_iconUrl": "https://maps.gsi.go.jp/portal/sys/v4/symbols/828.png",
				"_iconSize": [
					16,
					16
				],
				"_iconAnchor": [
					8,
					8
				]
			}
		},
		{
			"type": "Feature",
			"geometry": {
				"type": "Point",
				"coordinates": [
					 139.6651,
					 38.5832
				]
			},
			"properties": {
				"name": "JA/YM-081(薬師岳)",
				"読み":"Yakushidake",
				"標高":"686m 4pt ",
				"GL":"PM98tn",
				"市郡区":"C#0503 ",
				"登山日":"",
				"メモ":"",
				"_markerType": "Icon",
				"_iconUrl": "https://maps.gsi.go.jp/portal/sys/v4/symbols/828.png",
				"_iconSize": [
					16,
					16
				],
				"_iconAnchor": [
					8,
					8
				]
			}
		},
		{
			"type": "Feature",
			"geometry": {
				"type": "Point",
				"coordinates": [
					 140.4595,
					 38.3822
				]
			},
			"properties": {
				"name": "JA/YM-082(水晶山)",
				"読み":"Suisyouyama",
				"標高":"668m 4pt ",
				"GL":"QM08fj",
				"市郡区":"C#0510 / C#0511 ",
				"登山日":"",
				"メモ":"",
				"_markerType": "Icon",
				"_iconUrl": "https://maps.gsi.go.jp/portal/sys/v4/symbols/828.png",
				"_iconSize": [
					16,
					16
				],
				"_iconAnchor": [
					8,
					8
				]
			}
		},
		{
			"type": "Feature",
			"geometry": {
				"type": "Point",
				"coordinates": [
					 140.0694,
					 38.7929
				]
			},
			"properties": {
				"name": "JA/YM-083(点662)",
				"読み":"P662",
				"標高":"662m 4pt ",
				"GL":"QM08at",
				"市郡区":"G#05011D / C#0504 ",
				"登山日":"",
				"メモ":"",
				"_markerType": "Icon",
				"_iconUrl": "https://maps.gsi.go.jp/portal/sys/v4/symbols/828.png",
				"_iconSize": [
					16,
					16
				],
				"_iconAnchor": [
					8,
					8
				]
			}
		},
		{
			"type": "Feature",
			"geometry": {
				"type": "Point",
				"coordinates": [
					 140.0799,
					 37.8802
				]
			},
			"properties": {
				"name": "JA/YM-084(笹野山)",
				"読み":"Sasanoyama",
				"標高":"660m 4pt ",
				"GL":"QM07av",
				"市郡区":"C#0502 ",
				"登山日":"",
				"メモ":"",
				"_markerType": "Icon",
				"_iconUrl": "https://maps.gsi.go.jp/portal/sys/v4/symbols/828.png",
				"_iconSize": [
					16,
					16
				],
				"_iconAnchor": [
					8,
					8
				]
			}
		},
		{
			"type": "Feature",
			"geometry": {
				"type": "Point",
				"coordinates": [
					 139.6857,
					 38.6626
				]
			},
			"properties": {
				"name": "JA/YM-085(藤倉山)",
				"読み":"Fujikurayama",
				"標高":"654m 4pt ",
				"GL":"PM98up",
				"市郡区":"C#0503 ",
				"登山日":"",
				"メモ":"",
				"_markerType": "Icon",
				"_iconUrl": "https://maps.gsi.go.jp/portal/sys/v4/symbols/828.png",
				"_iconSize": [
					16,
					16
				],
				"_iconAnchor": [
					8,
					8
				]
			}
		},
		{
			"type": "Feature",
			"geometry": {
				"type": "Point",
				"coordinates": [
					 140.3439,
					 38.9543
				]
			},
			"properties": {
				"name": "JA/YM-086(西ノ沢(三角点))",
				"読み":"Nishinosawa",
				"標高":"650m 4pt ",
				"GL":"QM08ew",
				"市郡区":"G#05011A ",
				"登山日":"",
				"メモ":"",
				"_markerType": "Icon",
				"_iconUrl": "https://maps.gsi.go.jp/portal/sys/v4/symbols/828.png",
				"_iconSize": [
					16,
					16
				],
				"_iconAnchor": [
					8,
					8
				]
			}
		},
		{
			"type": "Feature",
			"geometry": {
				"type": "Point",
				"coordinates": [
					 139.9243,
					 37.9401
				]
			},
			"properties": {
				"name": "JA/YM-087(尾幡山)",
				"読み":"Obatayama",
				"標高":"646m 2pt ",
				"GL":"PM97xw",
				"市郡区":"G#05003A / G#05006A ",
				"登山日":"",
				"メモ":"",
				"_markerType": "Icon",
				"_iconUrl": "https://maps.gsi.go.jp/portal/sys/v4/symbols/102.png",
				"_iconSize": [
					16,
					16
				],
				"_iconAnchor": [
					8,
					8
				]
			}
		},
		{
			"type": "Feature",
			"geometry": {
				"type": "Point",
				"coordinates": [
					 140.4443,
					 38.6792
				]
			},
			"properties": {
				"name": "JA/YM-088(沼平(三角点))",
				"読み":"Numahira",
				"標高":"643m 2pt ",
				"GL":"QM08fq",
				"市郡区":"C#0512 ",
				"登山日":"",
				"メモ":"",
				"_markerType": "Icon",
				"_iconUrl": "https://maps.gsi.go.jp/portal/sys/v4/symbols/102.png",
				"_iconSize": [
					16,
					16
				],
				"_iconAnchor": [
					8,
					8
				]
			}
		},
		{
			"type": "Feature",
			"geometry": {
				"type": "Point",
				"coordinates": [
					 139.8516,
					 38.04
				]
			},
			"properties": {
				"name": "JA/YM-089(綱木箱口(三角点))",
				"読み":"Tsunagihakonokuchi",
				"標高":"640m 2pt ",
				"GL":"PM98wa",
				"市郡区":"G#05003B ",
				"登山日":"",
				"メモ":"",
				"_markerType": "Icon",
				"_iconUrl": "https://maps.gsi.go.jp/portal/sys/v4/symbols/102.png",
				"_iconSize": [
					16,
					16
				],
				"_iconAnchor": [
					8,
					8
				]
			}
		},
		{
			"type": "Feature",
			"geometry": {
				"type": "Point",
				"coordinates": [
					 140.2373,
					 38.0467
				]
			},
			"properties": {
				"name": "JA/YM-090(安久津(三角点))",
				"読み":"Akutsu",
				"標高":"632m 2pt ",
				"GL":"QM08cb",
				"市郡区":"G#05006B ",
				"登山日":"",
				"メモ":"",
				"_markerType": "Icon",
				"_iconUrl": "https://maps.gsi.go.jp/portal/sys/v4/symbols/102.png",
				"_iconSize": [
					16,
					16
				],
				"_iconAnchor": [
					8,
					8
				]
			}
		},
		{
			"type": "Feature",
			"geometry": {
				"type": "Point",
				"coordinates": [
					 139.6455,
					 38.548
				]
			},
			"properties": {
				"name": "JA/YM-091(大畑山)",
				"読み":"Oohatayama",
				"標高":"617m 2pt ",
				"GL":"PM98tn",
				"市郡区":"C#0503 ",
				"登山日":"",
				"メモ":"",
				"_markerType": "Icon",
				"_iconUrl": "https://maps.gsi.go.jp/portal/sys/v4/symbols/102.png",
				"_iconSize": [
					16,
					16
				],
				"_iconAnchor": [
					8,
					8
				]
			}
		},
		{
			"type": "Feature",
			"geometry": {
				"type": "Point",
				"coordinates": [
					 139.6355,
					 38.5918
				]
			},
			"properties": {
				"name": "JA/YM-092(東山(三角点))",
				"読み":"Higashiyama",
				"標高":"610m 2pt ",
				"GL":"PM98to",
				"市郡区":"C#0503 ",
				"登山日":"",
				"メモ":"",
				"_markerType": "Icon",
				"_iconUrl": "https://maps.gsi.go.jp/portal/sys/v4/symbols/102.png",
				"_iconSize": [
					16,
					16
				],
				"_iconAnchor": [
					8,
					8
				]
			}
		},
		{
			"type": "Feature",
			"geometry": {
				"type": "Point",
				"coordinates": [
					 139.691,
					 38.6083
				]
			},
			"properties": {
				"name": "JA/YM-093(鳥巣(三角点))",
				"読み":"Torinosu",
				"標高":"607m 2pt ",
				"GL":"PM98uo",
				"市郡区":"C#0503 ",
				"登山日":"",
				"メモ":"",
				"_markerType": "Icon",
				"_iconUrl": "https://maps.gsi.go.jp/portal/sys/v4/symbols/102.png",
				"_iconSize": [
					16,
					16
				],
				"_iconAnchor": [
					8,
					8
				]
			}
		},
		{
			"type": "Feature",
			"geometry": {
				"type": "Point",
				"coordinates": [
					 139.6098,
					 38.563
				]
			},
			"properties": {
				"name": "JA/YM-094(角間台(三角点))",
				"読み":"Kadomadai",
				"標高":"597m 2pt ",
				"GL":"PM98tn",
				"市郡区":"C#0503 ",
				"登山日":"",
				"メモ":"",
				"_markerType": "Icon",
				"_iconUrl": "https://maps.gsi.go.jp/portal/sys/v4/symbols/102.png",
				"_iconSize": [
					16,
					16
				],
				"_iconAnchor": [
					8,
					8
				]
			}
		},
		{
			"type": "Feature",
			"geometry": {
				"type": "Point",
				"coordinates": [
					 139.9264,
					 37.967
				]
			},
			"properties": {
				"name": "JA/YM-095(当直(三角点)近傍)",
				"読み":"Near_Toudou",
				"標高":"590m 2pt ",
				"GL":"PM97xx",
				"市郡区":"G#05003A ",
				"登山日":"",
				"メモ":"",
				"_markerType": "Icon",
				"_iconUrl": "https://maps.gsi.go.jp/portal/sys/v4/symbols/102.png",
				"_iconSize": [
					16,
					16
				],
				"_iconAnchor": [
					8,
					8
				]
			}
		},
		{
			"type": "Feature",
			"geometry": {
				"type": "Point",
				"coordinates": [
					 139.7191,
					 38.0613
				]
			},
			"properties": {
				"name": "JA/YM-096(点551)",
				"読み":"P551",
				"標高":"551m 2pt ",
				"GL":"PM98ub",
				"市郡区":"G#05003B ",
				"登山日":"",
				"メモ":"",
				"_markerType": "Icon",
				"_iconUrl": "https://maps.gsi.go.jp/portal/sys/v4/symbols/102.png",
				"_iconSize": [
					16,
					16
				],
				"_iconAnchor": [
					8,
					8
				]
			}
		},
		{
			"type": "Feature",
			"geometry": {
				"type": "Point",
				"coordinates": [
					 140.1772,
					 38.9784
				]
			},
			"properties": {
				"name": "JA/YM-097(点550(尻無沢(三角点)近傍))",
				"読み":"P550",
				"標高":"550m 2pt ",
				"GL":"QM08cx",
				"市郡区":"G#05011F ",
				"登山日":"",
				"メモ":"",
				"_markerType": "Icon",
				"_iconUrl": "https://maps.gsi.go.jp/portal/sys/v4/symbols/102.png",
				"_iconSize": [
					16,
					16
				],
				"_iconAnchor": [
					8,
					8
				]
			}
		},
		{
			"type": "Feature",
			"geometry": {
				"type": "Point",
				"coordinates": [
					 140.3177,
					 38.5759
				]
			},
			"properties": {
				"name": "JA/YM-098(大高根山)",
				"読み":"Ootakaneyama",
				"標高":"543m 2pt ",
				"GL":"QM08dn",
				"市郡区":"G#05002A / C#0812 ",
				"登山日":"",
				"メモ":"",
				"_markerType": "Icon",
				"_iconUrl": "https://maps.gsi.go.jp/portal/sys/v4/symbols/102.png",
				"_iconSize": [
					16,
					16
				],
				"_iconAnchor": [
					8,
					8
				]
			}
		},
		{
			"type": "Feature",
			"geometry": {
				"type": "Point",
				"coordinates": [
					 139.7773,
					 38.1293
				]
			},
			"properties": {
				"name": "JA/YM-099(今市(三角点))",
				"読み":"Imaichi",
				"標高":"542m 2pt ",
				"GL":"PM98vd",
				"市郡区":"G#05003B ",
				"登山日":"",
				"メモ":"",
				"_markerType": "Icon",
				"_iconUrl": "https://maps.gsi.go.jp/portal/sys/v4/symbols/102.png",
				"_iconSize": [
					16,
					16
				],
				"_iconAnchor": [
					8,
					8
				]
			}
		},
		{
			"type": "Feature",
			"geometry": {
				"type": "Point",
				"coordinates": [
					 139.5939,
					 38.5727
				]
			},
			"properties": {
				"name": "JA/YM-100(点533)",
				"読み":"P533",
				"標高":"533m 2pt ",
				"GL":"PM98tn",
				"市郡区":"C#0503 ",
				"登山日":"",
				"メモ":"",
				"_markerType": "Icon",
				"_iconUrl": "https://maps.gsi.go.jp/portal/sys/v4/symbols/102.png",
				"_iconSize": [
					16,
					16
				],
				"_iconAnchor": [
					8,
					8
				]
			}
		},
		{
			"type": "Feature",
			"geometry": {
				"type": "Point",
				"coordinates": [
					 140.3683,
					 38.9029
				]
			},
			"properties": {
				"name": "JA/YM-101(竜馬山)",
				"読み":"Ryubasan",
				"標高":"521m 2pt ",
				"GL":"QM08ev",
				"市郡区":"G#05011A ",
				"登山日":"",
				"メモ":"",
				"_markerType": "Icon",
				"_iconUrl": "https://maps.gsi.go.jp/portal/sys/v4/symbols/102.png",
				"_iconSize": [
					16,
					16
				],
				"_iconAnchor": [
					8,
					8
				]
			}
		},
		{
			"type": "Feature",
			"geometry": {
				"type": "Point",
				"coordinates": [
					 140.3618,
					 38.9307
				]
			},
			"properties": {
				"name": "JA/YM-102(点511)",
				"読み":"P511",
				"標高":"511m 2pt ",
				"GL":"QM08ew",
				"市郡区":"G#05011A ",
				"登山日":"",
				"メモ":"",
				"_markerType": "Icon",
				"_iconUrl": "https://maps.gsi.go.jp/portal/sys/v4/symbols/102.png",
				"_iconSize": [
					16,
					16
				],
				"_iconAnchor": [
					8,
					8
				]
			}
		},
		{
			"type": "Feature",
			"geometry": {
				"type": "Point",
				"coordinates": [
					 140.2192,
					 38.0299
				]
			},
			"properties": {
				"name": "JA/YM-103(西沢(三角点))",
				"読み":"Nishizawa",
				"標高":"504m 2pt ",
				"GL":"QM08ca",
				"市郡区":"G#05006B ",
				"登山日":"",
				"メモ":"",
				"_markerType": "Icon",
				"_iconUrl": "https://maps.gsi.go.jp/portal/sys/v4/symbols/102.png",
				"_iconSize": [
					16,
					16
				],
				"_iconAnchor": [
					8,
					8
				]
			}
		},
		{
			"type": "Feature",
			"geometry": {
				"type": "Point",
				"coordinates": [
					 139.6521,
					 38.6661
				]
			},
			"properties": {
				"name": "JA/YM-104(点490)",
				"読み":"P490",
				"標高":"490m 1pt ",
				"GL":"PM98tp",
				"市郡区":"C#0503 ",
				"登山日":"",
				"メモ":"",
				"_markerType": "Icon",
				"_iconUrl": "https://maps.gsi.go.jp/portal/sys/v4/symbols/826.png",
				"_iconSize": [
					16,
					16
				],
				"_iconAnchor": [
					8,
					8
				]
			}
		},
		{
			"type": "Feature",
			"geometry": {
				"type": "Point",
				"coordinates": [
					 139.6314,
					 38.522
				]
			},
			"properties": {
				"name": "JA/YM-105(芋沢山)",
				"読み":"Imozawayama",
				"標高":"483m 1pt ",
				"GL":"PM98tm",
				"市郡区":"C#0503 / C#0812 ",
				"登山日":"",
				"メモ":"",
				"_markerType": "Icon",
				"_iconUrl": "https://maps.gsi.go.jp/portal/sys/v4/symbols/826.png",
				"_iconSize": [
					16,
					16
				],
				"_iconAnchor": [
					8,
					8
				]
			}
		},
		{
			"type": "Feature",
			"geometry": {
				"type": "Point",
				"coordinates": [
					 140.3606,
					 38.8848
				]
			},
			"properties": {
				"name": "JA/YM-106(北ノ沢(三角点))",
				"読み":"Kitanosawa",
				"標高":"417m 1pt ",
				"GL":"QM08ev",
				"市郡区":"G#05011A ",
				"登山日":"",
				"メモ":"",
				"_markerType": "Icon",
				"_iconUrl": "https://maps.gsi.go.jp/portal/sys/v4/symbols/826.png",
				"_iconSize": [
					16,
					16
				],
				"_iconAnchor": [
					8,
					8
				]
			}
		},
		{
			"type": "Feature",
			"geometry": {
				"type": "Point",
				"coordinates": [
					 140.3208,
					 38.9018
				]
			},
			"properties": {
				"name": "JA/YM-107(前山)",
				"読み":"Maeyama",
				"標高":"413m 1pt ",
				"GL":"QM08dv",
				"市郡区":"G#05011A ",
				"登山日":"",
				"メモ":"",
				"_markerType": "Icon",
				"_iconUrl": "https://maps.gsi.go.jp/portal/sys/v4/symbols/826.png",
				"_iconSize": [
					16,
					16
				],
				"_iconAnchor": [
					8,
					8
				]
			}
		},
		{
			"type": "Feature",
			"geometry": {
				"type": "Point",
				"coordinates": [
					 140.2957,
					 38.9112
				]
			},
			"properties": {
				"name": "JA/YM-108(八森)",
				"読み":"Hachimori",
				"標高":"381m 1pt ",
				"GL":"QM08dv",
				"市郡区":"G#05011A / G#05011F ",
				"登山日":"",
				"メモ":"",
				"_markerType": "Icon",
				"_iconUrl": "https://maps.gsi.go.jp/portal/sys/v4/symbols/826.png",
				"_iconSize": [
					16,
					16
				],
				"_iconAnchor": [
					8,
					8
				]
			}
		},
		{
			"type": "Feature",
			"geometry": {
				"type": "Point",
				"coordinates": [
					 140.2,
					 38.8316
				]
			},
			"properties": {
				"name": "JA/YM-109(曲川山)",
				"読み":"Magarikawayama",
				"標高":"322m 1pt ",
				"GL":"QM08ct",
				"市郡区":"G#05011B ",
				"登山日":"",
				"メモ":"",
				"_markerType": "Icon",
				"_iconUrl": "https://maps.gsi.go.jp/portal/sys/v4/symbols/826.png",
				"_iconSize": [
					16,
					16
				],
				"_iconAnchor": [
					8,
					8
				]
			}
		},
		{
			"type": "Feature",
			"geometry": {
				"type": "Point",
				"coordinates": [
					 139.711,
					 38.7363
				]
			},
			"properties": {
				"name": "JA/YM-110(荒倉山)",
				"読み":"Arakurayama",
				"標高":"307m 1pt ",
				"GL":"PM98ur",
				"市郡区":"C#0503 ",
				"登山日":"",
				"メモ":"",
				"_markerType": "Icon",
				"_iconUrl": "https://maps.gsi.go.jp/portal/sys/v4/symbols/826.png",
				"_iconSize": [
					16,
					16
				],
				"_iconAnchor": [
					8,
					8
				]
			}
		},
		{
			"type": "Feature",
			"geometry": {
				"type": "Point",
				"coordinates": [
					 139.7475,
					 38.763
				]
			},
			"properties": {
				"name": "JA/YM-111(高館山)",
				"読み":"Takadateyama",
				"標高":"273m 1pt ",
				"GL":"PM98us",
				"市郡区":"C#0503 ",
				"登山日":"",
				"メモ":"",
				"_markerType": "Icon",
				"_iconUrl": "https://maps.gsi.go.jp/portal/sys/v4/symbols/826.png",
				"_iconSize": [
					16,
					16
				],
				"_iconAnchor": [
					8,
					8
				]
			}
		},
		{
			"type": "Feature",
			"geometry": {
				"type": "Point",
				"coordinates": [
					 139.6548,
					 37.8723
				]
			},
			"properties": {
				"name": "JA/YM-112(烏帽子岳)",
				"読み":"Eboshidake",
				"標高":"2017m 10pt ",
				"GL":"PM97tu",
				"市郡区":"G#05003B / C#0806 ",
				"登山日":"",
				"メモ":"",
				"_markerType": "Icon",
				"_iconUrl": "https://maps.gsi.go.jp/portal/sys/v4/symbols/101.png",
				"_iconSize": [
					16,
					16
				],
				"_iconAnchor": [
					8,
					8
				]
			}
		},
		{
			"type": "Feature",
			"geometry": {
				"type": "Point",
				"coordinates": [
					 139.8791,
					 38.3063
				]
			},
			"properties": {
				"name": "JA/YM-113(寒江山)",
				"読み":"Kankouzan",
				"標高":"1695m 10pt ",
				"GL":"PM98wh",
				"市郡区":"G#05005D / C#0812 ",
				"登山日":"",
				"メモ":"",
				"_markerType": "Icon",
				"_iconUrl": "https://maps.gsi.go.jp/portal/sys/v4/symbols/101.png",
				"_iconSize": [
					16,
					16
				],
				"_iconAnchor": [
					8,
					8
				]
			}
		},
		{
			"type": "Feature",
			"geometry": {
				"type": "Point",
				"coordinates": [
					 139.9451,
					 38.2735
				]
			},
			"properties": {
				"name": "JA/YM-114(小朝日岳)",
				"読み":"Koasahidake",
				"標高":"1647m 10pt ",
				"GL":"PM98xg",
				"市郡区":"G#05005C / G#05005B / G#05005D",
				"登山日":"",
				"メモ":"",
				"_markerType": "Icon",
				"_iconUrl": "https://maps.gsi.go.jp/portal/sys/v4/symbols/101.png",
				"_iconSize": [
					16,
					16
				],
				"_iconAnchor": [
					8,
					8
				]
			}
		},
		{
			"type": "Feature",
			"geometry": {
				"type": "Point",
				"coordinates": [
					 139.9848,
					 38.531
				]
			},
			"properties": {
				"name": "JA/YM-115(湯殿山)",
				"読み":"Yudonoyama",
				"標高":"1500m 10pt ",
				"GL":"PM98xm",
				"市郡区":"C#0503 / G#05005D ",
				"登山日":"",
				"メモ":"",
				"_markerType": "Icon",
				"_iconUrl": "https://maps.gsi.go.jp/portal/sys/v4/symbols/101.png",
				"_iconSize": [
					16,
					16
				],
				"_iconAnchor": [
					8,
					8
				]
			}
		},
		{
			"type": "Feature",
			"geometry": {
				"type": "Point",
				"coordinates": [
					 139.9174,
					 38.4184
				]
			},
			"properties": {
				"name": "JA/YM-116(点1400(大桧原山近傍))",
				"読み":"P1400",
				"標高":"1400m 8pt ",
				"GL":"PM98xk",
				"市郡区":"C#0503 / G#05005D ",
				"登山日":"",
				"メモ":"",
				"_markerType": "Icon",
				"_iconUrl": "https://maps.gsi.go.jp/portal/sys/v4/symbols/104.png",
				"_iconSize": [
					16,
					16
				],
				"_iconAnchor": [
					8,
					8
				]
			}
		},
		{
			"type": "Feature",
			"geometry": {
				"type": "Point",
				"coordinates": [
					 140.3947,
					 38.183
				]
			},
			"properties": {
				"name": "JA/YM-117(瀧山)",
				"読み":"Ryuyama",
				"標高":"1362m 8pt ",
				"GL":"QM08ee",
				"市郡区":"C#0501 ",
				"登山日":"",
				"メモ":"",
				"_markerType": "Icon",
				"_iconUrl": "https://maps.gsi.go.jp/portal/sys/v4/symbols/104.png",
				"_iconSize": [
					16,
					16
				],
				"_iconAnchor": [
					8,
					8
				]
			}
		},
		{
			"type": "Feature",
			"geometry": {
				"type": "Point",
				"coordinates": [
					 140.4712,
					 38.251
				]
			},
			"properties": {
				"name": "JA/YM-118(山形神室岳)",
				"読み":"Yamagatakamurodake",
				"標高":"1343m 8pt ",
				"GL":"QM08fg",
				"市郡区":"C#0501 / G#06008B ",
				"登山日":"",
				"メモ":"",
				"_markerType": "Icon",
				"_iconUrl": "https://maps.gsi.go.jp/portal/sys/v4/symbols/104.png",
				"_iconSize": [
					16,
					16
				],
				"_iconAnchor": [
					8,
					8
				]
			}
		},
		{
			"type": "Feature",
			"geometry": {
				"type": "Point",
				"coordinates": [
					 139.9404,
					 38.2087
				]
			},
			"properties": {
				"name": "JA/YM-119(中沢峰)",
				"読み":"Nakazawamine",
				"標高":"1343m 8pt ",
				"GL":"PM98xf",
				"市郡区":"C#0509 / G#05005B ",
				"登山日":"",
				"メモ":"",
				"_markerType": "Icon",
				"_iconUrl": "https://maps.gsi.go.jp/portal/sys/v4/symbols/104.png",
				"_iconSize": [
					16,
					16
				],
				"_iconAnchor": [
					8,
					8
				]
			}
		},
		{
			"type": "Feature",
			"geometry": {
				"type": "Point",
				"coordinates": [
					 140.097,
					 38.5677
				]
			},
			"properties": {
				"name": "JA/YM-120(小岳)",
				"読み":"Odake",
				"標高":"1226m 8pt ",
				"GL":"QM08bn",
				"市郡区":"G#05011C / G#05007H ",
				"登山日":"",
				"メモ":"",
				"_markerType": "Icon",
				"_iconUrl": "https://maps.gsi.go.jp/portal/sys/v4/symbols/104.png",
				"_iconSize": [
					16,
					16
				],
				"_iconAnchor": [
					8,
					8
				]
			}
		},
		{
			"type": "Feature",
			"geometry": {
				"type": "Point",
				"coordinates": [
					 139.984,
					 37.8256
				]
			},
			"properties": {
				"name": "JA/YM-121(高倉山)",
				"読み":"Takakurayama",
				"標高":"1226m 8pt ",
				"GL":"PM97xt",
				"市郡区":"C#0502 ",
				"登山日":"",
				"メモ":"",
				"_markerType": "Icon",
				"_iconUrl": "https://maps.gsi.go.jp/portal/sys/v4/symbols/104.png",
				"_iconSize": [
					16,
					16
				],
				"_iconAnchor": [
					8,
					8
				]
			}
		},
		{
			"type": "Feature",
			"geometry": {
				"type": "Point",
				"coordinates": [
					 140.0846,
					 38.6091
				]
			},
			"properties": {
				"name": "JA/YM-122(下柳沢山近傍)",
				"読み":"Near_Shimoyanagisawayama",
				"標高":"1180m 8pt ",
				"GL":"QM08bo",
				"市郡区":"G#05007H ",
				"登山日":"",
				"メモ":"",
				"_markerType": "Icon",
				"_iconUrl": "https://maps.gsi.go.jp/portal/sys/v4/symbols/104.png",
				"_iconSize": [
					16,
					16
				],
				"_iconAnchor": [
					8,
					8
				]
			}
		},
		{
			"type": "Feature",
			"geometry": {
				"type": "Point",
				"coordinates": [
					 139.8428,
					 37.8387
				]
			},
			"properties": {
				"name": "JA/YM-123(龍ノ沢(三角点))",
				"読み":"Tatsunosawa",
				"標高":"1163m 8pt ",
				"GL":"PM97wu",
				"市郡区":"G#05003A ",
				"登山日":"",
				"メモ":"",
				"_markerType": "Icon",
				"_iconUrl": "https://maps.gsi.go.jp/portal/sys/v4/symbols/104.png",
				"_iconSize": [
					16,
					16
				],
				"_iconAnchor": [
					8,
					8
				]
			}
		},
		{
			"type": "Feature",
			"geometry": {
				"type": "Point",
				"coordinates": [
					 140.5656,
					 38.501
				]
			},
			"properties": {
				"name": "JA/YM-124(黒森)",
				"読み":"Kuromori",
				"標高":"1082m 6pt ",
				"GL":"QM08gm",
				"市郡区":"C#0512 ",
				"登山日":"",
				"メモ":"",
				"_markerType": "Icon",
				"_iconUrl": "https://maps.gsi.go.jp/portal/sys/v4/symbols/103.png",
				"_iconSize": [
					16,
					16
				],
				"_iconAnchor": [
					8,
					8
				]
			}
		},
		{
			"type": "Feature",
			"geometry": {
				"type": "Point",
				"coordinates": [
					 140.1204,
					 38.563
				]
			},
			"properties": {
				"name": "JA/YM-125(西永松(三角点))",
				"読み":"Nishinagamatsu",
				"標高":"1061m 6pt ",
				"GL":"QM08bn",
				"市郡区":"G#05011C ",
				"登山日":"",
				"メモ":"",
				"_markerType": "Icon",
				"_iconUrl": "https://maps.gsi.go.jp/portal/sys/v4/symbols/103.png",
				"_iconSize": [
					16,
					16
				],
				"_iconAnchor": [
					8,
					8
				]
			}
		},
		{
			"type": "Feature",
			"geometry": {
				"type": "Point",
				"coordinates": [
					 140.5047,
					 38.4998
				]
			},
			"properties": {
				"name": "JA/YM-126(御堂森)",
				"読み":"Midoumori",
				"標高":"1056m 6pt ",
				"GL":"QM08gl",
				"市郡区":"C#0512 ",
				"登山日":"",
				"メモ":"",
				"_markerType": "Icon",
				"_iconUrl": "https://maps.gsi.go.jp/portal/sys/v4/symbols/103.png",
				"_iconSize": [
					16,
					16
				],
				"_iconAnchor": [
					8,
					8
				]
			}
		},
		{
			"type": "Feature",
			"geometry": {
				"type": "Point",
				"coordinates": [
					 139.8428,
					 38.1763
				]
			},
			"properties": {
				"name": "JA/YM-127(足駄山)",
				"読み":"Ashidayama",
				"標高":"1051m 6pt ",
				"GL":"PM98we",
				"市郡区":"G#05003B ",
				"登山日":"",
				"メモ":"",
				"_markerType": "Icon",
				"_iconUrl": "https://maps.gsi.go.jp/portal/sys/v4/symbols/103.png",
				"_iconSize": [
					16,
					16
				],
				"_iconAnchor": [
					8,
					8
				]
			}
		},
		{
			"type": "Feature",
			"geometry": {
				"type": "Point",
				"coordinates": [
					 139.8698,
					 38.439
				]
			},
			"properties": {
				"name": "JA/YM-128(丸森山)",
				"読み":"Marumoriyama",
				"標高":"1026m 6pt ",
				"GL":"PM98wk",
				"市郡区":"C#0503 ",
				"登山日":"",
				"メモ":"",
				"_markerType": "Icon",
				"_iconUrl": "https://maps.gsi.go.jp/portal/sys/v4/symbols/103.png",
				"_iconSize": [
					16,
					16
				],
				"_iconAnchor": [
					8,
					8
				]
			}
		},
		{
			"type": "Feature",
			"geometry": {
				"type": "Point",
				"coordinates": [
					 140.4474,
					 38.487
				]
			},
			"properties": {
				"name": "JA/YM-129(甑岳)",
				"読み":"Koshikidake",
				"標高":"1015m 6pt ",
				"GL":"QM08fl",
				"市郡区":"C#0508 / C#0511 ",
				"登山日":"",
				"メモ":"",
				"_markerType": "Icon",
				"_iconUrl": "https://maps.gsi.go.jp/portal/sys/v4/symbols/103.png",
				"_iconSize": [
					16,
					16
				],
				"_iconAnchor": [
					8,
					8
				]
			}
		},
		{
			"type": "Feature",
			"geometry": {
				"type": "Point",
				"coordinates": [
					 140.2602,
					 39.0094
				]
			},
			"properties": {
				"name": "JA/YM-130(男加無山)",
				"読み":"Okabuyama",
				"標高":"997m 6pt ",
				"GL":"QM09da",
				"市郡区":"G#05011F ",
				"登山日":"",
				"メモ":"",
				"_markerType": "Icon",
				"_iconUrl": "https://maps.gsi.go.jp/portal/sys/v4/symbols/103.png",
				"_iconSize": [
					16,
					16
				],
				"_iconAnchor": [
					8,
					8
				]
			}
		},
		{
			"type": "Feature",
			"geometry": {
				"type": "Point",
				"coordinates": [
					 140.2866,
					 39.0281
				]
			},
			"properties": {
				"name": "JA/YM-131(点943)",
				"読み":"P943",
				"標高":"943m 6pt ",
				"GL":"QM09da",
				"市郡区":"G#05011F / C#0410 ",
				"登山日":"",
				"メモ":"",
				"_markerType": "Icon",
				"_iconUrl": "https://maps.gsi.go.jp/portal/sys/v4/symbols/103.png",
				"_iconSize": [
					16,
					16
				],
				"_iconAnchor": [
					8,
					8
				]
			}
		},
		{
			"type": "Feature",
			"geometry": {
				"type": "Point",
				"coordinates": [
					 140.4944,
					 38.8195
				]
			},
			"properties": {
				"name": "JA/YM-132(権現山)",
				"読み":"Gongenyama",
				"標高":"930m 6pt ",
				"GL":"QM08ft",
				"市郡区":"G#05011G ",
				"登山日":"",
				"メモ":"",
				"_markerType": "Icon",
				"_iconUrl": "https://maps.gsi.go.jp/portal/sys/v4/symbols/103.png",
				"_iconSize": [
					16,
					16
				],
				"_iconAnchor": [
					8,
					8
				]
			}
		},
		{
			"type": "Feature",
			"geometry": {
				"type": "Point",
				"coordinates": [
					 139.7621,
					 37.954
				]
			},
			"properties": {
				"name": "JA/YM-133(掛摺山近傍)",
				"読み":"Kakezuriyama",
				"標高":"930m 6pt ",
				"GL":"PM97vw",
				"市郡区":"G#05003B ",
				"登山日":"",
				"メモ":"",
				"_markerType": "Icon",
				"_iconUrl": "https://maps.gsi.go.jp/portal/sys/v4/symbols/103.png",
				"_iconSize": [
					16,
					16
				],
				"_iconAnchor": [
					8,
					8
				]
			}
		},
		{
			"type": "Feature",
			"geometry": {
				"type": "Point",
				"coordinates": [
					 140.2591,
					 39.0011
				]
			},
			"properties": {
				"name": "JA/YM-134(女加無山)",
				"読み":"Mekamuyama",
				"標高":"924m 6pt ",
				"GL":"QM09da",
				"市郡区":"G#05011F ",
				"登山日":"",
				"メモ":"",
				"_markerType": "Icon",
				"_iconUrl": "https://maps.gsi.go.jp/portal/sys/v4/symbols/103.png",
				"_iconSize": [
					16,
					16
				],
				"_iconAnchor": [
					8,
					8
				]
			}
		},
		{
			"type": "Feature",
			"geometry": {
				"type": "Point",
				"coordinates": [
					 140.2498,
					 38.9839
				]
			},
			"properties": {
				"name": "JA/YM-135(点786)",
				"読み":"P786",
				"標高":"786m 4pt ",
				"GL":"QM08dx",
				"市郡区":"G#05011F ",
				"登山日":"",
				"メモ":"",
				"_markerType": "Icon",
				"_iconUrl": "https://maps.gsi.go.jp/portal/sys/v4/symbols/828.png",
				"_iconSize": [
					16,
					16
				],
				"_iconAnchor": [
					8,
					8
				]
			}
		},
		{
			"type": "Feature",
			"geometry": {
				"type": "Point",
				"coordinates": [
					 140.3323,
					 39.0068
				]
			},
			"properties": {
				"name": "JA/YM-136(前森山)",
				"読み":"Maemoriyama",
				"標高":"785m 4pt ",
				"GL":"QM09da",
				"市郡区":"G#05011F ",
				"登山日":"",
				"メモ":"",
				"_markerType": "Icon",
				"_iconUrl": "https://maps.gsi.go.jp/portal/sys/v4/symbols/828.png",
				"_iconSize": [
					16,
					16
				],
				"_iconAnchor": [
					8,
					8
				]
			}
		},
		{
			"type": "Feature",
			"geometry": {
				"type": "Point",
				"coordinates": [
					 140.4382,
					 38.2859
				]
			},
			"properties": {
				"name": "JA/YM-137(点785)",
				"読み":"P785",
				"標高":"785m 4pt ",
				"GL":"QM08fg",
				"市郡区":"C#0501 ",
				"登山日":"",
				"メモ":"",
				"_markerType": "Icon",
				"_iconUrl": "https://maps.gsi.go.jp/portal/sys/v4/symbols/828.png",
				"_iconSize": [
					16,
					16
				],
				"_iconAnchor": [
					8,
					8
				]
			}
		},
		{
			"type": "Feature",
			"geometry": {
				"type": "Point",
				"coordinates": [
					 139.7895,
					 37.9605
				]
			},
			"properties": {
				"name": "JA/YM-138(茂松山近傍)",
				"読み":"Near_Shigematsuyama",
				"標高":"770m 4pt ",
				"GL":"PM97vx",
				"市郡区":"G#05003B ",
				"登山日":"",
				"メモ":"",
				"_markerType": "Icon",
				"_iconUrl": "https://maps.gsi.go.jp/portal/sys/v4/symbols/828.png",
				"_iconSize": [
					16,
					16
				],
				"_iconAnchor": [
					8,
					8
				]
			}
		},
		{
			"type": "Feature",
			"geometry": {
				"type": "Point",
				"coordinates": [
					 140.1955,
					 38.2507
				]
			},
			"properties": {
				"name": "JA/YM-139(東黒森山)",
				"読み":"Higashikuromoriyama",
				"標高":"766m 4pt ",
				"GL":"QM08cg",
				"市郡区":"G#05008B ",
				"登山日":"",
				"メモ":"",
				"_markerType": "Icon",
				"_iconUrl": "https://maps.gsi.go.jp/portal/sys/v4/symbols/828.png",
				"_iconSize": [
					16,
					16
				],
				"_iconAnchor": [
					8,
					8
				]
			}
		},
		{
			"type": "Feature",
			"geometry": {
				"type": "Point",
				"coordinates": [
					 139.6952,
					 37.9958
				]
			},
			"properties": {
				"name": "JA/YM-140(点759)",
				"読み":"P759",
				"標高":"759m 4pt ",
				"GL":"PM97ux",
				"市郡区":"G#05003B ",
				"登山日":"",
				"メモ":"",
				"_markerType": "Icon",
				"_iconUrl": "https://maps.gsi.go.jp/portal/sys/v4/symbols/828.png",
				"_iconSize": [
					16,
					16
				],
				"_iconAnchor": [
					8,
					8
				]
			}
		},
		{
			"type": "Feature",
			"geometry": {
				"type": "Point",
				"coordinates": [
					 139.9336,
					 38.1296
				]
			},
			"properties": {
				"name": "JA/YM-141(桂谷(三角点))",
				"読み":"Katsuraya",
				"標高":"708m 4pt ",
				"GL":"PM98xd",
				"市郡区":"C#0509 ",
				"登山日":"",
				"メモ":"",
				"_markerType": "Icon",
				"_iconUrl": "https://maps.gsi.go.jp/portal/sys/v4/symbols/828.png",
				"_iconSize": [
					16,
					16
				],
				"_iconAnchor": [
					8,
					8
				]
			}
		},
		{
			"type": "Feature",
			"geometry": {
				"type": "Point",
				"coordinates": [
					 140.0933,
					 38.3186
				]
			},
			"properties": {
				"name": "JA/YM-142(道円山)",
				"読み":"Douenzan",
				"標高":"703m 4pt ",
				"GL":"QM08bh",
				"市郡区":"G#05005B ",
				"登山日":"",
				"メモ":"",
				"_markerType": "Icon",
				"_iconUrl": "https://maps.gsi.go.jp/portal/sys/v4/symbols/828.png",
				"_iconSize": [
					16,
					16
				],
				"_iconAnchor": [
					8,
					8
				]
			}
		},
		{
			"type": "Feature",
			"geometry": {
				"type": "Point",
				"coordinates": [
					 140.0925,
					 38.9555
				]
			},
			"properties": {
				"name": "JA/YM-143(大俣(三角点)近傍)",
				"読み":"Near_Oomata",
				"標高":"673m 4pt ",
				"GL":"QM08bw",
				"市郡区":"C#0504 ",
				"登山日":"",
				"メモ":"",
				"_markerType": "Icon",
				"_iconUrl": "https://maps.gsi.go.jp/portal/sys/v4/symbols/828.png",
				"_iconSize": [
					16,
					16
				],
				"_iconAnchor": [
					8,
					8
				]
			}
		},
		{
			"type": "Feature",
			"geometry": {
				"type": "Point",
				"coordinates": [
					 140.3417,
					 38.1092
				]
			},
			"properties": {
				"name": "JA/YM-144(点650)",
				"読み":"P650",
				"標高":"650m 4pt ",
				"GL":"QM08ec",
				"市郡区":"C#0507 ",
				"登山日":"",
				"メモ":"",
				"_markerType": "Icon",
				"_iconUrl": "https://maps.gsi.go.jp/portal/sys/v4/symbols/828.png",
				"_iconSize": [
					16,
					16
				],
				"_iconAnchor": [
					8,
					8
				]
			}
		},
		{
			"type": "Feature",
			"geometry": {
				"type": "Point",
				"coordinates": [
					 140.5702,
					 38.7443
				]
			},
			"properties": {
				"name": "JA/YM-145(点620(明神山近傍))",
				"読み":"P620",
				"標高":"620m 2pt ",
				"GL":"QM08gr",
				"市郡区":"G#05011G ",
				"登山日":"",
				"メモ":"",
				"_markerType": "Icon",
				"_iconUrl": "https://maps.gsi.go.jp/portal/sys/v4/symbols/102.png",
				"_iconSize": [
					16,
					16
				],
				"_iconAnchor": [
					8,
					8
				]
			}
		},
		{
			"type": "Feature",
			"geometry": {
				"type": "Point",
				"coordinates": [
					 140.1815,
					 38.0998
				]
			},
			"properties": {
				"name": "JA/YM-146(鷹戸山)",
				"読み":"Takadoyama",
				"標高":"617m 2pt ",
				"GL":"QM08cc",
				"市郡区":"C#0513 ",
				"登山日":"",
				"メモ":"",
				"_markerType": "Icon",
				"_iconUrl": "https://maps.gsi.go.jp/portal/sys/v4/symbols/102.png",
				"_iconSize": [
					16,
					16
				],
				"_iconAnchor": [
					8,
					8
				]
			}
		},
		{
			"type": "Feature",
			"geometry": {
				"type": "Point",
				"coordinates": [
					 140.4659,
					 38.4307
				]
			},
			"properties": {
				"name": "JA/YM-147(高岡山(三角点))",
				"読み":"Takaokayama",
				"標高":"591m 2pt ",
				"GL":"QM08fk",
				"市郡区":"C#0511 ",
				"登山日":"",
				"メモ":"",
				"_markerType": "Icon",
				"_iconUrl": "https://maps.gsi.go.jp/portal/sys/v4/symbols/102.png",
				"_iconSize": [
					16,
					16
				],
				"_iconAnchor": [
					8,
					8
				]
			}
		},
		{
			"type": "Feature",
			"geometry": {
				"type": "Point",
				"coordinates": [
					 140.3119,
					 38.9494
				]
			},
			"properties": {
				"name": "JA/YM-148(後川山(三角点))",
				"読み":"Gosenyama",
				"標高":"574m 2pt ",
				"GL":"QM08dw",
				"市郡区":"G#05011A / G#05011F ",
				"登山日":"",
				"メモ":"",
				"_markerType": "Icon",
				"_iconUrl": "https://maps.gsi.go.jp/portal/sys/v4/symbols/102.png",
				"_iconSize": [
					16,
					16
				],
				"_iconAnchor": [
					8,
					8
				]
			}
		},
		{
			"type": "Feature",
			"geometry": {
				"type": "Point",
				"coordinates": [
					 140.3633,
					 38.9451
				]
			},
			"properties": {
				"name": "JA/YM-149(八森)",
				"読み":"Yatsumori",
				"標高":"562m 2pt ",
				"GL":"QM08ew",
				"市郡区":"G#05011A ",
				"登山日":"",
				"メモ":"",
				"_markerType": "Icon",
				"_iconUrl": "https://maps.gsi.go.jp/portal/sys/v4/symbols/102.png",
				"_iconSize": [
					16,
					16
				],
				"_iconAnchor": [
					8,
					8
				]
			}
		},
		{
			"type": "Feature",
			"geometry": {
				"type": "Point",
				"coordinates": [
					 140.1673,
					 38.0793
				]
			},
			"properties": {
				"name": "JA/YM-150(秋葉山)",
				"読み":"Akibayama",
				"標高":"561m 2pt ",
				"GL":"QM08cb",
				"市郡区":"C#0513 ",
				"登山日":"",
				"メモ":"",
				"_markerType": "Icon",
				"_iconUrl": "https://maps.gsi.go.jp/portal/sys/v4/symbols/102.png",
				"_iconSize": [
					16,
					16
				],
				"_iconAnchor": [
					8,
					8
				]
			}
		},
		{
			"type": "Feature",
			"geometry": {
				"type": "Point",
				"coordinates": [
					 140.3703,
					 38.9229
				]
			},
			"properties": {
				"name": "JA/YM-151(滝ノ沢(三角点)近傍)",
				"読み":"Near_Takinosawa",
				"標高":"550m 2pt ",
				"GL":"QM08ew",
				"市郡区":"G#05011A ",
				"登山日":"",
				"メモ":"",
				"_markerType": "Icon",
				"_iconUrl": "https://maps.gsi.go.jp/portal/sys/v4/symbols/102.png",
				"_iconSize": [
					16,
					16
				],
				"_iconAnchor": [
					8,
					8
				]
			}
		},
		{
			"type": "Feature",
			"geometry": {
				"type": "Point",
				"coordinates": [
					 140.3002,
					 38.9511
				]
			},
			"properties": {
				"name": "JA/YM-152(点531(上内松山近傍))",
				"読み":"P531",
				"標高":"531m 2pt ",
				"GL":"QM08dw",
				"市郡区":"G#05011F ",
				"登山日":"",
				"メモ":"",
				"_markerType": "Icon",
				"_iconUrl": "https://maps.gsi.go.jp/portal/sys/v4/symbols/102.png",
				"_iconSize": [
					16,
					16
				],
				"_iconAnchor": [
					8,
					8
				]
			}
		},
		{
			"type": "Feature",
			"geometry": {
				"type": "Point",
				"coordinates": [
					 139.8103,
					 38.0386
				]
			},
			"properties": {
				"name": "JA/YM-153(黒沢(三角点))",
				"読み":"Kurosawa",
				"標高":"523m 2pt ",
				"GL":"PM98va",
				"市郡区":"G#05003B ",
				"登山日":"",
				"メモ":"",
				"_markerType": "Icon",
				"_iconUrl": "https://maps.gsi.go.jp/portal/sys/v4/symbols/102.png",
				"_iconSize": [
					16,
					16
				],
				"_iconAnchor": [
					8,
					8
				]
			}
		},
		{
			"type": "Feature",
			"geometry": {
				"type": "Point",
				"coordinates": [
					 140.3027,
					 38.9273
				]
			},
			"properties": {
				"name": "JA/YM-154(下高堂山)",
				"読み":"Shimotakadouyama",
				"標高":"460m 1pt ",
				"GL":"QM08dw",
				"市郡区":"G#05011A ",
				"登山日":"",
				"メモ":"",
				"_markerType": "Icon",
				"_iconUrl": "https://maps.gsi.go.jp/portal/sys/v4/symbols/826.png",
				"_iconSize": [
					16,
					16
				],
				"_iconAnchor": [
					8,
					8
				]
			}
		},
		{
			"type": "Feature",
			"geometry": {
				"type": "Point",
				"coordinates": [
					 140.4487,
					 38.43
				]
			},
			"properties": {
				"name": "JA/YM-155(北入山(三角点))",
				"読み":"Kitairiyama",
				"標高":"442m 1pt ",
				"GL":"QM08fk",
				"市郡区":"C#0511 ",
				"登山日":"",
				"メモ":"",
				"_markerType": "Icon",
				"_iconUrl": "https://maps.gsi.go.jp/portal/sys/v4/symbols/826.png",
				"_iconSize": [
					16,
					16
				],
				"_iconAnchor": [
					8,
					8
				]
			}
		},
		{
			"type": "Feature",
			"geometry": {
				"type": "Point",
				"coordinates": [
					 140.1596,
					 38.9096
				]
			},
			"properties": {
				"name": "JA/YM-156(三本杉(三角点)近傍)",
				"読み":"Near_Sanbonsugi",
				"標高":"440m 1pt ",
				"GL":"QM08bv",
				"市郡区":"G#05011F ",
				"登山日":"",
				"メモ":"",
				"_markerType": "Icon",
				"_iconUrl": "https://maps.gsi.go.jp/portal/sys/v4/symbols/826.png",
				"_iconSize": [
					16,
					16
				],
				"_iconAnchor": [
					8,
					8
				]
			}
		},
		{
			"type": "Feature",
			"geometry": {
				"type": "Point",
				"coordinates": [
					 140.3291,
					 38.8929
				]
			},
			"properties": {
				"name": "JA/YM-157(薬師山)",
				"読み":"Yakushiyama",
				"標高":"436m 1pt ",
				"GL":"QM08dv",
				"市郡区":"G#05011A ",
				"登山日":"",
				"メモ":"",
				"_markerType": "Icon",
				"_iconUrl": "https://maps.gsi.go.jp/portal/sys/v4/symbols/826.png",
				"_iconSize": [
					16,
					16
				],
				"_iconAnchor": [
					8,
					8
				]
			}
		},
		{
			"type": "Feature",
			"geometry": {
				"type": "Point",
				"coordinates": [
					 140.3982,
					 38.3083
				]
			},
			"properties": {
				"name": "JA/YM-158(大森山)",
				"読み":"Oomoriyama",
				"標高":"370m 1pt ",
				"GL":"QM08eh",
				"市郡区":"C#0501 ",
				"登山日":"",
				"メモ":"",
				"_markerType": "Icon",
				"_iconUrl": "https://maps.gsi.go.jp/portal/sys/v4/symbols/826.png",
				"_iconSize": [
					16,
					16
				],
				"_iconAnchor": [
					8,
					8
				]
			}
		},
		{
			"type": "Feature",
			"geometry": {
				"type": "Point",
				"coordinates": [
					 139.5882,
					 38.6131
				]
			},
			"properties": {
				"name": "JA/YM-159(天魄山)",
				"読み":"Tenpakusan",
				"標高":"290m 1pt ",
				"GL":"PM98to",
				"市郡区":"C#0503 ",
				"登山日":"",
				"メモ":"",
				"_markerType": "Icon",
				"_iconUrl": "https://maps.gsi.go.jp/portal/sys/v4/symbols/826.png",
				"_iconSize": [
					16,
					16
				],
				"_iconAnchor": [
					8,
					8
				]
			}
		},
		{
			"type": "Feature",
			"geometry": {
				"type": "Point",
				"coordinates": [
					 139.831570,
					 38.058275
				]
			},
			"properties": {
				"name": "JA/YM-160(百石山)",
				"読み":"Hyakkokuyama",
				"標高":"599m 2pt ",
				"GL":"PM98vb",
				"市郡区":"G#05003B ",
				"登山日":"",
				"メモ":"",
				"_markerType": "Icon",
				"_iconUrl": "https://maps.gsi.go.jp/portal/sys/v4/symbols/102.png",
				"_iconSize": [
					16,
					16
				],
				"_iconAnchor": [
					8,
					8
				]
			}
		},
		{
			"type": "Feature",
			"geometry": {
				"type": "Point",
				"coordinates": [
					 139.816915,
					 38.069191
				]
			},
			"properties": {
				"name": "JA/YM-161(点570)",
				"読み":"P570",
				"標高":"570m 2pt ",
				"GL":"PM98vb",
				"市郡区":"G#05003B ",
				"登山日":"",
				"メモ":"",
				"_markerType": "Icon",
				"_iconUrl": "https://maps.gsi.go.jp/portal/sys/v4/symbols/102.png",
				"_iconSize": [
					16,
					16
				],
				"_iconAnchor": [
					8,
					8
				]
			}
		}
	]
}
