{
	"type": "FeatureCollection",
	"features": [
		{
			"type": "Feature",
			"geometry": {
				"type": "Point",
				"coordinates": [
					 142.6829,
					 42.7194
				]
			},
			"properties": {
				"name": "JA8/HD-001(幌尻岳)",
				"読み":"Poroshiridake",
				"標高":"2052m 10pt ",
				"GL":"QN12ir",
				"市郡区":"G#01031A / G#01052A ",
				"登山日":"",
				"メモ":"",
				"_markerType": "Icon",
				"_iconUrl": "https://maps.gsi.go.jp/portal/sys/v4/symbols/101.png",
				"_iconSize": [
					16,
					16
				],
				"_iconAnchor": [
					8,
					8
				]
			}
		},
		{
			"type": "Feature",
			"geometry": {
				"type": "Point",
				"coordinates": [
					 142.7664,
					 42.6251
				]
			},
			"properties": {
				"name": "JA8/HD-002(カムイエクウチカウシ山)",
				"読み":"Kamuiekuuchikaushiyama",
				"標高":"1979m 10pt ",
				"GL":"QN12jp",
				"市郡区":"G#01018B / G#01080A ",
				"登山日":"",
				"メモ":"",
				"_markerType": "Icon",
				"_iconUrl": "https://maps.gsi.go.jp/portal/sys/v4/symbols/101.png",
				"_iconSize": [
					16,
					16
				],
				"_iconAnchor": [
					8,
					8
				]
			}
		},
		{
			"type": "Feature",
			"geometry": {
				"type": "Point",
				"coordinates": [
					 142.7064,
					 42.7722
				]
			},
			"properties": {
				"name": "JA8/HD-003(点1967)",
				"読み":"P1967",
				"標高":"1967m 10pt ",
				"GL":"QN12is",
				"市郡区":"G#01031A / C#0107 ",
				"登山日":"",
				"メモ":"",
				"_markerType": "Icon",
				"_iconUrl": "https://maps.gsi.go.jp/portal/sys/v4/symbols/101.png",
				"_iconSize": [
					16,
					16
				],
				"_iconAnchor": [
					8,
					8
				]
			}
		},
		{
			"type": "Feature",
			"geometry": {
				"type": "Point",
				"coordinates": [
					 142.7549,
					 42.6448
				]
			},
			"properties": {
				"name": "JA8/HD-004(点1917)",
				"読み":"P1917",
				"標高":"1917m 10pt ",
				"GL":"QN12jp",
				"市郡区":"G#01018B / G#01080A ",
				"登山日":"",
				"メモ":"",
				"_markerType": "Icon",
				"_iconUrl": "https://maps.gsi.go.jp/portal/sys/v4/symbols/101.png",
				"_iconSize": [
					16,
					16
				],
				"_iconAnchor": [
					8,
					8
				]
			}
		},
		{
			"type": "Feature",
			"geometry": {
				"type": "Point",
				"coordinates": [
					 142.6754,
					 42.8256
				]
			},
			"properties": {
				"name": "JA8/HD-005(チロロ岳)",
				"読み":"Chirorodake",
				"標高":"1880m 10pt ",
				"GL":"QN12it",
				"市郡区":"G#01031A ",
				"登山日":"",
				"メモ":"",
				"_markerType": "Icon",
				"_iconUrl": "https://maps.gsi.go.jp/portal/sys/v4/symbols/101.png",
				"_iconSize": [
					16,
					16
				],
				"_iconAnchor": [
					8,
					8
				]
			}
		},
		{
			"type": "Feature",
			"geometry": {
				"type": "Point",
				"coordinates": [
					 142.8081,
					 42.5394
				]
			},
			"properties": {
				"name": "JA8/HD-006(１８３９峰)",
				"読み":"Ippasankyuhou",
				"標高":"1842m 10pt ",
				"GL":"QN12jm",
				"市郡区":"G#01080A ",
				"登山日":"",
				"メモ":"",
				"_markerType": "Icon",
				"_iconUrl": "https://maps.gsi.go.jp/portal/sys/v4/symbols/101.png",
				"_iconSize": [
					16,
					16
				],
				"_iconAnchor": [
					8,
					8
				]
			}
		},
		{
			"type": "Feature",
			"geometry": {
				"type": "Point",
				"coordinates": [
					 142.8005,
					 42.5967
				]
			},
			"properties": {
				"name": "JA8/HD-007(点1826)",
				"読み":"P1826",
				"標高":"1826m 10pt ",
				"GL":"QN12jo",
				"市郡区":"G#01018B / G#01080A ",
				"登山日":"",
				"メモ":"",
				"_markerType": "Icon",
				"_iconUrl": "https://maps.gsi.go.jp/portal/sys/v4/symbols/101.png",
				"_iconSize": [
					16,
					16
				],
				"_iconAnchor": [
					8,
					8
				]
			}
		},
		{
			"type": "Feature",
			"geometry": {
				"type": "Point",
				"coordinates": [
					 142.721,
					 42.666
				]
			},
			"properties": {
				"name": "JA8/HD-008(ナメワッカ岳)",
				"読み":"Namewakkadake",
				"標高":"1800m 10pt ",
				"GL":"QN12ip",
				"市郡区":"G#01080A / G#01052A ",
				"登山日":"",
				"メモ":"",
				"_markerType": "Icon",
				"_iconUrl": "https://maps.gsi.go.jp/portal/sys/v4/symbols/101.png",
				"_iconSize": [
					16,
					16
				],
				"_iconAnchor": [
					8,
					8
				]
			}
		},
		{
			"type": "Feature",
			"geometry": {
				"type": "Point",
				"coordinates": [
					 142.6662,
					 42.6452
				]
			},
			"properties": {
				"name": "JA8/HD-009(点1776)",
				"読み":"P1776",
				"標高":"1776m 10pt ",
				"GL":"QN12hp",
				"市郡区":"G#01080A / G#01052A ",
				"登山日":"",
				"メモ":"",
				"_markerType": "Icon",
				"_iconUrl": "https://maps.gsi.go.jp/portal/sys/v4/symbols/101.png",
				"_iconSize": [
					16,
					16
				],
				"_iconAnchor": [
					8,
					8
				]
			}
		},
		{
			"type": "Feature",
			"geometry": {
				"type": "Point",
				"coordinates": [
					 142.6792,
					 42.8922
				]
			},
			"properties": {
				"name": "JA8/HD-010(ペンケヌーシ岳)",
				"読み":"Penkenushidake",
				"標高":"1750m 10pt ",
				"GL":"QN12iv",
				"市郡区":"G#01031A ",
				"登山日":"",
				"メモ":"",
				"_markerType": "Icon",
				"_iconUrl": "https://maps.gsi.go.jp/portal/sys/v4/symbols/101.png",
				"_iconSize": [
					16,
					16
				],
				"_iconAnchor": [
					8,
					8
				]
			}
		},
		{
			"type": "Feature",
			"geometry": {
				"type": "Point",
				"coordinates": [
					 142.8567,
					 42.5201
				]
			},
			"properties": {
				"name": "JA8/HD-011(ルベツネ山)",
				"読み":"Rubetsunesan",
				"標高":"1727m 10pt ",
				"GL":"QN12km",
				"市郡区":"G#01080A / G#01060A ",
				"登山日":"",
				"メモ":"",
				"_markerType": "Icon",
				"_iconUrl": "https://maps.gsi.go.jp/portal/sys/v4/symbols/101.png",
				"_iconSize": [
					16,
					16
				],
				"_iconAnchor": [
					8,
					8
				]
			}
		},
		{
			"type": "Feature",
			"geometry": {
				"type": "Point",
				"coordinates": [
					 142.7405,
					 42.8444
				]
			},
			"properties": {
				"name": "JA8/HD-012(点1726)",
				"読み":"P1726",
				"標高":"1726m 10pt ",
				"GL":"QN12iu",
				"市郡区":"G#01018C / G#01031A ",
				"登山日":"",
				"メモ":"",
				"_markerType": "Icon",
				"_iconUrl": "https://maps.gsi.go.jp/portal/sys/v4/symbols/101.png",
				"_iconSize": [
					16,
					16
				],
				"_iconAnchor": [
					8,
					8
				]
			}
		},
		{
			"type": "Feature",
			"geometry": {
				"type": "Point",
				"coordinates": [
					 142.7407,
					 42.8995
				]
			},
			"properties": {
				"name": "JA8/HD-014(幌内岳(三角点))",
				"読み":"Horonaidake",
				"標高":"1695m 10pt ",
				"GL":"QN12iv",
				"市郡区":"G#01031A ",
				"登山日":"",
				"メモ":"",
				"_markerType": "Icon",
				"_iconUrl": "https://maps.gsi.go.jp/portal/sys/v4/symbols/101.png",
				"_iconSize": [
					16,
					16
				],
				"_iconAnchor": [
					8,
					8
				]
			}
		},
		{
			"type": "Feature",
			"geometry": {
				"type": "Point",
				"coordinates": [
					 142.6445,
					 42.7549
				]
			},
			"properties": {
				"name": "JA8/HD-015(点1630)",
				"読み":"P1630",
				"標高":"1630m 10pt ",
				"GL":"QN12hs",
				"市郡区":"G#01031B / G#01031A ",
				"登山日":"",
				"メモ":"",
				"_markerType": "Icon",
				"_iconUrl": "https://maps.gsi.go.jp/portal/sys/v4/symbols/101.png",
				"_iconSize": [
					16,
					16
				],
				"_iconAnchor": [
					8,
					8
				]
			}
		},
		{
			"type": "Feature",
			"geometry": {
				"type": "Point",
				"coordinates": [
					 142.9471,
					 42.4274
				]
			},
			"properties": {
				"name": "JA8/HD-016(ソエマツ岳)",
				"読み":"Soematsudake",
				"標高":"1625m 10pt ",
				"GL":"QN12lk",
				"市郡区":"G#01013A / G#01060A ",
				"登山日":"",
				"メモ":"",
				"_markerType": "Icon",
				"_iconUrl": "https://maps.gsi.go.jp/portal/sys/v4/symbols/101.png",
				"_iconSize": [
					16,
					16
				],
				"_iconAnchor": [
					8,
					8
				]
			}
		},
		{
			"type": "Feature",
			"geometry": {
				"type": "Point",
				"coordinates": [
					 142.9068,
					 42.4285
				]
			},
			"properties": {
				"name": "JA8/HD-017(神威岳)",
				"読み":"Kamuidake",
				"標高":"1600m 10pt ",
				"GL":"QN12kk",
				"市郡区":"G#01013A / G#01060A ",
				"登山日":"",
				"メモ":"",
				"_markerType": "Icon",
				"_iconUrl": "https://maps.gsi.go.jp/portal/sys/v4/symbols/101.png",
				"_iconSize": [
					16,
					16
				],
				"_iconAnchor": [
					8,
					8
				]
			}
		},
		{
			"type": "Feature",
			"geometry": {
				"type": "Point",
				"coordinates": [
					 142.6171,
					 42.7791
				]
			},
			"properties": {
				"name": "JA8/HD-018(二岐岳)",
				"読み":"Futamatadake",
				"標高":"1590m 10pt ",
				"GL":"QN12hs",
				"市郡区":"G#01031A / G#01031B ",
				"登山日":"",
				"メモ":"",
				"_markerType": "Icon",
				"_iconUrl": "https://maps.gsi.go.jp/portal/sys/v4/symbols/101.png",
				"_iconSize": [
					16,
					16
				],
				"_iconAnchor": [
					8,
					8
				]
			}
		},
		{
			"type": "Feature",
			"geometry": {
				"type": "Point",
				"coordinates": [
					 142.7594,
					 42.9425
				]
			},
			"properties": {
				"name": "JA8/HD-019(ペケレベツ岳)",
				"読み":"Pekerebetsudake",
				"標高":"1532m 10pt ",
				"GL":"QN12jw",
				"市郡区":"G#01022A / G#01031A ",
				"登山日":"",
				"メモ":"",
				"_markerType": "Icon",
				"_iconUrl": "https://maps.gsi.go.jp/portal/sys/v4/symbols/101.png",
				"_iconSize": [
					16,
					16
				],
				"_iconAnchor": [
					8,
					8
				]
			}
		},
		{
			"type": "Feature",
			"geometry": {
				"type": "Point",
				"coordinates": [
					 142.9998,
					 42.3715
				]
			},
			"properties": {
				"name": "JA8/HD-020(点1529)",
				"読み":"P1529",
				"標高":"1529m 10pt ",
				"GL":"QN12mi",
				"市郡区":"G#01060C / G#01060A / G#01013A",
				"登山日":"",
				"メモ":"",
				"_markerType": "Icon",
				"_iconUrl": "https://maps.gsi.go.jp/portal/sys/v4/symbols/101.png",
				"_iconSize": [
					16,
					16
				],
				"_iconAnchor": [
					8,
					8
				]
			}
		},
		{
			"type": "Feature",
			"geometry": {
				"type": "Point",
				"coordinates": [
					 142.6137,
					 42.7222
				]
			},
			"properties": {
				"name": "JA8/HD-021(ヌカンライ岳)",
				"読み":"Nukanraidake",
				"標高":"1518m 10pt ",
				"GL":"QN12hr",
				"市郡区":"G#01031B / G#01052A ",
				"登山日":"",
				"メモ":"",
				"_markerType": "Icon",
				"_iconUrl": "https://maps.gsi.go.jp/portal/sys/v4/symbols/101.png",
				"_iconSize": [
					16,
					16
				],
				"_iconAnchor": [
					8,
					8
				]
			}
		},
		{
			"type": "Feature",
			"geometry": {
				"type": "Point",
				"coordinates": [
					 142.6352,
					 42.8109
				]
			},
			"properties": {
				"name": "JA8/HD-022(点1505)",
				"読み":"P1505",
				"標高":"1505m 10pt ",
				"GL":"QN12ht",
				"市郡区":"G#01031A ",
				"登山日":"",
				"メモ":"",
				"_markerType": "Icon",
				"_iconUrl": "https://maps.gsi.go.jp/portal/sys/v4/symbols/101.png",
				"_iconSize": [
					16,
					16
				],
				"_iconAnchor": [
					8,
					8
				]
			}
		},
		{
			"type": "Feature",
			"geometry": {
				"type": "Point",
				"coordinates": [
					 142.6245,
					 42.8356
				]
			},
			"properties": {
				"name": "JA8/HD-023(春別岳)",
				"読み":"Shunbetsudake",
				"標高":"1491m 8pt ",
				"GL":"QN12hu",
				"市郡区":"G#01031A ",
				"登山日":"",
				"メモ":"",
				"_markerType": "Icon",
				"_iconUrl": "https://maps.gsi.go.jp/portal/sys/v4/symbols/104.png",
				"_iconSize": [
					16,
					16
				],
				"_iconAnchor": [
					8,
					8
				]
			}
		},
		{
			"type": "Feature",
			"geometry": {
				"type": "Point",
				"coordinates": [
					 143.0761,
					 42.2909
				]
			},
			"properties": {
				"name": "JA8/HD-024(十勝岳)",
				"読み":"Tokachidake",
				"標高":"1457m 8pt ",
				"GL":"QN12mg",
				"市郡区":"G#01013A / G#01060C ",
				"登山日":"",
				"メモ":"",
				"_markerType": "Icon",
				"_iconUrl": "https://maps.gsi.go.jp/portal/sys/v4/symbols/104.png",
				"_iconSize": [
					16,
					16
				],
				"_iconAnchor": [
					8,
					8
				]
			}
		},
		{
			"type": "Feature",
			"geometry": {
				"type": "Point",
				"coordinates": [
					 142.7426,
					 42.9639
				]
			},
			"properties": {
				"name": "JA8/HD-025(点1445)",
				"読み":"P1445",
				"標高":"1445m 8pt ",
				"GL":"QN12ix",
				"市郡区":"G#01031A ",
				"登山日":"",
				"メモ":"",
				"_markerType": "Icon",
				"_iconUrl": "https://maps.gsi.go.jp/portal/sys/v4/symbols/104.png",
				"_iconSize": [
					16,
					16
				],
				"_iconAnchor": [
					8,
					8
				]
			}
		},
		{
			"type": "Feature",
			"geometry": {
				"type": "Point",
				"coordinates": [
					 142.6958,
					 42.5518
				]
			},
			"properties": {
				"name": "JA8/HD-026(点1432)",
				"読み":"P1432",
				"標高":"1432m 8pt ",
				"GL":"QN12in",
				"市郡区":"G#01080A ",
				"登山日":"",
				"メモ":"",
				"_markerType": "Icon",
				"_iconUrl": "https://maps.gsi.go.jp/portal/sys/v4/symbols/104.png",
				"_iconSize": [
					16,
					16
				],
				"_iconAnchor": [
					8,
					8
				]
			}
		},
		{
			"type": "Feature",
			"geometry": {
				"type": "Point",
				"coordinates": [
					 142.7157,
					 42.9519
				]
			},
			"properties": {
				"name": "JA8/HD-027(沙流岳)",
				"読み":"Sarudake",
				"標高":"1422m 8pt ",
				"GL":"QN12iw",
				"市郡区":"G#01031A ",
				"登山日":"",
				"メモ":"",
				"_markerType": "Icon",
				"_iconUrl": "https://maps.gsi.go.jp/portal/sys/v4/symbols/104.png",
				"_iconSize": [
					16,
					16
				],
				"_iconAnchor": [
					8,
					8
				]
			}
		},
		{
			"type": "Feature",
			"geometry": {
				"type": "Point",
				"coordinates": [
					 142.6047,
					 42.8573
				]
			},
			"properties": {
				"name": "JA8/HD-028(点1385)",
				"読み":"P1385",
				"標高":"1385m 8pt ",
				"GL":"QN12hu",
				"市郡区":"G#01031A ",
				"登山日":"",
				"メモ":"",
				"_markerType": "Icon",
				"_iconUrl": "https://maps.gsi.go.jp/portal/sys/v4/symbols/104.png",
				"_iconSize": [
					16,
					16
				],
				"_iconAnchor": [
					8,
					8
				]
			}
		},
		{
			"type": "Feature",
			"geometry": {
				"type": "Point",
				"coordinates": [
					 142.7278,
					 43.0098
				]
			},
			"properties": {
				"name": "JA8/HD-029(点1383)",
				"読み":"P1383",
				"標高":"1383m 8pt ",
				"GL":"QN13ia",
				"市郡区":"G#01031A / G#01043C / G#01074A",
				"登山日":"",
				"メモ":"",
				"_markerType": "Icon",
				"_iconUrl": "https://maps.gsi.go.jp/portal/sys/v4/symbols/104.png",
				"_iconSize": [
					16,
					16
				],
				"_iconAnchor": [
					8,
					8
				]
			}
		},
		{
			"type": "Feature",
			"geometry": {
				"type": "Point",
				"coordinates": [
					 143.0548,
					 42.3093
				]
			},
			"properties": {
				"name": "JA8/HD-030(双子山(オムシャヌプリ))",
				"読み":"Futagoyama/Omusyanupuri",
				"標高":"1379m 8pt ",
				"GL":"QN12mh",
				"市郡区":"G#01060C / G#01013A ",
				"登山日":"",
				"メモ":"",
				"_markerType": "Icon",
				"_iconUrl": "https://maps.gsi.go.jp/portal/sys/v4/symbols/104.png",
				"_iconSize": [
					16,
					16
				],
				"_iconAnchor": [
					8,
					8
				]
			}
		},
		{
			"type": "Feature",
			"geometry": {
				"type": "Point",
				"coordinates": [
					 142.6619,
					 42.5702
				]
			},
			"properties": {
				"name": "JA8/HD-031(大山)",
				"読み":"Daisen",
				"標高":"1361m 8pt ",
				"GL":"QN12hn",
				"市郡区":"G#01080A ",
				"登山日":"",
				"メモ":"",
				"_markerType": "Icon",
				"_iconUrl": "https://maps.gsi.go.jp/portal/sys/v4/symbols/104.png",
				"_iconSize": [
					16,
					16
				],
				"_iconAnchor": [
					8,
					8
				]
			}
		},
		{
			"type": "Feature",
			"geometry": {
				"type": "Point",
				"coordinates": [
					 142.9355,
					 42.3862
				]
			},
			"properties": {
				"name": "JA8/HD-032(春別山)",
				"読み":"Shunbetsuzan",
				"標高":"1350m 8pt ",
				"GL":"QN12lj",
				"市郡区":"G#01013A ",
				"登山日":"",
				"メモ":"",
				"_markerType": "Icon",
				"_iconUrl": "https://maps.gsi.go.jp/portal/sys/v4/symbols/104.png",
				"_iconSize": [
					16,
					16
				],
				"_iconAnchor": [
					8,
					8
				]
			}
		},
		{
			"type": "Feature",
			"geometry": {
				"type": "Point",
				"coordinates": [
					 142.5073,
					 42.7824
				]
			},
			"properties": {
				"name": "JA8/HD-033(糠平山)",
				"読み":"Nukabirayama",
				"標高":"1350m 8pt ",
				"GL":"QN12gs",
				"市郡区":"G#01031B / G#01031A ",
				"登山日":"",
				"メモ":"",
				"_markerType": "Icon",
				"_iconUrl": "https://maps.gsi.go.jp/portal/sys/v4/symbols/104.png",
				"_iconSize": [
					16,
					16
				],
				"_iconAnchor": [
					8,
					8
				]
			}
		},
		{
			"type": "Feature",
			"geometry": {
				"type": "Point",
				"coordinates": [
					 142.49,
					 42.643
				]
			},
			"properties": {
				"name": "JA8/HD-034(貫気別山)",
				"読み":"Nukkibeetsuyama",
				"標高":"1318m 8pt ",
				"GL":"QN12fp",
				"市郡区":"G#01031B ",
				"登山日":"",
				"メモ":"",
				"_markerType": "Icon",
				"_iconUrl": "https://maps.gsi.go.jp/portal/sys/v4/symbols/104.png",
				"_iconSize": [
					16,
					16
				],
				"_iconAnchor": [
					8,
					8
				]
			}
		},
		{
			"type": "Feature",
			"geometry": {
				"type": "Point",
				"coordinates": [
					 142.8391,
					 42.4938
				]
			},
			"properties": {
				"name": "JA8/HD-035(点1293)",
				"読み":"P1293",
				"標高":"1293m 8pt ",
				"GL":"QN12kl",
				"市郡区":"G#01080A ",
				"登山日":"",
				"メモ":"",
				"_markerType": "Icon",
				"_iconUrl": "https://maps.gsi.go.jp/portal/sys/v4/symbols/104.png",
				"_iconSize": [
					16,
					16
				],
				"_iconAnchor": [
					8,
					8
				]
			}
		},
		{
			"type": "Feature",
			"geometry": {
				"type": "Point",
				"coordinates": [
					 142.9925,
					 42.3137
				]
			},
			"properties": {
				"name": "JA8/HD-036(士萬山(三角点))",
				"読み":"Shimanyama",
				"標高":"1233m 8pt ",
				"GL":"QN12lh",
				"市郡区":"G#01013A ",
				"登山日":"",
				"メモ":"",
				"_markerType": "Icon",
				"_iconUrl": "https://maps.gsi.go.jp/portal/sys/v4/symbols/104.png",
				"_iconSize": [
					16,
					16
				],
				"_iconAnchor": [
					8,
					8
				]
			}
		},
		{
			"type": "Feature",
			"geometry": {
				"type": "Point",
				"coordinates": [
					 142.615,
					 42.8894
				]
			},
			"properties": {
				"name": "JA8/HD-037(点1210)",
				"読み":"P1210",
				"標高":"1210m 8pt ",
				"GL":"QN12hv",
				"市郡区":"G#01031A ",
				"登山日":"",
				"メモ":"",
				"_markerType": "Icon",
				"_iconUrl": "https://maps.gsi.go.jp/portal/sys/v4/symbols/104.png",
				"_iconSize": [
					16,
					16
				],
				"_iconAnchor": [
					8,
					8
				]
			}
		},
		{
			"type": "Feature",
			"geometry": {
				"type": "Point",
				"coordinates": [
					 142.6356,
					 42.948
				]
			},
			"properties": {
				"name": "JA8/HD-038(点1190)",
				"読み":"P1190",
				"標高":"1190m 8pt ",
				"GL":"QN12hw",
				"市郡区":"G#01031A ",
				"登山日":"",
				"メモ":"",
				"_markerType": "Icon",
				"_iconUrl": "https://maps.gsi.go.jp/portal/sys/v4/symbols/104.png",
				"_iconSize": [
					16,
					16
				],
				"_iconAnchor": [
					8,
					8
				]
			}
		},
		{
			"type": "Feature",
			"geometry": {
				"type": "Point",
				"coordinates": [
					 142.7957,
					 42.4358
				]
			},
			"properties": {
				"name": "JA8/HD-039(ピリガイ山)",
				"読み":"Pirigaiyama",
				"標高":"1167m 8pt ",
				"GL":"QN12jk",
				"市郡区":"G#01013A / G#01080A ",
				"登山日":"",
				"メモ":"",
				"_markerType": "Icon",
				"_iconUrl": "https://maps.gsi.go.jp/portal/sys/v4/symbols/104.png",
				"_iconSize": [
					16,
					16
				],
				"_iconAnchor": [
					8,
					8
				]
			}
		},
		{
			"type": "Feature",
			"geometry": {
				"type": "Point",
				"coordinates": [
					 142.5349,
					 42.7859
				]
			},
			"properties": {
				"name": "JA8/HD-040(点1122)",
				"読み":"P1122",
				"標高":"1122m 8pt ",
				"GL":"QN12gs",
				"市郡区":"G#01031B ",
				"登山日":"",
				"メモ":"",
				"_markerType": "Icon",
				"_iconUrl": "https://maps.gsi.go.jp/portal/sys/v4/symbols/104.png",
				"_iconSize": [
					16,
					16
				],
				"_iconAnchor": [
					8,
					8
				]
			}
		},
		{
			"type": "Feature",
			"geometry": {
				"type": "Point",
				"coordinates": [
					 143.233,
					 42.077
				]
			},
			"properties": {
				"name": "JA8/HD-041(豊似岳)",
				"読み":"Toyonidake",
				"標高":"1105m 8pt ",
				"GL":"QN12ob",
				"市郡区":"G#01064A ",
				"登山日":"",
				"メモ":"",
				"_markerType": "Icon",
				"_iconUrl": "https://maps.gsi.go.jp/portal/sys/v4/symbols/104.png",
				"_iconSize": [
					16,
					16
				],
				"_iconAnchor": [
					8,
					8
				]
			}
		},
		{
			"type": "Feature",
			"geometry": {
				"type": "Point",
				"coordinates": [
					 142.6153,
					 42.4946
				]
			},
			"properties": {
				"name": "JA8/HD-042(比布山(三角点))",
				"読み":"Pippusan",
				"標高":"1100m 8pt ",
				"GL":"QN12hl",
				"市郡区":"G#01080A ",
				"登山日":"",
				"メモ":"",
				"_markerType": "Icon",
				"_iconUrl": "https://maps.gsi.go.jp/portal/sys/v4/symbols/104.png",
				"_iconSize": [
					16,
					16
				],
				"_iconAnchor": [
					8,
					8
				]
			}
		},
		{
			"type": "Feature",
			"geometry": {
				"type": "Point",
				"coordinates": [
					 142.4503,
					 42.7568
				]
			},
			"properties": {
				"name": "JA8/HD-043(弓部(三角点))",
				"読み":"Yumibe",
				"標高":"1095m 6pt ",
				"GL":"QN12fs",
				"市郡区":"G#01031B ",
				"登山日":"",
				"メモ":"",
				"_markerType": "Icon",
				"_iconUrl": "https://maps.gsi.go.jp/portal/sys/v4/symbols/103.png",
				"_iconSize": [
					16,
					16
				],
				"_iconAnchor": [
					8,
					8
				]
			}
		},
		{
			"type": "Feature",
			"geometry": {
				"type": "Point",
				"coordinates": [
					 142.5817,
					 42.7929
				]
			},
			"properties": {
				"name": "JA8/HD-044(点1082)",
				"読み":"P1082",
				"標高":"1082m 6pt ",
				"GL":"QN12gt",
				"市郡区":"G#01031A / G#01031B ",
				"登山日":"",
				"メモ":"",
				"_markerType": "Icon",
				"_iconUrl": "https://maps.gsi.go.jp/portal/sys/v4/symbols/103.png",
				"_iconSize": [
					16,
					16
				],
				"_iconAnchor": [
					8,
					8
				]
			}
		},
		{
			"type": "Feature",
			"geometry": {
				"type": "Point",
				"coordinates": [
					 142.6377,
					 42.4136
				]
			},
			"properties": {
				"name": "JA8/HD-045(比瀬内山(三角点))",
				"読み":"Hiseuchiyama",
				"標高":"1027m 6pt ",
				"GL":"QN12hj",
				"市郡区":"G#01080A ",
				"登山日":"",
				"メモ":"",
				"_markerType": "Icon",
				"_iconUrl": "https://maps.gsi.go.jp/portal/sys/v4/symbols/103.png",
				"_iconSize": [
					16,
					16
				],
				"_iconAnchor": [
					8,
					8
				]
			}
		},
		{
			"type": "Feature",
			"geometry": {
				"type": "Point",
				"coordinates": [
					 142.3131,
					 42.847
				]
			},
			"properties": {
				"name": "JA8/HD-046(ハッタオマナイ岳)",
				"読み":"Hattaomanaidake",
				"標高":"1021m 6pt ",
				"GL":"QN12du",
				"市郡区":"G#01031B ",
				"登山日":"",
				"メモ":"",
				"_markerType": "Icon",
				"_iconUrl": "https://maps.gsi.go.jp/portal/sys/v4/symbols/103.png",
				"_iconSize": [
					16,
					16
				],
				"_iconAnchor": [
					8,
					8
				]
			}
		},
		{
			"type": "Feature",
			"geometry": {
				"type": "Point",
				"coordinates": [
					 142.5252,
					 42.7198
				]
			},
			"properties": {
				"name": "JA8/HD-047(寿都似山)",
				"読み":"Settsuniyama",
				"標高":"1011m 6pt ",
				"GL":"QN12gr",
				"市郡区":"G#01031B ",
				"登山日":"",
				"メモ":"",
				"_markerType": "Icon",
				"_iconUrl": "https://maps.gsi.go.jp/portal/sys/v4/symbols/103.png",
				"_iconSize": [
					16,
					16
				],
				"_iconAnchor": [
					8,
					8
				]
			}
		},
		{
			"type": "Feature",
			"geometry": {
				"type": "Point",
				"coordinates": [
					 142.5469,
					 42.7068
				]
			},
			"properties": {
				"name": "JA8/HD-049(点1003)",
				"読み":"P1003",
				"標高":"1003m 6pt ",
				"GL":"QN12gq",
				"市郡区":"G#01031B ",
				"登山日":"",
				"メモ":"",
				"_markerType": "Icon",
				"_iconUrl": "https://maps.gsi.go.jp/portal/sys/v4/symbols/103.png",
				"_iconSize": [
					16,
					16
				],
				"_iconAnchor": [
					8,
					8
				]
			}
		},
		{
			"type": "Feature",
			"geometry": {
				"type": "Point",
				"coordinates": [
					 142.5653,
					 42.5762
				]
			},
			"properties": {
				"name": "JA8/HD-050(オロエナイ)",
				"読み":"Oroenai",
				"標高":"977m 6pt ",
				"GL":"QN12gn",
				"市郡区":"G#01080A / G#01052A ",
				"登山日":"",
				"メモ":"",
				"_markerType": "Icon",
				"_iconUrl": "https://maps.gsi.go.jp/portal/sys/v4/symbols/103.png",
				"_iconSize": [
					16,
					16
				],
				"_iconAnchor": [
					8,
					8
				]
			}
		},
		{
			"type": "Feature",
			"geometry": {
				"type": "Point",
				"coordinates": [
					 142.4483,
					 42.8009
				]
			},
			"properties": {
				"name": "JA8/HD-051(岩内岳)",
				"読み":"Iwanaidake",
				"標高":"964m 6pt ",
				"GL":"QN12ft",
				"市郡区":"G#01031A ",
				"登山日":"",
				"メモ":"",
				"_markerType": "Icon",
				"_iconUrl": "https://maps.gsi.go.jp/portal/sys/v4/symbols/103.png",
				"_iconSize": [
					16,
					16
				],
				"_iconAnchor": [
					8,
					8
				]
			}
		},
		{
			"type": "Feature",
			"geometry": {
				"type": "Point",
				"coordinates": [
					 142.5821,
					 42.656
				]
			},
			"properties": {
				"name": "JA8/HD-052(幸内山(三角点))",
				"読み":"Kounaisan",
				"標高":"959m 6pt ",
				"GL":"QN12gp",
				"市郡区":"G#01052A ",
				"登山日":"",
				"メモ":"",
				"_markerType": "Icon",
				"_iconUrl": "https://maps.gsi.go.jp/portal/sys/v4/symbols/103.png",
				"_iconSize": [
					16,
					16
				],
				"_iconAnchor": [
					8,
					8
				]
			}
		},
		{
			"type": "Feature",
			"geometry": {
				"type": "Point",
				"coordinates": [
					 143.0647,
					 42.2267
				]
			},
			"properties": {
				"name": "JA8/HD-054(班計(三角点))",
				"読み":"Panke",
				"標高":"949m 6pt ",
				"GL":"QN12mf",
				"市郡区":"G#01030A / G#01013A ",
				"登山日":"",
				"メモ":"",
				"_markerType": "Icon",
				"_iconUrl": "https://maps.gsi.go.jp/portal/sys/v4/symbols/103.png",
				"_iconSize": [
					16,
					16
				],
				"_iconAnchor": [
					8,
					8
				]
			}
		},
		{
			"type": "Feature",
			"geometry": {
				"type": "Point",
				"coordinates": [
					 142.5207,
					 42.693
				]
			},
			"properties": {
				"name": "JA8/HD-055(点944)",
				"読み":"P944",
				"標高":"944m 6pt ",
				"GL":"QN12gq",
				"市郡区":"G#01031B ",
				"登山日":"",
				"メモ":"",
				"_markerType": "Icon",
				"_iconUrl": "https://maps.gsi.go.jp/portal/sys/v4/symbols/103.png",
				"_iconSize": [
					16,
					16
				],
				"_iconAnchor": [
					8,
					8
				]
			}
		},
		{
			"type": "Feature",
			"geometry": {
				"type": "Point",
				"coordinates": [
					 143.173,
					 42.1675
				]
			},
			"properties": {
				"name": "JA8/HD-056(点936)",
				"読み":"P936",
				"標高":"936m 6pt ",
				"GL":"QN12oe",
				"市郡区":"G#01030A / G#01064A ",
				"登山日":"",
				"メモ":"",
				"_markerType": "Icon",
				"_iconUrl": "https://maps.gsi.go.jp/portal/sys/v4/symbols/103.png",
				"_iconSize": [
					16,
					16
				],
				"_iconAnchor": [
					8,
					8
				]
			}
		},
		{
			"type": "Feature",
			"geometry": {
				"type": "Point",
				"coordinates": [
					 142.7677,
					 42.489
				]
			},
			"properties": {
				"name": "JA8/HD-057(辺天狩別(三角点))",
				"読み":"Petegaribetsu",
				"標高":"910m 6pt ",
				"GL":"QN12jl",
				"市郡区":"G#01080A ",
				"登山日":"",
				"メモ":"",
				"_markerType": "Icon",
				"_iconUrl": "https://maps.gsi.go.jp/portal/sys/v4/symbols/103.png",
				"_iconSize": [
					16,
					16
				],
				"_iconAnchor": [
					8,
					8
				]
			}
		},
		{
			"type": "Feature",
			"geometry": {
				"type": "Point",
				"coordinates": [
					 142.4757,
					 42.7044
				]
			},
			"properties": {
				"name": "JA8/HD-058(於曽牛山)",
				"読み":"Osoushiyama",
				"標高":"898m 6pt ",
				"GL":"QN12fq",
				"市郡区":"G#01031B ",
				"登山日":"",
				"メモ":"",
				"_markerType": "Icon",
				"_iconUrl": "https://maps.gsi.go.jp/portal/sys/v4/symbols/103.png",
				"_iconSize": [
					16,
					16
				],
				"_iconAnchor": [
					8,
					8
				]
			}
		},
		{
			"type": "Feature",
			"geometry": {
				"type": "Point",
				"coordinates": [
					 142.5607,
					 42.5348
				]
			},
			"properties": {
				"name": "JA8/HD-059(幌井内(三角点))",
				"読み":"Horoinai",
				"標高":"891m 6pt ",
				"GL":"QN12gm",
				"市郡区":"G#01052A / G#01080A ",
				"登山日":"",
				"メモ":"",
				"_markerType": "Icon",
				"_iconUrl": "https://maps.gsi.go.jp/portal/sys/v4/symbols/103.png",
				"_iconSize": [
					16,
					16
				],
				"_iconAnchor": [
					8,
					8
				]
			}
		},
		{
			"type": "Feature",
			"geometry": {
				"type": "Point",
				"coordinates": [
					 142.5373,
					 42.4884
				]
			},
			"properties": {
				"name": "JA8/HD-060(送別(三角点))",
				"読み":"Okuribetsu",
				"標高":"886m 6pt ",
				"GL":"QN12gl",
				"市郡区":"G#01080A / G#01052A ",
				"登山日":"",
				"メモ":"",
				"_markerType": "Icon",
				"_iconUrl": "https://maps.gsi.go.jp/portal/sys/v4/symbols/103.png",
				"_iconSize": [
					16,
					16
				],
				"_iconAnchor": [
					8,
					8
				]
			}
		},
		{
			"type": "Feature",
			"geometry": {
				"type": "Point",
				"coordinates": [
					 142.4717,
					 42.693
				]
			},
			"properties": {
				"name": "JA8/HD-061(点884)",
				"読み":"P884",
				"標高":"884m 6pt ",
				"GL":"QN12fq",
				"市郡区":"G#01031B ",
				"登山日":"",
				"メモ":"",
				"_markerType": "Icon",
				"_iconUrl": "https://maps.gsi.go.jp/portal/sys/v4/symbols/103.png",
				"_iconSize": [
					16,
					16
				],
				"_iconAnchor": [
					8,
					8
				]
			}
		},
		{
			"type": "Feature",
			"geometry": {
				"type": "Point",
				"coordinates": [
					 142.6443,
					 42.3851
				]
			},
			"properties": {
				"name": "JA8/HD-062(点879(比良志毛(三角点)近傍))",
				"読み":"P879",
				"標高":"879m 6pt ",
				"GL":"QN12hj",
				"市郡区":"G#01080A ",
				"登山日":"",
				"メモ":"",
				"_markerType": "Icon",
				"_iconUrl": "https://maps.gsi.go.jp/portal/sys/v4/symbols/103.png",
				"_iconSize": [
					16,
					16
				],
				"_iconAnchor": [
					8,
					8
				]
			}
		},
		{
			"type": "Feature",
			"geometry": {
				"type": "Point",
				"coordinates": [
					 143.1557,
					 42.0947
				]
			},
			"properties": {
				"name": "JA8/HD-063(袴腰山)",
				"読み":"Hakamagoshiyama",
				"標高":"872m 6pt ",
				"GL":"QN12nc",
				"市郡区":"G#01030A ",
				"登山日":"",
				"メモ":"",
				"_markerType": "Icon",
				"_iconUrl": "https://maps.gsi.go.jp/portal/sys/v4/symbols/103.png",
				"_iconSize": [
					16,
					16
				],
				"_iconAnchor": [
					8,
					8
				]
			}
		},
		{
			"type": "Feature",
			"geometry": {
				"type": "Point",
				"coordinates": [
					 142.7324,
					 42.4448
				]
			},
			"properties": {
				"name": "JA8/HD-064(セタウシ山)",
				"読み":"Setaushiyama",
				"標高":"865m 6pt ",
				"GL":"QN12ik",
				"市郡区":"G#01080A ",
				"登山日":"",
				"メモ":"",
				"_markerType": "Icon",
				"_iconUrl": "https://maps.gsi.go.jp/portal/sys/v4/symbols/103.png",
				"_iconSize": [
					16,
					16
				],
				"_iconAnchor": [
					8,
					8
				]
			}
		},
		{
			"type": "Feature",
			"geometry": {
				"type": "Point",
				"coordinates": [
					 142.8581,
					 42.3424
				]
			},
			"properties": {
				"name": "JA8/HD-065(点864)",
				"読み":"P864",
				"標高":"864m 6pt ",
				"GL":"QN12ki",
				"市郡区":"G#01013A ",
				"登山日":"",
				"メモ":"",
				"_markerType": "Icon",
				"_iconUrl": "https://maps.gsi.go.jp/portal/sys/v4/symbols/103.png",
				"_iconSize": [
					16,
					16
				],
				"_iconAnchor": [
					8,
					8
				]
			}
		},
		{
			"type": "Feature",
			"geometry": {
				"type": "Point",
				"coordinates": [
					 142.5469,
					 42.663
				]
			},
			"properties": {
				"name": "JA8/HD-066(点859)",
				"読み":"P859",
				"標高":"859m 6pt ",
				"GL":"QN12gp",
				"市郡区":"G#01052A / G#01031B ",
				"登山日":"",
				"メモ":"",
				"_markerType": "Icon",
				"_iconUrl": "https://maps.gsi.go.jp/portal/sys/v4/symbols/103.png",
				"_iconSize": [
					16,
					16
				],
				"_iconAnchor": [
					8,
					8
				]
			}
		},
		{
			"type": "Feature",
			"geometry": {
				"type": "Point",
				"coordinates": [
					 143.1487,
					 42.1833
				]
			},
			"properties": {
				"name": "JA8/HD-067(錐舟山(三角点))",
				"読み":"Kirifuneyama",
				"標高":"852m 6pt ",
				"GL":"QN12ne",
				"市郡区":"G#01030A ",
				"登山日":"",
				"メモ":"",
				"_markerType": "Icon",
				"_iconUrl": "https://maps.gsi.go.jp/portal/sys/v4/symbols/103.png",
				"_iconSize": [
					16,
					16
				],
				"_iconAnchor": [
					8,
					8
				]
			}
		},
		{
			"type": "Feature",
			"geometry": {
				"type": "Point",
				"coordinates": [
					 142.8743,
					 42.3542
				]
			},
			"properties": {
				"name": "JA8/HD-068(点810)",
				"読み":"P810",
				"標高":"810m 4pt ",
				"GL":"QN12ki",
				"市郡区":"G#01013A ",
				"登山日":"",
				"メモ":"",
				"_markerType": "Icon",
				"_iconUrl": "https://maps.gsi.go.jp/portal/sys/v4/symbols/828.png",
				"_iconSize": [
					16,
					16
				],
				"_iconAnchor": [
					8,
					8
				]
			}
		},
		{
			"type": "Feature",
			"geometry": {
				"type": "Point",
				"coordinates": [
					 142.5036,
					 42.4776
				]
			},
			"properties": {
				"name": "JA8/HD-069(笹山)",
				"読み":"Sasayama",
				"標高":"806m 4pt ",
				"GL":"QN12gl",
				"市郡区":"G#01080A / G#01052A ",
				"登山日":"",
				"メモ":"",
				"_markerType": "Icon",
				"_iconUrl": "https://maps.gsi.go.jp/portal/sys/v4/symbols/828.png",
				"_iconSize": [
					16,
					16
				],
				"_iconAnchor": [
					8,
					8
				]
			}
		},
		{
			"type": "Feature",
			"geometry": {
				"type": "Point",
				"coordinates": [
					 143.0983,
					 42.2039
				]
			},
			"properties": {
				"name": "JA8/HD-070(弁毛山(三角点))",
				"読み":"Benkeyama",
				"標高":"786m 4pt ",
				"GL":"QN12ne",
				"市郡区":"G#01030A ",
				"登山日":"",
				"メモ":"",
				"_markerType": "Icon",
				"_iconUrl": "https://maps.gsi.go.jp/portal/sys/v4/symbols/828.png",
				"_iconSize": [
					16,
					16
				],
				"_iconAnchor": [
					8,
					8
				]
			}
		},
		{
			"type": "Feature",
			"geometry": {
				"type": "Point",
				"coordinates": [
					 143.0604,
					 42.1823
				]
			},
			"properties": {
				"name": "JA8/HD-071(二冬山(三角点))",
				"読み":"Futafuyuyama",
				"標高":"780m 4pt ",
				"GL":"QN12me",
				"市郡区":"G#01030A ",
				"登山日":"",
				"メモ":"",
				"_markerType": "Icon",
				"_iconUrl": "https://maps.gsi.go.jp/portal/sys/v4/symbols/828.png",
				"_iconSize": [
					16,
					16
				],
				"_iconAnchor": [
					8,
					8
				]
			}
		},
		{
			"type": "Feature",
			"geometry": {
				"type": "Point",
				"coordinates": [
					 142.5887,
					 42.4611
				]
			},
			"properties": {
				"name": "JA8/HD-072(点763)",
				"読み":"P763",
				"標高":"763m 4pt ",
				"GL":"QN12hl",
				"市郡区":"G#01080A ",
				"登山日":"",
				"メモ":"",
				"_markerType": "Icon",
				"_iconUrl": "https://maps.gsi.go.jp/portal/sys/v4/symbols/828.png",
				"_iconSize": [
					16,
					16
				],
				"_iconAnchor": [
					8,
					8
				]
			}
		},
		{
			"type": "Feature",
			"geometry": {
				"type": "Point",
				"coordinates": [
					 142.8239,
					 42.4645
				]
			},
			"properties": {
				"name": "JA8/HD-073(点743)",
				"読み":"P743",
				"標高":"743m 4pt ",
				"GL":"QN12jl",
				"市郡区":"G#01080A ",
				"登山日":"",
				"メモ":"",
				"_markerType": "Icon",
				"_iconUrl": "https://maps.gsi.go.jp/portal/sys/v4/symbols/828.png",
				"_iconSize": [
					16,
					16
				],
				"_iconAnchor": [
					8,
					8
				]
			}
		},
		{
			"type": "Feature",
			"geometry": {
				"type": "Point",
				"coordinates": [
					 142.3162,
					 42.7722
				]
			},
			"properties": {
				"name": "JA8/HD-074(振内山)",
				"読み":"Furenaiyama",
				"標高":"740m 4pt ",
				"GL":"QN12ds",
				"市郡区":"G#01031B ",
				"登山日":"",
				"メモ":"",
				"_markerType": "Icon",
				"_iconUrl": "https://maps.gsi.go.jp/portal/sys/v4/symbols/828.png",
				"_iconSize": [
					16,
					16
				],
				"_iconAnchor": [
					8,
					8
				]
			}
		},
		{
			"type": "Feature",
			"geometry": {
				"type": "Point",
				"coordinates": [
					 142.5845,
					 42.3404
				]
			},
			"properties": {
				"name": "JA8/HD-075(点730(北横山近傍))",
				"読み":"P730",
				"標高":"730m 4pt ",
				"GL":"QN12hi",
				"市郡区":"G#01080A ",
				"登山日":"",
				"メモ":"",
				"_markerType": "Icon",
				"_iconUrl": "https://maps.gsi.go.jp/portal/sys/v4/symbols/828.png",
				"_iconSize": [
					16,
					16
				],
				"_iconAnchor": [
					8,
					8
				]
			}
		},
		{
			"type": "Feature",
			"geometry": {
				"type": "Point",
				"coordinates": [
					 143.218,
					 42.1378
				]
			},
			"properties": {
				"name": "JA8/HD-076(登沢(三角点))",
				"読み":"Noborizawa",
				"標高":"720m 4pt ",
				"GL":"QN12od",
				"市郡区":"G#01064A ",
				"登山日":"",
				"メモ":"",
				"_markerType": "Icon",
				"_iconUrl": "https://maps.gsi.go.jp/portal/sys/v4/symbols/828.png",
				"_iconSize": [
					16,
					16
				],
				"_iconAnchor": [
					8,
					8
				]
			}
		},
		{
			"type": "Feature",
			"geometry": {
				"type": "Point",
				"coordinates": [
					 142.5484,
					 42.3822
				]
			},
			"properties": {
				"name": "JA8/HD-077(ペラリ山)",
				"読み":"Perariyama",
				"標高":"718m 4pt ",
				"GL":"QN12gj",
				"市郡区":"G#01080A ",
				"登山日":"",
				"メモ":"",
				"_markerType": "Icon",
				"_iconUrl": "https://maps.gsi.go.jp/portal/sys/v4/symbols/828.png",
				"_iconSize": [
					16,
					16
				],
				"_iconAnchor": [
					8,
					8
				]
			}
		},
		{
			"type": "Feature",
			"geometry": {
				"type": "Point",
				"coordinates": [
					 142.4015,
					 42.8432
				]
			},
			"properties": {
				"name": "JA8/HD-078(点717)",
				"読み":"P717",
				"標高":"717m 4pt ",
				"GL":"QN12eu",
				"市郡区":"G#01031A / G#01031B ",
				"登山日":"",
				"メモ":"",
				"_markerType": "Icon",
				"_iconUrl": "https://maps.gsi.go.jp/portal/sys/v4/symbols/828.png",
				"_iconSize": [
					16,
					16
				],
				"_iconAnchor": [
					8,
					8
				]
			}
		},
		{
			"type": "Feature",
			"geometry": {
				"type": "Point",
				"coordinates": [
					 142.9396,
					 42.2052
				]
			},
			"properties": {
				"name": "JA8/HD-079(金山(三角点))",
				"読み":"Kanayama",
				"標高":"706m 4pt ",
				"GL":"QN12le",
				"市郡区":"G#01030A / G#01013A ",
				"登山日":"",
				"メモ":"",
				"_markerType": "Icon",
				"_iconUrl": "https://maps.gsi.go.jp/portal/sys/v4/symbols/828.png",
				"_iconSize": [
					16,
					16
				],
				"_iconAnchor": [
					8,
					8
				]
			}
		},
		{
			"type": "Feature",
			"geometry": {
				"type": "Point",
				"coordinates": [
					 142.9338,
					 42.2903
				]
			},
			"properties": {
				"name": "JA8/HD-080(点703(利居山(三角点)近傍))",
				"読み":"P703",
				"標高":"703m 4pt ",
				"GL":"QN12lg",
				"市郡区":"G#01013A ",
				"登山日":"",
				"メモ":"",
				"_markerType": "Icon",
				"_iconUrl": "https://maps.gsi.go.jp/portal/sys/v4/symbols/828.png",
				"_iconSize": [
					16,
					16
				],
				"_iconAnchor": [
					8,
					8
				]
			}
		},
		{
			"type": "Feature",
			"geometry": {
				"type": "Point",
				"coordinates": [
					 143.1194,
					 42.1489
				]
			},
			"properties": {
				"name": "JA8/HD-081(若櫛内(三角点))",
				"読み":"Wakabushinai",
				"標高":"693m 4pt ",
				"GL":"QN12nd",
				"市郡区":"G#01030A ",
				"登山日":"",
				"メモ":"",
				"_markerType": "Icon",
				"_iconUrl": "https://maps.gsi.go.jp/portal/sys/v4/symbols/828.png",
				"_iconSize": [
					16,
					16
				],
				"_iconAnchor": [
					8,
					8
				]
			}
		},
		{
			"type": "Feature",
			"geometry": {
				"type": "Point",
				"coordinates": [
					 142.736,
					 42.5331
				]
			},
			"properties": {
				"name": "JA8/HD-082(点687)",
				"読み":"P687",
				"標高":"687m 4pt ",
				"GL":"QN12im",
				"市郡区":"G#01080A ",
				"登山日":"",
				"メモ":"",
				"_markerType": "Icon",
				"_iconUrl": "https://maps.gsi.go.jp/portal/sys/v4/symbols/828.png",
				"_iconSize": [
					16,
					16
				],
				"_iconAnchor": [
					8,
					8
				]
			}
		},
		{
			"type": "Feature",
			"geometry": {
				"type": "Point",
				"coordinates": [
					 142.7893,
					 42.383
				]
			},
			"properties": {
				"name": "JA8/HD-083(点686)",
				"読み":"P686",
				"標高":"686m 4pt ",
				"GL":"QN12jj",
				"市郡区":"G#01080A / G#01013A ",
				"登山日":"",
				"メモ":"",
				"_markerType": "Icon",
				"_iconUrl": "https://maps.gsi.go.jp/portal/sys/v4/symbols/828.png",
				"_iconSize": [
					16,
					16
				],
				"_iconAnchor": [
					8,
					8
				]
			}
		},
		{
			"type": "Feature",
			"geometry": {
				"type": "Point",
				"coordinates": [
					 143.0618,
					 42.0956
				]
			},
			"properties": {
				"name": "JA8/HD-084(幌満山(三角点))",
				"読み":"Horomanyama",
				"標高":"685m 4pt ",
				"GL":"QN12mc",
				"市郡区":"G#01030A ",
				"登山日":"",
				"メモ":"",
				"_markerType": "Icon",
				"_iconUrl": "https://maps.gsi.go.jp/portal/sys/v4/symbols/828.png",
				"_iconSize": [
					16,
					16
				],
				"_iconAnchor": [
					8,
					8
				]
			}
		},
		{
			"type": "Feature",
			"geometry": {
				"type": "Point",
				"coordinates": [
					 142.8774,
					 42.2903
				]
			},
			"properties": {
				"name": "JA8/HD-085(点674)",
				"読み":"P674",
				"標高":"674m 4pt ",
				"GL":"QN12kg",
				"市郡区":"G#01013A ",
				"登山日":"",
				"メモ":"",
				"_markerType": "Icon",
				"_iconUrl": "https://maps.gsi.go.jp/portal/sys/v4/symbols/828.png",
				"_iconSize": [
					16,
					16
				],
				"_iconAnchor": [
					8,
					8
				]
			}
		},
		{
			"type": "Feature",
			"geometry": {
				"type": "Point",
				"coordinates": [
					 142.9744,
					 42.2705
				]
			},
			"properties": {
				"name": "JA8/HD-086(点625)",
				"読み":"P625",
				"標高":"625m 2pt ",
				"GL":"QN12lg",
				"市郡区":"G#01013A ",
				"登山日":"",
				"メモ":"",
				"_markerType": "Icon",
				"_iconUrl": "https://maps.gsi.go.jp/portal/sys/v4/symbols/102.png",
				"_iconSize": [
					16,
					16
				],
				"_iconAnchor": [
					8,
					8
				]
			}
		},
		{
			"type": "Feature",
			"geometry": {
				"type": "Point",
				"coordinates": [
					 142.8995,
					 42.3064
				]
			},
			"properties": {
				"name": "JA8/HD-087(点616)",
				"読み":"P616",
				"標高":"616m 2pt ",
				"GL":"QN12kh",
				"市郡区":"G#01013A ",
				"登山日":"",
				"メモ":"",
				"_markerType": "Icon",
				"_iconUrl": "https://maps.gsi.go.jp/portal/sys/v4/symbols/102.png",
				"_iconSize": [
					16,
					16
				],
				"_iconAnchor": [
					8,
					8
				]
			}
		},
		{
			"type": "Feature",
			"geometry": {
				"type": "Point",
				"coordinates": [
					 142.3957,
					 42.6006
				]
			},
			"properties": {
				"name": "JA8/HD-088(ヌモトル山)",
				"読み":"Numotoruyama",
				"標高":"613m 2pt ",
				"GL":"QN12eo",
				"市郡区":"G#01031A ",
				"登山日":"",
				"メモ":"",
				"_markerType": "Icon",
				"_iconUrl": "https://maps.gsi.go.jp/portal/sys/v4/symbols/102.png",
				"_iconSize": [
					16,
					16
				],
				"_iconAnchor": [
					8,
					8
				]
			}
		},
		{
			"type": "Feature",
			"geometry": {
				"type": "Point",
				"coordinates": [
					 142.7015,
					 42.3606
				]
			},
			"properties": {
				"name": "JA8/HD-089(作拝山(三角点))",
				"読み":"Sakuhaiyama",
				"標高":"605m 2pt ",
				"GL":"QN12ii",
				"市郡区":"G#01080A ",
				"登山日":"",
				"メモ":"",
				"_markerType": "Icon",
				"_iconUrl": "https://maps.gsi.go.jp/portal/sys/v4/symbols/102.png",
				"_iconSize": [
					16,
					16
				],
				"_iconAnchor": [
					8,
					8
				]
			}
		},
		{
			"type": "Feature",
			"geometry": {
				"type": "Point",
				"coordinates": [
					 143.0027,
					 42.2567
				]
			},
			"properties": {
				"name": "JA8/HD-090(点604)",
				"読み":"P604",
				"標高":"604m 2pt ",
				"GL":"QN12mg",
				"市郡区":"G#01013A ",
				"登山日":"",
				"メモ":"",
				"_markerType": "Icon",
				"_iconUrl": "https://maps.gsi.go.jp/portal/sys/v4/symbols/102.png",
				"_iconSize": [
					16,
					16
				],
				"_iconAnchor": [
					8,
					8
				]
			}
		},
		{
			"type": "Feature",
			"geometry": {
				"type": "Point",
				"coordinates": [
					 143.2455,
					 42.1089
				]
			},
			"properties": {
				"name": "JA8/HD-091(丹根内(三角点))",
				"読み":"Tannenai",
				"標高":"578m 2pt ",
				"GL":"QN12oc",
				"市郡区":"G#01064A ",
				"登山日":"",
				"メモ":"",
				"_markerType": "Icon",
				"_iconUrl": "https://maps.gsi.go.jp/portal/sys/v4/symbols/102.png",
				"_iconSize": [
					16,
					16
				],
				"_iconAnchor": [
					8,
					8
				]
			}
		},
		{
			"type": "Feature",
			"geometry": {
				"type": "Point",
				"coordinates": [
					 142.7784,
					 42.3573
				]
			},
			"properties": {
				"name": "JA8/HD-093(点561)",
				"読み":"P561",
				"標高":"561m 2pt ",
				"GL":"QN12ji",
				"市郡区":"G#01013A / G#01080A ",
				"登山日":"",
				"メモ":"",
				"_markerType": "Icon",
				"_iconUrl": "https://maps.gsi.go.jp/portal/sys/v4/symbols/102.png",
				"_iconSize": [
					16,
					16
				],
				"_iconAnchor": [
					8,
					8
				]
			}
		},
		{
			"type": "Feature",
			"geometry": {
				"type": "Point",
				"coordinates": [
					 142.4012,
					 42.7514
				]
			},
			"properties": {
				"name": "JA8/HD-094(点552)",
				"読み":"P552",
				"標高":"552m 2pt ",
				"GL":"QN12es",
				"市郡区":"G#01031B ",
				"登山日":"",
				"メモ":"",
				"_markerType": "Icon",
				"_iconUrl": "https://maps.gsi.go.jp/portal/sys/v4/symbols/102.png",
				"_iconSize": [
					16,
					16
				],
				"_iconAnchor": [
					8,
					8
				]
			}
		},
		{
			"type": "Feature",
			"geometry": {
				"type": "Point",
				"coordinates": [
					 142.3775,
					 42.784
				]
			},
			"properties": {
				"name": "JA8/HD-095(崖山)",
				"読み":"Gakeyama",
				"標高":"541m 2pt ",
				"GL":"QN12es",
				"市郡区":"G#01031B ",
				"登山日":"",
				"メモ":"",
				"_markerType": "Icon",
				"_iconUrl": "https://maps.gsi.go.jp/portal/sys/v4/symbols/102.png",
				"_iconSize": [
					16,
					16
				],
				"_iconAnchor": [
					8,
					8
				]
			}
		},
		{
			"type": "Feature",
			"geometry": {
				"type": "Point",
				"coordinates": [
					 142.9564,
					 42.2802
				]
			},
			"properties": {
				"name": "JA8/HD-096(点536)",
				"読み":"P536",
				"標高":"536m 2pt ",
				"GL":"QN12lg",
				"市郡区":"G#01013A ",
				"登山日":"",
				"メモ":"",
				"_markerType": "Icon",
				"_iconUrl": "https://maps.gsi.go.jp/portal/sys/v4/symbols/102.png",
				"_iconSize": [
					16,
					16
				],
				"_iconAnchor": [
					8,
					8
				]
			}
		},
		{
			"type": "Feature",
			"geometry": {
				"type": "Point",
				"coordinates": [
					 143.0227,
					 42.1803
				]
			},
			"properties": {
				"name": "JA8/HD-097(水銀山(三角点))",
				"読み":"Suiginyama",
				"標高":"523m 2pt ",
				"GL":"QN12me",
				"市郡区":"G#01030A ",
				"登山日":"",
				"メモ":"",
				"_markerType": "Icon",
				"_iconUrl": "https://maps.gsi.go.jp/portal/sys/v4/symbols/102.png",
				"_iconSize": [
					16,
					16
				],
				"_iconAnchor": [
					8,
					8
				]
			}
		},
		{
			"type": "Feature",
			"geometry": {
				"type": "Point",
				"coordinates": [
					 142.6858,
					 42.3239
				]
			},
			"properties": {
				"name": "JA8/HD-098(点514)",
				"読み":"P514",
				"標高":"514m 2pt ",
				"GL":"QN12ih",
				"市郡区":"G#01080A ",
				"登山日":"",
				"メモ":"",
				"_markerType": "Icon",
				"_iconUrl": "https://maps.gsi.go.jp/portal/sys/v4/symbols/102.png",
				"_iconSize": [
					16,
					16
				],
				"_iconAnchor": [
					8,
					8
				]
			}
		},
		{
			"type": "Feature",
			"geometry": {
				"type": "Point",
				"coordinates": [
					 142.8095,
					 42.3199
				]
			},
			"properties": {
				"name": "JA8/HD-099(ナイザワ(三角点))",
				"読み":"Naizawa",
				"標高":"508m 2pt ",
				"GL":"QN12jh",
				"市郡区":"G#01013A ",
				"登山日":"",
				"メモ":"",
				"_markerType": "Icon",
				"_iconUrl": "https://maps.gsi.go.jp/portal/sys/v4/symbols/102.png",
				"_iconSize": [
					16,
					16
				],
				"_iconAnchor": [
					8,
					8
				]
			}
		},
		{
			"type": "Feature",
			"geometry": {
				"type": "Point",
				"coordinates": [
					 142.3001,
					 42.5154
				]
			},
			"properties": {
				"name": "JA8/HD-100(賀張山)",
				"読み":"Gabarisan",
				"標高":"487m 1pt ",
				"GL":"QN12dm",
				"市郡区":"G#01031A ",
				"登山日":"",
				"メモ":"",
				"_markerType": "Icon",
				"_iconUrl": "https://maps.gsi.go.jp/portal/sys/v4/symbols/826.png",
				"_iconSize": [
					16,
					16
				],
				"_iconAnchor": [
					8,
					8
				]
			}
		},
		{
			"type": "Feature",
			"geometry": {
				"type": "Point",
				"coordinates": [
					 142.371,
					 42.6135
				]
			},
			"properties": {
				"name": "JA8/HD-101(イワ山)",
				"読み":"Iwasan",
				"標高":"470m 1pt ",
				"GL":"QN12eo",
				"市郡区":"G#01031A / G#01031B ",
				"登山日":"",
				"メモ":"",
				"_markerType": "Icon",
				"_iconUrl": "https://maps.gsi.go.jp/portal/sys/v4/symbols/826.png",
				"_iconSize": [
					16,
					16
				],
				"_iconAnchor": [
					8,
					8
				]
			}
		},
		{
			"type": "Feature",
			"geometry": {
				"type": "Point",
				"coordinates": [
					 142.9174,
					 42.31
				]
			},
			"properties": {
				"name": "JA8/HD-102(点458)",
				"読み":"P458",
				"標高":"458m 1pt ",
				"GL":"QN12lh",
				"市郡区":"G#01013A ",
				"登山日":"",
				"メモ":"",
				"_markerType": "Icon",
				"_iconUrl": "https://maps.gsi.go.jp/portal/sys/v4/symbols/826.png",
				"_iconSize": [
					16,
					16
				],
				"_iconAnchor": [
					8,
					8
				]
			}
		},
		{
			"type": "Feature",
			"geometry": {
				"type": "Point",
				"coordinates": [
					 142.9752,
					 42.19
				]
			},
			"properties": {
				"name": "JA8/HD-104(二七山(三角点))",
				"読み":"Nishichiyama",
				"標高":"424m 1pt ",
				"GL":"QN12le",
				"市郡区":"G#01030A ",
				"登山日":"",
				"メモ":"",
				"_markerType": "Icon",
				"_iconUrl": "https://maps.gsi.go.jp/portal/sys/v4/symbols/826.png",
				"_iconSize": [
					16,
					16
				],
				"_iconAnchor": [
					8,
					8
				]
			}
		},
		{
			"type": "Feature",
			"geometry": {
				"type": "Point",
				"coordinates": [
					 142.7957,
					 42.2575
				]
			},
			"properties": {
				"name": "JA8/HD-105(点416)",
				"読み":"P416",
				"標高":"416m 1pt ",
				"GL":"QN12jg",
				"市郡区":"G#01013A ",
				"登山日":"",
				"メモ":"",
				"_markerType": "Icon",
				"_iconUrl": "https://maps.gsi.go.jp/portal/sys/v4/symbols/826.png",
				"_iconSize": [
					16,
					16
				],
				"_iconAnchor": [
					8,
					8
				]
			}
		},
		{
			"type": "Feature",
			"geometry": {
				"type": "Point",
				"coordinates": [
					 142.2428,
					 42.742
				]
			},
			"properties": {
				"name": "JA8/HD-106(幌毛志山(三角点))",
				"読み":"Horokeshiyama",
				"標高":"406m 1pt ",
				"GL":"QN12cr",
				"市郡区":"G#01031B / G#01073G ",
				"登山日":"",
				"メモ":"",
				"_markerType": "Icon",
				"_iconUrl": "https://maps.gsi.go.jp/portal/sys/v4/symbols/826.png",
				"_iconSize": [
					16,
					16
				],
				"_iconAnchor": [
					8,
					8
				]
			}
		},
		{
			"type": "Feature",
			"geometry": {
				"type": "Point",
				"coordinates": [
					 142.3543,
					 42.4272
				]
			},
			"properties": {
				"name": "JA8/HD-107(取拂山(三角点))",
				"読み":"Toriharaiyama",
				"標高":"390m 1pt ",
				"GL":"QN12ek",
				"市郡区":"G#01052A ",
				"登山日":"",
				"メモ":"",
				"_markerType": "Icon",
				"_iconUrl": "https://maps.gsi.go.jp/portal/sys/v4/symbols/826.png",
				"_iconSize": [
					16,
					16
				],
				"_iconAnchor": [
					8,
					8
				]
			}
		},
		{
			"type": "Feature",
			"geometry": {
				"type": "Point",
				"coordinates": [
					 143.2565,
					 42.1311
				]
			},
			"properties": {
				"name": "JA8/HD-108(点377)",
				"読み":"P377",
				"標高":"377m 1pt ",
				"GL":"QN12pd",
				"市郡区":"G#01064A ",
				"登山日":"",
				"メモ":"",
				"_markerType": "Icon",
				"_iconUrl": "https://maps.gsi.go.jp/portal/sys/v4/symbols/826.png",
				"_iconSize": [
					16,
					16
				],
				"_iconAnchor": [
					8,
					8
				]
			}
		},
		{
			"type": "Feature",
			"geometry": {
				"type": "Point",
				"coordinates": [
					 143.31,
					 42.1434
				]
			},
			"properties": {
				"name": "JA8/HD-109(目黒(三角点))",
				"読み":"Meguro",
				"標高":"359m 1pt ",
				"GL":"QN12pd",
				"市郡区":"G#01064A ",
				"登山日":"",
				"メモ":"",
				"_markerType": "Icon",
				"_iconUrl": "https://maps.gsi.go.jp/portal/sys/v4/symbols/826.png",
				"_iconSize": [
					16,
					16
				],
				"_iconAnchor": [
					8,
					8
				]
			}
		},
		{
			"type": "Feature",
			"geometry": {
				"type": "Point",
				"coordinates": [
					 142.6333,
					 42.3079
				]
			},
			"properties": {
				"name": "JA8/HD-111(シカルベ山)",
				"読み":"Shikarubeyama",
				"標高":"318m 1pt ",
				"GL":"QN12hh",
				"市郡区":"G#01080A ",
				"登山日":"",
				"メモ":"",
				"_markerType": "Icon",
				"_iconUrl": "https://maps.gsi.go.jp/portal/sys/v4/symbols/826.png",
				"_iconSize": [
					16,
					16
				],
				"_iconAnchor": [
					8,
					8
				]
			}
		},
		{
			"type": "Feature",
			"geometry": {
				"type": "Point",
				"coordinates": [
					 142.1719,
					 42.5589
				]
			},
			"properties": {
				"name": "JA8/HD-112(王幸納(三角点))",
				"読み":"Ousatsuna",
				"標高":"309m 1pt ",
				"GL":"QN12cn",
				"市郡区":"G#01031B / G#01031A ",
				"登山日":"",
				"メモ":"",
				"_markerType": "Icon",
				"_iconUrl": "https://maps.gsi.go.jp/portal/sys/v4/symbols/826.png",
				"_iconSize": [
					16,
					16
				],
				"_iconAnchor": [
					8,
					8
				]
			}
		},
		{
			"type": "Feature",
			"geometry": {
				"type": "Point",
				"coordinates": [
					 142.4655,
					 42.3577
				]
			},
			"properties": {
				"name": "JA8/HD-113(佐妻山(三角点))",
				"読み":"Satsumayama",
				"標高":"296m 1pt ",
				"GL":"QN12fi",
				"市郡区":"G#01080A ",
				"登山日":"",
				"メモ":"",
				"_markerType": "Icon",
				"_iconUrl": "https://maps.gsi.go.jp/portal/sys/v4/symbols/826.png",
				"_iconSize": [
					16,
					16
				],
				"_iconAnchor": [
					8,
					8
				]
			}
		},
		{
			"type": "Feature",
			"geometry": {
				"type": "Point",
				"coordinates": [
					 142.7342,
					 42.2645
				]
			},
			"properties": {
				"name": "JA8/HD-114(境(三角点))",
				"読み":"Sakai",
				"標高":"287m 1pt ",
				"GL":"QN12ig",
				"市郡区":"G#01013A / G#01080A ",
				"登山日":"",
				"メモ":"",
				"_markerType": "Icon",
				"_iconUrl": "https://maps.gsi.go.jp/portal/sys/v4/symbols/826.png",
				"_iconSize": [
					16,
					16
				],
				"_iconAnchor": [
					8,
					8
				]
			}
		},
		{
			"type": "Feature",
			"geometry": {
				"type": "Point",
				"coordinates": [
					 142.8299,
					 42.1948
				]
			},
			"properties": {
				"name": "JA8/HD-115(浦河峠(三角点))",
				"読み":"Urakawatouge",
				"標高":"242m 1pt ",
				"GL":"QN12je",
				"市郡区":"G#01013A ",
				"登山日":"",
				"メモ":"",
				"_markerType": "Icon",
				"_iconUrl": "https://maps.gsi.go.jp/portal/sys/v4/symbols/826.png",
				"_iconSize": [
					16,
					16
				],
				"_iconAnchor": [
					8,
					8
				]
			}
		},
		{
			"type": "Feature",
			"geometry": {
				"type": "Point",
				"coordinates": [
					 142.8249,
					 42.5709
				]
			},
			"properties": {
				"name": "JA8/HD-116(コイカクシュサツナイ岳)",
				"読み":"Koikakushusatsunaidake",
				"標高":"1721m 10pt ",
				"GL":"QN12jn",
				"市郡区":"G#01018B / G#01080A / G#01060A",
				"登山日":"",
				"メモ":"",
				"_markerType": "Icon",
				"_iconUrl": "https://maps.gsi.go.jp/portal/sys/v4/symbols/101.png",
				"_iconSize": [
					16,
					16
				],
				"_iconAnchor": [
					8,
					8
				]
			}
		},
		{
			"type": "Feature",
			"geometry": {
				"type": "Point",
				"coordinates": [
					 142.4472,
					 42.7723
				]
			},
			"properties": {
				"name": "JA8/HD-117(シキシャナイ岳)",
				"読み":"Shikishanaidake",
				"標高":"1058m 6pt ",
				"GL":"QN12fs",
				"市郡区":"G#01031B ",
				"登山日":"",
				"メモ":"",
				"_markerType": "Icon",
				"_iconUrl": "https://maps.gsi.go.jp/portal/sys/v4/symbols/103.png",
				"_iconSize": [
					16,
					16
				],
				"_iconAnchor": [
					8,
					8
				]
			}
		},
		{
			"type": "Feature",
			"geometry": {
				"type": "Point",
				"coordinates": [
					 143.177,
					 42.1133
				]
			},
			"properties": {
				"name": "JA8/HD-118(点1009)",
				"読み":"JA8/HD-118",
				"標高":"1009m 6pt ",
				"GL":"QN12oc",
				"市郡区":"G#01064A / G#01030A ",
				"登山日":"",
				"メモ":"",
				"_markerType": "Icon",
				"_iconUrl": "https://maps.gsi.go.jp/portal/sys/v4/symbols/103.png",
				"_iconSize": [
					16,
					16
				],
				"_iconAnchor": [
					8,
					8
				]
			}
		},
		{
			"type": "Feature",
			"geometry": {
				"type": "Point",
				"coordinates": [
					 143.036,
					 42.1396
				]
			},
			"properties": {
				"name": "JA8/HD-119(ピンネシリ)",
				"読み":"Pinneshiri",
				"標高":"958m 6pt ",
				"GL":"QN12md",
				"市郡区":"G#01030A ",
				"登山日":"",
				"メモ":"",
				"_markerType": "Icon",
				"_iconUrl": "https://maps.gsi.go.jp/portal/sys/v4/symbols/103.png",
				"_iconSize": [
					16,
					16
				],
				"_iconAnchor": [
					8,
					8
				]
			}
		},
		{
			"type": "Feature",
			"geometry": {
				"type": "Point",
				"coordinates": [
					 142.5865,
					 42.629
				]
			},
			"properties": {
				"name": "JA8/HD-120(売山(三角点))",
				"読み":"Uriyama",
				"標高":"942m 6pt ",
				"GL":"QN12hp",
				"市郡区":"G#01052A ",
				"登山日":"",
				"メモ":"",
				"_markerType": "Icon",
				"_iconUrl": "https://maps.gsi.go.jp/portal/sys/v4/symbols/103.png",
				"_iconSize": [
					16,
					16
				],
				"_iconAnchor": [
					8,
					8
				]
			}
		},
		{
			"type": "Feature",
			"geometry": {
				"type": "Point",
				"coordinates": [
					 142.8439,
					 42.3239
				]
			},
			"properties": {
				"name": "JA8/HD-121(点850)",
				"読み":"P850",
				"標高":"850m 6pt ",
				"GL":"QN12kh",
				"市郡区":"G#01013A ",
				"登山日":"",
				"メモ":"",
				"_markerType": "Icon",
				"_iconUrl": "https://maps.gsi.go.jp/portal/sys/v4/symbols/103.png",
				"_iconSize": [
					16,
					16
				],
				"_iconAnchor": [
					8,
					8
				]
			}
		},
		{
			"type": "Feature",
			"geometry": {
				"type": "Point",
				"coordinates": [
					 142.4728,
					 42.5704
				]
			},
			"properties": {
				"name": "JA8/HD-122(エチナンゲップ山)",
				"読み":"Echinangeppuyama",
				"標高":"780m 4pt ",
				"GL":"QN12fn",
				"市郡区":"G#01031A / G#01052A ",
				"登山日":"",
				"メモ":"",
				"_markerType": "Icon",
				"_iconUrl": "https://maps.gsi.go.jp/portal/sys/v4/symbols/828.png",
				"_iconSize": [
					16,
					16
				],
				"_iconAnchor": [
					8,
					8
				]
			}
		},
		{
			"type": "Feature",
			"geometry": {
				"type": "Point",
				"coordinates": [
					 142.885,
					 42.2528
				]
			},
			"properties": {
				"name": "JA8/HD-123(中春別(三角点))",
				"読み":"Nakashunbetsu",
				"標高":"623m 2pt ",
				"GL":"QN12kg",
				"市郡区":"G#01013A ",
				"登山日":"",
				"メモ":"",
				"_markerType": "Icon",
				"_iconUrl": "https://maps.gsi.go.jp/portal/sys/v4/symbols/102.png",
				"_iconSize": [
					16,
					16
				],
				"_iconAnchor": [
					8,
					8
				]
			}
		},
		{
			"type": "Feature",
			"geometry": {
				"type": "Point",
				"coordinates": [
					 142.7663,
					 42.3285
				]
			},
			"properties": {
				"name": "JA8/HD-124(幌岩鉄気(三角点))",
				"読み":"Horoiwatekki",
				"標高":"458m 1pt ",
				"GL":"QN12jh",
				"市郡区":"G#01080A / G#01013A ",
				"登山日":"",
				"メモ":"",
				"_markerType": "Icon",
				"_iconUrl": "https://maps.gsi.go.jp/portal/sys/v4/symbols/826.png",
				"_iconSize": [
					16,
					16
				],
				"_iconAnchor": [
					8,
					8
				]
			}
		},
		{
			"type": "Feature",
			"geometry": {
				"type": "Point",
				"coordinates": [
					 142.9263,
					 42.3184
				]
			},
			"properties": {
				"name": "JA8/HD-125(点446)",
				"読み":"P446",
				"標高":"446m 1pt ",
				"GL":"QN12lh",
				"市郡区":"G#01013A ",
				"登山日":"",
				"メモ":"",
				"_markerType": "Icon",
				"_iconUrl": "https://maps.gsi.go.jp/portal/sys/v4/symbols/826.png",
				"_iconSize": [
					16,
					16
				],
				"_iconAnchor": [
					8,
					8
				]
			}
		},
		{
			"type": "Feature",
			"geometry": {
				"type": "Point",
				"coordinates": [
					 143.3112,
					 42.1108
				]
			},
			"properties": {
				"name": "JA8/HD-126(猿留(三角点))",
				"読み":"Sarutome",
				"標高":"379m 1pt ",
				"GL":"QN12pc",
				"市郡区":"G#01064A ",
				"登山日":"",
				"メモ":"",
				"_markerType": "Icon",
				"_iconUrl": "https://maps.gsi.go.jp/portal/sys/v4/symbols/826.png",
				"_iconSize": [
					16,
					16
				],
				"_iconAnchor": [
					8,
					8
				]
			}
		},
		{
			"type": "Feature",
			"geometry": {
				"type": "Point",
				"coordinates": [
					 142.2544,
					 42.6245
				]
			},
			"properties": {
				"name": "JA8/HD-127(点362)",
				"読み":"P362",
				"標高":"362m 1pt ",
				"GL":"QN12do",
				"市郡区":"G#01031B / G#01031A ",
				"登山日":"",
				"メモ":"",
				"_markerType": "Icon",
				"_iconUrl": "https://maps.gsi.go.jp/portal/sys/v4/symbols/826.png",
				"_iconSize": [
					16,
					16
				],
				"_iconAnchor": [
					8,
					8
				]
			}
		},
		{
			"type": "Feature",
			"geometry": {
				"type": "Point",
				"coordinates": [
					 142.1995,
					 42.6572
				]
			},
			"properties": {
				"name": "JA8/HD-128(荷負(三角点近傍))",
				"読み":"NearNioi",
				"標高":"340m 1pt ",
				"GL":"QN12cp",
				"市郡区":"G#01031B ",
				"登山日":"",
				"メモ":"",
				"_markerType": "Icon",
				"_iconUrl": "https://maps.gsi.go.jp/portal/sys/v4/symbols/826.png",
				"_iconSize": [
					16,
					16
				],
				"_iconAnchor": [
					8,
					8
				]
			}
		},
		{
			"type": "Feature",
			"geometry": {
				"type": "Point",
				"coordinates": [
					 142.5085,
					 42.3152
				]
			},
			"properties": {
				"name": "JA8/HD-129(布辻(三角点))",
				"読み":"Futsuji",
				"標高":"248m 1pt ",
				"GL":"QN12gh",
				"市郡区":"G#01080A ",
				"登山日":"",
				"メモ":"",
				"_markerType": "Icon",
				"_iconUrl": "https://maps.gsi.go.jp/portal/sys/v4/symbols/826.png",
				"_iconSize": [
					16,
					16
				],
				"_iconAnchor": [
					8,
					8
				]
			}
		},
		{
			"type": "Feature",
			"geometry": {
				"type": "Point",
				"coordinates": [
					 142.6082,
					 42.2488
				]
			},
			"properties": {
				"name": "JA8/HD-130(軍艦山)",
				"読み":"Gunkanyama",
				"標高":"200m 1pt ",
				"GL":"QN12hf",
				"市郡区":"G#01080A ",
				"登山日":"",
				"メモ":"",
				"_markerType": "Icon",
				"_iconUrl": "https://maps.gsi.go.jp/portal/sys/v4/symbols/826.png",
				"_iconSize": [
					16,
					16
				],
				"_iconAnchor": [
					8,
					8
				]
			}
		},
		{
			"type": "Feature",
			"geometry": {
				"type": "Point",
				"coordinates": [
					 143.18532,
					 41.981905
				]
			},
			"properties": {
				"name": "JA8/HD-131(歌露(三角点))",
				"読み":"Utaroppu",
				"標高":"249m 1pt ",
				"GL":"QN11ox",
				"市郡区":"G#01064A ",
				"登山日":"",
				"メモ":"",
				"_markerType": "Icon",
				"_iconUrl": "https://maps.gsi.go.jp/portal/sys/v4/symbols/826.png",
				"_iconSize": [
					16,
					16
				],
				"_iconAnchor": [
					8,
					8
				]
			}
		},
		{
			"type": "Feature",
			"geometry": {
				"type": "Point",
				"coordinates": [
					 140.0202,
					 42.5399
				]
			},
			"properties": {
				"name": "JA8/HY-001(メップ岳)",
				"読み":"Meppudake",
				"標高":"1148m 8pt ",
				"GL":"QN02am",
				"市郡区":"G#01040A / G#01028B ",
				"登山日":"",
				"メモ":"",
				"_markerType": "Icon",
				"_iconUrl": "https://maps.gsi.go.jp/portal/sys/v4/symbols/104.png",
				"_iconSize": [
					16,
					16
				],
				"_iconAnchor": [
					8,
					8
				]
			}
		},
		{
			"type": "Feature",
			"geometry": {
				"type": "Point",
				"coordinates": [
					 139.9911,
					 42.198
				]
			},
			"properties": {
				"name": "JA8/HY-002(白水岳)",
				"読み":"Hakusuidake",
				"標高":"1136m 8pt ",
				"GL":"PN92xe",
				"市郡区":"G#01079A / G#01028B ",
				"登山日":"",
				"メモ":"",
				"_markerType": "Icon",
				"_iconUrl": "https://maps.gsi.go.jp/portal/sys/v4/symbols/104.png",
				"_iconSize": [
					16,
					16
				],
				"_iconAnchor": [
					8,
					8
				]
			}
		},
		{
			"type": "Feature",
			"geometry": {
				"type": "Point",
				"coordinates": [
					 140.0305,
					 42.2394
				]
			},
			"properties": {
				"name": "JA8/HY-003(太櫓岳)",
				"読み":"Futorodake",
				"標高":"1054m 6pt ",
				"GL":"QN02af",
				"市郡区":"G#01079A / G#01028B ",
				"登山日":"",
				"メモ":"",
				"_markerType": "Icon",
				"_iconUrl": "https://maps.gsi.go.jp/portal/sys/v4/symbols/103.png",
				"_iconSize": [
					16,
					16
				],
				"_iconAnchor": [
					8,
					8
				]
			}
		},
		{
			"type": "Feature",
			"geometry": {
				"type": "Point",
				"coordinates": [
					 139.982,
					 42.5451
				]
			},
			"properties": {
				"name": "JA8/HY-004(カスベ岳)",
				"読み":"Kasubedake",
				"標高":"1050m 6pt ",
				"GL":"PN92xn",
				"市郡区":"G#01028B ",
				"登山日":"",
				"メモ":"",
				"_markerType": "Icon",
				"_iconUrl": "https://maps.gsi.go.jp/portal/sys/v4/symbols/103.png",
				"_iconSize": [
					16,
					16
				],
				"_iconAnchor": [
					8,
					8
				]
			}
		},
		{
			"type": "Feature",
			"geometry": {
				"type": "Point",
				"coordinates": [
					 140.1525,
					 42.5798
				]
			},
			"properties": {
				"name": "JA8/HY-005(利別(三角点))",
				"読み":"Ribetsu",
				"標高":"1021m 6pt ",
				"GL":"QN02bn",
				"市郡区":"G#01034A / G#01040A ",
				"登山日":"",
				"メモ":"",
				"_markerType": "Icon",
				"_iconUrl": "https://maps.gsi.go.jp/portal/sys/v4/symbols/103.png",
				"_iconSize": [
					16,
					16
				],
				"_iconAnchor": [
					8,
					8
				]
			}
		},
		{
			"type": "Feature",
			"geometry": {
				"type": "Point",
				"coordinates": [
					 140.2746,
					 42.0394
				]
			},
			"properties": {
				"name": "JA8/HY-006(乙部岳)",
				"読み":"Otobedake",
				"標高":"1017m 6pt ",
				"GL":"QN02da",
				"市郡区":"G#01053A / G#01059B ",
				"登山日":"",
				"メモ":"",
				"_markerType": "Icon",
				"_iconUrl": "https://maps.gsi.go.jp/portal/sys/v4/symbols/103.png",
				"_iconSize": [
					16,
					16
				],
				"_iconAnchor": [
					8,
					8
				]
			}
		},
		{
			"type": "Feature",
			"geometry": {
				"type": "Point",
				"coordinates": [
					 139.8842,
					 42.5716
				]
			},
			"properties": {
				"name": "JA8/HY-007(島歌山(三角点))",
				"読み":"Shimautayama",
				"標高":"1003m 6pt ",
				"GL":"PN92wn",
				"市郡区":"G#01028B ",
				"登山日":"",
				"メモ":"",
				"_markerType": "Icon",
				"_iconUrl": "https://maps.gsi.go.jp/portal/sys/v4/symbols/103.png",
				"_iconSize": [
					16,
					16
				],
				"_iconAnchor": [
					8,
					8
				]
			}
		},
		{
			"type": "Feature",
			"geometry": {
				"type": "Point",
				"coordinates": [
					 140.1537,
					 42.5469
				]
			},
			"properties": {
				"name": "JA8/HY-008(カニカン岳)",
				"読み":"Kanikandake",
				"標高":"981m 6pt ",
				"GL":"QN02bn",
				"市郡区":"G#01040A ",
				"登山日":"",
				"メモ":"",
				"_markerType": "Icon",
				"_iconUrl": "https://maps.gsi.go.jp/portal/sys/v4/symbols/103.png",
				"_iconSize": [
					16,
					16
				],
				"_iconAnchor": [
					8,
					8
				]
			}
		},
		{
			"type": "Feature",
			"geometry": {
				"type": "Point",
				"coordinates": [
					 140.1894,
					 42.5859
				]
			},
			"properties": {
				"name": "JA8/HY-009(長万部岳)",
				"読み":"Osyamanbedake",
				"標高":"973m 6pt ",
				"GL":"QN02co",
				"市郡区":"G#01071A / G#01040A ",
				"登山日":"",
				"メモ":"",
				"_markerType": "Icon",
				"_iconUrl": "https://maps.gsi.go.jp/portal/sys/v4/symbols/103.png",
				"_iconSize": [
					16,
					16
				],
				"_iconAnchor": [
					8,
					8
				]
			}
		},
		{
			"type": "Feature",
			"geometry": {
				"type": "Point",
				"coordinates": [
					 140.1037,
					 41.5888
				]
			},
			"properties": {
				"name": "JA8/HY-010(松倉岳(三角点))",
				"読み":"Matsukuradake",
				"標高":"854m 6pt ",
				"GL":"QN01bo",
				"市郡区":"G#01059C / G#01067B ",
				"登山日":"",
				"メモ":"",
				"_markerType": "Icon",
				"_iconUrl": "https://maps.gsi.go.jp/portal/sys/v4/symbols/103.png",
				"_iconSize": [
					16,
					16
				],
				"_iconAnchor": [
					8,
					8
				]
			}
		},
		{
			"type": "Feature",
			"geometry": {
				"type": "Point",
				"coordinates": [
					 140.4131,
					 41.9871
				]
			},
			"properties": {
				"name": "JA8/HY-011(下俄郎(三角点))",
				"読み":"Shimogaro",
				"標高":"827m 4pt ",
				"GL":"QN01ex",
				"市郡区":"G#01059B ",
				"登山日":"",
				"メモ":"",
				"_markerType": "Icon",
				"_iconUrl": "https://maps.gsi.go.jp/portal/sys/v4/symbols/828.png",
				"_iconSize": [
					16,
					16
				],
				"_iconAnchor": [
					8,
					8
				]
			}
		},
		{
			"type": "Feature",
			"geometry": {
				"type": "Point",
				"coordinates": [
					 139.8107,
					 42.2954
				]
			},
			"properties": {
				"name": "JA8/HY-012(毛無山)",
				"読み":"Kenashiyama",
				"標高":"816m 4pt ",
				"GL":"PN92vh",
				"市郡区":"G#01028B ",
				"登山日":"",
				"メモ":"",
				"_markerType": "Icon",
				"_iconUrl": "https://maps.gsi.go.jp/portal/sys/v4/symbols/828.png",
				"_iconSize": [
					16,
					16
				],
				"_iconAnchor": [
					8,
					8
				]
			}
		},
		{
			"type": "Feature",
			"geometry": {
				"type": "Point",
				"coordinates": [
					 140.3231,
					 42.0389
				]
			},
			"properties": {
				"name": "JA8/HY-013(清身沢(三角点))",
				"読み":"Kiyomizawa",
				"標高":"778m 4pt ",
				"GL":"QN02da",
				"市郡区":"G#01059B ",
				"登山日":"",
				"メモ":"",
				"_markerType": "Icon",
				"_iconUrl": "https://maps.gsi.go.jp/portal/sys/v4/symbols/828.png",
				"_iconSize": [
					16,
					16
				],
				"_iconAnchor": [
					8,
					8
				]
			}
		},
		{
			"type": "Feature",
			"geometry": {
				"type": "Point",
				"coordinates": [
					 140.1415,
					 41.7021
				]
			},
			"properties": {
				"name": "JA8/HY-014(大岳)",
				"読み":"Ootake",
				"標高":"776m 4pt ",
				"GL":"QN01bq",
				"市郡区":"G#01059C ",
				"登山日":"",
				"メモ":"",
				"_markerType": "Icon",
				"_iconUrl": "https://maps.gsi.go.jp/portal/sys/v4/symbols/828.png",
				"_iconSize": [
					16,
					16
				],
				"_iconAnchor": [
					8,
					8
				]
			}
		},
		{
			"type": "Feature",
			"geometry": {
				"type": "Point",
				"coordinates": [
					 140.381,
					 41.9972
				]
			},
			"properties": {
				"name": "JA8/HY-015(点730(冷水沢(三角点)近傍))",
				"読み":"P730",
				"標高":"730m 4pt ",
				"GL":"QN01ex",
				"市郡区":"G#01059B ",
				"登山日":"",
				"メモ":"",
				"_markerType": "Icon",
				"_iconUrl": "https://maps.gsi.go.jp/portal/sys/v4/symbols/828.png",
				"_iconSize": [
					16,
					16
				],
				"_iconAnchor": [
					8,
					8
				]
			}
		},
		{
			"type": "Feature",
			"geometry": {
				"type": "Point",
				"coordinates": [
					 140.2117,
					 42.555
				]
			},
			"properties": {
				"name": "JA8/HY-016(美利河(三角点))",
				"読み":"Pirika",
				"標高":"726m 4pt ",
				"GL":"QN02cn",
				"市郡区":"G#01040A ",
				"登山日":"",
				"メモ":"",
				"_markerType": "Icon",
				"_iconUrl": "https://maps.gsi.go.jp/portal/sys/v4/symbols/828.png",
				"_iconSize": [
					16,
					16
				],
				"_iconAnchor": [
					8,
					8
				]
			}
		},
		{
			"type": "Feature",
			"geometry": {
				"type": "Point",
				"coordinates": [
					 140.19,
					 42.0513
				]
			},
			"properties": {
				"name": "JA8/HY-017(ササマクリ山)",
				"読み":"Sasamakuriyama",
				"標高":"711m 4pt ",
				"GL":"QN02cb",
				"市郡区":"G#01053A ",
				"登山日":"",
				"メモ":"",
				"_markerType": "Icon",
				"_iconUrl": "https://maps.gsi.go.jp/portal/sys/v4/symbols/828.png",
				"_iconSize": [
					16,
					16
				],
				"_iconAnchor": [
					8,
					8
				]
			}
		},
		{
			"type": "Feature",
			"geometry": {
				"type": "Point",
				"coordinates": [
					 140.23,
					 41.8519
				]
			},
			"properties": {
				"name": "JA8/HY-018(八幡岳)",
				"読み":"Hachimandake",
				"標高":"665m 4pt ",
				"GL":"QN01cu",
				"市郡区":"G#01059B / G#01059C ",
				"登山日":"",
				"メモ":"",
				"_markerType": "Icon",
				"_iconUrl": "https://maps.gsi.go.jp/portal/sys/v4/symbols/828.png",
				"_iconSize": [
					16,
					16
				],
				"_iconAnchor": [
					8,
					8
				]
			}
		},
		{
			"type": "Feature",
			"geometry": {
				"type": "Point",
				"coordinates": [
					 140.0863,
					 41.7167
				]
			},
			"properties": {
				"name": "JA8/HY-019(点654(木無山近傍))",
				"読み":"P654",
				"標高":"654m 4pt ",
				"GL":"QN01br",
				"市郡区":"G#01059C ",
				"登山日":"",
				"メモ":"",
				"_markerType": "Icon",
				"_iconUrl": "https://maps.gsi.go.jp/portal/sys/v4/symbols/828.png",
				"_iconSize": [
					16,
					16
				],
				"_iconAnchor": [
					8,
					8
				]
			}
		},
		{
			"type": "Feature",
			"geometry": {
				"type": "Point",
				"coordinates": [
					 140.3582,
					 41.7871
				]
			},
			"properties": {
				"name": "JA8/HY-020(瓜谷岳(三角点))",
				"読み":"Uriyadake",
				"標高":"631m 2pt ",
				"GL":"QN01es",
				"市郡区":"G#01059C / G#01021B / G#01059B",
				"登山日":"",
				"メモ":"",
				"_markerType": "Icon",
				"_iconUrl": "https://maps.gsi.go.jp/portal/sys/v4/symbols/102.png",
				"_iconSize": [
					16,
					16
				],
				"_iconAnchor": [
					8,
					8
				]
			}
		},
		{
			"type": "Feature",
			"geometry": {
				"type": "Point",
				"coordinates": [
					 139.4426,
					 42.1603
				]
			},
			"properties": {
				"name": "JA8/HY-021(神威山)",
				"読み":"Kamuiyama",
				"標高":"584m 2pt ",
				"GL":"PN92rd",
				"市郡区":"G#01016A ",
				"登山日":"",
				"メモ":"",
				"_markerType": "Icon",
				"_iconUrl": "https://maps.gsi.go.jp/portal/sys/v4/symbols/102.png",
				"_iconSize": [
					16,
					16
				],
				"_iconAnchor": [
					8,
					8
				]
			}
		},
		{
			"type": "Feature",
			"geometry": {
				"type": "Point",
				"coordinates": [
					 140.358,
					 42.0118
				]
			},
			"properties": {
				"name": "JA8/HY-022(内戸岳(三角点))",
				"読み":"Uchidodake",
				"標高":"569m 2pt ",
				"GL":"QN02ea",
				"市郡区":"G#01059B ",
				"登山日":"",
				"メモ":"",
				"_markerType": "Icon",
				"_iconUrl": "https://maps.gsi.go.jp/portal/sys/v4/symbols/102.png",
				"_iconSize": [
					16,
					16
				],
				"_iconAnchor": [
					8,
					8
				]
			}
		},
		{
			"type": "Feature",
			"geometry": {
				"type": "Point",
				"coordinates": [
					 140.024,
					 41.6739
				]
			},
			"properties": {
				"name": "JA8/HY-023(初神山)",
				"読み":"Hatsukamiyama",
				"標高":"562m 2pt ",
				"GL":"QN01aq",
				"市郡区":"G#01059C ",
				"登山日":"",
				"メモ":"",
				"_markerType": "Icon",
				"_iconUrl": "https://maps.gsi.go.jp/portal/sys/v4/symbols/102.png",
				"_iconSize": [
					16,
					16
				],
				"_iconAnchor": [
					8,
					8
				]
			}
		},
		{
			"type": "Feature",
			"geometry": {
				"type": "Point",
				"coordinates": [
					 140.4214,
					 41.9218
				]
			},
			"properties": {
				"name": "JA8/HY-024(焼木尻岳(三角点))",
				"読み":"Yakijiridake",
				"標高":"561m 2pt ",
				"GL":"QN01fw",
				"市郡区":"G#01059B ",
				"登山日":"",
				"メモ":"",
				"_markerType": "Icon",
				"_iconUrl": "https://maps.gsi.go.jp/portal/sys/v4/symbols/102.png",
				"_iconSize": [
					16,
					16
				],
				"_iconAnchor": [
					8,
					8
				]
			}
		},
		{
			"type": "Feature",
			"geometry": {
				"type": "Point",
				"coordinates": [
					 139.8066,
					 42.2671
				]
			},
			"properties": {
				"name": "JA8/HY-025(相泊山)",
				"読み":"Aidomariyama",
				"標高":"532m 2pt ",
				"GL":"PN92vg",
				"市郡区":"G#01028B ",
				"登山日":"",
				"メモ":"",
				"_markerType": "Icon",
				"_iconUrl": "https://maps.gsi.go.jp/portal/sys/v4/symbols/102.png",
				"_iconSize": [
					16,
					16
				],
				"_iconAnchor": [
					8,
					8
				]
			}
		},
		{
			"type": "Feature",
			"geometry": {
				"type": "Point",
				"coordinates": [
					 140.2226,
					 42.0347
				]
			},
			"properties": {
				"name": "JA8/HY-026(点570)",
				"読み":"P570",
				"標高":"570m 2pt ",
				"GL":"QN02ca",
				"市郡区":"G#01053A ",
				"登山日":"",
				"メモ":"",
				"_markerType": "Icon",
				"_iconUrl": "https://maps.gsi.go.jp/portal/sys/v4/symbols/102.png",
				"_iconSize": [
					16,
					16
				],
				"_iconAnchor": [
					8,
					8
				]
			}
		},
		{
			"type": "Feature",
			"geometry": {
				"type": "Point",
				"coordinates": [
					 141.1425,
					 42.6335
				]
			},
			"properties": {
				"name": "JA8/IR-001(ホロホロ山)",
				"読み":"Horohoroyama",
				"標高":"1322m 8pt ",
				"GL":"QN02np",
				"市郡区":"C#0133 / G#01037A ",
				"登山日":"",
				"メモ":"",
				"_markerType": "Icon",
				"_iconUrl": "https://maps.gsi.go.jp/portal/sys/v4/symbols/104.png",
				"_iconSize": [
					16,
					16
				],
				"_iconAnchor": [
					8,
					8
				]
			}
		},
		{
			"type": "Feature",
			"geometry": {
				"type": "Point",
				"coordinates": [
					 141.0871,
					 42.566
				]
			},
			"properties": {
				"name": "JA8/IR-002(オロフレ山)",
				"読み":"Orofureyama",
				"標高":"1231m 8pt ",
				"GL":"QN02nn",
				"市郡区":"G#01011B / G#01037A ",
				"登山日":"",
				"メモ":"",
				"_markerType": "Icon",
				"_iconUrl": "https://maps.gsi.go.jp/portal/sys/v4/symbols/104.png",
				"_iconSize": [
					16,
					16
				],
				"_iconAnchor": [
					8,
					8
				]
			}
		},
		{
			"type": "Feature",
			"geometry": {
				"type": "Point",
				"coordinates": [
					 141.3766,
					 42.6906
				]
			},
			"properties": {
				"name": "JA8/IR-003(樽前山)",
				"読み":"Tarumaesan",
				"標高":"1041m 6pt ",
				"GL":"QN02qq",
				"市郡区":"C#0113 ",
				"登山日":"",
				"メモ":"",
				"_markerType": "Icon",
				"_iconUrl": "https://maps.gsi.go.jp/portal/sys/v4/symbols/103.png",
				"_iconSize": [
					16,
					16
				],
				"_iconAnchor": [
					8,
					8
				]
			}
		},
		{
			"type": "Feature",
			"geometry": {
				"type": "Point",
				"coordinates": [
					 141.1126,
					 42.8083
				]
			},
			"properties": {
				"name": "JA8/IR-004(東中山(三角点))",
				"読み":"Higashinakayama",
				"標高":"1037m 6pt ",
				"GL":"QN02nt",
				"市郡区":"C#0133 / C#010106 ",
				"登山日":"",
				"メモ":"",
				"_markerType": "Icon",
				"_iconUrl": "https://maps.gsi.go.jp/portal/sys/v4/symbols/103.png",
				"_iconSize": [
					16,
					16
				],
				"_iconAnchor": [
					8,
					8
				]
			}
		},
		{
			"type": "Feature",
			"geometry": {
				"type": "Point",
				"coordinates": [
					 142.3129,
					 42.8811
				]
			},
			"properties": {
				"name": "JA8/IR-005(主府久(三角点))",
				"読み":"Shufukyu",
				"標高":"1018m 6pt ",
				"GL":"QN12dv",
				"市郡区":"G#01073G / G#01031B ",
				"登山日":"",
				"メモ":"",
				"_markerType": "Icon",
				"_iconUrl": "https://maps.gsi.go.jp/portal/sys/v4/symbols/103.png",
				"_iconSize": [
					16,
					16
				],
				"_iconAnchor": [
					8,
					8
				]
			}
		},
		{
			"type": "Feature",
			"geometry": {
				"type": "Point",
				"coordinates": [
					 141.183,
					 42.6835
				]
			},
			"properties": {
				"name": "JA8/IR-006(白老岳)",
				"読み":"Shiraoidake",
				"標高":"968m 6pt ",
				"GL":"QN02oq",
				"市郡区":"C#0133 / G#01037A ",
				"登山日":"",
				"メモ":"",
				"_markerType": "Icon",
				"_iconUrl": "https://maps.gsi.go.jp/portal/sys/v4/symbols/103.png",
				"_iconSize": [
					16,
					16
				],
				"_iconAnchor": [
					8,
					8
				]
			}
		},
		{
			"type": "Feature",
			"geometry": {
				"type": "Point",
				"coordinates": [
					 141.1716,
					 42.6794
				]
			},
			"properties": {
				"name": "JA8/IR-007(南白老(三角点))",
				"読み":"Minamishiraoi",
				"標高":"945m 6pt ",
				"GL":"QN02oq",
				"市郡区":"C#0133 ",
				"登山日":"",
				"メモ":"",
				"_markerType": "Icon",
				"_iconUrl": "https://maps.gsi.go.jp/portal/sys/v4/symbols/103.png",
				"_iconSize": [
					16,
					16
				],
				"_iconAnchor": [
					8,
					8
				]
			}
		},
		{
			"type": "Feature",
			"geometry": {
				"type": "Point",
				"coordinates": [
					 141.0031,
					 42.4356
				]
			},
			"properties": {
				"name": "JA8/IR-008(鷲別岳(室蘭岳))",
				"読み":"Washibetsudake",
				"標高":"911m 6pt ",
				"GL":"QN02mk",
				"市郡区":"C#0105 / C#0130 ",
				"登山日":"",
				"メモ":"",
				"_markerType": "Icon",
				"_iconUrl": "https://maps.gsi.go.jp/portal/sys/v4/symbols/103.png",
				"_iconSize": [
					16,
					16
				],
				"_iconAnchor": [
					8,
					8
				]
			}
		},
		{
			"type": "Feature",
			"geometry": {
				"type": "Point",
				"coordinates": [
					 141.1192,
					 42.5412
				]
			},
			"properties": {
				"name": "JA8/IR-009(加車山)",
				"読み":"Kashayama",
				"標高":"897m 6pt ",
				"GL":"QN02nm",
				"市郡区":"C#0130 / G#01037A ",
				"登山日":"",
				"メモ":"",
				"_markerType": "Icon",
				"_iconUrl": "https://maps.gsi.go.jp/portal/sys/v4/symbols/103.png",
				"_iconSize": [
					16,
					16
				],
				"_iconAnchor": [
					8,
					8
				]
			}
		},
		{
			"type": "Feature",
			"geometry": {
				"type": "Point",
				"coordinates": [
					 140.9699,
					 42.5042
				]
			},
			"properties": {
				"name": "JA8/IR-010(点791)",
				"読み":"P791",
				"標高":"791m 4pt ",
				"GL":"QN02lm",
				"市郡区":"C#0133 / C#0130 / G#01011B",
				"登山日":"",
				"メモ":"",
				"_markerType": "Icon",
				"_iconUrl": "https://maps.gsi.go.jp/portal/sys/v4/symbols/828.png",
				"_iconSize": [
					16,
					16
				],
				"_iconAnchor": [
					8,
					8
				]
			}
		},
		{
			"type": "Feature",
			"geometry": {
				"type": "Point",
				"coordinates": [
					 142.2277,
					 42.8487
				]
			},
			"properties": {
				"name": "JA8/IR-011(坊主山)",
				"読み":"Bozuyama",
				"標高":"791m 4pt ",
				"GL":"QN12cu",
				"市郡区":"G#01073G ",
				"登山日":"",
				"メモ":"",
				"_markerType": "Icon",
				"_iconUrl": "https://maps.gsi.go.jp/portal/sys/v4/symbols/828.png",
				"_iconSize": [
					16,
					16
				],
				"_iconAnchor": [
					8,
					8
				]
			}
		},
		{
			"type": "Feature",
			"geometry": {
				"type": "Point",
				"coordinates": [
					 142.2513,
					 42.9303
				]
			},
			"properties": {
				"name": "JA8/IR-012(奥穂別(三角点))",
				"読み":"Okuhobetsu",
				"標高":"760m 4pt ",
				"GL":"QN12dw",
				"市郡区":"G#01073G ",
				"登山日":"",
				"メモ":"",
				"_markerType": "Icon",
				"_iconUrl": "https://maps.gsi.go.jp/portal/sys/v4/symbols/828.png",
				"_iconSize": [
					16,
					16
				],
				"_iconAnchor": [
					8,
					8
				]
			}
		},
		{
			"type": "Feature",
			"geometry": {
				"type": "Point",
				"coordinates": [
					 141.0334,
					 42.4339
				]
			},
			"properties": {
				"name": "JA8/IR-013(カムイヌプリ)",
				"読み":"Kamuinupuri",
				"標高":"750m 4pt ",
				"GL":"QN02mk",
				"市郡区":"C#0130 ",
				"登山日":"",
				"メモ":"",
				"_markerType": "Icon",
				"_iconUrl": "https://maps.gsi.go.jp/portal/sys/v4/symbols/828.png",
				"_iconSize": [
					16,
					16
				],
				"_iconAnchor": [
					8,
					8
				]
			}
		},
		{
			"type": "Feature",
			"geometry": {
				"type": "Point",
				"coordinates": [
					 140.8392,
					 42.544
				]
			},
			"properties": {
				"name": "JA8/IR-014(有珠山(大有珠))",
				"読み":"Usuzan/Oousu",
				"標高":"733m 4pt ",
				"GL":"QN02kn",
				"市郡区":"G#01011B ",
				"登山日":"",
				"メモ":"",
				"_markerType": "Icon",
				"_iconUrl": "https://maps.gsi.go.jp/portal/sys/v4/symbols/828.png",
				"_iconSize": [
					16,
					16
				],
				"_iconAnchor": [
					8,
					8
				]
			}
		},
		{
			"type": "Feature",
			"geometry": {
				"type": "Point",
				"coordinates": [
					 141.2217,
					 42.6731
				]
			},
			"properties": {
				"name": "JA8/IR-015(点704)",
				"読み":"P704",
				"標高":"704m 4pt ",
				"GL":"QN02oq",
				"市郡区":"G#01037A ",
				"登山日":"",
				"メモ":"",
				"_markerType": "Icon",
				"_iconUrl": "https://maps.gsi.go.jp/portal/sys/v4/symbols/828.png",
				"_iconSize": [
					16,
					16
				],
				"_iconAnchor": [
					8,
					8
				]
			}
		},
		{
			"type": "Feature",
			"geometry": {
				"type": "Point",
				"coordinates": [
					 140.9471,
					 42.455
				]
			},
			"properties": {
				"name": "JA8/IR-016(稀府岳)",
				"読み":"Mareppudake",
				"標高":"702m 4pt ",
				"GL":"QN02lk",
				"市郡区":"C#0133 ",
				"登山日":"",
				"メモ":"",
				"_markerType": "Icon",
				"_iconUrl": "https://maps.gsi.go.jp/portal/sys/v4/symbols/828.png",
				"_iconSize": [
					16,
					16
				],
				"_iconAnchor": [
					8,
					8
				]
			}
		},
		{
			"type": "Feature",
			"geometry": {
				"type": "Point",
				"coordinates": [
					 141.2972,
					 42.6939
				]
			},
			"properties": {
				"name": "JA8/IR-017(多峰古峰山)",
				"読み":"Tappukoppuyama",
				"標高":"661m 4pt ",
				"GL":"QN02pq",
				"市郡区":"G#01037A / C#0124 ",
				"登山日":"",
				"メモ":"",
				"_markerType": "Icon",
				"_iconUrl": "https://maps.gsi.go.jp/portal/sys/v4/symbols/828.png",
				"_iconSize": [
					16,
					16
				],
				"_iconAnchor": [
					8,
					8
				]
			}
		},
		{
			"type": "Feature",
			"geometry": {
				"type": "Point",
				"coordinates": [
					 140.8733,
					 42.6778
				]
			},
			"properties": {
				"name": "JA8/IR-018(本貫気別(三角点))",
				"読み":"Honnukibetsu",
				"標高":"654m 4pt ",
				"GL":"QN02kq",
				"市郡区":"G#01007D ",
				"登山日":"",
				"メモ":"",
				"_markerType": "Icon",
				"_iconUrl": "https://maps.gsi.go.jp/portal/sys/v4/symbols/828.png",
				"_iconSize": [
					16,
					16
				],
				"_iconAnchor": [
					8,
					8
				]
			}
		},
		{
			"type": "Feature",
			"geometry": {
				"type": "Point",
				"coordinates": [
					 142.0644,
					 42.8741
				]
			},
			"properties": {
				"name": "JA8/IR-019(点640)",
				"読み":"P640",
				"標高":"640m 2pt ",
				"GL":"QN12au",
				"市郡区":"C#0109 / G#01073C ",
				"登山日":"",
				"メモ":"",
				"_markerType": "Icon",
				"_iconUrl": "https://maps.gsi.go.jp/portal/sys/v4/symbols/102.png",
				"_iconSize": [
					16,
					16
				],
				"_iconAnchor": [
					8,
					8
				]
			}
		},
		{
			"type": "Feature",
			"geometry": {
				"type": "Point",
				"coordinates": [
					 141.2348,
					 42.6655
				]
			},
			"properties": {
				"name": "JA8/IR-020(宇当留(三角点))",
				"読み":"Utoru",
				"標高":"631m 2pt ",
				"GL":"QN02op",
				"市郡区":"G#01037A ",
				"登山日":"",
				"メモ":"",
				"_markerType": "Icon",
				"_iconUrl": "https://maps.gsi.go.jp/portal/sys/v4/symbols/102.png",
				"_iconSize": [
					16,
					16
				],
				"_iconAnchor": [
					8,
					8
				]
			}
		},
		{
			"type": "Feature",
			"geometry": {
				"type": "Point",
				"coordinates": [
					 140.7612,
					 42.5912
				]
			},
			"properties": {
				"name": "JA8/IR-021(ウィンザーグレートピーク)",
				"読み":"WindsorGreatPeak",
				"標高":"625m 2pt ",
				"GL":"QN02jo",
				"市郡区":"G#01007D ",
				"登山日":"",
				"メモ":"",
				"_markerType": "Icon",
				"_iconUrl": "https://maps.gsi.go.jp/portal/sys/v4/symbols/102.png",
				"_iconSize": [
					16,
					16
				],
				"_iconAnchor": [
					8,
					8
				]
			}
		},
		{
			"type": "Feature",
			"geometry": {
				"type": "Point",
				"coordinates": [
					 141.1645,
					 42.5218
				]
			},
			"properties": {
				"name": "JA8/IR-022(窟太郎子(三角点))",
				"読み":"Kuttarushi",
				"標高":"581m 2pt ",
				"GL":"QN02nm",
				"市郡区":"G#01037A / C#0130 ",
				"登山日":"",
				"メモ":"",
				"_markerType": "Icon",
				"_iconUrl": "https://maps.gsi.go.jp/portal/sys/v4/symbols/102.png",
				"_iconSize": [
					16,
					16
				],
				"_iconAnchor": [
					8,
					8
				]
			}
		},
		{
			"type": "Feature",
			"geometry": {
				"type": "Point",
				"coordinates": [
					 141.1596,
					 42.4914
				]
			},
			"properties": {
				"name": "JA8/IR-023(四方嶺)",
				"読み":"Shihourei",
				"標高":"549m 2pt ",
				"GL":"QN02nl",
				"市郡区":"C#0130 ",
				"登山日":"",
				"メモ":"",
				"_markerType": "Icon",
				"_iconUrl": "https://maps.gsi.go.jp/portal/sys/v4/symbols/102.png",
				"_iconSize": [
					16,
					16
				],
				"_iconAnchor": [
					8,
					8
				]
			}
		},
		{
			"type": "Feature",
			"geometry": {
				"type": "Point",
				"coordinates": [
					 141.2025,
					 42.4974
				]
			},
			"properties": {
				"name": "JA8/IR-024(窟太郎山)",
				"読み":"Kuttarouyama",
				"標高":"534m 2pt ",
				"GL":"QN02ol",
				"市郡区":"G#01037A ",
				"登山日":"",
				"メモ":"",
				"_markerType": "Icon",
				"_iconUrl": "https://maps.gsi.go.jp/portal/sys/v4/symbols/102.png",
				"_iconSize": [
					16,
					16
				],
				"_iconAnchor": [
					8,
					8
				]
			}
		},
		{
			"type": "Feature",
			"geometry": {
				"type": "Point",
				"coordinates": [
					 142.1847,
					 42.8075
				]
			},
			"properties": {
				"name": "JA8/IR-025(一本椴(三角点))",
				"読み":"Ipponmomi",
				"標高":"512m 2pt ",
				"GL":"QN12ct",
				"市郡区":"G#01073G ",
				"登山日":"",
				"メモ":"",
				"_markerType": "Icon",
				"_iconUrl": "https://maps.gsi.go.jp/portal/sys/v4/symbols/102.png",
				"_iconSize": [
					16,
					16
				],
				"_iconAnchor": [
					8,
					8
				]
			}
		},
		{
			"type": "Feature",
			"geometry": {
				"type": "Point",
				"coordinates": [
					 141.4133,
					 42.7538
				]
			},
			"properties": {
				"name": "JA8/IR-026(モラップ山)",
				"読み":"Morappuyama",
				"標高":"506m 2pt ",
				"GL":"QN02qs",
				"市郡区":"C#0113 / C#0124 ",
				"登山日":"",
				"メモ":"",
				"_markerType": "Icon",
				"_iconUrl": "https://maps.gsi.go.jp/portal/sys/v4/symbols/102.png",
				"_iconSize": [
					16,
					16
				],
				"_iconAnchor": [
					8,
					8
				]
			}
		},
		{
			"type": "Feature",
			"geometry": {
				"type": "Point",
				"coordinates": [
					 140.8432,
					 42.6037
				]
			},
			"properties": {
				"name": "JA8/IR-027(洞爺湖(三角点)(洞爺湖内))",
				"読み":"Touyako",
				"標高":"455m 1pt ",
				"GL":"QN02ko",
				"市郡区":"G#01007D / G#01011B ",
				"登山日":"",
				"メモ":"",
				"_markerType": "Icon",
				"_iconUrl": "https://maps.gsi.go.jp/portal/sys/v4/symbols/826.png",
				"_iconSize": [
					16,
					16
				],
				"_iconAnchor": [
					8,
					8
				]
			}
		},
		{
			"type": "Feature",
			"geometry": {
				"type": "Point",
				"coordinates": [
					 140.8643,
					 42.5425
				]
			},
			"properties": {
				"name": "JA8/IR-028(昭和新山)",
				"読み":"Shouwashinzan",
				"標高":"398m 1pt ",
				"GL":"QN02kn",
				"市郡区":"G#01011B ",
				"登山日":"",
				"メモ":"",
				"_markerType": "Icon",
				"_iconUrl": "https://maps.gsi.go.jp/portal/sys/v4/symbols/826.png",
				"_iconSize": [
					16,
					16
				],
				"_iconAnchor": [
					8,
					8
				]
			}
		},
		{
			"type": "Feature",
			"geometry": {
				"type": "Point",
				"coordinates": [
					 140.8609,
					 42.5998
				]
			},
			"properties": {
				"name": "JA8/IR-029(点376(洞爺湖内))",
				"読み":"P376/Touyako",
				"標高":"376m 1pt ",
				"GL":"QN02ko",
				"市郡区":"G#01011B ",
				"登山日":"",
				"メモ":"",
				"_markerType": "Icon",
				"_iconUrl": "https://maps.gsi.go.jp/portal/sys/v4/symbols/826.png",
				"_iconSize": [
					16,
					16
				],
				"_iconAnchor": [
					8,
					8
				]
			}
		},
		{
			"type": "Feature",
			"geometry": {
				"type": "Point",
				"coordinates": [
					 140.8529,
					 42.6083
				]
			},
			"properties": {
				"name": "JA8/IR-030(点363(洞爺湖内))",
				"読み":"P363/Touyako",
				"標高":"363m 1pt ",
				"GL":"QN02ko",
				"市郡区":"G#01007D ",
				"登山日":"",
				"メモ":"",
				"_markerType": "Icon",
				"_iconUrl": "https://maps.gsi.go.jp/portal/sys/v4/symbols/826.png",
				"_iconSize": [
					16,
					16
				],
				"_iconAnchor": [
					8,
					8
				]
			}
		},
		{
			"type": "Feature",
			"geometry": {
				"type": "Point",
				"coordinates": [
					 142.1544,
					 42.8352
				]
			},
			"properties": {
				"name": "JA8/IR-031(斗内(三角点))",
				"読み":"Tonai",
				"標高":"405m 1pt ",
				"GL":"QN12bu",
				"市郡区":"G#01073G ",
				"登山日":"",
				"メモ":"",
				"_markerType": "Icon",
				"_iconUrl": "https://maps.gsi.go.jp/portal/sys/v4/symbols/826.png",
				"_iconSize": [
					16,
					16
				],
				"_iconAnchor": [
					8,
					8
				]
			}
		},
		{
			"type": "Feature",
			"geometry": {
				"type": "Point",
				"coordinates": [
					 140.6087,
					 42.5915
				]
			},
			"properties": {
				"name": "JA8/IR-032(仁奈熊内(三角点))",
				"読み":"Ninakumanai",
				"標高":"303m 1pt ",
				"GL":"QN02ho",
				"市郡区":"G#01007C ",
				"登山日":"",
				"メモ":"",
				"_markerType": "Icon",
				"_iconUrl": "https://maps.gsi.go.jp/portal/sys/v4/symbols/826.png",
				"_iconSize": [
					16,
					16
				],
				"_iconAnchor": [
					8,
					8
				]
			}
		},
		{
			"type": "Feature",
			"geometry": {
				"type": "Point",
				"coordinates": [
					 140.9582,
					 42.322
				]
			},
			"properties": {
				"name": "JA8/IR-033(測量山)",
				"読み":"Sokuryoyama",
				"標高":"199m 1pt ",
				"GL":"QN02lh",
				"市郡区":"C#0105 ",
				"登山日":"",
				"メモ":"",
				"_markerType": "Icon",
				"_iconUrl": "https://maps.gsi.go.jp/portal/sys/v4/symbols/826.png",
				"_iconSize": [
					16,
					16
				],
				"_iconAnchor": [
					8,
					8
				]
			}
		},
		{
			"type": "Feature",
			"geometry": {
				"type": "Point",
				"coordinates": [
					 141.0075,
					 42.3205
				]
			},
			"properties": {
				"name": "JA8/IR-034(母恋(三角点))",
				"読み":"Bokoi",
				"標高":"188m 1pt ",
				"GL":"QN02mh",
				"市郡区":"C#0105 ",
				"登山日":"",
				"メモ":"",
				"_markerType": "Icon",
				"_iconUrl": "https://maps.gsi.go.jp/portal/sys/v4/symbols/826.png",
				"_iconSize": [
					16,
					16
				],
				"_iconAnchor": [
					8,
					8
				]
			}
		},
		{
			"type": "Feature",
			"geometry": {
				"type": "Point",
				"coordinates": [
					 141.4877,
					 43.6847
				]
			},
			"properties": {
				"name": "JA8/IS-001(群別岳)",
				"読み":"Kunbetsudake",
				"標高":"1376m 8pt ",
				"GL":"QN03rq",
				"市郡区":"C#0135 / G#01066A ",
				"登山日":"",
				"メモ":"",
				"_markerType": "Icon",
				"_iconUrl": "https://maps.gsi.go.jp/portal/sys/v4/symbols/104.png",
				"_iconSize": [
					16,
					16
				],
				"_iconAnchor": [
					8,
					8
				]
			}
		},
		{
			"type": "Feature",
			"geometry": {
				"type": "Point",
				"coordinates": [
					 141.5076,
					 43.6769
				]
			},
			"properties": {
				"name": "JA8/IS-002(奥徳富岳)",
				"読み":"Okutokutomidake",
				"標高":"1346m 8pt ",
				"GL":"QN03sq",
				"市郡区":"C#0135 / G#01020B ",
				"登山日":"",
				"メモ":"",
				"_markerType": "Icon",
				"_iconUrl": "https://maps.gsi.go.jp/portal/sys/v4/symbols/104.png",
				"_iconSize": [
					16,
					16
				],
				"_iconAnchor": [
					8,
					8
				]
			}
		},
		{
			"type": "Feature",
			"geometry": {
				"type": "Point",
				"coordinates": [
					 141.2356,
					 42.8264
				]
			},
			"properties": {
				"name": "JA8/IS-003(漁岳(三角点))",
				"読み":"Izaridake",
				"標高":"1327m 8pt ",
				"GL":"QN02ot",
				"市郡区":"C#010106 / C#0131 ",
				"登山日":"",
				"メモ":"",
				"_markerType": "Icon",
				"_iconUrl": "https://maps.gsi.go.jp/portal/sys/v4/symbols/104.png",
				"_iconSize": [
					16,
					16
				],
				"_iconAnchor": [
					8,
					8
				]
			}
		},
		{
			"type": "Feature",
			"geometry": {
				"type": "Point",
				"coordinates": [
					 141.2854,
					 42.7933
				]
			},
			"properties": {
				"name": "JA8/IS-004(恵庭岳)",
				"読み":"Eniwadake",
				"標高":"1320m 8pt ",
				"GL":"QN02pt",
				"市郡区":"C#0124 ",
				"登山日":"",
				"メモ":"",
				"_markerType": "Icon",
				"_iconUrl": "https://maps.gsi.go.jp/portal/sys/v4/symbols/104.png",
				"_iconSize": [
					16,
					16
				],
				"_iconAnchor": [
					8,
					8
				]
			}
		},
		{
			"type": "Feature",
			"geometry": {
				"type": "Point",
				"coordinates": [
					 141.2054,
					 42.877
				]
			},
			"properties": {
				"name": "JA8/IS-005(狭薄山)",
				"読み":"Sausuyama",
				"標高":"1296m 8pt ",
				"GL":"QN02ov",
				"市郡区":"C#010106 ",
				"登山日":"",
				"メモ":"",
				"_markerType": "Icon",
				"_iconUrl": "https://maps.gsi.go.jp/portal/sys/v4/symbols/104.png",
				"_iconSize": [
					16,
					16
				],
				"_iconAnchor": [
					8,
					8
				]
			}
		},
		{
			"type": "Feature",
			"geometry": {
				"type": "Point",
				"coordinates": [
					 141.2005,
					 42.9002
				]
			},
			"properties": {
				"name": "JA8/IS-006(札幌岳)",
				"読み":"Sapporodake",
				"標高":"1293m 8pt ",
				"GL":"QN02ov",
				"市郡区":"C#010106 ",
				"登山日":"",
				"メモ":"",
				"_markerType": "Icon",
				"_iconUrl": "https://maps.gsi.go.jp/portal/sys/v4/symbols/104.png",
				"_iconSize": [
					16,
					16
				],
				"_iconAnchor": [
					8,
					8
				]
			}
		},
		{
			"type": "Feature",
			"geometry": {
				"type": "Point",
				"coordinates": [
					 141.1086,
					 43.0108
				]
			},
			"properties": {
				"name": "JA8/IS-007(天狗岳)",
				"読み":"Tenguyama",
				"標高":"1145m 8pt ",
				"GL":"QN03na",
				"市郡区":"C#010106 ",
				"登山日":"",
				"メモ":"",
				"_markerType": "Icon",
				"_iconUrl": "https://maps.gsi.go.jp/portal/sys/v4/symbols/104.png",
				"_iconSize": [
					16,
					16
				],
				"_iconAnchor": [
					8,
					8
				]
			}
		},
		{
			"type": "Feature",
			"geometry": {
				"type": "Point",
				"coordinates": [
					 141.1846,
					 43.0119
				]
			},
			"properties": {
				"name": "JA8/IS-008(烏帽子岳)",
				"読み":"Eboshidake",
				"標高":"1109m 8pt ",
				"GL":"QN03oa",
				"市郡区":"C#010106 ",
				"登山日":"",
				"メモ":"",
				"_markerType": "Icon",
				"_iconUrl": "https://maps.gsi.go.jp/portal/sys/v4/symbols/104.png",
				"_iconSize": [
					16,
					16
				],
				"_iconAnchor": [
					8,
					8
				]
			}
		},
		{
			"type": "Feature",
			"geometry": {
				"type": "Point",
				"coordinates": [
					 141.3589,
					 42.7169
				]
			},
			"properties": {
				"name": "JA8/IS-009(風不死岳)",
				"読み":"Fuppushidake",
				"標高":"1102m 8pt ",
				"GL":"QN02qr",
				"市郡区":"C#0124 ",
				"登山日":"",
				"メモ":"",
				"_markerType": "Icon",
				"_iconUrl": "https://maps.gsi.go.jp/portal/sys/v4/symbols/104.png",
				"_iconSize": [
					16,
					16
				],
				"_iconAnchor": [
					8,
					8
				]
			}
		},
		{
			"type": "Feature",
			"geometry": {
				"type": "Point",
				"coordinates": [
					 141.0944,
					 43.0306
				]
			},
			"properties": {
				"name": "JA8/IS-010(点1083)",
				"読み":"P1083",
				"標高":"1083m 6pt ",
				"GL":"QN03na",
				"市郡区":"C#010106 ",
				"登山日":"",
				"メモ":"",
				"_markerType": "Icon",
				"_iconUrl": "https://maps.gsi.go.jp/portal/sys/v4/symbols/103.png",
				"_iconSize": [
					16,
					16
				],
				"_iconAnchor": [
					8,
					8
				]
			}
		},
		{
			"type": "Feature",
			"geometry": {
				"type": "Point",
				"coordinates": [
					 141.6625,
					 43.5005
				]
			},
			"properties": {
				"name": "JA8/IS-011(神居尻山)",
				"読み":"Kamuishiriyama",
				"標高":"947m 6pt ",
				"GL":"QN03tm",
				"市郡区":"G#01008C ",
				"登山日":"",
				"メモ":"",
				"_markerType": "Icon",
				"_iconUrl": "https://maps.gsi.go.jp/portal/sys/v4/symbols/103.png",
				"_iconSize": [
					16,
					16
				],
				"_iconAnchor": [
					8,
					8
				]
			}
		},
		{
			"type": "Feature",
			"geometry": {
				"type": "Point",
				"coordinates": [
					 141.1037,
					 43.1136
				]
			},
			"properties": {
				"name": "JA8/IS-012(春香山)",
				"読み":"Harukayama",
				"標高":"907m 6pt ",
				"GL":"QN03nc",
				"市郡区":"C#010106 ",
				"登山日":"",
				"メモ":"",
				"_markerType": "Icon",
				"_iconUrl": "https://maps.gsi.go.jp/portal/sys/v4/symbols/103.png",
				"_iconSize": [
					16,
					16
				],
				"_iconAnchor": [
					8,
					8
				]
			}
		},
		{
			"type": "Feature",
			"geometry": {
				"type": "Point",
				"coordinates": [
					 141.3942,
					 42.794
				]
			},
			"properties": {
				"name": "JA8/IS-013(紋別岳)",
				"読み":"Monbetsudake",
				"標高":"866m 6pt ",
				"GL":"QN02qt",
				"市郡区":"C#0124 ",
				"登山日":"",
				"メモ":"",
				"_markerType": "Icon",
				"_iconUrl": "https://maps.gsi.go.jp/portal/sys/v4/symbols/103.png",
				"_iconSize": [
					16,
					16
				],
				"_iconAnchor": [
					8,
					8
				]
			}
		},
		{
			"type": "Feature",
			"geometry": {
				"type": "Point",
				"coordinates": [
					 141.3457,
					 42.8238
				]
			},
			"properties": {
				"name": "JA8/IS-014(イチャンコッペ山)",
				"読み":"Ichankoppesan",
				"標高":"829m 4pt ",
				"GL":"QN02qt",
				"市郡区":"C#0131 ",
				"登山日":"",
				"メモ":"",
				"_markerType": "Icon",
				"_iconUrl": "https://maps.gsi.go.jp/portal/sys/v4/symbols/828.png",
				"_iconSize": [
					16,
					16
				],
				"_iconAnchor": [
					8,
					8
				]
			}
		},
		{
			"type": "Feature",
			"geometry": {
				"type": "Point",
				"coordinates": [
					 141.4731,
					 43.6241
				]
			},
			"properties": {
				"name": "JA8/IS-015(黄金山)",
				"読み":"Ougonzan",
				"標高":"739m 4pt ",
				"GL":"QN03ro",
				"市郡区":"C#0135 ",
				"登山日":"",
				"メモ":"",
				"_markerType": "Icon",
				"_iconUrl": "https://maps.gsi.go.jp/portal/sys/v4/symbols/828.png",
				"_iconSize": [
					16,
					16
				],
				"_iconAnchor": [
					8,
					8
				]
			}
		},
		{
			"type": "Feature",
			"geometry": {
				"type": "Point",
				"coordinates": [
					 141.5257,
					 43.5362
				]
			},
			"properties": {
				"name": "JA8/IS-016(別狩岳)",
				"読み":"Betsukaridake",
				"標高":"726m 4pt ",
				"GL":"QN03sm",
				"市郡区":"G#01008C / C#0135 ",
				"登山日":"",
				"メモ":"",
				"_markerType": "Icon",
				"_iconUrl": "https://maps.gsi.go.jp/portal/sys/v4/symbols/828.png",
				"_iconSize": [
					16,
					16
				],
				"_iconAnchor": [
					8,
					8
				]
			}
		},
		{
			"type": "Feature",
			"geometry": {
				"type": "Point",
				"coordinates": [
					 141.3159,
					 42.8124
				]
			},
			"properties": {
				"name": "JA8/IS-017(点720(幌平(三角点)近傍))",
				"読み":"P720",
				"標高":"720m 4pt ",
				"GL":"QN02pt",
				"市郡区":"C#0124 / C#0131 ",
				"登山日":"",
				"メモ":"",
				"_markerType": "Icon",
				"_iconUrl": "https://maps.gsi.go.jp/portal/sys/v4/symbols/828.png",
				"_iconSize": [
					16,
					16
				],
				"_iconAnchor": [
					8,
					8
				]
			}
		},
		{
			"type": "Feature",
			"geometry": {
				"type": "Point",
				"coordinates": [
					 141.427,
					 43.5207
				]
			},
			"properties": {
				"name": "JA8/IS-018(点693)",
				"読み":"P693",
				"標高":"693m 4pt ",
				"GL":"QN03rm",
				"市郡区":"C#0135 ",
				"登山日":"",
				"メモ":"",
				"_markerType": "Icon",
				"_iconUrl": "https://maps.gsi.go.jp/portal/sys/v4/symbols/828.png",
				"_iconSize": [
					16,
					16
				],
				"_iconAnchor": [
					8,
					8
				]
			}
		},
		{
			"type": "Feature",
			"geometry": {
				"type": "Point",
				"coordinates": [
					 141.4718,
					 43.5157
				]
			},
			"properties": {
				"name": "JA8/IS-019(円錐峰)",
				"読み":"Ensuihou",
				"標高":"690m 4pt ",
				"GL":"QN03rm",
				"市郡区":"C#0135 ",
				"登山日":"",
				"メモ":"",
				"_markerType": "Icon",
				"_iconUrl": "https://maps.gsi.go.jp/portal/sys/v4/symbols/828.png",
				"_iconSize": [
					16,
					16
				],
				"_iconAnchor": [
					8,
					8
				]
			}
		},
		{
			"type": "Feature",
			"geometry": {
				"type": "Point",
				"coordinates": [
					 141.482,
					 43.5369
				]
			},
			"properties": {
				"name": "JA8/IS-021(点664(幌内山近傍))",
				"読み":"P664",
				"標高":"664m 4pt ",
				"GL":"QN03rm",
				"市郡区":"C#0135 ",
				"登山日":"",
				"メモ":"",
				"_markerType": "Icon",
				"_iconUrl": "https://maps.gsi.go.jp/portal/sys/v4/symbols/828.png",
				"_iconSize": [
					16,
					16
				],
				"_iconAnchor": [
					8,
					8
				]
			}
		},
		{
			"type": "Feature",
			"geometry": {
				"type": "Point",
				"coordinates": [
					 141.2726,
					 42.9376
				]
			},
			"properties": {
				"name": "JA8/IS-022(焼山(豊平山))",
				"読み":"Yakeyama(Houheizan)",
				"標高":"663m 4pt ",
				"GL":"QN02pw",
				"市郡区":"C#010106 ",
				"登山日":"",
				"メモ":"",
				"_markerType": "Icon",
				"_iconUrl": "https://maps.gsi.go.jp/portal/sys/v4/symbols/828.png",
				"_iconSize": [
					16,
					16
				],
				"_iconAnchor": [
					8,
					8
				]
			}
		},
		{
			"type": "Feature",
			"geometry": {
				"type": "Point",
				"coordinates": [
					 141.4454,
					 43.4573
				]
			},
			"properties": {
				"name": "JA8/IS-023(安瀬山)",
				"読み":"Yasosukeyama",
				"標高":"654m 4pt ",
				"GL":"QN03rk",
				"市郡区":"C#0135 ",
				"登山日":"",
				"メモ":"",
				"_markerType": "Icon",
				"_iconUrl": "https://maps.gsi.go.jp/portal/sys/v4/symbols/828.png",
				"_iconSize": [
					16,
					16
				],
				"_iconAnchor": [
					8,
					8
				]
			}
		},
		{
			"type": "Feature",
			"geometry": {
				"type": "Point",
				"coordinates": [
					 141.2983,
					 42.9254
				]
			},
			"properties": {
				"name": "JA8/IS-024(点651)",
				"読み":"P651",
				"標高":"651m 4pt ",
				"GL":"QN02pw",
				"市郡区":"C#010106 ",
				"登山日":"",
				"メモ":"",
				"_markerType": "Icon",
				"_iconUrl": "https://maps.gsi.go.jp/portal/sys/v4/symbols/828.png",
				"_iconSize": [
					16,
					16
				],
				"_iconAnchor": [
					8,
					8
				]
			}
		},
		{
			"type": "Feature",
			"geometry": {
				"type": "Point",
				"coordinates": [
					 141.6681,
					 43.4595
				]
			},
			"properties": {
				"name": "JA8/IS-025(二番川奥(三角点))",
				"読み":"Nibangawaoku",
				"標高":"599m 2pt ",
				"GL":"QN03ul",
				"市郡区":"G#01008C ",
				"登山日":"",
				"メモ":"",
				"_markerType": "Icon",
				"_iconUrl": "https://maps.gsi.go.jp/portal/sys/v4/symbols/102.png",
				"_iconSize": [
					16,
					16
				],
				"_iconAnchor": [
					8,
					8
				]
			}
		},
		{
			"type": "Feature",
			"geometry": {
				"type": "Point",
				"coordinates": [
					 141.2878,
					 42.9388
				]
			},
			"properties": {
				"name": "JA8/IS-026(豊見山)",
				"読み":"Toyomiyama",
				"標高":"579m 2pt ",
				"GL":"QN02pw",
				"市郡区":"C#010106 ",
				"登山日":"",
				"メモ":"",
				"_markerType": "Icon",
				"_iconUrl": "https://maps.gsi.go.jp/portal/sys/v4/symbols/102.png",
				"_iconSize": [
					16,
					16
				],
				"_iconAnchor": [
					8,
					8
				]
			}
		},
		{
			"type": "Feature",
			"geometry": {
				"type": "Point",
				"coordinates": [
					 141.3692,
					 42.893
				]
			},
			"properties": {
				"name": "JA8/IS-027(野中山(三角点))",
				"読み":"P539/Nonayayama",
				"標高":"539m 2pt ",
				"GL":"QN02qv",
				"市郡区":"C#010106 ",
				"登山日":"",
				"メモ":"",
				"_markerType": "Icon",
				"_iconUrl": "https://maps.gsi.go.jp/portal/sys/v4/symbols/102.png",
				"_iconSize": [
					16,
					16
				],
				"_iconAnchor": [
					8,
					8
				]
			}
		},
		{
			"type": "Feature",
			"geometry": {
				"type": "Point",
				"coordinates": [
					 141.3223,
					 43.0224
				]
			},
			"properties": {
				"name": "JA8/IS-028(藻岩山)",
				"読み":"Moiwayama",
				"標高":"531m 2pt ",
				"GL":"QN03pa",
				"市郡区":"C#010106 ",
				"登山日":"",
				"メモ":"",
				"_markerType": "Icon",
				"_iconUrl": "https://maps.gsi.go.jp/portal/sys/v4/symbols/102.png",
				"_iconSize": [
					16,
					16
				],
				"_iconAnchor": [
					8,
					8
				]
			}
		},
		{
			"type": "Feature",
			"geometry": {
				"type": "Point",
				"coordinates": [
					 141.4221,
					 42.8922
				]
			},
			"properties": {
				"name": "JA8/IS-029(島松山)",
				"読み":"Shimamatsuyama",
				"標高":"506m 2pt ",
				"GL":"QN02rv",
				"市郡区":"C#0134 / C#0131 / C#010110",
				"登山日":"",
				"メモ":"",
				"_markerType": "Icon",
				"_iconUrl": "https://maps.gsi.go.jp/portal/sys/v4/symbols/102.png",
				"_iconSize": [
					16,
					16
				],
				"_iconAnchor": [
					8,
					8
				]
			}
		},
		{
			"type": "Feature",
			"geometry": {
				"type": "Point",
				"coordinates": [
					 141.4059,
					 42.765
				]
			},
			"properties": {
				"name": "JA8/IS-030(キムンモラップ山)",
				"読み":"Kimunmorappuyama",
				"標高":"478m 1pt ",
				"GL":"QN02qs",
				"市郡区":"C#0124 / C#0113 ",
				"登山日":"",
				"メモ":"",
				"_markerType": "Icon",
				"_iconUrl": "https://maps.gsi.go.jp/portal/sys/v4/symbols/826.png",
				"_iconSize": [
					16,
					16
				],
				"_iconAnchor": [
					8,
					8
				]
			}
		},
		{
			"type": "Feature",
			"geometry": {
				"type": "Point",
				"coordinates": [
					 141.5207,
					 43.3079
				]
			},
			"properties": {
				"name": "JA8/IS-031(阿蘇岩山)",
				"読み":"Asoiwayama",
				"標高":"418m 1pt ",
				"GL":"QN03sh",
				"市郡区":"C#0135 / G#01008C ",
				"登山日":"",
				"メモ":"",
				"_markerType": "Icon",
				"_iconUrl": "https://maps.gsi.go.jp/portal/sys/v4/symbols/826.png",
				"_iconSize": [
					16,
					16
				],
				"_iconAnchor": [
					8,
					8
				]
			}
		},
		{
			"type": "Feature",
			"geometry": {
				"type": "Point",
				"coordinates": [
					 141.3149,
					 42.972
				]
			},
			"properties": {
				"name": "JA8/IS-032(硬石山)",
				"読み":"Kousekiyama",
				"標高":"390m 1pt ",
				"GL":"QN02px",
				"市郡区":"C#010106 ",
				"登山日":"",
				"メモ":"",
				"_markerType": "Icon",
				"_iconUrl": "https://maps.gsi.go.jp/portal/sys/v4/symbols/826.png",
				"_iconSize": [
					16,
					16
				],
				"_iconAnchor": [
					8,
					8
				]
			}
		},
		{
			"type": "Feature",
			"geometry": {
				"type": "Point",
				"coordinates": [
					 141.5357,
					 43.5895
				]
			},
			"properties": {
				"name": "JA8/IS-033(磐ノ沢(三角点))",
				"読み":"Iwanosawa",
				"標高":"384m 1pt ",
				"GL":"QN03so",
				"市郡区":"C#0135 ",
				"登山日":"",
				"メモ":"",
				"_markerType": "Icon",
				"_iconUrl": "https://maps.gsi.go.jp/portal/sys/v4/symbols/826.png",
				"_iconSize": [
					16,
					16
				],
				"_iconAnchor": [
					8,
					8
				]
			}
		},
		{
			"type": "Feature",
			"geometry": {
				"type": "Point",
				"coordinates": [
					 141.5816,
					 43.301
				]
			},
			"properties": {
				"name": "JA8/IS-034(中小屋２(三角点))",
				"読み":"Nakagoya2",
				"標高":"309m 1pt ",
				"GL":"QN03sh",
				"市郡区":"G#01008C ",
				"登山日":"",
				"メモ":"",
				"_markerType": "Icon",
				"_iconUrl": "https://maps.gsi.go.jp/portal/sys/v4/symbols/826.png",
				"_iconSize": [
					16,
					16
				],
				"_iconAnchor": [
					8,
					8
				]
			}
		},
		{
			"type": "Feature",
			"geometry": {
				"type": "Point",
				"coordinates": [
					 141.2537,
					 42.865
				]
			},
			"properties": {
				"name": "JA8/IS-035(空沼岳)",
				"読み":"Soranumadake",
				"標高":"1251m 8pt ",
				"GL":"QN02pu",
				"市郡区":"C#010106 / C#0131 ",
				"登山日":"",
				"メモ":"",
				"_markerType": "Icon",
				"_iconUrl": "https://maps.gsi.go.jp/portal/sys/v4/symbols/104.png",
				"_iconSize": [
					16,
					16
				],
				"_iconAnchor": [
					8,
					8
				]
			}
		},
		{
			"type": "Feature",
			"geometry": {
				"type": "Point",
				"coordinates": [
					 141.1926,
					 43.0767
				]
			},
			"properties": {
				"name": "JA8/IS-036(手稲山)",
				"読み":"Teineyama",
				"標高":"1023m 6pt ",
				"GL":"QN03ob",
				"市郡区":"C#010107 / C#010109 ",
				"登山日":"",
				"メモ":"",
				"_markerType": "Icon",
				"_iconUrl": "https://maps.gsi.go.jp/portal/sys/v4/symbols/103.png",
				"_iconSize": [
					16,
					16
				],
				"_iconAnchor": [
					8,
					8
				]
			}
		},
		{
			"type": "Feature",
			"geometry": {
				"type": "Point",
				"coordinates": [
					 141.5268,
					 43.6474
				]
			},
			"properties": {
				"name": "JA8/IS-037(知来岳)",
				"読み":"Chiraidake",
				"標高":"988m 6pt ",
				"GL":"QN03sp",
				"市郡区":"C#0135 / G#01020B ",
				"登山日":"",
				"メモ":"",
				"_markerType": "Icon",
				"_iconUrl": "https://maps.gsi.go.jp/portal/sys/v4/symbols/103.png",
				"_iconSize": [
					16,
					16
				],
				"_iconAnchor": [
					8,
					8
				]
			}
		},
		{
			"type": "Feature",
			"geometry": {
				"type": "Point",
				"coordinates": [
					 141.2589,
					 42.9975
				]
			},
			"properties": {
				"name": "JA8/IS-038(砥石山)",
				"読み":"Toishiyama",
				"標高":"826m 4pt ",
				"GL":"QN02px",
				"市郡区":"C#010101 / C#010106 ",
				"登山日":"",
				"メモ":"",
				"_markerType": "Icon",
				"_iconUrl": "https://maps.gsi.go.jp/portal/sys/v4/symbols/828.png",
				"_iconSize": [
					16,
					16
				],
				"_iconAnchor": [
					8,
					8
				]
			}
		},
		{
			"type": "Feature",
			"geometry": {
				"type": "Point",
				"coordinates": [
					 141.5559,
					 43.48
				]
			},
			"properties": {
				"name": "JA8/IS-039(別狩岳近傍)",
				"読み":"NearBetsukaridake",
				"標高":"670m 4pt ",
				"GL":"QN03sl",
				"市郡区":"G#01008C / C#0135 ",
				"登山日":"",
				"メモ":"",
				"_markerType": "Icon",
				"_iconUrl": "https://maps.gsi.go.jp/portal/sys/v4/symbols/828.png",
				"_iconSize": [
					16,
					16
				],
				"_iconAnchor": [
					8,
					8
				]
			}
		},
		{
			"type": "Feature",
			"geometry": {
				"type": "Point",
				"coordinates": [
					 141.5631,
					 43.5416
				]
			},
			"properties": {
				"name": "JA8/IS-040(中山)",
				"読み":"Nakayama",
				"標高":"426m 1pt ",
				"GL":"QN03sm",
				"市郡区":"G#01008C ",
				"登山日":"",
				"メモ":"",
				"_markerType": "Icon",
				"_iconUrl": "https://maps.gsi.go.jp/portal/sys/v4/symbols/826.png",
				"_iconSize": [
					16,
					16
				],
				"_iconAnchor": [
					8,
					8
				]
			}
		},
		{
			"type": "Feature",
			"geometry": {
				"type": "Point",
				"coordinates": [
					 142.8541,
					 43.6636
				]
			},
			"properties": {
				"name": "JA8/KK-001(大雪山(旭岳))",
				"読み":"Taisetsuzan/Asahidake",
				"標高":"2291m 10pt ",
				"GL":"QN13kp",
				"市郡区":"G#01023K ",
				"登山日":"",
				"メモ":"",
				"_markerType": "Icon",
				"_iconUrl": "https://maps.gsi.go.jp/portal/sys/v4/symbols/101.png",
				"_iconSize": [
					16,
					16
				],
				"_iconAnchor": [
					8,
					8
				]
			}
		},
		{
			"type": "Feature",
			"geometry": {
				"type": "Point",
				"coordinates": [
					 142.8799,
					 43.6928
				]
			},
			"properties": {
				"name": "JA8/KK-002(大雪山(北鎮岳))",
				"読み":"Taisetsuzan/Hokuchindake",
				"標高":"2244m 10pt ",
				"GL":"QN13kq",
				"市郡区":"G#01023B / G#01023K ",
				"登山日":"",
				"メモ":"",
				"_markerType": "Icon",
				"_iconUrl": "https://maps.gsi.go.jp/portal/sys/v4/symbols/101.png",
				"_iconSize": [
					16,
					16
				],
				"_iconAnchor": [
					8,
					8
				]
			}
		},
		{
			"type": "Feature",
			"geometry": {
				"type": "Point",
				"coordinates": [
					 142.9059,
					 43.6612
				]
			},
			"properties": {
				"name": "JA8/KK-003(大雪山(白雲岳))",
				"読み":"Taisetsuzan/Hakuundake",
				"標高":"2230m 10pt ",
				"GL":"QN13kp",
				"市郡区":"G#01023B / G#01023I ",
				"登山日":"",
				"メモ":"",
				"_markerType": "Icon",
				"_iconUrl": "https://maps.gsi.go.jp/portal/sys/v4/symbols/101.png",
				"_iconSize": [
					16,
					16
				],
				"_iconAnchor": [
					8,
					8
				]
			}
		},
		{
			"type": "Feature",
			"geometry": {
				"type": "Point",
				"coordinates": [
					 142.897,
					 43.6982
				]
			},
			"properties": {
				"name": "JA8/KK-004(大雪山(凌雲岳))",
				"読み":"Taisetsuzan/Ryouundake",
				"標高":"2125m 10pt ",
				"GL":"QN13kq",
				"市郡区":"G#01023B ",
				"登山日":"",
				"メモ":"",
				"_markerType": "Icon",
				"_iconUrl": "https://maps.gsi.go.jp/portal/sys/v4/symbols/101.png",
				"_iconSize": [
					16,
					16
				],
				"_iconAnchor": [
					8,
					8
				]
			}
		},
		{
			"type": "Feature",
			"geometry": {
				"type": "Point",
				"coordinates": [
					 142.6863,
					 43.4178
				]
			},
			"properties": {
				"name": "JA8/KK-005(十勝岳)",
				"読み":"Tokachidake",
				"標高":"2077m 10pt ",
				"GL":"QN13ik",
				"市郡区":"G#01043B / G#01022B / G#01023I",
				"登山日":"",
				"メモ":"",
				"_markerType": "Icon",
				"_iconUrl": "https://maps.gsi.go.jp/portal/sys/v4/symbols/101.png",
				"_iconSize": [
					16,
					16
				],
				"_iconAnchor": [
					8,
					8
				]
			}
		},
		{
			"type": "Feature",
			"geometry": {
				"type": "Point",
				"coordinates": [
					 142.7065,
					 43.4399
				]
			},
			"properties": {
				"name": "JA8/KK-006(美瑛岳)",
				"読み":"Bieidake",
				"標高":"2052m 10pt ",
				"GL":"QN13ik",
				"市郡区":"G#01023I ",
				"登山日":"",
				"メモ":"",
				"_markerType": "Icon",
				"_iconUrl": "https://maps.gsi.go.jp/portal/sys/v4/symbols/101.png",
				"_iconSize": [
					16,
					16
				],
				"_iconAnchor": [
					8,
					8
				]
			}
		},
		{
			"type": "Feature",
			"geometry": {
				"type": "Point",
				"coordinates": [
					 143.0223,
					 43.5465
				]
			},
			"properties": {
				"name": "JA8/KK-007(石狩岳)",
				"読み":"Ishikaridake",
				"標高":"1967m 10pt ",
				"GL":"QN13mn",
				"市郡区":"G#01023B / G#01019B ",
				"登山日":"",
				"メモ":"",
				"_markerType": "Icon",
				"_iconUrl": "https://maps.gsi.go.jp/portal/sys/v4/symbols/101.png",
				"_iconSize": [
					16,
					16
				],
				"_iconAnchor": [
					8,
					8
				]
			}
		},
		{
			"type": "Feature",
			"geometry": {
				"type": "Point",
				"coordinates": [
					 142.8945,
					 43.5911
				]
			},
			"properties": {
				"name": "JA8/KK-008(忠別岳)",
				"読み":"Chuubetsudake",
				"標高":"1963m 10pt ",
				"GL":"QN13ko",
				"市郡区":"G#01023B / G#01023I ",
				"登山日":"",
				"メモ":"",
				"_markerType": "Icon",
				"_iconUrl": "https://maps.gsi.go.jp/portal/sys/v4/symbols/101.png",
				"_iconSize": [
					16,
					16
				],
				"_iconAnchor": [
					8,
					8
				]
			}
		},
		{
			"type": "Feature",
			"geometry": {
				"type": "Point",
				"coordinates": [
					 142.8614,
					 43.5653
				]
			},
			"properties": {
				"name": "JA8/KK-009(化雲岳)",
				"読み":"Kaundake",
				"標高":"1955m 10pt ",
				"GL":"QN13kn",
				"市郡区":"G#01022B / G#01023I ",
				"登山日":"",
				"メモ":"",
				"_markerType": "Icon",
				"_iconUrl": "https://maps.gsi.go.jp/portal/sys/v4/symbols/101.png",
				"_iconSize": [
					16,
					16
				],
				"_iconAnchor": [
					8,
					8
				]
			}
		},
		{
			"type": "Feature",
			"geometry": {
				"type": "Point",
				"coordinates": [
					 143.0353,
					 43.5618
				]
			},
			"properties": {
				"name": "JA8/KK-010(音更山)",
				"読み":"Otofukeyama",
				"標高":"1932m 10pt ",
				"GL":"QN13mn",
				"市郡区":"G#01023B / G#01019B ",
				"登山日":"",
				"メモ":"",
				"_markerType": "Icon",
				"_iconUrl": "https://maps.gsi.go.jp/portal/sys/v4/symbols/101.png",
				"_iconSize": [
					16,
					16
				],
				"_iconAnchor": [
					8,
					8
				]
			}
		},
		{
			"type": "Feature",
			"geometry": {
				"type": "Point",
				"coordinates": [
					 142.635,
					 43.3937
				]
			},
			"properties": {
				"name": "JA8/KK-011(富良野岳)",
				"読み":"Furanodake",
				"標高":"1912m 10pt ",
				"GL":"QN13hj",
				"市郡区":"G#01043B / C#0129 ",
				"登山日":"",
				"メモ":"",
				"_markerType": "Icon",
				"_iconUrl": "https://maps.gsi.go.jp/portal/sys/v4/symbols/101.png",
				"_iconSize": [
					16,
					16
				],
				"_iconAnchor": [
					8,
					8
				]
			}
		},
		{
			"type": "Feature",
			"geometry": {
				"type": "Point",
				"coordinates": [
					 142.7136,
					 43.4526
				]
			},
			"properties": {
				"name": "JA8/KK-012(美瑛富士)",
				"読み":"Bieifuji",
				"標高":"1888m 10pt ",
				"GL":"QN13ik",
				"市郡区":"G#01023I / G#01022B ",
				"登山日":"",
				"メモ":"",
				"_markerType": "Icon",
				"_iconUrl": "https://maps.gsi.go.jp/portal/sys/v4/symbols/101.png",
				"_iconSize": [
					16,
					16
				],
				"_iconAnchor": [
					8,
					8
				]
			}
		},
		{
			"type": "Feature",
			"geometry": {
				"type": "Point",
				"coordinates": [
					 142.9853,
					 43.78
				]
			},
			"properties": {
				"name": "JA8/KK-013(ニセイカウシュッペ山)",
				"読み":"Niseikaushyuppeyama",
				"標高":"1883m 10pt ",
				"GL":"QN13ls",
				"市郡区":"G#01023B ",
				"登山日":"",
				"メモ":"",
				"_markerType": "Icon",
				"_iconUrl": "https://maps.gsi.go.jp/portal/sys/v4/symbols/101.png",
				"_iconSize": [
					16,
					16
				],
				"_iconAnchor": [
					8,
					8
				]
			}
		},
		{
			"type": "Feature",
			"geometry": {
				"type": "Point",
				"coordinates": [
					 143.1765,
					 43.7329
				]
			},
			"properties": {
				"name": "JA8/KK-014(武利岳)",
				"読み":"Muriidake",
				"標高":"1876m 10pt ",
				"GL":"QN13or",
				"市郡区":"G#01070D / G#01023B ",
				"登山日":"",
				"メモ":"",
				"_markerType": "Icon",
				"_iconUrl": "https://maps.gsi.go.jp/portal/sys/v4/symbols/101.png",
				"_iconSize": [
					16,
					16
				],
				"_iconAnchor": [
					8,
					8
				]
			}
		},
		{
			"type": "Feature",
			"geometry": {
				"type": "Point",
				"coordinates": [
					 143.0592,
					 43.7268
				]
			},
			"properties": {
				"name": "JA8/KK-015(屏風岳)",
				"読み":"Byobudake",
				"標高":"1793m 10pt ",
				"GL":"QN13mr",
				"市郡区":"G#01023B ",
				"登山日":"",
				"メモ":"",
				"_markerType": "Icon",
				"_iconUrl": "https://maps.gsi.go.jp/portal/sys/v4/symbols/101.png",
				"_iconSize": [
					16,
					16
				],
				"_iconAnchor": [
					8,
					8
				]
			}
		},
		{
			"type": "Feature",
			"geometry": {
				"type": "Point",
				"coordinates": [
					 143.1605,
					 43.7616
				]
			},
			"properties": {
				"name": "JA8/KK-016(点1760)",
				"読み":"P1760",
				"標高":"1760m 10pt ",
				"GL":"QN13ns",
				"市郡区":"G#01070D / G#01023B ",
				"登山日":"",
				"メモ":"",
				"_markerType": "Icon",
				"_iconUrl": "https://maps.gsi.go.jp/portal/sys/v4/symbols/101.png",
				"_iconSize": [
					16,
					16
				],
				"_iconAnchor": [
					8,
					8
				]
			}
		},
		{
			"type": "Feature",
			"geometry": {
				"type": "Point",
				"coordinates": [
					 143.1605,
					 43.7057
				]
			},
			"properties": {
				"name": "JA8/KK-017(武華山)",
				"読み":"Mukayama",
				"標高":"1759m 10pt ",
				"GL":"QN13nq",
				"市郡区":"C#0108 / G#01023B ",
				"登山日":"",
				"メモ":"",
				"_markerType": "Icon",
				"_iconUrl": "https://maps.gsi.go.jp/portal/sys/v4/symbols/101.png",
				"_iconSize": [
					16,
					16
				],
				"_iconAnchor": [
					8,
					8
				]
			}
		},
		{
			"type": "Feature",
			"geometry": {
				"type": "Point",
				"coordinates": [
					 143.0703,
					 43.5645
				]
			},
			"properties": {
				"name": "JA8/KK-018(ユニ石狩岳)",
				"読み":"Yuniishikaridake",
				"標高":"1756m 10pt ",
				"GL":"QN13mn",
				"市郡区":"G#01023B / G#01019B ",
				"登山日":"",
				"メモ":"",
				"_markerType": "Icon",
				"_iconUrl": "https://maps.gsi.go.jp/portal/sys/v4/symbols/101.png",
				"_iconSize": [
					16,
					16
				],
				"_iconAnchor": [
					8,
					8
				]
			}
		},
		{
			"type": "Feature",
			"geometry": {
				"type": "Point",
				"coordinates": [
					 142.2835,
					 43.2357
				]
			},
			"properties": {
				"name": "JA8/KK-019(芦別岳)",
				"読み":"Ashibetsudake",
				"標高":"1726m 10pt ",
				"GL":"QN13df",
				"市郡区":"C#0129 / G#01043C ",
				"登山日":"",
				"メモ":"",
				"_markerType": "Icon",
				"_iconUrl": "https://maps.gsi.go.jp/portal/sys/v4/symbols/101.png",
				"_iconSize": [
					16,
					16
				],
				"_iconAnchor": [
					8,
					8
				]
			}
		},
		{
			"type": "Feature",
			"geometry": {
				"type": "Point",
				"coordinates": [
					 142.7195,
					 43.3608
				]
			},
			"properties": {
				"name": "JA8/KK-020(下ホロカメットク山)",
				"読み":"Shimohorokamettokuyama",
				"標高":"1668m 10pt ",
				"GL":"QN13ii",
				"市郡区":"G#01022B / G#01043C ",
				"登山日":"",
				"メモ":"",
				"_markerType": "Icon",
				"_iconUrl": "https://maps.gsi.go.jp/portal/sys/v4/symbols/101.png",
				"_iconSize": [
					16,
					16
				],
				"_iconAnchor": [
					8,
					8
				]
			}
		},
		{
			"type": "Feature",
			"geometry": {
				"type": "Point",
				"coordinates": [
					 142.251,
					 43.0997
				]
			},
			"properties": {
				"name": "JA8/KK-021(夕張岳)",
				"読み":"Yuubaridake",
				"標高":"1668m 10pt ",
				"GL":"QN13dc",
				"市郡区":"C#0109 / G#01043C ",
				"登山日":"",
				"メモ":"",
				"_markerType": "Icon",
				"_iconUrl": "https://maps.gsi.go.jp/portal/sys/v4/symbols/101.png",
				"_iconSize": [
					16,
					16
				],
				"_iconAnchor": [
					8,
					8
				]
			}
		},
		{
			"type": "Feature",
			"geometry": {
				"type": "Point",
				"coordinates": [
					 143.1174,
					 43.7343
				]
			},
			"properties": {
				"name": "JA8/KK-022(点1630)",
				"読み":"P1630",
				"標高":"1630m 10pt ",
				"GL":"QN13nr",
				"市郡区":"G#01023B ",
				"登山日":"",
				"メモ":"",
				"_markerType": "Icon",
				"_iconUrl": "https://maps.gsi.go.jp/portal/sys/v4/symbols/101.png",
				"_iconSize": [
					16,
					16
				],
				"_iconAnchor": [
					8,
					8
				]
			}
		},
		{
			"type": "Feature",
			"geometry": {
				"type": "Point",
				"coordinates": [
					 142.6058,
					 43.3818
				]
			},
			"properties": {
				"name": "JA8/KK-023(前富良野岳)",
				"読み":"Maefuranodake",
				"標高":"1625m 10pt ",
				"GL":"QN13hj",
				"市郡区":"C#0129 / G#01043B ",
				"登山日":"",
				"メモ":"",
				"_markerType": "Icon",
				"_iconUrl": "https://maps.gsi.go.jp/portal/sys/v4/symbols/101.png",
				"_iconSize": [
					16,
					16
				],
				"_iconAnchor": [
					8,
					8
				]
			}
		},
		{
			"type": "Feature",
			"geometry": {
				"type": "Point",
				"coordinates": [
					 142.8868,
					 43.9765
				]
			},
			"properties": {
				"name": "JA8/KK-024(前天塩岳)",
				"読み":"Maeteshiodake",
				"標高":"1540m 10pt ",
				"GL":"QN13kx",
				"市郡区":"C#0120 ",
				"登山日":"",
				"メモ":"",
				"_markerType": "Icon",
				"_iconUrl": "https://maps.gsi.go.jp/portal/sys/v4/symbols/101.png",
				"_iconSize": [
					16,
					16
				],
				"_iconAnchor": [
					8,
					8
				]
			}
		},
		{
			"type": "Feature",
			"geometry": {
				"type": "Point",
				"coordinates": [
					 142.6321,
					 43.3398
				]
			},
			"properties": {
				"name": "JA8/KK-025(大麓山)",
				"読み":"Dairokuyama",
				"標高":"1460m 8pt ",
				"GL":"QN13hi",
				"市郡区":"C#0129 / G#01043C ",
				"登山日":"",
				"メモ":"",
				"_markerType": "Icon",
				"_iconUrl": "https://maps.gsi.go.jp/portal/sys/v4/symbols/104.png",
				"_iconSize": [
					16,
					16
				],
				"_iconAnchor": [
					8,
					8
				]
			}
		},
		{
			"type": "Feature",
			"geometry": {
				"type": "Point",
				"coordinates": [
					 142.2843,
					 43.1978
				]
			},
			"properties": {
				"name": "JA8/KK-026(鉢盛山)",
				"読み":"Hachimoriyama",
				"標高":"1453m 8pt ",
				"GL":"QN13de",
				"市郡区":"C#0109 / G#01043C ",
				"登山日":"",
				"メモ":"",
				"_markerType": "Icon",
				"_iconUrl": "https://maps.gsi.go.jp/portal/sys/v4/symbols/104.png",
				"_iconSize": [
					16,
					16
				],
				"_iconAnchor": [
					8,
					8
				]
			}
		},
		{
			"type": "Feature",
			"geometry": {
				"type": "Point",
				"coordinates": [
					 143.0732,
					 43.5956
				]
			},
			"properties": {
				"name": "JA8/KK-027(点1436)",
				"読み":"P1436",
				"標高":"1436m 8pt ",
				"GL":"QN13mo",
				"市郡区":"G#01023B ",
				"登山日":"",
				"メモ":"",
				"_markerType": "Icon",
				"_iconUrl": "https://maps.gsi.go.jp/portal/sys/v4/symbols/104.png",
				"_iconSize": [
					16,
					16
				],
				"_iconAnchor": [
					8,
					8
				]
			}
		},
		{
			"type": "Feature",
			"geometry": {
				"type": "Point",
				"coordinates": [
					 143.1301,
					 43.6125
				]
			},
			"properties": {
				"name": "JA8/KK-028(点1410)",
				"読み":"P1410",
				"標高":"1410m 8pt ",
				"GL":"QN13no",
				"市郡区":"G#01023B ",
				"登山日":"",
				"メモ":"",
				"_markerType": "Icon",
				"_iconUrl": "https://maps.gsi.go.jp/portal/sys/v4/symbols/104.png",
				"_iconSize": [
					16,
					16
				],
				"_iconAnchor": [
					8,
					8
				]
			}
		},
		{
			"type": "Feature",
			"geometry": {
				"type": "Point",
				"coordinates": [
					 142.5978,
					 42.9704
				]
			},
			"properties": {
				"name": "JA8/KK-029(双珠別(三角点))",
				"読み":"Soujyubetsu",
				"標高":"1347m 8pt ",
				"GL":"QN12hx",
				"市郡区":"G#01031A / G#01074A ",
				"登山日":"",
				"メモ":"",
				"_markerType": "Icon",
				"_iconUrl": "https://maps.gsi.go.jp/portal/sys/v4/symbols/104.png",
				"_iconSize": [
					16,
					16
				],
				"_iconAnchor": [
					8,
					8
				]
			}
		},
		{
			"type": "Feature",
			"geometry": {
				"type": "Point",
				"coordinates": [
					 142.291,
					 43.2971
				]
			},
			"properties": {
				"name": "JA8/KK-030(布部岳)",
				"読み":"Nunobedake",
				"標高":"1338m 8pt ",
				"GL":"QN13dh",
				"市郡区":"C#0129 ",
				"登山日":"",
				"メモ":"",
				"_markerType": "Icon",
				"_iconUrl": "https://maps.gsi.go.jp/portal/sys/v4/symbols/104.png",
				"_iconSize": [
					16,
					16
				],
				"_iconAnchor": [
					8,
					8
				]
			}
		},
		{
			"type": "Feature",
			"geometry": {
				"type": "Point",
				"coordinates": [
					 142.7091,
					 43.0252
				]
			},
			"properties": {
				"name": "JA8/KK-031(狩振岳)",
				"読み":"Karifuridake",
				"標高":"1323m 8pt ",
				"GL":"QN13ia",
				"市郡区":"G#01074A / G#01043C ",
				"登山日":"",
				"メモ":"",
				"_markerType": "Icon",
				"_iconUrl": "https://maps.gsi.go.jp/portal/sys/v4/symbols/104.png",
				"_iconSize": [
					16,
					16
				],
				"_iconAnchor": [
					8,
					8
				]
			}
		},
		{
			"type": "Feature",
			"geometry": {
				"type": "Point",
				"coordinates": [
					 142.8781,
					 44.0487
				]
			},
			"properties": {
				"name": "JA8/KK-032(於察頭(三角点))",
				"読み":"Osatsutou",
				"標高":"1290m 8pt ",
				"GL":"QN14kb",
				"市郡区":"G#01070H / C#0120 ",
				"登山日":"",
				"メモ":"",
				"_markerType": "Icon",
				"_iconUrl": "https://maps.gsi.go.jp/portal/sys/v4/symbols/104.png",
				"_iconSize": [
					16,
					16
				],
				"_iconAnchor": [
					8,
					8
				]
			}
		},
		{
			"type": "Feature",
			"geometry": {
				"type": "Point",
				"coordinates": [
					 143.0662,
					 43.6842
				]
			},
			"properties": {
				"name": "JA8/KK-033(点1253(樹海峰近傍))",
				"読み":"P1253",
				"標高":"1253m 8pt ",
				"GL":"QN13mq",
				"市郡区":"G#01023B ",
				"登山日":"",
				"メモ":"",
				"_markerType": "Icon",
				"_iconUrl": "https://maps.gsi.go.jp/portal/sys/v4/symbols/104.png",
				"_iconSize": [
					16,
					16
				],
				"_iconAnchor": [
					8,
					8
				]
			}
		},
		{
			"type": "Feature",
			"geometry": {
				"type": "Point",
				"coordinates": [
					 142.7401,
					 43.6835
				]
			},
			"properties": {
				"name": "JA8/KK-034(日受内(三角点))",
				"読み":"Hiukenai",
				"標高":"1248m 8pt ",
				"GL":"QN13iq",
				"市郡区":"C#0102 / G#01023K / G#01023B",
				"登山日":"",
				"メモ":"",
				"_markerType": "Icon",
				"_iconUrl": "https://maps.gsi.go.jp/portal/sys/v4/symbols/104.png",
				"_iconSize": [
					16,
					16
				],
				"_iconAnchor": [
					8,
					8
				]
			}
		},
		{
			"type": "Feature",
			"geometry": {
				"type": "Point",
				"coordinates": [
					 142.5961,
					 43.0786
				]
			},
			"properties": {
				"name": "JA8/KK-035(トマム山)",
				"読み":"Tomamusan",
				"標高":"1239m 8pt ",
				"GL":"QN13hb",
				"市郡区":"G#01074A / G#01043C ",
				"登山日":"",
				"メモ":"",
				"_markerType": "Icon",
				"_iconUrl": "https://maps.gsi.go.jp/portal/sys/v4/symbols/104.png",
				"_iconSize": [
					16,
					16
				],
				"_iconAnchor": [
					8,
					8
				]
			}
		},
		{
			"type": "Feature",
			"geometry": {
				"type": "Point",
				"coordinates": [
					 142.8303,
					 43.9297
				]
			},
			"properties": {
				"name": "JA8/KK-036(点1217(宇江内山近傍))",
				"読み":"P1217",
				"標高":"1217m 8pt ",
				"GL":"QN13jw",
				"市郡区":"G#01023B / C#0120 ",
				"登山日":"",
				"メモ":"",
				"_markerType": "Icon",
				"_iconUrl": "https://maps.gsi.go.jp/portal/sys/v4/symbols/104.png",
				"_iconSize": [
					16,
					16
				],
				"_iconAnchor": [
					8,
					8
				]
			}
		},
		{
			"type": "Feature",
			"geometry": {
				"type": "Point",
				"coordinates": [
					 142.2875,
					 43.142
				]
			},
			"properties": {
				"name": "JA8/KK-037(吉凶岳)",
				"読み":"Kikkyodake",
				"標高":"1208m 8pt ",
				"GL":"QN13dd",
				"市郡区":"G#01043C ",
				"登山日":"",
				"メモ":"",
				"_markerType": "Icon",
				"_iconUrl": "https://maps.gsi.go.jp/portal/sys/v4/symbols/104.png",
				"_iconSize": [
					16,
					16
				],
				"_iconAnchor": [
					8,
					8
				]
			}
		},
		{
			"type": "Feature",
			"geometry": {
				"type": "Point",
				"coordinates": [
					 142.571,
					 42.9417
				]
			},
			"properties": {
				"name": "JA8/KK-038(点1193)",
				"読み":"P1193",
				"標高":"1193m 8pt ",
				"GL":"QN12gw",
				"市郡区":"G#01031A / G#01074A ",
				"登山日":"",
				"メモ":"",
				"_markerType": "Icon",
				"_iconUrl": "https://maps.gsi.go.jp/portal/sys/v4/symbols/104.png",
				"_iconSize": [
					16,
					16
				],
				"_iconAnchor": [
					8,
					8
				]
			}
		},
		{
			"type": "Feature",
			"geometry": {
				"type": "Point",
				"coordinates": [
					 142.7702,
					 44.0096
				]
			},
			"properties": {
				"name": "JA8/KK-039(於鬼頭岳)",
				"読み":"Oketodake",
				"標高":"1176m 8pt ",
				"GL":"QN14ja",
				"市郡区":"C#0120 ",
				"登山日":"",
				"メモ":"",
				"_markerType": "Icon",
				"_iconUrl": "https://maps.gsi.go.jp/portal/sys/v4/symbols/104.png",
				"_iconSize": [
					16,
					16
				],
				"_iconAnchor": [
					8,
					8
				]
			}
		},
		{
			"type": "Feature",
			"geometry": {
				"type": "Point",
				"coordinates": [
					 142.6185,
					 43.1005
				]
			},
			"properties": {
				"name": "JA8/KK-040(落合岳)",
				"読み":"Ochiaidake",
				"標高":"1166m 8pt ",
				"GL":"QN13hc",
				"市郡区":"G#01043C ",
				"登山日":"",
				"メモ":"",
				"_markerType": "Icon",
				"_iconUrl": "https://maps.gsi.go.jp/portal/sys/v4/symbols/104.png",
				"_iconSize": [
					16,
					16
				],
				"_iconAnchor": [
					8,
					8
				]
			}
		},
		{
			"type": "Feature",
			"geometry": {
				"type": "Point",
				"coordinates": [
					 143.0882,
					 43.6589
				]
			},
			"properties": {
				"name": "JA8/KK-041(点1154)",
				"読み":"P1154",
				"標高":"1154m 8pt ",
				"GL":"QN13np",
				"市郡区":"G#01023B ",
				"登山日":"",
				"メモ":"",
				"_markerType": "Icon",
				"_iconUrl": "https://maps.gsi.go.jp/portal/sys/v4/symbols/104.png",
				"_iconSize": [
					16,
					16
				],
				"_iconAnchor": [
					8,
					8
				]
			}
		},
		{
			"type": "Feature",
			"geometry": {
				"type": "Point",
				"coordinates": [
					 142.4121,
					 44.6659
				]
			},
			"properties": {
				"name": "JA8/KK-042(函岳)",
				"読み":"Hakodake",
				"標高":"1129m 8pt ",
				"GL":"QN14ep",
				"市郡区":"G#01015B / G#01050A / G#01050C",
				"登山日":"",
				"メモ":"",
				"_markerType": "Icon",
				"_iconUrl": "https://maps.gsi.go.jp/portal/sys/v4/symbols/104.png",
				"_iconSize": [
					16,
					16
				],
				"_iconAnchor": [
					8,
					8
				]
			}
		},
		{
			"type": "Feature",
			"geometry": {
				"type": "Point",
				"coordinates": [
					 142.6028,
					 43.0176
				]
			},
			"properties": {
				"name": "JA8/KK-043(点1128)",
				"読み":"P1128",
				"標高":"1128m 8pt ",
				"GL":"QN13ha",
				"市郡区":"G#01074A ",
				"登山日":"",
				"メモ":"",
				"_markerType": "Icon",
				"_iconUrl": "https://maps.gsi.go.jp/portal/sys/v4/symbols/104.png",
				"_iconSize": [
					16,
					16
				],
				"_iconAnchor": [
					8,
					8
				]
			}
		},
		{
			"type": "Feature",
			"geometry": {
				"type": "Point",
				"coordinates": [
					 142.6285,
					 43.0108
				]
			},
			"properties": {
				"name": "JA8/KK-044(点1106(二ツ山近傍))",
				"読み":"P1106",
				"標高":"1106m 8pt ",
				"GL":"QN13ha",
				"市郡区":"G#01074A ",
				"登山日":"",
				"メモ":"",
				"_markerType": "Icon",
				"_iconUrl": "https://maps.gsi.go.jp/portal/sys/v4/symbols/104.png",
				"_iconSize": [
					16,
					16
				],
				"_iconAnchor": [
					8,
					8
				]
			}
		},
		{
			"type": "Feature",
			"geometry": {
				"type": "Point",
				"coordinates": [
					 142.5749,
					 43.0075
				]
			},
			"properties": {
				"name": "JA8/KK-045(点1081)",
				"読み":"P1081",
				"標高":"1081m 6pt ",
				"GL":"QN13ga",
				"市郡区":"G#01074A ",
				"登山日":"",
				"メモ":"",
				"_markerType": "Icon",
				"_iconUrl": "https://maps.gsi.go.jp/portal/sys/v4/symbols/103.png",
				"_iconSize": [
					16,
					16
				],
				"_iconAnchor": [
					8,
					8
				]
			}
		},
		{
			"type": "Feature",
			"geometry": {
				"type": "Point",
				"coordinates": [
					 142.5243,
					 43.1332
				]
			},
			"properties": {
				"name": "JA8/KK-046(社満射岳)",
				"読み":"Shamanshadake",
				"標高":"1063m 6pt ",
				"GL":"QN13gd",
				"市郡区":"G#01043C / G#01074A ",
				"登山日":"",
				"メモ":"",
				"_markerType": "Icon",
				"_iconUrl": "https://maps.gsi.go.jp/portal/sys/v4/symbols/103.png",
				"_iconSize": [
					16,
					16
				],
				"_iconAnchor": [
					8,
					8
				]
			}
		},
		{
			"type": "Feature",
			"geometry": {
				"type": "Point",
				"coordinates": [
					 142.8259,
					 43.8971
				]
			},
			"properties": {
				"name": "JA8/KK-047(摺鉢山)",
				"読み":"Suribachiyama",
				"標高":"1027m 6pt ",
				"GL":"QN13jv",
				"市郡区":"G#01023B ",
				"登山日":"",
				"メモ":"",
				"_markerType": "Icon",
				"_iconUrl": "https://maps.gsi.go.jp/portal/sys/v4/symbols/103.png",
				"_iconSize": [
					16,
					16
				],
				"_iconAnchor": [
					8,
					8
				]
			}
		},
		{
			"type": "Feature",
			"geometry": {
				"type": "Point",
				"coordinates": [
					 142.8134,
					 43.9901
				]
			},
			"properties": {
				"name": "JA8/KK-048(点1022)",
				"読み":"P1022",
				"標高":"1022m 6pt ",
				"GL":"QN13jx",
				"市郡区":"C#0120 ",
				"登山日":"",
				"メモ":"",
				"_markerType": "Icon",
				"_iconUrl": "https://maps.gsi.go.jp/portal/sys/v4/symbols/103.png",
				"_iconSize": [
					16,
					16
				],
				"_iconAnchor": [
					8,
					8
				]
			}
		},
		{
			"type": "Feature",
			"geometry": {
				"type": "Point",
				"coordinates": [
					 142.0858,
					 44.0915
				]
			},
			"properties": {
				"name": "JA8/KK-049(三頭山)",
				"読み":"Santousan",
				"標高":"1009m 6pt ",
				"GL":"QN14bc",
				"市郡区":"G#01081A ",
				"登山日":"",
				"メモ":"",
				"_markerType": "Icon",
				"_iconUrl": "https://maps.gsi.go.jp/portal/sys/v4/symbols/103.png",
				"_iconSize": [
					16,
					16
				],
				"_iconAnchor": [
					8,
					8
				]
			}
		},
		{
			"type": "Feature",
			"geometry": {
				"type": "Point",
				"coordinates": [
					 142.7512,
					 44.1377
				]
			},
			"properties": {
				"name": "JA8/KK-050(岩尾岳)",
				"読み":"Iwaodake",
				"標高":"1000m 6pt ",
				"GL":"QN14jd",
				"市郡区":"C#0120 ",
				"登山日":"",
				"メモ":"",
				"_markerType": "Icon",
				"_iconUrl": "https://maps.gsi.go.jp/portal/sys/v4/symbols/103.png",
				"_iconSize": [
					16,
					16
				],
				"_iconAnchor": [
					8,
					8
				]
			}
		},
		{
			"type": "Feature",
			"geometry": {
				"type": "Point",
				"coordinates": [
					 142.7315,
					 43.118
				]
			},
			"properties": {
				"name": "JA8/KK-052(狩勝山)",
				"読み":"Karikatsuyama",
				"標高":"985m 6pt ",
				"GL":"QN13ic",
				"市郡区":"G#01043C ",
				"登山日":"",
				"メモ":"",
				"_markerType": "Icon",
				"_iconUrl": "https://maps.gsi.go.jp/portal/sys/v4/symbols/103.png",
				"_iconSize": [
					16,
					16
				],
				"_iconAnchor": [
					8,
					8
				]
			}
		},
		{
			"type": "Feature",
			"geometry": {
				"type": "Point",
				"coordinates": [
					 142.569,
					 43.1135
				]
			},
			"properties": {
				"name": "JA8/KK-053(国境山)",
				"読み":"Kokkyoyama",
				"標高":"982m 6pt ",
				"GL":"QN13gc",
				"市郡区":"G#01074A / G#01043C ",
				"登山日":"",
				"メモ":"",
				"_markerType": "Icon",
				"_iconUrl": "https://maps.gsi.go.jp/portal/sys/v4/symbols/103.png",
				"_iconSize": [
					16,
					16
				],
				"_iconAnchor": [
					8,
					8
				]
			}
		},
		{
			"type": "Feature",
			"geometry": {
				"type": "Point",
				"coordinates": [
					 142.0723,
					 44.1549
				]
			},
			"properties": {
				"name": "JA8/KK-054(点980(小平蘂岳近傍))",
				"読み":"P980",
				"標高":"980m 6pt ",
				"GL":"QN14ad",
				"市郡区":"G#01081A / G#01077A ",
				"登山日":"",
				"メモ":"",
				"_markerType": "Icon",
				"_iconUrl": "https://maps.gsi.go.jp/portal/sys/v4/symbols/103.png",
				"_iconSize": [
					16,
					16
				],
				"_iconAnchor": [
					8,
					8
				]
			}
		},
		{
			"type": "Feature",
			"geometry": {
				"type": "Point",
				"coordinates": [
					 142.4901,
					 44.5552
				]
			},
			"properties": {
				"name": "JA8/KK-055(入布山)",
				"読み":"Nyupuyama",
				"標高":"954m 6pt ",
				"GL":"QN14fn",
				"市郡区":"G#01050C ",
				"登山日":"",
				"メモ":"",
				"_markerType": "Icon",
				"_iconUrl": "https://maps.gsi.go.jp/portal/sys/v4/symbols/103.png",
				"_iconSize": [
					16,
					16
				],
				"_iconAnchor": [
					8,
					8
				]
			}
		},
		{
			"type": "Feature",
			"geometry": {
				"type": "Point",
				"coordinates": [
					 142.6344,
					 43.0743
				]
			},
			"properties": {
				"name": "JA8/KK-056(点952)",
				"読み":"P952",
				"標高":"952m 6pt ",
				"GL":"QN13hb",
				"市郡区":"G#01074A / G#01043C ",
				"登山日":"",
				"メモ":"",
				"_markerType": "Icon",
				"_iconUrl": "https://maps.gsi.go.jp/portal/sys/v4/symbols/103.png",
				"_iconSize": [
					16,
					16
				],
				"_iconAnchor": [
					8,
					8
				]
			}
		},
		{
			"type": "Feature",
			"geometry": {
				"type": "Point",
				"coordinates": [
					 142.3789,
					 42.8868
				]
			},
			"properties": {
				"name": "JA8/KK-057(右左府(三角点))",
				"読み":"Usappu",
				"標高":"932m 6pt ",
				"GL":"QN12ev",
				"市郡区":"G#01074A / G#01031A / G#01031B",
				"登山日":"",
				"メモ":"",
				"_markerType": "Icon",
				"_iconUrl": "https://maps.gsi.go.jp/portal/sys/v4/symbols/103.png",
				"_iconSize": [
					16,
					16
				],
				"_iconAnchor": [
					8,
					8
				]
			}
		},
		{
			"type": "Feature",
			"geometry": {
				"type": "Point",
				"coordinates": [
					 142.8076,
					 44.4583
				]
			},
			"properties": {
				"name": "JA8/KK-058(点920)",
				"読み":"P920",
				"標高":"920m 6pt ",
				"GL":"QN14jk",
				"市郡区":"G#01023H / G#01070E ",
				"登山日":"",
				"メモ":"",
				"_markerType": "Icon",
				"_iconUrl": "https://maps.gsi.go.jp/portal/sys/v4/symbols/103.png",
				"_iconSize": [
					16,
					16
				],
				"_iconAnchor": [
					8,
					8
				]
			}
		},
		{
			"type": "Feature",
			"geometry": {
				"type": "Point",
				"coordinates": [
					 142.4727,
					 44.6116
				]
			},
			"properties": {
				"name": "JA8/KK-059(屏風岳(三角点))",
				"読み":"Byobudake",
				"標高":"915m 6pt ",
				"GL":"QN14fo",
				"市郡区":"G#01050C / G#01015B ",
				"登山日":"",
				"メモ":"",
				"_markerType": "Icon",
				"_iconUrl": "https://maps.gsi.go.jp/portal/sys/v4/symbols/103.png",
				"_iconSize": [
					16,
					16
				],
				"_iconAnchor": [
					8,
					8
				]
			}
		},
		{
			"type": "Feature",
			"geometry": {
				"type": "Point",
				"coordinates": [
					 142.6363,
					 44.1665
				]
			},
			"properties": {
				"name": "JA8/KK-060(糸魚岳)",
				"読み":"Itoidake",
				"標高":"914m 6pt ",
				"GL":"QN14hd",
				"市郡区":"C#0120 / G#01023H ",
				"登山日":"",
				"メモ":"",
				"_markerType": "Icon",
				"_iconUrl": "https://maps.gsi.go.jp/portal/sys/v4/symbols/103.png",
				"_iconSize": [
					16,
					16
				],
				"_iconAnchor": [
					8,
					8
				]
			}
		},
		{
			"type": "Feature",
			"geometry": {
				"type": "Point",
				"coordinates": [
					 142.3647,
					 43.0973
				]
			},
			"properties": {
				"name": "JA8/KK-061(老根別山)",
				"読み":"Ronebetsuyama",
				"標高":"910m 6pt ",
				"GL":"QN13ec",
				"市郡区":"G#01074A / G#01043C ",
				"登山日":"",
				"メモ":"",
				"_markerType": "Icon",
				"_iconUrl": "https://maps.gsi.go.jp/portal/sys/v4/symbols/103.png",
				"_iconSize": [
					16,
					16
				],
				"_iconAnchor": [
					8,
					8
				]
			}
		},
		{
			"type": "Feature",
			"geometry": {
				"type": "Point",
				"coordinates": [
					 142.7828,
					 44.1702
				]
			},
			"properties": {
				"name": "JA8/KK-062(点899)",
				"読み":"P899",
				"標高":"899m 6pt ",
				"GL":"QN14je",
				"市郡区":"C#0120 / G#01023H ",
				"登山日":"",
				"メモ":"",
				"_markerType": "Icon",
				"_iconUrl": "https://maps.gsi.go.jp/portal/sys/v4/symbols/103.png",
				"_iconSize": [
					16,
					16
				],
				"_iconAnchor": [
					8,
					8
				]
			}
		},
		{
			"type": "Feature",
			"geometry": {
				"type": "Point",
				"coordinates": [
					 142.7656,
					 44.2622
				]
			},
			"properties": {
				"name": "JA8/KK-063(点883)",
				"読み":"P883",
				"標高":"883m 6pt ",
				"GL":"QN14jg",
				"市郡区":"G#01023H ",
				"登山日":"",
				"メモ":"",
				"_markerType": "Icon",
				"_iconUrl": "https://maps.gsi.go.jp/portal/sys/v4/symbols/103.png",
				"_iconSize": [
					16,
					16
				],
				"_iconAnchor": [
					8,
					8
				]
			}
		},
		{
			"type": "Feature",
			"geometry": {
				"type": "Point",
				"coordinates": [
					 142.3473,
					 43.0895
				]
			},
			"properties": {
				"name": "JA8/KK-064(点872)",
				"読み":"P872",
				"標高":"872m 6pt ",
				"GL":"QN13ec",
				"市郡区":"G#01074A / G#01043C ",
				"登山日":"",
				"メモ":"",
				"_markerType": "Icon",
				"_iconUrl": "https://maps.gsi.go.jp/portal/sys/v4/symbols/103.png",
				"_iconSize": [
					16,
					16
				],
				"_iconAnchor": [
					8,
					8
				]
			}
		},
		{
			"type": "Feature",
			"geometry": {
				"type": "Point",
				"coordinates": [
					 142.554,
					 43.0461
				]
			},
			"properties": {
				"name": "JA8/KK-065(点866)",
				"読み":"P866",
				"標高":"866m 6pt ",
				"GL":"QN13gb",
				"市郡区":"G#01074A ",
				"登山日":"",
				"メモ":"",
				"_markerType": "Icon",
				"_iconUrl": "https://maps.gsi.go.jp/portal/sys/v4/symbols/103.png",
				"_iconSize": [
					16,
					16
				],
				"_iconAnchor": [
					8,
					8
				]
			}
		},
		{
			"type": "Feature",
			"geometry": {
				"type": "Point",
				"coordinates": [
					 142.7022,
					 44.1538
				]
			},
			"properties": {
				"name": "JA8/KK-066(登和里山)",
				"読み":"Towariyama",
				"標高":"861m 6pt ",
				"GL":"QN14id",
				"市郡区":"C#0120 ",
				"登山日":"",
				"メモ":"",
				"_markerType": "Icon",
				"_iconUrl": "https://maps.gsi.go.jp/portal/sys/v4/symbols/103.png",
				"_iconSize": [
					16,
					16
				],
				"_iconAnchor": [
					8,
					8
				]
			}
		},
		{
			"type": "Feature",
			"geometry": {
				"type": "Point",
				"coordinates": [
					 142.3218,
					 43.5443
				]
			},
			"properties": {
				"name": "JA8/KK-067(瑠辺蘂山)",
				"読み":"Rubeshibeyama",
				"標高":"859m 6pt ",
				"GL":"QN13dn",
				"市郡区":"G#01023I / C#0120 / C#0102",
				"登山日":"",
				"メモ":"",
				"_markerType": "Icon",
				"_iconUrl": "https://maps.gsi.go.jp/portal/sys/v4/symbols/103.png",
				"_iconSize": [
					16,
					16
				],
				"_iconAnchor": [
					8,
					8
				]
			}
		},
		{
			"type": "Feature",
			"geometry": {
				"type": "Point",
				"coordinates": [
					 142.5262,
					 43.1964
				]
			},
			"properties": {
				"name": "JA8/KK-068(一ノ山)",
				"読み":"Ichinoyama",
				"標高":"858m 6pt ",
				"GL":"QN13ge",
				"市郡区":"C#0129 / G#01043C ",
				"登山日":"",
				"メモ":"",
				"_markerType": "Icon",
				"_iconUrl": "https://maps.gsi.go.jp/portal/sys/v4/symbols/103.png",
				"_iconSize": [
					16,
					16
				],
				"_iconAnchor": [
					8,
					8
				]
			}
		},
		{
			"type": "Feature",
			"geometry": {
				"type": "Point",
				"coordinates": [
					 142.6383,
					 43.1534
				]
			},
			"properties": {
				"name": "JA8/KK-069(落合(三角点))",
				"読み":"Ochiai",
				"標高":"844m 4pt ",
				"GL":"QN13hd",
				"市郡区":"G#01043C ",
				"登山日":"",
				"メモ":"",
				"_markerType": "Icon",
				"_iconUrl": "https://maps.gsi.go.jp/portal/sys/v4/symbols/828.png",
				"_iconSize": [
					16,
					16
				],
				"_iconAnchor": [
					8,
					8
				]
			}
		},
		{
			"type": "Feature",
			"geometry": {
				"type": "Point",
				"coordinates": [
					 142.5522,
					 43.2428
				]
			},
			"properties": {
				"name": "JA8/KK-070(丸山)",
				"読み":"Maruyama",
				"標高":"843m 4pt ",
				"GL":"QN13gf",
				"市郡区":"C#0129 ",
				"登山日":"",
				"メモ":"",
				"_markerType": "Icon",
				"_iconUrl": "https://maps.gsi.go.jp/portal/sys/v4/symbols/828.png",
				"_iconSize": [
					16,
					16
				],
				"_iconAnchor": [
					8,
					8
				]
			}
		},
		{
			"type": "Feature",
			"geometry": {
				"type": "Point",
				"coordinates": [
					 142.765,
					 44.2069
				]
			},
			"properties": {
				"name": "JA8/KK-071(点841)",
				"読み":"P841",
				"標高":"841m 4pt ",
				"GL":"QN14je",
				"市郡区":"G#01023H ",
				"登山日":"",
				"メモ":"",
				"_markerType": "Icon",
				"_iconUrl": "https://maps.gsi.go.jp/portal/sys/v4/symbols/828.png",
				"_iconSize": [
					16,
					16
				],
				"_iconAnchor": [
					8,
					8
				]
			}
		},
		{
			"type": "Feature",
			"geometry": {
				"type": "Point",
				"coordinates": [
					 142.5691,
					 44.0414
				]
			},
			"properties": {
				"name": "JA8/KK-073(乙部山)",
				"読み":"Otsubuyama",
				"標高":"837m 4pt ",
				"GL":"QN14ga",
				"市郡区":"C#0120 ",
				"登山日":"",
				"メモ":"",
				"_markerType": "Icon",
				"_iconUrl": "https://maps.gsi.go.jp/portal/sys/v4/symbols/828.png",
				"_iconSize": [
					16,
					16
				],
				"_iconAnchor": [
					8,
					8
				]
			}
		},
		{
			"type": "Feature",
			"geometry": {
				"type": "Point",
				"coordinates": [
					 142.5169,
					 43.9904
				]
			},
			"properties": {
				"name": "JA8/KK-074(点828)",
				"読み":"P828",
				"標高":"828m 4pt ",
				"GL":"QN13gx",
				"市郡区":"C#0120 / G#01023F ",
				"登山日":"",
				"メモ":"",
				"_markerType": "Icon",
				"_iconUrl": "https://maps.gsi.go.jp/portal/sys/v4/symbols/828.png",
				"_iconSize": [
					16,
					16
				],
				"_iconAnchor": [
					8,
					8
				]
			}
		},
		{
			"type": "Feature",
			"geometry": {
				"type": "Point",
				"coordinates": [
					 142.5414,
					 43.9803
				]
			},
			"properties": {
				"name": "JA8/KK-075(班渓山)",
				"読み":"Pankeiyama",
				"標高":"820m 4pt ",
				"GL":"QN13gx",
				"市郡区":"G#01023F / G#01023G ",
				"登山日":"",
				"メモ":"",
				"_markerType": "Icon",
				"_iconUrl": "https://maps.gsi.go.jp/portal/sys/v4/symbols/828.png",
				"_iconSize": [
					16,
					16
				],
				"_iconAnchor": [
					8,
					8
				]
			}
		},
		{
			"type": "Feature",
			"geometry": {
				"type": "Point",
				"coordinates": [
					 142.6741,
					 43.926
				]
			},
			"properties": {
				"name": "JA8/KK-076(中愛別山)",
				"読み":"Nakaaibetsuyama",
				"標高":"818m 4pt ",
				"GL":"QN13iw",
				"市郡区":"G#01023G ",
				"登山日":"",
				"メモ":"",
				"_markerType": "Icon",
				"_iconUrl": "https://maps.gsi.go.jp/portal/sys/v4/symbols/828.png",
				"_iconSize": [
					16,
					16
				],
				"_iconAnchor": [
					8,
					8
				]
			}
		},
		{
			"type": "Feature",
			"geometry": {
				"type": "Point",
				"coordinates": [
					 142.0936,
					 44.0446
				]
			},
			"properties": {
				"name": "JA8/KK-077(点804)",
				"読み":"P804",
				"標高":"804m 4pt ",
				"GL":"QN14bb",
				"市郡区":"G#01081A / C#0128 ",
				"登山日":"",
				"メモ":"",
				"_markerType": "Icon",
				"_iconUrl": "https://maps.gsi.go.jp/portal/sys/v4/symbols/828.png",
				"_iconSize": [
					16,
					16
				],
				"_iconAnchor": [
					8,
					8
				]
			}
		},
		{
			"type": "Feature",
			"geometry": {
				"type": "Point",
				"coordinates": [
					 142.2188,
					 43.6898
				]
			},
			"properties": {
				"name": "JA8/KK-078(神居山)",
				"読み":"Kamuiyama",
				"標高":"799m 4pt ",
				"GL":"QN13cq",
				"市郡区":"C#0102 ",
				"登山日":"",
				"メモ":"",
				"_markerType": "Icon",
				"_iconUrl": "https://maps.gsi.go.jp/portal/sys/v4/symbols/828.png",
				"_iconSize": [
					16,
					16
				],
				"_iconAnchor": [
					8,
					8
				]
			}
		},
		{
			"type": "Feature",
			"geometry": {
				"type": "Point",
				"coordinates": [
					 142.3718,
					 43.0026
				]
			},
			"properties": {
				"name": "JA8/KK-079(占冠(三角点))",
				"読み":"Shimukappu",
				"標高":"783m 4pt ",
				"GL":"QN13ea",
				"市郡区":"G#01074A ",
				"登山日":"",
				"メモ":"",
				"_markerType": "Icon",
				"_iconUrl": "https://maps.gsi.go.jp/portal/sys/v4/symbols/828.png",
				"_iconSize": [
					16,
					16
				],
				"_iconAnchor": [
					8,
					8
				]
			}
		},
		{
			"type": "Feature",
			"geometry": {
				"type": "Point",
				"coordinates": [
					 142.3272,
					 43.1057
				]
			},
			"properties": {
				"name": "JA8/KK-080(中山(三角点))",
				"読み":"Nakayama",
				"標高":"780m 4pt ",
				"GL":"QN13dc",
				"市郡区":"G#01043C ",
				"登山日":"",
				"メモ":"",
				"_markerType": "Icon",
				"_iconUrl": "https://maps.gsi.go.jp/portal/sys/v4/symbols/828.png",
				"_iconSize": [
					16,
					16
				],
				"_iconAnchor": [
					8,
					8
				]
			}
		},
		{
			"type": "Feature",
			"geometry": {
				"type": "Point",
				"coordinates": [
					 142.378,
					 43.1581
				]
			},
			"properties": {
				"name": "JA8/KK-081(十梨別(三角点))",
				"読み":"Jyunashibetsu",
				"標高":"771m 4pt ",
				"GL":"QN13ed",
				"市郡区":"G#01043C ",
				"登山日":"",
				"メモ":"",
				"_markerType": "Icon",
				"_iconUrl": "https://maps.gsi.go.jp/portal/sys/v4/symbols/828.png",
				"_iconSize": [
					16,
					16
				],
				"_iconAnchor": [
					8,
					8
				]
			}
		},
		{
			"type": "Feature",
			"geometry": {
				"type": "Point",
				"coordinates": [
					 142.521,
					 44.4434
				]
			},
			"properties": {
				"name": "JA8/KK-082(朱屋朗山)",
				"読み":"Syuyaroyama",
				"標高":"767m 4pt ",
				"GL":"QN14gk",
				"市郡区":"G#01050C / C#0121 ",
				"登山日":"",
				"メモ":"",
				"_markerType": "Icon",
				"_iconUrl": "https://maps.gsi.go.jp/portal/sys/v4/symbols/828.png",
				"_iconSize": [
					16,
					16
				],
				"_iconAnchor": [
					8,
					8
				]
			}
		},
		{
			"type": "Feature",
			"geometry": {
				"type": "Point",
				"coordinates": [
					 142.4866,
					 42.9241
				]
			},
			"properties": {
				"name": "JA8/KK-083(点762)",
				"読み":"P762",
				"標高":"762m 4pt ",
				"GL":"QN12fw",
				"市郡区":"G#01031A / G#01074A ",
				"登山日":"",
				"メモ":"",
				"_markerType": "Icon",
				"_iconUrl": "https://maps.gsi.go.jp/portal/sys/v4/symbols/828.png",
				"_iconSize": [
					16,
					16
				],
				"_iconAnchor": [
					8,
					8
				]
			}
		},
		{
			"type": "Feature",
			"geometry": {
				"type": "Point",
				"coordinates": [
					 142.5439,
					 43.9561
				]
			},
			"properties": {
				"name": "JA8/KK-084(点755)",
				"読み":"P755",
				"標高":"755m 4pt ",
				"GL":"QN13gw",
				"市郡区":"G#01023G ",
				"登山日":"",
				"メモ":"",
				"_markerType": "Icon",
				"_iconUrl": "https://maps.gsi.go.jp/portal/sys/v4/symbols/828.png",
				"_iconSize": [
					16,
					16
				],
				"_iconAnchor": [
					8,
					8
				]
			}
		},
		{
			"type": "Feature",
			"geometry": {
				"type": "Point",
				"coordinates": [
					 142.1881,
					 44.0692
				]
			},
			"properties": {
				"name": "JA8/KK-085(犬牛別山)",
				"読み":"Inuushibetsuyama",
				"標高":"746m 4pt ",
				"GL":"QN14cb",
				"市郡区":"C#0120 ",
				"登山日":"",
				"メモ":"",
				"_markerType": "Icon",
				"_iconUrl": "https://maps.gsi.go.jp/portal/sys/v4/symbols/828.png",
				"_iconSize": [
					16,
					16
				],
				"_iconAnchor": [
					8,
					8
				]
			}
		},
		{
			"type": "Feature",
			"geometry": {
				"type": "Point",
				"coordinates": [
					 142.784,
					 44.1017
				]
			},
			"properties": {
				"name": "JA8/KK-086(似峡岳)",
				"読み":"Nisamadake",
				"標高":"745m 4pt ",
				"GL":"QN14jc",
				"市郡区":"C#0120 ",
				"登山日":"",
				"メモ":"",
				"_markerType": "Icon",
				"_iconUrl": "https://maps.gsi.go.jp/portal/sys/v4/symbols/828.png",
				"_iconSize": [
					16,
					16
				],
				"_iconAnchor": [
					8,
					8
				]
			}
		},
		{
			"type": "Feature",
			"geometry": {
				"type": "Point",
				"coordinates": [
					 142.6905,
					 44.2136
				]
			},
			"properties": {
				"name": "JA8/KK-087(点731)",
				"読み":"P731",
				"標高":"731m 4pt ",
				"GL":"QN14if",
				"市郡区":"G#01023H ",
				"登山日":"",
				"メモ":"",
				"_markerType": "Icon",
				"_iconUrl": "https://maps.gsi.go.jp/portal/sys/v4/symbols/828.png",
				"_iconSize": [
					16,
					16
				],
				"_iconAnchor": [
					8,
					8
				]
			}
		},
		{
			"type": "Feature",
			"geometry": {
				"type": "Point",
				"coordinates": [
					 142.1602,
					 44.6939
				]
			},
			"properties": {
				"name": "JA8/KK-088(鬼刺山)",
				"読み":"Onisashibeyama",
				"標高":"728m 4pt ",
				"GL":"QN14bq",
				"市郡区":"G#01050A ",
				"登山日":"",
				"メモ":"",
				"_markerType": "Icon",
				"_iconUrl": "https://maps.gsi.go.jp/portal/sys/v4/symbols/828.png",
				"_iconSize": [
					16,
					16
				],
				"_iconAnchor": [
					8,
					8
				]
			}
		},
		{
			"type": "Feature",
			"geometry": {
				"type": "Point",
				"coordinates": [
					 142.7751,
					 44.122
				]
			},
			"properties": {
				"name": "JA8/KK-089(点720)",
				"読み":"P720",
				"標高":"720m 4pt ",
				"GL":"QN14jc",
				"市郡区":"C#0120 ",
				"登山日":"",
				"メモ":"",
				"_markerType": "Icon",
				"_iconUrl": "https://maps.gsi.go.jp/portal/sys/v4/symbols/828.png",
				"_iconSize": [
					16,
					16
				],
				"_iconAnchor": [
					8,
					8
				]
			}
		},
		{
			"type": "Feature",
			"geometry": {
				"type": "Point",
				"coordinates": [
					 142.709,
					 44.0715
				]
			},
			"properties": {
				"name": "JA8/KK-090(文知也山(三角点))",
				"読み":"Bunchiyayama",
				"標高":"716m 4pt ",
				"GL":"QN14ib",
				"市郡区":"C#0120 ",
				"登山日":"",
				"メモ":"",
				"_markerType": "Icon",
				"_iconUrl": "https://maps.gsi.go.jp/portal/sys/v4/symbols/828.png",
				"_iconSize": [
					16,
					16
				],
				"_iconAnchor": [
					8,
					8
				]
			}
		},
		{
			"type": "Feature",
			"geometry": {
				"type": "Point",
				"coordinates": [
					 142.6809,
					 44.1924
				]
			},
			"properties": {
				"name": "JA8/KK-091(点705)",
				"読み":"P705",
				"標高":"705m 4pt ",
				"GL":"QN14ie",
				"市郡区":"G#01023H ",
				"登山日":"",
				"メモ":"",
				"_markerType": "Icon",
				"_iconUrl": "https://maps.gsi.go.jp/portal/sys/v4/symbols/828.png",
				"_iconSize": [
					16,
					16
				],
				"_iconAnchor": [
					8,
					8
				]
			}
		},
		{
			"type": "Feature",
			"geometry": {
				"type": "Point",
				"coordinates": [
					 142.5332,
					 44.1817
				]
			},
			"properties": {
				"name": "JA8/KK-092(点703)",
				"読み":"P703",
				"標高":"703m 4pt ",
				"GL":"QN14ge",
				"市郡区":"C#0120 ",
				"登山日":"",
				"メモ":"",
				"_markerType": "Icon",
				"_iconUrl": "https://maps.gsi.go.jp/portal/sys/v4/symbols/828.png",
				"_iconSize": [
					16,
					16
				],
				"_iconAnchor": [
					8,
					8
				]
			}
		},
		{
			"type": "Feature",
			"geometry": {
				"type": "Point",
				"coordinates": [
					 142.1408,
					 44.4243
				]
			},
			"properties": {
				"name": "JA8/KK-093(点680)",
				"読み":"P680",
				"標高":"680m 4pt ",
				"GL":"QN14bk",
				"市郡区":"G#01081A ",
				"登山日":"",
				"メモ":"",
				"_markerType": "Icon",
				"_iconUrl": "https://maps.gsi.go.jp/portal/sys/v4/symbols/828.png",
				"_iconSize": [
					16,
					16
				],
				"_iconAnchor": [
					8,
					8
				]
			}
		},
		{
			"type": "Feature",
			"geometry": {
				"type": "Point",
				"coordinates": [
					 142.5102,
					 44.4158
				]
			},
			"properties": {
				"name": "JA8/KK-094(九度山)",
				"読み":"Kudoyama",
				"標高":"674m 4pt ",
				"GL":"QN14gj",
				"市郡区":"C#0121 ",
				"登山日":"",
				"メモ":"",
				"_markerType": "Icon",
				"_iconUrl": "https://maps.gsi.go.jp/portal/sys/v4/symbols/828.png",
				"_iconSize": [
					16,
					16
				],
				"_iconAnchor": [
					8,
					8
				]
			}
		},
		{
			"type": "Feature",
			"geometry": {
				"type": "Point",
				"coordinates": [
					 142.1493,
					 43.9052
				]
			},
			"properties": {
				"name": "JA8/KK-095(鷹泊(三角点))",
				"読み":"Takadomari",
				"標高":"654m 4pt ",
				"GL":"QN13bv",
				"市郡区":"C#0102 / C#0128 / G#01081A",
				"登山日":"",
				"メモ":"",
				"_markerType": "Icon",
				"_iconUrl": "https://maps.gsi.go.jp/portal/sys/v4/symbols/828.png",
				"_iconSize": [
					16,
					16
				],
				"_iconAnchor": [
					8,
					8
				]
			}
		},
		{
			"type": "Feature",
			"geometry": {
				"type": "Point",
				"coordinates": [
					 142.578,
					 44.0941
				]
			},
			"properties": {
				"name": "JA8/KK-096(般渓山(三角点))",
				"読み":"Pankeiyama",
				"標高":"645m 2pt ",
				"GL":"QN14gc",
				"市郡区":"C#0120 ",
				"登山日":"",
				"メモ":"",
				"_markerType": "Icon",
				"_iconUrl": "https://maps.gsi.go.jp/portal/sys/v4/symbols/102.png",
				"_iconSize": [
					16,
					16
				],
				"_iconAnchor": [
					8,
					8
				]
			}
		},
		{
			"type": "Feature",
			"geometry": {
				"type": "Point",
				"coordinates": [
					 142.2106,
					 43.9491
				]
			},
			"properties": {
				"name": "JA8/KK-097(点640(冬路山近傍))",
				"読み":"P640",
				"標高":"640m 2pt ",
				"GL":"QN13cw",
				"市郡区":"G#01081A / C#0102 ",
				"登山日":"",
				"メモ":"",
				"_markerType": "Icon",
				"_iconUrl": "https://maps.gsi.go.jp/portal/sys/v4/symbols/102.png",
				"_iconSize": [
					16,
					16
				],
				"_iconAnchor": [
					8,
					8
				]
			}
		},
		{
			"type": "Feature",
			"geometry": {
				"type": "Point",
				"coordinates": [
					 142.1884,
					 44.605
				]
			},
			"properties": {
				"name": "JA8/KK-098(点637)",
				"読み":"P637",
				"標高":"637m 2pt ",
				"GL":"QN14co",
				"市郡区":"G#01050B / G#01050A ",
				"登山日":"",
				"メモ":"",
				"_markerType": "Icon",
				"_iconUrl": "https://maps.gsi.go.jp/portal/sys/v4/symbols/102.png",
				"_iconSize": [
					16,
					16
				],
				"_iconAnchor": [
					8,
					8
				]
			}
		},
		{
			"type": "Feature",
			"geometry": {
				"type": "Point",
				"coordinates": [
					 142.1498,
					 44.857
				]
			},
			"properties": {
				"name": "JA8/KK-099(パンケ山)",
				"読み":"Pankezan",
				"標高":"632m 2pt ",
				"GL":"QN14bu",
				"市郡区":"G#01050B / G#01015C ",
				"登山日":"",
				"メモ":"",
				"_markerType": "Icon",
				"_iconUrl": "https://maps.gsi.go.jp/portal/sys/v4/symbols/102.png",
				"_iconSize": [
					16,
					16
				],
				"_iconAnchor": [
					8,
					8
				]
			}
		},
		{
			"type": "Feature",
			"geometry": {
				"type": "Point",
				"coordinates": [
					 142.7174,
					 44.463
				]
			},
			"properties": {
				"name": "JA8/KK-100(名寄峠(三角点))",
				"読み":"Nayorotouge",
				"標高":"629m 2pt ",
				"GL":"QN14il",
				"市郡区":"G#01070E / G#01023H ",
				"登山日":"",
				"メモ":"",
				"_markerType": "Icon",
				"_iconUrl": "https://maps.gsi.go.jp/portal/sys/v4/symbols/102.png",
				"_iconSize": [
					16,
					16
				],
				"_iconAnchor": [
					8,
					8
				]
			}
		},
		{
			"type": "Feature",
			"geometry": {
				"type": "Point",
				"coordinates": [
					 142.3211,
					 44.3764
				]
			},
			"properties": {
				"name": "JA8/KK-101(点626)",
				"読み":"P626",
				"標高":"626m 2pt ",
				"GL":"QN14dj",
				"市郡区":"C#0121 / G#01081A ",
				"登山日":"",
				"メモ":"",
				"_markerType": "Icon",
				"_iconUrl": "https://maps.gsi.go.jp/portal/sys/v4/symbols/102.png",
				"_iconSize": [
					16,
					16
				],
				"_iconAnchor": [
					8,
					8
				]
			}
		},
		{
			"type": "Feature",
			"geometry": {
				"type": "Point",
				"coordinates": [
					 142.0852,
					 44.2569
				]
			},
			"properties": {
				"name": "JA8/KK-102(点624)",
				"読み":"P624",
				"標高":"624m 2pt ",
				"GL":"QN14bg",
				"市郡区":"G#01081A ",
				"登山日":"",
				"メモ":"",
				"_markerType": "Icon",
				"_iconUrl": "https://maps.gsi.go.jp/portal/sys/v4/symbols/102.png",
				"_iconSize": [
					16,
					16
				],
				"_iconAnchor": [
					8,
					8
				]
			}
		},
		{
			"type": "Feature",
			"geometry": {
				"type": "Point",
				"coordinates": [
					 142.8129,
					 44.348
				]
			},
			"properties": {
				"name": "JA8/KK-103(点622)",
				"読み":"P622",
				"標高":"622m 2pt ",
				"GL":"QN14ji",
				"市郡区":"G#01070I / G#01023H ",
				"登山日":"",
				"メモ":"",
				"_markerType": "Icon",
				"_iconUrl": "https://maps.gsi.go.jp/portal/sys/v4/symbols/102.png",
				"_iconSize": [
					16,
					16
				],
				"_iconAnchor": [
					8,
					8
				]
			}
		},
		{
			"type": "Feature",
			"geometry": {
				"type": "Point",
				"coordinates": [
					 142.1865,
					 44.1451
				]
			},
			"properties": {
				"name": "JA8/KK-104(音根別山(三角点))",
				"読み":"Onnebetsuyama",
				"標高":"621m 2pt ",
				"GL":"QN14cd",
				"市郡区":"G#01081A / C#0120 ",
				"登山日":"",
				"メモ":"",
				"_markerType": "Icon",
				"_iconUrl": "https://maps.gsi.go.jp/portal/sys/v4/symbols/102.png",
				"_iconSize": [
					16,
					16
				],
				"_iconAnchor": [
					8,
					8
				]
			}
		},
		{
			"type": "Feature",
			"geometry": {
				"type": "Point",
				"coordinates": [
					 142.4166,
					 43.2655
				]
			},
			"properties": {
				"name": "JA8/KK-105(滝ノ沢(三角点))",
				"読み":"Takinosawa",
				"標高":"606m 2pt ",
				"GL":"QN13fg",
				"市郡区":"C#0129 ",
				"登山日":"",
				"メモ":"",
				"_markerType": "Icon",
				"_iconUrl": "https://maps.gsi.go.jp/portal/sys/v4/symbols/102.png",
				"_iconSize": [
					16,
					16
				],
				"_iconAnchor": [
					8,
					8
				]
			}
		},
		{
			"type": "Feature",
			"geometry": {
				"type": "Point",
				"coordinates": [
					 142.1497,
					 44.6725
				]
			},
			"properties": {
				"name": "JA8/KK-106(点605)",
				"読み":"P605",
				"標高":"605m 2pt ",
				"GL":"QN14bq",
				"市郡区":"G#01050B / G#01050A ",
				"登山日":"",
				"メモ":"",
				"_markerType": "Icon",
				"_iconUrl": "https://maps.gsi.go.jp/portal/sys/v4/symbols/102.png",
				"_iconSize": [
					16,
					16
				],
				"_iconAnchor": [
					8,
					8
				]
			}
		},
		{
			"type": "Feature",
			"geometry": {
				"type": "Point",
				"coordinates": [
					 142.7352,
					 43.8611
				]
			},
			"properties": {
				"name": "JA8/KK-107(江差牛山)",
				"読み":"Esaushiyama",
				"標高":"598m 2pt ",
				"GL":"QN13iu",
				"市郡区":"G#01023B ",
				"登山日":"",
				"メモ":"",
				"_markerType": "Icon",
				"_iconUrl": "https://maps.gsi.go.jp/portal/sys/v4/symbols/102.png",
				"_iconSize": [
					16,
					16
				],
				"_iconAnchor": [
					8,
					8
				]
			}
		},
		{
			"type": "Feature",
			"geometry": {
				"type": "Point",
				"coordinates": [
					 142.2049,
					 43.7617
				]
			},
			"properties": {
				"name": "JA8/KK-108(常盤山)",
				"読み":"Tokiwayama",
				"標高":"593m 2pt ",
				"GL":"QN13cs",
				"市郡区":"C#0128 / C#0102 ",
				"登山日":"",
				"メモ":"",
				"_markerType": "Icon",
				"_iconUrl": "https://maps.gsi.go.jp/portal/sys/v4/symbols/102.png",
				"_iconSize": [
					16,
					16
				],
				"_iconAnchor": [
					8,
					8
				]
			}
		},
		{
			"type": "Feature",
			"geometry": {
				"type": "Point",
				"coordinates": [
					 142.3441,
					 43.961
				]
			},
			"properties": {
				"name": "JA8/KK-109(カムイ尻)",
				"読み":"Kamuishiri",
				"標高":"578m 2pt ",
				"GL":"QN13ex",
				"市郡区":"G#01023D / G#01023M ",
				"登山日":"",
				"メモ":"",
				"_markerType": "Icon",
				"_iconUrl": "https://maps.gsi.go.jp/portal/sys/v4/symbols/102.png",
				"_iconSize": [
					16,
					16
				],
				"_iconAnchor": [
					8,
					8
				]
			}
		},
		{
			"type": "Feature",
			"geometry": {
				"type": "Point",
				"coordinates": [
					 142.1686,
					 43.87
				]
			},
			"properties": {
				"name": "JA8/KK-110(幌内山)",
				"読み":"Horonaiyama",
				"標高":"577m 2pt ",
				"GL":"QN13cu",
				"市郡区":"C#0128 / C#0102 ",
				"登山日":"",
				"メモ":"",
				"_markerType": "Icon",
				"_iconUrl": "https://maps.gsi.go.jp/portal/sys/v4/symbols/102.png",
				"_iconSize": [
					16,
					16
				],
				"_iconAnchor": [
					8,
					8
				]
			}
		},
		{
			"type": "Feature",
			"geometry": {
				"type": "Point",
				"coordinates": [
					 142.5989,
					 43.7208
				]
			},
			"properties": {
				"name": "JA8/KK-111(中岐登牛(三角点))",
				"読み":"Nakakitoushi",
				"標高":"571m 2pt ",
				"GL":"QN13hr",
				"市郡区":"C#0102 / G#01023K ",
				"登山日":"",
				"メモ":"",
				"_markerType": "Icon",
				"_iconUrl": "https://maps.gsi.go.jp/portal/sys/v4/symbols/102.png",
				"_iconSize": [
					16,
					16
				],
				"_iconAnchor": [
					8,
					8
				]
			}
		},
		{
			"type": "Feature",
			"geometry": {
				"type": "Point",
				"coordinates": [
					 142.6351,
					 44.3529
				]
			},
			"properties": {
				"name": "JA8/KK-112(前田山)",
				"読み":"Maedayama",
				"標高":"560m 2pt ",
				"GL":"QN14hi",
				"市郡区":"G#01023H ",
				"登山日":"",
				"メモ":"",
				"_markerType": "Icon",
				"_iconUrl": "https://maps.gsi.go.jp/portal/sys/v4/symbols/102.png",
				"_iconSize": [
					16,
					16
				],
				"_iconAnchor": [
					8,
					8
				]
			}
		},
		{
			"type": "Feature",
			"geometry": {
				"type": "Point",
				"coordinates": [
					 142.1638,
					 44.7642
				]
			},
			"properties": {
				"name": "JA8/KK-113(点558)",
				"読み":"P558",
				"標高":"558m 2pt ",
				"GL":"QN14bs",
				"市郡区":"G#01050A / G#01050B ",
				"登山日":"",
				"メモ":"",
				"_markerType": "Icon",
				"_iconUrl": "https://maps.gsi.go.jp/portal/sys/v4/symbols/102.png",
				"_iconSize": [
					16,
					16
				],
				"_iconAnchor": [
					8,
					8
				]
			}
		},
		{
			"type": "Feature",
			"geometry": {
				"type": "Point",
				"coordinates": [
					 142.1222,
					 43.9326
				]
			},
			"properties": {
				"name": "JA8/KK-114(南浅羽山(三角点))",
				"読み":"Minamiasabayama",
				"標高":"552m 2pt ",
				"GL":"QN13bw",
				"市郡区":"C#0128 / G#01081A ",
				"登山日":"",
				"メモ":"",
				"_markerType": "Icon",
				"_iconUrl": "https://maps.gsi.go.jp/portal/sys/v4/symbols/102.png",
				"_iconSize": [
					16,
					16
				],
				"_iconAnchor": [
					8,
					8
				]
			}
		},
		{
			"type": "Feature",
			"geometry": {
				"type": "Point",
				"coordinates": [
					 142.2486,
					 43.9832
				]
			},
			"properties": {
				"name": "JA8/KK-115(和寒峠(三角点))",
				"読み":"Wassamutouge",
				"標高":"536m 2pt ",
				"GL":"QN13cx",
				"市郡区":"G#01081A / G#01023M ",
				"登山日":"",
				"メモ":"",
				"_markerType": "Icon",
				"_iconUrl": "https://maps.gsi.go.jp/portal/sys/v4/symbols/102.png",
				"_iconSize": [
					16,
					16
				],
				"_iconAnchor": [
					8,
					8
				]
			}
		},
		{
			"type": "Feature",
			"geometry": {
				"type": "Point",
				"coordinates": [
					 142.2247,
					 44.6504
				]
			},
			"properties": {
				"name": "JA8/KK-116(点534)",
				"読み":"P534",
				"標高":"534m 2pt ",
				"GL":"QN14cp",
				"市郡区":"G#01050A ",
				"登山日":"",
				"メモ":"",
				"_markerType": "Icon",
				"_iconUrl": "https://maps.gsi.go.jp/portal/sys/v4/symbols/102.png",
				"_iconSize": [
					16,
					16
				],
				"_iconAnchor": [
					8,
					8
				]
			}
		},
		{
			"type": "Feature",
			"geometry": {
				"type": "Point",
				"coordinates": [
					 142.4126,
					 43.9535
				]
			},
			"properties": {
				"name": "JA8/KK-117(点521)",
				"読み":"P521",
				"標高":"521m 2pt ",
				"GL":"QN13ew",
				"市郡区":"G#01023M / G#01023D ",
				"登山日":"",
				"メモ":"",
				"_markerType": "Icon",
				"_iconUrl": "https://maps.gsi.go.jp/portal/sys/v4/symbols/102.png",
				"_iconSize": [
					16,
					16
				],
				"_iconAnchor": [
					8,
					8
				]
			}
		},
		{
			"type": "Feature",
			"geometry": {
				"type": "Point",
				"coordinates": [
					 142.5515,
					 44.1468
				]
			},
			"properties": {
				"name": "JA8/KK-118(東内大部(三角点))",
				"読み":"Higashinaidaibu",
				"標高":"516m 2pt ",
				"GL":"QN14gd",
				"市郡区":"C#0120 ",
				"登山日":"",
				"メモ":"",
				"_markerType": "Icon",
				"_iconUrl": "https://maps.gsi.go.jp/portal/sys/v4/symbols/102.png",
				"_iconSize": [
					16,
					16
				],
				"_iconAnchor": [
					8,
					8
				]
			}
		},
		{
			"type": "Feature",
			"geometry": {
				"type": "Point",
				"coordinates": [
					 142.2996,
					 44.7621
				]
			},
			"properties": {
				"name": "JA8/KK-119(音江根布(三角点))",
				"読み":"Otoeneppu",
				"標高":"500m 2pt ",
				"GL":"QN14ds",
				"市郡区":"G#01050A / G#01015B ",
				"登山日":"",
				"メモ":"",
				"_markerType": "Icon",
				"_iconUrl": "https://maps.gsi.go.jp/portal/sys/v4/symbols/102.png",
				"_iconSize": [
					16,
					16
				],
				"_iconAnchor": [
					8,
					8
				]
			}
		},
		{
			"type": "Feature",
			"geometry": {
				"type": "Point",
				"coordinates": [
					 142.471,
					 43.2136
				]
			},
			"properties": {
				"name": "JA8/KK-120(東大演習林(相ノ沢(三角点)))",
				"読み":"Toudaiensyurin",
				"標高":"488m 1pt ",
				"GL":"QN13ff",
				"市郡区":"C#0129 ",
				"登山日":"",
				"メモ":"",
				"_markerType": "Icon",
				"_iconUrl": "https://maps.gsi.go.jp/portal/sys/v4/symbols/826.png",
				"_iconSize": [
					16,
					16
				],
				"_iconAnchor": [
					8,
					8
				]
			}
		},
		{
			"type": "Feature",
			"geometry": {
				"type": "Point",
				"coordinates": [
					 142.5358,
					 43.7872
				]
			},
			"properties": {
				"name": "JA8/KK-121(黒岩山)",
				"読み":"Kuroiwayama",
				"標高":"482m 1pt ",
				"GL":"QN13gs",
				"市郡区":"G#01023E / C#0102 ",
				"登山日":"",
				"メモ":"",
				"_markerType": "Icon",
				"_iconUrl": "https://maps.gsi.go.jp/portal/sys/v4/symbols/826.png",
				"_iconSize": [
					16,
					16
				],
				"_iconAnchor": [
					8,
					8
				]
			}
		},
		{
			"type": "Feature",
			"geometry": {
				"type": "Point",
				"coordinates": [
					 142.2712,
					 43.8949
				]
			},
			"properties": {
				"name": "JA8/KK-122(点470)",
				"読み":"P470",
				"標高":"470m 1pt ",
				"GL":"QN13dv",
				"市郡区":"C#0102 / G#01023D ",
				"登山日":"",
				"メモ":"",
				"_markerType": "Icon",
				"_iconUrl": "https://maps.gsi.go.jp/portal/sys/v4/symbols/826.png",
				"_iconSize": [
					16,
					16
				],
				"_iconAnchor": [
					8,
					8
				]
			}
		},
		{
			"type": "Feature",
			"geometry": {
				"type": "Point",
				"coordinates": [
					 142.1786,
					 44.2826
				]
			},
			"properties": {
				"name": "JA8/KK-123(耶似様内岳)",
				"読み":"Yanisamanaidake",
				"標高":"448m 1pt ",
				"GL":"QN14cg",
				"市郡区":"G#01081A ",
				"登山日":"",
				"メモ":"",
				"_markerType": "Icon",
				"_iconUrl": "https://maps.gsi.go.jp/portal/sys/v4/symbols/826.png",
				"_iconSize": [
					16,
					16
				],
				"_iconAnchor": [
					8,
					8
				]
			}
		},
		{
			"type": "Feature",
			"geometry": {
				"type": "Point",
				"coordinates": [
					 142.4434,
					 43.9812
				]
			},
			"properties": {
				"name": "JA8/KK-124(尖山)",
				"読み":"Togariyama",
				"標高":"444m 1pt ",
				"GL":"QN13fx",
				"市郡区":"G#01023M ",
				"登山日":"",
				"メモ":"",
				"_markerType": "Icon",
				"_iconUrl": "https://maps.gsi.go.jp/portal/sys/v4/symbols/826.png",
				"_iconSize": [
					16,
					16
				],
				"_iconAnchor": [
					8,
					8
				]
			}
		},
		{
			"type": "Feature",
			"geometry": {
				"type": "Point",
				"coordinates": [
					 142.0826,
					 44.6041
				]
			},
			"properties": {
				"name": "JA8/KK-126(胡桃山)",
				"読み":"Kurumiyama",
				"標高":"433m 1pt ",
				"GL":"QN14ao",
				"市郡区":"G#01050B ",
				"登山日":"",
				"メモ":"",
				"_markerType": "Icon",
				"_iconUrl": "https://maps.gsi.go.jp/portal/sys/v4/symbols/826.png",
				"_iconSize": [
					16,
					16
				],
				"_iconAnchor": [
					8,
					8
				]
			}
		},
		{
			"type": "Feature",
			"geometry": {
				"type": "Point",
				"coordinates": [
					 142.2879,
					 43.8269
				]
			},
			"properties": {
				"name": "JA8/KK-127(天神ケ峰)",
				"読み":"Tenjingamine",
				"標高":"426m 1pt ",
				"GL":"QN13dt",
				"市郡区":"C#0102 / G#01023D ",
				"登山日":"",
				"メモ":"",
				"_markerType": "Icon",
				"_iconUrl": "https://maps.gsi.go.jp/portal/sys/v4/symbols/826.png",
				"_iconSize": [
					16,
					16
				],
				"_iconAnchor": [
					8,
					8
				]
			}
		},
		{
			"type": "Feature",
			"geometry": {
				"type": "Point",
				"coordinates": [
					 141.9957,
					 44.7199
				]
			},
			"properties": {
				"name": "JA8/KK-128(礼士辺山(三角点))",
				"読み":"Rubeshibeyama",
				"標高":"418m 1pt ",
				"GL":"QN04xr",
				"市郡区":"G#01050B / G#01045A ",
				"登山日":"",
				"メモ":"",
				"_markerType": "Icon",
				"_iconUrl": "https://maps.gsi.go.jp/portal/sys/v4/symbols/826.png",
				"_iconSize": [
					16,
					16
				],
				"_iconAnchor": [
					8,
					8
				]
			}
		},
		{
			"type": "Feature",
			"geometry": {
				"type": "Point",
				"coordinates": [
					 142.29,
					 43.8704
				]
			},
			"properties": {
				"name": "JA8/KK-129(清水山)",
				"読み":"Shimizuyama",
				"標高":"383m 1pt ",
				"GL":"QN13du",
				"市郡区":"G#01023D / C#0102 ",
				"登山日":"",
				"メモ":"",
				"_markerType": "Icon",
				"_iconUrl": "https://maps.gsi.go.jp/portal/sys/v4/symbols/826.png",
				"_iconSize": [
					16,
					16
				],
				"_iconAnchor": [
					8,
					8
				]
			}
		},
		{
			"type": "Feature",
			"geometry": {
				"type": "Point",
				"coordinates": [
					 142.2826,
					 44.528
				]
			},
			"properties": {
				"name": "JA8/KK-130(点355)",
				"読み":"P355",
				"標高":"355m 1pt ",
				"GL":"QN14dm",
				"市郡区":"G#01050C ",
				"登山日":"",
				"メモ":"",
				"_markerType": "Icon",
				"_iconUrl": "https://maps.gsi.go.jp/portal/sys/v4/symbols/826.png",
				"_iconSize": [
					16,
					16
				],
				"_iconAnchor": [
					8,
					8
				]
			}
		},
		{
			"type": "Feature",
			"geometry": {
				"type": "Point",
				"coordinates": [
					 142.5929,
					 44.432
				]
			},
			"properties": {
				"name": "JA8/KK-131(ピヤシリ山近傍)",
				"読み":"NearPiyashiriyama",
				"標高":"991m 6pt ",
				"GL":"QN14hk",
				"市郡区":"G#01023H / G#01070E ",
				"登山日":"",
				"メモ":"",
				"_markerType": "Icon",
				"_iconUrl": "https://maps.gsi.go.jp/portal/sys/v4/symbols/103.png",
				"_iconSize": [
					16,
					16
				],
				"_iconAnchor": [
					8,
					8
				]
			}
		},
		{
			"type": "Feature",
			"geometry": {
				"type": "Point",
				"coordinates": [
					 142.3571,
					 43.4663
				]
			},
			"properties": {
				"name": "JA8/KK-132(那英山)",
				"読み":"Naeizan",
				"標高":"819m 4pt ",
				"GL":"QN13el",
				"市郡区":"C#0116 / G#01023I / G#01043A",
				"登山日":"",
				"メモ":"",
				"_markerType": "Icon",
				"_iconUrl": "https://maps.gsi.go.jp/portal/sys/v4/symbols/828.png",
				"_iconSize": [
					16,
					16
				],
				"_iconAnchor": [
					8,
					8
				]
			}
		},
		{
			"type": "Feature",
			"geometry": {
				"type": "Point",
				"coordinates": [
					 142.3818,
					 42.9058
				]
			},
			"properties": {
				"name": "JA8/KK-133(点793)",
				"読み":"P793",
				"標高":"793m 4pt ",
				"GL":"QN12ev",
				"市郡区":"G#01074A ",
				"登山日":"",
				"メモ":"",
				"_markerType": "Icon",
				"_iconUrl": "https://maps.gsi.go.jp/portal/sys/v4/symbols/828.png",
				"_iconSize": [
					16,
					16
				],
				"_iconAnchor": [
					8,
					8
				]
			}
		},
		{
			"type": "Feature",
			"geometry": {
				"type": "Point",
				"coordinates": [
					 142.5529,
					 43.1897
				]
			},
			"properties": {
				"name": "JA8/KK-134(二ノ山)",
				"読み":"Ninoyama",
				"標高":"791m 4pt ",
				"GL":"QN13ge",
				"市郡区":"C#0129 / G#01043C ",
				"登山日":"",
				"メモ":"",
				"_markerType": "Icon",
				"_iconUrl": "https://maps.gsi.go.jp/portal/sys/v4/symbols/828.png",
				"_iconSize": [
					16,
					16
				],
				"_iconAnchor": [
					8,
					8
				]
			}
		},
		{
			"type": "Feature",
			"geometry": {
				"type": "Point",
				"coordinates": [
					 142.0884,
					 44.2282
				]
			},
			"properties": {
				"name": "JA8/KK-135(摺鉢山)",
				"読み":"Suribachiyama",
				"標高":"626m 2pt ",
				"GL":"QN14bf",
				"市郡区":"G#01081A ",
				"登山日":"",
				"メモ":"",
				"_markerType": "Icon",
				"_iconUrl": "https://maps.gsi.go.jp/portal/sys/v4/symbols/102.png",
				"_iconSize": [
					16,
					16
				],
				"_iconAnchor": [
					8,
					8
				]
			}
		},
		{
			"type": "Feature",
			"geometry": {
				"type": "Point",
				"coordinates": [
					 142.1812,
					 44.6958
				]
			},
			"properties": {
				"name": "JA8/KK-136(点621)",
				"読み":"P621",
				"標高":"621m 2pt ",
				"GL":"QN14cq",
				"市郡区":"G#01050A ",
				"登山日":"",
				"メモ":"",
				"_markerType": "Icon",
				"_iconUrl": "https://maps.gsi.go.jp/portal/sys/v4/symbols/102.png",
				"_iconSize": [
					16,
					16
				],
				"_iconAnchor": [
					8,
					8
				]
			}
		},
		{
			"type": "Feature",
			"geometry": {
				"type": "Point",
				"coordinates": [
					 142.143,
					 44.6485
				]
			},
			"properties": {
				"name": "JA8/KK-137(点582)",
				"読み":"P582",
				"標高":"582m 2pt ",
				"GL":"QN14bp",
				"市郡区":"G#01050B ",
				"登山日":"",
				"メモ":"",
				"_markerType": "Icon",
				"_iconUrl": "https://maps.gsi.go.jp/portal/sys/v4/symbols/102.png",
				"_iconSize": [
					16,
					16
				],
				"_iconAnchor": [
					8,
					8
				]
			}
		},
		{
			"type": "Feature",
			"geometry": {
				"type": "Point",
				"coordinates": [
					 142.3067,
					 43.9566
				]
			},
			"properties": {
				"name": "JA8/KK-138(伊阿根山)",
				"読み":"Ianeyama",
				"標高":"576m 2pt ",
				"GL":"QN13dw",
				"市郡区":"G#01023M / G#01023D ",
				"登山日":"",
				"メモ":"",
				"_markerType": "Icon",
				"_iconUrl": "https://maps.gsi.go.jp/portal/sys/v4/symbols/102.png",
				"_iconSize": [
					16,
					16
				],
				"_iconAnchor": [
					8,
					8
				]
			}
		},
		{
			"type": "Feature",
			"geometry": {
				"type": "Point",
				"coordinates": [
					 142.223,
					 44.7519
				]
			},
			"properties": {
				"name": "JA8/KK-139(点450)",
				"読み":"P450",
				"標高":"450m 1pt ",
				"GL":"QN14cs",
				"市郡区":"G#01050A ",
				"登山日":"",
				"メモ":"",
				"_markerType": "Icon",
				"_iconUrl": "https://maps.gsi.go.jp/portal/sys/v4/symbols/826.png",
				"_iconSize": [
					16,
					16
				],
				"_iconAnchor": [
					8,
					8
				]
			}
		},
		{
			"type": "Feature",
			"geometry": {
				"type": "Point",
				"coordinates": [
					 144.0086,
					 43.3864
				]
			},
			"properties": {
				"name": "JA8/KR-001(雌阿寒岳)",
				"読み":"Meakandake",
				"標高":"1499m 8pt ",
				"GL":"QN23aj",
				"市郡区":"G#01002A / C#0106 ",
				"登山日":"",
				"メモ":"",
				"_markerType": "Icon",
				"_iconUrl": "https://maps.gsi.go.jp/portal/sys/v4/symbols/104.png",
				"_iconSize": [
					16,
					16
				],
				"_iconAnchor": [
					8,
					8
				]
			}
		},
		{
			"type": "Feature",
			"geometry": {
				"type": "Point",
				"coordinates": [
					 144.1646,
					 43.4541
				]
			},
			"properties": {
				"name": "JA8/KR-002(雄阿寒岳)",
				"読み":"Oakandake",
				"標高":"1370m 8pt ",
				"GL":"QN23bk",
				"市郡区":"C#0106 ",
				"登山日":"",
				"メモ":"",
				"_markerType": "Icon",
				"_iconUrl": "https://maps.gsi.go.jp/portal/sys/v4/symbols/104.png",
				"_iconSize": [
					16,
					16
				],
				"_iconAnchor": [
					8,
					8
				]
			}
		},
		{
			"type": "Feature",
			"geometry": {
				"type": "Point",
				"coordinates": [
					 144.0236,
					 43.4287
				]
			},
			"properties": {
				"name": "JA8/KR-003(フップシ岳)",
				"読み":"Fuppushidake",
				"標高":"1225m 8pt ",
				"GL":"QN23ak",
				"市郡区":"C#0106 / G#01002A ",
				"登山日":"",
				"メモ":"",
				"_markerType": "Icon",
				"_iconUrl": "https://maps.gsi.go.jp/portal/sys/v4/symbols/104.png",
				"_iconSize": [
					16,
					16
				],
				"_iconAnchor": [
					8,
					8
				]
			}
		},
		{
			"type": "Feature",
			"geometry": {
				"type": "Point",
				"coordinates": [
					 144.0727,
					 43.3927
				]
			},
			"properties": {
				"name": "JA8/KR-004(フレベツ岳)",
				"読み":"Furebetsudake",
				"標高":"1097m 6pt ",
				"GL":"QN23aj",
				"市郡区":"C#0106 ",
				"登山日":"",
				"メモ":"",
				"_markerType": "Icon",
				"_iconUrl": "https://maps.gsi.go.jp/portal/sys/v4/symbols/103.png",
				"_iconSize": [
					16,
					16
				],
				"_iconAnchor": [
					8,
					8
				]
			}
		},
		{
			"type": "Feature",
			"geometry": {
				"type": "Point",
				"coordinates": [
					 144.063,
					 43.3516
				]
			},
			"properties": {
				"name": "JA8/KR-005(点1010)",
				"読み":"P1010",
				"標高":"1010m 6pt ",
				"GL":"QN23ai",
				"市郡区":"C#0106 ",
				"登山日":"",
				"メモ":"",
				"_markerType": "Icon",
				"_iconUrl": "https://maps.gsi.go.jp/portal/sys/v4/symbols/103.png",
				"_iconSize": [
					16,
					16
				],
				"_iconAnchor": [
					8,
					8
				]
			}
		},
		{
			"type": "Feature",
			"geometry": {
				"type": "Point",
				"coordinates": [
					 144.2184,
					 43.5881
				]
			},
			"properties": {
				"name": "JA8/KR-006(サマッカリヌプリ)",
				"読み":"Samakkarinupuri",
				"標高":"974m 6pt ",
				"GL":"QN23co",
				"市郡区":"G#01026B / G#01005B ",
				"登山日":"",
				"メモ":"",
				"_markerType": "Icon",
				"_iconUrl": "https://maps.gsi.go.jp/portal/sys/v4/symbols/103.png",
				"_iconSize": [
					16,
					16
				],
				"_iconAnchor": [
					8,
					8
				]
			}
		},
		{
			"type": "Feature",
			"geometry": {
				"type": "Point",
				"coordinates": [
					 144.2388,
					 43.5604
				]
			},
			"properties": {
				"name": "JA8/KR-007(コトニヌプリ)",
				"読み":"Kotoninupuri",
				"標高":"952m 6pt ",
				"GL":"QN23cn",
				"市郡区":"G#01026B / G#01005B ",
				"登山日":"",
				"メモ":"",
				"_markerType": "Icon",
				"_iconUrl": "https://maps.gsi.go.jp/portal/sys/v4/symbols/103.png",
				"_iconSize": [
					16,
					16
				],
				"_iconAnchor": [
					8,
					8
				]
			}
		},
		{
			"type": "Feature",
			"geometry": {
				"type": "Point",
				"coordinates": [
					 144.1804,
					 43.5102
				]
			},
			"properties": {
				"name": "JA8/KR-008(本様毛(三角点))",
				"読み":"Honsamage",
				"標高":"931m 6pt ",
				"GL":"QN23cm",
				"市郡区":"G#01005B / C#0106 ",
				"登山日":"",
				"メモ":"",
				"_markerType": "Icon",
				"_iconUrl": "https://maps.gsi.go.jp/portal/sys/v4/symbols/103.png",
				"_iconSize": [
					16,
					16
				],
				"_iconAnchor": [
					8,
					8
				]
			}
		},
		{
			"type": "Feature",
			"geometry": {
				"type": "Point",
				"coordinates": [
					 144.0272,
					 43.3244
				]
			},
			"properties": {
				"name": "JA8/KR-009(徹別岳)",
				"読み":"Teshibetsudake",
				"標高":"877m 6pt ",
				"GL":"QN23ah",
				"市郡区":"C#0106 ",
				"登山日":"",
				"メモ":"",
				"_markerType": "Icon",
				"_iconUrl": "https://maps.gsi.go.jp/portal/sys/v4/symbols/103.png",
				"_iconSize": [
					16,
					16
				],
				"_iconAnchor": [
					8,
					8
				]
			}
		},
		{
			"type": "Feature",
			"geometry": {
				"type": "Point",
				"coordinates": [
					 144.2342,
					 43.4511
				]
			},
			"properties": {
				"name": "JA8/KR-010(点858)",
				"読み":"P858",
				"標高":"858m 6pt ",
				"GL":"QN23ck",
				"市郡区":"C#0106 / G#01001B ",
				"登山日":"",
				"メモ":"",
				"_markerType": "Icon",
				"_iconUrl": "https://maps.gsi.go.jp/portal/sys/v4/symbols/103.png",
				"_iconSize": [
					16,
					16
				],
				"_iconAnchor": [
					8,
					8
				]
			}
		},
		{
			"type": "Feature",
			"geometry": {
				"type": "Point",
				"coordinates": [
					 144.5609,
					 43.5723
				]
			},
			"properties": {
				"name": "JA8/KR-011(カムイヌプリ(摩周岳))",
				"読み":"Kamuinupuri/Mashyuudake",
				"標高":"857m 6pt ",
				"GL":"QN23gn",
				"市郡区":"G#01026B ",
				"登山日":"",
				"メモ":"",
				"_markerType": "Icon",
				"_iconUrl": "https://maps.gsi.go.jp/portal/sys/v4/symbols/103.png",
				"_iconSize": [
					16,
					16
				],
				"_iconAnchor": [
					8,
					8
				]
			}
		},
		{
			"type": "Feature",
			"geometry": {
				"type": "Point",
				"coordinates": [
					 144.1074,
					 43.4081
				]
			},
			"properties": {
				"name": "JA8/KR-012(七曲(三角点))",
				"読み":"Nanamagari",
				"標高":"831m 4pt ",
				"GL":"QN23bj",
				"市郡区":"C#0106 ",
				"登山日":"",
				"メモ":"",
				"_markerType": "Icon",
				"_iconUrl": "https://maps.gsi.go.jp/portal/sys/v4/symbols/828.png",
				"_iconSize": [
					16,
					16
				],
				"_iconAnchor": [
					8,
					8
				]
			}
		},
		{
			"type": "Feature",
			"geometry": {
				"type": "Point",
				"coordinates": [
					 144.2583,
					 43.5372
				]
			},
			"properties": {
				"name": "JA8/KR-013(点821)",
				"読み":"P821",
				"標高":"821m 4pt ",
				"GL":"QN23dm",
				"市郡区":"G#01026B ",
				"登山日":"",
				"メモ":"",
				"_markerType": "Icon",
				"_iconUrl": "https://maps.gsi.go.jp/portal/sys/v4/symbols/828.png",
				"_iconSize": [
					16,
					16
				],
				"_iconAnchor": [
					8,
					8
				]
			}
		},
		{
			"type": "Feature",
			"geometry": {
				"type": "Point",
				"coordinates": [
					 144.5818,
					 43.5535
				]
			},
			"properties": {
				"name": "JA8/KR-014(西別岳)",
				"読み":"Nishibetsudake",
				"標高":"800m 4pt ",
				"GL":"QN23gn",
				"市郡区":"G#01026A ",
				"登山日":"",
				"メモ":"",
				"_markerType": "Icon",
				"_iconUrl": "https://maps.gsi.go.jp/portal/sys/v4/symbols/828.png",
				"_iconSize": [
					16,
					16
				],
				"_iconAnchor": [
					8,
					8
				]
			}
		},
		{
			"type": "Feature",
			"geometry": {
				"type": "Point",
				"coordinates": [
					 144.3279,
					 43.5222
				]
			},
			"properties": {
				"name": "JA8/KR-015(育留蘂山(三角点))",
				"読み":"Ikurushibeyama",
				"標高":"755m 4pt ",
				"GL":"QN23dm",
				"市郡区":"G#01026B ",
				"登山日":"",
				"メモ":"",
				"_markerType": "Icon",
				"_iconUrl": "https://maps.gsi.go.jp/portal/sys/v4/symbols/828.png",
				"_iconSize": [
					16,
					16
				],
				"_iconAnchor": [
					8,
					8
				]
			}
		},
		{
			"type": "Feature",
			"geometry": {
				"type": "Point",
				"coordinates": [
					 143.7976,
					 43.2085
				]
			},
			"properties": {
				"name": "JA8/KR-016(ウコタキヌプリ)",
				"読み":"Ukotakinupuri",
				"標高":"747m 4pt ",
				"GL":"QN13vf",
				"市郡区":"G#01002A / G#01038A ",
				"登山日":"",
				"メモ":"",
				"_markerType": "Icon",
				"_iconUrl": "https://maps.gsi.go.jp/portal/sys/v4/symbols/828.png",
				"_iconSize": [
					16,
					16
				],
				"_iconAnchor": [
					8,
					8
				]
			}
		},
		{
			"type": "Feature",
			"geometry": {
				"type": "Point",
				"coordinates": [
					 144.3396,
					 43.4915
				]
			},
			"properties": {
				"name": "JA8/KR-017(辺計礼山)",
				"読み":"Pekereyama",
				"標高":"732m 4pt ",
				"GL":"QN23el",
				"市郡区":"G#01026B ",
				"登山日":"",
				"メモ":"",
				"_markerType": "Icon",
				"_iconUrl": "https://maps.gsi.go.jp/portal/sys/v4/symbols/828.png",
				"_iconSize": [
					16,
					16
				],
				"_iconAnchor": [
					8,
					8
				]
			}
		},
		{
			"type": "Feature",
			"geometry": {
				"type": "Point",
				"coordinates": [
					 143.7713,
					 43.0877
				]
			},
			"properties": {
				"name": "JA8/KR-018(雪乱山)",
				"読み":"Setsuranyama",
				"標高":"721m 4pt ",
				"GL":"QN13vc",
				"市郡区":"C#0106 ",
				"登山日":"",
				"メモ":"",
				"_markerType": "Icon",
				"_iconUrl": "https://maps.gsi.go.jp/portal/sys/v4/symbols/828.png",
				"_iconSize": [
					16,
					16
				],
				"_iconAnchor": [
					8,
					8
				]
			}
		},
		{
			"type": "Feature",
			"geometry": {
				"type": "Point",
				"coordinates": [
					 143.8004,
					 43.1537
				]
			},
			"properties": {
				"name": "JA8/KR-019(頓辺(三角点))",
				"読み":"Tonbe",
				"標高":"707m 4pt ",
				"GL":"QN13vd",
				"市郡区":"G#01038A ",
				"登山日":"",
				"メモ":"",
				"_markerType": "Icon",
				"_iconUrl": "https://maps.gsi.go.jp/portal/sys/v4/symbols/828.png",
				"_iconSize": [
					16,
					16
				],
				"_iconAnchor": [
					8,
					8
				]
			}
		},
		{
			"type": "Feature",
			"geometry": {
				"type": "Point",
				"coordinates": [
					 144.5126,
					 43.5938
				]
			},
			"properties": {
				"name": "JA8/KR-020(摩周湖山(三角点))",
				"読み":"Masyuukoyama",
				"標高":"701m 4pt ",
				"GL":"QN23go",
				"市郡区":"G#01026B ",
				"登山日":"",
				"メモ":"",
				"_markerType": "Icon",
				"_iconUrl": "https://maps.gsi.go.jp/portal/sys/v4/symbols/828.png",
				"_iconSize": [
					16,
					16
				],
				"_iconAnchor": [
					8,
					8
				]
			}
		},
		{
			"type": "Feature",
			"geometry": {
				"type": "Point",
				"coordinates": [
					 143.8028,
					 43.1234
				]
			},
			"properties": {
				"name": "JA8/KR-021(点680)",
				"読み":"P680",
				"標高":"680m 4pt ",
				"GL":"QN13vc",
				"市郡区":"G#01038A / C#0106 ",
				"登山日":"",
				"メモ":"",
				"_markerType": "Icon",
				"_iconUrl": "https://maps.gsi.go.jp/portal/sys/v4/symbols/828.png",
				"_iconSize": [
					16,
					16
				],
				"_iconAnchor": [
					8,
					8
				]
			}
		},
		{
			"type": "Feature",
			"geometry": {
				"type": "Point",
				"coordinates": [
					 143.7438,
					 43.0635
				]
			},
			"properties": {
				"name": "JA8/KR-022(点675)",
				"読み":"P675",
				"標高":"675m 4pt ",
				"GL":"QN13ub",
				"市郡区":"G#01047A / C#0106 ",
				"登山日":"",
				"メモ":"",
				"_markerType": "Icon",
				"_iconUrl": "https://maps.gsi.go.jp/portal/sys/v4/symbols/828.png",
				"_iconSize": [
					16,
					16
				],
				"_iconAnchor": [
					8,
					8
				]
			}
		},
		{
			"type": "Feature",
			"geometry": {
				"type": "Point",
				"coordinates": [
					 143.8646,
					 43.2659
				]
			},
			"properties": {
				"name": "JA8/KR-023(点670)",
				"読み":"P670",
				"標高":"670m 4pt ",
				"GL":"QN13wg",
				"市郡区":"G#01038A ",
				"登山日":"",
				"メモ":"",
				"_markerType": "Icon",
				"_iconUrl": "https://maps.gsi.go.jp/portal/sys/v4/symbols/828.png",
				"_iconSize": [
					16,
					16
				],
				"_iconAnchor": [
					8,
					8
				]
			}
		},
		{
			"type": "Feature",
			"geometry": {
				"type": "Point",
				"coordinates": [
					 143.908,
					 43.2635
				]
			},
			"properties": {
				"name": "JA8/KR-024(点632)",
				"読み":"P632",
				"標高":"632m 2pt ",
				"GL":"QN13wg",
				"市郡区":"G#01038A ",
				"登山日":"",
				"メモ":"",
				"_markerType": "Icon",
				"_iconUrl": "https://maps.gsi.go.jp/portal/sys/v4/symbols/102.png",
				"_iconSize": [
					16,
					16
				],
				"_iconAnchor": [
					8,
					8
				]
			}
		},
		{
			"type": "Feature",
			"geometry": {
				"type": "Point",
				"coordinates": [
					 143.8115,
					 43.2469
				]
			},
			"properties": {
				"name": "JA8/KR-025(点627)",
				"読み":"P627",
				"標高":"627m 2pt ",
				"GL":"QN13vf",
				"市郡区":"G#01038A / G#01002A ",
				"登山日":"",
				"メモ":"",
				"_markerType": "Icon",
				"_iconUrl": "https://maps.gsi.go.jp/portal/sys/v4/symbols/102.png",
				"_iconSize": [
					16,
					16
				],
				"_iconAnchor": [
					8,
					8
				]
			}
		},
		{
			"type": "Feature",
			"geometry": {
				"type": "Point",
				"coordinates": [
					 143.7213,
					 43.0163
				]
			},
			"properties": {
				"name": "JA8/KR-026(霧裏山(三角点))",
				"読み":"Kiriurayama",
				"標高":"613m 2pt ",
				"GL":"QN13ua",
				"市郡区":"C#0106 ",
				"登山日":"",
				"メモ":"",
				"_markerType": "Icon",
				"_iconUrl": "https://maps.gsi.go.jp/portal/sys/v4/symbols/102.png",
				"_iconSize": [
					16,
					16
				],
				"_iconAnchor": [
					8,
					8
				]
			}
		},
		{
			"type": "Feature",
			"geometry": {
				"type": "Point",
				"coordinates": [
					 144.3375,
					 43.4533
				]
			},
			"properties": {
				"name": "JA8/KR-027(志計礼辺山)",
				"読み":"Shikerepeyama",
				"標高":"581m 2pt ",
				"GL":"QN23ek",
				"市郡区":"G#01026B ",
				"登山日":"",
				"メモ":"",
				"_markerType": "Icon",
				"_iconUrl": "https://maps.gsi.go.jp/portal/sys/v4/symbols/102.png",
				"_iconSize": [
					16,
					16
				],
				"_iconAnchor": [
					8,
					8
				]
			}
		},
		{
			"type": "Feature",
			"geometry": {
				"type": "Point",
				"coordinates": [
					 144.4272,
					 43.615
				]
			},
			"properties": {
				"name": "JA8/KR-028(マクワンチサップ)",
				"読み":"Makuwanchisappu",
				"標高":"574m 2pt ",
				"GL":"QN23fo",
				"市郡区":"G#01026B ",
				"登山日":"",
				"メモ":"",
				"_markerType": "Icon",
				"_iconUrl": "https://maps.gsi.go.jp/portal/sys/v4/symbols/102.png",
				"_iconSize": [
					16,
					16
				],
				"_iconAnchor": [
					8,
					8
				]
			}
		},
		{
			"type": "Feature",
			"geometry": {
				"type": "Point",
				"coordinates": [
					 143.9885,
					 43.1605
				]
			},
			"properties": {
				"name": "JA8/KR-029(滝ノ上山)",
				"読み":"Takinoueyama",
				"標高":"568m 2pt ",
				"GL":"QN13xd",
				"市郡区":"G#01038A ",
				"登山日":"",
				"メモ":"",
				"_markerType": "Icon",
				"_iconUrl": "https://maps.gsi.go.jp/portal/sys/v4/symbols/102.png",
				"_iconSize": [
					16,
					16
				],
				"_iconAnchor": [
					8,
					8
				]
			}
		},
		{
			"type": "Feature",
			"geometry": {
				"type": "Point",
				"coordinates": [
					 144.4038,
					 43.5006
				]
			},
			"properties": {
				"name": "JA8/KR-030(美羅尾山)",
				"読み":"Biraozan",
				"標高":"554m 2pt ",
				"GL":"QN23em",
				"市郡区":"G#01026B ",
				"登山日":"",
				"メモ":"",
				"_markerType": "Icon",
				"_iconUrl": "https://maps.gsi.go.jp/portal/sys/v4/symbols/102.png",
				"_iconSize": [
					16,
					16
				],
				"_iconAnchor": [
					8,
					8
				]
			}
		},
		{
			"type": "Feature",
			"geometry": {
				"type": "Point",
				"coordinates": [
					 144.4183,
					 43.6289
				]
			},
			"properties": {
				"name": "JA8/KR-031(サワンチサップ)",
				"読み":"Sawanchisappu",
				"標高":"520m 2pt ",
				"GL":"QN23fp",
				"市郡区":"G#01026B ",
				"登山日":"",
				"メモ":"",
				"_markerType": "Icon",
				"_iconUrl": "https://maps.gsi.go.jp/portal/sys/v4/symbols/102.png",
				"_iconSize": [
					16,
					16
				],
				"_iconAnchor": [
					8,
					8
				]
			}
		},
		{
			"type": "Feature",
			"geometry": {
				"type": "Point",
				"coordinates": [
					 144.3812,
					 43.5674
				]
			},
			"properties": {
				"name": "JA8/KR-032(雄武建山(三角点))",
				"読み":"Oumutakeyama",
				"標高":"504m 2pt ",
				"GL":"QN23en",
				"市郡区":"G#01026B ",
				"登山日":"",
				"メモ":"",
				"_markerType": "Icon",
				"_iconUrl": "https://maps.gsi.go.jp/portal/sys/v4/symbols/102.png",
				"_iconSize": [
					16,
					16
				],
				"_iconAnchor": [
					8,
					8
				]
			}
		},
		{
			"type": "Feature",
			"geometry": {
				"type": "Point",
				"coordinates": [
					 144.3893,
					 43.5894
				]
			},
			"properties": {
				"name": "JA8/KR-033(点460)",
				"読み":"P460",
				"標高":"460m 1pt ",
				"GL":"QN23eo",
				"市郡区":"G#01026B ",
				"登山日":"",
				"メモ":"",
				"_markerType": "Icon",
				"_iconUrl": "https://maps.gsi.go.jp/portal/sys/v4/symbols/826.png",
				"_iconSize": [
					16,
					16
				],
				"_iconAnchor": [
					8,
					8
				]
			}
		},
		{
			"type": "Feature",
			"geometry": {
				"type": "Point",
				"coordinates": [
					 144.408,
					 43.585
				]
			},
			"properties": {
				"name": "JA8/KR-034(点396)",
				"読み":"P396",
				"標高":"396m 1pt ",
				"GL":"QN23eo",
				"市郡区":"G#01026B ",
				"登山日":"",
				"メモ":"",
				"_markerType": "Icon",
				"_iconUrl": "https://maps.gsi.go.jp/portal/sys/v4/symbols/826.png",
				"_iconSize": [
					16,
					16
				],
				"_iconAnchor": [
					8,
					8
				]
			}
		},
		{
			"type": "Feature",
			"geometry": {
				"type": "Point",
				"coordinates": [
					 144.3087,
					 43.6325
				]
			},
			"properties": {
				"name": "JA8/KR-035(中島（三角点）屈斜路湖内)",
				"読み":"Nakashima",
				"標高":"355m 1pt ",
				"GL":"QN23dp",
				"市郡区":"G#01026B ",
				"登山日":"",
				"メモ":"",
				"_markerType": "Icon",
				"_iconUrl": "https://maps.gsi.go.jp/portal/sys/v4/symbols/826.png",
				"_iconSize": [
					16,
					16
				],
				"_iconAnchor": [
					8,
					8
				]
			}
		},
		{
			"type": "Feature",
			"geometry": {
				"type": "Point",
				"coordinates": [
					 144.0165,
					 42.9806
				]
			},
			"properties": {
				"name": "JA8/KR-036(見晴山(三角点))",
				"読み":"Miharashiyama",
				"標高":"251m 1pt ",
				"GL":"QN22ax",
				"市郡区":"G#01038A ",
				"登山日":"",
				"メモ":"",
				"_markerType": "Icon",
				"_iconUrl": "https://maps.gsi.go.jp/portal/sys/v4/symbols/826.png",
				"_iconSize": [
					16,
					16
				],
				"_iconAnchor": [
					8,
					8
				]
			}
		},
		{
			"type": "Feature",
			"geometry": {
				"type": "Point",
				"coordinates": [
					 143.8001,
					 43.1
				]
			},
			"properties": {
				"name": "JA8/KR-037(点534)",
				"読み":"P534",
				"標高":"534m 2pt ",
				"GL":"QN13vc",
				"市郡区":"C#0106 ",
				"登山日":"",
				"メモ":"",
				"_markerType": "Icon",
				"_iconUrl": "https://maps.gsi.go.jp/portal/sys/v4/symbols/102.png",
				"_iconSize": [
					16,
					16
				],
				"_iconAnchor": [
					8,
					8
				]
			}
		},
		{
			"type": "Feature",
			"geometry": {
				"type": "Point",
				"coordinates": [
					 145.1436,
					 44.0953
				]
			},
			"properties": {
				"name": "JA8/NM-001(サシルイ岳)",
				"読み":"Sashiruidake",
				"標高":"1564m 10pt ",
				"GL":"QN24nc",
				"市郡区":"G#01036C / G#01069A ",
				"登山日":"",
				"メモ":"",
				"_markerType": "Icon",
				"_iconUrl": "https://maps.gsi.go.jp/portal/sys/v4/symbols/101.png",
				"_iconSize": [
					16,
					16
				],
				"_iconAnchor": [
					8,
					8
				]
			}
		},
		{
			"type": "Feature",
			"geometry": {
				"type": "Point",
				"coordinates": [
					 145.0133,
					 43.9934
				]
			},
			"properties": {
				"name": "JA8/NM-002(遠音別岳)",
				"読み":"Onnebetsudake",
				"標高":"1330m 8pt ",
				"GL":"QN23mx",
				"市郡区":"G#01069A / G#01036C ",
				"登山日":"",
				"メモ":"",
				"_markerType": "Icon",
				"_iconUrl": "https://maps.gsi.go.jp/portal/sys/v4/symbols/104.png",
				"_iconSize": [
					16,
					16
				],
				"_iconAnchor": [
					8,
					8
				]
			}
		},
		{
			"type": "Feature",
			"geometry": {
				"type": "Point",
				"coordinates": [
					 144.8384,
					 43.6982
				]
			},
			"properties": {
				"name": "JA8/NM-003(点1026)",
				"読み":"P1026",
				"標高":"1026m 6pt ",
				"GL":"QN23kq",
				"市郡区":"G#01033A / G#01033B ",
				"登山日":"",
				"メモ":"",
				"_markerType": "Icon",
				"_iconUrl": "https://maps.gsi.go.jp/portal/sys/v4/symbols/103.png",
				"_iconSize": [
					16,
					16
				],
				"_iconAnchor": [
					8,
					8
				]
			}
		},
		{
			"type": "Feature",
			"geometry": {
				"type": "Point",
				"coordinates": [
					 144.8818,
					 43.6778
				]
			},
			"properties": {
				"name": "JA8/NM-004(武佐岳)",
				"読み":"Musadake",
				"標高":"1005m 6pt ",
				"GL":"QN23kq",
				"市郡区":"G#01033A / G#01033B ",
				"登山日":"",
				"メモ":"",
				"_markerType": "Icon",
				"_iconUrl": "https://maps.gsi.go.jp/portal/sys/v4/symbols/103.png",
				"_iconSize": [
					16,
					16
				],
				"_iconAnchor": [
					8,
					8
				]
			}
		},
		{
			"type": "Feature",
			"geometry": {
				"type": "Point",
				"coordinates": [
					 144.8088,
					 43.6937
				]
			},
			"properties": {
				"name": "JA8/NM-005(俣落岳)",
				"読み":"Mataochidake",
				"標高":"1003m 6pt ",
				"GL":"QN23jq",
				"市郡区":"G#01033B / G#01033A ",
				"登山日":"",
				"メモ":"",
				"_markerType": "Icon",
				"_iconUrl": "https://maps.gsi.go.jp/portal/sys/v4/symbols/103.png",
				"_iconSize": [
					16,
					16
				],
				"_iconAnchor": [
					8,
					8
				]
			}
		},
		{
			"type": "Feature",
			"geometry": {
				"type": "Point",
				"coordinates": [
					 144.882,
					 43.702
				]
			},
			"properties": {
				"name": "JA8/NM-006(尖峰)",
				"読み":"Senpo",
				"標高":"953m 6pt ",
				"GL":"QN23kq",
				"市郡区":"G#01033A ",
				"登山日":"",
				"メモ":"",
				"_markerType": "Icon",
				"_iconUrl": "https://maps.gsi.go.jp/portal/sys/v4/symbols/103.png",
				"_iconSize": [
					16,
					16
				],
				"_iconAnchor": [
					8,
					8
				]
			}
		},
		{
			"type": "Feature",
			"geometry": {
				"type": "Point",
				"coordinates": [
					 144.6479,
					 43.6348
				]
			},
			"properties": {
				"name": "JA8/NM-007(点851(養老牛岳近傍))",
				"読み":"P851",
				"標高":"851m 6pt ",
				"GL":"QN23hp",
				"市郡区":"G#01036A / G#01033B ",
				"登山日":"",
				"メモ":"",
				"_markerType": "Icon",
				"_iconUrl": "https://maps.gsi.go.jp/portal/sys/v4/symbols/103.png",
				"_iconSize": [
					16,
					16
				],
				"_iconAnchor": [
					8,
					8
				]
			}
		},
		{
			"type": "Feature",
			"geometry": {
				"type": "Point",
				"coordinates": [
					 144.8784,
					 43.7208
				]
			},
			"properties": {
				"name": "JA8/NM-008(点842(弁勲嶺(ペクンネ)近傍))",
				"読み":"P842",
				"標高":"842m 4pt ",
				"GL":"QN23kr",
				"市郡区":"G#01033A ",
				"登山日":"",
				"メモ":"",
				"_markerType": "Icon",
				"_iconUrl": "https://maps.gsi.go.jp/portal/sys/v4/symbols/828.png",
				"_iconSize": [
					16,
					16
				],
				"_iconAnchor": [
					8,
					8
				]
			}
		},
		{
			"type": "Feature",
			"geometry": {
				"type": "Point",
				"coordinates": [
					 144.8807,
					 43.8125
				]
			},
			"properties": {
				"name": "JA8/NM-009(点771)",
				"読み":"P771",
				"標高":"771m 4pt ",
				"GL":"QN23kt",
				"市郡区":"G#01033A ",
				"登山日":"",
				"メモ":"",
				"_markerType": "Icon",
				"_iconUrl": "https://maps.gsi.go.jp/portal/sys/v4/symbols/828.png",
				"_iconSize": [
					16,
					16
				],
				"_iconAnchor": [
					8,
					8
				]
			}
		},
		{
			"type": "Feature",
			"geometry": {
				"type": "Point",
				"coordinates": [
					 144.9894,
					 43.906
				]
			},
			"properties": {
				"name": "JA8/NM-010(点712)",
				"読み":"P712",
				"標高":"712m 4pt ",
				"GL":"QN23lv",
				"市郡区":"G#01069A ",
				"登山日":"",
				"メモ":"",
				"_markerType": "Icon",
				"_iconUrl": "https://maps.gsi.go.jp/portal/sys/v4/symbols/828.png",
				"_iconSize": [
					16,
					16
				],
				"_iconAnchor": [
					8,
					8
				]
			}
		},
		{
			"type": "Feature",
			"geometry": {
				"type": "Point",
				"coordinates": [
					 144.7434,
					 43.6299
				]
			},
			"properties": {
				"name": "JA8/NM-011(西竹山)",
				"読み":"Nishitakeyama",
				"標高":"698m 4pt ",
				"GL":"QN23ip",
				"市郡区":"G#01033B ",
				"登山日":"",
				"メモ":"",
				"_markerType": "Icon",
				"_iconUrl": "https://maps.gsi.go.jp/portal/sys/v4/symbols/828.png",
				"_iconSize": [
					16,
					16
				],
				"_iconAnchor": [
					8,
					8
				]
			}
		},
		{
			"type": "Feature",
			"geometry": {
				"type": "Point",
				"coordinates": [
					 144.6449,
					 43.5997
				]
			},
			"properties": {
				"name": "JA8/NM-012(温泉富士)",
				"読み":"Onsenfuji",
				"標高":"660m 4pt ",
				"GL":"QN23ho",
				"市郡区":"G#01033B ",
				"登山日":"",
				"メモ":"",
				"_markerType": "Icon",
				"_iconUrl": "https://maps.gsi.go.jp/portal/sys/v4/symbols/828.png",
				"_iconSize": [
					16,
					16
				],
				"_iconAnchor": [
					8,
					8
				]
			}
		},
		{
			"type": "Feature",
			"geometry": {
				"type": "Point",
				"coordinates": [
					 144.6861,
					 43.616
				]
			},
			"properties": {
				"name": "JA8/NM-013(シタバヌプリ山)",
				"読み":"Shitabanupuriyama",
				"標高":"640m 2pt ",
				"GL":"QN23io",
				"市郡区":"G#01033B ",
				"登山日":"",
				"メモ":"",
				"_markerType": "Icon",
				"_iconUrl": "https://maps.gsi.go.jp/portal/sys/v4/symbols/102.png",
				"_iconSize": [
					16,
					16
				],
				"_iconAnchor": [
					8,
					8
				]
			}
		},
		{
			"type": "Feature",
			"geometry": {
				"type": "Point",
				"coordinates": [
					 144.8452,
					 43.7634
				]
			},
			"properties": {
				"name": "JA8/NM-014(点596)",
				"読み":"P596",
				"標高":"596m 2pt ",
				"GL":"QN23ks",
				"市郡区":"G#01033A ",
				"登山日":"",
				"メモ":"",
				"_markerType": "Icon",
				"_iconUrl": "https://maps.gsi.go.jp/portal/sys/v4/symbols/102.png",
				"_iconSize": [
					16,
					16
				],
				"_iconAnchor": [
					8,
					8
				]
			}
		},
		{
			"type": "Feature",
			"geometry": {
				"type": "Point",
				"coordinates": [
					 144.9272,
					 43.6967
				]
			},
			"properties": {
				"name": "JA8/NM-015(シュ羅山(三角点))",
				"読み":"Shurasan",
				"標高":"574m 2pt ",
				"GL":"QN23lq",
				"市郡区":"G#01033A ",
				"登山日":"",
				"メモ":"",
				"_markerType": "Icon",
				"_iconUrl": "https://maps.gsi.go.jp/portal/sys/v4/symbols/102.png",
				"_iconSize": [
					16,
					16
				],
				"_iconAnchor": [
					8,
					8
				]
			}
		},
		{
			"type": "Feature",
			"geometry": {
				"type": "Point",
				"coordinates": [
					 144.9057,
					 43.7669
				]
			},
			"properties": {
				"name": "JA8/NM-016(点568(金山(三角点)近傍))",
				"読み":"Kanayama",
				"標高":"568m 2pt ",
				"GL":"QN23ks",
				"市郡区":"G#01033A ",
				"登山日":"",
				"メモ":"",
				"_markerType": "Icon",
				"_iconUrl": "https://maps.gsi.go.jp/portal/sys/v4/symbols/102.png",
				"_iconSize": [
					16,
					16
				],
				"_iconAnchor": [
					8,
					8
				]
			}
		},
		{
			"type": "Feature",
			"geometry": {
				"type": "Point",
				"coordinates": [
					 145.2784,
					 44.1658
				]
			},
			"properties": {
				"name": "JA8/NM-017(トッカリムイ岳)",
				"読み":"Tokkarimuidake",
				"標高":"561m 2pt ",
				"GL":"QN24pd",
				"市郡区":"G#01069A ",
				"登山日":"",
				"メモ":"",
				"_markerType": "Icon",
				"_iconUrl": "https://maps.gsi.go.jp/portal/sys/v4/symbols/102.png",
				"_iconSize": [
					16,
					16
				],
				"_iconAnchor": [
					8,
					8
				]
			}
		},
		{
			"type": "Feature",
			"geometry": {
				"type": "Point",
				"coordinates": [
					 144.802,
					 43.6562
				]
			},
			"properties": {
				"name": "JA8/NM-018(上股落(三角点))",
				"読み":"Kamimataochi",
				"標高":"560m 2pt ",
				"GL":"QN23jp",
				"市郡区":"G#01033B ",
				"登山日":"",
				"メモ":"",
				"_markerType": "Icon",
				"_iconUrl": "https://maps.gsi.go.jp/portal/sys/v4/symbols/102.png",
				"_iconSize": [
					16,
					16
				],
				"_iconAnchor": [
					8,
					8
				]
			}
		},
		{
			"type": "Feature",
			"geometry": {
				"type": "Point",
				"coordinates": [
					 145.0676,
					 43.9163
				]
			},
			"properties": {
				"name": "JA8/NM-019(猫山)",
				"読み":"Nekoyama",
				"標高":"553m 2pt ",
				"GL":"QN23mv",
				"市郡区":"G#01069A ",
				"登山日":"",
				"メモ":"",
				"_markerType": "Icon",
				"_iconUrl": "https://maps.gsi.go.jp/portal/sys/v4/symbols/102.png",
				"_iconSize": [
					16,
					16
				],
				"_iconAnchor": [
					8,
					8
				]
			}
		},
		{
			"type": "Feature",
			"geometry": {
				"type": "Point",
				"coordinates": [
					 145.0206,
					 43.9087
				]
			},
			"properties": {
				"name": "JA8/NM-020(点548)",
				"読み":"P548",
				"標高":"548m 2pt ",
				"GL":"QN23mv",
				"市郡区":"G#01069A ",
				"登山日":"",
				"メモ":"",
				"_markerType": "Icon",
				"_iconUrl": "https://maps.gsi.go.jp/portal/sys/v4/symbols/102.png",
				"_iconSize": [
					16,
					16
				],
				"_iconAnchor": [
					8,
					8
				]
			}
		},
		{
			"type": "Feature",
			"geometry": {
				"type": "Point",
				"coordinates": [
					 145.1646,
					 44.019
				]
			},
			"properties": {
				"name": "JA8/NM-021(湯の沢(三角点))",
				"読み":"Yunosawa",
				"標高":"461m 1pt ",
				"GL":"QN24na",
				"市郡区":"G#01069A ",
				"登山日":"",
				"メモ":"",
				"_markerType": "Icon",
				"_iconUrl": "https://maps.gsi.go.jp/portal/sys/v4/symbols/826.png",
				"_iconSize": [
					16,
					16
				],
				"_iconAnchor": [
					8,
					8
				]
			}
		},
		{
			"type": "Feature",
			"geometry": {
				"type": "Point",
				"coordinates": [
					 145.1222,
					 44.0759
				]
			},
			"properties": {
				"name": "JA8/OH-001(羅臼岳)",
				"読み":"Rausudake",
				"標高":"1661m 10pt ",
				"GL":"QN24nb",
				"市郡区":"G#01036C / G#01069A ",
				"登山日":"",
				"メモ":"",
				"_markerType": "Icon",
				"_iconUrl": "https://maps.gsi.go.jp/portal/sys/v4/symbols/101.png",
				"_iconSize": [
					16,
					16
				],
				"_iconAnchor": [
					8,
					8
				]
			}
		},
		{
			"type": "Feature",
			"geometry": {
				"type": "Point",
				"coordinates": [
					 143.0467,
					 43.8126
				]
			},
			"properties": {
				"name": "JA8/OH-002(有明山)",
				"読み":"Ariakesan",
				"標高":"1635m 10pt ",
				"GL":"QN13mt",
				"市郡区":"G#01070D / G#01023B ",
				"登山日":"",
				"メモ":"",
				"_markerType": "Icon",
				"_iconUrl": "https://maps.gsi.go.jp/portal/sys/v4/symbols/101.png",
				"_iconSize": [
					16,
					16
				],
				"_iconAnchor": [
					8,
					8
				]
			}
		},
		{
			"type": "Feature",
			"geometry": {
				"type": "Point",
				"coordinates": [
					 145.1613,
					 44.1333
				]
			},
			"properties": {
				"name": "JA8/OH-003(硫黄山)",
				"読み":"Iouzan",
				"標高":"1562m 10pt ",
				"GL":"QN24nd",
				"市郡区":"G#01036C ",
				"登山日":"",
				"メモ":"",
				"_markerType": "Icon",
				"_iconUrl": "https://maps.gsi.go.jp/portal/sys/v4/symbols/101.png",
				"_iconSize": [
					16,
					16
				],
				"_iconAnchor": [
					8,
					8
				]
			}
		},
		{
			"type": "Feature",
			"geometry": {
				"type": "Point",
				"coordinates": [
					 142.888,
					 43.9644
				]
			},
			"properties": {
				"name": "JA8/OH-004(天塩岳)",
				"読み":"Teshiodake",
				"標高":"1557m 10pt ",
				"GL":"QN13kx",
				"市郡区":"C#0120 / G#01070H ",
				"登山日":"",
				"メモ":"",
				"_markerType": "Icon",
				"_iconUrl": "https://maps.gsi.go.jp/portal/sys/v4/symbols/101.png",
				"_iconSize": [
					16,
					16
				],
				"_iconAnchor": [
					8,
					8
				]
			}
		},
		{
			"type": "Feature",
			"geometry": {
				"type": "Point",
				"coordinates": [
					 144.7176,
					 43.7657
				]
			},
			"properties": {
				"name": "JA8/OH-005(斜里岳)",
				"読み":"Sharidake",
				"標高":"1547m 10pt ",
				"GL":"QN23is",
				"市郡区":"G#01036A / G#01036C ",
				"登山日":"",
				"メモ":"",
				"_markerType": "Icon",
				"_iconUrl": "https://maps.gsi.go.jp/portal/sys/v4/symbols/101.png",
				"_iconSize": [
					16,
					16
				],
				"_iconAnchor": [
					8,
					8
				]
			}
		},
		{
			"type": "Feature",
			"geometry": {
				"type": "Point",
				"coordinates": [
					 143.0485,
					 43.9068
				]
			},
			"properties": {
				"name": "JA8/OH-006(チトカニウシ山)",
				"読み":"Chitokaniushiyama",
				"標高":"1446m 8pt ",
				"GL":"QN13mv",
				"市郡区":"G#01070D / G#01023B ",
				"登山日":"",
				"メモ":"",
				"_markerType": "Icon",
				"_iconUrl": "https://maps.gsi.go.jp/portal/sys/v4/symbols/104.png",
				"_iconSize": [
					16,
					16
				],
				"_iconAnchor": [
					8,
					8
				]
			}
		},
		{
			"type": "Feature",
			"geometry": {
				"type": "Point",
				"coordinates": [
					 144.8765,
					 43.8768
				]
			},
			"properties": {
				"name": "JA8/OH-007(海別岳)",
				"読み":"Unabetsudake",
				"標高":"1419m 8pt ",
				"GL":"QN23kv",
				"市郡区":"G#01036C / G#01033A / G#01069A",
				"登山日":"",
				"メモ":"",
				"_markerType": "Icon",
				"_iconUrl": "https://maps.gsi.go.jp/portal/sys/v4/symbols/104.png",
				"_iconSize": [
					16,
					16
				],
				"_iconAnchor": [
					8,
					8
				]
			}
		},
		{
			"type": "Feature",
			"geometry": {
				"type": "Point",
				"coordinates": [
					 142.9174,
					 44.0404
				]
			},
			"properties": {
				"name": "JA8/OH-008(渚滑岳)",
				"読み":"Shokotsudake",
				"標高":"1345m 8pt ",
				"GL":"QN14la",
				"市郡区":"G#01070H ",
				"登山日":"",
				"メモ":"",
				"_markerType": "Icon",
				"_iconUrl": "https://maps.gsi.go.jp/portal/sys/v4/symbols/104.png",
				"_iconSize": [
					16,
					16
				],
				"_iconAnchor": [
					8,
					8
				]
			}
		},
		{
			"type": "Feature",
			"geometry": {
				"type": "Point",
				"coordinates": [
					 145.0512,
					 44.0222
				]
			},
			"properties": {
				"name": "JA8/OH-009(知西別岳)",
				"読み":"Chinishibetsudake",
				"標高":"1317m 8pt ",
				"GL":"QN24ma",
				"市郡区":"G#01036C / G#01069A ",
				"登山日":"",
				"メモ":"",
				"_markerType": "Icon",
				"_iconUrl": "https://maps.gsi.go.jp/portal/sys/v4/symbols/104.png",
				"_iconSize": [
					16,
					16
				],
				"_iconAnchor": [
					8,
					8
				]
			}
		},
		{
			"type": "Feature",
			"geometry": {
				"type": "Point",
				"coordinates": [
					 143.1256,
					 44.0033
				]
			},
			"properties": {
				"name": "JA8/OH-010(北見富士)",
				"読み":"Kitamifuji",
				"標高":"1306m 8pt ",
				"GL":"QN14na",
				"市郡区":"G#01070H / G#01070D / C#0119",
				"登山日":"",
				"メモ":"",
				"_markerType": "Icon",
				"_iconUrl": "https://maps.gsi.go.jp/portal/sys/v4/symbols/104.png",
				"_iconSize": [
					16,
					16
				],
				"_iconAnchor": [
					8,
					8
				]
			}
		},
		{
			"type": "Feature",
			"geometry": {
				"type": "Point",
				"coordinates": [
					 143.1826,
					 43.8237
				]
			},
			"properties": {
				"name": "JA8/OH-011(三笠山)",
				"読み":"Mikasayama",
				"標高":"1291m 8pt ",
				"GL":"QN13ot",
				"市郡区":"G#01070D ",
				"登山日":"",
				"メモ":"",
				"_markerType": "Icon",
				"_iconUrl": "https://maps.gsi.go.jp/portal/sys/v4/symbols/104.png",
				"_iconSize": [
					16,
					16
				],
				"_iconAnchor": [
					8,
					8
				]
			}
		},
		{
			"type": "Feature",
			"geometry": {
				"type": "Point",
				"coordinates": [
					 143.2959,
					 43.6937
				]
			},
			"properties": {
				"name": "JA8/OH-012(北見富士)",
				"読み":"Kitamifuji",
				"標高":"1291m 8pt ",
				"GL":"QN13pq",
				"市郡区":"C#0108 ",
				"登山日":"",
				"メモ":"",
				"_markerType": "Icon",
				"_iconUrl": "https://maps.gsi.go.jp/portal/sys/v4/symbols/104.png",
				"_iconSize": [
					16,
					16
				],
				"_iconAnchor": [
					8,
					8
				]
			}
		},
		{
			"type": "Feature",
			"geometry": {
				"type": "Point",
				"coordinates": [
					 143.102,
					 43.9554
				]
			},
			"properties": {
				"name": "JA8/OH-013(雄柏山)",
				"読み":"Yuuhakuzan",
				"標高":"1268m 8pt ",
				"GL":"QN13nw",
				"市郡区":"G#01070H / G#01070D ",
				"登山日":"",
				"メモ":"",
				"_markerType": "Icon",
				"_iconUrl": "https://maps.gsi.go.jp/portal/sys/v4/symbols/104.png",
				"_iconSize": [
					16,
					16
				],
				"_iconAnchor": [
					8,
					8
				]
			}
		},
		{
			"type": "Feature",
			"geometry": {
				"type": "Point",
				"coordinates": [
					 145.2739,
					 44.2357
				]
			},
			"properties": {
				"name": "JA8/OH-014(知床岳)",
				"読み":"Shiretokodake",
				"標高":"1254m 8pt ",
				"GL":"QN24pf",
				"市郡区":"G#01036C ",
				"登山日":"",
				"メモ":"",
				"_markerType": "Icon",
				"_iconUrl": "https://maps.gsi.go.jp/portal/sys/v4/symbols/104.png",
				"_iconSize": [
					16,
					16
				],
				"_iconAnchor": [
					8,
					8
				]
			}
		},
		{
			"type": "Feature",
			"geometry": {
				"type": "Point",
				"coordinates": [
					 143.2207,
					 43.8218
				]
			},
			"properties": {
				"name": "JA8/OH-016(点1233)",
				"読み":"P1233",
				"標高":"1233m 8pt ",
				"GL":"QN13ot",
				"市郡区":"G#01070D ",
				"登山日":"",
				"メモ":"",
				"_markerType": "Icon",
				"_iconUrl": "https://maps.gsi.go.jp/portal/sys/v4/symbols/104.png",
				"_iconSize": [
					16,
					16
				],
				"_iconAnchor": [
					8,
					8
				]
			}
		},
		{
			"type": "Feature",
			"geometry": {
				"type": "Point",
				"coordinates": [
					 143.2228,
					 43.6038
				]
			},
			"properties": {
				"name": "JA8/OH-017(椎常呂山)",
				"読み":"Shiitokoroyama",
				"標高":"1232m 8pt ",
				"GL":"QN13oo",
				"市郡区":"G#01048B ",
				"登山日":"",
				"メモ":"",
				"_markerType": "Icon",
				"_iconUrl": "https://maps.gsi.go.jp/portal/sys/v4/symbols/104.png",
				"_iconSize": [
					16,
					16
				],
				"_iconAnchor": [
					8,
					8
				]
			}
		},
		{
			"type": "Feature",
			"geometry": {
				"type": "Point",
				"coordinates": [
					 143.1377,
					 43.9182
				]
			},
			"properties": {
				"name": "JA8/OH-018(鹿ノ谷(三角点))",
				"読み":"Kanoya",
				"標高":"1182m 8pt ",
				"GL":"QN13nw",
				"市郡区":"G#01070D ",
				"登山日":"",
				"メモ":"",
				"_markerType": "Icon",
				"_iconUrl": "https://maps.gsi.go.jp/portal/sys/v4/symbols/104.png",
				"_iconSize": [
					16,
					16
				],
				"_iconAnchor": [
					8,
					8
				]
			}
		},
		{
			"type": "Feature",
			"geometry": {
				"type": "Point",
				"coordinates": [
					 143.3267,
					 43.7641
				]
			},
			"properties": {
				"name": "JA8/OH-019(華勝真布(三角点))",
				"読み":"Kasyomappu",
				"標高":"1163m 8pt ",
				"GL":"QN13ps",
				"市郡区":"G#01070D / C#0108 ",
				"登山日":"",
				"メモ":"",
				"_markerType": "Icon",
				"_iconUrl": "https://maps.gsi.go.jp/portal/sys/v4/symbols/104.png",
				"_iconSize": [
					16,
					16
				],
				"_iconAnchor": [
					8,
					8
				]
			}
		},
		{
			"type": "Feature",
			"geometry": {
				"type": "Point",
				"coordinates": [
					 143.284,
					 43.7168
				]
			},
			"properties": {
				"name": "JA8/OH-020(点1162)",
				"読み":"P1162",
				"標高":"1162m 8pt ",
				"GL":"QN13pr",
				"市郡区":"C#0108 ",
				"登山日":"",
				"メモ":"",
				"_markerType": "Icon",
				"_iconUrl": "https://maps.gsi.go.jp/portal/sys/v4/symbols/104.png",
				"_iconSize": [
					16,
					16
				],
				"_iconAnchor": [
					8,
					8
				]
			}
		},
		{
			"type": "Feature",
			"geometry": {
				"type": "Point",
				"coordinates": [
					 142.8763,
					 44.2288
				]
			},
			"properties": {
				"name": "JA8/OH-021(ウェンシリ岳)",
				"読み":"Wenshiridake",
				"標高":"1142m 8pt ",
				"GL":"QN14kf",
				"市郡区":"G#01070I / G#01023H / G#01070H",
				"登山日":"",
				"メモ":"",
				"_markerType": "Icon",
				"_iconUrl": "https://maps.gsi.go.jp/portal/sys/v4/symbols/104.png",
				"_iconSize": [
					16,
					16
				],
				"_iconAnchor": [
					8,
					8
				]
			}
		},
		{
			"type": "Feature",
			"geometry": {
				"type": "Point",
				"coordinates": [
					 143.0153,
					 43.9654
				]
			},
			"properties": {
				"name": "JA8/OH-023(滝ノ上奥(三角点))",
				"読み":"Takinokamioku",
				"標高":"1101m 8pt ",
				"GL":"QN13mx",
				"市郡区":"G#01070H ",
				"登山日":"",
				"メモ":"",
				"_markerType": "Icon",
				"_iconUrl": "https://maps.gsi.go.jp/portal/sys/v4/symbols/104.png",
				"_iconSize": [
					16,
					16
				],
				"_iconAnchor": [
					8,
					8
				]
			}
		},
		{
			"type": "Feature",
			"geometry": {
				"type": "Point",
				"coordinates": [
					 143.2574,
					 43.573
				]
			},
			"properties": {
				"name": "JA8/OH-024(点1091)",
				"読み":"P1091",
				"標高":"1091m 6pt ",
				"GL":"QN13pn",
				"市郡区":"G#01048B ",
				"登山日":"",
				"メモ":"",
				"_markerType": "Icon",
				"_iconUrl": "https://maps.gsi.go.jp/portal/sys/v4/symbols/103.png",
				"_iconSize": [
					16,
					16
				],
				"_iconAnchor": [
					8,
					8
				]
			}
		},
		{
			"type": "Feature",
			"geometry": {
				"type": "Point",
				"coordinates": [
					 143.306,
					 43.7883
				]
			},
			"properties": {
				"name": "JA8/OH-025(武華留邊(三角点))",
				"読み":"Mukarube",
				"標高":"1078m 6pt ",
				"GL":"QN13ps",
				"市郡区":"G#01070D ",
				"登山日":"",
				"メモ":"",
				"_markerType": "Icon",
				"_iconUrl": "https://maps.gsi.go.jp/portal/sys/v4/symbols/103.png",
				"_iconSize": [
					16,
					16
				],
				"_iconAnchor": [
					8,
					8
				]
			}
		},
		{
			"type": "Feature",
			"geometry": {
				"type": "Point",
				"coordinates": [
					 144.7312,
					 43.6837
				]
			},
			"properties": {
				"name": "JA8/OH-026(サマッケヌプリ山)",
				"読み":"Samakkenupuriyama",
				"標高":"1062m 6pt ",
				"GL":"QN23iq",
				"市郡区":"G#01036A / G#01033B / G#01033A",
				"登山日":"",
				"メモ":"",
				"_markerType": "Icon",
				"_iconUrl": "https://maps.gsi.go.jp/portal/sys/v4/symbols/103.png",
				"_iconSize": [
					16,
					16
				],
				"_iconAnchor": [
					8,
					8
				]
			}
		},
		{
			"type": "Feature",
			"geometry": {
				"type": "Point",
				"coordinates": [
					 144.7048,
					 43.6682
				]
			},
			"properties": {
				"name": "JA8/OH-027(標津岳)",
				"読み":"Shibetsudake",
				"標高":"1061m 6pt ",
				"GL":"QN23iq",
				"市郡区":"G#01036A / G#01033B ",
				"登山日":"",
				"メモ":"",
				"_markerType": "Icon",
				"_iconUrl": "https://maps.gsi.go.jp/portal/sys/v4/symbols/103.png",
				"_iconSize": [
					16,
					16
				],
				"_iconAnchor": [
					8,
					8
				]
			}
		},
		{
			"type": "Feature",
			"geometry": {
				"type": "Point",
				"coordinates": [
					 143.3378,
					 43.8221
				]
			},
			"properties": {
				"name": "JA8/OH-028(牟利以(三角点))",
				"読み":"Murini",
				"標高":"1052m 6pt ",
				"GL":"QN13qt",
				"市郡区":"G#01070D ",
				"登山日":"",
				"メモ":"",
				"_markerType": "Icon",
				"_iconUrl": "https://maps.gsi.go.jp/portal/sys/v4/symbols/103.png",
				"_iconSize": [
					16,
					16
				],
				"_iconAnchor": [
					8,
					8
				]
			}
		},
		{
			"type": "Feature",
			"geometry": {
				"type": "Point",
				"coordinates": [
					 145.0858,
					 44.0444
				]
			},
			"properties": {
				"name": "JA8/OH-029(天頂山)",
				"読み":"Tenchozan",
				"標高":"1046m 6pt ",
				"GL":"QN24nb",
				"市郡区":"G#01036C / G#01069A ",
				"登山日":"",
				"メモ":"",
				"_markerType": "Icon",
				"_iconUrl": "https://maps.gsi.go.jp/portal/sys/v4/symbols/103.png",
				"_iconSize": [
					16,
					16
				],
				"_iconAnchor": [
					8,
					8
				]
			}
		},
		{
			"type": "Feature",
			"geometry": {
				"type": "Point",
				"coordinates": [
					 142.8986,
					 44.1881
				]
			},
			"properties": {
				"name": "JA8/OH-030(点1031)",
				"読み":"P1031",
				"標高":"1031m 6pt ",
				"GL":"QN14ke",
				"市郡区":"G#01070H ",
				"登山日":"",
				"メモ":"",
				"_markerType": "Icon",
				"_iconUrl": "https://maps.gsi.go.jp/portal/sys/v4/symbols/103.png",
				"_iconSize": [
					16,
					16
				],
				"_iconAnchor": [
					8,
					8
				]
			}
		},
		{
			"type": "Feature",
			"geometry": {
				"type": "Point",
				"coordinates": [
					 142.9534,
					 44
				]
			},
			"properties": {
				"name": "JA8/OH-031(点1021)",
				"読み":"P1021",
				"標高":"1021m 6pt ",
				"GL":"QN14la",
				"市郡区":"G#01070H ",
				"登山日":"",
				"メモ":"",
				"_markerType": "Icon",
				"_iconUrl": "https://maps.gsi.go.jp/portal/sys/v4/symbols/103.png",
				"_iconSize": [
					16,
					16
				],
				"_iconAnchor": [
					8,
					8
				]
			}
		},
		{
			"type": "Feature",
			"geometry": {
				"type": "Point",
				"coordinates": [
					 143.4324,
					 43.5561
				]
			},
			"properties": {
				"name": "JA8/OH-032(宇光別(三角点))",
				"読み":"Ukoubetsu",
				"標高":"1021m 6pt ",
				"GL":"QN13rn",
				"市郡区":"G#01048B ",
				"登山日":"",
				"メモ":"",
				"_markerType": "Icon",
				"_iconUrl": "https://maps.gsi.go.jp/portal/sys/v4/symbols/103.png",
				"_iconSize": [
					16,
					16
				],
				"_iconAnchor": [
					8,
					8
				]
			}
		},
		{
			"type": "Feature",
			"geometry": {
				"type": "Point",
				"coordinates": [
					 144.973,
					 43.9269
				]
			},
			"properties": {
				"name": "JA8/OH-033(奥遠音別(三角点))",
				"読み":"Okuonnebetsu",
				"標高":"1019m 6pt ",
				"GL":"QN23lw",
				"市郡区":"G#01069A / G#01036C ",
				"登山日":"",
				"メモ":"",
				"_markerType": "Icon",
				"_iconUrl": "https://maps.gsi.go.jp/portal/sys/v4/symbols/103.png",
				"_iconSize": [
					16,
					16
				],
				"_iconAnchor": [
					8,
					8
				]
			}
		},
		{
			"type": "Feature",
			"geometry": {
				"type": "Point",
				"coordinates": [
					 143.3387,
					 43.6372
				]
			},
			"properties": {
				"name": "JA8/OH-034(椎常呂(三角点))",
				"読み":"Shiitokoro",
				"標高":"1017m 6pt ",
				"GL":"QN13qp",
				"市郡区":"G#01048B ",
				"登山日":"",
				"メモ":"",
				"_markerType": "Icon",
				"_iconUrl": "https://maps.gsi.go.jp/portal/sys/v4/symbols/103.png",
				"_iconSize": [
					16,
					16
				],
				"_iconAnchor": [
					8,
					8
				]
			}
		},
		{
			"type": "Feature",
			"geometry": {
				"type": "Point",
				"coordinates": [
					 144.331,
					 43.7043
				]
			},
			"properties": {
				"name": "JA8/OH-035(藻琴山)",
				"読み":"Mokotoyama",
				"標高":"1000m 6pt ",
				"GL":"QN23dq",
				"市郡区":"G#01036B / G#01005D / G#01026B",
				"登山日":"",
				"メモ":"",
				"_markerType": "Icon",
				"_iconUrl": "https://maps.gsi.go.jp/portal/sys/v4/symbols/103.png",
				"_iconSize": [
					16,
					16
				],
				"_iconAnchor": [
					8,
					8
				]
			}
		},
		{
			"type": "Feature",
			"geometry": {
				"type": "Point",
				"coordinates": [
					 144.0772,
					 43.5305
				]
			},
			"properties": {
				"name": "JA8/OH-036(木禽岳)",
				"読み":"Kikindake",
				"標高":"995m 6pt ",
				"GL":"QN23am",
				"市郡区":"G#01005B ",
				"登山日":"",
				"メモ":"",
				"_markerType": "Icon",
				"_iconUrl": "https://maps.gsi.go.jp/portal/sys/v4/symbols/103.png",
				"_iconSize": [
					16,
					16
				],
				"_iconAnchor": [
					8,
					8
				]
			}
		},
		{
			"type": "Feature",
			"geometry": {
				"type": "Point",
				"coordinates": [
					 142.5934,
					 44.4726
				]
			},
			"properties": {
				"name": "JA8/OH-037(点983)",
				"読み":"P983",
				"標高":"983m 6pt ",
				"GL":"QN14hl",
				"市郡区":"G#01050C / G#01070E ",
				"登山日":"",
				"メモ":"",
				"_markerType": "Icon",
				"_iconUrl": "https://maps.gsi.go.jp/portal/sys/v4/symbols/103.png",
				"_iconSize": [
					16,
					16
				],
				"_iconAnchor": [
					8,
					8
				]
			}
		},
		{
			"type": "Feature",
			"geometry": {
				"type": "Point",
				"coordinates": [
					 143.388,
					 43.8198
				]
			},
			"properties": {
				"name": "JA8/OH-038(点981)",
				"読み":"P981",
				"標高":"981m 6pt ",
				"GL":"QN13qt",
				"市郡区":"G#01070D ",
				"登山日":"",
				"メモ":"",
				"_markerType": "Icon",
				"_iconUrl": "https://maps.gsi.go.jp/portal/sys/v4/symbols/103.png",
				"_iconSize": [
					16,
					16
				],
				"_iconAnchor": [
					8,
					8
				]
			}
		},
		{
			"type": "Feature",
			"geometry": {
				"type": "Point",
				"coordinates": [
					 143.4364,
					 43.6939
				]
			},
			"properties": {
				"name": "JA8/OH-039(枇杷牛山(三角点))",
				"読み":"Biwaushiyama",
				"標高":"958m 6pt ",
				"GL":"QN13rq",
				"市郡区":"C#0108 / G#01048B ",
				"登山日":"",
				"メモ":"",
				"_markerType": "Icon",
				"_iconUrl": "https://maps.gsi.go.jp/portal/sys/v4/symbols/103.png",
				"_iconSize": [
					16,
					16
				],
				"_iconAnchor": [
					8,
					8
				]
			}
		},
		{
			"type": "Feature",
			"geometry": {
				"type": "Point",
				"coordinates": [
					 142.9503,
					 44.0317
				]
			},
			"properties": {
				"name": "JA8/OH-040(点950)",
				"読み":"P950",
				"標高":"950m 6pt ",
				"GL":"QN14la",
				"市郡区":"G#01070H ",
				"登山日":"",
				"メモ":"",
				"_markerType": "Icon",
				"_iconUrl": "https://maps.gsi.go.jp/portal/sys/v4/symbols/103.png",
				"_iconSize": [
					16,
					16
				],
				"_iconAnchor": [
					8,
					8
				]
			}
		},
		{
			"type": "Feature",
			"geometry": {
				"type": "Point",
				"coordinates": [
					 143.3931,
					 43.8475
				]
			},
			"properties": {
				"name": "JA8/OH-041(大山２(三角点))",
				"読み":"Ooyama2",
				"標高":"948m 6pt ",
				"GL":"QN13qu",
				"市郡区":"G#01070D ",
				"登山日":"",
				"メモ":"",
				"_markerType": "Icon",
				"_iconUrl": "https://maps.gsi.go.jp/portal/sys/v4/symbols/103.png",
				"_iconSize": [
					16,
					16
				],
				"_iconAnchor": [
					8,
					8
				]
			}
		},
		{
			"type": "Feature",
			"geometry": {
				"type": "Point",
				"coordinates": [
					 143.36,
					 43.6885
				]
			},
			"properties": {
				"name": "JA8/OH-042(中華梨場(三角点))",
				"読み":"Nakakenashiba",
				"標高":"943m 6pt ",
				"GL":"QN13qq",
				"市郡区":"C#0108 ",
				"登山日":"",
				"メモ":"",
				"_markerType": "Icon",
				"_iconUrl": "https://maps.gsi.go.jp/portal/sys/v4/symbols/103.png",
				"_iconSize": [
					16,
					16
				],
				"_iconAnchor": [
					8,
					8
				]
			}
		},
		{
			"type": "Feature",
			"geometry": {
				"type": "Point",
				"coordinates": [
					 143.4171,
					 43.7986
				]
			},
			"properties": {
				"name": "JA8/OH-043(拾八號沢(三角点))",
				"読み":"Jyuhachigozawa",
				"標高":"925m 6pt ",
				"GL":"QN13rt",
				"市郡区":"G#01070D / C#0108 ",
				"登山日":"",
				"メモ":"",
				"_markerType": "Icon",
				"_iconUrl": "https://maps.gsi.go.jp/portal/sys/v4/symbols/103.png",
				"_iconSize": [
					16,
					16
				],
				"_iconAnchor": [
					8,
					8
				]
			}
		},
		{
			"type": "Feature",
			"geometry": {
				"type": "Point",
				"coordinates": [
					 143.4556,
					 43.6002
				]
			},
			"properties": {
				"name": "JA8/OH-044(中山)",
				"読み":"Nakayama",
				"標高":"905m 6pt ",
				"GL":"QN13ro",
				"市郡区":"G#01048B ",
				"登山日":"",
				"メモ":"",
				"_markerType": "Icon",
				"_iconUrl": "https://maps.gsi.go.jp/portal/sys/v4/symbols/103.png",
				"_iconSize": [
					16,
					16
				],
				"_iconAnchor": [
					8,
					8
				]
			}
		},
		{
			"type": "Feature",
			"geometry": {
				"type": "Point",
				"coordinates": [
					 143.3987,
					 43.9278
				]
			},
			"properties": {
				"name": "JA8/OH-045(瀬戸瀬山)",
				"読み":"Setoseyama",
				"標高":"902m 6pt ",
				"GL":"QN13qw",
				"市郡区":"G#01070D ",
				"登山日":"",
				"メモ":"",
				"_markerType": "Icon",
				"_iconUrl": "https://maps.gsi.go.jp/portal/sys/v4/symbols/103.png",
				"_iconSize": [
					16,
					16
				],
				"_iconAnchor": [
					8,
					8
				]
			}
		},
		{
			"type": "Feature",
			"geometry": {
				"type": "Point",
				"coordinates": [
					 143.9496,
					 43.4859
				]
			},
			"properties": {
				"name": "JA8/OH-046(イユダニヌプリ山)",
				"読み":"Iyudaninupuriyama",
				"標高":"902m 6pt ",
				"GL":"QN13xl",
				"市郡区":"G#01002B / G#01005B / G#01002A",
				"登山日":"",
				"メモ":"",
				"_markerType": "Icon",
				"_iconUrl": "https://maps.gsi.go.jp/portal/sys/v4/symbols/103.png",
				"_iconSize": [
					16,
					16
				],
				"_iconAnchor": [
					8,
					8
				]
			}
		},
		{
			"type": "Feature",
			"geometry": {
				"type": "Point",
				"coordinates": [
					 144.8336,
					 43.8733
				]
			},
			"properties": {
				"name": "JA8/OH-047(小海別岳)",
				"読み":"Kounabetsudake",
				"標高":"900m 6pt ",
				"GL":"QN23ku",
				"市郡区":"G#01036C ",
				"登山日":"",
				"メモ":"",
				"_markerType": "Icon",
				"_iconUrl": "https://maps.gsi.go.jp/portal/sys/v4/symbols/103.png",
				"_iconSize": [
					16,
					16
				],
				"_iconAnchor": [
					8,
					8
				]
			}
		},
		{
			"type": "Feature",
			"geometry": {
				"type": "Point",
				"coordinates": [
					 144.2322,
					 43.5305
				]
			},
			"properties": {
				"name": "JA8/OH-048(サマッケヌプリ)",
				"読み":"Samakkenupuri",
				"標高":"898m 6pt ",
				"GL":"QN23cm",
				"市郡区":"G#01026B / G#01005B ",
				"登山日":"",
				"メモ":"",
				"_markerType": "Icon",
				"_iconUrl": "https://maps.gsi.go.jp/portal/sys/v4/symbols/103.png",
				"_iconSize": [
					16,
					16
				],
				"_iconAnchor": [
					8,
					8
				]
			}
		},
		{
			"type": "Feature",
			"geometry": {
				"type": "Point",
				"coordinates": [
					 143.4258,
					 43.7702
				]
			},
			"properties": {
				"name": "JA8/OH-049(武華山(三角点))",
				"読み":"Mukayama",
				"標高":"869m 6pt ",
				"GL":"QN13rs",
				"市郡区":"C#0108 ",
				"登山日":"",
				"メモ":"",
				"_markerType": "Icon",
				"_iconUrl": "https://maps.gsi.go.jp/portal/sys/v4/symbols/103.png",
				"_iconSize": [
					16,
					16
				],
				"_iconAnchor": [
					8,
					8
				]
			}
		},
		{
			"type": "Feature",
			"geometry": {
				"type": "Point",
				"coordinates": [
					 143.5335,
					 43.5882
				]
			},
			"properties": {
				"name": "JA8/OH-050(点858)",
				"読み":"P858",
				"標高":"858m 6pt ",
				"GL":"QN13so",
				"市郡区":"G#01002B / G#01048B ",
				"登山日":"",
				"メモ":"",
				"_markerType": "Icon",
				"_iconUrl": "https://maps.gsi.go.jp/portal/sys/v4/symbols/103.png",
				"_iconSize": [
					16,
					16
				],
				"_iconAnchor": [
					8,
					8
				]
			}
		},
		{
			"type": "Feature",
			"geometry": {
				"type": "Point",
				"coordinates": [
					 143.3801,
					 43.8741
				]
			},
			"properties": {
				"name": "JA8/OH-051(点857)",
				"読み":"P857",
				"標高":"857m 6pt ",
				"GL":"QN13qu",
				"市郡区":"G#01070D ",
				"登山日":"",
				"メモ":"",
				"_markerType": "Icon",
				"_iconUrl": "https://maps.gsi.go.jp/portal/sys/v4/symbols/103.png",
				"_iconSize": [
					16,
					16
				],
				"_iconAnchor": [
					8,
					8
				]
			}
		},
		{
			"type": "Feature",
			"geometry": {
				"type": "Point",
				"coordinates": [
					 142.9983,
					 44.0571
				]
			},
			"properties": {
				"name": "JA8/OH-052(中ノ峰(三角点))",
				"読み":"Nakanomine",
				"標高":"837m 4pt ",
				"GL":"QN14lb",
				"市郡区":"G#01070H ",
				"登山日":"",
				"メモ":"",
				"_markerType": "Icon",
				"_iconUrl": "https://maps.gsi.go.jp/portal/sys/v4/symbols/828.png",
				"_iconSize": [
					16,
					16
				],
				"_iconAnchor": [
					8,
					8
				]
			}
		},
		{
			"type": "Feature",
			"geometry": {
				"type": "Point",
				"coordinates": [
					 143.7182,
					 43.8783
				]
			},
			"properties": {
				"name": "JA8/OH-053(仁頃山)",
				"読み":"Nikoroyama",
				"標高":"829m 4pt ",
				"GL":"QN13uv",
				"市郡区":"G#01048C / C#0108 ",
				"登山日":"",
				"メモ":"",
				"_markerType": "Icon",
				"_iconUrl": "https://maps.gsi.go.jp/portal/sys/v4/symbols/828.png",
				"_iconSize": [
					16,
					16
				],
				"_iconAnchor": [
					8,
					8
				]
			}
		},
		{
			"type": "Feature",
			"geometry": {
				"type": "Point",
				"coordinates": [
					 143.0825,
					 44.2917
				]
			},
			"properties": {
				"name": "JA8/OH-054(鬱岳)",
				"読み":"Utsudake",
				"標高":"818m 4pt ",
				"GL":"QN14mh",
				"市郡区":"G#01070F / G#01070H ",
				"登山日":"",
				"メモ":"",
				"_markerType": "Icon",
				"_iconUrl": "https://maps.gsi.go.jp/portal/sys/v4/symbols/828.png",
				"_iconSize": [
					16,
					16
				],
				"_iconAnchor": [
					8,
					8
				]
			}
		},
		{
			"type": "Feature",
			"geometry": {
				"type": "Point",
				"coordinates": [
					 143.3595,
					 43.5875
				]
			},
			"properties": {
				"name": "JA8/OH-055(点812(中新常呂(三角点)近傍))",
				"読み":"P812",
				"標高":"812m 4pt ",
				"GL":"QN13qo",
				"市郡区":"G#01048B ",
				"登山日":"",
				"メモ":"",
				"_markerType": "Icon",
				"_iconUrl": "https://maps.gsi.go.jp/portal/sys/v4/symbols/828.png",
				"_iconSize": [
					16,
					16
				],
				"_iconAnchor": [
					8,
					8
				]
			}
		},
		{
			"type": "Feature",
			"geometry": {
				"type": "Point",
				"coordinates": [
					 142.6721,
					 44.5726
				]
			},
			"properties": {
				"name": "JA8/OH-056(点779)",
				"読み":"P779",
				"標高":"779m 4pt ",
				"GL":"QN14in",
				"市郡区":"G#01070E ",
				"登山日":"",
				"メモ":"",
				"_markerType": "Icon",
				"_iconUrl": "https://maps.gsi.go.jp/portal/sys/v4/symbols/828.png",
				"_iconSize": [
					16,
					16
				],
				"_iconAnchor": [
					8,
					8
				]
			}
		},
		{
			"type": "Feature",
			"geometry": {
				"type": "Point",
				"coordinates": [
					 142.7666,
					 44.4665
				]
			},
			"properties": {
				"name": "JA8/OH-057(珊瑠山(三角点))",
				"読み":"Sanruyama",
				"標高":"771m 4pt ",
				"GL":"QN14jl",
				"市郡区":"G#01023H / G#01070E ",
				"登山日":"",
				"メモ":"",
				"_markerType": "Icon",
				"_iconUrl": "https://maps.gsi.go.jp/portal/sys/v4/symbols/828.png",
				"_iconSize": [
					16,
					16
				],
				"_iconAnchor": [
					8,
					8
				]
			}
		},
		{
			"type": "Feature",
			"geometry": {
				"type": "Point",
				"coordinates": [
					 143.0617,
					 44.2575
				]
			},
			"properties": {
				"name": "JA8/OH-058(北線(三角点))",
				"読み":"Hokusen",
				"標高":"766m 4pt ",
				"GL":"QN14mg",
				"市郡区":"G#01070H ",
				"登山日":"",
				"メモ":"",
				"_markerType": "Icon",
				"_iconUrl": "https://maps.gsi.go.jp/portal/sys/v4/symbols/828.png",
				"_iconSize": [
					16,
					16
				],
				"_iconAnchor": [
					8,
					8
				]
			}
		},
		{
			"type": "Feature",
			"geometry": {
				"type": "Point",
				"coordinates": [
					 143.1556,
					 43.8894
				]
			},
			"properties": {
				"name": "JA8/OH-059(点762)",
				"読み":"P762",
				"標高":"762m 4pt ",
				"GL":"QN13nv",
				"市郡区":"G#01070D ",
				"登山日":"",
				"メモ":"",
				"_markerType": "Icon",
				"_iconUrl": "https://maps.gsi.go.jp/portal/sys/v4/symbols/828.png",
				"_iconSize": [
					16,
					16
				],
				"_iconAnchor": [
					8,
					8
				]
			}
		},
		{
			"type": "Feature",
			"geometry": {
				"type": "Point",
				"coordinates": [
					 144.8638,
					 43.8034
				]
			},
			"properties": {
				"name": "JA8/OH-060(点760)",
				"読み":"P760",
				"標高":"760m 4pt ",
				"GL":"QN23kt",
				"市郡区":"G#01036C / G#01033A ",
				"登山日":"",
				"メモ":"",
				"_markerType": "Icon",
				"_iconUrl": "https://maps.gsi.go.jp/portal/sys/v4/symbols/828.png",
				"_iconSize": [
					16,
					16
				],
				"_iconAnchor": [
					8,
					8
				]
			}
		},
		{
			"type": "Feature",
			"geometry": {
				"type": "Point",
				"coordinates": [
					 143.4128,
					 43.8857
				]
			},
			"properties": {
				"name": "JA8/OH-061(点747)",
				"読み":"P747",
				"標高":"747m 4pt ",
				"GL":"QN13qv",
				"市郡区":"G#01070D ",
				"登山日":"",
				"メモ":"",
				"_markerType": "Icon",
				"_iconUrl": "https://maps.gsi.go.jp/portal/sys/v4/symbols/828.png",
				"_iconSize": [
					16,
					16
				],
				"_iconAnchor": [
					8,
					8
				]
			}
		},
		{
			"type": "Feature",
			"geometry": {
				"type": "Point",
				"coordinates": [
					 142.9153,
					 44.4704
				]
			},
			"properties": {
				"name": "JA8/OH-062(勝知山(三角点))",
				"読み":"Kacchiyama",
				"標高":"742m 4pt ",
				"GL":"QN14kl",
				"市郡区":"G#01070E ",
				"登山日":"",
				"メモ":"",
				"_markerType": "Icon",
				"_iconUrl": "https://maps.gsi.go.jp/portal/sys/v4/symbols/828.png",
				"_iconSize": [
					16,
					16
				],
				"_iconAnchor": [
					8,
					8
				]
			}
		},
		{
			"type": "Feature",
			"geometry": {
				"type": "Point",
				"coordinates": [
					 144.5964,
					 43.6559
				]
			},
			"properties": {
				"name": "JA8/OH-063(点741)",
				"読み":"P741",
				"標高":"741m 4pt ",
				"GL":"QN23hp",
				"市郡区":"G#01036A ",
				"登山日":"",
				"メモ":"",
				"_markerType": "Icon",
				"_iconUrl": "https://maps.gsi.go.jp/portal/sys/v4/symbols/828.png",
				"_iconSize": [
					16,
					16
				],
				"_iconAnchor": [
					8,
					8
				]
			}
		},
		{
			"type": "Feature",
			"geometry": {
				"type": "Point",
				"coordinates": [
					 143.4544,
					 43.9248
				]
			},
			"properties": {
				"name": "JA8/OH-064(点741)",
				"読み":"P741",
				"標高":"741m 4pt ",
				"GL":"QN13rw",
				"市郡区":"G#01070D ",
				"登山日":"",
				"メモ":"",
				"_markerType": "Icon",
				"_iconUrl": "https://maps.gsi.go.jp/portal/sys/v4/symbols/828.png",
				"_iconSize": [
					16,
					16
				],
				"_iconAnchor": [
					8,
					8
				]
			}
		},
		{
			"type": "Feature",
			"geometry": {
				"type": "Point",
				"coordinates": [
					 143.9406,
					 43.5024
				]
			},
			"properties": {
				"name": "JA8/OH-065(点730)",
				"読み":"P730",
				"標高":"730m 4pt ",
				"GL":"QN13xm",
				"市郡区":"G#01005B / G#01002B ",
				"登山日":"",
				"メモ":"",
				"_markerType": "Icon",
				"_iconUrl": "https://maps.gsi.go.jp/portal/sys/v4/symbols/828.png",
				"_iconSize": [
					16,
					16
				],
				"_iconAnchor": [
					8,
					8
				]
			}
		},
		{
			"type": "Feature",
			"geometry": {
				"type": "Point",
				"coordinates": [
					 143.2016,
					 44.0271
				]
			},
			"properties": {
				"name": "JA8/OH-066(点726)",
				"読み":"P726",
				"標高":"726m 4pt ",
				"GL":"QN14oa",
				"市郡区":"C#0119 ",
				"登山日":"",
				"メモ":"",
				"_markerType": "Icon",
				"_iconUrl": "https://maps.gsi.go.jp/portal/sys/v4/symbols/828.png",
				"_iconSize": [
					16,
					16
				],
				"_iconAnchor": [
					8,
					8
				]
			}
		},
		{
			"type": "Feature",
			"geometry": {
				"type": "Point",
				"coordinates": [
					 143.3828,
					 43.9793
				]
			},
			"properties": {
				"name": "JA8/OH-067(若柵内(三角点))",
				"読み":"Wakasakunai",
				"標高":"726m 4pt ",
				"GL":"QN13qx",
				"市郡区":"G#01070D ",
				"登山日":"",
				"メモ":"",
				"_markerType": "Icon",
				"_iconUrl": "https://maps.gsi.go.jp/portal/sys/v4/symbols/828.png",
				"_iconSize": [
					16,
					16
				],
				"_iconAnchor": [
					8,
					8
				]
			}
		},
		{
			"type": "Feature",
			"geometry": {
				"type": "Point",
				"coordinates": [
					 143.7416,
					 43.9082
				]
			},
			"properties": {
				"name": "JA8/OH-068(栃木沢(三角点))",
				"読み":"Tochigizawa",
				"標高":"712m 4pt ",
				"GL":"QN13uv",
				"市郡区":"G#01048C / C#0108 ",
				"登山日":"",
				"メモ":"",
				"_markerType": "Icon",
				"_iconUrl": "https://maps.gsi.go.jp/portal/sys/v4/symbols/828.png",
				"_iconSize": [
					16,
					16
				],
				"_iconAnchor": [
					8,
					8
				]
			}
		},
		{
			"type": "Feature",
			"geometry": {
				"type": "Point",
				"coordinates": [
					 143.5872,
					 43.8968
				]
			},
			"properties": {
				"name": "JA8/OH-069(摺鉢山)",
				"読み":"Suribachiyama",
				"標高":"708m 4pt ",
				"GL":"QN13tv",
				"市郡区":"C#0108 / G#01070D ",
				"登山日":"",
				"メモ":"",
				"_markerType": "Icon",
				"_iconUrl": "https://maps.gsi.go.jp/portal/sys/v4/symbols/828.png",
				"_iconSize": [
					16,
					16
				],
				"_iconAnchor": [
					8,
					8
				]
			}
		},
		{
			"type": "Feature",
			"geometry": {
				"type": "Point",
				"coordinates": [
					 143.7501,
					 43.9328
				]
			},
			"properties": {
				"name": "JA8/OH-070(点698)",
				"読み":"P698",
				"標高":"698m 4pt ",
				"GL":"QN13vw",
				"市郡区":"G#01048C / C#0108 ",
				"登山日":"",
				"メモ":"",
				"_markerType": "Icon",
				"_iconUrl": "https://maps.gsi.go.jp/portal/sys/v4/symbols/828.png",
				"_iconSize": [
					16,
					16
				],
				"_iconAnchor": [
					8,
					8
				]
			}
		},
		{
			"type": "Feature",
			"geometry": {
				"type": "Point",
				"coordinates": [
					 142.9227,
					 44.2154
				]
			},
			"properties": {
				"name": "JA8/OH-071(点679)",
				"読み":"P679",
				"標高":"679m 4pt ",
				"GL":"QN14lf",
				"市郡区":"G#01070I / G#01070H ",
				"登山日":"",
				"メモ":"",
				"_markerType": "Icon",
				"_iconUrl": "https://maps.gsi.go.jp/portal/sys/v4/symbols/828.png",
				"_iconSize": [
					16,
					16
				],
				"_iconAnchor": [
					8,
					8
				]
			}
		},
		{
			"type": "Feature",
			"geometry": {
				"type": "Point",
				"coordinates": [
					 142.9382,
					 44.179
				]
			},
			"properties": {
				"name": "JA8/OH-072(奥沙玖留(三角点))",
				"読み":"Okusakuru",
				"標高":"665m 4pt ",
				"GL":"QN14le",
				"市郡区":"G#01070H ",
				"登山日":"",
				"メモ":"",
				"_markerType": "Icon",
				"_iconUrl": "https://maps.gsi.go.jp/portal/sys/v4/symbols/828.png",
				"_iconSize": [
					16,
					16
				],
				"_iconAnchor": [
					8,
					8
				]
			}
		},
		{
			"type": "Feature",
			"geometry": {
				"type": "Point",
				"coordinates": [
					 144.8102,
					 43.775
				]
			},
			"properties": {
				"name": "JA8/OH-073(瑠辺斯岳)",
				"読み":"Rubesudake",
				"標高":"659m 4pt ",
				"GL":"QN23js",
				"市郡区":"G#01036C / G#01033A ",
				"登山日":"",
				"メモ":"",
				"_markerType": "Icon",
				"_iconUrl": "https://maps.gsi.go.jp/portal/sys/v4/symbols/828.png",
				"_iconSize": [
					16,
					16
				],
				"_iconAnchor": [
					8,
					8
				]
			}
		},
		{
			"type": "Feature",
			"geometry": {
				"type": "Point",
				"coordinates": [
					 143.6168,
					 43.6431
				]
			},
			"properties": {
				"name": "JA8/OH-074(大丸(三角点))",
				"読み":"Daimaru",
				"標高":"642m 2pt ",
				"GL":"QN13tp",
				"市郡区":"G#01048B / G#01048A ",
				"登山日":"",
				"メモ":"",
				"_markerType": "Icon",
				"_iconUrl": "https://maps.gsi.go.jp/portal/sys/v4/symbols/102.png",
				"_iconSize": [
					16,
					16
				],
				"_iconAnchor": [
					8,
					8
				]
			}
		},
		{
			"type": "Feature",
			"geometry": {
				"type": "Point",
				"coordinates": [
					 143.5268,
					 43.7072
				]
			},
			"properties": {
				"name": "JA8/OH-075(点642)",
				"読み":"P642",
				"標高":"642m 2pt ",
				"GL":"QN13sq",
				"市郡区":"G#01048B / C#0108 ",
				"登山日":"",
				"メモ":"",
				"_markerType": "Icon",
				"_iconUrl": "https://maps.gsi.go.jp/portal/sys/v4/symbols/102.png",
				"_iconSize": [
					16,
					16
				],
				"_iconAnchor": [
					8,
					8
				]
			}
		},
		{
			"type": "Feature",
			"geometry": {
				"type": "Point",
				"coordinates": [
					 143.218,
					 44.0494
				]
			},
			"properties": {
				"name": "JA8/OH-076(点634)",
				"読み":"P634",
				"標高":"634m 2pt ",
				"GL":"QN14ob",
				"市郡区":"C#0119 ",
				"登山日":"",
				"メモ":"",
				"_markerType": "Icon",
				"_iconUrl": "https://maps.gsi.go.jp/portal/sys/v4/symbols/102.png",
				"_iconSize": [
					16,
					16
				],
				"_iconAnchor": [
					8,
					8
				]
			}
		},
		{
			"type": "Feature",
			"geometry": {
				"type": "Point",
				"coordinates": [
					 142.7031,
					 44.579
				]
			},
			"properties": {
				"name": "JA8/OH-077(点634)",
				"読み":"P634",
				"標高":"634m 2pt ",
				"GL":"QN14in",
				"市郡区":"G#01070E ",
				"登山日":"",
				"メモ":"",
				"_markerType": "Icon",
				"_iconUrl": "https://maps.gsi.go.jp/portal/sys/v4/symbols/102.png",
				"_iconSize": [
					16,
					16
				],
				"_iconAnchor": [
					8,
					8
				]
			}
		},
		{
			"type": "Feature",
			"geometry": {
				"type": "Point",
				"coordinates": [
					 143.2702,
					 44.1492
				]
			},
			"properties": {
				"name": "JA8/OH-078(立牛岳)",
				"読み":"Tatsuushidake",
				"標高":"630m 2pt ",
				"GL":"QN14pd",
				"市郡区":"C#0119 ",
				"登山日":"",
				"メモ":"",
				"_markerType": "Icon",
				"_iconUrl": "https://maps.gsi.go.jp/portal/sys/v4/symbols/102.png",
				"_iconSize": [
					16,
					16
				],
				"_iconAnchor": [
					8,
					8
				]
			}
		},
		{
			"type": "Feature",
			"geometry": {
				"type": "Point",
				"coordinates": [
					 142.9821,
					 44.1594
				]
			},
			"properties": {
				"name": "JA8/OH-079(点628)",
				"読み":"P628",
				"標高":"628m 2pt ",
				"GL":"QN14ld",
				"市郡区":"G#01070H ",
				"登山日":"",
				"メモ":"",
				"_markerType": "Icon",
				"_iconUrl": "https://maps.gsi.go.jp/portal/sys/v4/symbols/102.png",
				"_iconSize": [
					16,
					16
				],
				"_iconAnchor": [
					8,
					8
				]
			}
		},
		{
			"type": "Feature",
			"geometry": {
				"type": "Point",
				"coordinates": [
					 143.523,
					 43.8017
				]
			},
			"properties": {
				"name": "JA8/OH-080(奔武華(三角点))",
				"読み":"Ponmuka",
				"標高":"622m 2pt ",
				"GL":"QN13st",
				"市郡区":"C#0108 ",
				"登山日":"",
				"メモ":"",
				"_markerType": "Icon",
				"_iconUrl": "https://maps.gsi.go.jp/portal/sys/v4/symbols/102.png",
				"_iconSize": [
					16,
					16
				],
				"_iconAnchor": [
					8,
					8
				]
			}
		},
		{
			"type": "Feature",
			"geometry": {
				"type": "Point",
				"coordinates": [
					 144.974,
					 43.9749
				]
			},
			"properties": {
				"name": "JA8/OH-081(点619)",
				"読み":"P619",
				"標高":"619m 2pt ",
				"GL":"QN23lx",
				"市郡区":"G#01036C ",
				"登山日":"",
				"メモ":"",
				"_markerType": "Icon",
				"_iconUrl": "https://maps.gsi.go.jp/portal/sys/v4/symbols/102.png",
				"_iconSize": [
					16,
					16
				],
				"_iconAnchor": [
					8,
					8
				]
			}
		},
		{
			"type": "Feature",
			"geometry": {
				"type": "Point",
				"coordinates": [
					 143.905,
					 43.6475
				]
			},
			"properties": {
				"name": "JA8/OH-082(点619(丸山(三角点)近傍))",
				"読み":"P619",
				"標高":"619m 2pt ",
				"GL":"QN13wp",
				"市郡区":"G#01005B ",
				"登山日":"",
				"メモ":"",
				"_markerType": "Icon",
				"_iconUrl": "https://maps.gsi.go.jp/portal/sys/v4/symbols/102.png",
				"_iconSize": [
					16,
					16
				],
				"_iconAnchor": [
					8,
					8
				]
			}
		},
		{
			"type": "Feature",
			"geometry": {
				"type": "Point",
				"coordinates": [
					 143.7847,
					 43.6442
				]
			},
			"properties": {
				"name": "JA8/OH-083(尾呂山(三角点))",
				"読み":"Oroyama",
				"標高":"605m 2pt ",
				"GL":"QN13vp",
				"市郡区":"G#01048A / G#01005B ",
				"登山日":"",
				"メモ":"",
				"_markerType": "Icon",
				"_iconUrl": "https://maps.gsi.go.jp/portal/sys/v4/symbols/102.png",
				"_iconSize": [
					16,
					16
				],
				"_iconAnchor": [
					8,
					8
				]
			}
		},
		{
			"type": "Feature",
			"geometry": {
				"type": "Point",
				"coordinates": [
					 143.8873,
					 43.6088
				]
			},
			"properties": {
				"name": "JA8/OH-084(点598)",
				"読み":"P598",
				"標高":"598m 2pt ",
				"GL":"QN13wo",
				"市郡区":"G#01005B ",
				"登山日":"",
				"メモ":"",
				"_markerType": "Icon",
				"_iconUrl": "https://maps.gsi.go.jp/portal/sys/v4/symbols/102.png",
				"_iconSize": [
					16,
					16
				],
				"_iconAnchor": [
					8,
					8
				]
			}
		},
		{
			"type": "Feature",
			"geometry": {
				"type": "Point",
				"coordinates": [
					 143.2722,
					 44.1283
				]
			},
			"properties": {
				"name": "JA8/OH-085(点589)",
				"読み":"P589",
				"標高":"589m 2pt ",
				"GL":"QN14pd",
				"市郡区":"C#0119 ",
				"登山日":"",
				"メモ":"",
				"_markerType": "Icon",
				"_iconUrl": "https://maps.gsi.go.jp/portal/sys/v4/symbols/102.png",
				"_iconSize": [
					16,
					16
				],
				"_iconAnchor": [
					8,
					8
				]
			}
		},
		{
			"type": "Feature",
			"geometry": {
				"type": "Point",
				"coordinates": [
					 143.1127,
					 44.2395
				]
			},
			"properties": {
				"name": "JA8/OH-086(点562)",
				"読み":"P562",
				"標高":"562m 2pt ",
				"GL":"QN14nf",
				"市郡区":"G#01070H ",
				"登山日":"",
				"メモ":"",
				"_markerType": "Icon",
				"_iconUrl": "https://maps.gsi.go.jp/portal/sys/v4/symbols/102.png",
				"_iconSize": [
					16,
					16
				],
				"_iconAnchor": [
					8,
					8
				]
			}
		},
		{
			"type": "Feature",
			"geometry": {
				"type": "Point",
				"coordinates": [
					 143.5343,
					 43.8506
				]
			},
			"properties": {
				"name": "JA8/OH-087(点560)",
				"読み":"P560",
				"標高":"560m 2pt ",
				"GL":"QN13su",
				"市郡区":"G#01070D ",
				"登山日":"",
				"メモ":"",
				"_markerType": "Icon",
				"_iconUrl": "https://maps.gsi.go.jp/portal/sys/v4/symbols/102.png",
				"_iconSize": [
					16,
					16
				],
				"_iconAnchor": [
					8,
					8
				]
			}
		},
		{
			"type": "Feature",
			"geometry": {
				"type": "Point",
				"coordinates": [
					 143.3116,
					 44.1291
				]
			},
			"properties": {
				"name": "JA8/OH-089(点541)",
				"読み":"P541",
				"標高":"541m 2pt ",
				"GL":"QN14pd",
				"市郡区":"C#0119 ",
				"登山日":"",
				"メモ":"",
				"_markerType": "Icon",
				"_iconUrl": "https://maps.gsi.go.jp/portal/sys/v4/symbols/102.png",
				"_iconSize": [
					16,
					16
				],
				"_iconAnchor": [
					8,
					8
				]
			}
		},
		{
			"type": "Feature",
			"geometry": {
				"type": "Point",
				"coordinates": [
					 143.8984,
					 43.6748
				]
			},
			"properties": {
				"name": "JA8/OH-090(様毛山(三角点))",
				"読み":"Samakkeyama",
				"標高":"537m 2pt ",
				"GL":"QN13wq",
				"市郡区":"G#01005B ",
				"登山日":"",
				"メモ":"",
				"_markerType": "Icon",
				"_iconUrl": "https://maps.gsi.go.jp/portal/sys/v4/symbols/102.png",
				"_iconSize": [
					16,
					16
				],
				"_iconAnchor": [
					8,
					8
				]
			}
		},
		{
			"type": "Feature",
			"geometry": {
				"type": "Point",
				"coordinates": [
					 142.7429,
					 44.5633
				]
			},
			"properties": {
				"name": "JA8/OH-091(蛯忠(三角点))",
				"読み":"Ebichu",
				"標高":"535m 2pt ",
				"GL":"QN14in",
				"市郡区":"G#01070E ",
				"登山日":"",
				"メモ":"",
				"_markerType": "Icon",
				"_iconUrl": "https://maps.gsi.go.jp/portal/sys/v4/symbols/102.png",
				"_iconSize": [
					16,
					16
				],
				"_iconAnchor": [
					8,
					8
				]
			}
		},
		{
			"type": "Feature",
			"geometry": {
				"type": "Point",
				"coordinates": [
					 143.0242,
					 44.1173
				]
			},
			"properties": {
				"name": "JA8/OH-092(滝西(三角点))",
				"読み":"Takinishi",
				"標高":"518m 2pt ",
				"GL":"QN14mc",
				"市郡区":"G#01070H ",
				"登山日":"",
				"メモ":"",
				"_markerType": "Icon",
				"_iconUrl": "https://maps.gsi.go.jp/portal/sys/v4/symbols/102.png",
				"_iconSize": [
					16,
					16
				],
				"_iconAnchor": [
					8,
					8
				]
			}
		},
		{
			"type": "Feature",
			"geometry": {
				"type": "Point",
				"coordinates": [
					 142.7969,
					 44.5689
				]
			},
			"properties": {
				"name": "JA8/OH-093(円山(三角点))",
				"読み":"Maruyama",
				"標高":"490m 1pt ",
				"GL":"QN14jn",
				"市郡区":"G#01070E ",
				"登山日":"",
				"メモ":"",
				"_markerType": "Icon",
				"_iconUrl": "https://maps.gsi.go.jp/portal/sys/v4/symbols/826.png",
				"_iconSize": [
					16,
					16
				],
				"_iconAnchor": [
					8,
					8
				]
			}
		},
		{
			"type": "Feature",
			"geometry": {
				"type": "Point",
				"coordinates": [
					 144.0173,
					 43.9815
				]
			},
			"properties": {
				"name": "JA8/OH-094(常呂山)",
				"読み":"Tokoroyama",
				"標高":"481m 1pt ",
				"GL":"QN23ax",
				"市郡区":"C#0108 ",
				"登山日":"",
				"メモ":"",
				"_markerType": "Icon",
				"_iconUrl": "https://maps.gsi.go.jp/portal/sys/v4/symbols/826.png",
				"_iconSize": [
					16,
					16
				],
				"_iconAnchor": [
					8,
					8
				]
			}
		},
		{
			"type": "Feature",
			"geometry": {
				"type": "Point",
				"coordinates": [
					 143.3559,
					 44.1642
				]
			},
			"properties": {
				"name": "JA8/OH-095(鴻ノ舞(三角点))",
				"読み":"Kounomai",
				"標高":"465m 1pt ",
				"GL":"QN14qd",
				"市郡区":"C#0119 ",
				"登山日":"",
				"メモ":"",
				"_markerType": "Icon",
				"_iconUrl": "https://maps.gsi.go.jp/portal/sys/v4/symbols/826.png",
				"_iconSize": [
					16,
					16
				],
				"_iconAnchor": [
					8,
					8
				]
			}
		},
		{
			"type": "Feature",
			"geometry": {
				"type": "Point",
				"coordinates": [
					 143.0915,
					 44.1451
				]
			},
			"properties": {
				"name": "JA8/OH-096(雄白富士(三角点))",
				"読み":"Ojirofuji",
				"標高":"451m 1pt ",
				"GL":"QN14nd",
				"市郡区":"G#01070H ",
				"登山日":"",
				"メモ":"",
				"_markerType": "Icon",
				"_iconUrl": "https://maps.gsi.go.jp/portal/sys/v4/symbols/826.png",
				"_iconSize": [
					16,
					16
				],
				"_iconAnchor": [
					8,
					8
				]
			}
		},
		{
			"type": "Feature",
			"geometry": {
				"type": "Point",
				"coordinates": [
					 143.4855,
					 44.1592
				]
			},
			"properties": {
				"name": "JA8/OH-097(文山(三角点))",
				"読み":"Fumiyama",
				"標高":"437m 1pt ",
				"GL":"QN14rd",
				"市郡区":"G#01070J ",
				"登山日":"",
				"メモ":"",
				"_markerType": "Icon",
				"_iconUrl": "https://maps.gsi.go.jp/portal/sys/v4/symbols/826.png",
				"_iconSize": [
					16,
					16
				],
				"_iconAnchor": [
					8,
					8
				]
			}
		},
		{
			"type": "Feature",
			"geometry": {
				"type": "Point",
				"coordinates": [
					 143.9544,
					 43.7298
				]
			},
			"properties": {
				"name": "JA8/OH-098(点431)",
				"読み":"P431",
				"標高":"431m 1pt ",
				"GL":"QN13xr",
				"市郡区":"G#01005B / G#01005D ",
				"登山日":"",
				"メモ":"",
				"_markerType": "Icon",
				"_iconUrl": "https://maps.gsi.go.jp/portal/sys/v4/symbols/826.png",
				"_iconSize": [
					16,
					16
				],
				"_iconAnchor": [
					8,
					8
				]
			}
		},
		{
			"type": "Feature",
			"geometry": {
				"type": "Point",
				"coordinates": [
					 143.5697,
					 44.1008
				]
			},
			"properties": {
				"name": "JA8/OH-099(開盛山(三角点))",
				"読み":"Kaiseizan",
				"標高":"431m 1pt ",
				"GL":"QN14sc",
				"市郡区":"G#01070J ",
				"登山日":"",
				"メモ":"",
				"_markerType": "Icon",
				"_iconUrl": "https://maps.gsi.go.jp/portal/sys/v4/symbols/826.png",
				"_iconSize": [
					16,
					16
				],
				"_iconAnchor": [
					8,
					8
				]
			}
		},
		{
			"type": "Feature",
			"geometry": {
				"type": "Point",
				"coordinates": [
					 143.9907,
					 43.9651
				]
			},
			"properties": {
				"name": "JA8/OH-100(点431)",
				"読み":"P431",
				"標高":"431m 1pt ",
				"GL":"QN13xx",
				"市郡区":"C#0108 ",
				"登山日":"",
				"メモ":"",
				"_markerType": "Icon",
				"_iconUrl": "https://maps.gsi.go.jp/portal/sys/v4/symbols/826.png",
				"_iconSize": [
					16,
					16
				],
				"_iconAnchor": [
					8,
					8
				]
			}
		},
		{
			"type": "Feature",
			"geometry": {
				"type": "Point",
				"coordinates": [
					 143.6868,
					 43.9242
				]
			},
			"properties": {
				"name": "JA8/OH-101(東邦山(三角点))",
				"読み":"Touhouzan",
				"標高":"427m 1pt ",
				"GL":"QN13uw",
				"市郡区":"G#01048C / C#0108 ",
				"登山日":"",
				"メモ":"",
				"_markerType": "Icon",
				"_iconUrl": "https://maps.gsi.go.jp/portal/sys/v4/symbols/826.png",
				"_iconSize": [
					16,
					16
				],
				"_iconAnchor": [
					8,
					8
				]
			}
		},
		{
			"type": "Feature",
			"geometry": {
				"type": "Point",
				"coordinates": [
					 143.9777,
					 44.0451
				]
			},
			"properties": {
				"name": "JA8/OH-102(イワケシ山)",
				"読み":"Iwakeshiyama",
				"標高":"425m 1pt ",
				"GL":"QN14xb",
				"市郡区":"C#0108 ",
				"登山日":"",
				"メモ":"",
				"_markerType": "Icon",
				"_iconUrl": "https://maps.gsi.go.jp/portal/sys/v4/symbols/826.png",
				"_iconSize": [
					16,
					16
				],
				"_iconAnchor": [
					8,
					8
				]
			}
		},
		{
			"type": "Feature",
			"geometry": {
				"type": "Point",
				"coordinates": [
					 143.2334,
					 44.2803
				]
			},
			"properties": {
				"name": "JA8/OH-103(和訓部(三角点))",
				"読み":"Wakunbe",
				"標高":"415m 1pt ",
				"GL":"QN14og",
				"市郡区":"C#0119 ",
				"登山日":"",
				"メモ":"",
				"_markerType": "Icon",
				"_iconUrl": "https://maps.gsi.go.jp/portal/sys/v4/symbols/826.png",
				"_iconSize": [
					16,
					16
				],
				"_iconAnchor": [
					8,
					8
				]
			}
		},
		{
			"type": "Feature",
			"geometry": {
				"type": "Point",
				"coordinates": [
					 143.0888,
					 44.1663
				]
			},
			"properties": {
				"name": "JA8/OH-104(白鳥(三角点))",
				"読み":"Shiratori",
				"標高":"413m 1pt ",
				"GL":"QN14nd",
				"市郡区":"G#01070H ",
				"登山日":"",
				"メモ":"",
				"_markerType": "Icon",
				"_iconUrl": "https://maps.gsi.go.jp/portal/sys/v4/symbols/826.png",
				"_iconSize": [
					16,
					16
				],
				"_iconAnchor": [
					8,
					8
				]
			}
		},
		{
			"type": "Feature",
			"geometry": {
				"type": "Point",
				"coordinates": [
					 143.692,
					 44.0181
				]
			},
			"properties": {
				"name": "JA8/OH-105(計露岳)",
				"読み":"Kerodake",
				"標高":"409m 1pt ",
				"GL":"QN14ua",
				"市郡区":"G#01070J / G#01048C ",
				"登山日":"",
				"メモ":"",
				"_markerType": "Icon",
				"_iconUrl": "https://maps.gsi.go.jp/portal/sys/v4/symbols/826.png",
				"_iconSize": [
					16,
					16
				],
				"_iconAnchor": [
					8,
					8
				]
			}
		},
		{
			"type": "Feature",
			"geometry": {
				"type": "Point",
				"coordinates": [
					 143.3767,
					 44.2035
				]
			},
			"properties": {
				"name": "JA8/OH-106(点407)",
				"読み":"P407",
				"標高":"407m 1pt ",
				"GL":"QN14qe",
				"市郡区":"C#0119 ",
				"登山日":"",
				"メモ":"",
				"_markerType": "Icon",
				"_iconUrl": "https://maps.gsi.go.jp/portal/sys/v4/symbols/826.png",
				"_iconSize": [
					16,
					16
				],
				"_iconAnchor": [
					8,
					8
				]
			}
		},
		{
			"type": "Feature",
			"geometry": {
				"type": "Point",
				"coordinates": [
					 143.8377,
					 44.0957
				]
			},
			"properties": {
				"name": "JA8/OH-107(幌岩山)",
				"読み":"Horoiwayama",
				"標高":"376m 1pt ",
				"GL":"QN14wc",
				"市郡区":"G#01048C ",
				"登山日":"",
				"メモ":"",
				"_markerType": "Icon",
				"_iconUrl": "https://maps.gsi.go.jp/portal/sys/v4/symbols/826.png",
				"_iconSize": [
					16,
					16
				],
				"_iconAnchor": [
					8,
					8
				]
			}
		},
		{
			"type": "Feature",
			"geometry": {
				"type": "Point",
				"coordinates": [
					 143.3998,
					 44.2225
				]
			},
			"properties": {
				"name": "JA8/OH-108(八十士(三角点))",
				"読み":"Yasoshi",
				"標高":"373m 1pt ",
				"GL":"QN14qf",
				"市郡区":"C#0119 ",
				"登山日":"",
				"メモ":"",
				"_markerType": "Icon",
				"_iconUrl": "https://maps.gsi.go.jp/portal/sys/v4/symbols/826.png",
				"_iconSize": [
					16,
					16
				],
				"_iconAnchor": [
					8,
					8
				]
			}
		},
		{
			"type": "Feature",
			"geometry": {
				"type": "Point",
				"coordinates": [
					 143.5186,
					 44.1223
				]
			},
			"properties": {
				"name": "JA8/OH-109(点350)",
				"読み":"P350",
				"標高":"350m 1pt ",
				"GL":"QN14sc",
				"市郡区":"G#01070J ",
				"登山日":"",
				"メモ":"",
				"_markerType": "Icon",
				"_iconUrl": "https://maps.gsi.go.jp/portal/sys/v4/symbols/826.png",
				"_iconSize": [
					16,
					16
				],
				"_iconAnchor": [
					8,
					8
				]
			}
		},
		{
			"type": "Feature",
			"geometry": {
				"type": "Point",
				"coordinates": [
					 143.9385,
					 43.9376
				]
			},
			"properties": {
				"name": "JA8/OH-110(似頃川口(三角点))",
				"読み":"Nikorokawaguchi",
				"標高":"337m 1pt ",
				"GL":"QN13xw",
				"市郡区":"C#0108 ",
				"登山日":"",
				"メモ":"",
				"_markerType": "Icon",
				"_iconUrl": "https://maps.gsi.go.jp/portal/sys/v4/symbols/826.png",
				"_iconSize": [
					16,
					16
				],
				"_iconAnchor": [
					8,
					8
				]
			}
		},
		{
			"type": "Feature",
			"geometry": {
				"type": "Point",
				"coordinates": [
					 143.3188,
					 44.3428
				]
			},
			"properties": {
				"name": "JA8/OH-111(紋別山(大山))",
				"読み":"Monbetsuyama/Ooyama",
				"標高":"334m 1pt ",
				"GL":"QN14pi",
				"市郡区":"C#0119 ",
				"登山日":"",
				"メモ":"",
				"_markerType": "Icon",
				"_iconUrl": "https://maps.gsi.go.jp/portal/sys/v4/symbols/826.png",
				"_iconSize": [
					16,
					16
				],
				"_iconAnchor": [
					8,
					8
				]
			}
		},
		{
			"type": "Feature",
			"geometry": {
				"type": "Point",
				"coordinates": [
					 143.7145,
					 44.0057
				]
			},
			"properties": {
				"name": "JA8/OH-112(点323)",
				"読み":"P323",
				"標高":"323m 1pt ",
				"GL":"QN14ua",
				"市郡区":"G#01048C / G#01070J ",
				"登山日":"",
				"メモ":"",
				"_markerType": "Icon",
				"_iconUrl": "https://maps.gsi.go.jp/portal/sys/v4/symbols/826.png",
				"_iconSize": [
					16,
					16
				],
				"_iconAnchor": [
					8,
					8
				]
			}
		},
		{
			"type": "Feature",
			"geometry": {
				"type": "Point",
				"coordinates": [
					 143.2594,
					 44.3187
				]
			},
			"properties": {
				"name": "JA8/OH-113(宇津津1(三角点))",
				"読み":"Utsutsu1",
				"標高":"316m 1pt ",
				"GL":"QN14ph",
				"市郡区":"C#0119 ",
				"登山日":"",
				"メモ":"",
				"_markerType": "Icon",
				"_iconUrl": "https://maps.gsi.go.jp/portal/sys/v4/symbols/826.png",
				"_iconSize": [
					16,
					16
				],
				"_iconAnchor": [
					8,
					8
				]
			}
		},
		{
			"type": "Feature",
			"geometry": {
				"type": "Point",
				"coordinates": [
					 143.8499,
					 44.0642
				]
			},
			"properties": {
				"name": "JA8/OH-114(点311)",
				"読み":"P311",
				"標高":"311m 1pt ",
				"GL":"QN14wb",
				"市郡区":"G#01048C ",
				"登山日":"",
				"メモ":"",
				"_markerType": "Icon",
				"_iconUrl": "https://maps.gsi.go.jp/portal/sys/v4/symbols/826.png",
				"_iconSize": [
					16,
					16
				],
				"_iconAnchor": [
					8,
					8
				]
			}
		},
		{
			"type": "Feature",
			"geometry": {
				"type": "Point",
				"coordinates": [
					 143.7661,
					 44.0591
				]
			},
			"properties": {
				"name": "JA8/OH-115(点252)",
				"読み":"P252",
				"標高":"252m 1pt ",
				"GL":"QN14vb",
				"市郡区":"G#01048C ",
				"登山日":"",
				"メモ":"",
				"_markerType": "Icon",
				"_iconUrl": "https://maps.gsi.go.jp/portal/sys/v4/symbols/826.png",
				"_iconSize": [
					16,
					16
				],
				"_iconAnchor": [
					8,
					8
				]
			}
		},
		{
			"type": "Feature",
			"geometry": {
				"type": "Point",
				"coordinates": [
					 143.2576,
					 43.7226
				]
			},
			"properties": {
				"name": "JA8/OH-116(奴振(三角点近傍))",
				"読み":"NearYakkofuri",
				"標高":"1250m 8pt ",
				"GL":"QN13pr",
				"市郡区":"C#0108 ",
				"登山日":"",
				"メモ":"",
				"_markerType": "Icon",
				"_iconUrl": "https://maps.gsi.go.jp/portal/sys/v4/symbols/104.png",
				"_iconSize": [
					16,
					16
				],
				"_iconAnchor": [
					8,
					8
				]
			}
		},
		{
			"type": "Feature",
			"geometry": {
				"type": "Point",
				"coordinates": [
					 143.3379,
					 43.6689
				]
			},
			"properties": {
				"name": "JA8/OH-117(南富士(三角点近傍))",
				"読み":"NearMinamifuji",
				"標高":"1110m 8pt ",
				"GL":"QN13qq",
				"市郡区":"C#0108 ",
				"登山日":"",
				"メモ":"",
				"_markerType": "Icon",
				"_iconUrl": "https://maps.gsi.go.jp/portal/sys/v4/symbols/104.png",
				"_iconSize": [
					16,
					16
				],
				"_iconAnchor": [
					8,
					8
				]
			}
		},
		{
			"type": "Feature",
			"geometry": {
				"type": "Point",
				"coordinates": [
					 144.9064,
					 43.9058
				]
			},
			"properties": {
				"name": "JA8/OH-118(点901)",
				"読み":"P901",
				"標高":"901m 6pt ",
				"GL":"QN23kv",
				"市郡区":"G#01036C / G#01069A ",
				"登山日":"",
				"メモ":"",
				"_markerType": "Icon",
				"_iconUrl": "https://maps.gsi.go.jp/portal/sys/v4/symbols/103.png",
				"_iconSize": [
					16,
					16
				],
				"_iconAnchor": [
					8,
					8
				]
			}
		},
		{
			"type": "Feature",
			"geometry": {
				"type": "Point",
				"coordinates": [
					 144.9694,
					 43.9416
				]
			},
			"properties": {
				"name": "JA8/OH-119(点890)",
				"読み":"P890",
				"標高":"890m 6pt ",
				"GL":"QN23lw",
				"市郡区":"G#01036C ",
				"登山日":"",
				"メモ":"",
				"_markerType": "Icon",
				"_iconUrl": "https://maps.gsi.go.jp/portal/sys/v4/symbols/103.png",
				"_iconSize": [
					16,
					16
				],
				"_iconAnchor": [
					8,
					8
				]
			}
		},
		{
			"type": "Feature",
			"geometry": {
				"type": "Point",
				"coordinates": [
					 143.7888,
					 43.9493
				]
			},
			"properties": {
				"name": "JA8/OH-120(点549)",
				"読み":"P549",
				"標高":"549m 2pt ",
				"GL":"QN13vw",
				"市郡区":"C#0108 ",
				"登山日":"",
				"メモ":"",
				"_markerType": "Icon",
				"_iconUrl": "https://maps.gsi.go.jp/portal/sys/v4/symbols/102.png",
				"_iconSize": [
					16,
					16
				],
				"_iconAnchor": [
					8,
					8
				]
			}
		},
		{
			"type": "Feature",
			"geometry": {
				"type": "Point",
				"coordinates": [
					 143.8068,
					 43.6703
				]
			},
			"properties": {
				"name": "JA8/OH-121(点520)",
				"読み":"P520",
				"標高":"520m 2pt ",
				"GL":"QN13vq",
				"市郡区":"G#01048A ",
				"登山日":"",
				"メモ":"",
				"_markerType": "Icon",
				"_iconUrl": "https://maps.gsi.go.jp/portal/sys/v4/symbols/102.png",
				"_iconSize": [
					16,
					16
				],
				"_iconAnchor": [
					8,
					8
				]
			}
		},
		{
			"type": "Feature",
			"geometry": {
				"type": "Point",
				"coordinates": [
					 143.9509,
					 44.03
				]
			},
			"properties": {
				"name": "JA8/OH-122(鉄山(三角点))",
				"読み":"Tetsuyama",
				"標高":"400m 1pt ",
				"GL":"QN14xa",
				"市郡区":"C#0108 ",
				"登山日":"",
				"メモ":"",
				"_markerType": "Icon",
				"_iconUrl": "https://maps.gsi.go.jp/portal/sys/v4/symbols/826.png",
				"_iconSize": [
					16,
					16
				],
				"_iconAnchor": [
					8,
					8
				]
			}
		},
		{
			"type": "Feature",
			"geometry": {
				"type": "Point",
				"coordinates": [
					 143.4761,
					 44.0887
				]
			},
			"properties": {
				"name": "JA8/OH-123(社名淵(三角点))",
				"読み":"Shanafuchi",
				"標高":"370m 1pt ",
				"GL":"QN14rc",
				"市郡区":"G#01070D / G#01070J ",
				"登山日":"",
				"メモ":"",
				"_markerType": "Icon",
				"_iconUrl": "https://maps.gsi.go.jp/portal/sys/v4/symbols/826.png",
				"_iconSize": [
					16,
					16
				],
				"_iconAnchor": [
					8,
					8
				]
			}
		},
		{
			"type": "Feature",
			"geometry": {
				"type": "Point",
				"coordinates": [
					 144.23,
					 44.0839
				]
			},
			"properties": {
				"name": "JA8/OH-124(点260)",
				"読み":"P260",
				"標高":"260m 1pt ",
				"GL":"QN24cc",
				"市郡区":"C#0111 ",
				"登山日":"",
				"メモ":"",
				"_markerType": "Icon",
				"_iconUrl": "https://maps.gsi.go.jp/portal/sys/v4/symbols/826.png",
				"_iconSize": [
					16,
					16
				],
				"_iconAnchor": [
					8,
					8
				]
			}
		},
		{
			"type": "Feature",
			"geometry": {
				"type": "Point",
				"coordinates": [
					 140.0103,
					 42.219
				]
			},
			"properties": {
				"name": "JA8/OM-001(遊楽部岳(見市岳))",
				"読み":"Yuurappudake/Kenichidake",
				"標高":"1277m 8pt ",
				"GL":"QN02af",
				"市郡区":"G#01079A / G#01028B ",
				"登山日":"",
				"メモ":"",
				"_markerType": "Icon",
				"_iconUrl": "https://maps.gsi.go.jp/portal/sys/v4/symbols/104.png",
				"_iconSize": [
					16,
					16
				],
				"_iconAnchor": [
					8,
					8
				]
			}
		},
		{
			"type": "Feature",
			"geometry": {
				"type": "Point",
				"coordinates": [
					 140.0186,
					 42.1823
				]
			},
			"properties": {
				"name": "JA8/OM-002(冷水岳)",
				"読み":"Hiyamizudake",
				"標高":"1175m 8pt ",
				"GL":"QN02ae",
				"市郡区":"G#01079A ",
				"登山日":"",
				"メモ":"",
				"_markerType": "Icon",
				"_iconUrl": "https://maps.gsi.go.jp/portal/sys/v4/symbols/104.png",
				"_iconSize": [
					16,
					16
				],
				"_iconAnchor": [
					8,
					8
				]
			}
		},
		{
			"type": "Feature",
			"geometry": {
				"type": "Point",
				"coordinates": [
					 140.7711,
					 41.9379
				]
			},
			"properties": {
				"name": "JA8/OM-003(横津岳)",
				"読み":"Yokotsudake",
				"標高":"1167m 8pt ",
				"GL":"QN01jw",
				"市郡区":"G#01024E ",
				"登山日":"",
				"メモ":"",
				"_markerType": "Icon",
				"_iconUrl": "https://maps.gsi.go.jp/portal/sys/v4/symbols/104.png",
				"_iconSize": [
					16,
					16
				],
				"_iconAnchor": [
					8,
					8
				]
			}
		},
		{
			"type": "Feature",
			"geometry": {
				"type": "Point",
				"coordinates": [
					 140.6773,
					 42.0634
				]
			},
			"properties": {
				"name": "JA8/OM-004(駒ヶ岳(剣ヶ峯))",
				"読み":"Komagatake/Kengamine",
				"標高":"1131m 8pt ",
				"GL":"QN02ib",
				"市郡区":"G#01025D / G#01025B / G#01024E",
				"登山日":"",
				"メモ":"",
				"_markerType": "Icon",
				"_iconUrl": "https://maps.gsi.go.jp/portal/sys/v4/symbols/104.png",
				"_iconSize": [
					16,
					16
				],
				"_iconAnchor": [
					8,
					8
				]
			}
		},
		{
			"type": "Feature",
			"geometry": {
				"type": "Point",
				"coordinates": [
					 140.1608,
					 41.5793
				]
			},
			"properties": {
				"name": "JA8/OM-005(大千軒岳)",
				"読み":"Daisengendake",
				"標高":"1072m 6pt ",
				"GL":"QN01bn",
				"市郡区":"G#01067B / G#01059C ",
				"登山日":"",
				"メモ":"",
				"_markerType": "Icon",
				"_iconUrl": "https://maps.gsi.go.jp/portal/sys/v4/symbols/103.png",
				"_iconSize": [
					16,
					16
				],
				"_iconAnchor": [
					8,
					8
				]
			}
		},
		{
			"type": "Feature",
			"geometry": {
				"type": "Point",
				"coordinates": [
					 140.114074,
					 42.154853
				]
			},
			"properties": {
				"name": "JA8/OM-006(雄鉾岳(西峰))",
				"読み":"Obokodake(Nishimine)",
				"標高":"1000m 6pt ",
				"GL":"QN02bd",
				"市郡区":"G#01079A ",
				"登山日":"",
				"メモ":"",
				"_markerType": "Icon",
				"_iconUrl": "https://maps.gsi.go.jp/portal/sys/v4/symbols/103.png",
				"_iconSize": [
					16,
					16
				],
				"_iconAnchor": [
					8,
					8
				]
			}
		},
		{
			"type": "Feature",
			"geometry": {
				"type": "Point",
				"coordinates": [
					 140.2346,
					 42.1389
				]
			},
			"properties": {
				"name": "JA8/OM-007(砂蘭部岳)",
				"読み":"Saranbedake",
				"標高":"984m 6pt ",
				"GL":"QN02cd",
				"市郡区":"G#01079A ",
				"登山日":"",
				"メモ":"",
				"_markerType": "Icon",
				"_iconUrl": "https://maps.gsi.go.jp/portal/sys/v4/symbols/103.png",
				"_iconSize": [
					16,
					16
				],
				"_iconAnchor": [
					8,
					8
				]
			}
		},
		{
			"type": "Feature",
			"geometry": {
				"type": "Point",
				"coordinates": [
					 140.1456,
					 42.1455
				]
			},
			"properties": {
				"name": "JA8/OM-008(元小屋沢山)",
				"読み":"Motogoyazawayama",
				"標高":"969m 6pt ",
				"GL":"QN02bd",
				"市郡区":"G#01079A ",
				"登山日":"",
				"メモ":"",
				"_markerType": "Icon",
				"_iconUrl": "https://maps.gsi.go.jp/portal/sys/v4/symbols/103.png",
				"_iconSize": [
					16,
					16
				],
				"_iconAnchor": [
					8,
					8
				]
			}
		},
		{
			"type": "Feature",
			"geometry": {
				"type": "Point",
				"coordinates": [
					 140.2141,
					 41.6242
				]
			},
			"properties": {
				"name": "JA8/OM-009(七ッ岳)",
				"読み":"Nanatsudake",
				"標高":"957m 6pt ",
				"GL":"QN01co",
				"市郡区":"G#01059C / G#01021C / G#01067A",
				"登山日":"",
				"メモ":"",
				"_markerType": "Icon",
				"_iconUrl": "https://maps.gsi.go.jp/portal/sys/v4/symbols/103.png",
				"_iconSize": [
					16,
					16
				],
				"_iconAnchor": [
					8,
					8
				]
			}
		},
		{
			"type": "Feature",
			"geometry": {
				"type": "Point",
				"coordinates": [
					 140.1772,
					 42.134
				]
			},
			"properties": {
				"name": "JA8/OM-010(沖沢山)",
				"読み":"Okizawayama",
				"標高":"952m 6pt ",
				"GL":"QN02cd",
				"市郡区":"G#01079A ",
				"登山日":"",
				"メモ":"",
				"_markerType": "Icon",
				"_iconUrl": "https://maps.gsi.go.jp/portal/sys/v4/symbols/103.png",
				"_iconSize": [
					16,
					16
				],
				"_iconAnchor": [
					8,
					8
				]
			}
		},
		{
			"type": "Feature",
			"geometry": {
				"type": "Point",
				"coordinates": [
					 140.4324,
					 42.0588
				]
			},
			"properties": {
				"name": "JA8/OM-011(狗神岳)",
				"読み":"Kushindake",
				"標高":"900m 6pt ",
				"GL":"QN02fb",
				"市郡区":"G#01079A / G#01025D ",
				"登山日":"",
				"メモ":"",
				"_markerType": "Icon",
				"_iconUrl": "https://maps.gsi.go.jp/portal/sys/v4/symbols/103.png",
				"_iconSize": [
					16,
					16
				],
				"_iconAnchor": [
					8,
					8
				]
			}
		},
		{
			"type": "Feature",
			"geometry": {
				"type": "Point",
				"coordinates": [
					 140.4504,
					 42.0547
				]
			},
			"properties": {
				"name": "JA8/OM-012(桂川前山(三角点))",
				"読み":"Katsuragawamaeyama",
				"標高":"889m 6pt ",
				"GL":"QN02fb",
				"市郡区":"G#01025D ",
				"登山日":"",
				"メモ":"",
				"_markerType": "Icon",
				"_iconUrl": "https://maps.gsi.go.jp/portal/sys/v4/symbols/103.png",
				"_iconSize": [
					16,
					16
				],
				"_iconAnchor": [
					8,
					8
				]
			}
		},
		{
			"type": "Feature",
			"geometry": {
				"type": "Point",
				"coordinates": [
					 140.0461,
					 41.6134
				]
			},
			"properties": {
				"name": "JA8/OM-013(木無山(三角点))",
				"読み":"Kinashiyama",
				"標高":"878m 6pt ",
				"GL":"QN01ao",
				"市郡区":"G#01059C / G#01067B ",
				"登山日":"",
				"メモ":"",
				"_markerType": "Icon",
				"_iconUrl": "https://maps.gsi.go.jp/portal/sys/v4/symbols/103.png",
				"_iconSize": [
					16,
					16
				],
				"_iconAnchor": [
					8,
					8
				]
			}
		},
		{
			"type": "Feature",
			"geometry": {
				"type": "Point",
				"coordinates": [
					 140.0982,
					 42.2176
				]
			},
			"properties": {
				"name": "JA8/OM-014(ペンケ岳)",
				"読み":"Penkedake",
				"標高":"855m 6pt ",
				"GL":"QN02bf",
				"市郡区":"G#01079A ",
				"登山日":"",
				"メモ":"",
				"_markerType": "Icon",
				"_iconUrl": "https://maps.gsi.go.jp/portal/sys/v4/symbols/103.png",
				"_iconSize": [
					16,
					16
				],
				"_iconAnchor": [
					8,
					8
				]
			}
		},
		{
			"type": "Feature",
			"geometry": {
				"type": "Point",
				"coordinates": [
					 140.1131,
					 41.5686
				]
			},
			"properties": {
				"name": "JA8/OM-015(点853(根葉沢(三角点)近傍))",
				"読み":"P853",
				"標高":"853m 6pt ",
				"GL":"QN01bn",
				"市郡区":"G#01067B ",
				"登山日":"",
				"メモ":"",
				"_markerType": "Icon",
				"_iconUrl": "https://maps.gsi.go.jp/portal/sys/v4/symbols/103.png",
				"_iconSize": [
					16,
					16
				],
				"_iconAnchor": [
					8,
					8
				]
			}
		},
		{
			"type": "Feature",
			"geometry": {
				"type": "Point",
				"coordinates": [
					 140.8743,
					 41.8846
				]
			},
			"properties": {
				"name": "JA8/OM-016(三森山)",
				"読み":"Mitsumorizan",
				"標高":"842m 4pt ",
				"GL":"QN01kv",
				"市郡区":"C#0104 ",
				"登山日":"",
				"メモ":"",
				"_markerType": "Icon",
				"_iconUrl": "https://maps.gsi.go.jp/portal/sys/v4/symbols/828.png",
				"_iconSize": [
					16,
					16
				],
				"_iconAnchor": [
					8,
					8
				]
			}
		},
		{
			"type": "Feature",
			"geometry": {
				"type": "Point",
				"coordinates": [
					 140.8765,
					 41.9528
				]
			},
			"properties": {
				"name": "JA8/OM-017(泣面山)",
				"読み":"Nakitsurayama",
				"標高":"835m 4pt ",
				"GL":"QN01kw",
				"市郡区":"C#0104 ",
				"登山日":"",
				"メモ":"",
				"_markerType": "Icon",
				"_iconUrl": "https://maps.gsi.go.jp/portal/sys/v4/symbols/828.png",
				"_iconSize": [
					16,
					16
				],
				"_iconAnchor": [
					8,
					8
				]
			}
		},
		{
			"type": "Feature",
			"geometry": {
				"type": "Point",
				"coordinates": [
					 140.376,
					 41.5428
				]
			},
			"properties": {
				"name": "JA8/OM-018(奥丸山(三角点))",
				"読み":"Okumaruyama",
				"標高":"826m 4pt ",
				"GL":"QN01en",
				"市郡区":"G#01067A / G#01021C ",
				"登山日":"",
				"メモ":"",
				"_markerType": "Icon",
				"_iconUrl": "https://maps.gsi.go.jp/portal/sys/v4/symbols/828.png",
				"_iconSize": [
					16,
					16
				],
				"_iconAnchor": [
					8,
					8
				]
			}
		},
		{
			"type": "Feature",
			"geometry": {
				"type": "Point",
				"coordinates": [
					 140.5176,
					 42.031
				]
			},
			"properties": {
				"name": "JA8/OM-019(姫川(三角点))",
				"読み":"Himekawa",
				"標高":"819m 4pt ",
				"GL":"QN02ga",
				"市郡区":"G#01025D ",
				"登山日":"",
				"メモ":"",
				"_markerType": "Icon",
				"_iconUrl": "https://maps.gsi.go.jp/portal/sys/v4/symbols/828.png",
				"_iconSize": [
					16,
					16
				],
				"_iconAnchor": [
					8,
					8
				]
			}
		},
		{
			"type": "Feature",
			"geometry": {
				"type": "Point",
				"coordinates": [
					 140.0832,
					 42.2013
				]
			},
			"properties": {
				"name": "JA8/OM-020(岩子岳)",
				"読み":"Iwakodake",
				"標高":"802m 4pt ",
				"GL":"QN02be",
				"市郡区":"G#01079A ",
				"登山日":"",
				"メモ":"",
				"_markerType": "Icon",
				"_iconUrl": "https://maps.gsi.go.jp/portal/sys/v4/symbols/828.png",
				"_iconSize": [
					16,
					16
				],
				"_iconAnchor": [
					8,
					8
				]
			}
		},
		{
			"type": "Feature",
			"geometry": {
				"type": "Point",
				"coordinates": [
					 140.3109,
					 41.5272
				]
			},
			"properties": {
				"name": "JA8/OM-021(岩部岳)",
				"読み":"Iwabedake",
				"標高":"794m 4pt ",
				"GL":"QN01dm",
				"市郡区":"G#01067A ",
				"登山日":"",
				"メモ":"",
				"_markerType": "Icon",
				"_iconUrl": "https://maps.gsi.go.jp/portal/sys/v4/symbols/828.png",
				"_iconSize": [
					16,
					16
				],
				"_iconAnchor": [
					8,
					8
				]
			}
		},
		{
			"type": "Feature",
			"geometry": {
				"type": "Point",
				"coordinates": [
					 140.2439,
					 42.1128
				]
			},
			"properties": {
				"name": "JA8/OM-022(小鉾岳)",
				"読み":"Obokodake",
				"標高":"792m 4pt ",
				"GL":"QN02cc",
				"市郡区":"G#01079A ",
				"登山日":"",
				"メモ":"",
				"_markerType": "Icon",
				"_iconUrl": "https://maps.gsi.go.jp/portal/sys/v4/symbols/828.png",
				"_iconSize": [
					16,
					16
				],
				"_iconAnchor": [
					8,
					8
				]
			}
		},
		{
			"type": "Feature",
			"geometry": {
				"type": "Point",
				"coordinates": [
					 140.1133,
					 41.532
				]
			},
			"properties": {
				"name": "JA8/OM-023(八兵衛岳)",
				"読み":"Hachibeidake",
				"標高":"791m 4pt ",
				"GL":"QN01bm",
				"市郡区":"G#01067B ",
				"登山日":"",
				"メモ":"",
				"_markerType": "Icon",
				"_iconUrl": "https://maps.gsi.go.jp/portal/sys/v4/symbols/828.png",
				"_iconSize": [
					16,
					16
				],
				"_iconAnchor": [
					8,
					8
				]
			}
		},
		{
			"type": "Feature",
			"geometry": {
				"type": "Point",
				"coordinates": [
					 140.4088,
					 42.0329
				]
			},
			"properties": {
				"name": "JA8/OM-024(釜別(三角点))",
				"読み":"Kamabetsu",
				"標高":"785m 4pt ",
				"GL":"QN02ea",
				"市郡区":"G#01079A ",
				"登山日":"",
				"メモ":"",
				"_markerType": "Icon",
				"_iconUrl": "https://maps.gsi.go.jp/portal/sys/v4/symbols/828.png",
				"_iconSize": [
					16,
					16
				],
				"_iconAnchor": [
					8,
					8
				]
			}
		},
		{
			"type": "Feature",
			"geometry": {
				"type": "Point",
				"coordinates": [
					 140.1141,
					 41.5484
				]
			},
			"properties": {
				"name": "JA8/OM-025(点774)",
				"読み":"P774",
				"標高":"774m 4pt ",
				"GL":"QN01bn",
				"市郡区":"G#01067B ",
				"登山日":"",
				"メモ":"",
				"_markerType": "Icon",
				"_iconUrl": "https://maps.gsi.go.jp/portal/sys/v4/symbols/828.png",
				"_iconSize": [
					16,
					16
				],
				"_iconAnchor": [
					8,
					8
				]
			}
		},
		{
			"type": "Feature",
			"geometry": {
				"type": "Point",
				"coordinates": [
					 140.1675,
					 41.5218
				]
			},
			"properties": {
				"name": "JA8/OM-026(百軒岳)",
				"読み":"Hyakkendake",
				"標高":"772m 4pt ",
				"GL":"QN01cm",
				"市郡区":"G#01067B / G#01067A ",
				"登山日":"",
				"メモ":"",
				"_markerType": "Icon",
				"_iconUrl": "https://maps.gsi.go.jp/portal/sys/v4/symbols/828.png",
				"_iconSize": [
					16,
					16
				],
				"_iconAnchor": [
					8,
					8
				]
			}
		},
		{
			"type": "Feature",
			"geometry": {
				"type": "Point",
				"coordinates": [
					 140.5447,
					 41.9254
				]
			},
			"properties": {
				"name": "JA8/OM-027(毛無山)",
				"読み":"Kenashiyama",
				"標高":"750m 4pt ",
				"GL":"QN01gw",
				"市郡区":"C#0136 ",
				"登山日":"",
				"メモ":"",
				"_markerType": "Icon",
				"_iconUrl": "https://maps.gsi.go.jp/portal/sys/v4/symbols/828.png",
				"_iconSize": [
					16,
					16
				],
				"_iconAnchor": [
					8,
					8
				]
			}
		},
		{
			"type": "Feature",
			"geometry": {
				"type": "Point",
				"coordinates": [
					 140.1505,
					 42.1776
				]
			},
			"properties": {
				"name": "JA8/OM-028(三角山)",
				"読み":"Sankakuyama",
				"標高":"741m 4pt ",
				"GL":"QN02be",
				"市郡区":"G#01079A ",
				"登山日":"",
				"メモ":"",
				"_markerType": "Icon",
				"_iconUrl": "https://maps.gsi.go.jp/portal/sys/v4/symbols/828.png",
				"_iconSize": [
					16,
					16
				],
				"_iconAnchor": [
					8,
					8
				]
			}
		},
		{
			"type": "Feature",
			"geometry": {
				"type": "Point",
				"coordinates": [
					 140.4644,
					 41.7892
				]
			},
			"properties": {
				"name": "JA8/OM-029(桂岳)",
				"読み":"Katsuradake",
				"標高":"734m 4pt ",
				"GL":"QN01fs",
				"市郡区":"G#01021B / C#0136 ",
				"登山日":"",
				"メモ":"",
				"_markerType": "Icon",
				"_iconUrl": "https://maps.gsi.go.jp/portal/sys/v4/symbols/828.png",
				"_iconSize": [
					16,
					16
				],
				"_iconAnchor": [
					8,
					8
				]
			}
		},
		{
			"type": "Feature",
			"geometry": {
				"type": "Point",
				"coordinates": [
					 139.3671,
					 41.5099
				]
			},
			"properties": {
				"name": "JA8/OM-030(江良岳)",
				"読み":"Eradake",
				"標高":"732m 4pt ",
				"GL":"PN91qm",
				"市郡区":"G#01067B ",
				"登山日":"",
				"メモ":"",
				"_markerType": "Icon",
				"_iconUrl": "https://maps.gsi.go.jp/portal/sys/v4/symbols/828.png",
				"_iconSize": [
					16,
					16
				],
				"_iconAnchor": [
					8,
					8
				]
			}
		},
		{
			"type": "Feature",
			"geometry": {
				"type": "Point",
				"coordinates": [
					 140.0613,
					 42.1297
				]
			},
			"properties": {
				"name": "JA8/OM-031(毛無山)",
				"読み":"Kenashiyama",
				"標高":"721m 4pt ",
				"GL":"QN02ad",
				"市郡区":"G#01079A ",
				"登山日":"",
				"メモ":"",
				"_markerType": "Icon",
				"_iconUrl": "https://maps.gsi.go.jp/portal/sys/v4/symbols/828.png",
				"_iconSize": [
					16,
					16
				],
				"_iconAnchor": [
					8,
					8
				]
			}
		},
		{
			"type": "Feature",
			"geometry": {
				"type": "Point",
				"coordinates": [
					 140.3076,
					 42.1134
				]
			},
			"properties": {
				"name": "JA8/OM-032(野田追岳)",
				"読み":"Nodaoidake",
				"標高":"706m 4pt ",
				"GL":"QN02dc",
				"市郡区":"G#01079A ",
				"登山日":"",
				"メモ":"",
				"_markerType": "Icon",
				"_iconUrl": "https://maps.gsi.go.jp/portal/sys/v4/symbols/828.png",
				"_iconSize": [
					16,
					16
				],
				"_iconAnchor": [
					8,
					8
				]
			}
		},
		{
			"type": "Feature",
			"geometry": {
				"type": "Point",
				"coordinates": [
					 140.4855,
					 41.9014
				]
			},
			"properties": {
				"name": "JA8/OM-033(雷電山)",
				"読み":"Raidenyama",
				"標高":"703m 4pt ",
				"GL":"QN01fv",
				"市郡区":"C#0136 ",
				"登山日":"",
				"メモ":"",
				"_markerType": "Icon",
				"_iconUrl": "https://maps.gsi.go.jp/portal/sys/v4/symbols/828.png",
				"_iconSize": [
					16,
					16
				],
				"_iconAnchor": [
					8,
					8
				]
			}
		},
		{
			"type": "Feature",
			"geometry": {
				"type": "Point",
				"coordinates": [
					 140.4833,
					 41.9287
				]
			},
			"properties": {
				"name": "JA8/OM-034(設計山)",
				"読み":"Sekkeiyama",
				"標高":"702m 4pt ",
				"GL":"QN01fw",
				"市郡区":"C#0136 ",
				"登山日":"",
				"メモ":"",
				"_markerType": "Icon",
				"_iconUrl": "https://maps.gsi.go.jp/portal/sys/v4/symbols/828.png",
				"_iconSize": [
					16,
					16
				],
				"_iconAnchor": [
					8,
					8
				]
			}
		},
		{
			"type": "Feature",
			"geometry": {
				"type": "Point",
				"coordinates": [
					 140.2818,
					 41.6599
				]
			},
			"properties": {
				"name": "JA8/OM-035(袴腰岳)",
				"読み":"Hakamagoshidake",
				"標高":"699m 4pt ",
				"GL":"QN01dp",
				"市郡区":"G#01059C / G#01021C ",
				"登山日":"",
				"メモ":"",
				"_markerType": "Icon",
				"_iconUrl": "https://maps.gsi.go.jp/portal/sys/v4/symbols/828.png",
				"_iconSize": [
					16,
					16
				],
				"_iconAnchor": [
					8,
					8
				]
			}
		},
		{
			"type": "Feature",
			"geometry": {
				"type": "Point",
				"coordinates": [
					 141.0921,
					 41.8519
				]
			},
			"properties": {
				"name": "JA8/OM-036(丸山)",
				"読み":"Maruyama",
				"標高":"691m 4pt ",
				"GL":"QN01nu",
				"市郡区":"C#0104 ",
				"登山日":"",
				"メモ":"",
				"_markerType": "Icon",
				"_iconUrl": "https://maps.gsi.go.jp/portal/sys/v4/symbols/828.png",
				"_iconSize": [
					16,
					16
				],
				"_iconAnchor": [
					8,
					8
				]
			}
		},
		{
			"type": "Feature",
			"geometry": {
				"type": "Point",
				"coordinates": [
					 140.4705,
					 42.0877
				]
			},
			"properties": {
				"name": "JA8/OM-037(毛無山)",
				"読み":"Kenashiyama",
				"標高":"685m 4pt ",
				"GL":"QN02fc",
				"市郡区":"G#01025D ",
				"登山日":"",
				"メモ":"",
				"_markerType": "Icon",
				"_iconUrl": "https://maps.gsi.go.jp/portal/sys/v4/symbols/828.png",
				"_iconSize": [
					16,
					16
				],
				"_iconAnchor": [
					8,
					8
				]
			}
		},
		{
			"type": "Feature",
			"geometry": {
				"type": "Point",
				"coordinates": [
					 140.6029,
					 41.9528
				]
			},
			"properties": {
				"name": "JA8/OM-038(木地挽山)",
				"読み":"Kijihikiyama",
				"標高":"683m 4pt ",
				"GL":"QN01hw",
				"市郡区":"C#0136 / G#01024E ",
				"登山日":"",
				"メモ":"",
				"_markerType": "Icon",
				"_iconUrl": "https://maps.gsi.go.jp/portal/sys/v4/symbols/828.png",
				"_iconSize": [
					16,
					16
				],
				"_iconAnchor": [
					8,
					8
				]
			}
		},
		{
			"type": "Feature",
			"geometry": {
				"type": "Point",
				"coordinates": [
					 140.2521,
					 42.5538
				]
			},
			"properties": {
				"name": "JA8/OM-039(丸山)",
				"読み":"Maruyama",
				"標高":"674m 4pt ",
				"GL":"QN02dn",
				"市郡区":"G#01071A / G#01040A ",
				"登山日":"",
				"メモ":"",
				"_markerType": "Icon",
				"_iconUrl": "https://maps.gsi.go.jp/portal/sys/v4/symbols/828.png",
				"_iconSize": [
					16,
					16
				],
				"_iconAnchor": [
					8,
					8
				]
			}
		},
		{
			"type": "Feature",
			"geometry": {
				"type": "Point",
				"coordinates": [
					 140.2364,
					 41.6114
				]
			},
			"properties": {
				"name": "JA8/OM-040(馬岳)",
				"読み":"Umadake",
				"標高":"661m 4pt ",
				"GL":"QN01co",
				"市郡区":"G#01021C ",
				"登山日":"",
				"メモ":"",
				"_markerType": "Icon",
				"_iconUrl": "https://maps.gsi.go.jp/portal/sys/v4/symbols/828.png",
				"_iconSize": [
					16,
					16
				],
				"_iconAnchor": [
					8,
					8
				]
			}
		},
		{
			"type": "Feature",
			"geometry": {
				"type": "Point",
				"coordinates": [
					 140.1809,
					 41.4756
				]
			},
			"properties": {
				"name": "JA8/OM-041(松倉山)",
				"読み":"Matsukurasan",
				"標高":"661m 4pt ",
				"GL":"QN01cl",
				"市郡区":"G#01067B / G#01067A ",
				"登山日":"",
				"メモ":"",
				"_markerType": "Icon",
				"_iconUrl": "https://maps.gsi.go.jp/portal/sys/v4/symbols/828.png",
				"_iconSize": [
					16,
					16
				],
				"_iconAnchor": [
					8,
					8
				]
			}
		},
		{
			"type": "Feature",
			"geometry": {
				"type": "Point",
				"coordinates": [
					 140.1286,
					 42.0697
				]
			},
			"properties": {
				"name": "JA8/OM-042(エガミ山)",
				"読み":"Egamiyama",
				"標高":"646m 2pt ",
				"GL":"QN02bb",
				"市郡区":"G#01079A / G#01053A ",
				"登山日":"",
				"メモ":"",
				"_markerType": "Icon",
				"_iconUrl": "https://maps.gsi.go.jp/portal/sys/v4/symbols/102.png",
				"_iconSize": [
					16,
					16
				],
				"_iconAnchor": [
					8,
					8
				]
			}
		},
		{
			"type": "Feature",
			"geometry": {
				"type": "Point",
				"coordinates": [
					 140.0857,
					 41.5125
				]
			},
			"properties": {
				"name": "JA8/OM-043(柿崎山)",
				"読み":"Kakizakiyama",
				"標高":"637m 2pt ",
				"GL":"QN01bm",
				"市郡区":"G#01067B ",
				"登山日":"",
				"メモ":"",
				"_markerType": "Icon",
				"_iconUrl": "https://maps.gsi.go.jp/portal/sys/v4/symbols/102.png",
				"_iconSize": [
					16,
					16
				],
				"_iconAnchor": [
					8,
					8
				]
			}
		},
		{
			"type": "Feature",
			"geometry": {
				"type": "Point",
				"coordinates": [
					 141.0001,
					 41.8363
				]
			},
			"properties": {
				"name": "JA8/OM-044(毛無山)",
				"読み":"Kenashiyama",
				"標高":"631m 2pt ",
				"GL":"QN01mu",
				"市郡区":"C#0104 ",
				"登山日":"",
				"メモ":"",
				"_markerType": "Icon",
				"_iconUrl": "https://maps.gsi.go.jp/portal/sys/v4/symbols/102.png",
				"_iconSize": [
					16,
					16
				],
				"_iconAnchor": [
					8,
					8
				]
			}
		},
		{
			"type": "Feature",
			"geometry": {
				"type": "Point",
				"coordinates": [
					 141.166,
					 41.8047
				]
			},
			"properties": {
				"name": "JA8/OM-045(恵山)",
				"読み":"Esan",
				"標高":"618m 2pt ",
				"GL":"QN01nt",
				"市郡区":"C#0104 ",
				"登山日":"",
				"メモ":"",
				"_markerType": "Icon",
				"_iconUrl": "https://maps.gsi.go.jp/portal/sys/v4/symbols/102.png",
				"_iconSize": [
					16,
					16
				],
				"_iconAnchor": [
					8,
					8
				]
			}
		},
		{
			"type": "Feature",
			"geometry": {
				"type": "Point",
				"coordinates": [
					 140.49,
					 41.8372
				]
			},
			"properties": {
				"name": "JA8/OM-046(袴腰山)",
				"読み":"Hakamagoshiyama",
				"標高":"616m 2pt ",
				"GL":"QN01fu",
				"市郡区":"C#0136 ",
				"登山日":"",
				"メモ":"",
				"_markerType": "Icon",
				"_iconUrl": "https://maps.gsi.go.jp/portal/sys/v4/symbols/102.png",
				"_iconSize": [
					16,
					16
				],
				"_iconAnchor": [
					8,
					8
				]
			}
		},
		{
			"type": "Feature",
			"geometry": {
				"type": "Point",
				"coordinates": [
					 140.0715,
					 41.4941
				]
			},
			"properties": {
				"name": "JA8/OM-047(早久長根(三角点))",
				"読み":"Hayakunagane",
				"標高":"616m 2pt ",
				"GL":"QN01al",
				"市郡区":"G#01067B ",
				"登山日":"",
				"メモ":"",
				"_markerType": "Icon",
				"_iconUrl": "https://maps.gsi.go.jp/portal/sys/v4/symbols/102.png",
				"_iconSize": [
					16,
					16
				],
				"_iconAnchor": [
					8,
					8
				]
			}
		},
		{
			"type": "Feature",
			"geometry": {
				"type": "Point",
				"coordinates": [
					 139.9339,
					 42.1832
				]
			},
			"properties": {
				"name": "JA8/OM-048(点613)",
				"読み":"P613",
				"標高":"613m 2pt ",
				"GL":"PN92xe",
				"市郡区":"G#01028B / G#01079A ",
				"登山日":"",
				"メモ":"",
				"_markerType": "Icon",
				"_iconUrl": "https://maps.gsi.go.jp/portal/sys/v4/symbols/102.png",
				"_iconSize": [
					16,
					16
				],
				"_iconAnchor": [
					8,
					8
				]
			}
		},
		{
			"type": "Feature",
			"geometry": {
				"type": "Point",
				"coordinates": [
					 140.3816,
					 42.0707
				]
			},
			"properties": {
				"name": "JA8/OM-049(点613)",
				"読み":"P613",
				"標高":"613m 2pt ",
				"GL":"QN02eb",
				"市郡区":"G#01079A ",
				"登山日":"",
				"メモ":"",
				"_markerType": "Icon",
				"_iconUrl": "https://maps.gsi.go.jp/portal/sys/v4/symbols/102.png",
				"_iconSize": [
					16,
					16
				],
				"_iconAnchor": [
					8,
					8
				]
			}
		},
		{
			"type": "Feature",
			"geometry": {
				"type": "Point",
				"coordinates": [
					 140.4857,
					 41.8822
				]
			},
			"properties": {
				"name": "JA8/OM-050(点612)",
				"読み":"P612",
				"標高":"612m 2pt ",
				"GL":"QN01fv",
				"市郡区":"C#0136 ",
				"登山日":"",
				"メモ":"",
				"_markerType": "Icon",
				"_iconUrl": "https://maps.gsi.go.jp/portal/sys/v4/symbols/102.png",
				"_iconSize": [
					16,
					16
				],
				"_iconAnchor": [
					8,
					8
				]
			}
		},
		{
			"type": "Feature",
			"geometry": {
				"type": "Point",
				"coordinates": [
					 141.0055,
					 41.8128
				]
			},
			"properties": {
				"name": "JA8/OM-051(三枚岳)",
				"読み":"Sanmaidake",
				"標高":"586m 2pt ",
				"GL":"QN01mt",
				"市郡区":"C#0104 ",
				"登山日":"",
				"メモ":"",
				"_markerType": "Icon",
				"_iconUrl": "https://maps.gsi.go.jp/portal/sys/v4/symbols/102.png",
				"_iconSize": [
					16,
					16
				],
				"_iconAnchor": [
					8,
					8
				]
			}
		},
		{
			"type": "Feature",
			"geometry": {
				"type": "Point",
				"coordinates": [
					 140.5549,
					 41.8573
				]
			},
			"properties": {
				"name": "JA8/OM-052(我呂(三角点))",
				"読み":"Garo",
				"標高":"571m 2pt ",
				"GL":"QN01gu",
				"市郡区":"C#0136 ",
				"登山日":"",
				"メモ":"",
				"_markerType": "Icon",
				"_iconUrl": "https://maps.gsi.go.jp/portal/sys/v4/symbols/102.png",
				"_iconSize": [
					16,
					16
				],
				"_iconAnchor": [
					8,
					8
				]
			}
		},
		{
			"type": "Feature",
			"geometry": {
				"type": "Point",
				"coordinates": [
					 140.2882,
					 42.5547
				]
			},
			"properties": {
				"name": "JA8/OM-053(二股山)",
				"読み":"Futamatayama",
				"標高":"569m 2pt ",
				"GL":"QN02dn",
				"市郡区":"G#01071A ",
				"登山日":"",
				"メモ":"",
				"_markerType": "Icon",
				"_iconUrl": "https://maps.gsi.go.jp/portal/sys/v4/symbols/102.png",
				"_iconSize": [
					16,
					16
				],
				"_iconAnchor": [
					8,
					8
				]
			}
		},
		{
			"type": "Feature",
			"geometry": {
				"type": "Point",
				"coordinates": [
					 141.1337,
					 41.814
				]
			},
			"properties": {
				"name": "JA8/OM-054(海向山)",
				"読み":"Kaikozan",
				"標高":"569m 2pt ",
				"GL":"QN01nt",
				"市郡区":"C#0104 ",
				"登山日":"",
				"メモ":"",
				"_markerType": "Icon",
				"_iconUrl": "https://maps.gsi.go.jp/portal/sys/v4/symbols/102.png",
				"_iconSize": [
					16,
					16
				],
				"_iconAnchor": [
					8,
					8
				]
			}
		},
		{
			"type": "Feature",
			"geometry": {
				"type": "Point",
				"coordinates": [
					 140.0504,
					 42.2761
				]
			},
			"properties": {
				"name": "JA8/OM-055(世代別(三角点))",
				"読み":"Setaibetsu",
				"標高":"563m 2pt ",
				"GL":"QN02ag",
				"市郡区":"G#01079A / G#01040A ",
				"登山日":"",
				"メモ":"",
				"_markerType": "Icon",
				"_iconUrl": "https://maps.gsi.go.jp/portal/sys/v4/symbols/102.png",
				"_iconSize": [
					16,
					16
				],
				"_iconAnchor": [
					8,
					8
				]
			}
		},
		{
			"type": "Feature",
			"geometry": {
				"type": "Point",
				"coordinates": [
					 140.2444,
					 41.5972
				]
			},
			"properties": {
				"name": "JA8/OM-056(丸岳)",
				"読み":"Marudake",
				"標高":"531m 2pt ",
				"GL":"QN01co",
				"市郡区":"G#01021C ",
				"登山日":"",
				"メモ":"",
				"_markerType": "Icon",
				"_iconUrl": "https://maps.gsi.go.jp/portal/sys/v4/symbols/102.png",
				"_iconSize": [
					16,
					16
				],
				"_iconAnchor": [
					8,
					8
				]
			}
		},
		{
			"type": "Feature",
			"geometry": {
				"type": "Point",
				"coordinates": [
					 140.2707,
					 41.5128
				]
			},
			"properties": {
				"name": "JA8/OM-057(池ノ岱山)",
				"読み":"Ikenotaizan",
				"標高":"526m 2pt ",
				"GL":"QN01dm",
				"市郡区":"G#01067A ",
				"登山日":"",
				"メモ":"",
				"_markerType": "Icon",
				"_iconUrl": "https://maps.gsi.go.jp/portal/sys/v4/symbols/102.png",
				"_iconSize": [
					16,
					16
				],
				"_iconAnchor": [
					8,
					8
				]
			}
		},
		{
			"type": "Feature",
			"geometry": {
				"type": "Point",
				"coordinates": [
					 140.3857,
					 42.5907
				]
			},
			"properties": {
				"name": "JA8/OM-058(写万部山)",
				"読み":"Shamanbeyama",
				"標高":"499m 1pt ",
				"GL":"QN02eo",
				"市郡区":"G#01071A / G#01039A ",
				"登山日":"",
				"メモ":"",
				"_markerType": "Icon",
				"_iconUrl": "https://maps.gsi.go.jp/portal/sys/v4/symbols/826.png",
				"_iconSize": [
					16,
					16
				],
				"_iconAnchor": [
					8,
					8
				]
			}
		},
		{
			"type": "Feature",
			"geometry": {
				"type": "Point",
				"coordinates": [
					 140.4776,
					 41.8154
				]
			},
			"properties": {
				"name": "JA8/OM-059(不二山)",
				"読み":"Fujiyama",
				"標高":"497m 1pt ",
				"GL":"QN01ft",
				"市郡区":"C#0136 ",
				"登山日":"",
				"メモ":"",
				"_markerType": "Icon",
				"_iconUrl": "https://maps.gsi.go.jp/portal/sys/v4/symbols/826.png",
				"_iconSize": [
					16,
					16
				],
				"_iconAnchor": [
					8,
					8
				]
			}
		},
		{
			"type": "Feature",
			"geometry": {
				"type": "Point",
				"coordinates": [
					 140.5501,
					 41.7454
				]
			},
			"properties": {
				"name": "JA8/OM-060(丸山)",
				"読み":"Maruyama",
				"標高":"482m 1pt ",
				"GL":"QN01gr",
				"市郡区":"C#0136 / G#01021B ",
				"登山日":"",
				"メモ":"",
				"_markerType": "Icon",
				"_iconUrl": "https://maps.gsi.go.jp/portal/sys/v4/symbols/826.png",
				"_iconSize": [
					16,
					16
				],
				"_iconAnchor": [
					8,
					8
				]
			}
		},
		{
			"type": "Feature",
			"geometry": {
				"type": "Point",
				"coordinates": [
					 140.2989,
					 42.186
				]
			},
			"properties": {
				"name": "JA8/OM-061(酒谷山)",
				"読み":"Saketaniyama",
				"標高":"446m 1pt ",
				"GL":"QN02de",
				"市郡区":"G#01079A ",
				"登山日":"",
				"メモ":"",
				"_markerType": "Icon",
				"_iconUrl": "https://maps.gsi.go.jp/portal/sys/v4/symbols/826.png",
				"_iconSize": [
					16,
					16
				],
				"_iconAnchor": [
					8,
					8
				]
			}
		},
		{
			"type": "Feature",
			"geometry": {
				"type": "Point",
				"coordinates": [
					 140.9675,
					 41.7634
				]
			},
			"properties": {
				"name": "JA8/OM-062(気無山)",
				"読み":"Kenashizan",
				"標高":"415m 1pt ",
				"GL":"QN01ls",
				"市郡区":"C#0104 ",
				"登山日":"",
				"メモ":"",
				"_markerType": "Icon",
				"_iconUrl": "https://maps.gsi.go.jp/portal/sys/v4/symbols/826.png",
				"_iconSize": [
					16,
					16
				],
				"_iconAnchor": [
					8,
					8
				]
			}
		},
		{
			"type": "Feature",
			"geometry": {
				"type": "Point",
				"coordinates": [
					 140.4009,
					 42.1525
				]
			},
			"properties": {
				"name": "JA8/OM-063(落部(三角点))",
				"読み":"Otoshibe",
				"標高":"405m 1pt ",
				"GL":"QN02ed",
				"市郡区":"G#01079A ",
				"登山日":"",
				"メモ":"",
				"_markerType": "Icon",
				"_iconUrl": "https://maps.gsi.go.jp/portal/sys/v4/symbols/826.png",
				"_iconSize": [
					16,
					16
				],
				"_iconAnchor": [
					8,
					8
				]
			}
		},
		{
			"type": "Feature",
			"geometry": {
				"type": "Point",
				"coordinates": [
					 140.0357,
					 41.5484
				]
			},
			"properties": {
				"name": "JA8/OM-064(御三流(御三岳))",
				"読み":"Osannagare",
				"標高":"404m 1pt ",
				"GL":"QN01an",
				"市郡区":"G#01067B ",
				"登山日":"",
				"メモ":"",
				"_markerType": "Icon",
				"_iconUrl": "https://maps.gsi.go.jp/portal/sys/v4/symbols/826.png",
				"_iconSize": [
					16,
					16
				],
				"_iconAnchor": [
					8,
					8
				]
			}
		},
		{
			"type": "Feature",
			"geometry": {
				"type": "Point",
				"coordinates": [
					 140.2863,
					 42.4836
				]
			},
			"properties": {
				"name": "JA8/OM-065(中ノ沢(三角点))",
				"読み":"Nakanosawa",
				"標高":"353m 1pt ",
				"GL":"QN02dl",
				"市郡区":"G#01071A ",
				"登山日":"",
				"メモ":"",
				"_markerType": "Icon",
				"_iconUrl": "https://maps.gsi.go.jp/portal/sys/v4/symbols/826.png",
				"_iconSize": [
					16,
					16
				],
				"_iconAnchor": [
					8,
					8
				]
			}
		},
		{
			"type": "Feature",
			"geometry": {
				"type": "Point",
				"coordinates": [
					 140.7043,
					 41.7591
				]
			},
			"properties": {
				"name": "JA8/OM-066(函館山)",
				"読み":"Hakodateyama",
				"標高":"334m 1pt ",
				"GL":"QN01is",
				"市郡区":"C#0104 ",
				"登山日":"",
				"メモ":"",
				"_markerType": "Icon",
				"_iconUrl": "https://maps.gsi.go.jp/portal/sys/v4/symbols/826.png",
				"_iconSize": [
					16,
					16
				],
				"_iconAnchor": [
					8,
					8
				]
			}
		},
		{
			"type": "Feature",
			"geometry": {
				"type": "Point",
				"coordinates": [
					 140.58,
					 41.7983
				]
			},
			"properties": {
				"name": "JA8/OM-067(鏡山)",
				"読み":"Kagamiyama",
				"標高":"330m 1pt ",
				"GL":"QN01gt",
				"市郡区":"C#0136 ",
				"登山日":"",
				"メモ":"",
				"_markerType": "Icon",
				"_iconUrl": "https://maps.gsi.go.jp/portal/sys/v4/symbols/826.png",
				"_iconSize": [
					16,
					16
				],
				"_iconAnchor": [
					8,
					8
				]
			}
		},
		{
			"type": "Feature",
			"geometry": {
				"type": "Point",
				"coordinates": [
					 140.8869,
					 41.7826
				]
			},
			"properties": {
				"name": "JA8/OM-068(清水山)",
				"読み":"Shimizuyama",
				"標高":"321m 1pt ",
				"GL":"QN01ks",
				"市郡区":"C#0104 ",
				"登山日":"",
				"メモ":"",
				"_markerType": "Icon",
				"_iconUrl": "https://maps.gsi.go.jp/portal/sys/v4/symbols/826.png",
				"_iconSize": [
					16,
					16
				],
				"_iconAnchor": [
					8,
					8
				]
			}
		},
		{
			"type": "Feature",
			"geometry": {
				"type": "Point",
				"coordinates": [
					 140.2403,
					 42.0867
				]
			},
			"properties": {
				"name": "JA8/OM-070(紋内岳)",
				"読み":"Monnaidake",
				"標高":"902m 6pt ",
				"GL":"QN02cc",
				"市郡区":"G#01079A ",
				"登山日":"",
				"メモ":"",
				"_markerType": "Icon",
				"_iconUrl": "https://maps.gsi.go.jp/portal/sys/v4/symbols/103.png",
				"_iconSize": [
					16,
					16
				],
				"_iconAnchor": [
					8,
					8
				]
			}
		},
		{
			"type": "Feature",
			"geometry": {
				"type": "Point",
				"coordinates": [
					 140.5452,
					 41.9766
				]
			},
			"properties": {
				"name": "JA8/OM-071(二股岳)",
				"読み":"Futamatadake",
				"標高":"826m 4pt ",
				"GL":"QN01gx",
				"市郡区":"C#0136 / G#01025D ",
				"登山日":"",
				"メモ":"",
				"_markerType": "Icon",
				"_iconUrl": "https://maps.gsi.go.jp/portal/sys/v4/symbols/828.png",
				"_iconSize": [
					16,
					16
				],
				"_iconAnchor": [
					8,
					8
				]
			}
		},
		{
			"type": "Feature",
			"geometry": {
				"type": "Point",
				"coordinates": [
					 140.2661,
					 42.0679
				]
			},
			"properties": {
				"name": "JA8/OM-072(点733)",
				"読み":"P733",
				"標高":"733m 4pt ",
				"GL":"QN02db",
				"市郡区":"G#01079A ",
				"登山日":"",
				"メモ":"",
				"_markerType": "Icon",
				"_iconUrl": "https://maps.gsi.go.jp/portal/sys/v4/symbols/828.png",
				"_iconSize": [
					16,
					16
				],
				"_iconAnchor": [
					8,
					8
				]
			}
		},
		{
			"type": "Feature",
			"geometry": {
				"type": "Point",
				"coordinates": [
					 140.2294,
					 41.6337
				]
			},
			"properties": {
				"name": "JA8/OM-073(親岳近傍)",
				"読み":"NearOyadake",
				"標高":"701m 4pt ",
				"GL":"QN01cp",
				"市郡区":"G#01059C / G#01021C ",
				"登山日":"",
				"メモ":"",
				"_markerType": "Icon",
				"_iconUrl": "https://maps.gsi.go.jp/portal/sys/v4/symbols/828.png",
				"_iconSize": [
					16,
					16
				],
				"_iconAnchor": [
					8,
					8
				]
			}
		},
		{
			"type": "Feature",
			"geometry": {
				"type": "Point",
				"coordinates": [
					 139.9846,
					 42.1548
				]
			},
			"properties": {
				"name": "JA8/OM-074(ヤンカ山)",
				"読み":"Yankayama",
				"標高":"619m 2pt ",
				"GL":"PN92xd",
				"市郡区":"G#01079A ",
				"登山日":"",
				"メモ":"",
				"_markerType": "Icon",
				"_iconUrl": "https://maps.gsi.go.jp/portal/sys/v4/symbols/102.png",
				"_iconSize": [
					16,
					16
				],
				"_iconAnchor": [
					8,
					8
				]
			}
		},
		{
			"type": "Feature",
			"geometry": {
				"type": "Point",
				"coordinates": [
					 140.0636,
					 42.1539
				]
			},
			"properties": {
				"name": "JA8/OM-075(二股川(三角点))",
				"読み":"Futamatagawa",
				"標高":"589m 2pt ",
				"GL":"QN02ad",
				"市郡区":"G#01079A ",
				"登山日":"",
				"メモ":"",
				"_markerType": "Icon",
				"_iconUrl": "https://maps.gsi.go.jp/portal/sys/v4/symbols/102.png",
				"_iconSize": [
					16,
					16
				],
				"_iconAnchor": [
					8,
					8
				]
			}
		},
		{
			"type": "Feature",
			"geometry": {
				"type": "Point",
				"coordinates": [
					 140.2255,
					 42.4236
				]
			},
			"properties": {
				"name": "JA8/OM-076(坊主山)",
				"読み":"Bouzuyama",
				"標高":"544m 2pt ",
				"GL":"QN02ck",
				"市郡区":"G#01071A / G#01040A ",
				"登山日":"",
				"メモ":"",
				"_markerType": "Icon",
				"_iconUrl": "https://maps.gsi.go.jp/portal/sys/v4/symbols/102.png",
				"_iconSize": [
					16,
					16
				],
				"_iconAnchor": [
					8,
					8
				]
			}
		},
		{
			"type": "Feature",
			"geometry": {
				"type": "Point",
				"coordinates": [
					 140.2063,
					 41.4172
				]
			},
			"properties": {
				"name": "JA8/OM-077(白神岳)",
				"読み":"Shirakamidake",
				"標高":"353m 1pt ",
				"GL":"QN01ck",
				"市郡区":"G#01067A / G#01067B ",
				"登山日":"",
				"メモ":"",
				"_markerType": "Icon",
				"_iconUrl": "https://maps.gsi.go.jp/portal/sys/v4/symbols/826.png",
				"_iconSize": [
					16,
					16
				],
				"_iconAnchor": [
					8,
					8
				]
			}
		},
		{
			"type": "Feature",
			"geometry": {
				"type": "Point",
				"coordinates": [
					 139.8011,
					 41.3601
				]
			},
			"properties": {
				"name": "JA8/OM-078(松前小島)",
				"読み":"Matsumaekojima",
				"標高":"293m 1pt ",
				"GL":"PN91vi",
				"市郡区":"G#01067B ",
				"登山日":"",
				"メモ":"",
				"_markerType": "Icon",
				"_iconUrl": "https://maps.gsi.go.jp/portal/sys/v4/symbols/826.png",
				"_iconSize": [
					16,
					16
				],
				"_iconAnchor": [
					8,
					8
				]
			}
		},
		{
			"type": "Feature",
			"geometry": {
				"type": "Point",
				"coordinates": [
					 141.5229,
					 43.7159
				]
			},
			"properties": {
				"name": "JA8/RM-001(暑寒別岳)",
				"読み":"Shokanbetsudake",
				"標高":"1492m 8pt ",
				"GL":"QN03sr",
				"市郡区":"G#01066A / G#01014E ",
				"登山日":"",
				"メモ":"",
				"_markerType": "Icon",
				"_iconUrl": "https://maps.gsi.go.jp/portal/sys/v4/symbols/104.png",
				"_iconSize": [
					16,
					16
				],
				"_iconAnchor": [
					8,
					8
				]
			}
		},
		{
			"type": "Feature",
			"geometry": {
				"type": "Point",
				"coordinates": [
					 141.4389,
					 43.7039
				]
			},
			"properties": {
				"name": "JA8/RM-002(浜益岳)",
				"読み":"Hamamasudake",
				"標高":"1258m 8pt ",
				"GL":"QN03rq",
				"市郡区":"C#0135 / G#01066A ",
				"登山日":"",
				"メモ":"",
				"_markerType": "Icon",
				"_iconUrl": "https://maps.gsi.go.jp/portal/sys/v4/symbols/104.png",
				"_iconSize": [
					16,
					16
				],
				"_iconAnchor": [
					8,
					8
				]
			}
		},
		{
			"type": "Feature",
			"geometry": {
				"type": "Point",
				"coordinates": [
					 141.4061,
					 43.7374
				]
			},
			"properties": {
				"name": "JA8/RM-003(雄冬山)",
				"読み":"Ofuyuyama",
				"標高":"1198m 8pt ",
				"GL":"QN03qr",
				"市郡区":"C#0135 / G#01066A ",
				"登山日":"",
				"メモ":"",
				"_markerType": "Icon",
				"_iconUrl": "https://maps.gsi.go.jp/portal/sys/v4/symbols/104.png",
				"_iconSize": [
					16,
					16
				],
				"_iconAnchor": [
					8,
					8
				]
			}
		},
		{
			"type": "Feature",
			"geometry": {
				"type": "Point",
				"coordinates": [
					 142.0321,
					 44.3556
				]
			},
			"properties": {
				"name": "JA8/RM-004(ピッシリ山)",
				"読み":"Pisshirizan",
				"標高":"1032m 6pt ",
				"GL":"QN14ai",
				"市郡区":"G#01049C / G#01081A / G#01045A",
				"登山日":"",
				"メモ":"",
				"_markerType": "Icon",
				"_iconUrl": "https://maps.gsi.go.jp/portal/sys/v4/symbols/103.png",
				"_iconSize": [
					16,
					16
				],
				"_iconAnchor": [
					8,
					8
				]
			}
		},
		{
			"type": "Feature",
			"geometry": {
				"type": "Point",
				"coordinates": [
					 141.4159,
					 43.7764
				]
			},
			"properties": {
				"name": "JA8/RM-005(天狗岳)",
				"読み":"Tengudake",
				"標高":"973m 6pt ",
				"GL":"QN03qs",
				"市郡区":"G#01066A ",
				"登山日":"",
				"メモ":"",
				"_markerType": "Icon",
				"_iconUrl": "https://maps.gsi.go.jp/portal/sys/v4/symbols/103.png",
				"_iconSize": [
					16,
					16
				],
				"_iconAnchor": [
					8,
					8
				]
			}
		},
		{
			"type": "Feature",
			"geometry": {
				"type": "Point",
				"coordinates": [
					 142.112,
					 44.48
				]
			},
			"properties": {
				"name": "JA8/RM-006(阿部志内(三角点))",
				"読み":"Abeshinai",
				"標高":"896m 6pt ",
				"GL":"QN14bl",
				"市郡区":"G#01050B / G#01045A ",
				"登山日":"",
				"メモ":"",
				"_markerType": "Icon",
				"_iconUrl": "https://maps.gsi.go.jp/portal/sys/v4/symbols/103.png",
				"_iconSize": [
					16,
					16
				],
				"_iconAnchor": [
					8,
					8
				]
			}
		},
		{
			"type": "Feature",
			"geometry": {
				"type": "Point",
				"coordinates": [
					 142.0524,
					 44.1023
				]
			},
			"properties": {
				"name": "JA8/RM-007(小平蘂山)",
				"読み":"Obirashibeyama",
				"標高":"878m 6pt ",
				"GL":"QN14ac",
				"市郡区":"G#01077A / G#01081A ",
				"登山日":"",
				"メモ":"",
				"_markerType": "Icon",
				"_iconUrl": "https://maps.gsi.go.jp/portal/sys/v4/symbols/103.png",
				"_iconSize": [
					16,
					16
				],
				"_iconAnchor": [
					8,
					8
				]
			}
		},
		{
			"type": "Feature",
			"geometry": {
				"type": "Point",
				"coordinates": [
					 142.0794,
					 44.4301
				]
			},
			"properties": {
				"name": "JA8/RM-008(シートートムシメヌ山)",
				"読み":"Shitotomushimenuyama",
				"標高":"799m 4pt ",
				"GL":"QN14ak",
				"市郡区":"G#01081A / G#01045A ",
				"登山日":"",
				"メモ":"",
				"_markerType": "Icon",
				"_iconUrl": "https://maps.gsi.go.jp/portal/sys/v4/symbols/828.png",
				"_iconSize": [
					16,
					16
				],
				"_iconAnchor": [
					8,
					8
				]
			}
		},
		{
			"type": "Feature",
			"geometry": {
				"type": "Point",
				"coordinates": [
					 141.8362,
					 43.9626
				]
			},
			"properties": {
				"name": "JA8/RM-009(ポロシリ山)",
				"読み":"Poroshiriyama",
				"標高":"730m 4pt ",
				"GL":"QN03wx",
				"市郡区":"C#0112 / G#01077A ",
				"登山日":"",
				"メモ":"",
				"_markerType": "Icon",
				"_iconUrl": "https://maps.gsi.go.jp/portal/sys/v4/symbols/828.png",
				"_iconSize": [
					16,
					16
				],
				"_iconAnchor": [
					8,
					8
				]
			}
		},
		{
			"type": "Feature",
			"geometry": {
				"type": "Point",
				"coordinates": [
					 142.0276,
					 44.2646
				]
			},
			"properties": {
				"name": "JA8/RM-010(羽幌岳)",
				"読み":"Haborogadake",
				"標高":"649m 2pt ",
				"GL":"QN14ag",
				"市郡区":"G#01049C ",
				"登山日":"",
				"メモ":"",
				"_markerType": "Icon",
				"_iconUrl": "https://maps.gsi.go.jp/portal/sys/v4/symbols/102.png",
				"_iconSize": [
					16,
					16
				],
				"_iconAnchor": [
					8,
					8
				]
			}
		},
		{
			"type": "Feature",
			"geometry": {
				"type": "Point",
				"coordinates": [
					 141.8299,
					 43.986
				]
			},
			"properties": {
				"name": "JA8/RM-011(沖内山)",
				"読み":"Okiuchiyama",
				"標高":"583m 2pt ",
				"GL":"QN03vx",
				"市郡区":"G#01077A ",
				"登山日":"",
				"メモ":"",
				"_markerType": "Icon",
				"_iconUrl": "https://maps.gsi.go.jp/portal/sys/v4/symbols/102.png",
				"_iconSize": [
					16,
					16
				],
				"_iconAnchor": [
					8,
					8
				]
			}
		},
		{
			"type": "Feature",
			"geometry": {
				"type": "Point",
				"coordinates": [
					 141.9205,
					 44.1442
				]
			},
			"properties": {
				"name": "JA8/RM-013(点575)",
				"読み":"P575",
				"標高":"575m 2pt ",
				"GL":"QN04xd",
				"市郡区":"G#01049B ",
				"登山日":"",
				"メモ":"",
				"_markerType": "Icon",
				"_iconUrl": "https://maps.gsi.go.jp/portal/sys/v4/symbols/102.png",
				"_iconSize": [
					16,
					16
				],
				"_iconAnchor": [
					8,
					8
				]
			}
		},
		{
			"type": "Feature",
			"geometry": {
				"type": "Point",
				"coordinates": [
					 141.9141,
					 44.1193
				]
			},
			"properties": {
				"name": "JA8/RM-014(大天狗岳)",
				"読み":"Daitengudake",
				"標高":"567m 2pt ",
				"GL":"QN04wc",
				"市郡区":"G#01049B / G#01077A ",
				"登山日":"",
				"メモ":"",
				"_markerType": "Icon",
				"_iconUrl": "https://maps.gsi.go.jp/portal/sys/v4/symbols/102.png",
				"_iconSize": [
					16,
					16
				],
				"_iconAnchor": [
					8,
					8
				]
			}
		},
		{
			"type": "Feature",
			"geometry": {
				"type": "Point",
				"coordinates": [
					 141.9913,
					 44.5431
				]
			},
			"properties": {
				"name": "JA8/RM-015(三ツ山)",
				"読み":"Mitsuyama",
				"標高":"550m 2pt ",
				"GL":"QN04xn",
				"市郡区":"G#01045A ",
				"登山日":"",
				"メモ":"",
				"_markerType": "Icon",
				"_iconUrl": "https://maps.gsi.go.jp/portal/sys/v4/symbols/102.png",
				"_iconSize": [
					16,
					16
				],
				"_iconAnchor": [
					8,
					8
				]
			}
		},
		{
			"type": "Feature",
			"geometry": {
				"type": "Point",
				"coordinates": [
					 141.8239,
					 44.1008
				]
			},
			"properties": {
				"name": "JA8/RM-016(知布志内山)",
				"読み":"Chinunokokorozashiuchiyama",
				"標高":"487m 1pt ",
				"GL":"QN04vc",
				"市郡区":"G#01049B / G#01077A ",
				"登山日":"",
				"メモ":"",
				"_markerType": "Icon",
				"_iconUrl": "https://maps.gsi.go.jp/portal/sys/v4/symbols/826.png",
				"_iconSize": [
					16,
					16
				],
				"_iconAnchor": [
					8,
					8
				]
			}
		},
		{
			"type": "Feature",
			"geometry": {
				"type": "Point",
				"coordinates": [
					 141.9735,
					 44.3117
				]
			},
			"properties": {
				"name": "JA8/RM-017(幌別山)",
				"読み":"Horobetsuyama",
				"標高":"470m 1pt ",
				"GL":"QN04xh",
				"市郡区":"G#01049C ",
				"登山日":"",
				"メモ":"",
				"_markerType": "Icon",
				"_iconUrl": "https://maps.gsi.go.jp/portal/sys/v4/symbols/826.png",
				"_iconSize": [
					16,
					16
				],
				"_iconAnchor": [
					8,
					8
				]
			}
		},
		{
			"type": "Feature",
			"geometry": {
				"type": "Point",
				"coordinates": [
					 141.9907,
					 44.7853
				]
			},
			"properties": {
				"name": "JA8/RM-018(国寧布山(三角点))",
				"読み":"Kunineinunoyama",
				"標高":"404m 1pt ",
				"GL":"QN04xs",
				"市郡区":"G#01045B / G#01050B ",
				"登山日":"",
				"メモ":"",
				"_markerType": "Icon",
				"_iconUrl": "https://maps.gsi.go.jp/portal/sys/v4/symbols/826.png",
				"_iconSize": [
					16,
					16
				],
				"_iconAnchor": [
					8,
					8
				]
			}
		},
		{
			"type": "Feature",
			"geometry": {
				"type": "Point",
				"coordinates": [
					 141.9019,
					 44.0737
				]
			},
			"properties": {
				"name": "JA8/RM-019(天狗山)",
				"読み":"Tenguyama",
				"標高":"376m 1pt ",
				"GL":"QN04wb",
				"市郡区":"G#01077A ",
				"登山日":"",
				"メモ":"",
				"_markerType": "Icon",
				"_iconUrl": "https://maps.gsi.go.jp/portal/sys/v4/symbols/826.png",
				"_iconSize": [
					16,
					16
				],
				"_iconAnchor": [
					8,
					8
				]
			}
		},
		{
			"type": "Feature",
			"geometry": {
				"type": "Point",
				"coordinates": [
					 141.7007,
					 43.8654
				]
			},
			"properties": {
				"name": "JA8/RM-020(点351(番小屋(三角点)近傍))",
				"読み":"P351",
				"標高":"351m 1pt ",
				"GL":"QN03uu",
				"市郡区":"C#0112 ",
				"登山日":"",
				"メモ":"",
				"_markerType": "Icon",
				"_iconUrl": "https://maps.gsi.go.jp/portal/sys/v4/symbols/826.png",
				"_iconSize": [
					16,
					16
				],
				"_iconAnchor": [
					8,
					8
				]
			}
		},
		{
			"type": "Feature",
			"geometry": {
				"type": "Point",
				"coordinates": [
					 141.7947,
					 43.8304
				]
			},
			"properties": {
				"name": "JA8/RM-021(幌糠(三角点))",
				"読み":"Horonuka",
				"標高":"321m 1pt ",
				"GL":"QN03vt",
				"市郡区":"C#0112 / G#01014E ",
				"登山日":"",
				"メモ":"",
				"_markerType": "Icon",
				"_iconUrl": "https://maps.gsi.go.jp/portal/sys/v4/symbols/826.png",
				"_iconSize": [
					16,
					16
				],
				"_iconAnchor": [
					8,
					8
				]
			}
		},
		{
			"type": "Feature",
			"geometry": {
				"type": "Point",
				"coordinates": [
					 141.7369,
					 43.9349
				]
			},
			"properties": {
				"name": "JA8/RM-022(菊岡山)",
				"読み":"Kikuokayama",
				"標高":"270m 1pt ",
				"GL":"QN03uw",
				"市郡区":"G#01077A / C#0112 ",
				"登山日":"",
				"メモ":"",
				"_markerType": "Icon",
				"_iconUrl": "https://maps.gsi.go.jp/portal/sys/v4/symbols/826.png",
				"_iconSize": [
					16,
					16
				],
				"_iconAnchor": [
					8,
					8
				]
			}
		},
		{
			"type": "Feature",
			"geometry": {
				"type": "Point",
				"coordinates": [
					 141.2968,
					 44.4198
				]
			},
			"properties": {
				"name": "JA8/RM-023(天売島(三角点))",
				"読み":"Teuritou",
				"標高":"185m 1pt ",
				"GL":"QN04pk",
				"市郡区":"G#01049C ",
				"登山日":"",
				"メモ":"",
				"_markerType": "Icon",
				"_iconUrl": "https://maps.gsi.go.jp/portal/sys/v4/symbols/826.png",
				"_iconSize": [
					16,
					16
				],
				"_iconAnchor": [
					8,
					8
				]
			}
		},
		{
			"type": "Feature",
			"geometry": {
				"type": "Point",
				"coordinates": [
					 141.9937,
					 44.451
				]
			},
			"properties": {
				"name": "JA8/RM-024(点582)",
				"読み":"P582",
				"標高":"582m 2pt ",
				"GL":"QN04xk",
				"市郡区":"G#01045A ",
				"登山日":"",
				"メモ":"",
				"_markerType": "Icon",
				"_iconUrl": "https://maps.gsi.go.jp/portal/sys/v4/symbols/102.png",
				"_iconSize": [
					16,
					16
				],
				"_iconAnchor": [
					8,
					8
				]
			}
		},
		{
			"type": "Feature",
			"geometry": {
				"type": "Point",
				"coordinates": [
					 140.8115,
					 42.8266
				]
			},
			"properties": {
				"name": "JA8/SB-001(羊蹄山(蝦夷富士))",
				"読み":"Youteizan/Ezofuji",
				"標高":"1898m 10pt ",
				"GL":"QN02jt",
				"市郡区":"G#01006A / G#01006E ",
				"登山日":"",
				"メモ":"",
				"_markerType": "Icon",
				"_iconUrl": "https://maps.gsi.go.jp/portal/sys/v4/symbols/101.png",
				"_iconSize": [
					16,
					16
				],
				"_iconAnchor": [
					8,
					8
				]
			}
		},
		{
			"type": "Feature",
			"geometry": {
				"type": "Point",
				"coordinates": [
					 139.9406,
					 42.6134
				]
			},
			"properties": {
				"name": "JA8/SB-002(狩場山)",
				"読み":"Karibayama",
				"標高":"1520m 10pt ",
				"GL":"PN92xo",
				"市郡区":"G#01034A / G#01028B ",
				"登山日":"",
				"メモ":"",
				"_markerType": "Icon",
				"_iconUrl": "https://maps.gsi.go.jp/portal/sys/v4/symbols/101.png",
				"_iconSize": [
					16,
					16
				],
				"_iconAnchor": [
					8,
					8
				]
			}
		},
		{
			"type": "Feature",
			"geometry": {
				"type": "Point",
				"coordinates": [
					 141.0198,
					 43.0327
				]
			},
			"properties": {
				"name": "JA8/SB-003(余市岳)",
				"読み":"Yoichidake",
				"標高":"1488m 8pt ",
				"GL":"QN03ma",
				"市郡区":"G#01075A / C#010106 ",
				"登山日":"",
				"メモ":"",
				"_markerType": "Icon",
				"_iconUrl": "https://maps.gsi.go.jp/portal/sys/v4/symbols/104.png",
				"_iconSize": [
					16,
					16
				],
				"_iconAnchor": [
					8,
					8
				]
			}
		},
		{
			"type": "Feature",
			"geometry": {
				"type": "Point",
				"coordinates": [
					 141.0407,
					 42.9308
				]
			},
			"properties": {
				"name": "JA8/SB-004(無意根山)",
				"読み":"Muineyama",
				"標高":"1464m 8pt ",
				"GL":"QN02mw",
				"市郡区":"G#01006A / C#010106 ",
				"登山日":"",
				"メモ":"",
				"_markerType": "Icon",
				"_iconUrl": "https://maps.gsi.go.jp/portal/sys/v4/symbols/104.png",
				"_iconSize": [
					16,
					16
				],
				"_iconAnchor": [
					8,
					8
				]
			}
		},
		{
			"type": "Feature",
			"geometry": {
				"type": "Point",
				"coordinates": [
					 140.6588,
					 42.875
				]
			},
			"properties": {
				"name": "JA8/SB-005(ニセコアンヌプリ)",
				"読み":"Nisekoannupuri",
				"標高":"1308m 8pt ",
				"GL":"QN02hv",
				"市郡区":"G#01006B / G#01006F ",
				"登山日":"",
				"メモ":"",
				"_markerType": "Icon",
				"_iconUrl": "https://maps.gsi.go.jp/portal/sys/v4/symbols/104.png",
				"_iconSize": [
					16,
					16
				],
				"_iconAnchor": [
					8,
					8
				]
			}
		},
		{
			"type": "Feature",
			"geometry": {
				"type": "Point",
				"coordinates": [
					 140.4591,
					 43.2601
				]
			},
			"properties": {
				"name": "JA8/SB-006(余別岳)",
				"読み":"Yobetsudake",
				"標高":"1298m 8pt ",
				"GL":"QN03fg",
				"市郡区":"G#01035A ",
				"登山日":"",
				"メモ":"",
				"_markerType": "Icon",
				"_iconUrl": "https://maps.gsi.go.jp/portal/sys/v4/symbols/104.png",
				"_iconSize": [
					16,
					16
				],
				"_iconAnchor": [
					8,
					8
				]
			}
		},
		{
			"type": "Feature",
			"geometry": {
				"type": "Point",
				"coordinates": [
					 140.4803,
					 43.2706
				]
			},
			"properties": {
				"name": "JA8/SB-007(積丹岳)",
				"読み":"Shakotandake",
				"標高":"1255m 8pt ",
				"GL":"QN03fg",
				"市郡区":"G#01035A ",
				"登山日":"",
				"メモ":"",
				"_markerType": "Icon",
				"_iconUrl": "https://maps.gsi.go.jp/portal/sys/v4/symbols/104.png",
				"_iconSize": [
					16,
					16
				],
				"_iconAnchor": [
					8,
					8
				]
			}
		},
		{
			"type": "Feature",
			"geometry": {
				"type": "Point",
				"coordinates": [
					 140.5153,
					 42.8997
				]
			},
			"properties": {
				"name": "JA8/SB-008(目国内岳)",
				"読み":"Mekunnaidake",
				"標高":"1220m 8pt ",
				"GL":"QN02gv",
				"市郡区":"G#01009A / G#01010A ",
				"登山日":"",
				"メモ":"",
				"_markerType": "Icon",
				"_iconUrl": "https://maps.gsi.go.jp/portal/sys/v4/symbols/104.png",
				"_iconSize": [
					16,
					16
				],
				"_iconAnchor": [
					8,
					8
				]
			}
		},
		{
			"type": "Feature",
			"geometry": {
				"type": "Point",
				"coordinates": [
					 140.4696,
					 42.9036
				]
			},
			"properties": {
				"name": "JA8/SB-009(雷電山)",
				"読み":"Raidenyama",
				"標高":"1211m 8pt ",
				"GL":"QN02fv",
				"市郡区":"G#01010A / G#01009A ",
				"登山日":"",
				"メモ":"",
				"_markerType": "Icon",
				"_iconUrl": "https://maps.gsi.go.jp/portal/sys/v4/symbols/104.png",
				"_iconSize": [
					16,
					16
				],
				"_iconAnchor": [
					8,
					8
				]
			}
		},
		{
			"type": "Feature",
			"geometry": {
				"type": "Point",
				"coordinates": [
					 140.1356,
					 42.636
				]
			},
			"properties": {
				"name": "JA8/SB-010(大平山)",
				"読み":"Oobirayama",
				"標高":"1191m 8pt ",
				"GL":"QN02bp",
				"市郡区":"G#01034A ",
				"登山日":"",
				"メモ":"",
				"_markerType": "Icon",
				"_iconUrl": "https://maps.gsi.go.jp/portal/sys/v4/symbols/104.png",
				"_iconSize": [
					16,
					16
				],
				"_iconAnchor": [
					8,
					8
				]
			}
		},
		{
			"type": "Feature",
			"geometry": {
				"type": "Point",
				"coordinates": [
					 140.5967,
					 42.8881
				]
			},
			"properties": {
				"name": "JA8/SB-011(チセヌプリ)",
				"読み":"Chisenupuri",
				"標高":"1134m 8pt ",
				"GL":"QN02hv",
				"市郡区":"G#01009A / G#01010B ",
				"登山日":"",
				"メモ":"",
				"_markerType": "Icon",
				"_iconUrl": "https://maps.gsi.go.jp/portal/sys/v4/symbols/104.png",
				"_iconSize": [
					16,
					16
				],
				"_iconAnchor": [
					8,
					8
				]
			}
		},
		{
			"type": "Feature",
			"geometry": {
				"type": "Point",
				"coordinates": [
					 140.6405,
					 42.8853
				]
			},
			"properties": {
				"name": "JA8/SB-012(イワオヌプリ)",
				"読み":"Iwaonupuri",
				"標高":"1116m 8pt ",
				"GL":"QN02hv",
				"市郡区":"G#01006B / G#01009A ",
				"登山日":"",
				"メモ":"",
				"_markerType": "Icon",
				"_iconUrl": "https://maps.gsi.go.jp/portal/sys/v4/symbols/104.png",
				"_iconSize": [
					16,
					16
				],
				"_iconAnchor": [
					8,
					8
				]
			}
		},
		{
			"type": "Feature",
			"geometry": {
				"type": "Point",
				"coordinates": [
					 140.9103,
					 42.7726
				]
			},
			"properties": {
				"name": "JA8/SB-013(尻別岳)",
				"読み":"Shiribetsudake",
				"標高":"1107m 8pt ",
				"GL":"QN02ks",
				"市郡区":"G#01006E / G#01006C / G#01006D",
				"登山日":"",
				"メモ":"",
				"_markerType": "Icon",
				"_iconUrl": "https://maps.gsi.go.jp/portal/sys/v4/symbols/104.png",
				"_iconSize": [
					16,
					16
				],
				"_iconAnchor": [
					8,
					8
				]
			}
		},
		{
			"type": "Feature",
			"geometry": {
				"type": "Point",
				"coordinates": [
					 140.4118,
					 43.2339
				]
			},
			"properties": {
				"name": "JA8/SB-014(珊内岳)",
				"読み":"Sannaidake",
				"標高":"1091m 6pt ",
				"GL":"QN03ef",
				"市郡区":"G#01062B / G#01035A ",
				"登山日":"",
				"メモ":"",
				"_markerType": "Icon",
				"_iconUrl": "https://maps.gsi.go.jp/portal/sys/v4/symbols/103.png",
				"_iconSize": [
					16,
					16
				],
				"_iconAnchor": [
					8,
					8
				]
			}
		},
		{
			"type": "Feature",
			"geometry": {
				"type": "Point",
				"coordinates": [
					 140.618,
					 42.8852
				]
			},
			"properties": {
				"name": "JA8/SB-015(ニトヌプリ)",
				"読み":"Nitonupuri",
				"標高":"1080m 6pt ",
				"GL":"QN02hv",
				"市郡区":"G#01009A / G#01006B ",
				"登山日":"",
				"メモ":"",
				"_markerType": "Icon",
				"_iconUrl": "https://maps.gsi.go.jp/portal/sys/v4/symbols/103.png",
				"_iconSize": [
					16,
					16
				],
				"_iconAnchor": [
					8,
					8
				]
			}
		},
		{
			"type": "Feature",
			"geometry": {
				"type": "Point",
				"coordinates": [
					 140.5774,
					 42.889
				]
			},
			"properties": {
				"name": "JA8/SB-016(シャクナゲ岳)",
				"読み":"Shakunagedake",
				"標高":"1074m 6pt ",
				"GL":"QN02gv",
				"市郡区":"G#01009A ",
				"登山日":"",
				"メモ":"",
				"_markerType": "Icon",
				"_iconUrl": "https://maps.gsi.go.jp/portal/sys/v4/symbols/103.png",
				"_iconSize": [
					16,
					16
				],
				"_iconAnchor": [
					8,
					8
				]
			}
		},
		{
			"type": "Feature",
			"geometry": {
				"type": "Point",
				"coordinates": [
					 140.6555,
					 42.7104
				]
			},
			"properties": {
				"name": "JA8/SB-017(昆布岳)",
				"読み":"Konbudake",
				"標高":"1045m 6pt ",
				"GL":"QN02hr",
				"市郡区":"G#01006F / G#01007C ",
				"登山日":"",
				"メモ":"",
				"_markerType": "Icon",
				"_iconUrl": "https://maps.gsi.go.jp/portal/sys/v4/symbols/103.png",
				"_iconSize": [
					16,
					16
				],
				"_iconAnchor": [
					8,
					8
				]
			}
		},
		{
			"type": "Feature",
			"geometry": {
				"type": "Point",
				"coordinates": [
					 140.6334,
					 42.9082
				]
			},
			"properties": {
				"name": "JA8/SB-018(ワイスホルン)",
				"読み":"Waisuhorun",
				"標高":"1045m 6pt ",
				"GL":"QN02hv",
				"市郡区":"G#01010B / G#01006B ",
				"登山日":"",
				"メモ":"",
				"_markerType": "Icon",
				"_iconUrl": "https://maps.gsi.go.jp/portal/sys/v4/symbols/103.png",
				"_iconSize": [
					16,
					16
				],
				"_iconAnchor": [
					8,
					8
				]
			}
		},
		{
			"type": "Feature",
			"geometry": {
				"type": "Point",
				"coordinates": [
					 140.0191,
					 42.5841
				]
			},
			"properties": {
				"name": "JA8/SB-019(北増川(三角点))",
				"読み":"Kitamasugawa",
				"標高":"1013m 6pt ",
				"GL":"QN02ao",
				"市郡区":"G#01034A ",
				"登山日":"",
				"メモ":"",
				"_markerType": "Icon",
				"_iconUrl": "https://maps.gsi.go.jp/portal/sys/v4/symbols/103.png",
				"_iconSize": [
					16,
					16
				],
				"_iconAnchor": [
					8,
					8
				]
			}
		},
		{
			"type": "Feature",
			"geometry": {
				"type": "Point",
				"coordinates": [
					 140.9126,
					 42.9552
				]
			},
			"properties": {
				"name": "JA8/SB-020(本倶登山)",
				"読み":"Ponkutosan",
				"標高":"1009m 6pt ",
				"GL":"QN02kw",
				"市郡区":"G#01006B / G#01006A / G#01075A",
				"登山日":"",
				"メモ":"",
				"_markerType": "Icon",
				"_iconUrl": "https://maps.gsi.go.jp/portal/sys/v4/symbols/103.png",
				"_iconSize": [
					16,
					16
				],
				"_iconAnchor": [
					8,
					8
				]
			}
		},
		{
			"type": "Feature",
			"geometry": {
				"type": "Point",
				"coordinates": [
					 140.4104,
					 43.1927
				]
			},
			"properties": {
				"name": "JA8/SB-021(珊内岳(三角点))",
				"読み":"Sannaidake",
				"標高":"1000m 6pt ",
				"GL":"QN03ee",
				"市郡区":"G#01062B ",
				"登山日":"",
				"メモ":"",
				"_markerType": "Icon",
				"_iconUrl": "https://maps.gsi.go.jp/portal/sys/v4/symbols/103.png",
				"_iconSize": [
					16,
					16
				],
				"_iconAnchor": [
					8,
					8
				]
			}
		},
		{
			"type": "Feature",
			"geometry": {
				"type": "Point",
				"coordinates": [
					 140.9227,
					 42.7101
				]
			},
			"properties": {
				"name": "JA8/SB-022(貫気別山)",
				"読み":"Nukkibetsuyama",
				"標高":"994m 6pt ",
				"GL":"QN02lr",
				"市郡区":"G#01006D ",
				"登山日":"",
				"メモ":"",
				"_markerType": "Icon",
				"_iconUrl": "https://maps.gsi.go.jp/portal/sys/v4/symbols/103.png",
				"_iconSize": [
					16,
					16
				],
				"_iconAnchor": [
					8,
					8
				]
			}
		},
		{
			"type": "Feature",
			"geometry": {
				"type": "Point",
				"coordinates": [
					 140.6313,
					 43.0782
				]
			},
			"properties": {
				"name": "JA8/SB-023(八内岳)",
				"読み":"Hatsunaitake",
				"標高":"944m 6pt ",
				"GL":"QN03hb",
				"市郡区":"G#01010B / G#01063A ",
				"登山日":"",
				"メモ":"",
				"_markerType": "Icon",
				"_iconUrl": "https://maps.gsi.go.jp/portal/sys/v4/symbols/103.png",
				"_iconSize": [
					16,
					16
				],
				"_iconAnchor": [
					8,
					8
				]
			}
		},
		{
			"type": "Feature",
			"geometry": {
				"type": "Point",
				"coordinates": [
					 140.9458,
					 42.6907
				]
			},
			"properties": {
				"name": "JA8/SB-024(竹山)",
				"読み":"Takeyama",
				"標高":"940m 6pt ",
				"GL":"QN02lq",
				"市郡区":"G#01006D ",
				"登山日":"",
				"メモ":"",
				"_markerType": "Icon",
				"_iconUrl": "https://maps.gsi.go.jp/portal/sys/v4/symbols/103.png",
				"_iconSize": [
					16,
					16
				],
				"_iconAnchor": [
					8,
					8
				]
			}
		},
		{
			"type": "Feature",
			"geometry": {
				"type": "Point",
				"coordinates": [
					 140.3629,
					 42.7628
				]
			},
			"properties": {
				"name": "JA8/SB-025(点914)",
				"読み":"P914",
				"標高":"914m 6pt ",
				"GL":"QN02es",
				"市郡区":"G#01009A / G#01039B / G#01039A",
				"登山日":"",
				"メモ":"",
				"_markerType": "Icon",
				"_iconUrl": "https://maps.gsi.go.jp/portal/sys/v4/symbols/103.png",
				"_iconSize": [
					16,
					16
				],
				"_iconAnchor": [
					8,
					8
				]
			}
		},
		{
			"type": "Feature",
			"geometry": {
				"type": "Point",
				"coordinates": [
					 140.5344,
					 43.2305
				]
			},
			"properties": {
				"name": "JA8/SB-026(泥ノ木岳)",
				"読み":"Doronokidake",
				"標高":"904m 6pt ",
				"GL":"QN03gf",
				"市郡区":"G#01063A / G#01035A ",
				"登山日":"",
				"メモ":"",
				"_markerType": "Icon",
				"_iconUrl": "https://maps.gsi.go.jp/portal/sys/v4/symbols/103.png",
				"_iconSize": [
					16,
					16
				],
				"_iconAnchor": [
					8,
					8
				]
			}
		},
		{
			"type": "Feature",
			"geometry": {
				"type": "Point",
				"coordinates": [
					 140.3772,
					 43.2391
				]
			},
			"properties": {
				"name": "JA8/SB-027(点896)",
				"読み":"P896",
				"標高":"896m 6pt ",
				"GL":"QN03ef",
				"市郡区":"G#01062B / G#01035A ",
				"登山日":"",
				"メモ":"",
				"_markerType": "Icon",
				"_iconUrl": "https://maps.gsi.go.jp/portal/sys/v4/symbols/103.png",
				"_iconSize": [
					16,
					16
				],
				"_iconAnchor": [
					8,
					8
				]
			}
		},
		{
			"type": "Feature",
			"geometry": {
				"type": "Point",
				"coordinates": [
					 140.6608,
					 43.1848
				]
			},
			"properties": {
				"name": "JA8/SB-028(天狗岳)",
				"読み":"Tengudake",
				"標高":"872m 6pt ",
				"GL":"QN03he",
				"市郡区":"G#01075C / G#01063A ",
				"登山日":"",
				"メモ":"",
				"_markerType": "Icon",
				"_iconUrl": "https://maps.gsi.go.jp/portal/sys/v4/symbols/103.png",
				"_iconSize": [
					16,
					16
				],
				"_iconAnchor": [
					8,
					8
				]
			}
		},
		{
			"type": "Feature",
			"geometry": {
				"type": "Point",
				"coordinates": [
					 140.1222,
					 42.5973
				]
			},
			"properties": {
				"name": "JA8/SB-029(南平(三角点))",
				"読み":"Minamidaira",
				"標高":"843m 4pt ",
				"GL":"QN02bo",
				"市郡区":"G#01034A ",
				"登山日":"",
				"メモ":"",
				"_markerType": "Icon",
				"_iconUrl": "https://maps.gsi.go.jp/portal/sys/v4/symbols/828.png",
				"_iconSize": [
					16,
					16
				],
				"_iconAnchor": [
					8,
					8
				]
			}
		},
		{
			"type": "Feature",
			"geometry": {
				"type": "Point",
				"coordinates": [
					 140.5104,
					 42.7003
				]
			},
			"properties": {
				"name": "JA8/SB-030(幌内山)",
				"読み":"Poronaiyama",
				"標高":"841m 4pt ",
				"GL":"QN02gq",
				"市郡区":"G#01009A / G#01039A ",
				"登山日":"",
				"メモ":"",
				"_markerType": "Icon",
				"_iconUrl": "https://maps.gsi.go.jp/portal/sys/v4/symbols/828.png",
				"_iconSize": [
					16,
					16
				],
				"_iconAnchor": [
					8,
					8
				]
			}
		},
		{
			"type": "Feature",
			"geometry": {
				"type": "Point",
				"coordinates": [
					 140.5648,
					 43.1156
				]
			},
			"properties": {
				"name": "JA8/SB-031(白樺山)",
				"読み":"Shirakabayama",
				"標高":"824m 4pt ",
				"GL":"QN03gc",
				"市郡区":"G#01062A / G#01063A ",
				"登山日":"",
				"メモ":"",
				"_markerType": "Icon",
				"_iconUrl": "https://maps.gsi.go.jp/portal/sys/v4/symbols/828.png",
				"_iconSize": [
					16,
					16
				],
				"_iconAnchor": [
					8,
					8
				]
			}
		},
		{
			"type": "Feature",
			"geometry": {
				"type": "Point",
				"coordinates": [
					 140.5369,
					 43.1972
				]
			},
			"properties": {
				"name": "JA8/SB-032(当丸山)",
				"読み":"Tomaruyama",
				"標高":"800m 4pt ",
				"GL":"QN03ge",
				"市郡区":"G#01062B / G#01063A ",
				"登山日":"",
				"メモ":"",
				"_markerType": "Icon",
				"_iconUrl": "https://maps.gsi.go.jp/portal/sys/v4/symbols/828.png",
				"_iconSize": [
					16,
					16
				],
				"_iconAnchor": [
					8,
					8
				]
			}
		},
		{
			"type": "Feature",
			"geometry": {
				"type": "Point",
				"coordinates": [
					 140.8374,
					 42.9949
				]
			},
			"properties": {
				"name": "JA8/SB-033(三角山)",
				"読み":"Sankakuyama",
				"標高":"795m 4pt ",
				"GL":"QN02kx",
				"市郡区":"G#01006B / G#01075A ",
				"登山日":"",
				"メモ":"",
				"_markerType": "Icon",
				"_iconUrl": "https://maps.gsi.go.jp/portal/sys/v4/symbols/828.png",
				"_iconSize": [
					16,
					16
				],
				"_iconAnchor": [
					8,
					8
				]
			}
		},
		{
			"type": "Feature",
			"geometry": {
				"type": "Point",
				"coordinates": [
					 140.5467,
					 43.1574
				]
			},
			"properties": {
				"name": "JA8/SB-034(両古界(三角点))",
				"読み":"Ryoukokai",
				"標高":"784m 4pt ",
				"GL":"QN03gd",
				"市郡区":"G#01062A / G#01063A ",
				"登山日":"",
				"メモ":"",
				"_markerType": "Icon",
				"_iconUrl": "https://maps.gsi.go.jp/portal/sys/v4/symbols/828.png",
				"_iconSize": [
					16,
					16
				],
				"_iconAnchor": [
					8,
					8
				]
			}
		},
		{
			"type": "Feature",
			"geometry": {
				"type": "Point",
				"coordinates": [
					 140.0694,
					 42.6123
				]
			},
			"properties": {
				"name": "JA8/SB-035(神威山)",
				"読み":"Kamuiyama",
				"標高":"781m 4pt ",
				"GL":"QN02ao",
				"市郡区":"G#01034A ",
				"登山日":"",
				"メモ":"",
				"_markerType": "Icon",
				"_iconUrl": "https://maps.gsi.go.jp/portal/sys/v4/symbols/828.png",
				"_iconSize": [
					16,
					16
				],
				"_iconAnchor": [
					8,
					8
				]
			}
		},
		{
			"type": "Feature",
			"geometry": {
				"type": "Point",
				"coordinates": [
					 141.0027,
					 43.131
				]
			},
			"properties": {
				"name": "JA8/SB-036(点780(奥沢(三角点)近傍))",
				"読み":"P780",
				"標高":"780m 4pt ",
				"GL":"QN03md",
				"市郡区":"C#0103 ",
				"登山日":"",
				"メモ":"",
				"_markerType": "Icon",
				"_iconUrl": "https://maps.gsi.go.jp/portal/sys/v4/symbols/828.png",
				"_iconSize": [
					16,
					16
				],
				"_iconAnchor": [
					8,
					8
				]
			}
		},
		{
			"type": "Feature",
			"geometry": {
				"type": "Point",
				"coordinates": [
					 140.0939,
					 42.6258
				]
			},
			"properties": {
				"name": "JA8/SB-037(和臼(三角点))",
				"読み":"Wausu",
				"標高":"762m 4pt ",
				"GL":"QN02bp",
				"市郡区":"G#01034A ",
				"登山日":"",
				"メモ":"",
				"_markerType": "Icon",
				"_iconUrl": "https://maps.gsi.go.jp/portal/sys/v4/symbols/828.png",
				"_iconSize": [
					16,
					16
				],
				"_iconAnchor": [
					8,
					8
				]
			}
		},
		{
			"type": "Feature",
			"geometry": {
				"type": "Point",
				"coordinates": [
					 140.2422,
					 42.6189
				]
			},
			"properties": {
				"name": "JA8/SB-038(黒松内岳)",
				"読み":"Kuromatsuuchidake",
				"標高":"750m 4pt ",
				"GL":"QN02co",
				"市郡区":"G#01039A ",
				"登山日":"",
				"メモ":"",
				"_markerType": "Icon",
				"_iconUrl": "https://maps.gsi.go.jp/portal/sys/v4/symbols/828.png",
				"_iconSize": [
					16,
					16
				],
				"_iconAnchor": [
					8,
					8
				]
			}
		},
		{
			"type": "Feature",
			"geometry": {
				"type": "Point",
				"coordinates": [
					 140.9235,
					 43.1517
				]
			},
			"properties": {
				"name": "JA8/SB-039(遠藤山(蚕発山))",
				"読み":"Endouyama(Okobachiyama)",
				"標高":"735m 4pt ",
				"GL":"QN03ld",
				"市郡区":"C#0103 / G#01075C ",
				"登山日":"",
				"メモ":"",
				"_markerType": "Icon",
				"_iconUrl": "https://maps.gsi.go.jp/portal/sys/v4/symbols/828.png",
				"_iconSize": [
					16,
					16
				],
				"_iconAnchor": [
					8,
					8
				]
			}
		},
		{
			"type": "Feature",
			"geometry": {
				"type": "Point",
				"coordinates": [
					 140.7761,
					 43.1057
				]
			},
			"properties": {
				"name": "JA8/SB-040(大黒山)",
				"読み":"Daikuroyama",
				"標高":"725m 4pt ",
				"GL":"QN03jc",
				"市郡区":"G#01075A / G#01075B ",
				"登山日":"",
				"メモ":"",
				"_markerType": "Icon",
				"_iconUrl": "https://maps.gsi.go.jp/portal/sys/v4/symbols/828.png",
				"_iconSize": [
					16,
					16
				],
				"_iconAnchor": [
					8,
					8
				]
			}
		},
		{
			"type": "Feature",
			"geometry": {
				"type": "Point",
				"coordinates": [
					 140.5102,
					 43.1432
				]
			},
			"properties": {
				"name": "JA8/SB-041(滝ノ沢山)",
				"読み":"Takinozawayama",
				"標高":"714m 4pt ",
				"GL":"QN03gd",
				"市郡区":"G#01062A / G#01062B ",
				"登山日":"",
				"メモ":"",
				"_markerType": "Icon",
				"_iconUrl": "https://maps.gsi.go.jp/portal/sys/v4/symbols/828.png",
				"_iconSize": [
					16,
					16
				],
				"_iconAnchor": [
					8,
					8
				]
			}
		},
		{
			"type": "Feature",
			"geometry": {
				"type": "Point",
				"coordinates": [
					 140.7713,
					 43.0125
				]
			},
			"properties": {
				"name": "JA8/SB-042(鳥居沢(三角点))",
				"読み":"Toriizawa",
				"標高":"714m 4pt ",
				"GL":"QN03ja",
				"市郡区":"G#01075B / G#01010B / G#01006B",
				"登山日":"",
				"メモ":"",
				"_markerType": "Icon",
				"_iconUrl": "https://maps.gsi.go.jp/portal/sys/v4/symbols/828.png",
				"_iconSize": [
					16,
					16
				],
				"_iconAnchor": [
					8,
					8
				]
			}
		},
		{
			"type": "Feature",
			"geometry": {
				"type": "Point",
				"coordinates": [
					 140.5139,
					 43.1089
				]
			},
			"properties": {
				"name": "JA8/SB-043(天狗山)",
				"読み":"Tenguyama",
				"標高":"688m 4pt ",
				"GL":"QN03gc",
				"市郡区":"G#01062A ",
				"登山日":"",
				"メモ":"",
				"_markerType": "Icon",
				"_iconUrl": "https://maps.gsi.go.jp/portal/sys/v4/symbols/828.png",
				"_iconSize": [
					16,
					16
				],
				"_iconAnchor": [
					8,
					8
				]
			}
		},
		{
			"type": "Feature",
			"geometry": {
				"type": "Point",
				"coordinates": [
					 140.7508,
					 43.0093
				]
			},
			"properties": {
				"name": "JA8/SB-044(点674)",
				"読み":"P674",
				"標高":"674m 4pt ",
				"GL":"QN03ja",
				"市郡区":"G#01075B / G#01010B ",
				"登山日":"",
				"メモ":"",
				"_markerType": "Icon",
				"_iconUrl": "https://maps.gsi.go.jp/portal/sys/v4/symbols/828.png",
				"_iconSize": [
					16,
					16
				],
				"_iconAnchor": [
					8,
					8
				]
			}
		},
		{
			"type": "Feature",
			"geometry": {
				"type": "Point",
				"coordinates": [
					 140.9224,
					 43.179
				]
			},
			"properties": {
				"name": "JA8/SB-045(丸山)",
				"読み":"Maruyama",
				"標高":"629m 2pt ",
				"GL":"QN03le",
				"市郡区":"C#0103 ",
				"登山日":"",
				"メモ":"",
				"_markerType": "Icon",
				"_iconUrl": "https://maps.gsi.go.jp/portal/sys/v4/symbols/102.png",
				"_iconSize": [
					16,
					16
				],
				"_iconAnchor": [
					8,
					8
				]
			}
		},
		{
			"type": "Feature",
			"geometry": {
				"type": "Point",
				"coordinates": [
					 140.5652,
					 42.7737
				]
			},
			"properties": {
				"name": "JA8/SB-046(立川山(三角点))",
				"読み":"Tachikawayama",
				"標高":"590m 2pt ",
				"GL":"QN02gs",
				"市郡区":"G#01009A ",
				"登山日":"",
				"メモ":"",
				"_markerType": "Icon",
				"_iconUrl": "https://maps.gsi.go.jp/portal/sys/v4/symbols/102.png",
				"_iconSize": [
					16,
					16
				],
				"_iconAnchor": [
					8,
					8
				]
			}
		},
		{
			"type": "Feature",
			"geometry": {
				"type": "Point",
				"coordinates": [
					 140.5374,
					 42.6182
				]
			},
			"properties": {
				"name": "JA8/SB-047(点563)",
				"読み":"P563",
				"標高":"563m 2pt ",
				"GL":"QN02go",
				"市郡区":"G#01039A / G#01007C ",
				"登山日":"",
				"メモ":"",
				"_markerType": "Icon",
				"_iconUrl": "https://maps.gsi.go.jp/portal/sys/v4/symbols/102.png",
				"_iconSize": [
					16,
					16
				],
				"_iconAnchor": [
					8,
					8
				]
			}
		},
		{
			"type": "Feature",
			"geometry": {
				"type": "Point",
				"coordinates": [
					 140.1661,
					 42.6772
				]
			},
			"properties": {
				"name": "JA8/SB-048(軽臼(三角点))",
				"読み":"Karuusu",
				"標高":"524m 2pt ",
				"GL":"QN02bq",
				"市郡区":"G#01034A ",
				"登山日":"",
				"メモ":"",
				"_markerType": "Icon",
				"_iconUrl": "https://maps.gsi.go.jp/portal/sys/v4/symbols/102.png",
				"_iconSize": [
					16,
					16
				],
				"_iconAnchor": [
					8,
					8
				]
			}
		},
		{
			"type": "Feature",
			"geometry": {
				"type": "Point",
				"coordinates": [
					 140.2149,
					 42.7701
				]
			},
			"properties": {
				"name": "JA8/SB-049(母衣月山)",
				"読み":"Horodukiyama",
				"標高":"504m 2pt ",
				"GL":"QN02cs",
				"市郡区":"G#01039B / G#01034A ",
				"登山日":"",
				"メモ":"",
				"_markerType": "Icon",
				"_iconUrl": "https://maps.gsi.go.jp/portal/sys/v4/symbols/102.png",
				"_iconSize": [
					16,
					16
				],
				"_iconAnchor": [
					8,
					8
				]
			}
		},
		{
			"type": "Feature",
			"geometry": {
				"type": "Point",
				"coordinates": [
					 140.7247,
					 42.7638
				]
			},
			"properties": {
				"name": "JA8/SB-050(真狩別(三角点))",
				"読み":"Makaribetsu",
				"標高":"501m 2pt ",
				"GL":"QN02is",
				"市郡区":"G#01006F ",
				"登山日":"",
				"メモ":"",
				"_markerType": "Icon",
				"_iconUrl": "https://maps.gsi.go.jp/portal/sys/v4/symbols/102.png",
				"_iconSize": [
					16,
					16
				],
				"_iconAnchor": [
					8,
					8
				]
			}
		},
		{
			"type": "Feature",
			"geometry": {
				"type": "Point",
				"coordinates": [
					 140.1297,
					 42.6989
				]
			},
			"properties": {
				"name": "JA8/SB-051(点469)",
				"読み":"P469",
				"標高":"469m 1pt ",
				"GL":"QN02bq",
				"市郡区":"G#01034A ",
				"登山日":"",
				"メモ":"",
				"_markerType": "Icon",
				"_iconUrl": "https://maps.gsi.go.jp/portal/sys/v4/symbols/826.png",
				"_iconSize": [
					16,
					16
				],
				"_iconAnchor": [
					8,
					8
				]
			}
		},
		{
			"type": "Feature",
			"geometry": {
				"type": "Point",
				"coordinates": [
					 140.7337,
					 42.9546
				]
			},
			"properties": {
				"name": "JA8/SB-052(無沢(三角点))",
				"読み":"Nashizawa",
				"標高":"457m 1pt ",
				"GL":"QN02iw",
				"市郡区":"G#01010B ",
				"登山日":"",
				"メモ":"",
				"_markerType": "Icon",
				"_iconUrl": "https://maps.gsi.go.jp/portal/sys/v4/symbols/826.png",
				"_iconSize": [
					16,
					16
				],
				"_iconAnchor": [
					8,
					8
				]
			}
		},
		{
			"type": "Feature",
			"geometry": {
				"type": "Point",
				"coordinates": [
					 140.6185,
					 43.2835
				]
			},
			"properties": {
				"name": "JA8/SB-053(大森山)",
				"読み":"Omoriyama",
				"標高":"426m 1pt ",
				"GL":"QN03hg",
				"市郡区":"G#01063A / G#01035A ",
				"登山日":"",
				"メモ":"",
				"_markerType": "Icon",
				"_iconUrl": "https://maps.gsi.go.jp/portal/sys/v4/symbols/826.png",
				"_iconSize": [
					16,
					16
				],
				"_iconAnchor": [
					8,
					8
				]
			}
		},
		{
			"type": "Feature",
			"geometry": {
				"type": "Point",
				"coordinates": [
					 140.982,
					 43.2323
				]
			},
			"properties": {
				"name": "JA8/SB-054(赤岩山)",
				"読み":"Akaiwayama",
				"標高":"371m 1pt ",
				"GL":"QN03lf",
				"市郡区":"C#0103 ",
				"登山日":"",
				"メモ":"",
				"_markerType": "Icon",
				"_iconUrl": "https://maps.gsi.go.jp/portal/sys/v4/symbols/826.png",
				"_iconSize": [
					16,
					16
				],
				"_iconAnchor": [
					8,
					8
				]
			}
		},
		{
			"type": "Feature",
			"geometry": {
				"type": "Point",
				"coordinates": [
					 140.4724,
					 42.7818
				]
			},
			"properties": {
				"name": "JA8/SB-055(丸山(三角点))",
				"読み":"Maruyama",
				"標高":"334m 1pt ",
				"GL":"QN02fs",
				"市郡区":"G#01009A ",
				"登山日":"",
				"メモ":"",
				"_markerType": "Icon",
				"_iconUrl": "https://maps.gsi.go.jp/portal/sys/v4/symbols/826.png",
				"_iconSize": [
					16,
					16
				],
				"_iconAnchor": [
					8,
					8
				]
			}
		},
		{
			"type": "Feature",
			"geometry": {
				"type": "Point",
				"coordinates": [
					 140.3741,
					 43.2269
				]
			},
			"properties": {
				"name": "JA8/SB-056(鉞山)",
				"読み":"Masakariyama",
				"標高":"779m 4pt ",
				"GL":"QN03ef",
				"市郡区":"G#01062B ",
				"登山日":"",
				"メモ":"",
				"_markerType": "Icon",
				"_iconUrl": "https://maps.gsi.go.jp/portal/sys/v4/symbols/828.png",
				"_iconSize": [
					16,
					16
				],
				"_iconAnchor": [
					8,
					8
				]
			}
		},
		{
			"type": "Feature",
			"geometry": {
				"type": "Point",
				"coordinates": [
					 140.7644,
					 43.0944
				]
			},
			"properties": {
				"name": "JA8/SB-057(点612)",
				"読み":"P612",
				"標高":"612m 2pt ",
				"GL":"QN03jc",
				"市郡区":"G#01075A / G#01075B ",
				"登山日":"",
				"メモ":"",
				"_markerType": "Icon",
				"_iconUrl": "https://maps.gsi.go.jp/portal/sys/v4/symbols/102.png",
				"_iconSize": [
					16,
					16
				],
				"_iconAnchor": [
					8,
					8
				]
			}
		},
		{
			"type": "Feature",
			"geometry": {
				"type": "Point",
				"coordinates": [
					 140.3463,
					 43.2139
				]
			},
			"properties": {
				"name": "JA8/SB-058(能蘭山(三角点))",
				"読み":"Nouranyama",
				"標高":"495m 1pt ",
				"GL":"QN03ef",
				"市郡区":"G#01062B ",
				"登山日":"",
				"メモ":"",
				"_markerType": "Icon",
				"_iconUrl": "https://maps.gsi.go.jp/portal/sys/v4/symbols/826.png",
				"_iconSize": [
					16,
					16
				],
				"_iconAnchor": [
					8,
					8
				]
			}
		},
		{
			"type": "Feature",
			"geometry": {
				"type": "Point",
				"coordinates": [
					 140.7725,
					 43.2255
				]
			},
			"properties": {
				"name": "JA8/SB-059(尻場崎(三角点))",
				"読み":"Shiripasaki",
				"標高":"296m 1pt ",
				"GL":"QN03jf",
				"市郡区":"G#01075C ",
				"登山日":"",
				"メモ":"",
				"_markerType": "Icon",
				"_iconUrl": "https://maps.gsi.go.jp/portal/sys/v4/symbols/826.png",
				"_iconSize": [
					16,
					16
				],
				"_iconAnchor": [
					8,
					8
				]
			}
		},
		{
			"type": "Feature",
			"geometry": {
				"type": "Point",
				"coordinates": [
					 142.2556,
					 43.2524
				]
			},
			"properties": {
				"name": "JA8/SC-001(点1480)",
				"読み":"P1480",
				"標高":"1480m 8pt ",
				"GL":"QN13dg",
				"市郡区":"C#0116 ",
				"登山日":"",
				"メモ":"",
				"_markerType": "Icon",
				"_iconUrl": "https://maps.gsi.go.jp/portal/sys/v4/symbols/104.png",
				"_iconSize": [
					16,
					16
				],
				"_iconAnchor": [
					8,
					8
				]
			}
		},
		{
			"type": "Feature",
			"geometry": {
				"type": "Point",
				"coordinates": [
					 142.2474,
					 43.224
				]
			},
			"properties": {
				"name": "JA8/SC-002(点1436)",
				"読み":"P1436",
				"標高":"1436m 8pt ",
				"GL":"QN13cf",
				"市郡区":"C#0116 ",
				"登山日":"",
				"メモ":"",
				"_markerType": "Icon",
				"_iconUrl": "https://maps.gsi.go.jp/portal/sys/v4/symbols/104.png",
				"_iconSize": [
					16,
					16
				],
				"_iconAnchor": [
					8,
					8
				]
			}
		},
		{
			"type": "Feature",
			"geometry": {
				"type": "Point",
				"coordinates": [
					 142.254,
					 43.1696
				]
			},
			"properties": {
				"name": "JA8/SC-003(天狗岩(三角点))",
				"読み":"Tenguiwa",
				"標高":"1415m 8pt ",
				"GL":"QN13de",
				"市郡区":"C#0109 ",
				"登山日":"",
				"メモ":"",
				"_markerType": "Icon",
				"_iconUrl": "https://maps.gsi.go.jp/portal/sys/v4/symbols/104.png",
				"_iconSize": [
					16,
					16
				],
				"_iconAnchor": [
					8,
					8
				]
			}
		},
		{
			"type": "Feature",
			"geometry": {
				"type": "Point",
				"coordinates": [
					 142.2697,
					 43.2891
				]
			},
			"properties": {
				"name": "JA8/SC-004(中天狗)",
				"読み":"Nakatengu",
				"標高":"1317m 8pt ",
				"GL":"QN13dg",
				"市郡区":"C#0116 ",
				"登山日":"",
				"メモ":"",
				"_markerType": "Icon",
				"_iconUrl": "https://maps.gsi.go.jp/portal/sys/v4/symbols/104.png",
				"_iconSize": [
					16,
					16
				],
				"_iconAnchor": [
					8,
					8
				]
			}
		},
		{
			"type": "Feature",
			"geometry": {
				"type": "Point",
				"coordinates": [
					 142.2682,
					 43.0698
				]
			},
			"properties": {
				"name": "JA8/SC-005(点1301)",
				"読み":"P1301",
				"標高":"1301m 8pt ",
				"GL":"QN13db",
				"市郡区":"C#0109 / G#01043C ",
				"登山日":"",
				"メモ":"",
				"_markerType": "Icon",
				"_iconUrl": "https://maps.gsi.go.jp/portal/sys/v4/symbols/104.png",
				"_iconSize": [
					16,
					16
				],
				"_iconAnchor": [
					8,
					8
				]
			}
		},
		{
			"type": "Feature",
			"geometry": {
				"type": "Point",
				"coordinates": [
					 141.553,
					 43.6966
				]
			},
			"properties": {
				"name": "JA8/SC-006(南暑寒岳)",
				"読み":"Minamisyokandake",
				"標高":"1296m 8pt ",
				"GL":"QN03sq",
				"市郡区":"G#01014C / G#01020B ",
				"登山日":"",
				"メモ":"",
				"_markerType": "Icon",
				"_iconUrl": "https://maps.gsi.go.jp/portal/sys/v4/symbols/104.png",
				"_iconSize": [
					16,
					16
				],
				"_iconAnchor": [
					8,
					8
				]
			}
		},
		{
			"type": "Feature",
			"geometry": {
				"type": "Point",
				"coordinates": [
					 141.7067,
					 43.4918
				]
			},
			"properties": {
				"name": "JA8/SC-007(ピンネシリ)",
				"読み":"Pinneshiri",
				"標高":"1100m 8pt ",
				"GL":"QN03ul",
				"市郡区":"G#01008C / G#01020B ",
				"登山日":"",
				"メモ":"",
				"_markerType": "Icon",
				"_iconUrl": "https://maps.gsi.go.jp/portal/sys/v4/symbols/104.png",
				"_iconSize": [
					16,
					16
				],
				"_iconAnchor": [
					8,
					8
				]
			}
		},
		{
			"type": "Feature",
			"geometry": {
				"type": "Point",
				"coordinates": [
					 142.1594,
					 43.2271
				]
			},
			"properties": {
				"name": "JA8/SC-008(幾春別岳)",
				"読み":"Ikushyunbetsudake",
				"標高":"1068m 6pt ",
				"GL":"QN13bf",
				"市郡区":"C#0122 / C#0116 ",
				"登山日":"",
				"メモ":"",
				"_markerType": "Icon",
				"_iconUrl": "https://maps.gsi.go.jp/portal/sys/v4/symbols/103.png",
				"_iconSize": [
					16,
					16
				],
				"_iconAnchor": [
					8,
					8
				]
			}
		},
		{
			"type": "Feature",
			"geometry": {
				"type": "Point",
				"coordinates": [
					 141.6445,
					 43.7195
				]
			},
			"properties": {
				"name": "JA8/SC-009(恵岱岳)",
				"読み":"Etaidake",
				"標高":"1060m 6pt ",
				"GL":"QN03tr",
				"市郡区":"G#01014C ",
				"登山日":"",
				"メモ":"",
				"_markerType": "Icon",
				"_iconUrl": "https://maps.gsi.go.jp/portal/sys/v4/symbols/103.png",
				"_iconSize": [
					16,
					16
				],
				"_iconAnchor": [
					8,
					8
				]
			}
		},
		{
			"type": "Feature",
			"geometry": {
				"type": "Point",
				"coordinates": [
					 142.1771,
					 43.2584
				]
			},
			"properties": {
				"name": "JA8/SC-010(点1019)",
				"読み":"P1019",
				"標高":"1019m 6pt ",
				"GL":"QN13cg",
				"市郡区":"C#0116 ",
				"登山日":"",
				"メモ":"",
				"_markerType": "Icon",
				"_iconUrl": "https://maps.gsi.go.jp/portal/sys/v4/symbols/103.png",
				"_iconSize": [
					16,
					16
				],
				"_iconAnchor": [
					8,
					8
				]
			}
		},
		{
			"type": "Feature",
			"geometry": {
				"type": "Point",
				"coordinates": [
					 142.05,
					 43.4012
				]
			},
			"properties": {
				"name": "JA8/SC-011(美唄山)",
				"読み":"Bibaiyama",
				"標高":"987m 6pt ",
				"GL":"QN13aj",
				"市郡区":"C#0115 / C#0116 / G#01042B",
				"登山日":"",
				"メモ":"",
				"_markerType": "Icon",
				"_iconUrl": "https://maps.gsi.go.jp/portal/sys/v4/symbols/103.png",
				"_iconSize": [
					16,
					16
				],
				"_iconAnchor": [
					8,
					8
				]
			}
		},
		{
			"type": "Feature",
			"geometry": {
				"type": "Point",
				"coordinates": [
					 141.7219,
					 43.4595
				]
			},
			"properties": {
				"name": "JA8/SC-012(熊根尻山)",
				"読み":"Kumaneshiriyama",
				"標高":"971m 6pt ",
				"GL":"QN03ul",
				"市郡区":"G#01008C / G#01020C / G#01020A",
				"登山日":"",
				"メモ":"",
				"_markerType": "Icon",
				"_iconUrl": "https://maps.gsi.go.jp/portal/sys/v4/symbols/103.png",
				"_iconSize": [
					16,
					16
				],
				"_iconAnchor": [
					8,
					8
				]
			}
		},
		{
			"type": "Feature",
			"geometry": {
				"type": "Point",
				"coordinates": [
					 141.6229,
					 43.7543
				]
			},
			"properties": {
				"name": "JA8/SC-013(蚊ノ沢(三角点))",
				"読み":"Kanosawa",
				"標高":"957m 6pt ",
				"GL":"QN03ts",
				"市郡区":"G#01066A / G#01014E ",
				"登山日":"",
				"メモ":"",
				"_markerType": "Icon",
				"_iconUrl": "https://maps.gsi.go.jp/portal/sys/v4/symbols/103.png",
				"_iconSize": [
					16,
					16
				],
				"_iconAnchor": [
					8,
					8
				]
			}
		},
		{
			"type": "Feature",
			"geometry": {
				"type": "Point",
				"coordinates": [
					 142.2034,
					 43.3078
				]
			},
			"properties": {
				"name": "JA8/SC-014(惣顔真布(三角点))",
				"読み":"Soukaomappu",
				"標高":"929m 6pt ",
				"GL":"QN13ch",
				"市郡区":"C#0116 ",
				"登山日":"",
				"メモ":"",
				"_markerType": "Icon",
				"_iconUrl": "https://maps.gsi.go.jp/portal/sys/v4/symbols/103.png",
				"_iconSize": [
					16,
					16
				],
				"_iconAnchor": [
					8,
					8
				]
			}
		},
		{
			"type": "Feature",
			"geometry": {
				"type": "Point",
				"coordinates": [
					 141.6339,
					 43.647
				]
			},
			"properties": {
				"name": "JA8/SC-015(徳富岳)",
				"読み":"Toppudake",
				"標高":"929m 6pt ",
				"GL":"QN03tp",
				"市郡区":"G#01020B ",
				"登山日":"",
				"メモ":"",
				"_markerType": "Icon",
				"_iconUrl": "https://maps.gsi.go.jp/portal/sys/v4/symbols/103.png",
				"_iconSize": [
					16,
					16
				],
				"_iconAnchor": [
					8,
					8
				]
			}
		},
		{
			"type": "Feature",
			"geometry": {
				"type": "Point",
				"coordinates": [
					 142.1695,
					 43.2901
				]
			},
			"properties": {
				"name": "JA8/SC-016(点925)",
				"読み":"P925",
				"標高":"925m 6pt ",
				"GL":"QN13cg",
				"市郡区":"C#0116 ",
				"登山日":"",
				"メモ":"",
				"_markerType": "Icon",
				"_iconUrl": "https://maps.gsi.go.jp/portal/sys/v4/symbols/103.png",
				"_iconSize": [
					16,
					16
				],
				"_iconAnchor": [
					8,
					8
				]
			}
		},
		{
			"type": "Feature",
			"geometry": {
				"type": "Point",
				"coordinates": [
					 142.2899,
					 43.3827
				]
			},
			"properties": {
				"name": "JA8/SC-017(野花南岳)",
				"読み":"Nokanandake",
				"標高":"906m 6pt ",
				"GL":"QN13dj",
				"市郡区":"C#0116 ",
				"登山日":"",
				"メモ":"",
				"_markerType": "Icon",
				"_iconUrl": "https://maps.gsi.go.jp/portal/sys/v4/symbols/103.png",
				"_iconSize": [
					16,
					16
				],
				"_iconAnchor": [
					8,
					8
				]
			}
		},
		{
			"type": "Feature",
			"geometry": {
				"type": "Point",
				"coordinates": [
					 142.2709,
					 43.6065
				]
			},
			"properties": {
				"name": "JA8/SC-018(班渓幌内山)",
				"読み":"Pankehoronaiyama",
				"標高":"900m 6pt ",
				"GL":"QN13do",
				"市郡区":"C#0116 ",
				"登山日":"",
				"メモ":"",
				"_markerType": "Icon",
				"_iconUrl": "https://maps.gsi.go.jp/portal/sys/v4/symbols/103.png",
				"_iconSize": [
					16,
					16
				],
				"_iconAnchor": [
					8,
					8
				]
			}
		},
		{
			"type": "Feature",
			"geometry": {
				"type": "Point",
				"coordinates": [
					 142.271,
					 43.3576
				]
			},
			"properties": {
				"name": "JA8/SC-019(近藤山)",
				"読み":"Kondoyama",
				"標高":"877m 6pt ",
				"GL":"QN13di",
				"市郡区":"C#0116 ",
				"登山日":"",
				"メモ":"",
				"_markerType": "Icon",
				"_iconUrl": "https://maps.gsi.go.jp/portal/sys/v4/symbols/103.png",
				"_iconSize": [
					16,
					16
				],
				"_iconAnchor": [
					8,
					8
				]
			}
		},
		{
			"type": "Feature",
			"geometry": {
				"type": "Point",
				"coordinates": [
					 142.0415,
					 43.079
				]
			},
			"properties": {
				"name": "JA8/SC-020(本流越(三角点))",
				"読み":"Honryugoe",
				"標高":"874m 6pt ",
				"GL":"QN13ab",
				"市郡区":"C#0109 ",
				"登山日":"",
				"メモ":"",
				"_markerType": "Icon",
				"_iconUrl": "https://maps.gsi.go.jp/portal/sys/v4/symbols/103.png",
				"_iconSize": [
					16,
					16
				],
				"_iconAnchor": [
					8,
					8
				]
			}
		},
		{
			"type": "Feature",
			"geometry": {
				"type": "Point",
				"coordinates": [
					 142.1102,
					 43.6292
				]
			},
			"properties": {
				"name": "JA8/SC-021(イルムケップ山)",
				"読み":"Irumukeppuyama",
				"標高":"864m 6pt ",
				"GL":"QN13bp",
				"市郡区":"C#0118 / C#0116 ",
				"登山日":"",
				"メモ":"",
				"_markerType": "Icon",
				"_iconUrl": "https://maps.gsi.go.jp/portal/sys/v4/symbols/103.png",
				"_iconSize": [
					16,
					16
				],
				"_iconAnchor": [
					8,
					8
				]
			}
		},
		{
			"type": "Feature",
			"geometry": {
				"type": "Point",
				"coordinates": [
					 142.1042,
					 43.4044
				]
			},
			"properties": {
				"name": "JA8/SC-022(獅子ノ沢(三角点))",
				"読み":"Shishinosawa",
				"標高":"854m 6pt ",
				"GL":"QN13bj",
				"市郡区":"C#0116 ",
				"登山日":"",
				"メモ":"",
				"_markerType": "Icon",
				"_iconUrl": "https://maps.gsi.go.jp/portal/sys/v4/symbols/103.png",
				"_iconSize": [
					16,
					16
				],
				"_iconAnchor": [
					8,
					8
				]
			}
		},
		{
			"type": "Feature",
			"geometry": {
				"type": "Point",
				"coordinates": [
					 142.2798,
					 42.9813
				]
			},
			"properties": {
				"name": "JA8/SC-023(村界(三角点))",
				"読み":"Murasakai",
				"標高":"850m 6pt ",
				"GL":"QN12dx",
				"市郡区":"G#01074A / G#01073G / C#0109",
				"登山日":"",
				"メモ":"",
				"_markerType": "Icon",
				"_iconUrl": "https://maps.gsi.go.jp/portal/sys/v4/symbols/103.png",
				"_iconSize": [
					16,
					16
				],
				"_iconAnchor": [
					8,
					8
				]
			}
		},
		{
			"type": "Feature",
			"geometry": {
				"type": "Point",
				"coordinates": [
					 142.0741,
					 43.0849
				]
			},
			"properties": {
				"name": "JA8/SC-024(主夕張(三角点))",
				"読み":"Syuyuubari",
				"標高":"850m 6pt ",
				"GL":"QN13ac",
				"市郡区":"C#0109 ",
				"登山日":"",
				"メモ":"",
				"_markerType": "Icon",
				"_iconUrl": "https://maps.gsi.go.jp/portal/sys/v4/symbols/103.png",
				"_iconSize": [
					16,
					16
				],
				"_iconAnchor": [
					8,
					8
				]
			}
		},
		{
			"type": "Feature",
			"geometry": {
				"type": "Point",
				"coordinates": [
					 142.0586,
					 43.3303
				]
			},
			"properties": {
				"name": "JA8/SC-025(境山)",
				"読み":"Sakaiyama",
				"標高":"849m 4pt ",
				"GL":"QN13ah",
				"市郡区":"C#0122 / C#0116 ",
				"登山日":"",
				"メモ":"",
				"_markerType": "Icon",
				"_iconUrl": "https://maps.gsi.go.jp/portal/sys/v4/symbols/828.png",
				"_iconSize": [
					16,
					16
				],
				"_iconAnchor": [
					8,
					8
				]
			}
		},
		{
			"type": "Feature",
			"geometry": {
				"type": "Point",
				"coordinates": [
					 141.6598,
					 43.6539
				]
			},
			"properties": {
				"name": "JA8/SC-026(唐尻(三角点))",
				"読み":"Karajiri",
				"標高":"833m 4pt ",
				"GL":"QN03tp",
				"市郡区":"G#01020B ",
				"登山日":"",
				"メモ":"",
				"_markerType": "Icon",
				"_iconUrl": "https://maps.gsi.go.jp/portal/sys/v4/symbols/828.png",
				"_iconSize": [
					16,
					16
				],
				"_iconAnchor": [
					8,
					8
				]
			}
		},
		{
			"type": "Feature",
			"geometry": {
				"type": "Point",
				"coordinates": [
					 142.0599,
					 43.3586
				]
			},
			"properties": {
				"name": "JA8/SC-027(点830)",
				"読み":"P830",
				"標高":"830m 4pt ",
				"GL":"QN13ai",
				"市郡区":"C#0115 / C#0116 ",
				"登山日":"",
				"メモ":"",
				"_markerType": "Icon",
				"_iconUrl": "https://maps.gsi.go.jp/portal/sys/v4/symbols/828.png",
				"_iconSize": [
					16,
					16
				],
				"_iconAnchor": [
					8,
					8
				]
			}
		},
		{
			"type": "Feature",
			"geometry": {
				"type": "Point",
				"coordinates": [
					 142.1885,
					 43.3459
				]
			},
			"properties": {
				"name": "JA8/SC-028(点812)",
				"読み":"P812",
				"標高":"812m 4pt ",
				"GL":"QN13ci",
				"市郡区":"C#0116 ",
				"登山日":"",
				"メモ":"",
				"_markerType": "Icon",
				"_iconUrl": "https://maps.gsi.go.jp/portal/sys/v4/symbols/828.png",
				"_iconSize": [
					16,
					16
				],
				"_iconAnchor": [
					8,
					8
				]
			}
		},
		{
			"type": "Feature",
			"geometry": {
				"type": "Point",
				"coordinates": [
					 141.7335,
					 43.5218
				]
			},
			"properties": {
				"name": "JA8/SC-029(辺止釣運瓶(三角点))",
				"読み":"Petorutounpe",
				"標高":"796m 4pt ",
				"GL":"QN03um",
				"市郡区":"G#01020B ",
				"登山日":"",
				"メモ":"",
				"_markerType": "Icon",
				"_iconUrl": "https://maps.gsi.go.jp/portal/sys/v4/symbols/828.png",
				"_iconSize": [
					16,
					16
				],
				"_iconAnchor": [
					8,
					8
				]
			}
		},
		{
			"type": "Feature",
			"geometry": {
				"type": "Point",
				"coordinates": [
					 142.1281,
					 43.3635
				]
			},
			"properties": {
				"name": "JA8/SC-030(滝ノ上(三角点))",
				"読み":"Takinoue",
				"標高":"782m 4pt ",
				"GL":"QN13bi",
				"市郡区":"C#0116 ",
				"登山日":"",
				"メモ":"",
				"_markerType": "Icon",
				"_iconUrl": "https://maps.gsi.go.jp/portal/sys/v4/symbols/828.png",
				"_iconSize": [
					16,
					16
				],
				"_iconAnchor": [
					8,
					8
				]
			}
		},
		{
			"type": "Feature",
			"geometry": {
				"type": "Point",
				"coordinates": [
					 142.0186,
					 43.3556
				]
			},
			"properties": {
				"name": "JA8/SC-031(点781)",
				"読み":"P781",
				"標高":"781m 4pt ",
				"GL":"QN13ai",
				"市郡区":"C#0115 / C#0122 ",
				"登山日":"",
				"メモ":"",
				"_markerType": "Icon",
				"_iconUrl": "https://maps.gsi.go.jp/portal/sys/v4/symbols/828.png",
				"_iconSize": [
					16,
					16
				],
				"_iconAnchor": [
					8,
					8
				]
			}
		},
		{
			"type": "Feature",
			"geometry": {
				"type": "Point",
				"coordinates": [
					 142.0288,
					 43.9678
				]
			},
			"properties": {
				"name": "JA8/SC-032(坊主山)",
				"読み":"Bozuyama",
				"標高":"776m 4pt ",
				"GL":"QN13ax",
				"市郡区":"C#0128 / G#01014D ",
				"登山日":"",
				"メモ":"",
				"_markerType": "Icon",
				"_iconUrl": "https://maps.gsi.go.jp/portal/sys/v4/symbols/828.png",
				"_iconSize": [
					16,
					16
				],
				"_iconAnchor": [
					8,
					8
				]
			}
		},
		{
			"type": "Feature",
			"geometry": {
				"type": "Point",
				"coordinates": [
					 141.9844,
					 43.0944
				]
			},
			"properties": {
				"name": "JA8/SC-033(三角山)",
				"読み":"Sankakuyama",
				"標高":"770m 4pt ",
				"GL":"QN03xc",
				"市郡区":"C#0110 / C#0109 ",
				"登山日":"",
				"メモ":"",
				"_markerType": "Icon",
				"_iconUrl": "https://maps.gsi.go.jp/portal/sys/v4/symbols/828.png",
				"_iconSize": [
					16,
					16
				],
				"_iconAnchor": [
					8,
					8
				]
			}
		},
		{
			"type": "Feature",
			"geometry": {
				"type": "Point",
				"coordinates": [
					 142.205,
					 43.398
				]
			},
			"properties": {
				"name": "JA8/SC-034(烏帽子岳)",
				"読み":"Eboshidake",
				"標高":"758m 4pt ",
				"GL":"QN13cj",
				"市郡区":"C#0116 ",
				"登山日":"",
				"メモ":"",
				"_markerType": "Icon",
				"_iconUrl": "https://maps.gsi.go.jp/portal/sys/v4/symbols/828.png",
				"_iconSize": [
					16,
					16
				],
				"_iconAnchor": [
					8,
					8
				]
			}
		},
		{
			"type": "Feature",
			"geometry": {
				"type": "Point",
				"coordinates": [
					 142.1155,
					 42.9611
				]
			},
			"properties": {
				"name": "JA8/SC-035(点754)",
				"読み":"P754",
				"標高":"754m 4pt ",
				"GL":"QN12bx",
				"市郡区":"C#0109 ",
				"登山日":"",
				"メモ":"",
				"_markerType": "Icon",
				"_iconUrl": "https://maps.gsi.go.jp/portal/sys/v4/symbols/828.png",
				"_iconSize": [
					16,
					16
				],
				"_iconAnchor": [
					8,
					8
				]
			}
		},
		{
			"type": "Feature",
			"geometry": {
				"type": "Point",
				"coordinates": [
					 142.0962,
					 43.4517
				]
			},
			"properties": {
				"name": "JA8/SC-036(番ノ沢山)",
				"読み":"Bannosawayama",
				"標高":"741m 4pt ",
				"GL":"QN13bk",
				"市郡区":"C#0116 ",
				"登山日":"",
				"メモ":"",
				"_markerType": "Icon",
				"_iconUrl": "https://maps.gsi.go.jp/portal/sys/v4/symbols/828.png",
				"_iconSize": [
					16,
					16
				],
				"_iconAnchor": [
					8,
					8
				]
			}
		},
		{
			"type": "Feature",
			"geometry": {
				"type": "Point",
				"coordinates": [
					 141.7081,
					 43.6666
				]
			},
			"properties": {
				"name": "JA8/SC-037(幌登(三角点))",
				"読み":"Horonobori",
				"標高":"736m 4pt ",
				"GL":"QN03up",
				"市郡区":"G#01020B ",
				"登山日":"",
				"メモ":"",
				"_markerType": "Icon",
				"_iconUrl": "https://maps.gsi.go.jp/portal/sys/v4/symbols/828.png",
				"_iconSize": [
					16,
					16
				],
				"_iconAnchor": [
					8,
					8
				]
			}
		},
		{
			"type": "Feature",
			"geometry": {
				"type": "Point",
				"coordinates": [
					 142.1188,
					 43.3241
				]
			},
			"properties": {
				"name": "JA8/SC-038(喜文沢(三角点))",
				"読み":"Kibunzawa",
				"標高":"726m 4pt ",
				"GL":"QN13bh",
				"市郡区":"C#0116 ",
				"登山日":"",
				"メモ":"",
				"_markerType": "Icon",
				"_iconUrl": "https://maps.gsi.go.jp/portal/sys/v4/symbols/828.png",
				"_iconSize": [
					16,
					16
				],
				"_iconAnchor": [
					8,
					8
				]
			}
		},
		{
			"type": "Feature",
			"geometry": {
				"type": "Point",
				"coordinates": [
					 142.0782,
					 43.1188
				]
			},
			"properties": {
				"name": "JA8/SC-039(点720)",
				"読み":"P720",
				"標高":"720m 4pt ",
				"GL":"QN13ac",
				"市郡区":"C#0109 ",
				"登山日":"",
				"メモ":"",
				"_markerType": "Icon",
				"_iconUrl": "https://maps.gsi.go.jp/portal/sys/v4/symbols/828.png",
				"_iconSize": [
					16,
					16
				],
				"_iconAnchor": [
					8,
					8
				]
			}
		},
		{
			"type": "Feature",
			"geometry": {
				"type": "Point",
				"coordinates": [
					 141.7146,
					 43.5507
				]
			},
			"properties": {
				"name": "JA8/SC-040(壮志岳)",
				"読み":"Soshidake",
				"標高":"683m 4pt ",
				"GL":"QN03un",
				"市郡区":"G#01020B ",
				"登山日":"",
				"メモ":"",
				"_markerType": "Icon",
				"_iconUrl": "https://maps.gsi.go.jp/portal/sys/v4/symbols/828.png",
				"_iconSize": [
					16,
					16
				],
				"_iconAnchor": [
					8,
					8
				]
			}
		},
		{
			"type": "Feature",
			"geometry": {
				"type": "Point",
				"coordinates": [
					 142.0398,
					 43.9148
				]
			},
			"properties": {
				"name": "JA8/SC-041(奴布山(三角点))",
				"読み":"Yappuyama",
				"標高":"677m 4pt ",
				"GL":"QN13av",
				"市郡区":"C#0128 / G#01014D ",
				"登山日":"",
				"メモ":"",
				"_markerType": "Icon",
				"_iconUrl": "https://maps.gsi.go.jp/portal/sys/v4/symbols/828.png",
				"_iconSize": [
					16,
					16
				],
				"_iconAnchor": [
					8,
					8
				]
			}
		},
		{
			"type": "Feature",
			"geometry": {
				"type": "Point",
				"coordinates": [
					 142.0599,
					 44.0119
				]
			},
			"properties": {
				"name": "JA8/SC-042(尾去内川(三角点))",
				"読み":"Okonaigawa",
				"標高":"673m 4pt ",
				"GL":"QN14aa",
				"市郡区":"G#01077A / C#0128 ",
				"登山日":"",
				"メモ":"",
				"_markerType": "Icon",
				"_iconUrl": "https://maps.gsi.go.jp/portal/sys/v4/symbols/828.png",
				"_iconSize": [
					16,
					16
				],
				"_iconAnchor": [
					8,
					8
				]
			}
		},
		{
			"type": "Feature",
			"geometry": {
				"type": "Point",
				"coordinates": [
					 142,
					 42.9456
				]
			},
			"properties": {
				"name": "JA8/SC-043(鬼首山)",
				"読み":"Onikubiyama",
				"標高":"641m 2pt ",
				"GL":"QN12aw",
				"市郡区":"C#0109 ",
				"登山日":"",
				"メモ":"",
				"_markerType": "Icon",
				"_iconUrl": "https://maps.gsi.go.jp/portal/sys/v4/symbols/102.png",
				"_iconSize": [
					16,
					16
				],
				"_iconAnchor": [
					8,
					8
				]
			}
		},
		{
			"type": "Feature",
			"geometry": {
				"type": "Point",
				"coordinates": [
					 141.6528,
					 43.6114
				]
			},
			"properties": {
				"name": "JA8/SC-044(富士形山)",
				"読み":"Fujigatayama",
				"標高":"638m 2pt ",
				"GL":"QN03to",
				"市郡区":"G#01020B ",
				"登山日":"",
				"メモ":"",
				"_markerType": "Icon",
				"_iconUrl": "https://maps.gsi.go.jp/portal/sys/v4/symbols/102.png",
				"_iconSize": [
					16,
					16
				],
				"_iconAnchor": [
					8,
					8
				]
			}
		},
		{
			"type": "Feature",
			"geometry": {
				"type": "Point",
				"coordinates": [
					 141.6283,
					 43.6149
				]
			},
			"properties": {
				"name": "JA8/SC-045(辺渓達瘤(三角点))",
				"読み":"Penketakkobu",
				"標高":"627m 2pt ",
				"GL":"QN03to",
				"市郡区":"G#01020B ",
				"登山日":"",
				"メモ":"",
				"_markerType": "Icon",
				"_iconUrl": "https://maps.gsi.go.jp/portal/sys/v4/symbols/102.png",
				"_iconSize": [
					16,
					16
				],
				"_iconAnchor": [
					8,
					8
				]
			}
		},
		{
			"type": "Feature",
			"geometry": {
				"type": "Point",
				"coordinates": [
					 141.9886,
					 43.1836
				]
			},
			"properties": {
				"name": "JA8/SC-046(菊面沢(三角点))",
				"読み":"Kikumenzawa",
				"標高":"625m 2pt ",
				"GL":"QN03xe",
				"市郡区":"C#0122 / C#0110 ",
				"登山日":"",
				"メモ":"",
				"_markerType": "Icon",
				"_iconUrl": "https://maps.gsi.go.jp/portal/sys/v4/symbols/102.png",
				"_iconSize": [
					16,
					16
				],
				"_iconAnchor": [
					8,
					8
				]
			}
		},
		{
			"type": "Feature",
			"geometry": {
				"type": "Point",
				"coordinates": [
					 142.0207,
					 43.4479
				]
			},
			"properties": {
				"name": "JA8/SC-047(御料山)",
				"読み":"Goryoyama",
				"標高":"622m 2pt ",
				"GL":"QN13ak",
				"市郡区":"G#01042A ",
				"登山日":"",
				"メモ":"",
				"_markerType": "Icon",
				"_iconUrl": "https://maps.gsi.go.jp/portal/sys/v4/symbols/102.png",
				"_iconSize": [
					16,
					16
				],
				"_iconAnchor": [
					8,
					8
				]
			}
		},
		{
			"type": "Feature",
			"geometry": {
				"type": "Point",
				"coordinates": [
					 142.2086,
					 43.8379
				]
			},
			"properties": {
				"name": "JA8/SC-048(点613)",
				"読み":"P613",
				"標高":"613m 2pt ",
				"GL":"QN13cu",
				"市郡区":"C#0128 / C#0102 ",
				"登山日":"",
				"メモ":"",
				"_markerType": "Icon",
				"_iconUrl": "https://maps.gsi.go.jp/portal/sys/v4/symbols/102.png",
				"_iconSize": [
					16,
					16
				],
				"_iconAnchor": [
					8,
					8
				]
			}
		},
		{
			"type": "Feature",
			"geometry": {
				"type": "Point",
				"coordinates": [
					 141.9671,
					 43.2307
				]
			},
			"properties": {
				"name": "JA8/SC-049(点610)",
				"読み":"P610",
				"標高":"610m 2pt ",
				"GL":"QN03xf",
				"市郡区":"C#0122 ",
				"登山日":"",
				"メモ":"",
				"_markerType": "Icon",
				"_iconUrl": "https://maps.gsi.go.jp/portal/sys/v4/symbols/102.png",
				"_iconSize": [
					16,
					16
				],
				"_iconAnchor": [
					8,
					8
				]
			}
		},
		{
			"type": "Feature",
			"geometry": {
				"type": "Point",
				"coordinates": [
					 142.0805,
					 43.9876
				]
			},
			"properties": {
				"name": "JA8/SC-050(点602)",
				"読み":"P602",
				"標高":"602m 2pt ",
				"GL":"QN13ax",
				"市郡区":"C#0128 ",
				"登山日":"",
				"メモ":"",
				"_markerType": "Icon",
				"_iconUrl": "https://maps.gsi.go.jp/portal/sys/v4/symbols/102.png",
				"_iconSize": [
					16,
					16
				],
				"_iconAnchor": [
					8,
					8
				]
			}
		},
		{
			"type": "Feature",
			"geometry": {
				"type": "Point",
				"coordinates": [
					 142.1741,
					 43.4367
				]
			},
			"properties": {
				"name": "JA8/SC-051(焼山(三角点))",
				"読み":"Yakeyama",
				"標高":"589m 2pt ",
				"GL":"QN13ck",
				"市郡区":"C#0116 ",
				"登山日":"",
				"メモ":"",
				"_markerType": "Icon",
				"_iconUrl": "https://maps.gsi.go.jp/portal/sys/v4/symbols/102.png",
				"_iconSize": [
					16,
					16
				],
				"_iconAnchor": [
					8,
					8
				]
			}
		},
		{
			"type": "Feature",
			"geometry": {
				"type": "Point",
				"coordinates": [
					 141.7048,
					 43.757
				]
			},
			"properties": {
				"name": "JA8/SC-052(東仁奈良(三角点))",
				"読み":"Higashijinnara",
				"標高":"571m 2pt ",
				"GL":"QN03us",
				"市郡区":"G#01066A / G#01014E ",
				"登山日":"",
				"メモ":"",
				"_markerType": "Icon",
				"_iconUrl": "https://maps.gsi.go.jp/portal/sys/v4/symbols/102.png",
				"_iconSize": [
					16,
					16
				],
				"_iconAnchor": [
					8,
					8
				]
			}
		},
		{
			"type": "Feature",
			"geometry": {
				"type": "Point",
				"coordinates": [
					 141.9687,
					 43.3724
				]
			},
			"properties": {
				"name": "JA8/SC-053(茶志内奥(三角点))",
				"読み":"Chashinaioku",
				"標高":"566m 2pt ",
				"GL":"QN03xi",
				"市郡区":"C#0115 / G#01042B ",
				"登山日":"",
				"メモ":"",
				"_markerType": "Icon",
				"_iconUrl": "https://maps.gsi.go.jp/portal/sys/v4/symbols/102.png",
				"_iconSize": [
					16,
					16
				],
				"_iconAnchor": [
					8,
					8
				]
			}
		},
		{
			"type": "Feature",
			"geometry": {
				"type": "Point",
				"coordinates": [
					 142.1103,
					 42.9145
				]
			},
			"properties": {
				"name": "JA8/SC-054(点540)",
				"読み":"P540",
				"標高":"540m 2pt ",
				"GL":"QN12bv",
				"市郡区":"C#0109 / G#01073G ",
				"登山日":"",
				"メモ":"",
				"_markerType": "Icon",
				"_iconUrl": "https://maps.gsi.go.jp/portal/sys/v4/symbols/102.png",
				"_iconSize": [
					16,
					16
				],
				"_iconAnchor": [
					8,
					8
				]
			}
		},
		{
			"type": "Feature",
			"geometry": {
				"type": "Point",
				"coordinates": [
					 142.3543,
					 43.4106
				]
			},
			"properties": {
				"name": "JA8/SC-055(砕石(三角点))",
				"読み":"Kudakeishi",
				"標高":"537m 2pt ",
				"GL":"QN13ej",
				"市郡区":"C#0116 / G#01043A ",
				"登山日":"",
				"メモ":"",
				"_markerType": "Icon",
				"_iconUrl": "https://maps.gsi.go.jp/portal/sys/v4/symbols/102.png",
				"_iconSize": [
					16,
					16
				],
				"_iconAnchor": [
					8,
					8
				]
			}
		},
		{
			"type": "Feature",
			"geometry": {
				"type": "Point",
				"coordinates": [
					 141.9713,
					 43.4115
				]
			},
			"properties": {
				"name": "JA8/SC-056(奈井江山)",
				"読み":"Naieyama",
				"標高":"520m 2pt ",
				"GL":"QN03xj",
				"市郡区":"G#01042B / G#01042A ",
				"登山日":"",
				"メモ":"",
				"_markerType": "Icon",
				"_iconUrl": "https://maps.gsi.go.jp/portal/sys/v4/symbols/102.png",
				"_iconSize": [
					16,
					16
				],
				"_iconAnchor": [
					8,
					8
				]
			}
		},
		{
			"type": "Feature",
			"geometry": {
				"type": "Point",
				"coordinates": [
					 141.9927,
					 42.8507
				]
			},
			"properties": {
				"name": "JA8/SC-057(クオベツ山)",
				"読み":"Kuobetsuyama",
				"標高":"506m 2pt ",
				"GL":"QN02xu",
				"市郡区":"G#01072C / G#01073C ",
				"登山日":"",
				"メモ":"",
				"_markerType": "Icon",
				"_iconUrl": "https://maps.gsi.go.jp/portal/sys/v4/symbols/102.png",
				"_iconSize": [
					16,
					16
				],
				"_iconAnchor": [
					8,
					8
				]
			}
		},
		{
			"type": "Feature",
			"geometry": {
				"type": "Point",
				"coordinates": [
					 141.7378,
					 43.6171
				]
			},
			"properties": {
				"name": "JA8/SC-058(鷲峻山)",
				"読み":"Shisunyama",
				"標高":"505m 2pt ",
				"GL":"QN03uo",
				"市郡区":"G#01020B ",
				"登山日":"",
				"メモ":"",
				"_markerType": "Icon",
				"_iconUrl": "https://maps.gsi.go.jp/portal/sys/v4/symbols/102.png",
				"_iconSize": [
					16,
					16
				],
				"_iconAnchor": [
					8,
					8
				]
			}
		},
		{
			"type": "Feature",
			"geometry": {
				"type": "Point",
				"coordinates": [
					 141.7188,
					 43.7953
				]
			},
			"properties": {
				"name": "JA8/SC-059(地破張(三角点))",
				"読み":"Jihabari",
				"標高":"491m 1pt ",
				"GL":"QN03ut",
				"市郡区":"C#0112 / G#01014E ",
				"登山日":"",
				"メモ":"",
				"_markerType": "Icon",
				"_iconUrl": "https://maps.gsi.go.jp/portal/sys/v4/symbols/826.png",
				"_iconSize": [
					16,
					16
				],
				"_iconAnchor": [
					8,
					8
				]
			}
		},
		{
			"type": "Feature",
			"geometry": {
				"type": "Point",
				"coordinates": [
					 142.0063,
					 43.519
				]
			},
			"properties": {
				"name": "JA8/SC-060(神威岳)",
				"読み":"Kamoidake",
				"標高":"467m 1pt ",
				"GL":"QN13am",
				"市郡区":"C#0118 / C#0127 ",
				"登山日":"",
				"メモ":"",
				"_markerType": "Icon",
				"_iconUrl": "https://maps.gsi.go.jp/portal/sys/v4/symbols/826.png",
				"_iconSize": [
					16,
					16
				],
				"_iconAnchor": [
					8,
					8
				]
			}
		},
		{
			"type": "Feature",
			"geometry": {
				"type": "Point",
				"coordinates": [
					 141.7403,
					 43.7602
				]
			},
			"properties": {
				"name": "JA8/SC-061(恵岱別１(三角点))",
				"読み":"Etaibetsu1",
				"標高":"414m 1pt ",
				"GL":"QN03us",
				"市郡区":"G#01014E ",
				"登山日":"",
				"メモ":"",
				"_markerType": "Icon",
				"_iconUrl": "https://maps.gsi.go.jp/portal/sys/v4/symbols/826.png",
				"_iconSize": [
					16,
					16
				],
				"_iconAnchor": [
					8,
					8
				]
			}
		},
		{
			"type": "Feature",
			"geometry": {
				"type": "Point",
				"coordinates": [
					 142.2253,
					 43.539
				]
			},
			"properties": {
				"name": "JA8/SC-062(点382(番ノ沢(三角点)近傍))",
				"読み":"P382",
				"標高":"382m 1pt ",
				"GL":"QN13cm",
				"市郡区":"C#0116 ",
				"登山日":"",
				"メモ":"",
				"_markerType": "Icon",
				"_iconUrl": "https://maps.gsi.go.jp/portal/sys/v4/symbols/826.png",
				"_iconSize": [
					16,
					16
				],
				"_iconAnchor": [
					8,
					8
				]
			}
		},
		{
			"type": "Feature",
			"geometry": {
				"type": "Point",
				"coordinates": [
					 141.9099,
					 43.8929
				]
			},
			"properties": {
				"name": "JA8/SC-063(西太刀別(三角点))",
				"読み":"Nishitachibetsu",
				"標高":"378m 1pt ",
				"GL":"QN03wv",
				"市郡区":"G#01014D ",
				"登山日":"",
				"メモ":"",
				"_markerType": "Icon",
				"_iconUrl": "https://maps.gsi.go.jp/portal/sys/v4/symbols/826.png",
				"_iconSize": [
					16,
					16
				],
				"_iconAnchor": [
					8,
					8
				]
			}
		},
		{
			"type": "Feature",
			"geometry": {
				"type": "Point",
				"coordinates": [
					 141.8885,
					 43.173
				]
			},
			"properties": {
				"name": "JA8/SC-064(幌向炭山(三角点))",
				"読み":"Horomuitanzan",
				"標高":"361m 1pt ",
				"GL":"QN03we",
				"市郡区":"C#0110 ",
				"登山日":"",
				"メモ":"",
				"_markerType": "Icon",
				"_iconUrl": "https://maps.gsi.go.jp/portal/sys/v4/symbols/826.png",
				"_iconSize": [
					16,
					16
				],
				"_iconAnchor": [
					8,
					8
				]
			}
		},
		{
			"type": "Feature",
			"geometry": {
				"type": "Point",
				"coordinates": [
					 142.2227,
					 43.4982
				]
			},
			"properties": {
				"name": "JA8/SC-065(上金剛山)",
				"読み":"Kamikongoyama",
				"標高":"314m 1pt ",
				"GL":"QN13cl",
				"市郡区":"C#0116 ",
				"登山日":"",
				"メモ":"",
				"_markerType": "Icon",
				"_iconUrl": "https://maps.gsi.go.jp/portal/sys/v4/symbols/826.png",
				"_iconSize": [
					16,
					16
				],
				"_iconAnchor": [
					8,
					8
				]
			}
		},
		{
			"type": "Feature",
			"geometry": {
				"type": "Point",
				"coordinates": [
					 141.7467,
					 42.9901
				]
			},
			"properties": {
				"name": "JA8/SC-066(点280(自衛隊近傍))",
				"読み":"P280",
				"標高":"280m 1pt ",
				"GL":"QN02ux",
				"市郡区":"G#01072B / G#01072C ",
				"登山日":"",
				"メモ":"",
				"_markerType": "Icon",
				"_iconUrl": "https://maps.gsi.go.jp/portal/sys/v4/symbols/826.png",
				"_iconSize": [
					16,
					16
				],
				"_iconAnchor": [
					8,
					8
				]
			}
		},
		{
			"type": "Feature",
			"geometry": {
				"type": "Point",
				"coordinates": [
					 142.0413,
					 43.1436
				]
			},
			"properties": {
				"name": "JA8/SC-067(幌向岳(三角点))",
				"読み":"Horomuidake",
				"標高":"836m 4pt ",
				"GL":"QN13ad",
				"市郡区":"C#0110 / C#0122 / C#0109",
				"登山日":"",
				"メモ":"",
				"_markerType": "Icon",
				"_iconUrl": "https://maps.gsi.go.jp/portal/sys/v4/symbols/828.png",
				"_iconSize": [
					16,
					16
				],
				"_iconAnchor": [
					8,
					8
				]
			}
		},
		{
			"type": "Feature",
			"geometry": {
				"type": "Point",
				"coordinates": [
					 142.3616,
					 43.4289
				]
			},
			"properties": {
				"name": "JA8/SC-068(高峰)",
				"読み":"Takamine",
				"標高":"626m 2pt ",
				"GL":"QN13ek",
				"市郡区":"G#01043A / C#0116 ",
				"登山日":"",
				"メモ":"",
				"_markerType": "Icon",
				"_iconUrl": "https://maps.gsi.go.jp/portal/sys/v4/symbols/102.png",
				"_iconSize": [
					16,
					16
				],
				"_iconAnchor": [
					8,
					8
				]
			}
		},
		{
			"type": "Feature",
			"geometry": {
				"type": "Point",
				"coordinates": [
					 142.1591,
					 43.3379
				]
			},
			"properties": {
				"name": "JA8/SC-069(二股山)",
				"読み":"Futamatayama",
				"標高":"605m 2pt ",
				"GL":"QN13bi",
				"市郡区":"C#0116 ",
				"登山日":"",
				"メモ":"",
				"_markerType": "Icon",
				"_iconUrl": "https://maps.gsi.go.jp/portal/sys/v4/symbols/102.png",
				"_iconSize": [
					16,
					16
				],
				"_iconAnchor": [
					8,
					8
				]
			}
		},
		{
			"type": "Feature",
			"geometry": {
				"type": "Point",
				"coordinates": [
					 141.242,
					 45.1785
				]
			},
			"properties": {
				"name": "JA8/SY-001(利尻山(利尻富士))",
				"読み":"Rishirizan/Rishirifuji",
				"標高":"1721m 10pt ",
				"GL":"QN05oe",
				"市郡区":"G#01076A / G#01076B ",
				"登山日":"",
				"メモ":"",
				"_markerType": "Icon",
				"_iconUrl": "https://maps.gsi.go.jp/portal/sys/v4/symbols/101.png",
				"_iconSize": [
					16,
					16
				],
				"_iconAnchor": [
					8,
					8
				]
			}
		},
		{
			"type": "Feature",
			"geometry": {
				"type": "Point",
				"coordinates": [
					 142.4633,
					 44.702
				]
			},
			"properties": {
				"name": "JA8/SY-002(坊主山)",
				"読み":"Bozuyama",
				"標高":"955m 6pt ",
				"GL":"QN14fq",
				"市郡区":"G#01015B ",
				"登山日":"",
				"メモ":"",
				"_markerType": "Icon",
				"_iconUrl": "https://maps.gsi.go.jp/portal/sys/v4/symbols/103.png",
				"_iconSize": [
					16,
					16
				],
				"_iconAnchor": [
					8,
					8
				]
			}
		},
		{
			"type": "Feature",
			"geometry": {
				"type": "Point",
				"coordinates": [
					 142.647,
					 44.59
				]
			},
			"properties": {
				"name": "JA8/SY-003(シアッシリ山)",
				"読み":"Shiasshiriyama",
				"標高":"903m 6pt ",
				"GL":"QN14ho",
				"市郡区":"G#01070E / G#01015B / G#01050C",
				"登山日":"",
				"メモ":"",
				"_markerType": "Icon",
				"_iconUrl": "https://maps.gsi.go.jp/portal/sys/v4/symbols/103.png",
				"_iconSize": [
					16,
					16
				],
				"_iconAnchor": [
					8,
					8
				]
			}
		},
		{
			"type": "Feature",
			"geometry": {
				"type": "Point",
				"coordinates": [
					 142.4204,
					 44.9618
				]
			},
			"properties": {
				"name": "JA8/SY-004(ポロヌプリ山)",
				"読み":"Poronupuriyama",
				"標高":"841m 4pt ",
				"GL":"QN14fx",
				"市郡区":"G#01015B / G#01015C ",
				"登山日":"",
				"メモ":"",
				"_markerType": "Icon",
				"_iconUrl": "https://maps.gsi.go.jp/portal/sys/v4/symbols/828.png",
				"_iconSize": [
					16,
					16
				],
				"_iconAnchor": [
					8,
					8
				]
			}
		},
		{
			"type": "Feature",
			"geometry": {
				"type": "Point",
				"coordinates": [
					 142.5357,
					 44.6194
				]
			},
			"properties": {
				"name": "JA8/SY-005(黒岩山)",
				"読み":"Kuroiwayama",
				"標高":"796m 4pt ",
				"GL":"QN14go",
				"市郡区":"G#01015B ",
				"登山日":"",
				"メモ":"",
				"_markerType": "Icon",
				"_iconUrl": "https://maps.gsi.go.jp/portal/sys/v4/symbols/828.png",
				"_iconSize": [
					16,
					16
				],
				"_iconAnchor": [
					8,
					8
				]
			}
		},
		{
			"type": "Feature",
			"geometry": {
				"type": "Point",
				"coordinates": [
					 142.3923,
					 45.0119
				]
			},
			"properties": {
				"name": "JA8/SY-006(珠文岳)",
				"読み":"Syubundake",
				"標高":"761m 4pt ",
				"GL":"QN15ea",
				"市郡区":"G#01015D ",
				"登山日":"",
				"メモ":"",
				"_markerType": "Icon",
				"_iconUrl": "https://maps.gsi.go.jp/portal/sys/v4/symbols/828.png",
				"_iconSize": [
					16,
					16
				],
				"_iconAnchor": [
					8,
					8
				]
			}
		},
		{
			"type": "Feature",
			"geometry": {
				"type": "Point",
				"coordinates": [
					 142.3984,
					 44.9435
				]
			},
			"properties": {
				"name": "JA8/SY-007(神居岳(三角点))",
				"読み":"Kamiidake",
				"標高":"749m 4pt ",
				"GL":"QN14ew",
				"市郡区":"G#01015C ",
				"登山日":"",
				"メモ":"",
				"_markerType": "Icon",
				"_iconUrl": "https://maps.gsi.go.jp/portal/sys/v4/symbols/828.png",
				"_iconSize": [
					16,
					16
				],
				"_iconAnchor": [
					8,
					8
				]
			}
		},
		{
			"type": "Feature",
			"geometry": {
				"type": "Point",
				"coordinates": [
					 142.1594,
					 44.8131
				]
			},
			"properties": {
				"name": "JA8/SY-008(ペンケ山)",
				"読み":"Penkezan",
				"標高":"716m 4pt ",
				"GL":"QN14bt",
				"市郡区":"G#01050B / G#01015C ",
				"登山日":"",
				"メモ":"",
				"_markerType": "Icon",
				"_iconUrl": "https://maps.gsi.go.jp/portal/sys/v4/symbols/828.png",
				"_iconSize": [
					16,
					16
				],
				"_iconAnchor": [
					8,
					8
				]
			}
		},
		{
			"type": "Feature",
			"geometry": {
				"type": "Point",
				"coordinates": [
					 142.2345,
					 44.8931
				]
			},
			"properties": {
				"name": "JA8/SY-009(敏音知岳)",
				"読み":"Binneshiridake",
				"標高":"703m 4pt ",
				"GL":"QN14cv",
				"市郡区":"G#01015C ",
				"登山日":"",
				"メモ":"",
				"_markerType": "Icon",
				"_iconUrl": "https://maps.gsi.go.jp/portal/sys/v4/symbols/828.png",
				"_iconSize": [
					16,
					16
				],
				"_iconAnchor": [
					8,
					8
				]
			}
		},
		{
			"type": "Feature",
			"geometry": {
				"type": "Point",
				"coordinates": [
					 142.4509,
					 44.7332
				]
			},
			"properties": {
				"name": "JA8/SY-010(点682)",
				"読み":"P682",
				"標高":"682m 4pt ",
				"GL":"QN14fr",
				"市郡区":"G#01015B ",
				"登山日":"",
				"メモ":"",
				"_markerType": "Icon",
				"_iconUrl": "https://maps.gsi.go.jp/portal/sys/v4/symbols/828.png",
				"_iconSize": [
					16,
					16
				],
				"_iconAnchor": [
					8,
					8
				]
			}
		},
		{
			"type": "Feature",
			"geometry": {
				"type": "Point",
				"coordinates": [
					 142.1538,
					 45.0112
				]
			},
			"properties": {
				"name": "JA8/SY-011(イソサンヌプリ山)",
				"読み":"Isosannupurizan",
				"標高":"581m 2pt ",
				"GL":"QN15ba",
				"市郡区":"G#01046B / G#01015D ",
				"登山日":"",
				"メモ":"",
				"_markerType": "Icon",
				"_iconUrl": "https://maps.gsi.go.jp/portal/sys/v4/symbols/102.png",
				"_iconSize": [
					16,
					16
				],
				"_iconAnchor": [
					8,
					8
				]
			}
		},
		{
			"type": "Feature",
			"geometry": {
				"type": "Point",
				"coordinates": [
					 142.5806,
					 44.813
				]
			},
			"properties": {
				"name": "JA8/SY-012(歌登山)",
				"読み":"Utatozan",
				"標高":"573m 2pt ",
				"GL":"QN14gt",
				"市郡区":"G#01015B ",
				"登山日":"",
				"メモ":"",
				"_markerType": "Icon",
				"_iconUrl": "https://maps.gsi.go.jp/portal/sys/v4/symbols/102.png",
				"_iconSize": [
					16,
					16
				],
				"_iconAnchor": [
					8,
					8
				]
			}
		},
		{
			"type": "Feature",
			"geometry": {
				"type": "Point",
				"coordinates": [
					 142.2663,
					 44.9076
				]
			},
			"properties": {
				"name": "JA8/SY-013(松音知岳)",
				"読み":"Matsuneshiridake",
				"標高":"531m 2pt ",
				"GL":"QN14dv",
				"市郡区":"G#01015C ",
				"登山日":"",
				"メモ":"",
				"_markerType": "Icon",
				"_iconUrl": "https://maps.gsi.go.jp/portal/sys/v4/symbols/102.png",
				"_iconSize": [
					16,
					16
				],
				"_iconAnchor": [
					8,
					8
				]
			}
		},
		{
			"type": "Feature",
			"geometry": {
				"type": "Point",
				"coordinates": [
					 142.7451,
					 44.6417
				]
			},
			"properties": {
				"name": "JA8/SY-014(落船山)",
				"読み":"Orofuneyama",
				"標高":"525m 2pt ",
				"GL":"QN14ip",
				"市郡区":"G#01070E / G#01015B ",
				"登山日":"",
				"メモ":"",
				"_markerType": "Icon",
				"_iconUrl": "https://maps.gsi.go.jp/portal/sys/v4/symbols/102.png",
				"_iconSize": [
					16,
					16
				],
				"_iconAnchor": [
					8,
					8
				]
			}
		},
		{
			"type": "Feature",
			"geometry": {
				"type": "Point",
				"coordinates": [
					 142.4983,
					 44.7437
				]
			},
			"properties": {
				"name": "JA8/SY-015(点520)",
				"読み":"P520",
				"標高":"520m 2pt ",
				"GL":"QN14fr",
				"市郡区":"G#01015B ",
				"登山日":"",
				"メモ":"",
				"_markerType": "Icon",
				"_iconUrl": "https://maps.gsi.go.jp/portal/sys/v4/symbols/102.png",
				"_iconSize": [
					16,
					16
				],
				"_iconAnchor": [
					8,
					8
				]
			}
		},
		{
			"type": "Feature",
			"geometry": {
				"type": "Point",
				"coordinates": [
					 142.3517,
					 44.9211
				]
			},
			"properties": {
				"name": "JA8/SY-016(禿岳(三角点))",
				"読み":"Hagedake",
				"標高":"493m 1pt ",
				"GL":"QN14ew",
				"市郡区":"G#01015C ",
				"登山日":"",
				"メモ":"",
				"_markerType": "Icon",
				"_iconUrl": "https://maps.gsi.go.jp/portal/sys/v4/symbols/826.png",
				"_iconSize": [
					16,
					16
				],
				"_iconAnchor": [
					8,
					8
				]
			}
		},
		{
			"type": "Feature",
			"geometry": {
				"type": "Point",
				"coordinates": [
					 141.0158,
					 45.3725
				]
			},
			"properties": {
				"name": "JA8/SY-017(礼文岳)",
				"読み":"Rebundake",
				"標高":"490m 1pt ",
				"GL":"QN05mi",
				"市郡区":"G#01078A ",
				"登山日":"",
				"メモ":"",
				"_markerType": "Icon",
				"_iconUrl": "https://maps.gsi.go.jp/portal/sys/v4/symbols/826.png",
				"_iconSize": [
					16,
					16
				],
				"_iconAnchor": [
					8,
					8
				]
			}
		},
		{
			"type": "Feature",
			"geometry": {
				"type": "Point",
				"coordinates": [
					 142.4545,
					 44.7652
				]
			},
			"properties": {
				"name": "JA8/SY-018(点486)",
				"読み":"P486",
				"標高":"486m 1pt ",
				"GL":"QN14fs",
				"市郡区":"G#01015B ",
				"登山日":"",
				"メモ":"",
				"_markerType": "Icon",
				"_iconUrl": "https://maps.gsi.go.jp/portal/sys/v4/symbols/826.png",
				"_iconSize": [
					16,
					16
				],
				"_iconAnchor": [
					8,
					8
				]
			}
		},
		{
			"type": "Feature",
			"geometry": {
				"type": "Point",
				"coordinates": [
					 142.6272,
					 44.6781
				]
			},
			"properties": {
				"name": "JA8/SY-019(点473)",
				"読み":"P473",
				"標高":"473m 1pt ",
				"GL":"QN14hq",
				"市郡区":"G#01015B ",
				"登山日":"",
				"メモ":"",
				"_markerType": "Icon",
				"_iconUrl": "https://maps.gsi.go.jp/portal/sys/v4/symbols/826.png",
				"_iconSize": [
					16,
					16
				],
				"_iconAnchor": [
					8,
					8
				]
			}
		},
		{
			"type": "Feature",
			"geometry": {
				"type": "Point",
				"coordinates": [
					 142.471,
					 45.051
				]
			},
			"properties": {
				"name": "JA8/SY-020(点472(斜内山近傍))",
				"読み":"P472",
				"標高":"472m 1pt ",
				"GL":"QN15fb",
				"市郡区":"G#01015D / G#01015B ",
				"登山日":"",
				"メモ":"",
				"_markerType": "Icon",
				"_iconUrl": "https://maps.gsi.go.jp/portal/sys/v4/symbols/826.png",
				"_iconSize": [
					16,
					16
				],
				"_iconAnchor": [
					8,
					8
				]
			}
		},
		{
			"type": "Feature",
			"geometry": {
				"type": "Point",
				"coordinates": [
					 142.3669,
					 44.8164
				]
			},
			"properties": {
				"name": "JA8/SY-021(新田差尻(三角点))",
				"読み":"Shindensajiri",
				"標高":"447m 1pt ",
				"GL":"QN14et",
				"市郡区":"G#01015B ",
				"登山日":"",
				"メモ":"",
				"_markerType": "Icon",
				"_iconUrl": "https://maps.gsi.go.jp/portal/sys/v4/symbols/826.png",
				"_iconSize": [
					16,
					16
				],
				"_iconAnchor": [
					8,
					8
				]
			}
		},
		{
			"type": "Feature",
			"geometry": {
				"type": "Point",
				"coordinates": [
					 142.0085,
					 45.1656
				]
			},
			"properties": {
				"name": "JA8/SY-022(幌尻山)",
				"読み":"Poroshiriyama",
				"標高":"427m 1pt ",
				"GL":"QN15ad",
				"市郡区":"G#01046A / G#01041A ",
				"登山日":"",
				"メモ":"",
				"_markerType": "Icon",
				"_iconUrl": "https://maps.gsi.go.jp/portal/sys/v4/symbols/826.png",
				"_iconSize": [
					16,
					16
				],
				"_iconAnchor": [
					8,
					8
				]
			}
		},
		{
			"type": "Feature",
			"geometry": {
				"type": "Point",
				"coordinates": [
					 142.6436,
					 44.7736
				]
			},
			"properties": {
				"name": "JA8/SY-023(丸山(三角点))",
				"読み":"Maruyama",
				"標高":"359m 1pt ",
				"GL":"QN14hs",
				"市郡区":"G#01015B ",
				"登山日":"",
				"メモ":"",
				"_markerType": "Icon",
				"_iconUrl": "https://maps.gsi.go.jp/portal/sys/v4/symbols/826.png",
				"_iconSize": [
					16,
					16
				],
				"_iconAnchor": [
					8,
					8
				]
			}
		},
		{
			"type": "Feature",
			"geometry": {
				"type": "Point",
				"coordinates": [
					 142.1646,
					 45.051
				]
			},
			"properties": {
				"name": "JA8/SY-024(問寒別(三角点))",
				"読み":"Toikanbetsu",
				"標高":"356m 1pt ",
				"GL":"QN15bb",
				"市郡区":"G#01046B / G#01015D / G#01041A",
				"登山日":"",
				"メモ":"",
				"_markerType": "Icon",
				"_iconUrl": "https://maps.gsi.go.jp/portal/sys/v4/symbols/826.png",
				"_iconSize": [
					16,
					16
				],
				"_iconAnchor": [
					8,
					8
				]
			}
		},
		{
			"type": "Feature",
			"geometry": {
				"type": "Point",
				"coordinates": [
					 142.4085,
					 45.0591
				]
			},
			"properties": {
				"name": "JA8/SY-025(点341)",
				"読み":"P341",
				"標高":"341m 1pt ",
				"GL":"QN15eb",
				"市郡区":"G#01015D ",
				"登山日":"",
				"メモ":"",
				"_markerType": "Icon",
				"_iconUrl": "https://maps.gsi.go.jp/portal/sys/v4/symbols/826.png",
				"_iconSize": [
					16,
					16
				],
				"_iconAnchor": [
					8,
					8
				]
			}
		},
		{
			"type": "Feature",
			"geometry": {
				"type": "Point",
				"coordinates": [
					 142.5418,
					 44.9491
				]
			},
			"properties": {
				"name": "JA8/SY-026(高山(三角点))",
				"読み":"Takayama",
				"標高":"322m 1pt ",
				"GL":"QN14gw",
				"市郡区":"G#01015B ",
				"登山日":"",
				"メモ":"",
				"_markerType": "Icon",
				"_iconUrl": "https://maps.gsi.go.jp/portal/sys/v4/symbols/826.png",
				"_iconSize": [
					16,
					16
				],
				"_iconAnchor": [
					8,
					8
				]
			}
		},
		{
			"type": "Feature",
			"geometry": {
				"type": "Point",
				"coordinates": [
					 141.9969,
					 45.236
				]
			},
			"properties": {
				"name": "JA8/SY-027(恵丹白(三角点))",
				"読み":"Enashiro",
				"標高":"313m 1pt ",
				"GL":"QN05xf",
				"市郡区":"G#01041A / G#01046A / C#0114",
				"登山日":"",
				"メモ":"",
				"_markerType": "Icon",
				"_iconUrl": "https://maps.gsi.go.jp/portal/sys/v4/symbols/826.png",
				"_iconSize": [
					16,
					16
				],
				"_iconAnchor": [
					8,
					8
				]
			}
		},
		{
			"type": "Feature",
			"geometry": {
				"type": "Point",
				"coordinates": [
					 142.1914,
					 45.1102
				]
			},
			"properties": {
				"name": "JA8/SY-028(トキタイ山)",
				"読み":"Tokitaiyama",
				"標高":"292m 1pt ",
				"GL":"QN15cc",
				"市郡区":"G#01041A / G#01015D ",
				"登山日":"",
				"メモ":"",
				"_markerType": "Icon",
				"_iconUrl": "https://maps.gsi.go.jp/portal/sys/v4/symbols/826.png",
				"_iconSize": [
					16,
					16
				],
				"_iconAnchor": [
					8,
					8
				]
			}
		},
		{
			"type": "Feature",
			"geometry": {
				"type": "Point",
				"coordinates": [
					 142.1643,
					 45.1485
				]
			},
			"properties": {
				"name": "JA8/SY-029(サマキシリ山)",
				"読み":"Samakishiriyama",
				"標高":"264m 1pt ",
				"GL":"QN15bd",
				"市郡区":"G#01041A ",
				"登山日":"",
				"メモ":"",
				"_markerType": "Icon",
				"_iconUrl": "https://maps.gsi.go.jp/portal/sys/v4/symbols/826.png",
				"_iconSize": [
					16,
					16
				],
				"_iconAnchor": [
					8,
					8
				]
			}
		},
		{
			"type": "Feature",
			"geometry": {
				"type": "Point",
				"coordinates": [
					 141.8507,
					 45.3086
				]
			},
			"properties": {
				"name": "JA8/SY-030(タツナラシ山)",
				"読み":"Tatsunarashiyama",
				"標高":"223m 1pt ",
				"GL":"QN05wh",
				"市郡区":"C#0114 ",
				"登山日":"",
				"メモ":"",
				"_markerType": "Icon",
				"_iconUrl": "https://maps.gsi.go.jp/portal/sys/v4/symbols/826.png",
				"_iconSize": [
					16,
					16
				],
				"_iconAnchor": [
					8,
					8
				]
			}
		},
		{
			"type": "Feature",
			"geometry": {
				"type": "Point",
				"coordinates": [
					 141.6488,
					 45.4059
				]
			},
			"properties": {
				"name": "JA8/SY-031(篦射峰(三角点))",
				"読み":"Nosyabu",
				"標高":"211m 1pt ",
				"GL":"QN05tj",
				"市郡区":"C#0114 ",
				"登山日":"",
				"メモ":"",
				"_markerType": "Icon",
				"_iconUrl": "https://maps.gsi.go.jp/portal/sys/v4/symbols/826.png",
				"_iconSize": [
					16,
					16
				],
				"_iconAnchor": [
					8,
					8
				]
			}
		},
		{
			"type": "Feature",
			"geometry": {
				"type": "Point",
				"coordinates": [
					 142.4852,
					 44.6687
				]
			},
			"properties": {
				"name": "JA8/SY-032(点840)",
				"読み":"P840",
				"標高":"840m 4pt ",
				"GL":"QN14fq",
				"市郡区":"G#01015B ",
				"登山日":"",
				"メモ":"",
				"_markerType": "Icon",
				"_iconUrl": "https://maps.gsi.go.jp/portal/sys/v4/symbols/828.png",
				"_iconSize": [
					16,
					16
				],
				"_iconAnchor": [
					8,
					8
				]
			}
		},
		{
			"type": "Feature",
			"geometry": {
				"type": "Point",
				"coordinates": [
					 142.3598,
					 44.8699
				]
			},
			"properties": {
				"name": "JA8/SY-033(白楽山(三角点))",
				"読み":"Hakurakusan",
				"標高":"387m 1pt ",
				"GL":"QN14eu",
				"市郡区":"G#01015C / G#01015B ",
				"登山日":"",
				"メモ":"",
				"_markerType": "Icon",
				"_iconUrl": "https://maps.gsi.go.jp/portal/sys/v4/symbols/826.png",
				"_iconSize": [
					16,
					16
				],
				"_iconAnchor": [
					8,
					8
				]
			}
		},
		{
			"type": "Feature",
			"geometry": {
				"type": "Point",
				"coordinates": [
					 142.8488,
					 43.5271
				]
			},
			"properties": {
				"name": "JA8/TC-001(トムラウシ山)",
				"読み":"Tomuraushiyama",
				"標高":"2141m 10pt ",
				"GL":"QN13km",
				"市郡区":"G#01022B / G#01023I ",
				"登山日":"",
				"メモ":"",
				"_markerType": "Icon",
				"_iconUrl": "https://maps.gsi.go.jp/portal/sys/v4/symbols/101.png",
				"_iconSize": [
					16,
					16
				],
				"_iconAnchor": [
					8,
					8
				]
			}
		},
		{
			"type": "Feature",
			"geometry": {
				"type": "Point",
				"coordinates": [
					 143.0322,
					 43.456
				]
			},
			"properties": {
				"name": "JA8/TC-002(ニペソツ山)",
				"読み":"Nipesotsuyama",
				"標高":"2013m 10pt ",
				"GL":"QN13mk",
				"市郡区":"G#01022B / G#01019B ",
				"登山日":"",
				"メモ":"",
				"_markerType": "Icon",
				"_iconUrl": "https://maps.gsi.go.jp/portal/sys/v4/symbols/101.png",
				"_iconSize": [
					16,
					16
				],
				"_iconAnchor": [
					8,
					8
				]
			}
		},
		{
			"type": "Feature",
			"geometry": {
				"type": "Point",
				"coordinates": [
					 142.7515,
					 43.4702
				]
			},
			"properties": {
				"name": "JA8/TC-003(オプタテシケ山)",
				"読み":"Oputateshikeyama",
				"標高":"2013m 10pt ",
				"GL":"QN13jl",
				"市郡区":"G#01022B / G#01023I ",
				"登山日":"",
				"メモ":"",
				"_markerType": "Icon",
				"_iconUrl": "https://maps.gsi.go.jp/portal/sys/v4/symbols/101.png",
				"_iconSize": [
					16,
					16
				],
				"_iconAnchor": [
					8,
					8
				]
			}
		},
		{
			"type": "Feature",
			"geometry": {
				"type": "Point",
				"coordinates": [
					 142.6951,
					 42.7387
				]
			},
			"properties": {
				"name": "JA8/TC-004(戸蔦別岳)",
				"読み":"Tottabetsudake",
				"標高":"1959m 10pt ",
				"GL":"QN12ir",
				"市郡区":"G#01031B / C#0107 / G#01052A",
				"登山日":"",
				"メモ":"",
				"_markerType": "Icon",
				"_iconUrl": "https://maps.gsi.go.jp/portal/sys/v4/symbols/101.png",
				"_iconSize": [
					16,
					16
				],
				"_iconAnchor": [
					8,
					8
				]
			}
		},
		{
			"type": "Feature",
			"geometry": {
				"type": "Point",
				"coordinates": [
					 142.7708,
					 42.6399
				]
			},
			"properties": {
				"name": "JA8/TC-005(点1903)",
				"読み":"P1903",
				"標高":"1903m 10pt ",
				"GL":"QN12jp",
				"市郡区":"G#01018B ",
				"登山日":"",
				"メモ":"",
				"_markerType": "Icon",
				"_iconUrl": "https://maps.gsi.go.jp/portal/sys/v4/symbols/101.png",
				"_iconSize": [
					16,
					16
				],
				"_iconAnchor": [
					8,
					8
				]
			}
		},
		{
			"type": "Feature",
			"geometry": {
				"type": "Point",
				"coordinates": [
					 142.7578,
					 42.6894
				]
			},
			"properties": {
				"name": "JA8/TC-006(エサオマントッタベツ岳)",
				"読み":"Esaomantottabetsudake",
				"標高":"1902m 10pt ",
				"GL":"QN12jq",
				"市郡区":"G#01052A / C#0107 ",
				"登山日":"",
				"メモ":"",
				"_markerType": "Icon",
				"_iconUrl": "https://maps.gsi.go.jp/portal/sys/v4/symbols/101.png",
				"_iconSize": [
					16,
					16
				],
				"_iconAnchor": [
					8,
					8
				]
			}
		},
		{
			"type": "Feature",
			"geometry": {
				"type": "Point",
				"coordinates": [
					 142.7967,
					 42.6938
				]
			},
			"properties": {
				"name": "JA8/TC-007(札内岳)",
				"読み":"Satsunaidake",
				"標高":"1895m 10pt ",
				"GL":"QN12jq",
				"市郡区":"C#0107 / G#01018B ",
				"登山日":"",
				"メモ":"",
				"_markerType": "Icon",
				"_iconUrl": "https://maps.gsi.go.jp/portal/sys/v4/symbols/101.png",
				"_iconSize": [
					16,
					16
				],
				"_iconAnchor": [
					8,
					8
				]
			}
		},
		{
			"type": "Feature",
			"geometry": {
				"type": "Point",
				"coordinates": [
					 143.0444,
					 43.4702
				]
			},
			"properties": {
				"name": "JA8/TC-008(点1888)",
				"読み":"P1888",
				"標高":"1888m 10pt ",
				"GL":"QN13ml",
				"市郡区":"G#01022B / G#01019B ",
				"登山日":"",
				"メモ":"",
				"_markerType": "Icon",
				"_iconUrl": "https://maps.gsi.go.jp/portal/sys/v4/symbols/101.png",
				"_iconSize": [
					16,
					16
				],
				"_iconAnchor": [
					8,
					8
				]
			}
		},
		{
			"type": "Feature",
			"geometry": {
				"type": "Point",
				"coordinates": [
					 143.0821,
					 43.3895
				]
			},
			"properties": {
				"name": "JA8/TC-009(ウペペサンケ山)",
				"読み":"Upepesankeyama",
				"標高":"1848m 10pt ",
				"GL":"QN13mj",
				"市郡区":"G#01019C / G#01019B ",
				"登山日":"",
				"メモ":"",
				"_markerType": "Icon",
				"_iconUrl": "https://maps.gsi.go.jp/portal/sys/v4/symbols/101.png",
				"_iconSize": [
					16,
					16
				],
				"_iconAnchor": [
					8,
					8
				]
			}
		},
		{
			"type": "Feature",
			"geometry": {
				"type": "Point",
				"coordinates": [
					 142.8594,
					 42.6955
				]
			},
			"properties": {
				"name": "JA8/TC-010(十勝幌尻岳)",
				"読み":"Tokachiporoshiridake",
				"標高":"1846m 10pt ",
				"GL":"QN12kq",
				"市郡区":"C#0107 / G#01018B ",
				"登山日":"",
				"メモ":"",
				"_markerType": "Icon",
				"_iconUrl": "https://maps.gsi.go.jp/portal/sys/v4/symbols/101.png",
				"_iconSize": [
					16,
					16
				],
				"_iconAnchor": [
					8,
					8
				]
			}
		},
		{
			"type": "Feature",
			"geometry": {
				"type": "Point",
				"coordinates": [
					 142.6933,
					 43.388
				]
			},
			"properties": {
				"name": "JA8/TC-011(境山)",
				"読み":"Sakaiyama",
				"標高":"1837m 10pt ",
				"GL":"QN13ij",
				"市郡区":"G#01022B / G#01043C ",
				"登山日":"",
				"メモ":"",
				"_markerType": "Icon",
				"_iconUrl": "https://maps.gsi.go.jp/portal/sys/v4/symbols/101.png",
				"_iconSize": [
					16,
					16
				],
				"_iconAnchor": [
					8,
					8
				]
			}
		},
		{
			"type": "Feature",
			"geometry": {
				"type": "Point",
				"coordinates": [
					 142.7656,
					 42.7758
				]
			},
			"properties": {
				"name": "JA8/TC-012(伏美岳)",
				"読み":"Fushimidake",
				"標高":"1792m 10pt ",
				"GL":"QN12js",
				"市郡区":"G#01018C / C#0107 ",
				"登山日":"",
				"メモ":"",
				"_markerType": "Icon",
				"_iconUrl": "https://maps.gsi.go.jp/portal/sys/v4/symbols/101.png",
				"_iconSize": [
					16,
					16
				],
				"_iconAnchor": [
					8,
					8
				]
			}
		},
		{
			"type": "Feature",
			"geometry": {
				"type": "Point",
				"coordinates": [
					 142.7854,
					 42.869
				]
			},
			"properties": {
				"name": "JA8/TC-013(芽室岳)",
				"読み":"Memurodake",
				"標高":"1754m 10pt ",
				"GL":"QN12ju",
				"市郡区":"G#01031A / G#01022A / G#01018C",
				"登山日":"",
				"メモ":"",
				"_markerType": "Icon",
				"_iconUrl": "https://maps.gsi.go.jp/portal/sys/v4/symbols/101.png",
				"_iconSize": [
					16,
					16
				],
				"_iconAnchor": [
					8,
					8
				]
			}
		},
		{
			"type": "Feature",
			"geometry": {
				"type": "Point",
				"coordinates": [
					 142.871,
					 42.4993
				]
			},
			"properties": {
				"name": "JA8/TC-014(ペテガリ岳)",
				"読み":"Petegaridake",
				"標高":"1736m 10pt ",
				"GL":"QN12kl",
				"市郡区":"G#01080A / G#01060A ",
				"登山日":"",
				"メモ":"",
				"_markerType": "Icon",
				"_iconUrl": "https://maps.gsi.go.jp/portal/sys/v4/symbols/101.png",
				"_iconSize": [
					16,
					16
				],
				"_iconAnchor": [
					8,
					8
				]
			}
		},
		{
			"type": "Feature",
			"geometry": {
				"type": "Point",
				"coordinates": [
					 142.7824,
					 42.7636
				]
			},
			"properties": {
				"name": "JA8/TC-015(妙敷山)",
				"読み":"Oshikiyama",
				"標高":"1731m 10pt ",
				"GL":"QN12js",
				"市郡区":"C#0107 / G#01018C ",
				"登山日":"",
				"メモ":"",
				"_markerType": "Icon",
				"_iconUrl": "https://maps.gsi.go.jp/portal/sys/v4/symbols/101.png",
				"_iconSize": [
					16,
					16
				],
				"_iconAnchor": [
					8,
					8
				]
			}
		},
		{
			"type": "Feature",
			"geometry": {
				"type": "Point",
				"coordinates": [
					 142.7216,
					 42.7918
				]
			},
			"properties": {
				"name": "JA8/TC-016(点1712)",
				"読み":"P1712",
				"標高":"1712m 10pt ",
				"GL":"QN12it",
				"市郡区":"G#01031A / G#01018C ",
				"登山日":"",
				"メモ":"",
				"_markerType": "Icon",
				"_iconUrl": "https://maps.gsi.go.jp/portal/sys/v4/symbols/101.png",
				"_iconSize": [
					16,
					16
				],
				"_iconAnchor": [
					8,
					8
				]
			}
		},
		{
			"type": "Feature",
			"geometry": {
				"type": "Point",
				"coordinates": [
					 142.8107,
					 43.5102
				]
			},
			"properties": {
				"name": "JA8/TC-017(ツリガネ山)",
				"読み":"Tsuriganeyama",
				"標高":"1708m 10pt ",
				"GL":"QN13jm",
				"市郡区":"G#01022B ",
				"登山日":"",
				"メモ":"",
				"_markerType": "Icon",
				"_iconUrl": "https://maps.gsi.go.jp/portal/sys/v4/symbols/101.png",
				"_iconSize": [
					16,
					16
				],
				"_iconAnchor": [
					8,
					8
				]
			}
		},
		{
			"type": "Feature",
			"geometry": {
				"type": "Point",
				"coordinates": [
					 143.031,
					 43.4175
				]
			},
			"properties": {
				"name": "JA8/TC-018(丸山)",
				"読み":"Maruyama",
				"標高":"1692m 10pt ",
				"GL":"QN13mk",
				"市郡区":"G#01019B / G#01022B ",
				"登山日":"",
				"メモ":"",
				"_markerType": "Icon",
				"_iconUrl": "https://maps.gsi.go.jp/portal/sys/v4/symbols/101.png",
				"_iconSize": [
					16,
					16
				],
				"_iconAnchor": [
					8,
					8
				]
			}
		},
		{
			"type": "Feature",
			"geometry": {
				"type": "Point",
				"coordinates": [
					 142.7782,
					 43.4942
				]
			},
			"properties": {
				"name": "JA8/TC-019(点1668)",
				"読み":"P1668",
				"標高":"1668m 10pt ",
				"GL":"QN13jl",
				"市郡区":"G#01022B / G#01023I ",
				"登山日":"",
				"メモ":"",
				"_markerType": "Icon",
				"_iconUrl": "https://maps.gsi.go.jp/portal/sys/v4/symbols/101.png",
				"_iconSize": [
					16,
					16
				],
				"_iconAnchor": [
					8,
					8
				]
			}
		},
		{
			"type": "Feature",
			"geometry": {
				"type": "Point",
				"coordinates": [
					 143.0455,
					 43.3987
				]
			},
			"properties": {
				"name": "JA8/TC-020(東丸山)",
				"読み":"Higashimaruyama",
				"標高":"1666m 10pt ",
				"GL":"QN13mj",
				"市郡区":"G#01019B ",
				"登山日":"",
				"メモ":"",
				"_markerType": "Icon",
				"_iconUrl": "https://maps.gsi.go.jp/portal/sys/v4/symbols/101.png",
				"_iconSize": [
					16,
					16
				],
				"_iconAnchor": [
					8,
					8
				]
			}
		},
		{
			"type": "Feature",
			"geometry": {
				"type": "Point",
				"coordinates": [
					 143.2333,
					 43.5191
				]
			},
			"properties": {
				"name": "JA8/TC-021(西クマネシリ岳)",
				"読み":"Nishikumaneshiridake",
				"標高":"1635m 10pt ",
				"GL":"QN13om",
				"市郡区":"G#01019B / G#01002A ",
				"登山日":"",
				"メモ":"",
				"_markerType": "Icon",
				"_iconUrl": "https://maps.gsi.go.jp/portal/sys/v4/symbols/101.png",
				"_iconSize": [
					16,
					16
				],
				"_iconAnchor": [
					8,
					8
				]
			}
		},
		{
			"type": "Feature",
			"geometry": {
				"type": "Point",
				"coordinates": [
					 142.9668,
					 42.4022
				]
			},
			"properties": {
				"name": "JA8/TC-022(ピリカヌプリ)",
				"読み":"Pirikanupuri",
				"標高":"1631m 10pt ",
				"GL":"QN12lj",
				"市郡区":"G#01013A / G#01060A ",
				"登山日":"",
				"メモ":"",
				"_markerType": "Icon",
				"_iconUrl": "https://maps.gsi.go.jp/portal/sys/v4/symbols/101.png",
				"_iconSize": [
					16,
					16
				],
				"_iconAnchor": [
					8,
					8
				]
			}
		},
		{
			"type": "Feature",
			"geometry": {
				"type": "Point",
				"coordinates": [
					 142.8267,
					 42.656
				]
			},
			"properties": {
				"name": "JA8/TC-023(中岳(三角点))",
				"読み":"Nakadake",
				"標高":"1628m 10pt ",
				"GL":"QN12jp",
				"市郡区":"G#01018B ",
				"登山日":"",
				"メモ":"",
				"_markerType": "Icon",
				"_iconUrl": "https://maps.gsi.go.jp/portal/sys/v4/symbols/101.png",
				"_iconSize": [
					16,
					16
				],
				"_iconAnchor": [
					8,
					8
				]
			}
		},
		{
			"type": "Feature",
			"geometry": {
				"type": "Point",
				"coordinates": [
					 143.2253,
					 43.5278
				]
			},
			"properties": {
				"name": "JA8/TC-024(ピリベツ岳)",
				"読み":"Piribetsudake",
				"標高":"1602m 10pt ",
				"GL":"QN13om",
				"市郡区":"G#01019B ",
				"登山日":"",
				"メモ":"",
				"_markerType": "Icon",
				"_iconUrl": "https://maps.gsi.go.jp/portal/sys/v4/symbols/101.png",
				"_iconSize": [
					16,
					16
				],
				"_iconAnchor": [
					8,
					8
				]
			}
		},
		{
			"type": "Feature",
			"geometry": {
				"type": "Point",
				"coordinates": [
					 142.8393,
					 42.6065
				]
			},
			"properties": {
				"name": "JA8/TC-025(ピラトミ山)",
				"読み":"Piratomiyama",
				"標高":"1588m 10pt ",
				"GL":"QN12ko",
				"市郡区":"G#01018B ",
				"登山日":"",
				"メモ":"",
				"_markerType": "Icon",
				"_iconUrl": "https://maps.gsi.go.jp/portal/sys/v4/symbols/101.png",
				"_iconSize": [
					16,
					16
				],
				"_iconAnchor": [
					8,
					8
				]
			}
		},
		{
			"type": "Feature",
			"geometry": {
				"type": "Point",
				"coordinates": [
					 143.2449,
					 43.4923
				]
			},
			"properties": {
				"name": "JA8/TC-026(南クマネシリ岳)",
				"読み":"Minamikumaneshiridake",
				"標高":"1560m 10pt ",
				"GL":"QN13ol",
				"市郡区":"G#01002A ",
				"登山日":"",
				"メモ":"",
				"_markerType": "Icon",
				"_iconUrl": "https://maps.gsi.go.jp/portal/sys/v4/symbols/101.png",
				"_iconSize": [
					16,
					16
				],
				"_iconAnchor": [
					8,
					8
				]
			}
		},
		{
			"type": "Feature",
			"geometry": {
				"type": "Point",
				"coordinates": [
					 142.8846,
					 42.468
				]
			},
			"properties": {
				"name": "JA8/TC-027(中ノ岳)",
				"読み":"Nakanodake",
				"標高":"1519m 10pt ",
				"GL":"QN12kl",
				"市郡区":"G#01080A / G#01060A ",
				"登山日":"",
				"メモ":"",
				"_markerType": "Icon",
				"_iconUrl": "https://maps.gsi.go.jp/portal/sys/v4/symbols/101.png",
				"_iconSize": [
					16,
					16
				],
				"_iconAnchor": [
					8,
					8
				]
			}
		},
		{
			"type": "Feature",
			"geometry": {
				"type": "Point",
				"coordinates": [
					 142.8626,
					 42.6581
				]
			},
			"properties": {
				"name": "JA8/TC-028(岩内岳)",
				"読み":"Iwanaidake",
				"標高":"1498m 8pt ",
				"GL":"QN12kp",
				"市郡区":"C#0107 / G#01018B ",
				"登山日":"",
				"メモ":"",
				"_markerType": "Icon",
				"_iconUrl": "https://maps.gsi.go.jp/portal/sys/v4/symbols/104.png",
				"_iconSize": [
					16,
					16
				],
				"_iconAnchor": [
					8,
					8
				]
			}
		},
		{
			"type": "Feature",
			"geometry": {
				"type": "Point",
				"coordinates": [
					 142.8967,
					 42.4502
				]
			},
			"properties": {
				"name": "JA8/TC-029(点1493)",
				"読み":"P1493",
				"標高":"1493m 8pt ",
				"GL":"QN12kk",
				"市郡区":"G#01013A / G#01060A ",
				"登山日":"",
				"メモ":"",
				"_markerType": "Icon",
				"_iconUrl": "https://maps.gsi.go.jp/portal/sys/v4/symbols/104.png",
				"_iconSize": [
					16,
					16
				],
				"_iconAnchor": [
					8,
					8
				]
			}
		},
		{
			"type": "Feature",
			"geometry": {
				"type": "Point",
				"coordinates": [
					 144.0065,
					 43.3741
				]
			},
			"properties": {
				"name": "JA8/TC-030(雌阿寒岳(阿寒富士))",
				"読み":"Meakandake/Akanfuji",
				"標高":"1476m 8pt ",
				"GL":"QN23ai",
				"市郡区":"G#01002A / G#01038A ",
				"登山日":"",
				"メモ":"",
				"_markerType": "Icon",
				"_iconUrl": "https://maps.gsi.go.jp/portal/sys/v4/symbols/104.png",
				"_iconSize": [
					16,
					16
				],
				"_iconAnchor": [
					8,
					8
				]
			}
		},
		{
			"type": "Feature",
			"geometry": {
				"type": "Point",
				"coordinates": [
					 142.7739,
					 42.8009
				]
			},
			"properties": {
				"name": "JA8/TC-031(トムラウシ山)",
				"読み":"Tomuraushiyama",
				"標高":"1476m 8pt ",
				"GL":"QN12jt",
				"市郡区":"G#01018C ",
				"登山日":"",
				"メモ":"",
				"_markerType": "Icon",
				"_iconUrl": "https://maps.gsi.go.jp/portal/sys/v4/symbols/104.png",
				"_iconSize": [
					16,
					16
				],
				"_iconAnchor": [
					8,
					8
				]
			}
		},
		{
			"type": "Feature",
			"geometry": {
				"type": "Point",
				"coordinates": [
					 143.1112,
					 42.2725
				]
			},
			"properties": {
				"name": "JA8/TC-032(楽古岳)",
				"読み":"Rakkodake",
				"標高":"1471m 8pt ",
				"GL":"QN12ng",
				"市郡区":"G#01060C / G#01013A ",
				"登山日":"",
				"メモ":"",
				"_markerType": "Icon",
				"_iconUrl": "https://maps.gsi.go.jp/portal/sys/v4/symbols/104.png",
				"_iconSize": [
					16,
					16
				],
				"_iconAnchor": [
					8,
					8
				]
			}
		},
		{
			"type": "Feature",
			"geometry": {
				"type": "Point",
				"coordinates": [
					 143.0888,
					 43.3175
				]
			},
			"properties": {
				"name": "JA8/TC-033(北ペトウトル山)",
				"読み":"Kitapetoutoruyama",
				"標高":"1421m 8pt ",
				"GL":"QN13nh",
				"市郡区":"G#01019C ",
				"登山日":"",
				"メモ":"",
				"_markerType": "Icon",
				"_iconUrl": "https://maps.gsi.go.jp/portal/sys/v4/symbols/104.png",
				"_iconSize": [
					16,
					16
				],
				"_iconAnchor": [
					8,
					8
				]
			}
		},
		{
			"type": "Feature",
			"geometry": {
				"type": "Point",
				"coordinates": [
					 143.0856,
					 43.2932
				]
			},
			"properties": {
				"name": "JA8/TC-034(点1414(南ペトウトル山近傍))",
				"読み":"P1414",
				"標高":"1414m 8pt ",
				"GL":"QN13nh",
				"市郡区":"G#01019C ",
				"登山日":"",
				"メモ":"",
				"_markerType": "Icon",
				"_iconUrl": "https://maps.gsi.go.jp/portal/sys/v4/symbols/104.png",
				"_iconSize": [
					16,
					16
				],
				"_iconAnchor": [
					8,
					8
				]
			}
		},
		{
			"type": "Feature",
			"geometry": {
				"type": "Point",
				"coordinates": [
					 143.0822,
					 43.2784
				]
			},
			"properties": {
				"name": "JA8/TC-035(点1365(南ペトウトル山近傍))",
				"読み":"P1365",
				"標高":"1365m 8pt ",
				"GL":"QN13mg",
				"市郡区":"G#01019C ",
				"登山日":"",
				"メモ":"",
				"_markerType": "Icon",
				"_iconUrl": "https://maps.gsi.go.jp/portal/sys/v4/symbols/104.png",
				"_iconSize": [
					16,
					16
				],
				"_iconAnchor": [
					8,
					8
				]
			}
		},
		{
			"type": "Feature",
			"geometry": {
				"type": "Point",
				"coordinates": [
					 142.9767,
					 43.4725
				]
			},
			"properties": {
				"name": "JA8/TC-036(点1355(ポントムラ山近傍))",
				"読み":"P1355",
				"標高":"1355m 8pt ",
				"GL":"QN13ll",
				"市郡区":"G#01022B ",
				"登山日":"",
				"メモ":"",
				"_markerType": "Icon",
				"_iconUrl": "https://maps.gsi.go.jp/portal/sys/v4/symbols/104.png",
				"_iconSize": [
					16,
					16
				],
				"_iconAnchor": [
					8,
					8
				]
			}
		},
		{
			"type": "Feature",
			"geometry": {
				"type": "Point",
				"coordinates": [
					 143.0478,
					 42.3292
				]
			},
			"properties": {
				"name": "JA8/TC-037(野塚岳)",
				"読み":"Nodukadake",
				"標高":"1353m 8pt ",
				"GL":"QN12mh",
				"市郡区":"G#01013A / G#01060C ",
				"登山日":"",
				"メモ":"",
				"_markerType": "Icon",
				"_iconUrl": "https://maps.gsi.go.jp/portal/sys/v4/symbols/104.png",
				"_iconSize": [
					16,
					16
				],
				"_iconAnchor": [
					8,
					8
				]
			}
		},
		{
			"type": "Feature",
			"geometry": {
				"type": "Point",
				"coordinates": [
					 143.2258,
					 43.5623
				]
			},
			"properties": {
				"name": "JA8/TC-038(下勝北(三角点))",
				"読み":"Shimokachikita",
				"標高":"1352m 8pt ",
				"GL":"QN13on",
				"市郡区":"G#01019B / G#01048B ",
				"登山日":"",
				"メモ":"",
				"_markerType": "Icon",
				"_iconUrl": "https://maps.gsi.go.jp/portal/sys/v4/symbols/104.png",
				"_iconSize": [
					16,
					16
				],
				"_iconAnchor": [
					8,
					8
				]
			}
		},
		{
			"type": "Feature",
			"geometry": {
				"type": "Point",
				"coordinates": [
					 143.1487,
					 43.2992
				]
			},
			"properties": {
				"name": "JA8/TC-039(ナイタイ山)",
				"読み":"Naitaizan",
				"標高":"1332m 8pt ",
				"GL":"QN13nh",
				"市郡区":"G#01019B ",
				"登山日":"",
				"メモ":"",
				"_markerType": "Icon",
				"_iconUrl": "https://maps.gsi.go.jp/portal/sys/v4/symbols/104.png",
				"_iconSize": [
					16,
					16
				],
				"_iconAnchor": [
					8,
					8
				]
			}
		},
		{
			"type": "Feature",
			"geometry": {
				"type": "Point",
				"coordinates": [
					 143.4563,
					 43.4477
				]
			},
			"properties": {
				"name": "JA8/TC-040(喜登牛山)",
				"読み":"Kitoushiyama",
				"標高":"1312m 8pt ",
				"GL":"QN13rk",
				"市郡区":"G#01002A / G#01002B ",
				"登山日":"",
				"メモ":"",
				"_markerType": "Icon",
				"_iconUrl": "https://maps.gsi.go.jp/portal/sys/v4/symbols/104.png",
				"_iconSize": [
					16,
					16
				],
				"_iconAnchor": [
					8,
					8
				]
			}
		},
		{
			"type": "Feature",
			"geometry": {
				"type": "Point",
				"coordinates": [
					 142.9849,
					 43.2967
				]
			},
			"properties": {
				"name": "JA8/TC-041(ピシカチナイ山)",
				"読み":"Pishikachinaiyama",
				"標高":"1310m 8pt ",
				"GL":"QN13lh",
				"市郡区":"G#01022B / G#01019C ",
				"登山日":"",
				"メモ":"",
				"_markerType": "Icon",
				"_iconUrl": "https://maps.gsi.go.jp/portal/sys/v4/symbols/104.png",
				"_iconSize": [
					16,
					16
				],
				"_iconAnchor": [
					8,
					8
				]
			}
		},
		{
			"type": "Feature",
			"geometry": {
				"type": "Point",
				"coordinates": [
					 142.9007,
					 42.6149
				]
			},
			"properties": {
				"name": "JA8/TC-042(平天狗(三角点))",
				"読み":"Hiratengu",
				"標高":"1297m 8pt ",
				"GL":"QN12ko",
				"市郡区":"C#0107 / G#01018B ",
				"登山日":"",
				"メモ":"",
				"_markerType": "Icon",
				"_iconUrl": "https://maps.gsi.go.jp/portal/sys/v4/symbols/104.png",
				"_iconSize": [
					16,
					16
				],
				"_iconAnchor": [
					8,
					8
				]
			}
		},
		{
			"type": "Feature",
			"geometry": {
				"type": "Point",
				"coordinates": [
					 143.1455,
					 43.3501
				]
			},
			"properties": {
				"name": "JA8/TC-043(温泉山)",
				"読み":"Onsenyama",
				"標高":"1290m 8pt ",
				"GL":"QN13ni",
				"市郡区":"G#01019B ",
				"登山日":"",
				"メモ":"",
				"_markerType": "Icon",
				"_iconUrl": "https://maps.gsi.go.jp/portal/sys/v4/symbols/104.png",
				"_iconSize": [
					16,
					16
				],
				"_iconAnchor": [
					8,
					8
				]
			}
		},
		{
			"type": "Feature",
			"geometry": {
				"type": "Point",
				"coordinates": [
					 143.0589,
					 43.2779
				]
			},
			"properties": {
				"name": "JA8/TC-044(崩山)",
				"読み":"Kuzureyama",
				"標高":"1280m 8pt ",
				"GL":"QN13mg",
				"市郡区":"G#01019C ",
				"登山日":"",
				"メモ":"",
				"_markerType": "Icon",
				"_iconUrl": "https://maps.gsi.go.jp/portal/sys/v4/symbols/104.png",
				"_iconSize": [
					16,
					16
				],
				"_iconAnchor": [
					8,
					8
				]
			}
		},
		{
			"type": "Feature",
			"geometry": {
				"type": "Point",
				"coordinates": [
					 142.9268,
					 42.5606
				]
			},
			"properties": {
				"name": "JA8/TC-045(富良牛(三角点))",
				"読み":"Furaushi",
				"標高":"1278m 8pt ",
				"GL":"QN12ln",
				"市郡区":"G#01018B / G#01060A ",
				"登山日":"",
				"メモ":"",
				"_markerType": "Icon",
				"_iconUrl": "https://maps.gsi.go.jp/portal/sys/v4/symbols/104.png",
				"_iconSize": [
					16,
					16
				],
				"_iconAnchor": [
					8,
					8
				]
			}
		},
		{
			"type": "Feature",
			"geometry": {
				"type": "Point",
				"coordinates": [
					 143.0097,
					 43.3221
				]
			},
			"properties": {
				"name": "JA8/TC-046(然別山)",
				"読み":"Shikaribetsuyama",
				"標高":"1264m 8pt ",
				"GL":"QN13mh",
				"市郡区":"G#01019C / G#01022B ",
				"登山日":"",
				"メモ":"",
				"_markerType": "Icon",
				"_iconUrl": "https://maps.gsi.go.jp/portal/sys/v4/symbols/104.png",
				"_iconSize": [
					16,
					16
				],
				"_iconAnchor": [
					8,
					8
				]
			}
		},
		{
			"type": "Feature",
			"geometry": {
				"type": "Point",
				"coordinates": [
					 142.9446,
					 43.4248
				]
			},
			"properties": {
				"name": "JA8/TC-047(点1264)",
				"読み":"P1264",
				"標高":"1264m 8pt ",
				"GL":"QN13lk",
				"市郡区":"G#01022B ",
				"登山日":"",
				"メモ":"",
				"_markerType": "Icon",
				"_iconUrl": "https://maps.gsi.go.jp/portal/sys/v4/symbols/104.png",
				"_iconSize": [
					16,
					16
				],
				"_iconAnchor": [
					8,
					8
				]
			}
		},
		{
			"type": "Feature",
			"geometry": {
				"type": "Point",
				"coordinates": [
					 143.0309,
					 42.3971
				]
			},
			"properties": {
				"name": "JA8/TC-048(坂隘安(三角点))",
				"読み":"Sakaaiyasu",
				"標高":"1259m 8pt ",
				"GL":"QN12mj",
				"市郡区":"G#01060A / G#01060C ",
				"登山日":"",
				"メモ":"",
				"_markerType": "Icon",
				"_iconUrl": "https://maps.gsi.go.jp/portal/sys/v4/symbols/104.png",
				"_iconSize": [
					16,
					16
				],
				"_iconAnchor": [
					8,
					8
				]
			}
		},
		{
			"type": "Feature",
			"geometry": {
				"type": "Point",
				"coordinates": [
					 143.1021,
					 43.2458
				]
			},
			"properties": {
				"name": "JA8/TC-049(東ヌプカウシヌプリ)",
				"読み":"Higashinupukaushinupuri",
				"標高":"1252m 8pt ",
				"GL":"QN13nf",
				"市郡区":"G#01019C / G#01019D ",
				"登山日":"",
				"メモ":"",
				"_markerType": "Icon",
				"_iconUrl": "https://maps.gsi.go.jp/portal/sys/v4/symbols/104.png",
				"_iconSize": [
					16,
					16
				],
				"_iconAnchor": [
					8,
					8
				]
			}
		},
		{
			"type": "Feature",
			"geometry": {
				"type": "Point",
				"coordinates": [
					 143.0826,
					 43.2556
				]
			},
			"properties": {
				"name": "JA8/TC-050(西ヌプカウシヌプリ)",
				"読み":"Nishinupukaushinupuri",
				"標高":"1251m 8pt ",
				"GL":"QN13mg",
				"市郡区":"G#01019C ",
				"登山日":"",
				"メモ":"",
				"_markerType": "Icon",
				"_iconUrl": "https://maps.gsi.go.jp/portal/sys/v4/symbols/104.png",
				"_iconSize": [
					16,
					16
				],
				"_iconAnchor": [
					8,
					8
				]
			}
		},
		{
			"type": "Feature",
			"geometry": {
				"type": "Point",
				"coordinates": [
					 142.931,
					 43.4362
				]
			},
			"properties": {
				"name": "JA8/TC-051(ポントムラウシ山)",
				"読み":"Pontomuraushiyama",
				"標高":"1247m 8pt ",
				"GL":"QN13lk",
				"市郡区":"G#01022B ",
				"登山日":"",
				"メモ":"",
				"_markerType": "Icon",
				"_iconUrl": "https://maps.gsi.go.jp/portal/sys/v4/symbols/104.png",
				"_iconSize": [
					16,
					16
				],
				"_iconAnchor": [
					8,
					8
				]
			}
		},
		{
			"type": "Feature",
			"geometry": {
				"type": "Point",
				"coordinates": [
					 143.1686,
					 43.3293
				]
			},
			"properties": {
				"name": "JA8/TC-052(点1240)",
				"読み":"P1240",
				"標高":"1240m 8pt ",
				"GL":"QN13oh",
				"市郡区":"G#01019B ",
				"登山日":"",
				"メモ":"",
				"_markerType": "Icon",
				"_iconUrl": "https://maps.gsi.go.jp/portal/sys/v4/symbols/104.png",
				"_iconSize": [
					16,
					16
				],
				"_iconAnchor": [
					8,
					8
				]
			}
		},
		{
			"type": "Feature",
			"geometry": {
				"type": "Point",
				"coordinates": [
					 143.0709,
					 42.3504
				]
			},
			"properties": {
				"name": "JA8/TC-053(点1225(奥華室(三角点)近傍))",
				"読み":"P1225",
				"標高":"1225m 8pt ",
				"GL":"QN12mi",
				"市郡区":"G#01060C ",
				"登山日":"",
				"メモ":"",
				"_markerType": "Icon",
				"_iconUrl": "https://maps.gsi.go.jp/portal/sys/v4/symbols/104.png",
				"_iconSize": [
					16,
					16
				],
				"_iconAnchor": [
					8,
					8
				]
			}
		},
		{
			"type": "Feature",
			"geometry": {
				"type": "Point",
				"coordinates": [
					 143.2379,
					 43.4165
				]
			},
			"properties": {
				"name": "JA8/TC-054(勇内(三角点))",
				"読み":"Yuunai",
				"標高":"1220m 8pt ",
				"GL":"QN13oj",
				"市郡区":"G#01002A / G#01019B ",
				"登山日":"",
				"メモ":"",
				"_markerType": "Icon",
				"_iconUrl": "https://maps.gsi.go.jp/portal/sys/v4/symbols/104.png",
				"_iconSize": [
					16,
					16
				],
				"_iconAnchor": [
					8,
					8
				]
			}
		},
		{
			"type": "Feature",
			"geometry": {
				"type": "Point",
				"coordinates": [
					 142.8851,
					 42.8487
				]
			},
			"properties": {
				"name": "JA8/TC-055(剣山)",
				"読み":"Tsurugiyama",
				"標高":"1205m 8pt ",
				"GL":"QN12ku",
				"市郡区":"G#01022A / G#01018C ",
				"登山日":"",
				"メモ":"",
				"_markerType": "Icon",
				"_iconUrl": "https://maps.gsi.go.jp/portal/sys/v4/symbols/104.png",
				"_iconSize": [
					16,
					16
				],
				"_iconAnchor": [
					8,
					8
				]
			}
		},
		{
			"type": "Feature",
			"geometry": {
				"type": "Point",
				"coordinates": [
					 143.1153,
					 43.2588
				]
			},
			"properties": {
				"name": "JA8/TC-056(白雲山)",
				"読み":"Hakuunzan",
				"標高":"1186m 8pt ",
				"GL":"QN13ng",
				"市郡区":"G#01019B ",
				"登山日":"",
				"メモ":"",
				"_markerType": "Icon",
				"_iconUrl": "https://maps.gsi.go.jp/portal/sys/v4/symbols/104.png",
				"_iconSize": [
					16,
					16
				],
				"_iconAnchor": [
					8,
					8
				]
			}
		},
		{
			"type": "Feature",
			"geometry": {
				"type": "Point",
				"coordinates": [
					 143.2112,
					 43.4492
				]
			},
			"properties": {
				"name": "JA8/TC-057(多牛別(三角点))",
				"読み":"Taushibetsu",
				"標高":"1185m 8pt ",
				"GL":"QN13ok",
				"市郡区":"G#01019B / G#01002A ",
				"登山日":"",
				"メモ":"",
				"_markerType": "Icon",
				"_iconUrl": "https://maps.gsi.go.jp/portal/sys/v4/symbols/104.png",
				"_iconSize": [
					16,
					16
				],
				"_iconAnchor": [
					8,
					8
				]
			}
		},
		{
			"type": "Feature",
			"geometry": {
				"type": "Point",
				"coordinates": [
					 143.125,
					 43.2641
				]
			},
			"properties": {
				"name": "JA8/TC-058(天望山)",
				"読み":"Tenbozan",
				"標高":"1174m 8pt ",
				"GL":"QN13ng",
				"市郡区":"G#01019B ",
				"登山日":"",
				"メモ":"",
				"_markerType": "Icon",
				"_iconUrl": "https://maps.gsi.go.jp/portal/sys/v4/symbols/104.png",
				"_iconSize": [
					16,
					16
				],
				"_iconAnchor": [
					8,
					8
				]
			}
		},
		{
			"type": "Feature",
			"geometry": {
				"type": "Point",
				"coordinates": [
					 143.1313,
					 43.4483
				]
			},
			"properties": {
				"name": "JA8/TC-059(ホロカ山)",
				"読み":"Horokayama",
				"標高":"1166m 8pt ",
				"GL":"QN13nk",
				"市郡区":"G#01019B ",
				"登山日":"",
				"メモ":"",
				"_markerType": "Icon",
				"_iconUrl": "https://maps.gsi.go.jp/portal/sys/v4/symbols/104.png",
				"_iconSize": [
					16,
					16
				],
				"_iconAnchor": [
					8,
					8
				]
			}
		},
		{
			"type": "Feature",
			"geometry": {
				"type": "Point",
				"coordinates": [
					 142.9079,
					 43.4
				]
			},
			"properties": {
				"name": "JA8/TC-060(二股山)",
				"読み":"Futamatayama",
				"標高":"1156m 8pt ",
				"GL":"QN13kj",
				"市郡区":"G#01022B ",
				"登山日":"",
				"メモ":"",
				"_markerType": "Icon",
				"_iconUrl": "https://maps.gsi.go.jp/portal/sys/v4/symbols/104.png",
				"_iconSize": [
					16,
					16
				],
				"_iconAnchor": [
					8,
					8
				]
			}
		},
		{
			"type": "Feature",
			"geometry": {
				"type": "Point",
				"coordinates": [
					 143.2063,
					 42.1888
				]
			},
			"properties": {
				"name": "JA8/TC-062(美幌岳(三角点))",
				"読み":"Bihorodake",
				"標高":"1121m 8pt ",
				"GL":"QN12oe",
				"市郡区":"G#01060C / G#01064A ",
				"登山日":"",
				"メモ":"",
				"_markerType": "Icon",
				"_iconUrl": "https://maps.gsi.go.jp/portal/sys/v4/symbols/104.png",
				"_iconSize": [
					16,
					16
				],
				"_iconAnchor": [
					8,
					8
				]
			}
		},
		{
			"type": "Feature",
			"geometry": {
				"type": "Point",
				"coordinates": [
					 142.749,
					 43.052
				]
			},
			"properties": {
				"name": "JA8/TC-063(オダッシュ山)",
				"読み":"Odasshuyama",
				"標高":"1098m 6pt ",
				"GL":"QN13ib",
				"市郡区":"G#01022B / G#01043C ",
				"登山日":"",
				"メモ":"",
				"_markerType": "Icon",
				"_iconUrl": "https://maps.gsi.go.jp/portal/sys/v4/symbols/103.png",
				"_iconSize": [
					16,
					16
				],
				"_iconAnchor": [
					8,
					8
				]
			}
		},
		{
			"type": "Feature",
			"geometry": {
				"type": "Point",
				"coordinates": [
					 142.8384,
					 43.3873
				]
			},
			"properties": {
				"name": "JA8/TC-064(尾花山(三角点))",
				"読み":"Obanayama",
				"標高":"1094m 6pt ",
				"GL":"QN13kj",
				"市郡区":"G#01022B ",
				"登山日":"",
				"メモ":"",
				"_markerType": "Icon",
				"_iconUrl": "https://maps.gsi.go.jp/portal/sys/v4/symbols/103.png",
				"_iconSize": [
					16,
					16
				],
				"_iconAnchor": [
					8,
					8
				]
			}
		},
		{
			"type": "Feature",
			"geometry": {
				"type": "Point",
				"coordinates": [
					 143.3139,
					 43.4421
				]
			},
			"properties": {
				"name": "JA8/TC-065(勇安別(三角点))",
				"読み":"Yuuanbetsu",
				"標高":"1092m 6pt ",
				"GL":"QN13pk",
				"市郡区":"G#01002A ",
				"登山日":"",
				"メモ":"",
				"_markerType": "Icon",
				"_iconUrl": "https://maps.gsi.go.jp/portal/sys/v4/symbols/103.png",
				"_iconSize": [
					16,
					16
				],
				"_iconAnchor": [
					8,
					8
				]
			}
		},
		{
			"type": "Feature",
			"geometry": {
				"type": "Point",
				"coordinates": [
					 142.8921,
					 42.7543
				]
			},
			"properties": {
				"name": "JA8/TC-066(帯広岳)",
				"読み":"Obihirodake",
				"標高":"1090m 6pt ",
				"GL":"QN12ks",
				"市郡区":"C#0107 / G#01018C ",
				"登山日":"",
				"メモ":"",
				"_markerType": "Icon",
				"_iconUrl": "https://maps.gsi.go.jp/portal/sys/v4/symbols/103.png",
				"_iconSize": [
					16,
					16
				],
				"_iconAnchor": [
					8,
					8
				]
			}
		},
		{
			"type": "Feature",
			"geometry": {
				"type": "Point",
				"coordinates": [
					 143.172,
					 43.4716
				]
			},
			"properties": {
				"name": "JA8/TC-067(点1084(下勇内(三角点)近傍))",
				"読み":"P1084",
				"標高":"1084m 6pt ",
				"GL":"QN13ol",
				"市郡区":"G#01019B ",
				"登山日":"",
				"メモ":"",
				"_markerType": "Icon",
				"_iconUrl": "https://maps.gsi.go.jp/portal/sys/v4/symbols/103.png",
				"_iconSize": [
					16,
					16
				],
				"_iconAnchor": [
					8,
					8
				]
			}
		},
		{
			"type": "Feature",
			"geometry": {
				"type": "Point",
				"coordinates": [
					 142.9963,
					 42.5058
				]
			},
			"properties": {
				"name": "JA8/TC-068(小遺間布(三角点))",
				"読み":"Koimafu",
				"標高":"1082m 6pt ",
				"GL":"QN12lm",
				"市郡区":"G#01060A ",
				"登山日":"",
				"メモ":"",
				"_markerType": "Icon",
				"_iconUrl": "https://maps.gsi.go.jp/portal/sys/v4/symbols/103.png",
				"_iconSize": [
					16,
					16
				],
				"_iconAnchor": [
					8,
					8
				]
			}
		},
		{
			"type": "Feature",
			"geometry": {
				"type": "Point",
				"coordinates": [
					 143.2368,
					 43.387
				]
			},
			"properties": {
				"name": "JA8/TC-069(点1072)",
				"読み":"P1072",
				"標高":"1072m 6pt ",
				"GL":"QN13oj",
				"市郡区":"G#01019B / G#01002A ",
				"登山日":"",
				"メモ":"",
				"_markerType": "Icon",
				"_iconUrl": "https://maps.gsi.go.jp/portal/sys/v4/symbols/103.png",
				"_iconSize": [
					16,
					16
				],
				"_iconAnchor": [
					8,
					8
				]
			}
		},
		{
			"type": "Feature",
			"geometry": {
				"type": "Point",
				"coordinates": [
					 142.734,
					 43.0807
				]
			},
			"properties": {
				"name": "JA8/TC-070(点1071)",
				"読み":"P1071",
				"標高":"1071m 6pt ",
				"GL":"QN13ib",
				"市郡区":"G#01043C / G#01022B ",
				"登山日":"",
				"メモ":"",
				"_markerType": "Icon",
				"_iconUrl": "https://maps.gsi.go.jp/portal/sys/v4/symbols/103.png",
				"_iconSize": [
					16,
					16
				],
				"_iconAnchor": [
					8,
					8
				]
			}
		},
		{
			"type": "Feature",
			"geometry": {
				"type": "Point",
				"coordinates": [
					 143.0381,
					 42.4651
				]
			},
			"properties": {
				"name": "JA8/TC-071(辺恵岳(三角点))",
				"読み":"Hegeidake",
				"標高":"1065m 6pt ",
				"GL":"QN12ml",
				"市郡区":"G#01060A ",
				"登山日":"",
				"メモ":"",
				"_markerType": "Icon",
				"_iconUrl": "https://maps.gsi.go.jp/portal/sys/v4/symbols/103.png",
				"_iconSize": [
					16,
					16
				],
				"_iconAnchor": [
					8,
					8
				]
			}
		},
		{
			"type": "Feature",
			"geometry": {
				"type": "Point",
				"coordinates": [
					 142.781,
					 43.1734
				]
			},
			"properties": {
				"name": "JA8/TC-072(佐幌岳)",
				"読み":"Sahorodake",
				"標高":"1060m 6pt ",
				"GL":"QN13je",
				"市郡区":"G#01022B / G#01043C ",
				"登山日":"",
				"メモ":"",
				"_markerType": "Icon",
				"_iconUrl": "https://maps.gsi.go.jp/portal/sys/v4/symbols/103.png",
				"_iconSize": [
					16,
					16
				],
				"_iconAnchor": [
					8,
					8
				]
			}
		},
		{
			"type": "Feature",
			"geometry": {
				"type": "Point",
				"coordinates": [
					 143.2301,
					 42.1826
				]
			},
			"properties": {
				"name": "JA8/TC-073(美幌(三角点))",
				"読み":"Bihoro",
				"標高":"1058m 6pt ",
				"GL":"QN12oe",
				"市郡区":"G#01064A / G#01060C ",
				"登山日":"",
				"メモ":"",
				"_markerType": "Icon",
				"_iconUrl": "https://maps.gsi.go.jp/portal/sys/v4/symbols/103.png",
				"_iconSize": [
					16,
					16
				],
				"_iconAnchor": [
					8,
					8
				]
			}
		},
		{
			"type": "Feature",
			"geometry": {
				"type": "Point",
				"coordinates": [
					 143.1469,
					 43.4021
				]
			},
			"properties": {
				"name": "JA8/TC-074(点1057)",
				"読み":"P1057",
				"標高":"1057m 6pt ",
				"GL":"QN13nj",
				"市郡区":"G#01019B ",
				"登山日":"",
				"メモ":"",
				"_markerType": "Icon",
				"_iconUrl": "https://maps.gsi.go.jp/portal/sys/v4/symbols/103.png",
				"_iconSize": [
					16,
					16
				],
				"_iconAnchor": [
					8,
					8
				]
			}
		},
		{
			"type": "Feature",
			"geometry": {
				"type": "Point",
				"coordinates": [
					 142.899,
					 42.6505
				]
			},
			"properties": {
				"name": "JA8/TC-075(点1040)",
				"読み":"P1040",
				"標高":"1040m 6pt ",
				"GL":"QN12kp",
				"市郡区":"C#0107 ",
				"登山日":"",
				"メモ":"",
				"_markerType": "Icon",
				"_iconUrl": "https://maps.gsi.go.jp/portal/sys/v4/symbols/103.png",
				"_iconSize": [
					16,
					16
				],
				"_iconAnchor": [
					8,
					8
				]
			}
		},
		{
			"type": "Feature",
			"geometry": {
				"type": "Point",
				"coordinates": [
					 143.1667,
					 43.4556
				]
			},
			"properties": {
				"name": "JA8/TC-076(点1025)",
				"読み":"P1025",
				"標高":"1025m 6pt ",
				"GL":"QN13ok",
				"市郡区":"G#01019B ",
				"登山日":"",
				"メモ":"",
				"_markerType": "Icon",
				"_iconUrl": "https://maps.gsi.go.jp/portal/sys/v4/symbols/103.png",
				"_iconSize": [
					16,
					16
				],
				"_iconAnchor": [
					8,
					8
				]
			}
		},
		{
			"type": "Feature",
			"geometry": {
				"type": "Point",
				"coordinates": [
					 142.8203,
					 43.3424
				]
			},
			"properties": {
				"name": "JA8/TC-077(ニコロ山)",
				"読み":"Nikorosan",
				"標高":"1019m 6pt ",
				"GL":"QN13ji",
				"市郡区":"G#01022B ",
				"登山日":"",
				"メモ":"",
				"_markerType": "Icon",
				"_iconUrl": "https://maps.gsi.go.jp/portal/sys/v4/symbols/103.png",
				"_iconSize": [
					16,
					16
				],
				"_iconAnchor": [
					8,
					8
				]
			}
		},
		{
			"type": "Feature",
			"geometry": {
				"type": "Point",
				"coordinates": [
					 143.1092,
					 42.3494
				]
			},
			"properties": {
				"name": "JA8/TC-078(点1016)",
				"読み":"P1016",
				"標高":"1016m 6pt ",
				"GL":"QN12ni",
				"市郡区":"G#01060C ",
				"登山日":"",
				"メモ":"",
				"_markerType": "Icon",
				"_iconUrl": "https://maps.gsi.go.jp/portal/sys/v4/symbols/103.png",
				"_iconSize": [
					16,
					16
				],
				"_iconAnchor": [
					8,
					8
				]
			}
		},
		{
			"type": "Feature",
			"geometry": {
				"type": "Point",
				"coordinates": [
					 143.0699,
					 42.3944
				]
			},
			"properties": {
				"name": "JA8/TC-079(点1008)",
				"読み":"P1008",
				"標高":"1008m 6pt ",
				"GL":"QN12mj",
				"市郡区":"G#01060C ",
				"登山日":"",
				"メモ":"",
				"_markerType": "Icon",
				"_iconUrl": "https://maps.gsi.go.jp/portal/sys/v4/symbols/103.png",
				"_iconSize": [
					16,
					16
				],
				"_iconAnchor": [
					8,
					8
				]
			}
		},
		{
			"type": "Feature",
			"geometry": {
				"type": "Point",
				"coordinates": [
					 143.2519,
					 43.452
				]
			},
			"properties": {
				"name": "JA8/TC-080(点1000)",
				"読み":"P1000",
				"標高":"1000m 6pt ",
				"GL":"QN13pk",
				"市郡区":"G#01002A ",
				"登山日":"",
				"メモ":"",
				"_markerType": "Icon",
				"_iconUrl": "https://maps.gsi.go.jp/portal/sys/v4/symbols/103.png",
				"_iconSize": [
					16,
					16
				],
				"_iconAnchor": [
					8,
					8
				]
			}
		},
		{
			"type": "Feature",
			"geometry": {
				"type": "Point",
				"coordinates": [
					 142.8688,
					 43.3272
				]
			},
			"properties": {
				"name": "JA8/TC-081(点1000)",
				"読み":"P1000",
				"標高":"1000m 6pt ",
				"GL":"QN13kh",
				"市郡区":"G#01022B ",
				"登山日":"",
				"メモ":"",
				"_markerType": "Icon",
				"_iconUrl": "https://maps.gsi.go.jp/portal/sys/v4/symbols/103.png",
				"_iconSize": [
					16,
					16
				],
				"_iconAnchor": [
					8,
					8
				]
			}
		},
		{
			"type": "Feature",
			"geometry": {
				"type": "Point",
				"coordinates": [
					 143.3453,
					 43.4795
				]
			},
			"properties": {
				"name": "JA8/TC-083(凍眞別(三角点))",
				"読み":"Toumabetsu",
				"標高":"971m 6pt ",
				"GL":"QN13ql",
				"市郡区":"G#01002A ",
				"登山日":"",
				"メモ":"",
				"_markerType": "Icon",
				"_iconUrl": "https://maps.gsi.go.jp/portal/sys/v4/symbols/103.png",
				"_iconSize": [
					16,
					16
				],
				"_iconAnchor": [
					8,
					8
				]
			}
		},
		{
			"type": "Feature",
			"geometry": {
				"type": "Point",
				"coordinates": [
					 143.1764,
					 42.2657
				]
			},
			"properties": {
				"name": "JA8/TC-084(点967)",
				"読み":"P967",
				"標高":"967m 6pt ",
				"GL":"QN12og",
				"市郡区":"G#01060C ",
				"登山日":"",
				"メモ":"",
				"_markerType": "Icon",
				"_iconUrl": "https://maps.gsi.go.jp/portal/sys/v4/symbols/103.png",
				"_iconSize": [
					16,
					16
				],
				"_iconAnchor": [
					8,
					8
				]
			}
		},
		{
			"type": "Feature",
			"geometry": {
				"type": "Point",
				"coordinates": [
					 143.3514,
					 43.5282
				]
			},
			"properties": {
				"name": "JA8/TC-085(点928)",
				"読み":"P928",
				"標高":"928m 6pt ",
				"GL":"QN13qm",
				"市郡区":"G#01002A ",
				"登山日":"",
				"メモ":"",
				"_markerType": "Icon",
				"_iconUrl": "https://maps.gsi.go.jp/portal/sys/v4/symbols/103.png",
				"_iconSize": [
					16,
					16
				],
				"_iconAnchor": [
					8,
					8
				]
			}
		},
		{
			"type": "Feature",
			"geometry": {
				"type": "Point",
				"coordinates": [
					 143.1438,
					 42.3215
				]
			},
			"properties": {
				"name": "JA8/TC-086(楽古別(三角点))",
				"読み":"Rakufurubetsu",
				"標高":"926m 6pt ",
				"GL":"QN12nh",
				"市郡区":"G#01060C ",
				"登山日":"",
				"メモ":"",
				"_markerType": "Icon",
				"_iconUrl": "https://maps.gsi.go.jp/portal/sys/v4/symbols/103.png",
				"_iconSize": [
					16,
					16
				],
				"_iconAnchor": [
					8,
					8
				]
			}
		},
		{
			"type": "Feature",
			"geometry": {
				"type": "Point",
				"coordinates": [
					 143.0557,
					 42.4214
				]
			},
			"properties": {
				"name": "JA8/TC-087(点916)",
				"読み":"P916",
				"標高":"916m 6pt ",
				"GL":"QN12mk",
				"市郡区":"G#01060A / G#01060C ",
				"登山日":"",
				"メモ":"",
				"_markerType": "Icon",
				"_iconUrl": "https://maps.gsi.go.jp/portal/sys/v4/symbols/103.png",
				"_iconSize": [
					16,
					16
				],
				"_iconAnchor": [
					8,
					8
				]
			}
		},
		{
			"type": "Feature",
			"geometry": {
				"type": "Point",
				"coordinates": [
					 143.1328,
					 42.3753
				]
			},
			"properties": {
				"name": "JA8/TC-088(華室別(三角点))",
				"読み":"Kamurobetsu",
				"標高":"894m 6pt ",
				"GL":"QN12nj",
				"市郡区":"G#01060C ",
				"登山日":"",
				"メモ":"",
				"_markerType": "Icon",
				"_iconUrl": "https://maps.gsi.go.jp/portal/sys/v4/symbols/103.png",
				"_iconSize": [
					16,
					16
				],
				"_iconAnchor": [
					8,
					8
				]
			}
		},
		{
			"type": "Feature",
			"geometry": {
				"type": "Point",
				"coordinates": [
					 142.9278,
					 42.6803
				]
			},
			"properties": {
				"name": "JA8/TC-089(ハサマ別(三角点))",
				"読み":"Hasamabetsu",
				"標高":"886m 6pt ",
				"GL":"QN12lq",
				"市郡区":"C#0107 ",
				"登山日":"",
				"メモ":"",
				"_markerType": "Icon",
				"_iconUrl": "https://maps.gsi.go.jp/portal/sys/v4/symbols/103.png",
				"_iconSize": [
					16,
					16
				],
				"_iconAnchor": [
					8,
					8
				]
			}
		},
		{
			"type": "Feature",
			"geometry": {
				"type": "Point",
				"coordinates": [
					 143.3294,
					 43.4213
				]
			},
			"properties": {
				"name": "JA8/TC-090(点871)",
				"読み":"P971",
				"標高":"871m 6pt ",
				"GL":"QN13pk",
				"市郡区":"G#01002A ",
				"登山日":"",
				"メモ":"",
				"_markerType": "Icon",
				"_iconUrl": "https://maps.gsi.go.jp/portal/sys/v4/symbols/103.png",
				"_iconSize": [
					16,
					16
				],
				"_iconAnchor": [
					8,
					8
				]
			}
		},
		{
			"type": "Feature",
			"geometry": {
				"type": "Point",
				"coordinates": [
					 143.1307,
					 42.3469
				]
			},
			"properties": {
				"name": "JA8/TC-091(点868)",
				"読み":"P868",
				"標高":"868m 6pt ",
				"GL":"QN12ni",
				"市郡区":"G#01060C ",
				"登山日":"",
				"メモ":"",
				"_markerType": "Icon",
				"_iconUrl": "https://maps.gsi.go.jp/portal/sys/v4/symbols/103.png",
				"_iconSize": [
					16,
					16
				],
				"_iconAnchor": [
					8,
					8
				]
			}
		},
		{
			"type": "Feature",
			"geometry": {
				"type": "Point",
				"coordinates": [
					 143.9177,
					 43.3337
				]
			},
			"properties": {
				"name": "JA8/TC-092(点816)",
				"読み":"P816",
				"標高":"816m 4pt ",
				"GL":"QN13xi",
				"市郡区":"G#01002A / G#01038A ",
				"登山日":"",
				"メモ":"",
				"_markerType": "Icon",
				"_iconUrl": "https://maps.gsi.go.jp/portal/sys/v4/symbols/828.png",
				"_iconSize": [
					16,
					16
				],
				"_iconAnchor": [
					8,
					8
				]
			}
		},
		{
			"type": "Feature",
			"geometry": {
				"type": "Point",
				"coordinates": [
					 142.8087,
					 43.2531
				]
			},
			"properties": {
				"name": "JA8/TC-093(一ノ沢(三角点))",
				"読み":"Ichinosawa",
				"標高":"790m 4pt ",
				"GL":"QN13jg",
				"市郡区":"G#01022B ",
				"登山日":"",
				"メモ":"",
				"_markerType": "Icon",
				"_iconUrl": "https://maps.gsi.go.jp/portal/sys/v4/symbols/828.png",
				"_iconSize": [
					16,
					16
				],
				"_iconAnchor": [
					8,
					8
				]
			}
		},
		{
			"type": "Feature",
			"geometry": {
				"type": "Point",
				"coordinates": [
					 143.1487,
					 42.3001
				]
			},
			"properties": {
				"name": "JA8/TC-094(点774)",
				"読み":"P774",
				"標高":"774m 4pt ",
				"GL":"QN12nh",
				"市郡区":"G#01060C ",
				"登山日":"",
				"メモ":"",
				"_markerType": "Icon",
				"_iconUrl": "https://maps.gsi.go.jp/portal/sys/v4/symbols/828.png",
				"_iconSize": [
					16,
					16
				],
				"_iconAnchor": [
					8,
					8
				]
			}
		},
		{
			"type": "Feature",
			"geometry": {
				"type": "Point",
				"coordinates": [
					 143.0989,
					 42.3903
				]
			},
			"properties": {
				"name": "JA8/TC-095(点772(豊似山(三角点)近傍))",
				"読み":"P772",
				"標高":"772m 4pt ",
				"GL":"QN12nj",
				"市郡区":"G#01060C ",
				"登山日":"",
				"メモ":"",
				"_markerType": "Icon",
				"_iconUrl": "https://maps.gsi.go.jp/portal/sys/v4/symbols/828.png",
				"_iconSize": [
					16,
					16
				],
				"_iconAnchor": [
					8,
					8
				]
			}
		},
		{
			"type": "Feature",
			"geometry": {
				"type": "Point",
				"coordinates": [
					 142.9071,
					 43.2418
				]
			},
			"properties": {
				"name": "JA8/TC-096(湯凝谷(三角点))",
				"読み":"Yugitani",
				"標高":"772m 4pt ",
				"GL":"QN13kf",
				"市郡区":"G#01022B ",
				"登山日":"",
				"メモ":"",
				"_markerType": "Icon",
				"_iconUrl": "https://maps.gsi.go.jp/portal/sys/v4/symbols/828.png",
				"_iconSize": [
					16,
					16
				],
				"_iconAnchor": [
					8,
					8
				]
			}
		},
		{
			"type": "Feature",
			"geometry": {
				"type": "Point",
				"coordinates": [
					 143.5563,
					 43.5636
				]
			},
			"properties": {
				"name": "JA8/TC-097(熊岳(三角点))",
				"読み":"Kumadake",
				"標高":"712m 4pt ",
				"GL":"QN13sn",
				"市郡区":"G#01002B ",
				"登山日":"",
				"メモ":"",
				"_markerType": "Icon",
				"_iconUrl": "https://maps.gsi.go.jp/portal/sys/v4/symbols/828.png",
				"_iconSize": [
					16,
					16
				],
				"_iconAnchor": [
					8,
					8
				]
			}
		},
		{
			"type": "Feature",
			"geometry": {
				"type": "Point",
				"coordinates": [
					 142.8219,
					 43.2646
				]
			},
			"properties": {
				"name": "JA8/TC-098(点708)",
				"読み":"P708",
				"標高":"708m 4pt ",
				"GL":"QN13jg",
				"市郡区":"G#01022B ",
				"登山日":"",
				"メモ":"",
				"_markerType": "Icon",
				"_iconUrl": "https://maps.gsi.go.jp/portal/sys/v4/symbols/828.png",
				"_iconSize": [
					16,
					16
				],
				"_iconAnchor": [
					8,
					8
				]
			}
		},
		{
			"type": "Feature",
			"geometry": {
				"type": "Point",
				"coordinates": [
					 143.8168,
					 43.4704
				]
			},
			"properties": {
				"name": "JA8/TC-099(淕別峠(三角点))",
				"読み":"Rikubetsutouge",
				"標高":"642m 2pt ",
				"GL":"QN13vl",
				"市郡区":"G#01002B / G#01002A ",
				"登山日":"",
				"メモ":"",
				"_markerType": "Icon",
				"_iconUrl": "https://maps.gsi.go.jp/portal/sys/v4/symbols/102.png",
				"_iconSize": [
					16,
					16
				],
				"_iconAnchor": [
					8,
					8
				]
			}
		},
		{
			"type": "Feature",
			"geometry": {
				"type": "Point",
				"coordinates": [
					 143.046,
					 42.5463
				]
			},
			"properties": {
				"name": "JA8/TC-100(点620)",
				"読み":"P620",
				"標高":"620m 2pt ",
				"GL":"QN12mn",
				"市郡区":"G#01060A ",
				"登山日":"",
				"メモ":"",
				"_markerType": "Icon",
				"_iconUrl": "https://maps.gsi.go.jp/portal/sys/v4/symbols/102.png",
				"_iconSize": [
					16,
					16
				],
				"_iconAnchor": [
					8,
					8
				]
			}
		},
		{
			"type": "Feature",
			"geometry": {
				"type": "Point",
				"coordinates": [
					 143.825,
					 43.4915
				]
			},
			"properties": {
				"name": "JA8/TC-101(点613)",
				"読み":"P613",
				"標高":"613m 2pt ",
				"GL":"QN13vl",
				"市郡区":"G#01002A / G#01002B ",
				"登山日":"",
				"メモ":"",
				"_markerType": "Icon",
				"_iconUrl": "https://maps.gsi.go.jp/portal/sys/v4/symbols/102.png",
				"_iconSize": [
					16,
					16
				],
				"_iconAnchor": [
					8,
					8
				]
			}
		},
		{
			"type": "Feature",
			"geometry": {
				"type": "Point",
				"coordinates": [
					 143.2798,
					 42.1639
				]
			},
			"properties": {
				"name": "JA8/TC-102(比多良毛(三角点))",
				"読み":"Hitarage",
				"標高":"608m 2pt ",
				"GL":"QN12pd",
				"市郡区":"G#01060C / G#01064A ",
				"登山日":"",
				"メモ":"",
				"_markerType": "Icon",
				"_iconUrl": "https://maps.gsi.go.jp/portal/sys/v4/symbols/102.png",
				"_iconSize": [
					16,
					16
				],
				"_iconAnchor": [
					8,
					8
				]
			}
		},
		{
			"type": "Feature",
			"geometry": {
				"type": "Point",
				"coordinates": [
					 143.8225,
					 43.5735
				]
			},
			"properties": {
				"name": "JA8/TC-103(淕別越(三角点))",
				"読み":"Rikubetugoe",
				"標高":"600m 2pt ",
				"GL":"QN13vn",
				"市郡区":"G#01005B / G#01002B ",
				"登山日":"",
				"メモ":"",
				"_markerType": "Icon",
				"_iconUrl": "https://maps.gsi.go.jp/portal/sys/v4/symbols/102.png",
				"_iconSize": [
					16,
					16
				],
				"_iconAnchor": [
					8,
					8
				]
			}
		},
		{
			"type": "Feature",
			"geometry": {
				"type": "Point",
				"coordinates": [
					 143.7561,
					 43.3726
				]
			},
			"properties": {
				"name": "JA8/TC-104(幌内(三角点))",
				"読み":"Horonai",
				"標高":"556m 2pt ",
				"GL":"QN13vi",
				"市郡区":"G#01002A / G#01002B ",
				"登山日":"",
				"メモ":"",
				"_markerType": "Icon",
				"_iconUrl": "https://maps.gsi.go.jp/portal/sys/v4/symbols/102.png",
				"_iconSize": [
					16,
					16
				],
				"_iconAnchor": [
					8,
					8
				]
			}
		},
		{
			"type": "Feature",
			"geometry": {
				"type": "Point",
				"coordinates": [
					 142.814,
					 43.0352
				]
			},
			"properties": {
				"name": "JA8/TC-105(点547(七区(三角点)近傍))",
				"読み":"P547",
				"標高":"547m 2pt ",
				"GL":"QN13ja",
				"市郡区":"G#01022A / G#01022B ",
				"登山日":"",
				"メモ":"",
				"_markerType": "Icon",
				"_iconUrl": "https://maps.gsi.go.jp/portal/sys/v4/symbols/102.png",
				"_iconSize": [
					16,
					16
				],
				"_iconAnchor": [
					8,
					8
				]
			}
		},
		{
			"type": "Feature",
			"geometry": {
				"type": "Point",
				"coordinates": [
					 142.8849,
					 43.1696
				]
			},
			"properties": {
				"name": "JA8/TC-106(パンケ山)",
				"読み":"Pankeyama",
				"標高":"541m 2pt ",
				"GL":"QN13ke",
				"市郡区":"G#01022B ",
				"登山日":"",
				"メモ":"",
				"_markerType": "Icon",
				"_iconUrl": "https://maps.gsi.go.jp/portal/sys/v4/symbols/102.png",
				"_iconSize": [
					16,
					16
				],
				"_iconAnchor": [
					8,
					8
				]
			}
		},
		{
			"type": "Feature",
			"geometry": {
				"type": "Point",
				"coordinates": [
					 143.0926,
					 42.5795
				]
			},
			"properties": {
				"name": "JA8/TC-107(大樹山(三角点))",
				"読み":"Ookiyama",
				"標高":"537m 2pt ",
				"GL":"QN12nn",
				"市郡区":"G#01018A / G#01060A ",
				"登山日":"",
				"メモ":"",
				"_markerType": "Icon",
				"_iconUrl": "https://maps.gsi.go.jp/portal/sys/v4/symbols/102.png",
				"_iconSize": [
					16,
					16
				],
				"_iconAnchor": [
					8,
					8
				]
			}
		},
		{
			"type": "Feature",
			"geometry": {
				"type": "Point",
				"coordinates": [
					 143.1886,
					 42.3407
				]
			},
			"properties": {
				"name": "JA8/TC-109(上野塚(三角点))",
				"読み":"Uenoduka",
				"標高":"497m 1pt ",
				"GL":"QN12oi",
				"市郡区":"G#01060C ",
				"登山日":"",
				"メモ":"",
				"_markerType": "Icon",
				"_iconUrl": "https://maps.gsi.go.jp/portal/sys/v4/symbols/826.png",
				"_iconSize": [
					16,
					16
				],
				"_iconAnchor": [
					8,
					8
				]
			}
		},
		{
			"type": "Feature",
			"geometry": {
				"type": "Point",
				"coordinates": [
					 143.0293,
					 42.6842
				]
			},
			"properties": {
				"name": "JA8/TC-110(点486(戸蔦別(三角点)近傍))",
				"読み":"P486",
				"標高":"486m 1pt ",
				"GL":"QN12mq",
				"市郡区":"C#0107 ",
				"登山日":"",
				"メモ":"",
				"_markerType": "Icon",
				"_iconUrl": "https://maps.gsi.go.jp/portal/sys/v4/symbols/826.png",
				"_iconSize": [
					16,
					16
				],
				"_iconAnchor": [
					8,
					8
				]
			}
		},
		{
			"type": "Feature",
			"geometry": {
				"type": "Point",
				"coordinates": [
					 143.2282,
					 42.2807
				]
			},
			"properties": {
				"name": "JA8/TC-111(幹線(三角点))",
				"読み":"Kansen",
				"標高":"484m 1pt ",
				"GL":"QN12og",
				"市郡区":"G#01060C ",
				"登山日":"",
				"メモ":"",
				"_markerType": "Icon",
				"_iconUrl": "https://maps.gsi.go.jp/portal/sys/v4/symbols/826.png",
				"_iconSize": [
					16,
					16
				],
				"_iconAnchor": [
					8,
					8
				]
			}
		},
		{
			"type": "Feature",
			"geometry": {
				"type": "Point",
				"coordinates": [
					 142.7999,
					 43.0989
				]
			},
			"properties": {
				"name": "JA8/TC-112(新得牧場(三角点))",
				"読み":"Shintokubokujyo",
				"標高":"480m 1pt ",
				"GL":"QN13jc",
				"市郡区":"G#01022B ",
				"登山日":"",
				"メモ":"",
				"_markerType": "Icon",
				"_iconUrl": "https://maps.gsi.go.jp/portal/sys/v4/symbols/826.png",
				"_iconSize": [
					16,
					16
				],
				"_iconAnchor": [
					8,
					8
				]
			}
		},
		{
			"type": "Feature",
			"geometry": {
				"type": "Point",
				"coordinates": [
					 143.7448,
					 43.2665
				]
			},
			"properties": {
				"name": "JA8/TC-113(雪解ケ内(三角点))",
				"読み":"Yukidokenai",
				"標高":"480m 1pt ",
				"GL":"QN13ug",
				"市郡区":"G#01002A ",
				"登山日":"",
				"メモ":"",
				"_markerType": "Icon",
				"_iconUrl": "https://maps.gsi.go.jp/portal/sys/v4/symbols/826.png",
				"_iconSize": [
					16,
					16
				],
				"_iconAnchor": [
					8,
					8
				]
			}
		},
		{
			"type": "Feature",
			"geometry": {
				"type": "Point",
				"coordinates": [
					 143.2275,
					 42.3438
				]
			},
			"properties": {
				"name": "JA8/TC-114(上楽古(三角点))",
				"読み":"Kamirakko",
				"標高":"354m 1pt ",
				"GL":"QN12oi",
				"市郡区":"G#01060C ",
				"登山日":"",
				"メモ":"",
				"_markerType": "Icon",
				"_iconUrl": "https://maps.gsi.go.jp/portal/sys/v4/symbols/826.png",
				"_iconSize": [
					16,
					16
				],
				"_iconAnchor": [
					8,
					8
				]
			}
		},
		{
			"type": "Feature",
			"geometry": {
				"type": "Point",
				"coordinates": [
					 143.6385,
					 42.8983
				]
			},
			"properties": {
				"name": "JA8/TC-115(点353)",
				"読み":"P353",
				"標高":"353m 1pt ",
				"GL":"QN12tv",
				"市郡区":"G#01047A ",
				"登山日":"",
				"メモ":"",
				"_markerType": "Icon",
				"_iconUrl": "https://maps.gsi.go.jp/portal/sys/v4/symbols/826.png",
				"_iconSize": [
					16,
					16
				],
				"_iconAnchor": [
					8,
					8
				]
			}
		},
		{
			"type": "Feature",
			"geometry": {
				"type": "Point",
				"coordinates": [
					 143.3496,
					 42.737
				]
			},
			"properties": {
				"name": "JA8/TC-116(丸山(三角点))",
				"読み":"Maruyama",
				"標高":"331m 1pt ",
				"GL":"QN12qr",
				"市郡区":"G#01051D / G#01051B ",
				"登山日":"",
				"メモ":"",
				"_markerType": "Icon",
				"_iconUrl": "https://maps.gsi.go.jp/portal/sys/v4/symbols/826.png",
				"_iconSize": [
					16,
					16
				],
				"_iconAnchor": [
					8,
					8
				]
			}
		},
		{
			"type": "Feature",
			"geometry": {
				"type": "Point",
				"coordinates": [
					 143.2823,
					 42.2265
				]
			},
			"properties": {
				"name": "JA8/TC-117(峠(三角点))",
				"読み":"Touge",
				"標高":"326m 1pt ",
				"GL":"QN12pf",
				"市郡区":"G#01060C ",
				"登山日":"",
				"メモ":"",
				"_markerType": "Icon",
				"_iconUrl": "https://maps.gsi.go.jp/portal/sys/v4/symbols/826.png",
				"_iconSize": [
					16,
					16
				],
				"_iconAnchor": [
					8,
					8
				]
			}
		},
		{
			"type": "Feature",
			"geometry": {
				"type": "Point",
				"coordinates": [
					 142.7812,
					 42.6202
				]
			},
			"properties": {
				"name": "JA8/TC-118(点1853)",
				"読み":"P1853",
				"標高":"1853m 10pt ",
				"GL":"QN12jo",
				"市郡区":"G#01018B / G#01080A ",
				"登山日":"",
				"メモ":"",
				"_markerType": "Icon",
				"_iconUrl": "https://maps.gsi.go.jp/portal/sys/v4/symbols/101.png",
				"_iconSize": [
					16,
					16
				],
				"_iconAnchor": [
					8,
					8
				]
			}
		},
		{
			"type": "Feature",
			"geometry": {
				"type": "Point",
				"coordinates": [
					 142.938,
					 42.5138
				]
			},
			"properties": {
				"name": "JA8/TC-119(ポンヤオロマップ岳)",
				"読み":"Ponyaoromappudake",
				"標高":"1405m 8pt ",
				"GL":"QN12lm",
				"市郡区":"G#01060A ",
				"登山日":"",
				"メモ":"",
				"_markerType": "Icon",
				"_iconUrl": "https://maps.gsi.go.jp/portal/sys/v4/symbols/104.png",
				"_iconSize": [
					16,
					16
				],
				"_iconAnchor": [
					8,
					8
				]
			}
		},
		{
			"type": "Feature",
			"geometry": {
				"type": "Point",
				"coordinates": [
					 143.1816,
					 42.2319
				]
			},
			"properties": {
				"name": "JA8/TC-120(広尾岳)",
				"読み":"Hiroodake",
				"標高":"1231m 8pt ",
				"GL":"QN12of",
				"市郡区":"G#01060C ",
				"登山日":"",
				"メモ":"",
				"_markerType": "Icon",
				"_iconUrl": "https://maps.gsi.go.jp/portal/sys/v4/symbols/104.png",
				"_iconSize": [
					16,
					16
				],
				"_iconAnchor": [
					8,
					8
				]
			}
		},
		{
			"type": "Feature",
			"geometry": {
				"type": "Point",
				"coordinates": [
					 142.8919,
					 43.3344
				]
			},
			"properties": {
				"name": "JA8/TC-121(点990)",
				"読み":"P990",
				"標高":"990m 6pt ",
				"GL":"QN13ki",
				"市郡区":"G#01022B ",
				"登山日":"",
				"メモ":"",
				"_markerType": "Icon",
				"_iconUrl": "https://maps.gsi.go.jp/portal/sys/v4/symbols/103.png",
				"_iconSize": [
					16,
					16
				],
				"_iconAnchor": [
					8,
					8
				]
			}
		},
		{
			"type": "Feature",
			"geometry": {
				"type": "Point",
				"coordinates": [
					 142.9801,
					 42.4674
				]
			},
			"properties": {
				"name": "JA8/TC-122(上中川(三角点))",
				"読み":"Kaminakagawa",
				"標高":"989m 6pt ",
				"GL":"QN12ll",
				"市郡区":"G#01060A ",
				"登山日":"",
				"メモ":"",
				"_markerType": "Icon",
				"_iconUrl": "https://maps.gsi.go.jp/portal/sys/v4/symbols/103.png",
				"_iconSize": [
					16,
					16
				],
				"_iconAnchor": [
					8,
					8
				]
			}
		},
		{
			"type": "Feature",
			"geometry": {
				"type": "Point",
				"coordinates": [
					 142.8776,
					 43.439
				]
			},
			"properties": {
				"name": "JA8/TC-123(点913)",
				"読み":"P913",
				"標高":"913m 6pt ",
				"GL":"QN13kk",
				"市郡区":"G#01022B ",
				"登山日":"",
				"メモ":"",
				"_markerType": "Icon",
				"_iconUrl": "https://maps.gsi.go.jp/portal/sys/v4/symbols/103.png",
				"_iconSize": [
					16,
					16
				],
				"_iconAnchor": [
					8,
					8
				]
			}
		},
		{
			"type": "Feature",
			"geometry": {
				"type": "Point",
				"coordinates": [
					 143.2825,
					 43.4406
				]
			},
			"properties": {
				"name": "JA8/TC-124(点764)",
				"読み":"P764",
				"標高":"764m 4pt ",
				"GL":"QN13pk",
				"市郡区":"G#01002A ",
				"登山日":"",
				"メモ":"",
				"_markerType": "Icon",
				"_iconUrl": "https://maps.gsi.go.jp/portal/sys/v4/symbols/828.png",
				"_iconSize": [
					16,
					16
				],
				"_iconAnchor": [
					8,
					8
				]
			}
		},
		{
			"type": "Feature",
			"geometry": {
				"type": "Point",
				"coordinates": [
					 143.7335,
					 43.2073
				]
			},
			"properties": {
				"name": "JA8/TC-125(稲牛岳(三角点))",
				"読み":"Inaushidake",
				"標高":"550m 2pt ",
				"GL":"QN13ue",
				"市郡区":"G#01051C / G#01002A ",
				"登山日":"",
				"メモ":"",
				"_markerType": "Icon",
				"_iconUrl": "https://maps.gsi.go.jp/portal/sys/v4/symbols/102.png",
				"_iconSize": [
					16,
					16
				],
				"_iconAnchor": [
					8,
					8
				]
			}
		},
		{
			"type": "Feature",
			"geometry": {
				"type": "Point",
				"coordinates": [
					 143.7401,
					 42.9595
				]
			},
			"properties": {
				"name": "JA8/TC-126(点475)",
				"読み":"P475",
				"標高":"475m 1pt ",
				"GL":"QN12ux",
				"市郡区":"G#01047A ",
				"登山日":"",
				"メモ":"",
				"_markerType": "Icon",
				"_iconUrl": "https://maps.gsi.go.jp/portal/sys/v4/symbols/826.png",
				"_iconSize": [
					16,
					16
				],
				"_iconAnchor": [
					8,
					8
				]
			}
		},
		{
			"type": "Feature",
			"geometry": {
				"type": "Point",
				"coordinates": [
					 143.3649,
					 42.6555
				]
			},
			"properties": {
				"name": "JA8/TC-127(當縁山(三角点))",
				"読み":"Touberiyama",
				"標高":"340m 1pt ",
				"GL":"QN12qp",
				"市郡区":"G#01051B / G#01051D ",
				"登山日":"",
				"メモ":"",
				"_markerType": "Icon",
				"_iconUrl": "https://maps.gsi.go.jp/portal/sys/v4/symbols/826.png",
				"_iconSize": [
					16,
					16
				],
				"_iconAnchor": [
					8,
					8
				]
			}
		},
		{
			"type": "Feature",
			"geometry": {
				"type": "Point",
				"coordinates": [
					 143.4997,
					 42.7147
				]
			},
			"properties": {
				"name": "JA8/TC-128(大津界(三角点)近傍)",
				"読み":"NearOotsukai",
				"標高":"220m 1pt ",
				"GL":"QN12rr",
				"市郡区":"G#01051B ",
				"登山日":"",
				"メモ":"",
				"_markerType": "Icon",
				"_iconUrl": "https://maps.gsi.go.jp/portal/sys/v4/symbols/826.png",
				"_iconSize": [
					16,
					16
				],
				"_iconAnchor": [
					8,
					8
				]
			}
		}
	]
}
